ISO-10303-21;
HEADER;
/* Generated by software containing ST-Developer
 * from STEP Tools, Inc. (www.steptools.com) 
 */

FILE_DESCRIPTION(
/* description */ (''),
/* implementation_level */ '2;1');

FILE_NAME(
/* name */ 'EX11-3-8.stp',
/* time_stamp */ '2023-08-09T13:48:15+09:00',
/* author */ ('TK334'),
/* organization */ (''),
/* preprocessor_version */ 'ST-DEVELOPER v19.2',
/* originating_system */ 'Autodesk Inventor 2024',
/* authorisation */ '');

FILE_SCHEMA (('AUTOMOTIVE_DESIGN { 1 0 10303 214 3 1 1 }'));
ENDSEC;

DATA;
#10=MECHANICAL_DESIGN_GEOMETRIC_PRESENTATION_REPRESENTATION('',(#113,#114,
#115,#116,#117),#8879);
#11=ITEM_DEFINED_TRANSFORMATION($,$,#5207,#5744);
#12=ITEM_DEFINED_TRANSFORMATION($,$,#5418,#5745);
#13=ITEM_DEFINED_TRANSFORMATION($,$,#5559,#5746);
#14=ITEM_DEFINED_TRANSFORMATION($,$,#5559,#5747);
#15=ITEM_DEFINED_TRANSFORMATION($,$,#5710,#5748);
#16=ITEM_DEFINED_TRANSFORMATION($,$,#5710,#5749);
#17=ITEM_DEFINED_TRANSFORMATION($,$,#5710,#5750);
#18=ITEM_DEFINED_TRANSFORMATION($,$,#5710,#5751);
#19=ITEM_DEFINED_TRANSFORMATION($,$,#5710,#5752);
#20=ITEM_DEFINED_TRANSFORMATION($,$,#5710,#5753);
#21=ITEM_DEFINED_TRANSFORMATION($,$,#5710,#5754);
#22=ITEM_DEFINED_TRANSFORMATION($,$,#5710,#5755);
#23=ITEM_DEFINED_TRANSFORMATION($,$,#5730,#5756);
#24=ITEM_DEFINED_TRANSFORMATION($,$,#5730,#5757);
#25=ITEM_DEFINED_TRANSFORMATION($,$,#5730,#5758);
#26=ITEM_DEFINED_TRANSFORMATION($,$,#5730,#5759);
#27=ITEM_DEFINED_TRANSFORMATION($,$,#5206,#5760);
#28=(
REPRESENTATION_RELATIONSHIP($,$,#8917,#8916)
REPRESENTATION_RELATIONSHIP_WITH_TRANSFORMATION(#11)
SHAPE_REPRESENTATION_RELATIONSHIP()
);
#29=(
REPRESENTATION_RELATIONSHIP($,$,#8918,#8916)
REPRESENTATION_RELATIONSHIP_WITH_TRANSFORMATION(#12)
SHAPE_REPRESENTATION_RELATIONSHIP()
);
#30=(
REPRESENTATION_RELATIONSHIP($,$,#8919,#8916)
REPRESENTATION_RELATIONSHIP_WITH_TRANSFORMATION(#13)
SHAPE_REPRESENTATION_RELATIONSHIP()
);
#31=(
REPRESENTATION_RELATIONSHIP($,$,#8919,#8916)
REPRESENTATION_RELATIONSHIP_WITH_TRANSFORMATION(#14)
SHAPE_REPRESENTATION_RELATIONSHIP()
);
#32=(
REPRESENTATION_RELATIONSHIP($,$,#8920,#8916)
REPRESENTATION_RELATIONSHIP_WITH_TRANSFORMATION(#15)
SHAPE_REPRESENTATION_RELATIONSHIP()
);
#33=(
REPRESENTATION_RELATIONSHIP($,$,#8920,#8916)
REPRESENTATION_RELATIONSHIP_WITH_TRANSFORMATION(#16)
SHAPE_REPRESENTATION_RELATIONSHIP()
);
#34=(
REPRESENTATION_RELATIONSHIP($,$,#8920,#8916)
REPRESENTATION_RELATIONSHIP_WITH_TRANSFORMATION(#17)
SHAPE_REPRESENTATION_RELATIONSHIP()
);
#35=(
REPRESENTATION_RELATIONSHIP($,$,#8920,#8916)
REPRESENTATION_RELATIONSHIP_WITH_TRANSFORMATION(#18)
SHAPE_REPRESENTATION_RELATIONSHIP()
);
#36=(
REPRESENTATION_RELATIONSHIP($,$,#8920,#8916)
REPRESENTATION_RELATIONSHIP_WITH_TRANSFORMATION(#19)
SHAPE_REPRESENTATION_RELATIONSHIP()
);
#37=(
REPRESENTATION_RELATIONSHIP($,$,#8920,#8916)
REPRESENTATION_RELATIONSHIP_WITH_TRANSFORMATION(#20)
SHAPE_REPRESENTATION_RELATIONSHIP()
);
#38=(
REPRESENTATION_RELATIONSHIP($,$,#8920,#8916)
REPRESENTATION_RELATIONSHIP_WITH_TRANSFORMATION(#21)
SHAPE_REPRESENTATION_RELATIONSHIP()
);
#39=(
REPRESENTATION_RELATIONSHIP($,$,#8920,#8916)
REPRESENTATION_RELATIONSHIP_WITH_TRANSFORMATION(#22)
SHAPE_REPRESENTATION_RELATIONSHIP()
);
#40=(
REPRESENTATION_RELATIONSHIP($,$,#8921,#8916)
REPRESENTATION_RELATIONSHIP_WITH_TRANSFORMATION(#23)
SHAPE_REPRESENTATION_RELATIONSHIP()
);
#41=(
REPRESENTATION_RELATIONSHIP($,$,#8921,#8916)
REPRESENTATION_RELATIONSHIP_WITH_TRANSFORMATION(#24)
SHAPE_REPRESENTATION_RELATIONSHIP()
);
#42=(
REPRESENTATION_RELATIONSHIP($,$,#8921,#8916)
REPRESENTATION_RELATIONSHIP_WITH_TRANSFORMATION(#25)
SHAPE_REPRESENTATION_RELATIONSHIP()
);
#43=(
REPRESENTATION_RELATIONSHIP($,$,#8921,#8916)
REPRESENTATION_RELATIONSHIP_WITH_TRANSFORMATION(#26)
SHAPE_REPRESENTATION_RELATIONSHIP()
);
#44=(
REPRESENTATION_RELATIONSHIP($,$,#8916,#8915)
REPRESENTATION_RELATIONSHIP_WITH_TRANSFORMATION(#27)
SHAPE_REPRESENTATION_RELATIONSHIP()
);
#45=CONTEXT_DEPENDENT_SHAPE_REPRESENTATION(#28,#8898);
#46=CONTEXT_DEPENDENT_SHAPE_REPRESENTATION(#29,#8899);
#47=CONTEXT_DEPENDENT_SHAPE_REPRESENTATION(#30,#8900);
#48=CONTEXT_DEPENDENT_SHAPE_REPRESENTATION(#31,#8901);
#49=CONTEXT_DEPENDENT_SHAPE_REPRESENTATION(#32,#8902);
#50=CONTEXT_DEPENDENT_SHAPE_REPRESENTATION(#33,#8903);
#51=CONTEXT_DEPENDENT_SHAPE_REPRESENTATION(#34,#8904);
#52=CONTEXT_DEPENDENT_SHAPE_REPRESENTATION(#35,#8905);
#53=CONTEXT_DEPENDENT_SHAPE_REPRESENTATION(#36,#8906);
#54=CONTEXT_DEPENDENT_SHAPE_REPRESENTATION(#37,#8907);
#55=CONTEXT_DEPENDENT_SHAPE_REPRESENTATION(#38,#8908);
#56=CONTEXT_DEPENDENT_SHAPE_REPRESENTATION(#39,#8909);
#57=CONTEXT_DEPENDENT_SHAPE_REPRESENTATION(#40,#8910);
#58=CONTEXT_DEPENDENT_SHAPE_REPRESENTATION(#41,#8911);
#59=CONTEXT_DEPENDENT_SHAPE_REPRESENTATION(#42,#8912);
#60=CONTEXT_DEPENDENT_SHAPE_REPRESENTATION(#43,#8913);
#61=CONTEXT_DEPENDENT_SHAPE_REPRESENTATION(#44,#8914);
#62=NEXT_ASSEMBLY_USAGE_OCCURRENCE('\X2\4E0B30AB30D030FC\X0\105-3-74:1',
'\X2\4E0B30AB30D030FC\X0\105-3-74:1','\X2\4E0B30AB30D030FC\X0\105-3-74
:1',#8924,#8925,'\X2\4E0B30AB30D030FC\X0\105-3-74:1');
#63=NEXT_ASSEMBLY_USAGE_OCCURRENCE('\X2\4E0A30AB30D030FC\X0\105-74:1',
'\X2\4E0A30AB30D030FC\X0\105-74:1','\X2\4E0A30AB30D030FC\X0\105-74:1',#8924,
#8926,'\X2\4E0A30AB30D030FC\X0\105-74:1');
#64=NEXT_ASSEMBLY_USAGE_OCCURRENCE('105-3\X2\30D130CD30EB\X0\:1',
'105-3\X2\30D130CD30EB\X0\:1','105-3\X2\30D130CD30EB\X0\:1',#8924,#8927,
'105-3\X2\30D130CD30EB\X0\:1');
#65=NEXT_ASSEMBLY_USAGE_OCCURRENCE('105-3\X2\30D130CD30EB\X0\:2',
'105-3\X2\30D130CD30EB\X0\:2','105-3\X2\30D130CD30EB\X0\:2',#8924,#8927,
'105-3\X2\30D130CD30EB\X0\:2');
#66=NEXT_ASSEMBLY_USAGE_OCCURRENCE('ISO 10642 M3 x  8:5',
'ISO 10642 M3 x  8:5','ISO 10642 M3 x  8:5',#8924,#8928,
'ISO 10642 M3 x  8:5');
#67=NEXT_ASSEMBLY_USAGE_OCCURRENCE('ISO 10642 M3 x  8:6',
'ISO 10642 M3 x  8:6','ISO 10642 M3 x  8:6',#8924,#8928,
'ISO 10642 M3 x  8:6');
#68=NEXT_ASSEMBLY_USAGE_OCCURRENCE('ISO 10642 M3 x  8:7',
'ISO 10642 M3 x  8:7','ISO 10642 M3 x  8:7',#8924,#8928,
'ISO 10642 M3 x  8:7');
#69=NEXT_ASSEMBLY_USAGE_OCCURRENCE('ISO 10642 M3 x  8:8',
'ISO 10642 M3 x  8:8','ISO 10642 M3 x  8:8',#8924,#8928,
'ISO 10642 M3 x  8:8');
#70=NEXT_ASSEMBLY_USAGE_OCCURRENCE('ISO 10642 M3 x  8:1',
'ISO 10642 M3 x  8:1','ISO 10642 M3 x  8:1',#8924,#8928,
'ISO 10642 M3 x  8:1');
#71=NEXT_ASSEMBLY_USAGE_OCCURRENCE('ISO 10642 M3 x  8:2',
'ISO 10642 M3 x  8:2','ISO 10642 M3 x  8:2',#8924,#8928,
'ISO 10642 M3 x  8:2');
#72=NEXT_ASSEMBLY_USAGE_OCCURRENCE('ISO 10642 M3 x  8:3',
'ISO 10642 M3 x  8:3','ISO 10642 M3 x  8:3',#8924,#8928,
'ISO 10642 M3 x  8:3');
#73=NEXT_ASSEMBLY_USAGE_OCCURRENCE('ISO 10642 M3 x  8:4',
'ISO 10642 M3 x  8:4','ISO 10642 M3 x  8:4',#8924,#8928,
'ISO 10642 M3 x  8:4');
#74=NEXT_ASSEMBLY_USAGE_OCCURRENCE('SJ-1011:1','SJ-1011:1','SJ-1011:1',
#8924,#8929,'SJ-1011:1');
#75=NEXT_ASSEMBLY_USAGE_OCCURRENCE('SJ-1011:2','SJ-1011:2','SJ-1011:2',
#8924,#8929,'SJ-1011:2');
#76=NEXT_ASSEMBLY_USAGE_OCCURRENCE('SJ-1011:3','SJ-1011:3','SJ-1011:3',
#8924,#8929,'SJ-1011:3');
#77=NEXT_ASSEMBLY_USAGE_OCCURRENCE('SJ-1011:4','SJ-1011:4','SJ-1011:4',
#8924,#8929,'SJ-1011:4');
#78=NEXT_ASSEMBLY_USAGE_OCCURRENCE('EX11-3-8:2','EX11-3-8:2',
'EX11-3-8:2',#8923,#8924,'EX11-3-8:2');
#79=(
BOUNDED_CURVE()
B_SPLINE_CURVE(2,(#8734,#8735,#8736),.UNSPECIFIED.,.F.,.F.)
B_SPLINE_CURVE_WITH_KNOTS((3,3),(0.375758814645171,0.557782808811695),
 .UNSPECIFIED.)
CURVE()
GEOMETRIC_REPRESENTATION_ITEM()
RATIONAL_B_SPLINE_CURVE((2.84884942777476,3.06920869789385,3.06920869789385))
REPRESENTATION_ITEM('')
);
#80=(
BOUNDED_CURVE()
B_SPLINE_CURVE(2,(#8743,#8744,#8745),.UNSPECIFIED.,.F.,.F.)
B_SPLINE_CURVE_WITH_KNOTS((3,3),(0.557782808811695,0.739806802978219),
 .UNSPECIFIED.)
CURVE()
GEOMETRIC_REPRESENTATION_ITEM()
RATIONAL_B_SPLINE_CURVE((3.06920869789385,3.06920869789385,2.84884942777476))
REPRESENTATION_ITEM('')
);
#81=(
BOUNDED_CURVE()
B_SPLINE_CURVE(2,(#8748,#8749,#8750),.UNSPECIFIED.,.F.,.F.)
B_SPLINE_CURVE_WITH_KNOTS((3,3),(0.,0.116843613807793),.UNSPECIFIED.)
CURVE()
GEOMETRIC_REPRESENTATION_ITEM()
RATIONAL_B_SPLINE_CURVE((1.,1.15470053837925,1.))
REPRESENTATION_ITEM('')
);
#82=(
BOUNDED_CURVE()
B_SPLINE_CURVE(2,(#8756,#8757,#8758),.UNSPECIFIED.,.F.,.F.)
B_SPLINE_CURVE_WITH_KNOTS((3,3),(0.,0.116843613807793),.UNSPECIFIED.)
CURVE()
GEOMETRIC_REPRESENTATION_ITEM()
RATIONAL_B_SPLINE_CURVE((1.,1.15470053837926,1.))
REPRESENTATION_ITEM('')
);
#83=(
BOUNDED_CURVE()
B_SPLINE_CURVE(2,(#8764,#8765,#8766),.UNSPECIFIED.,.F.,.F.)
B_SPLINE_CURVE_WITH_KNOTS((3,3),(0.,0.116843613807793),.UNSPECIFIED.)
CURVE()
GEOMETRIC_REPRESENTATION_ITEM()
RATIONAL_B_SPLINE_CURVE((1.,1.15470053837925,1.))
REPRESENTATION_ITEM('')
);
#84=(
BOUNDED_CURVE()
B_SPLINE_CURVE(2,(#8772,#8773,#8774),.UNSPECIFIED.,.F.,.F.)
B_SPLINE_CURVE_WITH_KNOTS((3,3),(0.,0.116843613807793),.UNSPECIFIED.)
CURVE()
GEOMETRIC_REPRESENTATION_ITEM()
RATIONAL_B_SPLINE_CURVE((1.,1.15470053837925,1.))
REPRESENTATION_ITEM('')
);
#85=(
BOUNDED_CURVE()
B_SPLINE_CURVE(2,(#8779,#8780,#8781),.UNSPECIFIED.,.F.,.F.)
B_SPLINE_CURVE_WITH_KNOTS((3,3),(0.,0.116843613807793),.UNSPECIFIED.)
CURVE()
GEOMETRIC_REPRESENTATION_ITEM()
RATIONAL_B_SPLINE_CURVE((1.,1.15470053837925,1.))
REPRESENTATION_ITEM('')
);
#86=FACE_BOUND('',#1665,.T.);
#87=FACE_BOUND('',#1666,.T.);
#88=FACE_BOUND('',#1667,.T.);
#89=FACE_BOUND('',#1668,.T.);
#90=FACE_BOUND('',#1670,.T.);
#91=FACE_BOUND('',#1671,.T.);
#92=FACE_BOUND('',#1672,.T.);
#93=FACE_BOUND('',#1673,.T.);
#94=FACE_BOUND('',#1685,.T.);
#95=FACE_BOUND('',#1689,.T.);
#96=CONICAL_SURFACE('',#5560,2.475,0.785398163397448);
#97=CONICAL_SURFACE('',#5565,2.475,0.785398163397448);
#98=CONICAL_SURFACE('',#5570,2.475,0.785398163397448);
#99=CONICAL_SURFACE('',#5575,2.475,0.785398163397448);
#100=CONICAL_SURFACE('',#5711,1.34663749999999,0.785398163397449);
#101=CONICAL_SURFACE('',#5724,0.577350269189626,1.0471975511966);
#102=CONICAL_SURFACE('',#5729,2.13500000000001,0.785398163397446);
#103=SHAPE_REPRESENTATION_RELATIONSHIP('SRR','None',#8917,#108);
#104=SHAPE_REPRESENTATION_RELATIONSHIP('SRR','None',#8918,#109);
#105=SHAPE_REPRESENTATION_RELATIONSHIP('SRR','None',#8919,#110);
#106=SHAPE_REPRESENTATION_RELATIONSHIP('SRR','None',#8920,#111);
#107=SHAPE_REPRESENTATION_RELATIONSHIP('SRR','None',#8921,#112);
#108=ADVANCED_BREP_SHAPE_REPRESENTATION('',(#118),#8874);
#109=ADVANCED_BREP_SHAPE_REPRESENTATION('',(#119),#8875);
#110=ADVANCED_BREP_SHAPE_REPRESENTATION('',(#120),#8876);
#111=ADVANCED_BREP_SHAPE_REPRESENTATION('',(#121),#8877);
#112=ADVANCED_BREP_SHAPE_REPRESENTATION('',(#122),#8878);
#113=STYLED_ITEM('',(#5136),#118);
#114=STYLED_ITEM('',(#5136),#119);
#115=STYLED_ITEM('',(#5136),#120);
#116=STYLED_ITEM('',(#5137),#121);
#117=STYLED_ITEM('',(#5138),#122);
#118=MANIFOLD_SOLID_BREP('Solid1',#5072);
#119=MANIFOLD_SOLID_BREP('Solid1',#5073);
#120=MANIFOLD_SOLID_BREP('Solid1',#5074);
#121=MANIFOLD_SOLID_BREP('Solid2',#5075);
#122=MANIFOLD_SOLID_BREP('Solid1',#5076);
#123=LINE('',#7348,#584);
#124=LINE('',#7351,#585);
#125=LINE('',#7363,#586);
#126=LINE('',#7366,#587);
#127=LINE('',#7369,#588);
#128=LINE('',#7373,#589);
#129=LINE('',#7377,#590);
#130=LINE('',#7381,#591);
#131=LINE('',#7387,#592);
#132=LINE('',#7391,#593);
#133=LINE('',#7395,#594);
#134=LINE('',#7399,#595);
#135=LINE('',#7403,#596);
#136=LINE('',#7407,#597);
#137=LINE('',#7413,#598);
#138=LINE('',#7417,#599);
#139=LINE('',#7429,#600);
#140=LINE('',#7431,#601);
#141=LINE('',#7433,#602);
#142=LINE('',#7435,#603);
#143=LINE('',#7437,#604);
#144=LINE('',#7441,#605);
#145=LINE('',#7447,#606);
#146=LINE('',#7451,#607);
#147=LINE('',#7455,#608);
#148=LINE('',#7459,#609);
#149=LINE('',#7463,#610);
#150=LINE('',#7467,#611);
#151=LINE('',#7473,#612);
#152=LINE('',#7481,#613);
#153=LINE('',#7489,#614);
#154=LINE('',#7497,#615);
#155=LINE('',#7501,#616);
#156=LINE('',#7503,#617);
#157=LINE('',#7505,#618);
#158=LINE('',#7507,#619);
#159=LINE('',#7509,#620);
#160=LINE('',#7513,#621);
#161=LINE('',#7521,#622);
#162=LINE('',#7529,#623);
#163=LINE('',#7537,#624);
#164=LINE('',#7543,#625);
#165=LINE('',#7547,#626);
#166=LINE('',#7551,#627);
#167=LINE('',#7555,#628);
#168=LINE('',#7559,#629);
#169=LINE('',#7563,#630);
#170=LINE('',#7569,#631);
#171=LINE('',#7573,#632);
#172=LINE('',#7575,#633);
#173=LINE('',#7577,#634);
#174=LINE('',#7579,#635);
#175=LINE('',#7580,#636);
#176=LINE('',#7582,#637);
#177=LINE('',#7586,#638);
#178=LINE('',#7589,#639);
#179=LINE('',#7592,#640);
#180=LINE('',#7595,#641);
#181=LINE('',#7597,#642);
#182=LINE('',#7600,#643);
#183=LINE('',#7601,#644);
#184=LINE('',#7604,#645);
#185=LINE('',#7605,#646);
#186=LINE('',#7608,#647);
#187=LINE('',#7609,#648);
#188=LINE('',#7612,#649);
#189=LINE('',#7613,#650);
#190=LINE('',#7616,#651);
#191=LINE('',#7617,#652);
#192=LINE('',#7621,#653);
#193=LINE('',#7624,#654);
#194=LINE('',#7625,#655);
#195=LINE('',#7629,#656);
#196=LINE('',#7633,#657);
#197=LINE('',#7636,#658);
#198=LINE('',#7637,#659);
#199=LINE('',#7641,#660);
#200=LINE('',#7644,#661);
#201=LINE('',#7645,#662);
#202=LINE('',#7649,#663);
#203=LINE('',#7652,#664);
#204=LINE('',#7653,#665);
#205=LINE('',#7657,#666);
#206=LINE('',#7660,#667);
#207=LINE('',#7661,#668);
#208=LINE('',#7665,#669);
#209=LINE('',#7668,#670);
#210=LINE('',#7669,#671);
#211=LINE('',#7673,#672);
#212=LINE('',#7676,#673);
#213=LINE('',#7677,#674);
#214=LINE('',#7681,#675);
#215=LINE('',#7685,#676);
#216=LINE('',#7688,#677);
#217=LINE('',#7689,#678);
#218=LINE('',#7693,#679);
#219=LINE('',#7697,#680);
#220=LINE('',#7701,#681);
#221=LINE('',#7704,#682);
#222=LINE('',#7705,#683);
#223=LINE('',#7709,#684);
#224=LINE('',#7713,#685);
#225=LINE('',#7717,#686);
#226=LINE('',#7720,#687);
#227=LINE('',#7721,#688);
#228=LINE('',#7725,#689);
#229=LINE('',#7729,#690);
#230=LINE('',#7733,#691);
#231=LINE('',#7736,#692);
#232=LINE('',#7737,#693);
#233=LINE('',#7741,#694);
#234=LINE('',#7744,#695);
#235=LINE('',#7745,#696);
#236=LINE('',#7748,#697);
#237=LINE('',#7749,#698);
#238=LINE('',#7752,#699);
#239=LINE('',#7753,#700);
#240=LINE('',#7756,#701);
#241=LINE('',#7757,#702);
#242=LINE('',#7760,#703);
#243=LINE('',#7761,#704);
#244=LINE('',#7765,#705);
#245=LINE('',#7768,#706);
#246=LINE('',#7769,#707);
#247=LINE('',#7773,#708);
#248=LINE('',#7777,#709);
#249=LINE('',#7781,#710);
#250=LINE('',#7784,#711);
#251=LINE('',#7785,#712);
#252=LINE('',#7789,#713);
#253=LINE('',#7793,#714);
#254=LINE('',#7797,#715);
#255=LINE('',#7800,#716);
#256=LINE('',#7801,#717);
#257=LINE('',#7805,#718);
#258=LINE('',#7809,#719);
#259=LINE('',#7813,#720);
#260=LINE('',#7816,#721);
#261=LINE('',#7817,#722);
#262=LINE('',#7821,#723);
#263=LINE('',#7825,#724);
#264=LINE('',#7828,#725);
#265=LINE('',#7829,#726);
#266=LINE('',#7833,#727);
#267=LINE('',#7836,#728);
#268=LINE('',#7837,#729);
#269=LINE('',#7841,#730);
#270=LINE('',#7844,#731);
#271=LINE('',#7845,#732);
#272=LINE('',#7849,#733);
#273=LINE('',#7852,#734);
#274=LINE('',#7853,#735);
#275=LINE('',#7857,#736);
#276=LINE('',#7860,#737);
#277=LINE('',#7861,#738);
#278=LINE('',#7865,#739);
#279=LINE('',#7868,#740);
#280=LINE('',#7869,#741);
#281=LINE('',#7873,#742);
#282=LINE('',#7877,#743);
#283=LINE('',#7880,#744);
#284=LINE('',#7881,#745);
#285=LINE('',#7885,#746);
#286=LINE('',#7888,#747);
#287=LINE('',#7889,#748);
#288=LINE('',#7892,#749);
#289=LINE('',#7893,#750);
#290=LINE('',#7896,#751);
#291=LINE('',#7897,#752);
#292=LINE('',#7900,#753);
#293=LINE('',#7901,#754);
#294=LINE('',#7903,#755);
#295=LINE('',#7906,#756);
#296=LINE('',#7907,#757);
#297=LINE('',#7911,#758);
#298=LINE('',#7913,#759);
#299=LINE('',#7919,#760);
#300=LINE('',#7923,#761);
#301=LINE('',#7934,#762);
#302=LINE('',#7938,#763);
#303=LINE('',#7950,#764);
#304=LINE('',#7954,#765);
#305=LINE('',#7957,#766);
#306=LINE('',#7962,#767);
#307=LINE('',#7966,#768);
#308=LINE('',#7969,#769);
#309=LINE('',#7974,#770);
#310=LINE('',#7978,#771);
#311=LINE('',#7980,#772);
#312=LINE('',#7982,#773);
#313=LINE('',#7986,#774);
#314=LINE('',#7990,#775);
#315=LINE('',#7992,#776);
#316=LINE('',#7994,#777);
#317=LINE('',#7998,#778);
#318=LINE('',#8002,#779);
#319=LINE('',#8004,#780);
#320=LINE('',#8006,#781);
#321=LINE('',#8012,#782);
#322=LINE('',#8016,#783);
#323=LINE('',#8018,#784);
#324=LINE('',#8020,#785);
#325=LINE('',#8022,#786);
#326=LINE('',#8024,#787);
#327=LINE('',#8028,#788);
#328=LINE('',#8034,#789);
#329=LINE('',#8036,#790);
#330=LINE('',#8038,#791);
#331=LINE('',#8042,#792);
#332=LINE('',#8046,#793);
#333=LINE('',#8048,#794);
#334=LINE('',#8050,#795);
#335=LINE('',#8054,#796);
#336=LINE('',#8058,#797);
#337=LINE('',#8060,#798);
#338=LINE('',#8062,#799);
#339=LINE('',#8065,#800);
#340=LINE('',#8069,#801);
#341=LINE('',#8073,#802);
#342=LINE('',#8077,#803);
#343=LINE('',#8081,#804);
#344=LINE('',#8084,#805);
#345=LINE('',#8094,#806);
#346=LINE('',#8104,#807);
#347=LINE('',#8106,#808);
#348=LINE('',#8110,#809);
#349=LINE('',#8112,#810);
#350=LINE('',#8116,#811);
#351=LINE('',#8119,#812);
#352=LINE('',#8122,#813);
#353=LINE('',#8125,#814);
#354=LINE('',#8126,#815);
#355=LINE('',#8130,#816);
#356=LINE('',#8132,#817);
#357=LINE('',#8135,#818);
#358=LINE('',#8136,#819);
#359=LINE('',#8140,#820);
#360=LINE('',#8143,#821);
#361=LINE('',#8144,#822);
#362=LINE('',#8147,#823);
#363=LINE('',#8148,#824);
#364=LINE('',#8151,#825);
#365=LINE('',#8152,#826);
#366=LINE('',#8156,#827);
#367=LINE('',#8159,#828);
#368=LINE('',#8160,#829);
#369=LINE('',#8164,#830);
#370=LINE('',#8167,#831);
#371=LINE('',#8168,#832);
#372=LINE('',#8171,#833);
#373=LINE('',#8172,#834);
#374=LINE('',#8175,#835);
#375=LINE('',#8176,#836);
#376=LINE('',#8180,#837);
#377=LINE('',#8183,#838);
#378=LINE('',#8184,#839);
#379=LINE('',#8188,#840);
#380=LINE('',#8191,#841);
#381=LINE('',#8192,#842);
#382=LINE('',#8195,#843);
#383=LINE('',#8196,#844);
#384=LINE('',#8199,#845);
#385=LINE('',#8200,#846);
#386=LINE('',#8204,#847);
#387=LINE('',#8208,#848);
#388=LINE('',#8211,#849);
#389=LINE('',#8212,#850);
#390=LINE('',#8216,#851);
#391=LINE('',#8219,#852);
#392=LINE('',#8220,#853);
#393=LINE('',#8223,#854);
#394=LINE('',#8224,#855);
#395=LINE('',#8227,#856);
#396=LINE('',#8228,#857);
#397=LINE('',#8231,#858);
#398=LINE('',#8232,#859);
#399=LINE('',#8235,#860);
#400=LINE('',#8236,#861);
#401=LINE('',#8240,#862);
#402=LINE('',#8243,#863);
#403=LINE('',#8244,#864);
#404=LINE('',#8248,#865);
#405=LINE('',#8252,#866);
#406=LINE('',#8255,#867);
#407=LINE('',#8256,#868);
#408=LINE('',#8259,#869);
#409=LINE('',#8260,#870);
#410=LINE('',#8263,#871);
#411=LINE('',#8264,#872);
#412=LINE('',#8268,#873);
#413=LINE('',#8271,#874);
#414=LINE('',#8272,#875);
#415=LINE('',#8276,#876);
#416=LINE('',#8279,#877);
#417=LINE('',#8280,#878);
#418=LINE('',#8283,#879);
#419=LINE('',#8284,#880);
#420=LINE('',#8287,#881);
#421=LINE('',#8288,#882);
#422=LINE('',#8292,#883);
#423=LINE('',#8295,#884);
#424=LINE('',#8296,#885);
#425=LINE('',#8300,#886);
#426=LINE('',#8303,#887);
#427=LINE('',#8304,#888);
#428=LINE('',#8307,#889);
#429=LINE('',#8308,#890);
#430=LINE('',#8311,#891);
#431=LINE('',#8312,#892);
#432=LINE('',#8316,#893);
#433=LINE('',#8318,#894);
#434=LINE('',#8321,#895);
#435=LINE('',#8322,#896);
#436=LINE('',#8326,#897);
#437=LINE('',#8329,#898);
#438=LINE('',#8330,#899);
#439=LINE('',#8334,#900);
#440=LINE('',#8336,#901);
#441=LINE('',#8343,#902);
#442=LINE('',#8348,#903);
#443=LINE('',#8353,#904);
#444=LINE('',#8358,#905);
#445=LINE('',#8363,#906);
#446=LINE('',#8368,#907);
#447=LINE('',#8373,#908);
#448=LINE('',#8378,#909);
#449=LINE('',#8384,#910);
#450=LINE('',#8387,#911);
#451=LINE('',#8390,#912);
#452=LINE('',#8392,#913);
#453=LINE('',#8393,#914);
#454=LINE('',#8399,#915);
#455=LINE('',#8402,#916);
#456=LINE('',#8404,#917);
#457=LINE('',#8405,#918);
#458=LINE('',#8411,#919);
#459=LINE('',#8414,#920);
#460=LINE('',#8416,#921);
#461=LINE('',#8417,#922);
#462=LINE('',#8423,#923);
#463=LINE('',#8426,#924);
#464=LINE('',#8428,#925);
#465=LINE('',#8429,#926);
#466=LINE('',#8435,#927);
#467=LINE('',#8441,#928);
#468=LINE('',#8447,#929);
#469=LINE('',#8450,#930);
#470=LINE('',#8452,#931);
#471=LINE('',#8453,#932);
#472=LINE('',#8459,#933);
#473=LINE('',#8465,#934);
#474=LINE('',#8471,#935);
#475=LINE('',#8474,#936);
#476=LINE('',#8476,#937);
#477=LINE('',#8477,#938);
#478=LINE('',#8483,#939);
#479=LINE('',#8489,#940);
#480=LINE('',#8495,#941);
#481=LINE('',#8498,#942);
#482=LINE('',#8500,#943);
#483=LINE('',#8501,#944);
#484=LINE('',#8507,#945);
#485=LINE('',#8513,#946);
#486=LINE('',#8519,#947);
#487=LINE('',#8522,#948);
#488=LINE('',#8524,#949);
#489=LINE('',#8525,#950);
#490=LINE('',#8531,#951);
#491=LINE('',#8534,#952);
#492=LINE('',#8536,#953);
#493=LINE('',#8537,#954);
#494=LINE('',#8543,#955);
#495=LINE('',#8546,#956);
#496=LINE('',#8548,#957);
#497=LINE('',#8549,#958);
#498=LINE('',#8555,#959);
#499=LINE('',#8558,#960);
#500=LINE('',#8560,#961);
#501=LINE('',#8561,#962);
#502=LINE('',#8567,#963);
#503=LINE('',#8570,#964);
#504=LINE('',#8572,#965);
#505=LINE('',#8573,#966);
#506=LINE('',#8579,#967);
#507=LINE('',#8582,#968);
#508=LINE('',#8584,#969);
#509=LINE('',#8585,#970);
#510=LINE('',#8591,#971);
#511=LINE('',#8594,#972);
#512=LINE('',#8596,#973);
#513=LINE('',#8597,#974);
#514=LINE('',#8603,#975);
#515=LINE('',#8609,#976);
#516=LINE('',#8615,#977);
#517=LINE('',#8618,#978);
#518=LINE('',#8620,#979);
#519=LINE('',#8621,#980);
#520=LINE('',#8627,#981);
#521=LINE('',#8633,#982);
#522=LINE('',#8639,#983);
#523=LINE('',#8642,#984);
#524=LINE('',#8644,#985);
#525=LINE('',#8645,#986);
#526=LINE('',#8651,#987);
#527=LINE('',#8657,#988);
#528=LINE('',#8663,#989);
#529=LINE('',#8666,#990);
#530=LINE('',#8668,#991);
#531=LINE('',#8669,#992);
#532=LINE('',#8675,#993);
#533=LINE('',#8681,#994);
#534=LINE('',#8687,#995);
#535=LINE('',#8690,#996);
#536=LINE('',#8692,#997);
#537=LINE('',#8693,#998);
#538=LINE('',#8699,#999);
#539=LINE('',#8702,#1000);
#540=LINE('',#8704,#1001);
#541=LINE('',#8705,#1002);
#542=LINE('',#8711,#1003);
#543=LINE('',#8713,#1004);
#544=LINE('',#8714,#1005);
#545=LINE('',#8723,#1006);
#546=LINE('',#8728,#1007);
#547=LINE('',#8738,#1008);
#548=LINE('',#8740,#1009);
#549=LINE('',#8742,#1010);
#550=LINE('',#8752,#1011);
#551=LINE('',#8753,#1012);
#552=LINE('',#8760,#1013);
#553=LINE('',#8761,#1014);
#554=LINE('',#8768,#1015);
#555=LINE('',#8769,#1016);
#556=LINE('',#8776,#1017);
#557=LINE('',#8777,#1018);
#558=LINE('',#8782,#1019);
#559=LINE('',#8785,#1020);
#560=LINE('',#8792,#1021);
#561=LINE('',#8794,#1022);
#562=LINE('',#8799,#1023);
#563=LINE('',#8801,#1024);
#564=LINE('',#8803,#1025);
#565=LINE('',#8804,#1026);
#566=LINE('',#8807,#1027);
#567=LINE('',#8809,#1028);
#568=LINE('',#8811,#1029);
#569=LINE('',#8812,#1030);
#570=LINE('',#8815,#1031);
#571=LINE('',#8817,#1032);
#572=LINE('',#8818,#1033);
#573=LINE('',#8821,#1034);
#574=LINE('',#8822,#1035);
#575=LINE('',#8825,#1036);
#576=LINE('',#8826,#1037);
#577=LINE('',#8828,#1038);
#578=LINE('',#8832,#1039);
#579=LINE('',#8834,#1040);
#580=LINE('',#8835,#1041);
#581=LINE('',#8838,#1042);
#582=LINE('',#8840,#1043);
#583=LINE('',#8841,#1044);
#584=VECTOR('',#5779,8.);
#585=VECTOR('',#5782,8.);
#586=VECTOR('',#5795,8.);
#587=VECTOR('',#5798,8.);
#588=VECTOR('',#5801,58.);
#589=VECTOR('',#5804,8.);
#590=VECTOR('',#5807,74.);
#591=VECTOR('',#5812,58.);
#592=VECTOR('',#5819,74.);
#593=VECTOR('',#5822,8.);
#594=VECTOR('',#5827,58.);
#595=VECTOR('',#5830,8.);
#596=VECTOR('',#5833,74.);
#597=VECTOR('',#5838,58.);
#598=VECTOR('',#5845,74.);
#599=VECTOR('',#5848,8.);
#600=VECTOR('',#5869,0.852097060876389);
#601=VECTOR('',#5870,0.368202214084798);
#602=VECTOR('',#5871,1.75427332161985);
#603=VECTOR('',#5872,1.80000000000021);
#604=VECTOR('',#5873,1.47451879579651);
#605=VECTOR('',#5876,1.69787355415536);
#606=VECTOR('',#5881,3.99999999913448);
#607=VECTOR('',#5884,0.89999999999975);
#608=VECTOR('',#5887,2.95000000009197);
#609=VECTOR('',#5890,1.39999999999418);
#610=VECTOR('',#5893,2.95000000009424);
#611=VECTOR('',#5896,0.899999999987823);
#612=VECTOR('',#5901,0.500000000111383);
#613=VECTOR('',#5908,0.500000000000257);
#614=VECTOR('',#5915,0.499999999999973);
#615=VECTOR('',#5922,0.500000000038128);
#616=VECTOR('',#5925,2.9999999999955);
#617=VECTOR('',#5926,1.00000000001842);
#618=VECTOR('',#5927,88.9999999996824);
#619=VECTOR('',#5928,1.0000000000184);
#620=VECTOR('',#5929,2.99999999999533);
#621=VECTOR('',#5932,0.500000000038119);
#622=VECTOR('',#5939,0.499999999999989);
#623=VECTOR('',#5946,0.500000000000251);
#624=VECTOR('',#5953,0.500000000111406);
#625=VECTOR('',#5958,0.899999999987841);
#626=VECTOR('',#5961,2.95000000009425);
#627=VECTOR('',#5964,1.39999999999417);
#628=VECTOR('',#5967,2.95000000009195);
#629=VECTOR('',#5970,0.899999999999807);
#630=VECTOR('',#5973,3.99999999913447);
#631=VECTOR('',#5978,1.69787355415534);
#632=VECTOR('',#5981,1.47451879579651);
#633=VECTOR('',#5982,1.80000000000021);
#634=VECTOR('',#5983,1.75427332161982);
#635=VECTOR('',#5984,0.368202214084796);
#636=VECTOR('',#5985,0.852097060876261);
#637=VECTOR('',#5986,1.35209706089014);
#638=VECTOR('',#5989,88.7811482512317);
#639=VECTOR('',#5992,1.35209706089014);
#640=VECTOR('',#5995,74.);
#641=VECTOR('',#5998,74.);
#642=VECTOR('',#6001,1.35209706089014);
#643=VECTOR('',#6004,0.852097060876389);
#644=VECTOR('',#6005,74.);
#645=VECTOR('',#6008,0.368202214084798);
#646=VECTOR('',#6009,74.);
#647=VECTOR('',#6012,1.75427332161985);
#648=VECTOR('',#6013,74.);
#649=VECTOR('',#6016,1.80000000000021);
#650=VECTOR('',#6017,74.);
#651=VECTOR('',#6020,1.47451879579651);
#652=VECTOR('',#6021,74.);
#653=VECTOR('',#6026,74.);
#654=VECTOR('',#6029,1.69787355415536);
#655=VECTOR('',#6030,74.);
#656=VECTOR('',#6035,74.);
#657=VECTOR('',#6040,74.);
#658=VECTOR('',#6043,3.99999999913448);
#659=VECTOR('',#6044,74.);
#660=VECTOR('',#6049,74.);
#661=VECTOR('',#6052,0.89999999999975);
#662=VECTOR('',#6053,74.);
#663=VECTOR('',#6058,74.);
#664=VECTOR('',#6061,2.95000000009197);
#665=VECTOR('',#6062,74.);
#666=VECTOR('',#6067,74.);
#667=VECTOR('',#6070,1.39999999999418);
#668=VECTOR('',#6071,74.);
#669=VECTOR('',#6076,74.);
#670=VECTOR('',#6079,2.95000000009424);
#671=VECTOR('',#6080,74.);
#672=VECTOR('',#6085,74.);
#673=VECTOR('',#6088,0.899999999987823);
#674=VECTOR('',#6089,74.);
#675=VECTOR('',#6094,74.);
#676=VECTOR('',#6099,74.);
#677=VECTOR('',#6102,0.500000000111383);
#678=VECTOR('',#6103,74.);
#679=VECTOR('',#6108,74.);
#680=VECTOR('',#6113,74.);
#681=VECTOR('',#6118,74.);
#682=VECTOR('',#6121,0.500000000000257);
#683=VECTOR('',#6122,74.);
#684=VECTOR('',#6127,74.);
#685=VECTOR('',#6132,74.);
#686=VECTOR('',#6137,74.);
#687=VECTOR('',#6140,0.499999999999973);
#688=VECTOR('',#6141,74.);
#689=VECTOR('',#6146,74.);
#690=VECTOR('',#6151,74.);
#691=VECTOR('',#6156,74.);
#692=VECTOR('',#6159,0.500000000038128);
#693=VECTOR('',#6160,74.);
#694=VECTOR('',#6165,74.);
#695=VECTOR('',#6168,2.9999999999955);
#696=VECTOR('',#6169,74.);
#697=VECTOR('',#6172,1.00000000001842);
#698=VECTOR('',#6173,74.);
#699=VECTOR('',#6176,88.9999999996824);
#700=VECTOR('',#6177,74.);
#701=VECTOR('',#6180,1.0000000000184);
#702=VECTOR('',#6181,74.);
#703=VECTOR('',#6184,2.99999999999533);
#704=VECTOR('',#6185,74.);
#705=VECTOR('',#6190,74.);
#706=VECTOR('',#6193,0.500000000038119);
#707=VECTOR('',#6194,74.);
#708=VECTOR('',#6199,74.);
#709=VECTOR('',#6204,74.);
#710=VECTOR('',#6209,74.);
#711=VECTOR('',#6212,0.499999999999989);
#712=VECTOR('',#6213,74.);
#713=VECTOR('',#6218,74.);
#714=VECTOR('',#6223,74.);
#715=VECTOR('',#6228,74.);
#716=VECTOR('',#6231,0.500000000000251);
#717=VECTOR('',#6232,74.);
#718=VECTOR('',#6237,74.);
#719=VECTOR('',#6242,74.);
#720=VECTOR('',#6247,74.);
#721=VECTOR('',#6250,0.500000000111406);
#722=VECTOR('',#6251,74.);
#723=VECTOR('',#6256,74.);
#724=VECTOR('',#6261,74.);
#725=VECTOR('',#6264,0.899999999987841);
#726=VECTOR('',#6265,74.);
#727=VECTOR('',#6270,74.);
#728=VECTOR('',#6273,2.95000000009425);
#729=VECTOR('',#6274,74.);
#730=VECTOR('',#6279,74.);
#731=VECTOR('',#6282,1.39999999999417);
#732=VECTOR('',#6283,74.);
#733=VECTOR('',#6288,74.);
#734=VECTOR('',#6291,2.95000000009195);
#735=VECTOR('',#6292,74.);
#736=VECTOR('',#6297,74.);
#737=VECTOR('',#6300,0.899999999999807);
#738=VECTOR('',#6301,74.);
#739=VECTOR('',#6306,74.);
#740=VECTOR('',#6309,3.99999999913447);
#741=VECTOR('',#6310,74.);
#742=VECTOR('',#6315,74.);
#743=VECTOR('',#6320,74.);
#744=VECTOR('',#6323,1.69787355415534);
#745=VECTOR('',#6324,74.);
#746=VECTOR('',#6329,74.);
#747=VECTOR('',#6332,1.47451879579651);
#748=VECTOR('',#6333,74.);
#749=VECTOR('',#6336,1.80000000000021);
#750=VECTOR('',#6337,74.);
#751=VECTOR('',#6340,1.75427332161982);
#752=VECTOR('',#6341,74.);
#753=VECTOR('',#6344,0.368202214084796);
#754=VECTOR('',#6345,74.);
#755=VECTOR('',#6348,0.852097060876261);
#756=VECTOR('',#6351,1.35209706089014);
#757=VECTOR('',#6352,74.);
#758=VECTOR('',#6357,74.);
#759=VECTOR('',#6360,88.7811482512317);
#760=VECTOR('',#6367,8.);
#761=VECTOR('',#6370,8.);
#762=VECTOR('',#6383,8.);
#763=VECTOR('',#6386,8.);
#764=VECTOR('',#6401,74.);
#765=VECTOR('',#6404,8.);
#766=VECTOR('',#6407,58.);
#767=VECTOR('',#6412,74.);
#768=VECTOR('',#6415,8.);
#769=VECTOR('',#6418,58.);
#770=VECTOR('',#6423,1.44057413464774);
#771=VECTOR('',#6426,2.75209706085088);
#772=VECTOR('',#6427,1.80000000000293);
#773=VECTOR('',#6428,2.64999999998986);
#774=VECTOR('',#6431,1.19999999999935);
#775=VECTOR('',#6434,1.40285140551347);
#776=VECTOR('',#6435,0.300000000094762);
#777=VECTOR('',#6436,1.7632330439541);
#778=VECTOR('',#6439,0.483286957743374);
#779=VECTOR('',#6442,1.76480752883328);
#780=VECTOR('',#6443,0.300000000095242);
#781=VECTOR('',#6444,1.39714859451864);
#782=VECTOR('',#6449,5.99999999998721);
#783=VECTOR('',#6452,3.00000000000001);
#784=VECTOR('',#6453,0.999999999999979);
#785=VECTOR('',#6454,88.999999999909);
#786=VECTOR('',#6455,0.999999999955214);
#787=VECTOR('',#6456,3.00000000000003);
#788=VECTOR('',#6459,5.99999999998721);
#789=VECTOR('',#6464,1.39714859451871);
#790=VECTOR('',#6465,0.300000000095242);
#791=VECTOR('',#6466,1.76480752883328);
#792=VECTOR('',#6469,0.483286957743417);
#793=VECTOR('',#6472,1.7632330439541);
#794=VECTOR('',#6473,0.300000000094762);
#795=VECTOR('',#6474,1.40285140551349);
#796=VECTOR('',#6477,1.19999999999935);
#797=VECTOR('',#6480,2.64999999998984);
#798=VECTOR('',#6481,1.80000000000293);
#799=VECTOR('',#6482,2.75209706085086);
#800=VECTOR('',#6485,1.44057413464774);
#801=VECTOR('',#6488,0.540574135012406);
#802=VECTOR('',#6491,1.50209706088639);
#803=VECTOR('',#6494,87.9999999999099);
#804=VECTOR('',#6497,1.50209706088639);
#805=VECTOR('',#6500,0.540574135012406);
#806=VECTOR('',#6513,8.);
#807=VECTOR('',#6526,8.);
#808=VECTOR('',#6529,58.);
#809=VECTOR('',#6534,74.);
#810=VECTOR('',#6537,58.);
#811=VECTOR('',#6542,74.);
#812=VECTOR('',#6545,74.);
#813=VECTOR('',#6548,74.);
#814=VECTOR('',#6551,1.50209706088639);
#815=VECTOR('',#6552,74.);
#816=VECTOR('',#6557,74.);
#817=VECTOR('',#6560,0.540574135012406);
#818=VECTOR('',#6563,1.44057413464774);
#819=VECTOR('',#6564,74.);
#820=VECTOR('',#6569,74.);
#821=VECTOR('',#6572,2.75209706085088);
#822=VECTOR('',#6573,74.);
#823=VECTOR('',#6576,1.80000000000293);
#824=VECTOR('',#6577,74.);
#825=VECTOR('',#6580,2.64999999998986);
#826=VECTOR('',#6581,74.);
#827=VECTOR('',#6586,74.);
#828=VECTOR('',#6589,1.19999999999935);
#829=VECTOR('',#6590,74.);
#830=VECTOR('',#6595,74.);
#831=VECTOR('',#6598,1.40285140551347);
#832=VECTOR('',#6599,74.);
#833=VECTOR('',#6602,0.300000000094762);
#834=VECTOR('',#6603,74.);
#835=VECTOR('',#6606,1.7632330439541);
#836=VECTOR('',#6607,74.);
#837=VECTOR('',#6612,74.);
#838=VECTOR('',#6615,0.483286957743374);
#839=VECTOR('',#6616,74.);
#840=VECTOR('',#6621,74.);
#841=VECTOR('',#6624,1.76480752883328);
#842=VECTOR('',#6625,74.);
#843=VECTOR('',#6628,0.300000000095242);
#844=VECTOR('',#6629,74.);
#845=VECTOR('',#6632,1.39714859451864);
#846=VECTOR('',#6633,74.);
#847=VECTOR('',#6638,74.);
#848=VECTOR('',#6643,74.);
#849=VECTOR('',#6646,5.99999999998721);
#850=VECTOR('',#6647,74.);
#851=VECTOR('',#6652,74.);
#852=VECTOR('',#6655,3.00000000000001);
#853=VECTOR('',#6656,74.);
#854=VECTOR('',#6659,0.999999999999979);
#855=VECTOR('',#6660,74.);
#856=VECTOR('',#6663,88.999999999909);
#857=VECTOR('',#6664,74.);
#858=VECTOR('',#6667,0.999999999955214);
#859=VECTOR('',#6668,74.);
#860=VECTOR('',#6671,3.00000000000003);
#861=VECTOR('',#6672,74.);
#862=VECTOR('',#6677,74.);
#863=VECTOR('',#6680,5.99999999998721);
#864=VECTOR('',#6681,74.);
#865=VECTOR('',#6686,74.);
#866=VECTOR('',#6691,74.);
#867=VECTOR('',#6694,1.39714859451871);
#868=VECTOR('',#6695,74.);
#869=VECTOR('',#6698,0.300000000095242);
#870=VECTOR('',#6699,74.);
#871=VECTOR('',#6702,1.76480752883328);
#872=VECTOR('',#6703,74.);
#873=VECTOR('',#6708,74.);
#874=VECTOR('',#6711,0.483286957743417);
#875=VECTOR('',#6712,74.);
#876=VECTOR('',#6717,74.);
#877=VECTOR('',#6720,1.7632330439541);
#878=VECTOR('',#6721,74.);
#879=VECTOR('',#6724,0.300000000094762);
#880=VECTOR('',#6725,74.);
#881=VECTOR('',#6728,1.40285140551349);
#882=VECTOR('',#6729,74.);
#883=VECTOR('',#6734,74.);
#884=VECTOR('',#6737,1.19999999999935);
#885=VECTOR('',#6738,74.);
#886=VECTOR('',#6743,74.);
#887=VECTOR('',#6746,2.64999999998984);
#888=VECTOR('',#6747,74.);
#889=VECTOR('',#6750,1.80000000000293);
#890=VECTOR('',#6751,74.);
#891=VECTOR('',#6754,2.75209706085086);
#892=VECTOR('',#6755,74.);
#893=VECTOR('',#6760,74.);
#894=VECTOR('',#6763,1.44057413464774);
#895=VECTOR('',#6766,0.540574135012406);
#896=VECTOR('',#6767,74.);
#897=VECTOR('',#6772,74.);
#898=VECTOR('',#6775,1.50209706088639);
#899=VECTOR('',#6776,74.);
#900=VECTOR('',#6781,74.);
#901=VECTOR('',#6784,87.9999999999099);
#902=VECTOR('',#6793,2.475);
#903=VECTOR('',#6800,1.65);
#904=VECTOR('',#6805,2.475);
#905=VECTOR('',#6812,1.65);
#906=VECTOR('',#6817,2.475);
#907=VECTOR('',#6824,1.65);
#908=VECTOR('',#6829,2.475);
#909=VECTOR('',#6836,1.65);
#910=VECTOR('',#6841,2.5);
#911=VECTOR('',#6844,2.5);
#912=VECTOR('',#6847,86.1715728752119);
#913=VECTOR('',#6848,86.1715728752119);
#914=VECTOR('',#6849,2.5);
#915=VECTOR('',#6856,2.5);
#916=VECTOR('',#6859,0.585786437852924);
#917=VECTOR('',#6860,0.585786437852924);
#918=VECTOR('',#6861,2.5);
#919=VECTOR('',#6868,2.5);
#920=VECTOR('',#6871,2.58580019316135);
#921=VECTOR('',#6872,2.58580019316135);
#922=VECTOR('',#6873,2.5);
#923=VECTOR('',#6880,2.5);
#924=VECTOR('',#6883,0.499999999651095);
#925=VECTOR('',#6884,0.499999999651095);
#926=VECTOR('',#6885,2.5);
#927=VECTOR('',#6892,2.5);
#928=VECTOR('',#6899,2.5);
#929=VECTOR('',#6906,2.5);
#930=VECTOR('',#6909,0.500000000000114);
#931=VECTOR('',#6910,0.500000000000114);
#932=VECTOR('',#6911,2.5);
#933=VECTOR('',#6918,2.5);
#934=VECTOR('',#6925,2.5);
#935=VECTOR('',#6932,2.5);
#936=VECTOR('',#6935,0.500000000000114);
#937=VECTOR('',#6936,0.500000000000114);
#938=VECTOR('',#6937,2.5);
#939=VECTOR('',#6944,2.5);
#940=VECTOR('',#6951,2.5);
#941=VECTOR('',#6958,2.5);
#942=VECTOR('',#6961,0.500000000017735);
#943=VECTOR('',#6962,0.500000000017735);
#944=VECTOR('',#6963,2.5);
#945=VECTOR('',#6970,2.5);
#946=VECTOR('',#6977,2.5);
#947=VECTOR('',#6984,2.5);
#948=VECTOR('',#6987,6.00000000007469);
#949=VECTOR('',#6988,6.00000000007469);
#950=VECTOR('',#6989,2.5);
#951=VECTOR('',#6996,2.5);
#952=VECTOR('',#6999,2.58578643700616);
#953=VECTOR('',#7000,2.58578643700616);
#954=VECTOR('',#7001,2.5);
#955=VECTOR('',#7008,2.5);
#956=VECTOR('',#7011,0.585786438274009);
#957=VECTOR('',#7012,0.585786438274009);
#958=VECTOR('',#7013,2.5);
#959=VECTOR('',#7020,2.5);
#960=VECTOR('',#7023,86.1715728747003);
#961=VECTOR('',#7024,86.1715728747003);
#962=VECTOR('',#7025,2.5);
#963=VECTOR('',#7032,2.5);
#964=VECTOR('',#7035,0.5857864378789);
#965=VECTOR('',#7036,0.5857864378789);
#966=VECTOR('',#7037,2.5);
#967=VECTOR('',#7044,2.5);
#968=VECTOR('',#7047,2.5858056238485);
#969=VECTOR('',#7048,2.5858056238485);
#970=VECTOR('',#7049,2.5);
#971=VECTOR('',#7056,2.5);
#972=VECTOR('',#7059,5.99999999989848);
#973=VECTOR('',#7060,5.99999999989848);
#974=VECTOR('',#7061,2.5);
#975=VECTOR('',#7068,2.5);
#976=VECTOR('',#7075,2.5);
#977=VECTOR('',#7082,2.5);
#978=VECTOR('',#7085,0.500000000017735);
#979=VECTOR('',#7086,0.500000000017735);
#980=VECTOR('',#7087,2.5);
#981=VECTOR('',#7094,2.5);
#982=VECTOR('',#7101,2.5);
#983=VECTOR('',#7108,2.5);
#984=VECTOR('',#7111,0.500000000006935);
#985=VECTOR('',#7112,0.500000000006935);
#986=VECTOR('',#7113,2.5);
#987=VECTOR('',#7120,2.5);
#988=VECTOR('',#7127,2.5);
#989=VECTOR('',#7134,2.5);
#990=VECTOR('',#7137,0.500000000006935);
#991=VECTOR('',#7138,0.500000000006935);
#992=VECTOR('',#7139,2.5);
#993=VECTOR('',#7146,2.5);
#994=VECTOR('',#7153,2.5);
#995=VECTOR('',#7160,2.5);
#996=VECTOR('',#7163,0.500000000050136);
#997=VECTOR('',#7164,0.500000000050136);
#998=VECTOR('',#7165,2.5);
#999=VECTOR('',#7172,2.5);
#1000=VECTOR('',#7175,2.58579590580098);
#1001=VECTOR('',#7176,2.58579590580098);
#1002=VECTOR('',#7177,2.5);
#1003=VECTOR('',#7184,2.5);
#1004=VECTOR('',#7187,0.585786437851703);
#1005=VECTOR('',#7188,0.585786437851703);
#1006=VECTOR('',#7199,1.34663749999999);
#1007=VECTOR('',#7206,1.49999999999999);
#1008=VECTOR('',#7213,1.3);
#1009=VECTOR('',#7214,1.15470053837925);
#1010=VECTOR('',#7215,1.3);
#1011=VECTOR('',#7218,1.3);
#1012=VECTOR('',#7219,1.15470053837925);
#1013=VECTOR('',#7222,1.3);
#1014=VECTOR('',#7223,1.15470053837925);
#1015=VECTOR('',#7226,1.3);
#1016=VECTOR('',#7227,1.15470053837925);
#1017=VECTOR('',#7230,1.15470053837925);
#1018=VECTOR('',#7231,1.3);
#1019=VECTOR('',#7234,1.15470053837925);
#1020=VECTOR('',#7237,0.577350269189626);
#1021=VECTOR('',#7246,2.77000000000001);
#1022=VECTOR('',#7249,2.13500000000001);
#1023=VECTOR('',#7254,5.30000000000001);
#1024=VECTOR('',#7255,15.5);
#1025=VECTOR('',#7256,5.30000000000001);
#1026=VECTOR('',#7257,15.5);
#1027=VECTOR('',#7258,15.1);
#1028=VECTOR('',#7259,4.90000000000001);
#1029=VECTOR('',#7260,15.1);
#1030=VECTOR('',#7261,4.90000000000001);
#1031=VECTOR('',#7264,0.499999999999943);
#1032=VECTOR('',#7265,15.5);
#1033=VECTOR('',#7266,0.499999999999943);
#1034=VECTOR('',#7269,5.30000000000001);
#1035=VECTOR('',#7270,0.499999999999943);
#1036=VECTOR('',#7273,15.5);
#1037=VECTOR('',#7274,0.499999999999943);
#1038=VECTOR('',#7277,5.30000000000001);
#1039=VECTOR('',#7282,1.19523078631971);
#1040=VECTOR('',#7283,15.1);
#1041=VECTOR('',#7284,1.19523078631971);
#1042=VECTOR('',#7287,1.19523078631971);
#1043=VECTOR('',#7288,1.19523078631971);
#1044=VECTOR('',#7289,15.1);
#1045=CYLINDRICAL_SURFACE('',#5213,1.425);
#1046=CYLINDRICAL_SURFACE('',#5220,1.425);
#1047=CYLINDRICAL_SURFACE('',#5222,0.649999999999943);
#1048=CYLINDRICAL_SURFACE('',#5226,1.31499999999996);
#1049=CYLINDRICAL_SURFACE('',#5228,0.650000000000034);
#1050=CYLINDRICAL_SURFACE('',#5232,0.649999999999969);
#1051=CYLINDRICAL_SURFACE('',#5236,1.315);
#1052=CYLINDRICAL_SURFACE('',#5238,0.649999999999977);
#1053=CYLINDRICAL_SURFACE('',#5242,1.425);
#1054=CYLINDRICAL_SURFACE('',#5246,1.425);
#1055=CYLINDRICAL_SURFACE('',#5293,0.49999999973727);
#1056=CYLINDRICAL_SURFACE('',#5301,0.299999999999727);
#1057=CYLINDRICAL_SURFACE('',#5304,0.500000000011312);
#1058=CYLINDRICAL_SURFACE('',#5306,0.700000000000387);
#1059=CYLINDRICAL_SURFACE('',#5309,0.300000000001376);
#1060=CYLINDRICAL_SURFACE('',#5312,0.30000000000075);
#1061=CYLINDRICAL_SURFACE('',#5315,0.300000000002797);
#1062=CYLINDRICAL_SURFACE('',#5318,0.300000000000637);
#1063=CYLINDRICAL_SURFACE('',#5321,0.299999999999955);
#1064=CYLINDRICAL_SURFACE('',#5324,1.99999999999885);
#1065=CYLINDRICAL_SURFACE('',#5326,0.499999999999432);
#1066=CYLINDRICAL_SURFACE('',#5329,0.500000000000534);
#1067=CYLINDRICAL_SURFACE('',#5331,1.99999999999963);
#1068=CYLINDRICAL_SURFACE('',#5333,0.500000000001705);
#1069=CYLINDRICAL_SURFACE('',#5336,0.500000000000045);
#1070=CYLINDRICAL_SURFACE('',#5338,1.9999999999996);
#1071=CYLINDRICAL_SURFACE('',#5340,0.500000000002387);
#1072=CYLINDRICAL_SURFACE('',#5343,0.500000000000023);
#1073=CYLINDRICAL_SURFACE('',#5345,1.99999999999984);
#1074=CYLINDRICAL_SURFACE('',#5347,0.500000000002615);
#1075=CYLINDRICAL_SURFACE('',#5350,5.00000000002086);
#1076=CYLINDRICAL_SURFACE('',#5357,5.0000000000208);
#1077=CYLINDRICAL_SURFACE('',#5360,0.500000000002581);
#1078=CYLINDRICAL_SURFACE('',#5362,1.99999999999981);
#1079=CYLINDRICAL_SURFACE('',#5364,0.5);
#1080=CYLINDRICAL_SURFACE('',#5367,0.500000000002399);
#1081=CYLINDRICAL_SURFACE('',#5369,1.99999999999961);
#1082=CYLINDRICAL_SURFACE('',#5371,0.5);
#1083=CYLINDRICAL_SURFACE('',#5374,0.500000000001705);
#1084=CYLINDRICAL_SURFACE('',#5376,1.99999999999968);
#1085=CYLINDRICAL_SURFACE('',#5378,0.500000000000568);
#1086=CYLINDRICAL_SURFACE('',#5381,0.49999999999942);
#1087=CYLINDRICAL_SURFACE('',#5383,1.99999999999886);
#1088=CYLINDRICAL_SURFACE('',#5386,0.299999999999955);
#1089=CYLINDRICAL_SURFACE('',#5389,0.300000000000693);
#1090=CYLINDRICAL_SURFACE('',#5392,0.300000000002797);
#1091=CYLINDRICAL_SURFACE('',#5395,0.300000000000693);
#1092=CYLINDRICAL_SURFACE('',#5398,0.300000000001319);
#1093=CYLINDRICAL_SURFACE('',#5401,0.7000000000005);
#1094=CYLINDRICAL_SURFACE('',#5403,0.500000000011369);
#1095=CYLINDRICAL_SURFACE('',#5406,0.299999999999752);
#1096=CYLINDRICAL_SURFACE('',#5414,0.499999999737383);
#1097=CYLINDRICAL_SURFACE('',#5419,1.425);
#1098=CYLINDRICAL_SURFACE('',#5426,1.425);
#1099=CYLINDRICAL_SURFACE('',#5433,0.650000000000004);
#1100=CYLINDRICAL_SURFACE('',#5437,0.649999999999972);
#1101=CYLINDRICAL_SURFACE('',#5468,1.425);
#1102=CYLINDRICAL_SURFACE('',#5474,1.425);
#1103=CYLINDRICAL_SURFACE('',#5476,1.31499999999999);
#1104=CYLINDRICAL_SURFACE('',#5477,0.649999999999977);
#1105=CYLINDRICAL_SURFACE('',#5479,1.31499999999999);
#1106=CYLINDRICAL_SURFACE('',#5480,0.650000000000006);
#1107=CYLINDRICAL_SURFACE('',#5482,0.500000000000171);
#1108=CYLINDRICAL_SURFACE('',#5485,0.500000000000043);
#1109=CYLINDRICAL_SURFACE('',#5489,0.499999999999972);
#1110=CYLINDRICAL_SURFACE('',#5494,0.300000000000097);
#1111=CYLINDRICAL_SURFACE('',#5497,0.300000000000054);
#1112=CYLINDRICAL_SURFACE('',#5502,0.299999999999955);
#1113=CYLINDRICAL_SURFACE('',#5505,0.300000000000046);
#1114=CYLINDRICAL_SURFACE('',#5510,2.00000000000156);
#1115=CYLINDRICAL_SURFACE('',#5512,0.5);
#1116=CYLINDRICAL_SURFACE('',#5515,4.99999999999838);
#1117=CYLINDRICAL_SURFACE('',#5522,4.99999999999839);
#1118=CYLINDRICAL_SURFACE('',#5525,0.5);
#1119=CYLINDRICAL_SURFACE('',#5527,2.00000000000156);
#1120=CYLINDRICAL_SURFACE('',#5532,0.30000000000004);
#1121=CYLINDRICAL_SURFACE('',#5535,0.299999999999968);
#1122=CYLINDRICAL_SURFACE('',#5540,0.300000000000054);
#1123=CYLINDRICAL_SURFACE('',#5543,0.300000000000097);
#1124=CYLINDRICAL_SURFACE('',#5548,0.499999999999957);
#1125=CYLINDRICAL_SURFACE('',#5552,0.500000000000043);
#1126=CYLINDRICAL_SURFACE('',#5555,0.500000000000256);
#1127=CYLINDRICAL_SURFACE('',#5563,1.65);
#1128=CYLINDRICAL_SURFACE('',#5568,1.65);
#1129=CYLINDRICAL_SURFACE('',#5573,1.65);
#1130=CYLINDRICAL_SURFACE('',#5578,1.65);
#1131=CYLINDRICAL_SURFACE('',#5580,1.00000000000001);
#1132=CYLINDRICAL_SURFACE('',#5584,1.);
#1133=CYLINDRICAL_SURFACE('',#5588,1.00000000000009);
#1134=CYLINDRICAL_SURFACE('',#5592,5.50000000000011);
#1135=CYLINDRICAL_SURFACE('',#5596,0.500000000000159);
#1136=CYLINDRICAL_SURFACE('',#5599,2.00000000000011);
#1137=CYLINDRICAL_SURFACE('',#5602,0.5);
#1138=CYLINDRICAL_SURFACE('',#5606,0.499999999999909);
#1139=CYLINDRICAL_SURFACE('',#5609,2.00000000000005);
#1140=CYLINDRICAL_SURFACE('',#5612,0.499999999999659);
#1141=CYLINDRICAL_SURFACE('',#5616,0.5);
#1142=CYLINDRICAL_SURFACE('',#5619,2.00000000000004);
#1143=CYLINDRICAL_SURFACE('',#5622,0.499999999999545);
#1144=CYLINDRICAL_SURFACE('',#5626,0.499999999999909);
#1145=CYLINDRICAL_SURFACE('',#5629,1.99999999999977);
#1146=CYLINDRICAL_SURFACE('',#5632,0.5);
#1147=CYLINDRICAL_SURFACE('',#5636,5.50000000000091);
#1148=CYLINDRICAL_SURFACE('',#5640,1.00000000000001);
#1149=CYLINDRICAL_SURFACE('',#5644,1.);
#1150=CYLINDRICAL_SURFACE('',#5648,1.00000000000001);
#1151=CYLINDRICAL_SURFACE('',#5652,1.00000000000125);
#1152=CYLINDRICAL_SURFACE('',#5656,5.5);
#1153=CYLINDRICAL_SURFACE('',#5660,0.500000000000068);
#1154=CYLINDRICAL_SURFACE('',#5663,2.00000000000011);
#1155=CYLINDRICAL_SURFACE('',#5666,0.500000000000341);
#1156=CYLINDRICAL_SURFACE('',#5670,0.500000000000068);
#1157=CYLINDRICAL_SURFACE('',#5673,2.00000000000011);
#1158=CYLINDRICAL_SURFACE('',#5676,0.500000000000341);
#1159=CYLINDRICAL_SURFACE('',#5680,0.500000000000091);
#1160=CYLINDRICAL_SURFACE('',#5683,1.99999999999968);
#1161=CYLINDRICAL_SURFACE('',#5686,0.499999999999432);
#1162=CYLINDRICAL_SURFACE('',#5690,0.499999999999716);
#1163=CYLINDRICAL_SURFACE('',#5693,2.00000000000011);
#1164=CYLINDRICAL_SURFACE('',#5696,0.500000000000341);
#1165=CYLINDRICAL_SURFACE('',#5700,5.49999999999429);
#1166=CYLINDRICAL_SURFACE('',#5704,1.00000000000034);
#1167=CYLINDRICAL_SURFACE('',#5715,1.49999999999999);
#1168=CYLINDRICAL_SURFACE('',#5727,2.77000000000001);
#1169=CYLINDRICAL_SURFACE('',#5739,10.);
#1170=FACE_OUTER_BOUND('',#1430,.T.);
#1171=FACE_OUTER_BOUND('',#1431,.T.);
#1172=FACE_OUTER_BOUND('',#1432,.T.);
#1173=FACE_OUTER_BOUND('',#1433,.T.);
#1174=FACE_OUTER_BOUND('',#1434,.T.);
#1175=FACE_OUTER_BOUND('',#1435,.T.);
#1176=FACE_OUTER_BOUND('',#1436,.T.);
#1177=FACE_OUTER_BOUND('',#1437,.T.);
#1178=FACE_OUTER_BOUND('',#1438,.T.);
#1179=FACE_OUTER_BOUND('',#1439,.T.);
#1180=FACE_OUTER_BOUND('',#1440,.T.);
#1181=FACE_OUTER_BOUND('',#1441,.T.);
#1182=FACE_OUTER_BOUND('',#1442,.T.);
#1183=FACE_OUTER_BOUND('',#1443,.T.);
#1184=FACE_OUTER_BOUND('',#1444,.T.);
#1185=FACE_OUTER_BOUND('',#1445,.T.);
#1186=FACE_OUTER_BOUND('',#1446,.T.);
#1187=FACE_OUTER_BOUND('',#1447,.T.);
#1188=FACE_OUTER_BOUND('',#1448,.T.);
#1189=FACE_OUTER_BOUND('',#1449,.T.);
#1190=FACE_OUTER_BOUND('',#1450,.T.);
#1191=FACE_OUTER_BOUND('',#1451,.T.);
#1192=FACE_OUTER_BOUND('',#1452,.T.);
#1193=FACE_OUTER_BOUND('',#1453,.T.);
#1194=FACE_OUTER_BOUND('',#1454,.T.);
#1195=FACE_OUTER_BOUND('',#1455,.T.);
#1196=FACE_OUTER_BOUND('',#1456,.T.);
#1197=FACE_OUTER_BOUND('',#1457,.T.);
#1198=FACE_OUTER_BOUND('',#1458,.T.);
#1199=FACE_OUTER_BOUND('',#1459,.T.);
#1200=FACE_OUTER_BOUND('',#1460,.T.);
#1201=FACE_OUTER_BOUND('',#1461,.T.);
#1202=FACE_OUTER_BOUND('',#1462,.T.);
#1203=FACE_OUTER_BOUND('',#1463,.T.);
#1204=FACE_OUTER_BOUND('',#1464,.T.);
#1205=FACE_OUTER_BOUND('',#1465,.T.);
#1206=FACE_OUTER_BOUND('',#1466,.T.);
#1207=FACE_OUTER_BOUND('',#1467,.T.);
#1208=FACE_OUTER_BOUND('',#1468,.T.);
#1209=FACE_OUTER_BOUND('',#1469,.T.);
#1210=FACE_OUTER_BOUND('',#1470,.T.);
#1211=FACE_OUTER_BOUND('',#1471,.T.);
#1212=FACE_OUTER_BOUND('',#1472,.T.);
#1213=FACE_OUTER_BOUND('',#1473,.T.);
#1214=FACE_OUTER_BOUND('',#1474,.T.);
#1215=FACE_OUTER_BOUND('',#1475,.T.);
#1216=FACE_OUTER_BOUND('',#1476,.T.);
#1217=FACE_OUTER_BOUND('',#1477,.T.);
#1218=FACE_OUTER_BOUND('',#1478,.T.);
#1219=FACE_OUTER_BOUND('',#1479,.T.);
#1220=FACE_OUTER_BOUND('',#1480,.T.);
#1221=FACE_OUTER_BOUND('',#1481,.T.);
#1222=FACE_OUTER_BOUND('',#1482,.T.);
#1223=FACE_OUTER_BOUND('',#1483,.T.);
#1224=FACE_OUTER_BOUND('',#1484,.T.);
#1225=FACE_OUTER_BOUND('',#1485,.T.);
#1226=FACE_OUTER_BOUND('',#1486,.T.);
#1227=FACE_OUTER_BOUND('',#1487,.T.);
#1228=FACE_OUTER_BOUND('',#1488,.T.);
#1229=FACE_OUTER_BOUND('',#1489,.T.);
#1230=FACE_OUTER_BOUND('',#1490,.T.);
#1231=FACE_OUTER_BOUND('',#1491,.T.);
#1232=FACE_OUTER_BOUND('',#1492,.T.);
#1233=FACE_OUTER_BOUND('',#1493,.T.);
#1234=FACE_OUTER_BOUND('',#1494,.T.);
#1235=FACE_OUTER_BOUND('',#1495,.T.);
#1236=FACE_OUTER_BOUND('',#1496,.T.);
#1237=FACE_OUTER_BOUND('',#1497,.T.);
#1238=FACE_OUTER_BOUND('',#1498,.T.);
#1239=FACE_OUTER_BOUND('',#1499,.T.);
#1240=FACE_OUTER_BOUND('',#1500,.T.);
#1241=FACE_OUTER_BOUND('',#1501,.T.);
#1242=FACE_OUTER_BOUND('',#1502,.T.);
#1243=FACE_OUTER_BOUND('',#1503,.T.);
#1244=FACE_OUTER_BOUND('',#1504,.T.);
#1245=FACE_OUTER_BOUND('',#1505,.T.);
#1246=FACE_OUTER_BOUND('',#1506,.T.);
#1247=FACE_OUTER_BOUND('',#1507,.T.);
#1248=FACE_OUTER_BOUND('',#1508,.T.);
#1249=FACE_OUTER_BOUND('',#1509,.T.);
#1250=FACE_OUTER_BOUND('',#1510,.T.);
#1251=FACE_OUTER_BOUND('',#1511,.T.);
#1252=FACE_OUTER_BOUND('',#1512,.T.);
#1253=FACE_OUTER_BOUND('',#1513,.T.);
#1254=FACE_OUTER_BOUND('',#1514,.T.);
#1255=FACE_OUTER_BOUND('',#1515,.T.);
#1256=FACE_OUTER_BOUND('',#1516,.T.);
#1257=FACE_OUTER_BOUND('',#1517,.T.);
#1258=FACE_OUTER_BOUND('',#1518,.T.);
#1259=FACE_OUTER_BOUND('',#1519,.T.);
#1260=FACE_OUTER_BOUND('',#1520,.T.);
#1261=FACE_OUTER_BOUND('',#1521,.T.);
#1262=FACE_OUTER_BOUND('',#1522,.T.);
#1263=FACE_OUTER_BOUND('',#1523,.T.);
#1264=FACE_OUTER_BOUND('',#1524,.T.);
#1265=FACE_OUTER_BOUND('',#1525,.T.);
#1266=FACE_OUTER_BOUND('',#1526,.T.);
#1267=FACE_OUTER_BOUND('',#1527,.T.);
#1268=FACE_OUTER_BOUND('',#1528,.T.);
#1269=FACE_OUTER_BOUND('',#1529,.T.);
#1270=FACE_OUTER_BOUND('',#1530,.T.);
#1271=FACE_OUTER_BOUND('',#1531,.T.);
#1272=FACE_OUTER_BOUND('',#1532,.T.);
#1273=FACE_OUTER_BOUND('',#1533,.T.);
#1274=FACE_OUTER_BOUND('',#1534,.T.);
#1275=FACE_OUTER_BOUND('',#1535,.T.);
#1276=FACE_OUTER_BOUND('',#1536,.T.);
#1277=FACE_OUTER_BOUND('',#1537,.T.);
#1278=FACE_OUTER_BOUND('',#1538,.T.);
#1279=FACE_OUTER_BOUND('',#1539,.T.);
#1280=FACE_OUTER_BOUND('',#1540,.T.);
#1281=FACE_OUTER_BOUND('',#1541,.T.);
#1282=FACE_OUTER_BOUND('',#1542,.T.);
#1283=FACE_OUTER_BOUND('',#1543,.T.);
#1284=FACE_OUTER_BOUND('',#1544,.T.);
#1285=FACE_OUTER_BOUND('',#1545,.T.);
#1286=FACE_OUTER_BOUND('',#1546,.T.);
#1287=FACE_OUTER_BOUND('',#1547,.T.);
#1288=FACE_OUTER_BOUND('',#1548,.T.);
#1289=FACE_OUTER_BOUND('',#1549,.T.);
#1290=FACE_OUTER_BOUND('',#1550,.T.);
#1291=FACE_OUTER_BOUND('',#1551,.T.);
#1292=FACE_OUTER_BOUND('',#1552,.T.);
#1293=FACE_OUTER_BOUND('',#1553,.T.);
#1294=FACE_OUTER_BOUND('',#1554,.T.);
#1295=FACE_OUTER_BOUND('',#1555,.T.);
#1296=FACE_OUTER_BOUND('',#1556,.T.);
#1297=FACE_OUTER_BOUND('',#1557,.T.);
#1298=FACE_OUTER_BOUND('',#1558,.T.);
#1299=FACE_OUTER_BOUND('',#1559,.T.);
#1300=FACE_OUTER_BOUND('',#1560,.T.);
#1301=FACE_OUTER_BOUND('',#1561,.T.);
#1302=FACE_OUTER_BOUND('',#1562,.T.);
#1303=FACE_OUTER_BOUND('',#1563,.T.);
#1304=FACE_OUTER_BOUND('',#1564,.T.);
#1305=FACE_OUTER_BOUND('',#1565,.T.);
#1306=FACE_OUTER_BOUND('',#1566,.T.);
#1307=FACE_OUTER_BOUND('',#1567,.T.);
#1308=FACE_OUTER_BOUND('',#1568,.T.);
#1309=FACE_OUTER_BOUND('',#1569,.T.);
#1310=FACE_OUTER_BOUND('',#1570,.T.);
#1311=FACE_OUTER_BOUND('',#1571,.T.);
#1312=FACE_OUTER_BOUND('',#1572,.T.);
#1313=FACE_OUTER_BOUND('',#1573,.T.);
#1314=FACE_OUTER_BOUND('',#1574,.T.);
#1315=FACE_OUTER_BOUND('',#1575,.T.);
#1316=FACE_OUTER_BOUND('',#1576,.T.);
#1317=FACE_OUTER_BOUND('',#1577,.T.);
#1318=FACE_OUTER_BOUND('',#1578,.T.);
#1319=FACE_OUTER_BOUND('',#1579,.T.);
#1320=FACE_OUTER_BOUND('',#1580,.T.);
#1321=FACE_OUTER_BOUND('',#1581,.T.);
#1322=FACE_OUTER_BOUND('',#1582,.T.);
#1323=FACE_OUTER_BOUND('',#1583,.T.);
#1324=FACE_OUTER_BOUND('',#1584,.T.);
#1325=FACE_OUTER_BOUND('',#1585,.T.);
#1326=FACE_OUTER_BOUND('',#1586,.T.);
#1327=FACE_OUTER_BOUND('',#1587,.T.);
#1328=FACE_OUTER_BOUND('',#1588,.T.);
#1329=FACE_OUTER_BOUND('',#1589,.T.);
#1330=FACE_OUTER_BOUND('',#1590,.T.);
#1331=FACE_OUTER_BOUND('',#1591,.T.);
#1332=FACE_OUTER_BOUND('',#1592,.T.);
#1333=FACE_OUTER_BOUND('',#1593,.T.);
#1334=FACE_OUTER_BOUND('',#1594,.T.);
#1335=FACE_OUTER_BOUND('',#1595,.T.);
#1336=FACE_OUTER_BOUND('',#1596,.T.);
#1337=FACE_OUTER_BOUND('',#1597,.T.);
#1338=FACE_OUTER_BOUND('',#1598,.T.);
#1339=FACE_OUTER_BOUND('',#1599,.T.);
#1340=FACE_OUTER_BOUND('',#1600,.T.);
#1341=FACE_OUTER_BOUND('',#1601,.T.);
#1342=FACE_OUTER_BOUND('',#1602,.T.);
#1343=FACE_OUTER_BOUND('',#1603,.T.);
#1344=FACE_OUTER_BOUND('',#1604,.T.);
#1345=FACE_OUTER_BOUND('',#1605,.T.);
#1346=FACE_OUTER_BOUND('',#1606,.T.);
#1347=FACE_OUTER_BOUND('',#1607,.T.);
#1348=FACE_OUTER_BOUND('',#1608,.T.);
#1349=FACE_OUTER_BOUND('',#1609,.T.);
#1350=FACE_OUTER_BOUND('',#1610,.T.);
#1351=FACE_OUTER_BOUND('',#1611,.T.);
#1352=FACE_OUTER_BOUND('',#1612,.T.);
#1353=FACE_OUTER_BOUND('',#1613,.T.);
#1354=FACE_OUTER_BOUND('',#1614,.T.);
#1355=FACE_OUTER_BOUND('',#1615,.T.);
#1356=FACE_OUTER_BOUND('',#1616,.T.);
#1357=FACE_OUTER_BOUND('',#1617,.T.);
#1358=FACE_OUTER_BOUND('',#1618,.T.);
#1359=FACE_OUTER_BOUND('',#1619,.T.);
#1360=FACE_OUTER_BOUND('',#1620,.T.);
#1361=FACE_OUTER_BOUND('',#1621,.T.);
#1362=FACE_OUTER_BOUND('',#1622,.T.);
#1363=FACE_OUTER_BOUND('',#1623,.T.);
#1364=FACE_OUTER_BOUND('',#1624,.T.);
#1365=FACE_OUTER_BOUND('',#1625,.T.);
#1366=FACE_OUTER_BOUND('',#1626,.T.);
#1367=FACE_OUTER_BOUND('',#1627,.T.);
#1368=FACE_OUTER_BOUND('',#1628,.T.);
#1369=FACE_OUTER_BOUND('',#1629,.T.);
#1370=FACE_OUTER_BOUND('',#1630,.T.);
#1371=FACE_OUTER_BOUND('',#1631,.T.);
#1372=FACE_OUTER_BOUND('',#1632,.T.);
#1373=FACE_OUTER_BOUND('',#1633,.T.);
#1374=FACE_OUTER_BOUND('',#1634,.T.);
#1375=FACE_OUTER_BOUND('',#1635,.T.);
#1376=FACE_OUTER_BOUND('',#1636,.T.);
#1377=FACE_OUTER_BOUND('',#1637,.T.);
#1378=FACE_OUTER_BOUND('',#1638,.T.);
#1379=FACE_OUTER_BOUND('',#1639,.T.);
#1380=FACE_OUTER_BOUND('',#1640,.T.);
#1381=FACE_OUTER_BOUND('',#1641,.T.);
#1382=FACE_OUTER_BOUND('',#1642,.T.);
#1383=FACE_OUTER_BOUND('',#1643,.T.);
#1384=FACE_OUTER_BOUND('',#1644,.T.);
#1385=FACE_OUTER_BOUND('',#1645,.T.);
#1386=FACE_OUTER_BOUND('',#1646,.T.);
#1387=FACE_OUTER_BOUND('',#1647,.T.);
#1388=FACE_OUTER_BOUND('',#1648,.T.);
#1389=FACE_OUTER_BOUND('',#1649,.T.);
#1390=FACE_OUTER_BOUND('',#1650,.T.);
#1391=FACE_OUTER_BOUND('',#1651,.T.);
#1392=FACE_OUTER_BOUND('',#1652,.T.);
#1393=FACE_OUTER_BOUND('',#1653,.T.);
#1394=FACE_OUTER_BOUND('',#1654,.T.);
#1395=FACE_OUTER_BOUND('',#1655,.T.);
#1396=FACE_OUTER_BOUND('',#1656,.T.);
#1397=FACE_OUTER_BOUND('',#1657,.T.);
#1398=FACE_OUTER_BOUND('',#1658,.T.);
#1399=FACE_OUTER_BOUND('',#1659,.T.);
#1400=FACE_OUTER_BOUND('',#1660,.T.);
#1401=FACE_OUTER_BOUND('',#1661,.T.);
#1402=FACE_OUTER_BOUND('',#1662,.T.);
#1403=FACE_OUTER_BOUND('',#1663,.T.);
#1404=FACE_OUTER_BOUND('',#1664,.T.);
#1405=FACE_OUTER_BOUND('',#1669,.T.);
#1406=FACE_OUTER_BOUND('',#1674,.T.);
#1407=FACE_OUTER_BOUND('',#1675,.T.);
#1408=FACE_OUTER_BOUND('',#1676,.T.);
#1409=FACE_OUTER_BOUND('',#1677,.T.);
#1410=FACE_OUTER_BOUND('',#1678,.T.);
#1411=FACE_OUTER_BOUND('',#1679,.T.);
#1412=FACE_OUTER_BOUND('',#1680,.T.);
#1413=FACE_OUTER_BOUND('',#1681,.T.);
#1414=FACE_OUTER_BOUND('',#1682,.T.);
#1415=FACE_OUTER_BOUND('',#1683,.T.);
#1416=FACE_OUTER_BOUND('',#1684,.T.);
#1417=FACE_OUTER_BOUND('',#1686,.T.);
#1418=FACE_OUTER_BOUND('',#1687,.T.);
#1419=FACE_OUTER_BOUND('',#1688,.T.);
#1420=FACE_OUTER_BOUND('',#1690,.T.);
#1421=FACE_OUTER_BOUND('',#1691,.T.);
#1422=FACE_OUTER_BOUND('',#1692,.T.);
#1423=FACE_OUTER_BOUND('',#1693,.T.);
#1424=FACE_OUTER_BOUND('',#1694,.T.);
#1425=FACE_OUTER_BOUND('',#1695,.T.);
#1426=FACE_OUTER_BOUND('',#1696,.T.);
#1427=FACE_OUTER_BOUND('',#1697,.T.);
#1428=FACE_OUTER_BOUND('',#1698,.T.);
#1429=FACE_OUTER_BOUND('',#1699,.T.);
#1430=EDGE_LOOP('',(#3204,#3205,#3206,#3207));
#1431=EDGE_LOOP('',(#3208,#3209,#3210,#3211));
#1432=EDGE_LOOP('',(#3212,#3213,#3214,#3215));
#1433=EDGE_LOOP('',(#3216,#3217,#3218,#3219));
#1434=EDGE_LOOP('',(#3220,#3221,#3222,#3223,#3224,#3225,#3226,#3227));
#1435=EDGE_LOOP('',(#3228,#3229,#3230,#3231));
#1436=EDGE_LOOP('',(#3232,#3233,#3234,#3235,#3236,#3237,#3238,#3239));
#1437=EDGE_LOOP('',(#3240,#3241,#3242,#3243,#3244,#3245,#3246,#3247));
#1438=EDGE_LOOP('',(#3248,#3249,#3250,#3251));
#1439=EDGE_LOOP('',(#3252,#3253,#3254,#3255,#3256,#3257,#3258,#3259));
#1440=EDGE_LOOP('',(#3260,#3261,#3262,#3263));
#1441=EDGE_LOOP('',(#3264,#3265,#3266,#3267));
#1442=EDGE_LOOP('',(#3268,#3269,#3270,#3271));
#1443=EDGE_LOOP('',(#3272,#3273,#3274,#3275));
#1444=EDGE_LOOP('',(#3276,#3277,#3278,#3279,#3280,#3281,#3282,#3283,#3284,
#3285,#3286,#3287,#3288,#3289,#3290,#3291,#3292,#3293,#3294,#3295,#3296,
#3297,#3298,#3299,#3300,#3301,#3302,#3303,#3304,#3305,#3306,#3307,#3308,
#3309,#3310,#3311,#3312,#3313,#3314,#3315,#3316,#3317,#3318,#3319,#3320,
#3321,#3322,#3323,#3324,#3325,#3326,#3327,#3328,#3329,#3330,#3331,#3332,
#3333,#3334,#3335,#3336,#3337,#3338,#3339,#3340,#3341,#3342,#3343,#3344,
#3345,#3346,#3347,#3348,#3349,#3350,#3351,#3352,#3353,#3354,#3355,#3356,
#3357,#3358,#3359,#3360,#3361,#3362,#3363));
#1445=EDGE_LOOP('',(#3364,#3365,#3366,#3367));
#1446=EDGE_LOOP('',(#3368,#3369,#3370,#3371));
#1447=EDGE_LOOP('',(#3372,#3373,#3374,#3375));
#1448=EDGE_LOOP('',(#3376,#3377,#3378,#3379));
#1449=EDGE_LOOP('',(#3380,#3381,#3382,#3383));
#1450=EDGE_LOOP('',(#3384,#3385,#3386,#3387));
#1451=EDGE_LOOP('',(#3388,#3389,#3390,#3391));
#1452=EDGE_LOOP('',(#3392,#3393,#3394,#3395));
#1453=EDGE_LOOP('',(#3396,#3397,#3398,#3399));
#1454=EDGE_LOOP('',(#3400,#3401,#3402,#3403));
#1455=EDGE_LOOP('',(#3404,#3405,#3406,#3407));
#1456=EDGE_LOOP('',(#3408,#3409,#3410,#3411));
#1457=EDGE_LOOP('',(#3412,#3413,#3414,#3415));
#1458=EDGE_LOOP('',(#3416,#3417,#3418,#3419));
#1459=EDGE_LOOP('',(#3420,#3421,#3422,#3423));
#1460=EDGE_LOOP('',(#3424,#3425,#3426,#3427));
#1461=EDGE_LOOP('',(#3428,#3429,#3430,#3431));
#1462=EDGE_LOOP('',(#3432,#3433,#3434,#3435));
#1463=EDGE_LOOP('',(#3436,#3437,#3438,#3439));
#1464=EDGE_LOOP('',(#3440,#3441,#3442,#3443));
#1465=EDGE_LOOP('',(#3444,#3445,#3446,#3447));
#1466=EDGE_LOOP('',(#3448,#3449,#3450,#3451));
#1467=EDGE_LOOP('',(#3452,#3453,#3454,#3455));
#1468=EDGE_LOOP('',(#3456,#3457,#3458,#3459));
#1469=EDGE_LOOP('',(#3460,#3461,#3462,#3463));
#1470=EDGE_LOOP('',(#3464,#3465,#3466,#3467));
#1471=EDGE_LOOP('',(#3468,#3469,#3470,#3471));
#1472=EDGE_LOOP('',(#3472,#3473,#3474,#3475));
#1473=EDGE_LOOP('',(#3476,#3477,#3478,#3479));
#1474=EDGE_LOOP('',(#3480,#3481,#3482,#3483));
#1475=EDGE_LOOP('',(#3484,#3485,#3486,#3487));
#1476=EDGE_LOOP('',(#3488,#3489,#3490,#3491));
#1477=EDGE_LOOP('',(#3492,#3493,#3494,#3495));
#1478=EDGE_LOOP('',(#3496,#3497,#3498,#3499));
#1479=EDGE_LOOP('',(#3500,#3501,#3502,#3503));
#1480=EDGE_LOOP('',(#3504,#3505,#3506,#3507));
#1481=EDGE_LOOP('',(#3508,#3509,#3510,#3511));
#1482=EDGE_LOOP('',(#3512,#3513,#3514,#3515));
#1483=EDGE_LOOP('',(#3516,#3517,#3518,#3519));
#1484=EDGE_LOOP('',(#3520,#3521,#3522,#3523));
#1485=EDGE_LOOP('',(#3524,#3525,#3526,#3527));
#1486=EDGE_LOOP('',(#3528,#3529,#3530,#3531));
#1487=EDGE_LOOP('',(#3532,#3533,#3534,#3535));
#1488=EDGE_LOOP('',(#3536,#3537,#3538,#3539));
#1489=EDGE_LOOP('',(#3540,#3541,#3542,#3543));
#1490=EDGE_LOOP('',(#3544,#3545,#3546,#3547));
#1491=EDGE_LOOP('',(#3548,#3549,#3550,#3551));
#1492=EDGE_LOOP('',(#3552,#3553,#3554,#3555));
#1493=EDGE_LOOP('',(#3556,#3557,#3558,#3559));
#1494=EDGE_LOOP('',(#3560,#3561,#3562,#3563));
#1495=EDGE_LOOP('',(#3564,#3565,#3566,#3567));
#1496=EDGE_LOOP('',(#3568,#3569,#3570,#3571));
#1497=EDGE_LOOP('',(#3572,#3573,#3574,#3575));
#1498=EDGE_LOOP('',(#3576,#3577,#3578,#3579));
#1499=EDGE_LOOP('',(#3580,#3581,#3582,#3583));
#1500=EDGE_LOOP('',(#3584,#3585,#3586,#3587));
#1501=EDGE_LOOP('',(#3588,#3589,#3590,#3591));
#1502=EDGE_LOOP('',(#3592,#3593,#3594,#3595));
#1503=EDGE_LOOP('',(#3596,#3597,#3598,#3599));
#1504=EDGE_LOOP('',(#3600,#3601,#3602,#3603));
#1505=EDGE_LOOP('',(#3604,#3605,#3606,#3607));
#1506=EDGE_LOOP('',(#3608,#3609,#3610,#3611));
#1507=EDGE_LOOP('',(#3612,#3613,#3614,#3615));
#1508=EDGE_LOOP('',(#3616,#3617,#3618,#3619));
#1509=EDGE_LOOP('',(#3620,#3621,#3622,#3623));
#1510=EDGE_LOOP('',(#3624,#3625,#3626,#3627));
#1511=EDGE_LOOP('',(#3628,#3629,#3630,#3631));
#1512=EDGE_LOOP('',(#3632,#3633,#3634,#3635));
#1513=EDGE_LOOP('',(#3636,#3637,#3638,#3639));
#1514=EDGE_LOOP('',(#3640,#3641,#3642,#3643));
#1515=EDGE_LOOP('',(#3644,#3645,#3646,#3647));
#1516=EDGE_LOOP('',(#3648,#3649,#3650,#3651));
#1517=EDGE_LOOP('',(#3652,#3653,#3654,#3655));
#1518=EDGE_LOOP('',(#3656,#3657,#3658,#3659));
#1519=EDGE_LOOP('',(#3660,#3661,#3662,#3663));
#1520=EDGE_LOOP('',(#3664,#3665,#3666,#3667));
#1521=EDGE_LOOP('',(#3668,#3669,#3670,#3671));
#1522=EDGE_LOOP('',(#3672,#3673,#3674,#3675));
#1523=EDGE_LOOP('',(#3676,#3677,#3678,#3679));
#1524=EDGE_LOOP('',(#3680,#3681,#3682,#3683));
#1525=EDGE_LOOP('',(#3684,#3685,#3686,#3687));
#1526=EDGE_LOOP('',(#3688,#3689,#3690,#3691));
#1527=EDGE_LOOP('',(#3692,#3693,#3694,#3695,#3696,#3697,#3698,#3699,#3700,
#3701,#3702,#3703,#3704,#3705,#3706,#3707,#3708,#3709,#3710,#3711,#3712,
#3713,#3714,#3715,#3716,#3717,#3718,#3719,#3720,#3721,#3722,#3723,#3724,
#3725,#3726,#3727,#3728,#3729,#3730,#3731,#3732,#3733,#3734,#3735,#3736,
#3737,#3738,#3739,#3740,#3741,#3742,#3743,#3744,#3745,#3746,#3747,#3748,
#3749,#3750,#3751,#3752,#3753,#3754,#3755,#3756,#3757,#3758,#3759,#3760,
#3761,#3762,#3763,#3764,#3765,#3766,#3767,#3768,#3769,#3770,#3771,#3772,
#3773,#3774,#3775,#3776,#3777,#3778,#3779));
#1528=EDGE_LOOP('',(#3780,#3781,#3782,#3783));
#1529=EDGE_LOOP('',(#3784,#3785,#3786,#3787));
#1530=EDGE_LOOP('',(#3788,#3789,#3790,#3791));
#1531=EDGE_LOOP('',(#3792,#3793,#3794,#3795));
#1532=EDGE_LOOP('',(#3796,#3797,#3798,#3799,#3800,#3801,#3802,#3803));
#1533=EDGE_LOOP('',(#3804,#3805,#3806,#3807,#3808,#3809,#3810,#3811));
#1534=EDGE_LOOP('',(#3812,#3813,#3814,#3815,#3816,#3817,#3818,#3819,#3820,
#3821,#3822,#3823,#3824,#3825,#3826,#3827,#3828,#3829,#3830,#3831,#3832,
#3833,#3834,#3835,#3836,#3837,#3838,#3839,#3840,#3841,#3842,#3843,#3844,
#3845,#3846,#3847,#3848,#3849,#3850,#3851,#3852,#3853,#3854,#3855,#3856,
#3857,#3858,#3859,#3860,#3861,#3862,#3863,#3864,#3865,#3866,#3867,#3868,
#3869,#3870,#3871,#3872,#3873));
#1535=EDGE_LOOP('',(#3874,#3875,#3876,#3877));
#1536=EDGE_LOOP('',(#3878,#3879,#3880,#3881));
#1537=EDGE_LOOP('',(#3882,#3883,#3884,#3885));
#1538=EDGE_LOOP('',(#3886,#3887,#3888,#3889));
#1539=EDGE_LOOP('',(#3890,#3891,#3892,#3893));
#1540=EDGE_LOOP('',(#3894,#3895,#3896,#3897,#3898,#3899,#3900,#3901));
#1541=EDGE_LOOP('',(#3902,#3903,#3904,#3905));
#1542=EDGE_LOOP('',(#3906,#3907,#3908,#3909,#3910,#3911,#3912,#3913));
#1543=EDGE_LOOP('',(#3914,#3915,#3916,#3917));
#1544=EDGE_LOOP('',(#3918,#3919,#3920,#3921));
#1545=EDGE_LOOP('',(#3922,#3923,#3924,#3925));
#1546=EDGE_LOOP('',(#3926,#3927,#3928,#3929));
#1547=EDGE_LOOP('',(#3930,#3931,#3932,#3933));
#1548=EDGE_LOOP('',(#3934,#3935,#3936,#3937));
#1549=EDGE_LOOP('',(#3938,#3939,#3940,#3941));
#1550=EDGE_LOOP('',(#3942,#3943,#3944,#3945));
#1551=EDGE_LOOP('',(#3946,#3947,#3948,#3949));
#1552=EDGE_LOOP('',(#3950,#3951,#3952,#3953));
#1553=EDGE_LOOP('',(#3954,#3955,#3956,#3957));
#1554=EDGE_LOOP('',(#3958,#3959,#3960,#3961));
#1555=EDGE_LOOP('',(#3962,#3963,#3964,#3965));
#1556=EDGE_LOOP('',(#3966,#3967,#3968,#3969));
#1557=EDGE_LOOP('',(#3970,#3971,#3972,#3973));
#1558=EDGE_LOOP('',(#3974,#3975,#3976,#3977));
#1559=EDGE_LOOP('',(#3978,#3979,#3980,#3981));
#1560=EDGE_LOOP('',(#3982,#3983,#3984,#3985));
#1561=EDGE_LOOP('',(#3986,#3987,#3988,#3989));
#1562=EDGE_LOOP('',(#3990,#3991,#3992,#3993));
#1563=EDGE_LOOP('',(#3994,#3995,#3996,#3997));
#1564=EDGE_LOOP('',(#3998,#3999,#4000,#4001));
#1565=EDGE_LOOP('',(#4002,#4003,#4004,#4005));
#1566=EDGE_LOOP('',(#4006,#4007,#4008,#4009));
#1567=EDGE_LOOP('',(#4010,#4011,#4012,#4013));
#1568=EDGE_LOOP('',(#4014,#4015,#4016,#4017));
#1569=EDGE_LOOP('',(#4018,#4019,#4020,#4021));
#1570=EDGE_LOOP('',(#4022,#4023,#4024,#4025));
#1571=EDGE_LOOP('',(#4026,#4027,#4028,#4029));
#1572=EDGE_LOOP('',(#4030,#4031,#4032,#4033));
#1573=EDGE_LOOP('',(#4034,#4035,#4036,#4037));
#1574=EDGE_LOOP('',(#4038,#4039,#4040,#4041));
#1575=EDGE_LOOP('',(#4042,#4043,#4044,#4045));
#1576=EDGE_LOOP('',(#4046,#4047,#4048,#4049));
#1577=EDGE_LOOP('',(#4050,#4051,#4052,#4053));
#1578=EDGE_LOOP('',(#4054,#4055,#4056,#4057));
#1579=EDGE_LOOP('',(#4058,#4059,#4060,#4061));
#1580=EDGE_LOOP('',(#4062,#4063,#4064,#4065));
#1581=EDGE_LOOP('',(#4066,#4067,#4068,#4069));
#1582=EDGE_LOOP('',(#4070,#4071,#4072,#4073));
#1583=EDGE_LOOP('',(#4074,#4075,#4076,#4077));
#1584=EDGE_LOOP('',(#4078,#4079,#4080,#4081));
#1585=EDGE_LOOP('',(#4082,#4083,#4084,#4085));
#1586=EDGE_LOOP('',(#4086,#4087,#4088,#4089));
#1587=EDGE_LOOP('',(#4090,#4091,#4092,#4093));
#1588=EDGE_LOOP('',(#4094,#4095,#4096,#4097));
#1589=EDGE_LOOP('',(#4098,#4099,#4100,#4101));
#1590=EDGE_LOOP('',(#4102,#4103,#4104,#4105));
#1591=EDGE_LOOP('',(#4106,#4107,#4108,#4109));
#1592=EDGE_LOOP('',(#4110,#4111,#4112,#4113));
#1593=EDGE_LOOP('',(#4114,#4115,#4116,#4117));
#1594=EDGE_LOOP('',(#4118,#4119,#4120,#4121));
#1595=EDGE_LOOP('',(#4122,#4123,#4124,#4125));
#1596=EDGE_LOOP('',(#4126,#4127,#4128,#4129));
#1597=EDGE_LOOP('',(#4130,#4131,#4132,#4133));
#1598=EDGE_LOOP('',(#4134,#4135,#4136,#4137));
#1599=EDGE_LOOP('',(#4138,#4139,#4140,#4141,#4142,#4143,#4144,#4145,#4146,
#4147,#4148,#4149,#4150,#4151,#4152,#4153,#4154,#4155,#4156,#4157,#4158,
#4159,#4160,#4161,#4162,#4163,#4164,#4165,#4166,#4167,#4168,#4169,#4170,
#4171,#4172,#4173,#4174,#4175,#4176,#4177,#4178,#4179,#4180,#4181,#4182,
#4183,#4184,#4185,#4186,#4187,#4188,#4189,#4190,#4191,#4192,#4193,#4194,
#4195,#4196,#4197,#4198,#4199));
#1600=EDGE_LOOP('',(#4200,#4201,#4202,#4203));
#1601=EDGE_LOOP('',(#4204,#4205,#4206,#4207));
#1602=EDGE_LOOP('',(#4208,#4209,#4210,#4211));
#1603=EDGE_LOOP('',(#4212,#4213,#4214,#4215));
#1604=EDGE_LOOP('',(#4216,#4217,#4218,#4219));
#1605=EDGE_LOOP('',(#4220,#4221,#4222,#4223));
#1606=EDGE_LOOP('',(#4224,#4225,#4226,#4227));
#1607=EDGE_LOOP('',(#4228,#4229,#4230,#4231));
#1608=EDGE_LOOP('',(#4232,#4233,#4234,#4235));
#1609=EDGE_LOOP('',(#4236,#4237,#4238,#4239));
#1610=EDGE_LOOP('',(#4240,#4241,#4242,#4243));
#1611=EDGE_LOOP('',(#4244,#4245,#4246,#4247));
#1612=EDGE_LOOP('',(#4248,#4249,#4250,#4251));
#1613=EDGE_LOOP('',(#4252,#4253,#4254,#4255));
#1614=EDGE_LOOP('',(#4256,#4257,#4258,#4259));
#1615=EDGE_LOOP('',(#4260,#4261,#4262,#4263));
#1616=EDGE_LOOP('',(#4264,#4265,#4266,#4267));
#1617=EDGE_LOOP('',(#4268,#4269,#4270,#4271));
#1618=EDGE_LOOP('',(#4272,#4273,#4274,#4275));
#1619=EDGE_LOOP('',(#4276,#4277,#4278,#4279));
#1620=EDGE_LOOP('',(#4280,#4281,#4282,#4283));
#1621=EDGE_LOOP('',(#4284,#4285,#4286,#4287));
#1622=EDGE_LOOP('',(#4288,#4289,#4290,#4291));
#1623=EDGE_LOOP('',(#4292,#4293,#4294,#4295));
#1624=EDGE_LOOP('',(#4296,#4297,#4298,#4299));
#1625=EDGE_LOOP('',(#4300,#4301,#4302,#4303));
#1626=EDGE_LOOP('',(#4304,#4305,#4306,#4307));
#1627=EDGE_LOOP('',(#4308,#4309,#4310,#4311));
#1628=EDGE_LOOP('',(#4312,#4313,#4314,#4315));
#1629=EDGE_LOOP('',(#4316,#4317,#4318,#4319));
#1630=EDGE_LOOP('',(#4320,#4321,#4322,#4323));
#1631=EDGE_LOOP('',(#4324,#4325,#4326,#4327));
#1632=EDGE_LOOP('',(#4328,#4329,#4330,#4331));
#1633=EDGE_LOOP('',(#4332,#4333,#4334,#4335));
#1634=EDGE_LOOP('',(#4336,#4337,#4338,#4339));
#1635=EDGE_LOOP('',(#4340,#4341,#4342,#4343));
#1636=EDGE_LOOP('',(#4344,#4345,#4346,#4347));
#1637=EDGE_LOOP('',(#4348,#4349,#4350,#4351));
#1638=EDGE_LOOP('',(#4352,#4353,#4354,#4355));
#1639=EDGE_LOOP('',(#4356,#4357,#4358,#4359));
#1640=EDGE_LOOP('',(#4360,#4361,#4362,#4363));
#1641=EDGE_LOOP('',(#4364,#4365,#4366,#4367));
#1642=EDGE_LOOP('',(#4368,#4369,#4370,#4371));
#1643=EDGE_LOOP('',(#4372,#4373,#4374,#4375));
#1644=EDGE_LOOP('',(#4376,#4377,#4378,#4379));
#1645=EDGE_LOOP('',(#4380,#4381,#4382,#4383));
#1646=EDGE_LOOP('',(#4384,#4385,#4386,#4387));
#1647=EDGE_LOOP('',(#4388,#4389,#4390,#4391));
#1648=EDGE_LOOP('',(#4392,#4393,#4394,#4395));
#1649=EDGE_LOOP('',(#4396,#4397,#4398,#4399));
#1650=EDGE_LOOP('',(#4400,#4401,#4402,#4403));
#1651=EDGE_LOOP('',(#4404,#4405,#4406,#4407));
#1652=EDGE_LOOP('',(#4408,#4409,#4410,#4411));
#1653=EDGE_LOOP('',(#4412,#4413,#4414,#4415));
#1654=EDGE_LOOP('',(#4416,#4417,#4418,#4419));
#1655=EDGE_LOOP('',(#4420,#4421,#4422,#4423));
#1656=EDGE_LOOP('',(#4424,#4425,#4426,#4427));
#1657=EDGE_LOOP('',(#4428,#4429,#4430,#4431));
#1658=EDGE_LOOP('',(#4432,#4433,#4434,#4435));
#1659=EDGE_LOOP('',(#4436,#4437,#4438,#4439));
#1660=EDGE_LOOP('',(#4440,#4441,#4442,#4443));
#1661=EDGE_LOOP('',(#4444,#4445,#4446,#4447));
#1662=EDGE_LOOP('',(#4448,#4449,#4450,#4451));
#1663=EDGE_LOOP('',(#4452,#4453,#4454,#4455));
#1664=EDGE_LOOP('',(#4456,#4457,#4458,#4459,#4460,#4461,#4462,#4463,#4464,
#4465,#4466,#4467,#4468,#4469,#4470,#4471,#4472,#4473,#4474,#4475,#4476,
#4477,#4478,#4479,#4480,#4481,#4482,#4483,#4484,#4485,#4486,#4487,#4488,
#4489,#4490,#4491,#4492,#4493,#4494,#4495,#4496,#4497,#4498,#4499,#4500,
#4501,#4502,#4503,#4504,#4505,#4506,#4507,#4508,#4509,#4510,#4511));
#1665=EDGE_LOOP('',(#4512));
#1666=EDGE_LOOP('',(#4513));
#1667=EDGE_LOOP('',(#4514));
#1668=EDGE_LOOP('',(#4515));
#1669=EDGE_LOOP('',(#4516,#4517,#4518,#4519,#4520,#4521,#4522,#4523,#4524,
#4525,#4526,#4527,#4528,#4529,#4530,#4531,#4532,#4533,#4534,#4535,#4536,
#4537,#4538,#4539,#4540,#4541,#4542,#4543,#4544,#4545,#4546,#4547,#4548,
#4549,#4550,#4551,#4552,#4553,#4554,#4555,#4556,#4557,#4558,#4559,#4560,
#4561,#4562,#4563,#4564,#4565,#4566,#4567,#4568,#4569,#4570,#4571));
#1670=EDGE_LOOP('',(#4572));
#1671=EDGE_LOOP('',(#4573));
#1672=EDGE_LOOP('',(#4574));
#1673=EDGE_LOOP('',(#4575));
#1674=EDGE_LOOP('',(#4576,#4577,#4578,#4579,#4580));
#1675=EDGE_LOOP('',(#4581,#4582,#4583,#4584,#4585));
#1676=EDGE_LOOP('',(#4586));
#1677=EDGE_LOOP('',(#4587,#4588,#4589,#4590,#4591));
#1678=EDGE_LOOP('',(#4592,#4593,#4594,#4595));
#1679=EDGE_LOOP('',(#4596,#4597,#4598,#4599));
#1680=EDGE_LOOP('',(#4600,#4601,#4602,#4603));
#1681=EDGE_LOOP('',(#4604,#4605,#4606,#4607));
#1682=EDGE_LOOP('',(#4608,#4609,#4610,#4611));
#1683=EDGE_LOOP('',(#4612,#4613,#4614,#4615,#4616,#4617,#4618,#4619,#4620));
#1684=EDGE_LOOP('',(#4621));
#1685=EDGE_LOOP('',(#4622,#4623,#4624,#4625,#4626,#4627));
#1686=EDGE_LOOP('',(#4628,#4629,#4630,#4631));
#1687=EDGE_LOOP('',(#4632,#4633,#4634,#4635));
#1688=EDGE_LOOP('',(#4636,#4637,#4638,#4639));
#1689=EDGE_LOOP('',(#4640,#4641,#4642,#4643));
#1690=EDGE_LOOP('',(#4644,#4645,#4646,#4647));
#1691=EDGE_LOOP('',(#4648,#4649,#4650,#4651));
#1692=EDGE_LOOP('',(#4652,#4653,#4654,#4655));
#1693=EDGE_LOOP('',(#4656,#4657,#4658,#4659));
#1694=EDGE_LOOP('',(#4660,#4661,#4662,#4663));
#1695=EDGE_LOOP('',(#4664,#4665,#4666,#4667));
#1696=EDGE_LOOP('',(#4668,#4669,#4670,#4671));
#1697=EDGE_LOOP('',(#4672,#4673,#4674,#4675));
#1698=EDGE_LOOP('',(#4676,#4677,#4678,#4679));
#1699=EDGE_LOOP('',(#4680,#4681,#4682,#4683));
#1700=CIRCLE('',#5209,0.649999999999943);
#1701=CIRCLE('',#5210,1.425);
#1702=CIRCLE('',#5211,0.650000000000034);
#1703=CIRCLE('',#5212,1.31499999999996);
#1704=CIRCLE('',#5214,1.425);
#1705=CIRCLE('',#5216,0.649999999999969);
#1706=CIRCLE('',#5217,1.425);
#1707=CIRCLE('',#5218,0.649999999999977);
#1708=CIRCLE('',#5219,1.315);
#1709=CIRCLE('',#5221,1.425);
#1710=CIRCLE('',#5223,0.649999999999943);
#1711=CIRCLE('',#5224,0.649999999999943);
#1712=CIRCLE('',#5225,0.649999999999943);
#1713=CIRCLE('',#5227,1.31499999999996);
#1714=CIRCLE('',#5229,0.650000000000034);
#1715=CIRCLE('',#5230,0.650000000000034);
#1716=CIRCLE('',#5231,0.650000000000034);
#1717=CIRCLE('',#5233,0.649999999999969);
#1718=CIRCLE('',#5234,0.649999999999969);
#1719=CIRCLE('',#5235,0.649999999999969);
#1720=CIRCLE('',#5237,1.315);
#1721=CIRCLE('',#5239,0.649999999999977);
#1722=CIRCLE('',#5240,0.649999999999977);
#1723=CIRCLE('',#5241,0.649999999999977);
#1724=CIRCLE('',#5243,1.425);
#1725=CIRCLE('',#5244,1.425);
#1726=CIRCLE('',#5247,1.425);
#1727=CIRCLE('',#5248,1.425);
#1728=CIRCLE('',#5251,0.299999999999727);
#1729=CIRCLE('',#5252,0.500000000011312);
#1730=CIRCLE('',#5253,0.700000000000387);
#1731=CIRCLE('',#5254,0.300000000001376);
#1732=CIRCLE('',#5255,0.30000000000075);
#1733=CIRCLE('',#5256,0.300000000002797);
#1734=CIRCLE('',#5257,0.300000000000637);
#1735=CIRCLE('',#5258,0.299999999999955);
#1736=CIRCLE('',#5259,1.99999999999885);
#1737=CIRCLE('',#5260,0.499999999999432);
#1738=CIRCLE('',#5261,0.500000000000534);
#1739=CIRCLE('',#5262,1.99999999999963);
#1740=CIRCLE('',#5263,0.500000000001705);
#1741=CIRCLE('',#5264,0.500000000000045);
#1742=CIRCLE('',#5265,1.9999999999996);
#1743=CIRCLE('',#5266,0.500000000002387);
#1744=CIRCLE('',#5267,0.500000000000023);
#1745=CIRCLE('',#5268,1.99999999999984);
#1746=CIRCLE('',#5269,0.500000000002615);
#1747=CIRCLE('',#5270,5.00000000002086);
#1748=CIRCLE('',#5271,5.0000000000208);
#1749=CIRCLE('',#5272,0.500000000002581);
#1750=CIRCLE('',#5273,1.99999999999981);
#1751=CIRCLE('',#5274,0.5);
#1752=CIRCLE('',#5275,0.500000000002399);
#1753=CIRCLE('',#5276,1.99999999999961);
#1754=CIRCLE('',#5277,0.5);
#1755=CIRCLE('',#5278,0.500000000001705);
#1756=CIRCLE('',#5279,1.99999999999968);
#1757=CIRCLE('',#5280,0.500000000000568);
#1758=CIRCLE('',#5281,0.49999999999942);
#1759=CIRCLE('',#5282,1.99999999999886);
#1760=CIRCLE('',#5283,0.299999999999955);
#1761=CIRCLE('',#5284,0.300000000000693);
#1762=CIRCLE('',#5285,0.300000000002797);
#1763=CIRCLE('',#5286,0.300000000000693);
#1764=CIRCLE('',#5287,0.300000000001319);
#1765=CIRCLE('',#5288,0.7000000000005);
#1766=CIRCLE('',#5289,0.500000000011369);
#1767=CIRCLE('',#5290,0.299999999999752);
#1768=CIRCLE('',#5291,0.499999999737383);
#1769=CIRCLE('',#5292,0.49999999973727);
#1770=CIRCLE('',#5294,0.49999999973727);
#1771=CIRCLE('',#5302,0.299999999999727);
#1772=CIRCLE('',#5305,0.500000000011312);
#1773=CIRCLE('',#5307,0.700000000000387);
#1774=CIRCLE('',#5310,0.300000000001376);
#1775=CIRCLE('',#5313,0.30000000000075);
#1776=CIRCLE('',#5316,0.300000000002797);
#1777=CIRCLE('',#5319,0.300000000000637);
#1778=CIRCLE('',#5322,0.299999999999955);
#1779=CIRCLE('',#5325,1.99999999999885);
#1780=CIRCLE('',#5327,0.499999999999432);
#1781=CIRCLE('',#5330,0.500000000000534);
#1782=CIRCLE('',#5332,1.99999999999963);
#1783=CIRCLE('',#5334,0.500000000001705);
#1784=CIRCLE('',#5337,0.500000000000045);
#1785=CIRCLE('',#5339,1.9999999999996);
#1786=CIRCLE('',#5341,0.500000000002387);
#1787=CIRCLE('',#5344,0.500000000000023);
#1788=CIRCLE('',#5346,1.99999999999984);
#1789=CIRCLE('',#5348,0.500000000002615);
#1790=CIRCLE('',#5351,5.00000000002086);
#1791=CIRCLE('',#5358,5.0000000000208);
#1792=CIRCLE('',#5361,0.500000000002581);
#1793=CIRCLE('',#5363,1.99999999999981);
#1794=CIRCLE('',#5365,0.5);
#1795=CIRCLE('',#5368,0.500000000002399);
#1796=CIRCLE('',#5370,1.99999999999961);
#1797=CIRCLE('',#5372,0.5);
#1798=CIRCLE('',#5375,0.500000000001705);
#1799=CIRCLE('',#5377,1.99999999999968);
#1800=CIRCLE('',#5379,0.500000000000568);
#1801=CIRCLE('',#5382,0.49999999999942);
#1802=CIRCLE('',#5384,1.99999999999886);
#1803=CIRCLE('',#5387,0.299999999999955);
#1804=CIRCLE('',#5390,0.300000000000693);
#1805=CIRCLE('',#5393,0.300000000002797);
#1806=CIRCLE('',#5396,0.300000000000693);
#1807=CIRCLE('',#5399,0.300000000001319);
#1808=CIRCLE('',#5402,0.7000000000005);
#1809=CIRCLE('',#5404,0.500000000011369);
#1810=CIRCLE('',#5407,0.299999999999752);
#1811=CIRCLE('',#5415,0.499999999737383);
#1812=CIRCLE('',#5420,1.425);
#1813=CIRCLE('',#5421,1.425);
#1814=CIRCLE('',#5423,0.650000000000004);
#1815=CIRCLE('',#5424,1.31499999999999);
#1816=CIRCLE('',#5425,0.649999999999977);
#1817=CIRCLE('',#5427,1.425);
#1818=CIRCLE('',#5428,1.425);
#1819=CIRCLE('',#5430,0.649999999999972);
#1820=CIRCLE('',#5431,1.31499999999999);
#1821=CIRCLE('',#5432,0.650000000000006);
#1822=CIRCLE('',#5434,0.650000000000004);
#1823=CIRCLE('',#5435,0.650000000000004);
#1824=CIRCLE('',#5436,0.650000000000004);
#1825=CIRCLE('',#5438,0.649999999999972);
#1826=CIRCLE('',#5439,0.649999999999972);
#1827=CIRCLE('',#5440,0.649999999999972);
#1828=CIRCLE('',#5442,0.649999999999977);
#1829=CIRCLE('',#5443,0.499999999999972);
#1830=CIRCLE('',#5444,0.300000000000097);
#1831=CIRCLE('',#5445,0.300000000000054);
#1832=CIRCLE('',#5446,0.299999999999955);
#1833=CIRCLE('',#5447,0.300000000000046);
#1834=CIRCLE('',#5448,2.00000000000156);
#1835=CIRCLE('',#5449,0.5);
#1836=CIRCLE('',#5450,4.99999999999838);
#1837=CIRCLE('',#5451,4.99999999999839);
#1838=CIRCLE('',#5452,0.5);
#1839=CIRCLE('',#5453,2.00000000000156);
#1840=CIRCLE('',#5454,0.30000000000004);
#1841=CIRCLE('',#5455,0.299999999999968);
#1842=CIRCLE('',#5456,0.300000000000054);
#1843=CIRCLE('',#5457,0.300000000000097);
#1844=CIRCLE('',#5458,0.499999999999957);
#1845=CIRCLE('',#5459,0.650000000000006);
#1846=CIRCLE('',#5460,0.500000000000043);
#1847=CIRCLE('',#5461,0.500000000000256);
#1848=CIRCLE('',#5462,0.500000000000171);
#1849=CIRCLE('',#5463,0.500000000000043);
#1850=CIRCLE('',#5465,1.425);
#1851=CIRCLE('',#5466,0.649999999999977);
#1852=CIRCLE('',#5467,1.31499999999999);
#1853=CIRCLE('',#5469,1.425);
#1854=CIRCLE('',#5471,1.425);
#1855=CIRCLE('',#5472,0.650000000000006);
#1856=CIRCLE('',#5473,1.31499999999999);
#1857=CIRCLE('',#5475,1.425);
#1858=CIRCLE('',#5478,0.649999999999977);
#1859=CIRCLE('',#5481,0.650000000000006);
#1860=CIRCLE('',#5483,0.500000000000171);
#1861=CIRCLE('',#5486,0.500000000000043);
#1862=CIRCLE('',#5490,0.499999999999972);
#1863=CIRCLE('',#5495,0.300000000000097);
#1864=CIRCLE('',#5498,0.300000000000054);
#1865=CIRCLE('',#5503,0.299999999999955);
#1866=CIRCLE('',#5506,0.300000000000046);
#1867=CIRCLE('',#5511,2.00000000000156);
#1868=CIRCLE('',#5513,0.5);
#1869=CIRCLE('',#5516,4.99999999999838);
#1870=CIRCLE('',#5523,4.99999999999839);
#1871=CIRCLE('',#5526,0.5);
#1872=CIRCLE('',#5528,2.00000000000156);
#1873=CIRCLE('',#5533,0.30000000000004);
#1874=CIRCLE('',#5536,0.299999999999968);
#1875=CIRCLE('',#5541,0.300000000000054);
#1876=CIRCLE('',#5544,0.300000000000097);
#1877=CIRCLE('',#5549,0.499999999999957);
#1878=CIRCLE('',#5553,0.500000000000043);
#1879=CIRCLE('',#5556,0.500000000000256);
#1880=CIRCLE('',#5561,1.65);
#1881=CIRCLE('',#5562,3.3);
#1882=CIRCLE('',#5564,1.65);
#1883=CIRCLE('',#5566,1.65);
#1884=CIRCLE('',#5567,3.3);
#1885=CIRCLE('',#5569,1.65);
#1886=CIRCLE('',#5571,1.65);
#1887=CIRCLE('',#5572,3.3);
#1888=CIRCLE('',#5574,1.65);
#1889=CIRCLE('',#5576,1.65);
#1890=CIRCLE('',#5577,3.3);
#1891=CIRCLE('',#5579,1.65);
#1892=CIRCLE('',#5581,1.00000000000001);
#1893=CIRCLE('',#5582,1.00000000000001);
#1894=CIRCLE('',#5585,1.);
#1895=CIRCLE('',#5586,1.);
#1896=CIRCLE('',#5589,1.00000000000009);
#1897=CIRCLE('',#5590,1.00000000000009);
#1898=CIRCLE('',#5593,5.50000000000011);
#1899=CIRCLE('',#5594,5.50000000000011);
#1900=CIRCLE('',#5597,0.500000000000159);
#1901=CIRCLE('',#5598,0.500000000000159);
#1902=CIRCLE('',#5600,2.00000000000011);
#1903=CIRCLE('',#5601,2.00000000000011);
#1904=CIRCLE('',#5603,0.5);
#1905=CIRCLE('',#5604,0.5);
#1906=CIRCLE('',#5607,0.499999999999909);
#1907=CIRCLE('',#5608,0.499999999999909);
#1908=CIRCLE('',#5610,2.00000000000005);
#1909=CIRCLE('',#5611,2.00000000000005);
#1910=CIRCLE('',#5613,0.499999999999659);
#1911=CIRCLE('',#5614,0.499999999999659);
#1912=CIRCLE('',#5617,0.5);
#1913=CIRCLE('',#5618,0.5);
#1914=CIRCLE('',#5620,2.00000000000004);
#1915=CIRCLE('',#5621,2.00000000000004);
#1916=CIRCLE('',#5623,0.499999999999545);
#1917=CIRCLE('',#5624,0.499999999999545);
#1918=CIRCLE('',#5627,0.499999999999909);
#1919=CIRCLE('',#5628,0.499999999999909);
#1920=CIRCLE('',#5630,1.99999999999977);
#1921=CIRCLE('',#5631,1.99999999999977);
#1922=CIRCLE('',#5633,0.5);
#1923=CIRCLE('',#5634,0.5);
#1924=CIRCLE('',#5637,5.50000000000091);
#1925=CIRCLE('',#5638,5.50000000000091);
#1926=CIRCLE('',#5641,1.00000000000001);
#1927=CIRCLE('',#5642,1.00000000000001);
#1928=CIRCLE('',#5645,1.);
#1929=CIRCLE('',#5646,1.);
#1930=CIRCLE('',#5649,1.00000000000001);
#1931=CIRCLE('',#5650,1.00000000000001);
#1932=CIRCLE('',#5653,1.00000000000125);
#1933=CIRCLE('',#5654,1.00000000000125);
#1934=CIRCLE('',#5657,5.5);
#1935=CIRCLE('',#5658,5.5);
#1936=CIRCLE('',#5661,0.500000000000068);
#1937=CIRCLE('',#5662,0.500000000000068);
#1938=CIRCLE('',#5664,2.00000000000011);
#1939=CIRCLE('',#5665,2.00000000000011);
#1940=CIRCLE('',#5667,0.500000000000341);
#1941=CIRCLE('',#5668,0.500000000000341);
#1942=CIRCLE('',#5671,0.500000000000068);
#1943=CIRCLE('',#5672,0.500000000000068);
#1944=CIRCLE('',#5674,2.00000000000011);
#1945=CIRCLE('',#5675,2.00000000000011);
#1946=CIRCLE('',#5677,0.500000000000341);
#1947=CIRCLE('',#5678,0.500000000000341);
#1948=CIRCLE('',#5681,0.500000000000091);
#1949=CIRCLE('',#5682,0.500000000000091);
#1950=CIRCLE('',#5684,1.99999999999968);
#1951=CIRCLE('',#5685,1.99999999999968);
#1952=CIRCLE('',#5687,0.499999999999432);
#1953=CIRCLE('',#5688,0.499999999999432);
#1954=CIRCLE('',#5691,0.499999999999716);
#1955=CIRCLE('',#5692,0.499999999999716);
#1956=CIRCLE('',#5694,2.00000000000011);
#1957=CIRCLE('',#5695,2.00000000000011);
#1958=CIRCLE('',#5697,0.500000000000341);
#1959=CIRCLE('',#5698,0.500000000000341);
#1960=CIRCLE('',#5701,5.49999999999429);
#1961=CIRCLE('',#5702,5.49999999999429);
#1962=CIRCLE('',#5705,1.00000000000034);
#1963=CIRCLE('',#5706,1.00000000000034);
#1964=CIRCLE('',#5712,1.49999999999999);
#1965=CIRCLE('',#5713,1.19327499999999);
#1966=CIRCLE('',#5714,1.49999999999999);
#1967=CIRCLE('',#5716,1.5);
#1968=CIRCLE('',#5726,2.77000000000001);
#1969=CIRCLE('',#5728,2.77000000000001);
#1970=CIRCLE('',#5740,10.);
#1971=CIRCLE('',#5741,10.);
#1972=VERTEX_POINT('',#7338);
#1973=VERTEX_POINT('',#7339);
#1974=VERTEX_POINT('',#7341);
#1975=VERTEX_POINT('',#7343);
#1976=VERTEX_POINT('',#7347);
#1977=VERTEX_POINT('',#7349);
#1978=VERTEX_POINT('',#7353);
#1979=VERTEX_POINT('',#7354);
#1980=VERTEX_POINT('',#7356);
#1981=VERTEX_POINT('',#7358);
#1982=VERTEX_POINT('',#7362);
#1983=VERTEX_POINT('',#7364);
#1984=VERTEX_POINT('',#7368);
#1985=VERTEX_POINT('',#7370);
#1986=VERTEX_POINT('',#7372);
#1987=VERTEX_POINT('',#7374);
#1988=VERTEX_POINT('',#7376);
#1989=VERTEX_POINT('',#7380);
#1990=VERTEX_POINT('',#7384);
#1991=VERTEX_POINT('',#7386);
#1992=VERTEX_POINT('',#7388);
#1993=VERTEX_POINT('',#7390);
#1994=VERTEX_POINT('',#7394);
#1995=VERTEX_POINT('',#7396);
#1996=VERTEX_POINT('',#7398);
#1997=VERTEX_POINT('',#7400);
#1998=VERTEX_POINT('',#7402);
#1999=VERTEX_POINT('',#7406);
#2000=VERTEX_POINT('',#7410);
#2001=VERTEX_POINT('',#7412);
#2002=VERTEX_POINT('',#7414);
#2003=VERTEX_POINT('',#7416);
#2004=VERTEX_POINT('',#7428);
#2005=VERTEX_POINT('',#7430);
#2006=VERTEX_POINT('',#7432);
#2007=VERTEX_POINT('',#7434);
#2008=VERTEX_POINT('',#7436);
#2009=VERTEX_POINT('',#7438);
#2010=VERTEX_POINT('',#7440);
#2011=VERTEX_POINT('',#7442);
#2012=VERTEX_POINT('',#7444);
#2013=VERTEX_POINT('',#7446);
#2014=VERTEX_POINT('',#7448);
#2015=VERTEX_POINT('',#7450);
#2016=VERTEX_POINT('',#7452);
#2017=VERTEX_POINT('',#7454);
#2018=VERTEX_POINT('',#7456);
#2019=VERTEX_POINT('',#7458);
#2020=VERTEX_POINT('',#7460);
#2021=VERTEX_POINT('',#7462);
#2022=VERTEX_POINT('',#7464);
#2023=VERTEX_POINT('',#7466);
#2024=VERTEX_POINT('',#7468);
#2025=VERTEX_POINT('',#7470);
#2026=VERTEX_POINT('',#7472);
#2027=VERTEX_POINT('',#7474);
#2028=VERTEX_POINT('',#7476);
#2029=VERTEX_POINT('',#7478);
#2030=VERTEX_POINT('',#7480);
#2031=VERTEX_POINT('',#7482);
#2032=VERTEX_POINT('',#7484);
#2033=VERTEX_POINT('',#7486);
#2034=VERTEX_POINT('',#7488);
#2035=VERTEX_POINT('',#7490);
#2036=VERTEX_POINT('',#7492);
#2037=VERTEX_POINT('',#7494);
#2038=VERTEX_POINT('',#7496);
#2039=VERTEX_POINT('',#7498);
#2040=VERTEX_POINT('',#7500);
#2041=VERTEX_POINT('',#7502);
#2042=VERTEX_POINT('',#7504);
#2043=VERTEX_POINT('',#7506);
#2044=VERTEX_POINT('',#7508);
#2045=VERTEX_POINT('',#7510);
#2046=VERTEX_POINT('',#7512);
#2047=VERTEX_POINT('',#7514);
#2048=VERTEX_POINT('',#7516);
#2049=VERTEX_POINT('',#7518);
#2050=VERTEX_POINT('',#7520);
#2051=VERTEX_POINT('',#7522);
#2052=VERTEX_POINT('',#7524);
#2053=VERTEX_POINT('',#7526);
#2054=VERTEX_POINT('',#7528);
#2055=VERTEX_POINT('',#7530);
#2056=VERTEX_POINT('',#7532);
#2057=VERTEX_POINT('',#7534);
#2058=VERTEX_POINT('',#7536);
#2059=VERTEX_POINT('',#7538);
#2060=VERTEX_POINT('',#7540);
#2061=VERTEX_POINT('',#7542);
#2062=VERTEX_POINT('',#7544);
#2063=VERTEX_POINT('',#7546);
#2064=VERTEX_POINT('',#7548);
#2065=VERTEX_POINT('',#7550);
#2066=VERTEX_POINT('',#7552);
#2067=VERTEX_POINT('',#7554);
#2068=VERTEX_POINT('',#7556);
#2069=VERTEX_POINT('',#7558);
#2070=VERTEX_POINT('',#7560);
#2071=VERTEX_POINT('',#7562);
#2072=VERTEX_POINT('',#7564);
#2073=VERTEX_POINT('',#7566);
#2074=VERTEX_POINT('',#7568);
#2075=VERTEX_POINT('',#7570);
#2076=VERTEX_POINT('',#7572);
#2077=VERTEX_POINT('',#7574);
#2078=VERTEX_POINT('',#7576);
#2079=VERTEX_POINT('',#7578);
#2080=VERTEX_POINT('',#7581);
#2081=VERTEX_POINT('',#7583);
#2082=VERTEX_POINT('',#7585);
#2083=VERTEX_POINT('',#7587);
#2084=VERTEX_POINT('',#7591);
#2085=VERTEX_POINT('',#7593);
#2086=VERTEX_POINT('',#7599);
#2087=VERTEX_POINT('',#7603);
#2088=VERTEX_POINT('',#7607);
#2089=VERTEX_POINT('',#7611);
#2090=VERTEX_POINT('',#7615);
#2091=VERTEX_POINT('',#7619);
#2092=VERTEX_POINT('',#7623);
#2093=VERTEX_POINT('',#7627);
#2094=VERTEX_POINT('',#7631);
#2095=VERTEX_POINT('',#7635);
#2096=VERTEX_POINT('',#7639);
#2097=VERTEX_POINT('',#7643);
#2098=VERTEX_POINT('',#7647);
#2099=VERTEX_POINT('',#7651);
#2100=VERTEX_POINT('',#7655);
#2101=VERTEX_POINT('',#7659);
#2102=VERTEX_POINT('',#7663);
#2103=VERTEX_POINT('',#7667);
#2104=VERTEX_POINT('',#7671);
#2105=VERTEX_POINT('',#7675);
#2106=VERTEX_POINT('',#7679);
#2107=VERTEX_POINT('',#7683);
#2108=VERTEX_POINT('',#7687);
#2109=VERTEX_POINT('',#7691);
#2110=VERTEX_POINT('',#7695);
#2111=VERTEX_POINT('',#7699);
#2112=VERTEX_POINT('',#7703);
#2113=VERTEX_POINT('',#7707);
#2114=VERTEX_POINT('',#7711);
#2115=VERTEX_POINT('',#7715);
#2116=VERTEX_POINT('',#7719);
#2117=VERTEX_POINT('',#7723);
#2118=VERTEX_POINT('',#7727);
#2119=VERTEX_POINT('',#7731);
#2120=VERTEX_POINT('',#7735);
#2121=VERTEX_POINT('',#7739);
#2122=VERTEX_POINT('',#7743);
#2123=VERTEX_POINT('',#7747);
#2124=VERTEX_POINT('',#7751);
#2125=VERTEX_POINT('',#7755);
#2126=VERTEX_POINT('',#7759);
#2127=VERTEX_POINT('',#7763);
#2128=VERTEX_POINT('',#7767);
#2129=VERTEX_POINT('',#7771);
#2130=VERTEX_POINT('',#7775);
#2131=VERTEX_POINT('',#7779);
#2132=VERTEX_POINT('',#7783);
#2133=VERTEX_POINT('',#7787);
#2134=VERTEX_POINT('',#7791);
#2135=VERTEX_POINT('',#7795);
#2136=VERTEX_POINT('',#7799);
#2137=VERTEX_POINT('',#7803);
#2138=VERTEX_POINT('',#7807);
#2139=VERTEX_POINT('',#7811);
#2140=VERTEX_POINT('',#7815);
#2141=VERTEX_POINT('',#7819);
#2142=VERTEX_POINT('',#7823);
#2143=VERTEX_POINT('',#7827);
#2144=VERTEX_POINT('',#7831);
#2145=VERTEX_POINT('',#7835);
#2146=VERTEX_POINT('',#7839);
#2147=VERTEX_POINT('',#7843);
#2148=VERTEX_POINT('',#7847);
#2149=VERTEX_POINT('',#7851);
#2150=VERTEX_POINT('',#7855);
#2151=VERTEX_POINT('',#7859);
#2152=VERTEX_POINT('',#7863);
#2153=VERTEX_POINT('',#7867);
#2154=VERTEX_POINT('',#7871);
#2155=VERTEX_POINT('',#7875);
#2156=VERTEX_POINT('',#7879);
#2157=VERTEX_POINT('',#7883);
#2158=VERTEX_POINT('',#7887);
#2159=VERTEX_POINT('',#7891);
#2160=VERTEX_POINT('',#7895);
#2161=VERTEX_POINT('',#7899);
#2162=VERTEX_POINT('',#7905);
#2163=VERTEX_POINT('',#7909);
#2164=VERTEX_POINT('',#7917);
#2165=VERTEX_POINT('',#7918);
#2166=VERTEX_POINT('',#7920);
#2167=VERTEX_POINT('',#7922);
#2168=VERTEX_POINT('',#7926);
#2169=VERTEX_POINT('',#7928);
#2170=VERTEX_POINT('',#7932);
#2171=VERTEX_POINT('',#7933);
#2172=VERTEX_POINT('',#7935);
#2173=VERTEX_POINT('',#7937);
#2174=VERTEX_POINT('',#7941);
#2175=VERTEX_POINT('',#7943);
#2176=VERTEX_POINT('',#7947);
#2177=VERTEX_POINT('',#7949);
#2178=VERTEX_POINT('',#7951);
#2179=VERTEX_POINT('',#7953);
#2180=VERTEX_POINT('',#7955);
#2181=VERTEX_POINT('',#7959);
#2182=VERTEX_POINT('',#7961);
#2183=VERTEX_POINT('',#7963);
#2184=VERTEX_POINT('',#7965);
#2185=VERTEX_POINT('',#7967);
#2186=VERTEX_POINT('',#7971);
#2187=VERTEX_POINT('',#7973);
#2188=VERTEX_POINT('',#7975);
#2189=VERTEX_POINT('',#7977);
#2190=VERTEX_POINT('',#7979);
#2191=VERTEX_POINT('',#7981);
#2192=VERTEX_POINT('',#7983);
#2193=VERTEX_POINT('',#7985);
#2194=VERTEX_POINT('',#7987);
#2195=VERTEX_POINT('',#7989);
#2196=VERTEX_POINT('',#7991);
#2197=VERTEX_POINT('',#7993);
#2198=VERTEX_POINT('',#7995);
#2199=VERTEX_POINT('',#7997);
#2200=VERTEX_POINT('',#7999);
#2201=VERTEX_POINT('',#8001);
#2202=VERTEX_POINT('',#8003);
#2203=VERTEX_POINT('',#8005);
#2204=VERTEX_POINT('',#8007);
#2205=VERTEX_POINT('',#8009);
#2206=VERTEX_POINT('',#8011);
#2207=VERTEX_POINT('',#8013);
#2208=VERTEX_POINT('',#8015);
#2209=VERTEX_POINT('',#8017);
#2210=VERTEX_POINT('',#8019);
#2211=VERTEX_POINT('',#8021);
#2212=VERTEX_POINT('',#8023);
#2213=VERTEX_POINT('',#8025);
#2214=VERTEX_POINT('',#8027);
#2215=VERTEX_POINT('',#8029);
#2216=VERTEX_POINT('',#8031);
#2217=VERTEX_POINT('',#8033);
#2218=VERTEX_POINT('',#8035);
#2219=VERTEX_POINT('',#8037);
#2220=VERTEX_POINT('',#8039);
#2221=VERTEX_POINT('',#8041);
#2222=VERTEX_POINT('',#8043);
#2223=VERTEX_POINT('',#8045);
#2224=VERTEX_POINT('',#8047);
#2225=VERTEX_POINT('',#8049);
#2226=VERTEX_POINT('',#8051);
#2227=VERTEX_POINT('',#8053);
#2228=VERTEX_POINT('',#8055);
#2229=VERTEX_POINT('',#8057);
#2230=VERTEX_POINT('',#8059);
#2231=VERTEX_POINT('',#8061);
#2232=VERTEX_POINT('',#8063);
#2233=VERTEX_POINT('',#8066);
#2234=VERTEX_POINT('',#8068);
#2235=VERTEX_POINT('',#8070);
#2236=VERTEX_POINT('',#8072);
#2237=VERTEX_POINT('',#8074);
#2238=VERTEX_POINT('',#8076);
#2239=VERTEX_POINT('',#8078);
#2240=VERTEX_POINT('',#8080);
#2241=VERTEX_POINT('',#8082);
#2242=VERTEX_POINT('',#8086);
#2243=VERTEX_POINT('',#8088);
#2244=VERTEX_POINT('',#8092);
#2245=VERTEX_POINT('',#8096);
#2246=VERTEX_POINT('',#8098);
#2247=VERTEX_POINT('',#8102);
#2248=VERTEX_POINT('',#8108);
#2249=VERTEX_POINT('',#8114);
#2250=VERTEX_POINT('',#8118);
#2251=VERTEX_POINT('',#8120);
#2252=VERTEX_POINT('',#8124);
#2253=VERTEX_POINT('',#8128);
#2254=VERTEX_POINT('',#8134);
#2255=VERTEX_POINT('',#8138);
#2256=VERTEX_POINT('',#8142);
#2257=VERTEX_POINT('',#8146);
#2258=VERTEX_POINT('',#8150);
#2259=VERTEX_POINT('',#8154);
#2260=VERTEX_POINT('',#8158);
#2261=VERTEX_POINT('',#8162);
#2262=VERTEX_POINT('',#8166);
#2263=VERTEX_POINT('',#8170);
#2264=VERTEX_POINT('',#8174);
#2265=VERTEX_POINT('',#8178);
#2266=VERTEX_POINT('',#8182);
#2267=VERTEX_POINT('',#8186);
#2268=VERTEX_POINT('',#8190);
#2269=VERTEX_POINT('',#8194);
#2270=VERTEX_POINT('',#8198);
#2271=VERTEX_POINT('',#8202);
#2272=VERTEX_POINT('',#8206);
#2273=VERTEX_POINT('',#8210);
#2274=VERTEX_POINT('',#8214);
#2275=VERTEX_POINT('',#8218);
#2276=VERTEX_POINT('',#8222);
#2277=VERTEX_POINT('',#8226);
#2278=VERTEX_POINT('',#8230);
#2279=VERTEX_POINT('',#8234);
#2280=VERTEX_POINT('',#8238);
#2281=VERTEX_POINT('',#8242);
#2282=VERTEX_POINT('',#8246);
#2283=VERTEX_POINT('',#8250);
#2284=VERTEX_POINT('',#8254);
#2285=VERTEX_POINT('',#8258);
#2286=VERTEX_POINT('',#8262);
#2287=VERTEX_POINT('',#8266);
#2288=VERTEX_POINT('',#8270);
#2289=VERTEX_POINT('',#8274);
#2290=VERTEX_POINT('',#8278);
#2291=VERTEX_POINT('',#8282);
#2292=VERTEX_POINT('',#8286);
#2293=VERTEX_POINT('',#8290);
#2294=VERTEX_POINT('',#8294);
#2295=VERTEX_POINT('',#8298);
#2296=VERTEX_POINT('',#8302);
#2297=VERTEX_POINT('',#8306);
#2298=VERTEX_POINT('',#8310);
#2299=VERTEX_POINT('',#8314);
#2300=VERTEX_POINT('',#8320);
#2301=VERTEX_POINT('',#8324);
#2302=VERTEX_POINT('',#8328);
#2303=VERTEX_POINT('',#8332);
#2304=VERTEX_POINT('',#8340);
#2305=VERTEX_POINT('',#8342);
#2306=VERTEX_POINT('',#8346);
#2307=VERTEX_POINT('',#8350);
#2308=VERTEX_POINT('',#8352);
#2309=VERTEX_POINT('',#8356);
#2310=VERTEX_POINT('',#8360);
#2311=VERTEX_POINT('',#8362);
#2312=VERTEX_POINT('',#8366);
#2313=VERTEX_POINT('',#8370);
#2314=VERTEX_POINT('',#8372);
#2315=VERTEX_POINT('',#8376);
#2316=VERTEX_POINT('',#8380);
#2317=VERTEX_POINT('',#8381);
#2318=VERTEX_POINT('',#8383);
#2319=VERTEX_POINT('',#8385);
#2320=VERTEX_POINT('',#8389);
#2321=VERTEX_POINT('',#8391);
#2322=VERTEX_POINT('',#8395);
#2323=VERTEX_POINT('',#8397);
#2324=VERTEX_POINT('',#8401);
#2325=VERTEX_POINT('',#8403);
#2326=VERTEX_POINT('',#8407);
#2327=VERTEX_POINT('',#8409);
#2328=VERTEX_POINT('',#8413);
#2329=VERTEX_POINT('',#8415);
#2330=VERTEX_POINT('',#8419);
#2331=VERTEX_POINT('',#8421);
#2332=VERTEX_POINT('',#8425);
#2333=VERTEX_POINT('',#8427);
#2334=VERTEX_POINT('',#8431);
#2335=VERTEX_POINT('',#8433);
#2336=VERTEX_POINT('',#8437);
#2337=VERTEX_POINT('',#8439);
#2338=VERTEX_POINT('',#8443);
#2339=VERTEX_POINT('',#8445);
#2340=VERTEX_POINT('',#8449);
#2341=VERTEX_POINT('',#8451);
#2342=VERTEX_POINT('',#8455);
#2343=VERTEX_POINT('',#8457);
#2344=VERTEX_POINT('',#8461);
#2345=VERTEX_POINT('',#8463);
#2346=VERTEX_POINT('',#8467);
#2347=VERTEX_POINT('',#8469);
#2348=VERTEX_POINT('',#8473);
#2349=VERTEX_POINT('',#8475);
#2350=VERTEX_POINT('',#8479);
#2351=VERTEX_POINT('',#8481);
#2352=VERTEX_POINT('',#8485);
#2353=VERTEX_POINT('',#8487);
#2354=VERTEX_POINT('',#8491);
#2355=VERTEX_POINT('',#8493);
#2356=VERTEX_POINT('',#8497);
#2357=VERTEX_POINT('',#8499);
#2358=VERTEX_POINT('',#8503);
#2359=VERTEX_POINT('',#8505);
#2360=VERTEX_POINT('',#8509);
#2361=VERTEX_POINT('',#8511);
#2362=VERTEX_POINT('',#8515);
#2363=VERTEX_POINT('',#8517);
#2364=VERTEX_POINT('',#8521);
#2365=VERTEX_POINT('',#8523);
#2366=VERTEX_POINT('',#8527);
#2367=VERTEX_POINT('',#8529);
#2368=VERTEX_POINT('',#8533);
#2369=VERTEX_POINT('',#8535);
#2370=VERTEX_POINT('',#8539);
#2371=VERTEX_POINT('',#8541);
#2372=VERTEX_POINT('',#8545);
#2373=VERTEX_POINT('',#8547);
#2374=VERTEX_POINT('',#8551);
#2375=VERTEX_POINT('',#8553);
#2376=VERTEX_POINT('',#8557);
#2377=VERTEX_POINT('',#8559);
#2378=VERTEX_POINT('',#8563);
#2379=VERTEX_POINT('',#8565);
#2380=VERTEX_POINT('',#8569);
#2381=VERTEX_POINT('',#8571);
#2382=VERTEX_POINT('',#8575);
#2383=VERTEX_POINT('',#8577);
#2384=VERTEX_POINT('',#8581);
#2385=VERTEX_POINT('',#8583);
#2386=VERTEX_POINT('',#8587);
#2387=VERTEX_POINT('',#8589);
#2388=VERTEX_POINT('',#8593);
#2389=VERTEX_POINT('',#8595);
#2390=VERTEX_POINT('',#8599);
#2391=VERTEX_POINT('',#8601);
#2392=VERTEX_POINT('',#8605);
#2393=VERTEX_POINT('',#8607);
#2394=VERTEX_POINT('',#8611);
#2395=VERTEX_POINT('',#8613);
#2396=VERTEX_POINT('',#8617);
#2397=VERTEX_POINT('',#8619);
#2398=VERTEX_POINT('',#8623);
#2399=VERTEX_POINT('',#8625);
#2400=VERTEX_POINT('',#8629);
#2401=VERTEX_POINT('',#8631);
#2402=VERTEX_POINT('',#8635);
#2403=VERTEX_POINT('',#8637);
#2404=VERTEX_POINT('',#8641);
#2405=VERTEX_POINT('',#8643);
#2406=VERTEX_POINT('',#8647);
#2407=VERTEX_POINT('',#8649);
#2408=VERTEX_POINT('',#8653);
#2409=VERTEX_POINT('',#8655);
#2410=VERTEX_POINT('',#8659);
#2411=VERTEX_POINT('',#8661);
#2412=VERTEX_POINT('',#8665);
#2413=VERTEX_POINT('',#8667);
#2414=VERTEX_POINT('',#8671);
#2415=VERTEX_POINT('',#8673);
#2416=VERTEX_POINT('',#8677);
#2417=VERTEX_POINT('',#8679);
#2418=VERTEX_POINT('',#8683);
#2419=VERTEX_POINT('',#8685);
#2420=VERTEX_POINT('',#8689);
#2421=VERTEX_POINT('',#8691);
#2422=VERTEX_POINT('',#8695);
#2423=VERTEX_POINT('',#8697);
#2424=VERTEX_POINT('',#8701);
#2425=VERTEX_POINT('',#8703);
#2426=VERTEX_POINT('',#8707);
#2427=VERTEX_POINT('',#8709);
#2428=VERTEX_POINT('',#8719);
#2429=VERTEX_POINT('',#8720);
#2430=VERTEX_POINT('',#8722);
#2431=VERTEX_POINT('',#8727);
#2432=VERTEX_POINT('',#8732);
#2433=VERTEX_POINT('',#8733);
#2434=VERTEX_POINT('',#8737);
#2435=VERTEX_POINT('',#8739);
#2436=VERTEX_POINT('',#8741);
#2437=VERTEX_POINT('',#8747);
#2438=VERTEX_POINT('',#8751);
#2439=VERTEX_POINT('',#8755);
#2440=VERTEX_POINT('',#8759);
#2441=VERTEX_POINT('',#8763);
#2442=VERTEX_POINT('',#8767);
#2443=VERTEX_POINT('',#8771);
#2444=VERTEX_POINT('',#8775);
#2445=VERTEX_POINT('',#8784);
#2446=VERTEX_POINT('',#8787);
#2447=VERTEX_POINT('',#8790);
#2448=VERTEX_POINT('',#8797);
#2449=VERTEX_POINT('',#8798);
#2450=VERTEX_POINT('',#8800);
#2451=VERTEX_POINT('',#8802);
#2452=VERTEX_POINT('',#8805);
#2453=VERTEX_POINT('',#8806);
#2454=VERTEX_POINT('',#8808);
#2455=VERTEX_POINT('',#8810);
#2456=VERTEX_POINT('',#8814);
#2457=VERTEX_POINT('',#8816);
#2458=VERTEX_POINT('',#8820);
#2459=VERTEX_POINT('',#8824);
#2460=VERTEX_POINT('',#8831);
#2461=VERTEX_POINT('',#8833);
#2462=VERTEX_POINT('',#8837);
#2463=VERTEX_POINT('',#8839);
#2464=EDGE_CURVE('',#1972,#1973,#1700,.T.);
#2465=EDGE_CURVE('',#1972,#1974,#1701,.T.);
#2466=EDGE_CURVE('',#1975,#1974,#1702,.T.);
#2467=EDGE_CURVE('',#1973,#1975,#1703,.T.);
#2468=EDGE_CURVE('',#1976,#1972,#123,.T.);
#2469=EDGE_CURVE('',#1977,#1976,#1704,.T.);
#2470=EDGE_CURVE('',#1974,#1977,#124,.T.);
#2471=EDGE_CURVE('',#1978,#1979,#1705,.T.);
#2472=EDGE_CURVE('',#1978,#1980,#1706,.T.);
#2473=EDGE_CURVE('',#1981,#1980,#1707,.T.);
#2474=EDGE_CURVE('',#1979,#1981,#1708,.T.);
#2475=EDGE_CURVE('',#1982,#1978,#125,.T.);
#2476=EDGE_CURVE('',#1983,#1982,#1709,.T.);
#2477=EDGE_CURVE('',#1980,#1983,#126,.T.);
#2478=EDGE_CURVE('',#1984,#1973,#127,.T.);
#2479=EDGE_CURVE('',#1984,#1985,#1710,.T.);
#2480=EDGE_CURVE('',#1985,#1986,#128,.T.);
#2481=EDGE_CURVE('',#1986,#1987,#1711,.T.);
#2482=EDGE_CURVE('',#1987,#1988,#129,.T.);
#2483=EDGE_CURVE('',#1976,#1988,#1712,.T.);
#2484=EDGE_CURVE('',#1989,#1975,#130,.T.);
#2485=EDGE_CURVE('',#1989,#1984,#1713,.T.);
#2486=EDGE_CURVE('',#1990,#1977,#1714,.T.);
#2487=EDGE_CURVE('',#1991,#1990,#131,.T.);
#2488=EDGE_CURVE('',#1991,#1992,#1715,.T.);
#2489=EDGE_CURVE('',#1992,#1993,#132,.T.);
#2490=EDGE_CURVE('',#1993,#1989,#1716,.T.);
#2491=EDGE_CURVE('',#1994,#1979,#133,.T.);
#2492=EDGE_CURVE('',#1994,#1995,#1717,.T.);
#2493=EDGE_CURVE('',#1995,#1996,#134,.T.);
#2494=EDGE_CURVE('',#1996,#1997,#1718,.T.);
#2495=EDGE_CURVE('',#1997,#1998,#135,.T.);
#2496=EDGE_CURVE('',#1982,#1998,#1719,.T.);
#2497=EDGE_CURVE('',#1999,#1981,#136,.T.);
#2498=EDGE_CURVE('',#1999,#1994,#1720,.T.);
#2499=EDGE_CURVE('',#2000,#1983,#1721,.T.);
#2500=EDGE_CURVE('',#2001,#2000,#137,.T.);
#2501=EDGE_CURVE('',#2001,#2002,#1722,.T.);
#2502=EDGE_CURVE('',#2002,#2003,#138,.T.);
#2503=EDGE_CURVE('',#2003,#1999,#1723,.T.);
#2504=EDGE_CURVE('',#1993,#1985,#1724,.T.);
#2505=EDGE_CURVE('',#1986,#1992,#1725,.T.);
#2506=EDGE_CURVE('',#2003,#1995,#1726,.T.);
#2507=EDGE_CURVE('',#1996,#2002,#1727,.T.);
#2508=EDGE_CURVE('',#2004,#1991,#139,.T.);
#2509=EDGE_CURVE('',#2005,#2004,#140,.T.);
#2510=EDGE_CURVE('',#2006,#2005,#141,.T.);
#2511=EDGE_CURVE('',#2007,#2006,#142,.T.);
#2512=EDGE_CURVE('',#2008,#2007,#143,.T.);
#2513=EDGE_CURVE('',#2009,#2008,#1728,.T.);
#2514=EDGE_CURVE('',#2010,#2009,#144,.T.);
#2515=EDGE_CURVE('',#2011,#2010,#1729,.T.);
#2516=EDGE_CURVE('',#2012,#2011,#1730,.T.);
#2517=EDGE_CURVE('',#2013,#2012,#145,.T.);
#2518=EDGE_CURVE('',#2014,#2013,#1731,.T.);
#2519=EDGE_CURVE('',#2015,#2014,#146,.T.);
#2520=EDGE_CURVE('',#2016,#2015,#1732,.T.);
#2521=EDGE_CURVE('',#2017,#2016,#147,.T.);
#2522=EDGE_CURVE('',#2018,#2017,#1733,.T.);
#2523=EDGE_CURVE('',#2019,#2018,#148,.T.);
#2524=EDGE_CURVE('',#2020,#2019,#1734,.T.);
#2525=EDGE_CURVE('',#2021,#2020,#149,.T.);
#2526=EDGE_CURVE('',#2022,#2021,#1735,.T.);
#2527=EDGE_CURVE('',#2023,#2022,#150,.T.);
#2528=EDGE_CURVE('',#2024,#2023,#1736,.T.);
#2529=EDGE_CURVE('',#2025,#2024,#1737,.T.);
#2530=EDGE_CURVE('',#2026,#2025,#151,.T.);
#2531=EDGE_CURVE('',#2027,#2026,#1738,.T.);
#2532=EDGE_CURVE('',#2028,#2027,#1739,.T.);
#2533=EDGE_CURVE('',#2029,#2028,#1740,.T.);
#2534=EDGE_CURVE('',#2030,#2029,#152,.T.);
#2535=EDGE_CURVE('',#2031,#2030,#1741,.T.);
#2536=EDGE_CURVE('',#2032,#2031,#1742,.T.);
#2537=EDGE_CURVE('',#2033,#2032,#1743,.T.);
#2538=EDGE_CURVE('',#2034,#2033,#153,.T.);
#2539=EDGE_CURVE('',#2035,#2034,#1744,.T.);
#2540=EDGE_CURVE('',#2036,#2035,#1745,.T.);
#2541=EDGE_CURVE('',#2037,#2036,#1746,.T.);
#2542=EDGE_CURVE('',#2038,#2037,#154,.T.);
#2543=EDGE_CURVE('',#2039,#2038,#1747,.T.);
#2544=EDGE_CURVE('',#2040,#2039,#155,.T.);
#2545=EDGE_CURVE('',#2041,#2040,#156,.T.);
#2546=EDGE_CURVE('',#2042,#2041,#157,.T.);
#2547=EDGE_CURVE('',#2043,#2042,#158,.T.);
#2548=EDGE_CURVE('',#2044,#2043,#159,.T.);
#2549=EDGE_CURVE('',#2045,#2044,#1748,.T.);
#2550=EDGE_CURVE('',#2046,#2045,#160,.T.);
#2551=EDGE_CURVE('',#2047,#2046,#1749,.T.);
#2552=EDGE_CURVE('',#2048,#2047,#1750,.T.);
#2553=EDGE_CURVE('',#2049,#2048,#1751,.T.);
#2554=EDGE_CURVE('',#2050,#2049,#161,.T.);
#2555=EDGE_CURVE('',#2051,#2050,#1752,.T.);
#2556=EDGE_CURVE('',#2052,#2051,#1753,.T.);
#2557=EDGE_CURVE('',#2053,#2052,#1754,.T.);
#2558=EDGE_CURVE('',#2054,#2053,#162,.T.);
#2559=EDGE_CURVE('',#2055,#2054,#1755,.T.);
#2560=EDGE_CURVE('',#2056,#2055,#1756,.T.);
#2561=EDGE_CURVE('',#2057,#2056,#1757,.T.);
#2562=EDGE_CURVE('',#2058,#2057,#163,.T.);
#2563=EDGE_CURVE('',#2059,#2058,#1758,.T.);
#2564=EDGE_CURVE('',#2060,#2059,#1759,.T.);
#2565=EDGE_CURVE('',#2061,#2060,#164,.T.);
#2566=EDGE_CURVE('',#2062,#2061,#1760,.T.);
#2567=EDGE_CURVE('',#2063,#2062,#165,.T.);
#2568=EDGE_CURVE('',#2064,#2063,#1761,.T.);
#2569=EDGE_CURVE('',#2065,#2064,#166,.T.);
#2570=EDGE_CURVE('',#2066,#2065,#1762,.T.);
#2571=EDGE_CURVE('',#2067,#2066,#167,.T.);
#2572=EDGE_CURVE('',#2068,#2067,#1763,.T.);
#2573=EDGE_CURVE('',#2069,#2068,#168,.T.);
#2574=EDGE_CURVE('',#2070,#2069,#1764,.T.);
#2575=EDGE_CURVE('',#2071,#2070,#169,.T.);
#2576=EDGE_CURVE('',#2072,#2071,#1765,.T.);
#2577=EDGE_CURVE('',#2073,#2072,#1766,.T.);
#2578=EDGE_CURVE('',#2074,#2073,#170,.T.);
#2579=EDGE_CURVE('',#2075,#2074,#1767,.T.);
#2580=EDGE_CURVE('',#2076,#2075,#171,.T.);
#2581=EDGE_CURVE('',#2077,#2076,#172,.T.);
#2582=EDGE_CURVE('',#2078,#2077,#173,.T.);
#2583=EDGE_CURVE('',#2079,#2078,#174,.T.);
#2584=EDGE_CURVE('',#1997,#2079,#175,.T.);
#2585=EDGE_CURVE('',#2080,#2001,#176,.T.);
#2586=EDGE_CURVE('',#2081,#2080,#1768,.T.);
#2587=EDGE_CURVE('',#2082,#2081,#177,.T.);
#2588=EDGE_CURVE('',#2083,#2082,#1769,.T.);
#2589=EDGE_CURVE('',#1987,#2083,#178,.T.);
#2590=EDGE_CURVE('',#2082,#2084,#179,.T.);
#2591=EDGE_CURVE('',#2085,#2084,#1770,.T.);
#2592=EDGE_CURVE('',#2083,#2085,#180,.T.);
#2593=EDGE_CURVE('',#1988,#2085,#181,.T.);
#2594=EDGE_CURVE('',#2086,#1990,#182,.T.);
#2595=EDGE_CURVE('',#2004,#2086,#183,.T.);
#2596=EDGE_CURVE('',#2087,#2086,#184,.T.);
#2597=EDGE_CURVE('',#2005,#2087,#185,.T.);
#2598=EDGE_CURVE('',#2088,#2087,#186,.T.);
#2599=EDGE_CURVE('',#2006,#2088,#187,.T.);
#2600=EDGE_CURVE('',#2089,#2088,#188,.T.);
#2601=EDGE_CURVE('',#2007,#2089,#189,.T.);
#2602=EDGE_CURVE('',#2090,#2089,#190,.T.);
#2603=EDGE_CURVE('',#2008,#2090,#191,.T.);
#2604=EDGE_CURVE('',#2091,#2090,#1771,.T.);
#2605=EDGE_CURVE('',#2009,#2091,#192,.T.);
#2606=EDGE_CURVE('',#2092,#2091,#193,.T.);
#2607=EDGE_CURVE('',#2010,#2092,#194,.T.);
#2608=EDGE_CURVE('',#2093,#2092,#1772,.T.);
#2609=EDGE_CURVE('',#2011,#2093,#195,.T.);
#2610=EDGE_CURVE('',#2094,#2093,#1773,.T.);
#2611=EDGE_CURVE('',#2012,#2094,#196,.T.);
#2612=EDGE_CURVE('',#2095,#2094,#197,.T.);
#2613=EDGE_CURVE('',#2013,#2095,#198,.T.);
#2614=EDGE_CURVE('',#2096,#2095,#1774,.T.);
#2615=EDGE_CURVE('',#2014,#2096,#199,.T.);
#2616=EDGE_CURVE('',#2097,#2096,#200,.T.);
#2617=EDGE_CURVE('',#2015,#2097,#201,.T.);
#2618=EDGE_CURVE('',#2098,#2097,#1775,.T.);
#2619=EDGE_CURVE('',#2016,#2098,#202,.T.);
#2620=EDGE_CURVE('',#2099,#2098,#203,.T.);
#2621=EDGE_CURVE('',#2017,#2099,#204,.T.);
#2622=EDGE_CURVE('',#2100,#2099,#1776,.T.);
#2623=EDGE_CURVE('',#2018,#2100,#205,.T.);
#2624=EDGE_CURVE('',#2101,#2100,#206,.T.);
#2625=EDGE_CURVE('',#2019,#2101,#207,.T.);
#2626=EDGE_CURVE('',#2102,#2101,#1777,.T.);
#2627=EDGE_CURVE('',#2020,#2102,#208,.T.);
#2628=EDGE_CURVE('',#2103,#2102,#209,.T.);
#2629=EDGE_CURVE('',#2021,#2103,#210,.T.);
#2630=EDGE_CURVE('',#2104,#2103,#1778,.T.);
#2631=EDGE_CURVE('',#2022,#2104,#211,.T.);
#2632=EDGE_CURVE('',#2105,#2104,#212,.T.);
#2633=EDGE_CURVE('',#2023,#2105,#213,.T.);
#2634=EDGE_CURVE('',#2106,#2105,#1779,.T.);
#2635=EDGE_CURVE('',#2024,#2106,#214,.T.);
#2636=EDGE_CURVE('',#2107,#2106,#1780,.T.);
#2637=EDGE_CURVE('',#2025,#2107,#215,.T.);
#2638=EDGE_CURVE('',#2108,#2107,#216,.T.);
#2639=EDGE_CURVE('',#2026,#2108,#217,.T.);
#2640=EDGE_CURVE('',#2109,#2108,#1781,.T.);
#2641=EDGE_CURVE('',#2027,#2109,#218,.T.);
#2642=EDGE_CURVE('',#2110,#2109,#1782,.T.);
#2643=EDGE_CURVE('',#2028,#2110,#219,.T.);
#2644=EDGE_CURVE('',#2111,#2110,#1783,.T.);
#2645=EDGE_CURVE('',#2029,#2111,#220,.T.);
#2646=EDGE_CURVE('',#2112,#2111,#221,.T.);
#2647=EDGE_CURVE('',#2030,#2112,#222,.T.);
#2648=EDGE_CURVE('',#2113,#2112,#1784,.T.);
#2649=EDGE_CURVE('',#2031,#2113,#223,.T.);
#2650=EDGE_CURVE('',#2114,#2113,#1785,.T.);
#2651=EDGE_CURVE('',#2032,#2114,#224,.T.);
#2652=EDGE_CURVE('',#2115,#2114,#1786,.T.);
#2653=EDGE_CURVE('',#2033,#2115,#225,.T.);
#2654=EDGE_CURVE('',#2116,#2115,#226,.T.);
#2655=EDGE_CURVE('',#2034,#2116,#227,.T.);
#2656=EDGE_CURVE('',#2117,#2116,#1787,.T.);
#2657=EDGE_CURVE('',#2035,#2117,#228,.T.);
#2658=EDGE_CURVE('',#2118,#2117,#1788,.T.);
#2659=EDGE_CURVE('',#2036,#2118,#229,.T.);
#2660=EDGE_CURVE('',#2119,#2118,#1789,.T.);
#2661=EDGE_CURVE('',#2037,#2119,#230,.T.);
#2662=EDGE_CURVE('',#2120,#2119,#231,.T.);
#2663=EDGE_CURVE('',#2038,#2120,#232,.T.);
#2664=EDGE_CURVE('',#2121,#2120,#1790,.T.);
#2665=EDGE_CURVE('',#2039,#2121,#233,.T.);
#2666=EDGE_CURVE('',#2122,#2121,#234,.T.);
#2667=EDGE_CURVE('',#2040,#2122,#235,.T.);
#2668=EDGE_CURVE('',#2123,#2122,#236,.T.);
#2669=EDGE_CURVE('',#2041,#2123,#237,.T.);
#2670=EDGE_CURVE('',#2124,#2123,#238,.T.);
#2671=EDGE_CURVE('',#2042,#2124,#239,.T.);
#2672=EDGE_CURVE('',#2125,#2124,#240,.T.);
#2673=EDGE_CURVE('',#2043,#2125,#241,.T.);
#2674=EDGE_CURVE('',#2126,#2125,#242,.T.);
#2675=EDGE_CURVE('',#2044,#2126,#243,.T.);
#2676=EDGE_CURVE('',#2127,#2126,#1791,.T.);
#2677=EDGE_CURVE('',#2045,#2127,#244,.T.);
#2678=EDGE_CURVE('',#2128,#2127,#245,.T.);
#2679=EDGE_CURVE('',#2046,#2128,#246,.T.);
#2680=EDGE_CURVE('',#2129,#2128,#1792,.T.);
#2681=EDGE_CURVE('',#2047,#2129,#247,.T.);
#2682=EDGE_CURVE('',#2130,#2129,#1793,.T.);
#2683=EDGE_CURVE('',#2048,#2130,#248,.T.);
#2684=EDGE_CURVE('',#2131,#2130,#1794,.T.);
#2685=EDGE_CURVE('',#2049,#2131,#249,.T.);
#2686=EDGE_CURVE('',#2132,#2131,#250,.T.);
#2687=EDGE_CURVE('',#2050,#2132,#251,.T.);
#2688=EDGE_CURVE('',#2133,#2132,#1795,.T.);
#2689=EDGE_CURVE('',#2051,#2133,#252,.T.);
#2690=EDGE_CURVE('',#2134,#2133,#1796,.T.);
#2691=EDGE_CURVE('',#2052,#2134,#253,.T.);
#2692=EDGE_CURVE('',#2135,#2134,#1797,.T.);
#2693=EDGE_CURVE('',#2053,#2135,#254,.T.);
#2694=EDGE_CURVE('',#2136,#2135,#255,.T.);
#2695=EDGE_CURVE('',#2054,#2136,#256,.T.);
#2696=EDGE_CURVE('',#2137,#2136,#1798,.T.);
#2697=EDGE_CURVE('',#2055,#2137,#257,.T.);
#2698=EDGE_CURVE('',#2138,#2137,#1799,.T.);
#2699=EDGE_CURVE('',#2056,#2138,#258,.T.);
#2700=EDGE_CURVE('',#2139,#2138,#1800,.T.);
#2701=EDGE_CURVE('',#2057,#2139,#259,.T.);
#2702=EDGE_CURVE('',#2140,#2139,#260,.T.);
#2703=EDGE_CURVE('',#2058,#2140,#261,.T.);
#2704=EDGE_CURVE('',#2141,#2140,#1801,.T.);
#2705=EDGE_CURVE('',#2059,#2141,#262,.T.);
#2706=EDGE_CURVE('',#2142,#2141,#1802,.T.);
#2707=EDGE_CURVE('',#2060,#2142,#263,.T.);
#2708=EDGE_CURVE('',#2143,#2142,#264,.T.);
#2709=EDGE_CURVE('',#2061,#2143,#265,.T.);
#2710=EDGE_CURVE('',#2144,#2143,#1803,.T.);
#2711=EDGE_CURVE('',#2062,#2144,#266,.T.);
#2712=EDGE_CURVE('',#2145,#2144,#267,.T.);
#2713=EDGE_CURVE('',#2063,#2145,#268,.T.);
#2714=EDGE_CURVE('',#2146,#2145,#1804,.T.);
#2715=EDGE_CURVE('',#2064,#2146,#269,.T.);
#2716=EDGE_CURVE('',#2147,#2146,#270,.T.);
#2717=EDGE_CURVE('',#2065,#2147,#271,.T.);
#2718=EDGE_CURVE('',#2148,#2147,#1805,.T.);
#2719=EDGE_CURVE('',#2066,#2148,#272,.T.);
#2720=EDGE_CURVE('',#2149,#2148,#273,.T.);
#2721=EDGE_CURVE('',#2067,#2149,#274,.T.);
#2722=EDGE_CURVE('',#2150,#2149,#1806,.T.);
#2723=EDGE_CURVE('',#2068,#2150,#275,.T.);
#2724=EDGE_CURVE('',#2151,#2150,#276,.T.);
#2725=EDGE_CURVE('',#2069,#2151,#277,.T.);
#2726=EDGE_CURVE('',#2152,#2151,#1807,.T.);
#2727=EDGE_CURVE('',#2070,#2152,#278,.T.);
#2728=EDGE_CURVE('',#2153,#2152,#279,.T.);
#2729=EDGE_CURVE('',#2071,#2153,#280,.T.);
#2730=EDGE_CURVE('',#2154,#2153,#1808,.T.);
#2731=EDGE_CURVE('',#2072,#2154,#281,.T.);
#2732=EDGE_CURVE('',#2155,#2154,#1809,.T.);
#2733=EDGE_CURVE('',#2073,#2155,#282,.T.);
#2734=EDGE_CURVE('',#2156,#2155,#283,.T.);
#2735=EDGE_CURVE('',#2074,#2156,#284,.T.);
#2736=EDGE_CURVE('',#2157,#2156,#1810,.T.);
#2737=EDGE_CURVE('',#2075,#2157,#285,.T.);
#2738=EDGE_CURVE('',#2158,#2157,#286,.T.);
#2739=EDGE_CURVE('',#2076,#2158,#287,.T.);
#2740=EDGE_CURVE('',#2159,#2158,#288,.T.);
#2741=EDGE_CURVE('',#2077,#2159,#289,.T.);
#2742=EDGE_CURVE('',#2160,#2159,#290,.T.);
#2743=EDGE_CURVE('',#2078,#2160,#291,.T.);
#2744=EDGE_CURVE('',#2161,#2160,#292,.T.);
#2745=EDGE_CURVE('',#2079,#2161,#293,.T.);
#2746=EDGE_CURVE('',#1998,#2161,#294,.T.);
#2747=EDGE_CURVE('',#2162,#2000,#295,.T.);
#2748=EDGE_CURVE('',#2080,#2162,#296,.T.);
#2749=EDGE_CURVE('',#2163,#2162,#1811,.T.);
#2750=EDGE_CURVE('',#2081,#2163,#297,.T.);
#2751=EDGE_CURVE('',#2084,#2163,#298,.T.);
#2752=EDGE_CURVE('',#2164,#2165,#299,.T.);
#2753=EDGE_CURVE('',#2166,#2164,#1812,.T.);
#2754=EDGE_CURVE('',#2167,#2166,#300,.T.);
#2755=EDGE_CURVE('',#2165,#2167,#1813,.T.);
#2756=EDGE_CURVE('',#2168,#2164,#1814,.T.);
#2757=EDGE_CURVE('',#2169,#2168,#1815,.T.);
#2758=EDGE_CURVE('',#2166,#2169,#1816,.T.);
#2759=EDGE_CURVE('',#2170,#2171,#301,.T.);
#2760=EDGE_CURVE('',#2172,#2170,#1817,.T.);
#2761=EDGE_CURVE('',#2173,#2172,#302,.T.);
#2762=EDGE_CURVE('',#2171,#2173,#1818,.T.);
#2763=EDGE_CURVE('',#2174,#2170,#1819,.T.);
#2764=EDGE_CURVE('',#2175,#2174,#1820,.T.);
#2765=EDGE_CURVE('',#2172,#2175,#1821,.T.);
#2766=EDGE_CURVE('',#2165,#2176,#1822,.T.);
#2767=EDGE_CURVE('',#2176,#2177,#303,.T.);
#2768=EDGE_CURVE('',#2178,#2177,#1823,.T.);
#2769=EDGE_CURVE('',#2178,#2179,#304,.T.);
#2770=EDGE_CURVE('',#2179,#2180,#1824,.T.);
#2771=EDGE_CURVE('',#2168,#2180,#305,.T.);
#2772=EDGE_CURVE('',#2171,#2181,#1825,.T.);
#2773=EDGE_CURVE('',#2181,#2182,#306,.T.);
#2774=EDGE_CURVE('',#2183,#2182,#1826,.T.);
#2775=EDGE_CURVE('',#2183,#2184,#307,.T.);
#2776=EDGE_CURVE('',#2184,#2185,#1827,.T.);
#2777=EDGE_CURVE('',#2174,#2185,#308,.T.);
#2778=EDGE_CURVE('',#2186,#2167,#1828,.T.);
#2779=EDGE_CURVE('',#2187,#2186,#309,.T.);
#2780=EDGE_CURVE('',#2188,#2187,#1829,.T.);
#2781=EDGE_CURVE('',#2189,#2188,#310,.T.);
#2782=EDGE_CURVE('',#2190,#2189,#311,.T.);
#2783=EDGE_CURVE('',#2191,#2190,#312,.T.);
#2784=EDGE_CURVE('',#2192,#2191,#1830,.T.);
#2785=EDGE_CURVE('',#2193,#2192,#313,.T.);
#2786=EDGE_CURVE('',#2194,#2193,#1831,.T.);
#2787=EDGE_CURVE('',#2195,#2194,#314,.T.);
#2788=EDGE_CURVE('',#2196,#2195,#315,.T.);
#2789=EDGE_CURVE('',#2197,#2196,#316,.T.);
#2790=EDGE_CURVE('',#2198,#2197,#1832,.T.);
#2791=EDGE_CURVE('',#2199,#2198,#317,.T.);
#2792=EDGE_CURVE('',#2200,#2199,#1833,.T.);
#2793=EDGE_CURVE('',#2201,#2200,#318,.T.);
#2794=EDGE_CURVE('',#2202,#2201,#319,.T.);
#2795=EDGE_CURVE('',#2203,#2202,#320,.T.);
#2796=EDGE_CURVE('',#2204,#2203,#1834,.T.);
#2797=EDGE_CURVE('',#2205,#2204,#1835,.T.);
#2798=EDGE_CURVE('',#2206,#2205,#321,.T.);
#2799=EDGE_CURVE('',#2207,#2206,#1836,.T.);
#2800=EDGE_CURVE('',#2208,#2207,#322,.T.);
#2801=EDGE_CURVE('',#2209,#2208,#323,.T.);
#2802=EDGE_CURVE('',#2210,#2209,#324,.T.);
#2803=EDGE_CURVE('',#2211,#2210,#325,.T.);
#2804=EDGE_CURVE('',#2212,#2211,#326,.T.);
#2805=EDGE_CURVE('',#2213,#2212,#1837,.T.);
#2806=EDGE_CURVE('',#2214,#2213,#327,.T.);
#2807=EDGE_CURVE('',#2215,#2214,#1838,.T.);
#2808=EDGE_CURVE('',#2216,#2215,#1839,.T.);
#2809=EDGE_CURVE('',#2217,#2216,#328,.T.);
#2810=EDGE_CURVE('',#2218,#2217,#329,.T.);
#2811=EDGE_CURVE('',#2219,#2218,#330,.T.);
#2812=EDGE_CURVE('',#2220,#2219,#1840,.T.);
#2813=EDGE_CURVE('',#2221,#2220,#331,.T.);
#2814=EDGE_CURVE('',#2222,#2221,#1841,.T.);
#2815=EDGE_CURVE('',#2223,#2222,#332,.T.);
#2816=EDGE_CURVE('',#2224,#2223,#333,.T.);
#2817=EDGE_CURVE('',#2225,#2224,#334,.T.);
#2818=EDGE_CURVE('',#2226,#2225,#1842,.T.);
#2819=EDGE_CURVE('',#2227,#2226,#335,.T.);
#2820=EDGE_CURVE('',#2228,#2227,#1843,.T.);
#2821=EDGE_CURVE('',#2229,#2228,#336,.T.);
#2822=EDGE_CURVE('',#2230,#2229,#337,.T.);
#2823=EDGE_CURVE('',#2231,#2230,#338,.T.);
#2824=EDGE_CURVE('',#2232,#2231,#1844,.T.);
#2825=EDGE_CURVE('',#2181,#2232,#339,.T.);
#2826=EDGE_CURVE('',#2233,#2173,#1845,.T.);
#2827=EDGE_CURVE('',#2234,#2233,#340,.T.);
#2828=EDGE_CURVE('',#2235,#2234,#1846,.T.);
#2829=EDGE_CURVE('',#2236,#2235,#341,.T.);
#2830=EDGE_CURVE('',#2237,#2236,#1847,.T.);
#2831=EDGE_CURVE('',#2238,#2237,#342,.T.);
#2832=EDGE_CURVE('',#2239,#2238,#1848,.T.);
#2833=EDGE_CURVE('',#2240,#2239,#343,.T.);
#2834=EDGE_CURVE('',#2241,#2240,#1849,.T.);
#2835=EDGE_CURVE('',#2176,#2241,#344,.T.);
#2836=EDGE_CURVE('',#2179,#2242,#1850,.T.);
#2837=EDGE_CURVE('',#2243,#2242,#1851,.T.);
#2838=EDGE_CURVE('',#2180,#2243,#1852,.T.);
#2839=EDGE_CURVE('',#2244,#2178,#1853,.T.);
#2840=EDGE_CURVE('',#2242,#2244,#345,.T.);
#2841=EDGE_CURVE('',#2184,#2245,#1854,.T.);
#2842=EDGE_CURVE('',#2246,#2245,#1855,.T.);
#2843=EDGE_CURVE('',#2185,#2246,#1856,.T.);
#2844=EDGE_CURVE('',#2247,#2183,#1857,.T.);
#2845=EDGE_CURVE('',#2245,#2247,#346,.T.);
#2846=EDGE_CURVE('',#2169,#2243,#347,.T.);
#2847=EDGE_CURVE('',#2248,#2244,#1858,.T.);
#2848=EDGE_CURVE('',#2186,#2248,#348,.T.);
#2849=EDGE_CURVE('',#2175,#2246,#349,.T.);
#2850=EDGE_CURVE('',#2249,#2247,#1859,.T.);
#2851=EDGE_CURVE('',#2233,#2249,#350,.T.);
#2852=EDGE_CURVE('',#2238,#2250,#351,.T.);
#2853=EDGE_CURVE('',#2251,#2250,#1860,.T.);
#2854=EDGE_CURVE('',#2239,#2251,#352,.T.);
#2855=EDGE_CURVE('',#2252,#2251,#353,.T.);
#2856=EDGE_CURVE('',#2240,#2252,#354,.T.);
#2857=EDGE_CURVE('',#2253,#2252,#1861,.T.);
#2858=EDGE_CURVE('',#2241,#2253,#355,.T.);
#2859=EDGE_CURVE('',#2177,#2253,#356,.T.);
#2860=EDGE_CURVE('',#2254,#2248,#357,.T.);
#2861=EDGE_CURVE('',#2187,#2254,#358,.T.);
#2862=EDGE_CURVE('',#2255,#2254,#1862,.T.);
#2863=EDGE_CURVE('',#2188,#2255,#359,.T.);
#2864=EDGE_CURVE('',#2256,#2255,#360,.T.);
#2865=EDGE_CURVE('',#2189,#2256,#361,.T.);
#2866=EDGE_CURVE('',#2257,#2256,#362,.T.);
#2867=EDGE_CURVE('',#2190,#2257,#363,.T.);
#2868=EDGE_CURVE('',#2258,#2257,#364,.T.);
#2869=EDGE_CURVE('',#2191,#2258,#365,.T.);
#2870=EDGE_CURVE('',#2259,#2258,#1863,.T.);
#2871=EDGE_CURVE('',#2192,#2259,#366,.T.);
#2872=EDGE_CURVE('',#2260,#2259,#367,.T.);
#2873=EDGE_CURVE('',#2193,#2260,#368,.T.);
#2874=EDGE_CURVE('',#2261,#2260,#1864,.T.);
#2875=EDGE_CURVE('',#2194,#2261,#369,.T.);
#2876=EDGE_CURVE('',#2262,#2261,#370,.T.);
#2877=EDGE_CURVE('',#2195,#2262,#371,.T.);
#2878=EDGE_CURVE('',#2263,#2262,#372,.T.);
#2879=EDGE_CURVE('',#2196,#2263,#373,.T.);
#2880=EDGE_CURVE('',#2264,#2263,#374,.T.);
#2881=EDGE_CURVE('',#2197,#2264,#375,.T.);
#2882=EDGE_CURVE('',#2265,#2264,#1865,.T.);
#2883=EDGE_CURVE('',#2198,#2265,#376,.T.);
#2884=EDGE_CURVE('',#2266,#2265,#377,.T.);
#2885=EDGE_CURVE('',#2199,#2266,#378,.T.);
#2886=EDGE_CURVE('',#2267,#2266,#1866,.T.);
#2887=EDGE_CURVE('',#2200,#2267,#379,.T.);
#2888=EDGE_CURVE('',#2268,#2267,#380,.T.);
#2889=EDGE_CURVE('',#2201,#2268,#381,.T.);
#2890=EDGE_CURVE('',#2269,#2268,#382,.T.);
#2891=EDGE_CURVE('',#2202,#2269,#383,.T.);
#2892=EDGE_CURVE('',#2270,#2269,#384,.T.);
#2893=EDGE_CURVE('',#2203,#2270,#385,.T.);
#2894=EDGE_CURVE('',#2271,#2270,#1867,.T.);
#2895=EDGE_CURVE('',#2204,#2271,#386,.T.);
#2896=EDGE_CURVE('',#2272,#2271,#1868,.T.);
#2897=EDGE_CURVE('',#2205,#2272,#387,.T.);
#2898=EDGE_CURVE('',#2273,#2272,#388,.T.);
#2899=EDGE_CURVE('',#2206,#2273,#389,.T.);
#2900=EDGE_CURVE('',#2274,#2273,#1869,.T.);
#2901=EDGE_CURVE('',#2207,#2274,#390,.T.);
#2902=EDGE_CURVE('',#2275,#2274,#391,.T.);
#2903=EDGE_CURVE('',#2208,#2275,#392,.T.);
#2904=EDGE_CURVE('',#2276,#2275,#393,.T.);
#2905=EDGE_CURVE('',#2209,#2276,#394,.T.);
#2906=EDGE_CURVE('',#2277,#2276,#395,.T.);
#2907=EDGE_CURVE('',#2210,#2277,#396,.T.);
#2908=EDGE_CURVE('',#2278,#2277,#397,.T.);
#2909=EDGE_CURVE('',#2211,#2278,#398,.T.);
#2910=EDGE_CURVE('',#2279,#2278,#399,.T.);
#2911=EDGE_CURVE('',#2212,#2279,#400,.T.);
#2912=EDGE_CURVE('',#2280,#2279,#1870,.T.);
#2913=EDGE_CURVE('',#2213,#2280,#401,.T.);
#2914=EDGE_CURVE('',#2281,#2280,#402,.T.);
#2915=EDGE_CURVE('',#2214,#2281,#403,.T.);
#2916=EDGE_CURVE('',#2282,#2281,#1871,.T.);
#2917=EDGE_CURVE('',#2215,#2282,#404,.T.);
#2918=EDGE_CURVE('',#2283,#2282,#1872,.T.);
#2919=EDGE_CURVE('',#2216,#2283,#405,.T.);
#2920=EDGE_CURVE('',#2284,#2283,#406,.T.);
#2921=EDGE_CURVE('',#2217,#2284,#407,.T.);
#2922=EDGE_CURVE('',#2285,#2284,#408,.T.);
#2923=EDGE_CURVE('',#2218,#2285,#409,.T.);
#2924=EDGE_CURVE('',#2286,#2285,#410,.T.);
#2925=EDGE_CURVE('',#2219,#2286,#411,.T.);
#2926=EDGE_CURVE('',#2287,#2286,#1873,.T.);
#2927=EDGE_CURVE('',#2220,#2287,#412,.T.);
#2928=EDGE_CURVE('',#2288,#2287,#413,.T.);
#2929=EDGE_CURVE('',#2221,#2288,#414,.T.);
#2930=EDGE_CURVE('',#2289,#2288,#1874,.T.);
#2931=EDGE_CURVE('',#2222,#2289,#415,.T.);
#2932=EDGE_CURVE('',#2290,#2289,#416,.T.);
#2933=EDGE_CURVE('',#2223,#2290,#417,.T.);
#2934=EDGE_CURVE('',#2291,#2290,#418,.T.);
#2935=EDGE_CURVE('',#2224,#2291,#419,.T.);
#2936=EDGE_CURVE('',#2292,#2291,#420,.T.);
#2937=EDGE_CURVE('',#2225,#2292,#421,.T.);
#2938=EDGE_CURVE('',#2293,#2292,#1875,.T.);
#2939=EDGE_CURVE('',#2226,#2293,#422,.T.);
#2940=EDGE_CURVE('',#2294,#2293,#423,.T.);
#2941=EDGE_CURVE('',#2227,#2294,#424,.T.);
#2942=EDGE_CURVE('',#2295,#2294,#1876,.T.);
#2943=EDGE_CURVE('',#2228,#2295,#425,.T.);
#2944=EDGE_CURVE('',#2296,#2295,#426,.T.);
#2945=EDGE_CURVE('',#2229,#2296,#427,.T.);
#2946=EDGE_CURVE('',#2297,#2296,#428,.T.);
#2947=EDGE_CURVE('',#2230,#2297,#429,.T.);
#2948=EDGE_CURVE('',#2298,#2297,#430,.T.);
#2949=EDGE_CURVE('',#2231,#2298,#431,.T.);
#2950=EDGE_CURVE('',#2299,#2298,#1877,.T.);
#2951=EDGE_CURVE('',#2232,#2299,#432,.T.);
#2952=EDGE_CURVE('',#2182,#2299,#433,.T.);
#2953=EDGE_CURVE('',#2300,#2249,#434,.T.);
#2954=EDGE_CURVE('',#2234,#2300,#435,.T.);
#2955=EDGE_CURVE('',#2301,#2300,#1878,.T.);
#2956=EDGE_CURVE('',#2235,#2301,#436,.T.);
#2957=EDGE_CURVE('',#2302,#2301,#437,.T.);
#2958=EDGE_CURVE('',#2236,#2302,#438,.T.);
#2959=EDGE_CURVE('',#2303,#2302,#1879,.T.);
#2960=EDGE_CURVE('',#2237,#2303,#439,.T.);
#2961=EDGE_CURVE('',#2250,#2303,#440,.T.);
#2962=EDGE_CURVE('',#2304,#2304,#1880,.T.);
#2963=EDGE_CURVE('',#2304,#2305,#441,.T.);
#2964=EDGE_CURVE('',#2305,#2305,#1881,.T.);
#2965=EDGE_CURVE('',#2306,#2306,#1882,.T.);
#2966=EDGE_CURVE('',#2306,#2304,#442,.T.);
#2967=EDGE_CURVE('',#2307,#2307,#1883,.T.);
#2968=EDGE_CURVE('',#2307,#2308,#443,.T.);
#2969=EDGE_CURVE('',#2308,#2308,#1884,.T.);
#2970=EDGE_CURVE('',#2309,#2309,#1885,.T.);
#2971=EDGE_CURVE('',#2309,#2307,#444,.T.);
#2972=EDGE_CURVE('',#2310,#2310,#1886,.T.);
#2973=EDGE_CURVE('',#2310,#2311,#445,.T.);
#2974=EDGE_CURVE('',#2311,#2311,#1887,.T.);
#2975=EDGE_CURVE('',#2312,#2312,#1888,.T.);
#2976=EDGE_CURVE('',#2312,#2310,#446,.T.);
#2977=EDGE_CURVE('',#2313,#2313,#1889,.T.);
#2978=EDGE_CURVE('',#2313,#2314,#447,.T.);
#2979=EDGE_CURVE('',#2314,#2314,#1890,.T.);
#2980=EDGE_CURVE('',#2315,#2315,#1891,.T.);
#2981=EDGE_CURVE('',#2315,#2313,#448,.T.);
#2982=EDGE_CURVE('',#2316,#2317,#1892,.T.);
#2983=EDGE_CURVE('',#2316,#2318,#449,.T.);
#2984=EDGE_CURVE('',#2319,#2318,#1893,.T.);
#2985=EDGE_CURVE('',#2317,#2319,#450,.T.);
#2986=EDGE_CURVE('',#2317,#2320,#451,.T.);
#2987=EDGE_CURVE('',#2321,#2319,#452,.T.);
#2988=EDGE_CURVE('',#2320,#2321,#453,.T.);
#2989=EDGE_CURVE('',#2320,#2322,#1894,.T.);
#2990=EDGE_CURVE('',#2323,#2321,#1895,.T.);
#2991=EDGE_CURVE('',#2322,#2323,#454,.T.);
#2992=EDGE_CURVE('',#2322,#2324,#455,.T.);
#2993=EDGE_CURVE('',#2325,#2323,#456,.T.);
#2994=EDGE_CURVE('',#2324,#2325,#457,.T.);
#2995=EDGE_CURVE('',#2324,#2326,#1896,.T.);
#2996=EDGE_CURVE('',#2327,#2325,#1897,.T.);
#2997=EDGE_CURVE('',#2326,#2327,#458,.T.);
#2998=EDGE_CURVE('',#2326,#2328,#459,.T.);
#2999=EDGE_CURVE('',#2329,#2327,#460,.T.);
#3000=EDGE_CURVE('',#2328,#2329,#461,.T.);
#3001=EDGE_CURVE('',#2328,#2330,#1898,.T.);
#3002=EDGE_CURVE('',#2331,#2329,#1899,.T.);
#3003=EDGE_CURVE('',#2330,#2331,#462,.T.);
#3004=EDGE_CURVE('',#2330,#2332,#463,.T.);
#3005=EDGE_CURVE('',#2333,#2331,#464,.T.);
#3006=EDGE_CURVE('',#2332,#2333,#465,.T.);
#3007=EDGE_CURVE('',#2332,#2334,#1900,.T.);
#3008=EDGE_CURVE('',#2335,#2333,#1901,.T.);
#3009=EDGE_CURVE('',#2334,#2335,#466,.T.);
#3010=EDGE_CURVE('',#2334,#2336,#1902,.T.);
#3011=EDGE_CURVE('',#2337,#2335,#1903,.T.);
#3012=EDGE_CURVE('',#2336,#2337,#467,.T.);
#3013=EDGE_CURVE('',#2336,#2338,#1904,.T.);
#3014=EDGE_CURVE('',#2339,#2337,#1905,.T.);
#3015=EDGE_CURVE('',#2338,#2339,#468,.T.);
#3016=EDGE_CURVE('',#2338,#2340,#469,.T.);
#3017=EDGE_CURVE('',#2341,#2339,#470,.T.);
#3018=EDGE_CURVE('',#2340,#2341,#471,.T.);
#3019=EDGE_CURVE('',#2340,#2342,#1906,.T.);
#3020=EDGE_CURVE('',#2343,#2341,#1907,.T.);
#3021=EDGE_CURVE('',#2342,#2343,#472,.T.);
#3022=EDGE_CURVE('',#2342,#2344,#1908,.T.);
#3023=EDGE_CURVE('',#2345,#2343,#1909,.T.);
#3024=EDGE_CURVE('',#2344,#2345,#473,.T.);
#3025=EDGE_CURVE('',#2344,#2346,#1910,.T.);
#3026=EDGE_CURVE('',#2347,#2345,#1911,.T.);
#3027=EDGE_CURVE('',#2346,#2347,#474,.T.);
#3028=EDGE_CURVE('',#2346,#2348,#475,.T.);
#3029=EDGE_CURVE('',#2349,#2347,#476,.T.);
#3030=EDGE_CURVE('',#2348,#2349,#477,.T.);
#3031=EDGE_CURVE('',#2348,#2350,#1912,.T.);
#3032=EDGE_CURVE('',#2351,#2349,#1913,.T.);
#3033=EDGE_CURVE('',#2350,#2351,#478,.T.);
#3034=EDGE_CURVE('',#2350,#2352,#1914,.T.);
#3035=EDGE_CURVE('',#2353,#2351,#1915,.T.);
#3036=EDGE_CURVE('',#2352,#2353,#479,.T.);
#3037=EDGE_CURVE('',#2352,#2354,#1916,.T.);
#3038=EDGE_CURVE('',#2355,#2353,#1917,.T.);
#3039=EDGE_CURVE('',#2354,#2355,#480,.T.);
#3040=EDGE_CURVE('',#2354,#2356,#481,.T.);
#3041=EDGE_CURVE('',#2357,#2355,#482,.T.);
#3042=EDGE_CURVE('',#2356,#2357,#483,.T.);
#3043=EDGE_CURVE('',#2356,#2358,#1918,.T.);
#3044=EDGE_CURVE('',#2359,#2357,#1919,.T.);
#3045=EDGE_CURVE('',#2358,#2359,#484,.T.);
#3046=EDGE_CURVE('',#2358,#2360,#1920,.T.);
#3047=EDGE_CURVE('',#2361,#2359,#1921,.T.);
#3048=EDGE_CURVE('',#2360,#2361,#485,.T.);
#3049=EDGE_CURVE('',#2360,#2362,#1922,.T.);
#3050=EDGE_CURVE('',#2363,#2361,#1923,.T.);
#3051=EDGE_CURVE('',#2362,#2363,#486,.T.);
#3052=EDGE_CURVE('',#2362,#2364,#487,.T.);
#3053=EDGE_CURVE('',#2365,#2363,#488,.T.);
#3054=EDGE_CURVE('',#2364,#2365,#489,.T.);
#3055=EDGE_CURVE('',#2364,#2366,#1924,.T.);
#3056=EDGE_CURVE('',#2367,#2365,#1925,.T.);
#3057=EDGE_CURVE('',#2366,#2367,#490,.T.);
#3058=EDGE_CURVE('',#2366,#2368,#491,.T.);
#3059=EDGE_CURVE('',#2369,#2367,#492,.T.);
#3060=EDGE_CURVE('',#2368,#2369,#493,.T.);
#3061=EDGE_CURVE('',#2368,#2370,#1926,.T.);
#3062=EDGE_CURVE('',#2371,#2369,#1927,.T.);
#3063=EDGE_CURVE('',#2370,#2371,#494,.T.);
#3064=EDGE_CURVE('',#2370,#2372,#495,.T.);
#3065=EDGE_CURVE('',#2373,#2371,#496,.T.);
#3066=EDGE_CURVE('',#2372,#2373,#497,.T.);
#3067=EDGE_CURVE('',#2372,#2374,#1928,.T.);
#3068=EDGE_CURVE('',#2375,#2373,#1929,.T.);
#3069=EDGE_CURVE('',#2374,#2375,#498,.T.);
#3070=EDGE_CURVE('',#2374,#2376,#499,.T.);
#3071=EDGE_CURVE('',#2377,#2375,#500,.T.);
#3072=EDGE_CURVE('',#2376,#2377,#501,.T.);
#3073=EDGE_CURVE('',#2376,#2378,#1930,.T.);
#3074=EDGE_CURVE('',#2379,#2377,#1931,.T.);
#3075=EDGE_CURVE('',#2378,#2379,#502,.T.);
#3076=EDGE_CURVE('',#2378,#2380,#503,.T.);
#3077=EDGE_CURVE('',#2381,#2379,#504,.T.);
#3078=EDGE_CURVE('',#2380,#2381,#505,.T.);
#3079=EDGE_CURVE('',#2380,#2382,#1932,.T.);
#3080=EDGE_CURVE('',#2383,#2381,#1933,.T.);
#3081=EDGE_CURVE('',#2382,#2383,#506,.T.);
#3082=EDGE_CURVE('',#2382,#2384,#507,.T.);
#3083=EDGE_CURVE('',#2385,#2383,#508,.T.);
#3084=EDGE_CURVE('',#2384,#2385,#509,.T.);
#3085=EDGE_CURVE('',#2384,#2386,#1934,.T.);
#3086=EDGE_CURVE('',#2387,#2385,#1935,.T.);
#3087=EDGE_CURVE('',#2386,#2387,#510,.T.);
#3088=EDGE_CURVE('',#2386,#2388,#511,.T.);
#3089=EDGE_CURVE('',#2389,#2387,#512,.T.);
#3090=EDGE_CURVE('',#2388,#2389,#513,.T.);
#3091=EDGE_CURVE('',#2388,#2390,#1936,.T.);
#3092=EDGE_CURVE('',#2391,#2389,#1937,.T.);
#3093=EDGE_CURVE('',#2390,#2391,#514,.T.);
#3094=EDGE_CURVE('',#2390,#2392,#1938,.T.);
#3095=EDGE_CURVE('',#2393,#2391,#1939,.T.);
#3096=EDGE_CURVE('',#2392,#2393,#515,.T.);
#3097=EDGE_CURVE('',#2392,#2394,#1940,.T.);
#3098=EDGE_CURVE('',#2395,#2393,#1941,.T.);
#3099=EDGE_CURVE('',#2394,#2395,#516,.T.);
#3100=EDGE_CURVE('',#2394,#2396,#517,.T.);
#3101=EDGE_CURVE('',#2397,#2395,#518,.T.);
#3102=EDGE_CURVE('',#2396,#2397,#519,.T.);
#3103=EDGE_CURVE('',#2396,#2398,#1942,.T.);
#3104=EDGE_CURVE('',#2399,#2397,#1943,.T.);
#3105=EDGE_CURVE('',#2398,#2399,#520,.T.);
#3106=EDGE_CURVE('',#2398,#2400,#1944,.T.);
#3107=EDGE_CURVE('',#2401,#2399,#1945,.T.);
#3108=EDGE_CURVE('',#2400,#2401,#521,.T.);
#3109=EDGE_CURVE('',#2400,#2402,#1946,.T.);
#3110=EDGE_CURVE('',#2403,#2401,#1947,.T.);
#3111=EDGE_CURVE('',#2402,#2403,#522,.T.);
#3112=EDGE_CURVE('',#2402,#2404,#523,.T.);
#3113=EDGE_CURVE('',#2405,#2403,#524,.T.);
#3114=EDGE_CURVE('',#2404,#2405,#525,.T.);
#3115=EDGE_CURVE('',#2404,#2406,#1948,.T.);
#3116=EDGE_CURVE('',#2407,#2405,#1949,.T.);
#3117=EDGE_CURVE('',#2406,#2407,#526,.T.);
#3118=EDGE_CURVE('',#2406,#2408,#1950,.T.);
#3119=EDGE_CURVE('',#2409,#2407,#1951,.T.);
#3120=EDGE_CURVE('',#2408,#2409,#527,.T.);
#3121=EDGE_CURVE('',#2408,#2410,#1952,.T.);
#3122=EDGE_CURVE('',#2411,#2409,#1953,.T.);
#3123=EDGE_CURVE('',#2410,#2411,#528,.T.);
#3124=EDGE_CURVE('',#2410,#2412,#529,.T.);
#3125=EDGE_CURVE('',#2413,#2411,#530,.T.);
#3126=EDGE_CURVE('',#2412,#2413,#531,.T.);
#3127=EDGE_CURVE('',#2412,#2414,#1954,.T.);
#3128=EDGE_CURVE('',#2415,#2413,#1955,.T.);
#3129=EDGE_CURVE('',#2414,#2415,#532,.T.);
#3130=EDGE_CURVE('',#2414,#2416,#1956,.T.);
#3131=EDGE_CURVE('',#2417,#2415,#1957,.T.);
#3132=EDGE_CURVE('',#2416,#2417,#533,.T.);
#3133=EDGE_CURVE('',#2416,#2418,#1958,.T.);
#3134=EDGE_CURVE('',#2419,#2417,#1959,.T.);
#3135=EDGE_CURVE('',#2418,#2419,#534,.T.);
#3136=EDGE_CURVE('',#2418,#2420,#535,.T.);
#3137=EDGE_CURVE('',#2421,#2419,#536,.T.);
#3138=EDGE_CURVE('',#2420,#2421,#537,.T.);
#3139=EDGE_CURVE('',#2420,#2422,#1960,.T.);
#3140=EDGE_CURVE('',#2423,#2421,#1961,.T.);
#3141=EDGE_CURVE('',#2422,#2423,#538,.T.);
#3142=EDGE_CURVE('',#2422,#2424,#539,.T.);
#3143=EDGE_CURVE('',#2425,#2423,#540,.T.);
#3144=EDGE_CURVE('',#2424,#2425,#541,.T.);
#3145=EDGE_CURVE('',#2424,#2426,#1962,.T.);
#3146=EDGE_CURVE('',#2427,#2425,#1963,.T.);
#3147=EDGE_CURVE('',#2426,#2427,#542,.T.);
#3148=EDGE_CURVE('',#2426,#2316,#543,.T.);
#3149=EDGE_CURVE('',#2318,#2427,#544,.T.);
#3150=EDGE_CURVE('',#2428,#2429,#1964,.T.);
#3151=EDGE_CURVE('',#2429,#2430,#545,.T.);
#3152=EDGE_CURVE('',#2430,#2430,#1965,.T.);
#3153=EDGE_CURVE('',#2429,#2428,#1966,.T.);
#3154=EDGE_CURVE('',#2428,#2431,#546,.T.);
#3155=EDGE_CURVE('',#2431,#2431,#1967,.T.);
#3156=EDGE_CURVE('',#2432,#2433,#79,.T.);
#3157=EDGE_CURVE('',#2432,#2434,#547,.T.);
#3158=EDGE_CURVE('',#2435,#2434,#548,.T.);
#3159=EDGE_CURVE('',#2436,#2435,#549,.T.);
#3160=EDGE_CURVE('',#2433,#2436,#80,.T.);
#3161=EDGE_CURVE('',#2437,#2432,#81,.T.);
#3162=EDGE_CURVE('',#2437,#2438,#550,.T.);
#3163=EDGE_CURVE('',#2434,#2438,#551,.T.);
#3164=EDGE_CURVE('',#2439,#2437,#82,.T.);
#3165=EDGE_CURVE('',#2439,#2440,#552,.T.);
#3166=EDGE_CURVE('',#2438,#2440,#553,.T.);
#3167=EDGE_CURVE('',#2441,#2439,#83,.T.);
#3168=EDGE_CURVE('',#2442,#2441,#554,.T.);
#3169=EDGE_CURVE('',#2440,#2442,#555,.T.);
#3170=EDGE_CURVE('',#2436,#2443,#84,.T.);
#3171=EDGE_CURVE('',#2444,#2435,#556,.T.);
#3172=EDGE_CURVE('',#2443,#2444,#557,.T.);
#3173=EDGE_CURVE('',#2443,#2441,#85,.T.);
#3174=EDGE_CURVE('',#2442,#2444,#558,.T.);
#3175=EDGE_CURVE('',#2445,#2433,#559,.T.);
#3176=EDGE_CURVE('',#2446,#2446,#1968,.T.);
#3177=EDGE_CURVE('',#2447,#2447,#1969,.T.);
#3178=EDGE_CURVE('',#2447,#2446,#560,.T.);
#3179=EDGE_CURVE('',#2447,#2431,#561,.T.);
#3180=EDGE_CURVE('',#2448,#2449,#562,.T.);
#3181=EDGE_CURVE('',#2450,#2448,#563,.T.);
#3182=EDGE_CURVE('',#2451,#2450,#564,.T.);
#3183=EDGE_CURVE('',#2449,#2451,#565,.T.);
#3184=EDGE_CURVE('',#2452,#2453,#566,.T.);
#3185=EDGE_CURVE('',#2454,#2452,#567,.T.);
#3186=EDGE_CURVE('',#2454,#2455,#568,.T.);
#3187=EDGE_CURVE('',#2453,#2455,#569,.T.);
#3188=EDGE_CURVE('',#2448,#2456,#570,.T.);
#3189=EDGE_CURVE('',#2457,#2456,#571,.T.);
#3190=EDGE_CURVE('',#2450,#2457,#572,.T.);
#3191=EDGE_CURVE('',#2458,#2457,#573,.T.);
#3192=EDGE_CURVE('',#2451,#2458,#574,.T.);
#3193=EDGE_CURVE('',#2459,#2458,#575,.T.);
#3194=EDGE_CURVE('',#2449,#2459,#576,.T.);
#3195=EDGE_CURVE('',#2456,#2459,#577,.T.);
#3196=EDGE_CURVE('',#2460,#2454,#578,.T.);
#3197=EDGE_CURVE('',#2460,#2461,#579,.T.);
#3198=EDGE_CURVE('',#2455,#2461,#580,.T.);
#3199=EDGE_CURVE('',#2452,#2462,#581,.T.);
#3200=EDGE_CURVE('',#2463,#2453,#582,.T.);
#3201=EDGE_CURVE('',#2462,#2463,#583,.T.);
#3202=EDGE_CURVE('',#2462,#2460,#1970,.T.);
#3203=EDGE_CURVE('',#2461,#2463,#1971,.T.);
#3204=ORIENTED_EDGE('',*,*,#2464,.F.);
#3205=ORIENTED_EDGE('',*,*,#2465,.T.);
#3206=ORIENTED_EDGE('',*,*,#2466,.F.);
#3207=ORIENTED_EDGE('',*,*,#2467,.F.);
#3208=ORIENTED_EDGE('',*,*,#2468,.F.);
#3209=ORIENTED_EDGE('',*,*,#2469,.F.);
#3210=ORIENTED_EDGE('',*,*,#2470,.F.);
#3211=ORIENTED_EDGE('',*,*,#2465,.F.);
#3212=ORIENTED_EDGE('',*,*,#2471,.F.);
#3213=ORIENTED_EDGE('',*,*,#2472,.T.);
#3214=ORIENTED_EDGE('',*,*,#2473,.F.);
#3215=ORIENTED_EDGE('',*,*,#2474,.F.);
#3216=ORIENTED_EDGE('',*,*,#2475,.F.);
#3217=ORIENTED_EDGE('',*,*,#2476,.F.);
#3218=ORIENTED_EDGE('',*,*,#2477,.F.);
#3219=ORIENTED_EDGE('',*,*,#2472,.F.);
#3220=ORIENTED_EDGE('',*,*,#2468,.T.);
#3221=ORIENTED_EDGE('',*,*,#2464,.T.);
#3222=ORIENTED_EDGE('',*,*,#2478,.F.);
#3223=ORIENTED_EDGE('',*,*,#2479,.T.);
#3224=ORIENTED_EDGE('',*,*,#2480,.T.);
#3225=ORIENTED_EDGE('',*,*,#2481,.T.);
#3226=ORIENTED_EDGE('',*,*,#2482,.T.);
#3227=ORIENTED_EDGE('',*,*,#2483,.F.);
#3228=ORIENTED_EDGE('',*,*,#2467,.T.);
#3229=ORIENTED_EDGE('',*,*,#2484,.F.);
#3230=ORIENTED_EDGE('',*,*,#2485,.T.);
#3231=ORIENTED_EDGE('',*,*,#2478,.T.);
#3232=ORIENTED_EDGE('',*,*,#2466,.T.);
#3233=ORIENTED_EDGE('',*,*,#2470,.T.);
#3234=ORIENTED_EDGE('',*,*,#2486,.F.);
#3235=ORIENTED_EDGE('',*,*,#2487,.F.);
#3236=ORIENTED_EDGE('',*,*,#2488,.T.);
#3237=ORIENTED_EDGE('',*,*,#2489,.T.);
#3238=ORIENTED_EDGE('',*,*,#2490,.T.);
#3239=ORIENTED_EDGE('',*,*,#2484,.T.);
#3240=ORIENTED_EDGE('',*,*,#2475,.T.);
#3241=ORIENTED_EDGE('',*,*,#2471,.T.);
#3242=ORIENTED_EDGE('',*,*,#2491,.F.);
#3243=ORIENTED_EDGE('',*,*,#2492,.T.);
#3244=ORIENTED_EDGE('',*,*,#2493,.T.);
#3245=ORIENTED_EDGE('',*,*,#2494,.T.);
#3246=ORIENTED_EDGE('',*,*,#2495,.T.);
#3247=ORIENTED_EDGE('',*,*,#2496,.F.);
#3248=ORIENTED_EDGE('',*,*,#2474,.T.);
#3249=ORIENTED_EDGE('',*,*,#2497,.F.);
#3250=ORIENTED_EDGE('',*,*,#2498,.T.);
#3251=ORIENTED_EDGE('',*,*,#2491,.T.);
#3252=ORIENTED_EDGE('',*,*,#2473,.T.);
#3253=ORIENTED_EDGE('',*,*,#2477,.T.);
#3254=ORIENTED_EDGE('',*,*,#2499,.F.);
#3255=ORIENTED_EDGE('',*,*,#2500,.F.);
#3256=ORIENTED_EDGE('',*,*,#2501,.T.);
#3257=ORIENTED_EDGE('',*,*,#2502,.T.);
#3258=ORIENTED_EDGE('',*,*,#2503,.T.);
#3259=ORIENTED_EDGE('',*,*,#2497,.T.);
#3260=ORIENTED_EDGE('',*,*,#2480,.F.);
#3261=ORIENTED_EDGE('',*,*,#2504,.F.);
#3262=ORIENTED_EDGE('',*,*,#2489,.F.);
#3263=ORIENTED_EDGE('',*,*,#2505,.F.);
#3264=ORIENTED_EDGE('',*,*,#2479,.F.);
#3265=ORIENTED_EDGE('',*,*,#2485,.F.);
#3266=ORIENTED_EDGE('',*,*,#2490,.F.);
#3267=ORIENTED_EDGE('',*,*,#2504,.T.);
#3268=ORIENTED_EDGE('',*,*,#2493,.F.);
#3269=ORIENTED_EDGE('',*,*,#2506,.F.);
#3270=ORIENTED_EDGE('',*,*,#2502,.F.);
#3271=ORIENTED_EDGE('',*,*,#2507,.F.);
#3272=ORIENTED_EDGE('',*,*,#2492,.F.);
#3273=ORIENTED_EDGE('',*,*,#2498,.F.);
#3274=ORIENTED_EDGE('',*,*,#2503,.F.);
#3275=ORIENTED_EDGE('',*,*,#2506,.T.);
#3276=ORIENTED_EDGE('',*,*,#2505,.T.);
#3277=ORIENTED_EDGE('',*,*,#2488,.F.);
#3278=ORIENTED_EDGE('',*,*,#2508,.F.);
#3279=ORIENTED_EDGE('',*,*,#2509,.F.);
#3280=ORIENTED_EDGE('',*,*,#2510,.F.);
#3281=ORIENTED_EDGE('',*,*,#2511,.F.);
#3282=ORIENTED_EDGE('',*,*,#2512,.F.);
#3283=ORIENTED_EDGE('',*,*,#2513,.F.);
#3284=ORIENTED_EDGE('',*,*,#2514,.F.);
#3285=ORIENTED_EDGE('',*,*,#2515,.F.);
#3286=ORIENTED_EDGE('',*,*,#2516,.F.);
#3287=ORIENTED_EDGE('',*,*,#2517,.F.);
#3288=ORIENTED_EDGE('',*,*,#2518,.F.);
#3289=ORIENTED_EDGE('',*,*,#2519,.F.);
#3290=ORIENTED_EDGE('',*,*,#2520,.F.);
#3291=ORIENTED_EDGE('',*,*,#2521,.F.);
#3292=ORIENTED_EDGE('',*,*,#2522,.F.);
#3293=ORIENTED_EDGE('',*,*,#2523,.F.);
#3294=ORIENTED_EDGE('',*,*,#2524,.F.);
#3295=ORIENTED_EDGE('',*,*,#2525,.F.);
#3296=ORIENTED_EDGE('',*,*,#2526,.F.);
#3297=ORIENTED_EDGE('',*,*,#2527,.F.);
#3298=ORIENTED_EDGE('',*,*,#2528,.F.);
#3299=ORIENTED_EDGE('',*,*,#2529,.F.);
#3300=ORIENTED_EDGE('',*,*,#2530,.F.);
#3301=ORIENTED_EDGE('',*,*,#2531,.F.);
#3302=ORIENTED_EDGE('',*,*,#2532,.F.);
#3303=ORIENTED_EDGE('',*,*,#2533,.F.);
#3304=ORIENTED_EDGE('',*,*,#2534,.F.);
#3305=ORIENTED_EDGE('',*,*,#2535,.F.);
#3306=ORIENTED_EDGE('',*,*,#2536,.F.);
#3307=ORIENTED_EDGE('',*,*,#2537,.F.);
#3308=ORIENTED_EDGE('',*,*,#2538,.F.);
#3309=ORIENTED_EDGE('',*,*,#2539,.F.);
#3310=ORIENTED_EDGE('',*,*,#2540,.F.);
#3311=ORIENTED_EDGE('',*,*,#2541,.F.);
#3312=ORIENTED_EDGE('',*,*,#2542,.F.);
#3313=ORIENTED_EDGE('',*,*,#2543,.F.);
#3314=ORIENTED_EDGE('',*,*,#2544,.F.);
#3315=ORIENTED_EDGE('',*,*,#2545,.F.);
#3316=ORIENTED_EDGE('',*,*,#2546,.F.);
#3317=ORIENTED_EDGE('',*,*,#2547,.F.);
#3318=ORIENTED_EDGE('',*,*,#2548,.F.);
#3319=ORIENTED_EDGE('',*,*,#2549,.F.);
#3320=ORIENTED_EDGE('',*,*,#2550,.F.);
#3321=ORIENTED_EDGE('',*,*,#2551,.F.);
#3322=ORIENTED_EDGE('',*,*,#2552,.F.);
#3323=ORIENTED_EDGE('',*,*,#2553,.F.);
#3324=ORIENTED_EDGE('',*,*,#2554,.F.);
#3325=ORIENTED_EDGE('',*,*,#2555,.F.);
#3326=ORIENTED_EDGE('',*,*,#2556,.F.);
#3327=ORIENTED_EDGE('',*,*,#2557,.F.);
#3328=ORIENTED_EDGE('',*,*,#2558,.F.);
#3329=ORIENTED_EDGE('',*,*,#2559,.F.);
#3330=ORIENTED_EDGE('',*,*,#2560,.F.);
#3331=ORIENTED_EDGE('',*,*,#2561,.F.);
#3332=ORIENTED_EDGE('',*,*,#2562,.F.);
#3333=ORIENTED_EDGE('',*,*,#2563,.F.);
#3334=ORIENTED_EDGE('',*,*,#2564,.F.);
#3335=ORIENTED_EDGE('',*,*,#2565,.F.);
#3336=ORIENTED_EDGE('',*,*,#2566,.F.);
#3337=ORIENTED_EDGE('',*,*,#2567,.F.);
#3338=ORIENTED_EDGE('',*,*,#2568,.F.);
#3339=ORIENTED_EDGE('',*,*,#2569,.F.);
#3340=ORIENTED_EDGE('',*,*,#2570,.F.);
#3341=ORIENTED_EDGE('',*,*,#2571,.F.);
#3342=ORIENTED_EDGE('',*,*,#2572,.F.);
#3343=ORIENTED_EDGE('',*,*,#2573,.F.);
#3344=ORIENTED_EDGE('',*,*,#2574,.F.);
#3345=ORIENTED_EDGE('',*,*,#2575,.F.);
#3346=ORIENTED_EDGE('',*,*,#2576,.F.);
#3347=ORIENTED_EDGE('',*,*,#2577,.F.);
#3348=ORIENTED_EDGE('',*,*,#2578,.F.);
#3349=ORIENTED_EDGE('',*,*,#2579,.F.);
#3350=ORIENTED_EDGE('',*,*,#2580,.F.);
#3351=ORIENTED_EDGE('',*,*,#2581,.F.);
#3352=ORIENTED_EDGE('',*,*,#2582,.F.);
#3353=ORIENTED_EDGE('',*,*,#2583,.F.);
#3354=ORIENTED_EDGE('',*,*,#2584,.F.);
#3355=ORIENTED_EDGE('',*,*,#2494,.F.);
#3356=ORIENTED_EDGE('',*,*,#2507,.T.);
#3357=ORIENTED_EDGE('',*,*,#2501,.F.);
#3358=ORIENTED_EDGE('',*,*,#2585,.F.);
#3359=ORIENTED_EDGE('',*,*,#2586,.F.);
#3360=ORIENTED_EDGE('',*,*,#2587,.F.);
#3361=ORIENTED_EDGE('',*,*,#2588,.F.);
#3362=ORIENTED_EDGE('',*,*,#2589,.F.);
#3363=ORIENTED_EDGE('',*,*,#2481,.F.);
#3364=ORIENTED_EDGE('',*,*,#2588,.T.);
#3365=ORIENTED_EDGE('',*,*,#2590,.T.);
#3366=ORIENTED_EDGE('',*,*,#2591,.F.);
#3367=ORIENTED_EDGE('',*,*,#2592,.F.);
#3368=ORIENTED_EDGE('',*,*,#2589,.T.);
#3369=ORIENTED_EDGE('',*,*,#2592,.T.);
#3370=ORIENTED_EDGE('',*,*,#2593,.F.);
#3371=ORIENTED_EDGE('',*,*,#2482,.F.);
#3372=ORIENTED_EDGE('',*,*,#2508,.T.);
#3373=ORIENTED_EDGE('',*,*,#2487,.T.);
#3374=ORIENTED_EDGE('',*,*,#2594,.F.);
#3375=ORIENTED_EDGE('',*,*,#2595,.F.);
#3376=ORIENTED_EDGE('',*,*,#2509,.T.);
#3377=ORIENTED_EDGE('',*,*,#2595,.T.);
#3378=ORIENTED_EDGE('',*,*,#2596,.F.);
#3379=ORIENTED_EDGE('',*,*,#2597,.F.);
#3380=ORIENTED_EDGE('',*,*,#2510,.T.);
#3381=ORIENTED_EDGE('',*,*,#2597,.T.);
#3382=ORIENTED_EDGE('',*,*,#2598,.F.);
#3383=ORIENTED_EDGE('',*,*,#2599,.F.);
#3384=ORIENTED_EDGE('',*,*,#2511,.T.);
#3385=ORIENTED_EDGE('',*,*,#2599,.T.);
#3386=ORIENTED_EDGE('',*,*,#2600,.F.);
#3387=ORIENTED_EDGE('',*,*,#2601,.F.);
#3388=ORIENTED_EDGE('',*,*,#2512,.T.);
#3389=ORIENTED_EDGE('',*,*,#2601,.T.);
#3390=ORIENTED_EDGE('',*,*,#2602,.F.);
#3391=ORIENTED_EDGE('',*,*,#2603,.F.);
#3392=ORIENTED_EDGE('',*,*,#2513,.T.);
#3393=ORIENTED_EDGE('',*,*,#2603,.T.);
#3394=ORIENTED_EDGE('',*,*,#2604,.F.);
#3395=ORIENTED_EDGE('',*,*,#2605,.F.);
#3396=ORIENTED_EDGE('',*,*,#2514,.T.);
#3397=ORIENTED_EDGE('',*,*,#2605,.T.);
#3398=ORIENTED_EDGE('',*,*,#2606,.F.);
#3399=ORIENTED_EDGE('',*,*,#2607,.F.);
#3400=ORIENTED_EDGE('',*,*,#2515,.T.);
#3401=ORIENTED_EDGE('',*,*,#2607,.T.);
#3402=ORIENTED_EDGE('',*,*,#2608,.F.);
#3403=ORIENTED_EDGE('',*,*,#2609,.F.);
#3404=ORIENTED_EDGE('',*,*,#2516,.T.);
#3405=ORIENTED_EDGE('',*,*,#2609,.T.);
#3406=ORIENTED_EDGE('',*,*,#2610,.F.);
#3407=ORIENTED_EDGE('',*,*,#2611,.F.);
#3408=ORIENTED_EDGE('',*,*,#2517,.T.);
#3409=ORIENTED_EDGE('',*,*,#2611,.T.);
#3410=ORIENTED_EDGE('',*,*,#2612,.F.);
#3411=ORIENTED_EDGE('',*,*,#2613,.F.);
#3412=ORIENTED_EDGE('',*,*,#2518,.T.);
#3413=ORIENTED_EDGE('',*,*,#2613,.T.);
#3414=ORIENTED_EDGE('',*,*,#2614,.F.);
#3415=ORIENTED_EDGE('',*,*,#2615,.F.);
#3416=ORIENTED_EDGE('',*,*,#2519,.T.);
#3417=ORIENTED_EDGE('',*,*,#2615,.T.);
#3418=ORIENTED_EDGE('',*,*,#2616,.F.);
#3419=ORIENTED_EDGE('',*,*,#2617,.F.);
#3420=ORIENTED_EDGE('',*,*,#2520,.T.);
#3421=ORIENTED_EDGE('',*,*,#2617,.T.);
#3422=ORIENTED_EDGE('',*,*,#2618,.F.);
#3423=ORIENTED_EDGE('',*,*,#2619,.F.);
#3424=ORIENTED_EDGE('',*,*,#2521,.T.);
#3425=ORIENTED_EDGE('',*,*,#2619,.T.);
#3426=ORIENTED_EDGE('',*,*,#2620,.F.);
#3427=ORIENTED_EDGE('',*,*,#2621,.F.);
#3428=ORIENTED_EDGE('',*,*,#2522,.T.);
#3429=ORIENTED_EDGE('',*,*,#2621,.T.);
#3430=ORIENTED_EDGE('',*,*,#2622,.F.);
#3431=ORIENTED_EDGE('',*,*,#2623,.F.);
#3432=ORIENTED_EDGE('',*,*,#2523,.T.);
#3433=ORIENTED_EDGE('',*,*,#2623,.T.);
#3434=ORIENTED_EDGE('',*,*,#2624,.F.);
#3435=ORIENTED_EDGE('',*,*,#2625,.F.);
#3436=ORIENTED_EDGE('',*,*,#2524,.T.);
#3437=ORIENTED_EDGE('',*,*,#2625,.T.);
#3438=ORIENTED_EDGE('',*,*,#2626,.F.);
#3439=ORIENTED_EDGE('',*,*,#2627,.F.);
#3440=ORIENTED_EDGE('',*,*,#2525,.T.);
#3441=ORIENTED_EDGE('',*,*,#2627,.T.);
#3442=ORIENTED_EDGE('',*,*,#2628,.F.);
#3443=ORIENTED_EDGE('',*,*,#2629,.F.);
#3444=ORIENTED_EDGE('',*,*,#2526,.T.);
#3445=ORIENTED_EDGE('',*,*,#2629,.T.);
#3446=ORIENTED_EDGE('',*,*,#2630,.F.);
#3447=ORIENTED_EDGE('',*,*,#2631,.F.);
#3448=ORIENTED_EDGE('',*,*,#2527,.T.);
#3449=ORIENTED_EDGE('',*,*,#2631,.T.);
#3450=ORIENTED_EDGE('',*,*,#2632,.F.);
#3451=ORIENTED_EDGE('',*,*,#2633,.F.);
#3452=ORIENTED_EDGE('',*,*,#2528,.T.);
#3453=ORIENTED_EDGE('',*,*,#2633,.T.);
#3454=ORIENTED_EDGE('',*,*,#2634,.F.);
#3455=ORIENTED_EDGE('',*,*,#2635,.F.);
#3456=ORIENTED_EDGE('',*,*,#2529,.T.);
#3457=ORIENTED_EDGE('',*,*,#2635,.T.);
#3458=ORIENTED_EDGE('',*,*,#2636,.F.);
#3459=ORIENTED_EDGE('',*,*,#2637,.F.);
#3460=ORIENTED_EDGE('',*,*,#2530,.T.);
#3461=ORIENTED_EDGE('',*,*,#2637,.T.);
#3462=ORIENTED_EDGE('',*,*,#2638,.F.);
#3463=ORIENTED_EDGE('',*,*,#2639,.F.);
#3464=ORIENTED_EDGE('',*,*,#2531,.T.);
#3465=ORIENTED_EDGE('',*,*,#2639,.T.);
#3466=ORIENTED_EDGE('',*,*,#2640,.F.);
#3467=ORIENTED_EDGE('',*,*,#2641,.F.);
#3468=ORIENTED_EDGE('',*,*,#2532,.T.);
#3469=ORIENTED_EDGE('',*,*,#2641,.T.);
#3470=ORIENTED_EDGE('',*,*,#2642,.F.);
#3471=ORIENTED_EDGE('',*,*,#2643,.F.);
#3472=ORIENTED_EDGE('',*,*,#2533,.T.);
#3473=ORIENTED_EDGE('',*,*,#2643,.T.);
#3474=ORIENTED_EDGE('',*,*,#2644,.F.);
#3475=ORIENTED_EDGE('',*,*,#2645,.F.);
#3476=ORIENTED_EDGE('',*,*,#2534,.T.);
#3477=ORIENTED_EDGE('',*,*,#2645,.T.);
#3478=ORIENTED_EDGE('',*,*,#2646,.F.);
#3479=ORIENTED_EDGE('',*,*,#2647,.F.);
#3480=ORIENTED_EDGE('',*,*,#2535,.T.);
#3481=ORIENTED_EDGE('',*,*,#2647,.T.);
#3482=ORIENTED_EDGE('',*,*,#2648,.F.);
#3483=ORIENTED_EDGE('',*,*,#2649,.F.);
#3484=ORIENTED_EDGE('',*,*,#2536,.T.);
#3485=ORIENTED_EDGE('',*,*,#2649,.T.);
#3486=ORIENTED_EDGE('',*,*,#2650,.F.);
#3487=ORIENTED_EDGE('',*,*,#2651,.F.);
#3488=ORIENTED_EDGE('',*,*,#2537,.T.);
#3489=ORIENTED_EDGE('',*,*,#2651,.T.);
#3490=ORIENTED_EDGE('',*,*,#2652,.F.);
#3491=ORIENTED_EDGE('',*,*,#2653,.F.);
#3492=ORIENTED_EDGE('',*,*,#2538,.T.);
#3493=ORIENTED_EDGE('',*,*,#2653,.T.);
#3494=ORIENTED_EDGE('',*,*,#2654,.F.);
#3495=ORIENTED_EDGE('',*,*,#2655,.F.);
#3496=ORIENTED_EDGE('',*,*,#2539,.T.);
#3497=ORIENTED_EDGE('',*,*,#2655,.T.);
#3498=ORIENTED_EDGE('',*,*,#2656,.F.);
#3499=ORIENTED_EDGE('',*,*,#2657,.F.);
#3500=ORIENTED_EDGE('',*,*,#2540,.T.);
#3501=ORIENTED_EDGE('',*,*,#2657,.T.);
#3502=ORIENTED_EDGE('',*,*,#2658,.F.);
#3503=ORIENTED_EDGE('',*,*,#2659,.F.);
#3504=ORIENTED_EDGE('',*,*,#2541,.T.);
#3505=ORIENTED_EDGE('',*,*,#2659,.T.);
#3506=ORIENTED_EDGE('',*,*,#2660,.F.);
#3507=ORIENTED_EDGE('',*,*,#2661,.F.);
#3508=ORIENTED_EDGE('',*,*,#2542,.T.);
#3509=ORIENTED_EDGE('',*,*,#2661,.T.);
#3510=ORIENTED_EDGE('',*,*,#2662,.F.);
#3511=ORIENTED_EDGE('',*,*,#2663,.F.);
#3512=ORIENTED_EDGE('',*,*,#2543,.T.);
#3513=ORIENTED_EDGE('',*,*,#2663,.T.);
#3514=ORIENTED_EDGE('',*,*,#2664,.F.);
#3515=ORIENTED_EDGE('',*,*,#2665,.F.);
#3516=ORIENTED_EDGE('',*,*,#2544,.T.);
#3517=ORIENTED_EDGE('',*,*,#2665,.T.);
#3518=ORIENTED_EDGE('',*,*,#2666,.F.);
#3519=ORIENTED_EDGE('',*,*,#2667,.F.);
#3520=ORIENTED_EDGE('',*,*,#2545,.T.);
#3521=ORIENTED_EDGE('',*,*,#2667,.T.);
#3522=ORIENTED_EDGE('',*,*,#2668,.F.);
#3523=ORIENTED_EDGE('',*,*,#2669,.F.);
#3524=ORIENTED_EDGE('',*,*,#2546,.T.);
#3525=ORIENTED_EDGE('',*,*,#2669,.T.);
#3526=ORIENTED_EDGE('',*,*,#2670,.F.);
#3527=ORIENTED_EDGE('',*,*,#2671,.F.);
#3528=ORIENTED_EDGE('',*,*,#2547,.T.);
#3529=ORIENTED_EDGE('',*,*,#2671,.T.);
#3530=ORIENTED_EDGE('',*,*,#2672,.F.);
#3531=ORIENTED_EDGE('',*,*,#2673,.F.);
#3532=ORIENTED_EDGE('',*,*,#2548,.T.);
#3533=ORIENTED_EDGE('',*,*,#2673,.T.);
#3534=ORIENTED_EDGE('',*,*,#2674,.F.);
#3535=ORIENTED_EDGE('',*,*,#2675,.F.);
#3536=ORIENTED_EDGE('',*,*,#2549,.T.);
#3537=ORIENTED_EDGE('',*,*,#2675,.T.);
#3538=ORIENTED_EDGE('',*,*,#2676,.F.);
#3539=ORIENTED_EDGE('',*,*,#2677,.F.);
#3540=ORIENTED_EDGE('',*,*,#2550,.T.);
#3541=ORIENTED_EDGE('',*,*,#2677,.T.);
#3542=ORIENTED_EDGE('',*,*,#2678,.F.);
#3543=ORIENTED_EDGE('',*,*,#2679,.F.);
#3544=ORIENTED_EDGE('',*,*,#2551,.T.);
#3545=ORIENTED_EDGE('',*,*,#2679,.T.);
#3546=ORIENTED_EDGE('',*,*,#2680,.F.);
#3547=ORIENTED_EDGE('',*,*,#2681,.F.);
#3548=ORIENTED_EDGE('',*,*,#2552,.T.);
#3549=ORIENTED_EDGE('',*,*,#2681,.T.);
#3550=ORIENTED_EDGE('',*,*,#2682,.F.);
#3551=ORIENTED_EDGE('',*,*,#2683,.F.);
#3552=ORIENTED_EDGE('',*,*,#2553,.T.);
#3553=ORIENTED_EDGE('',*,*,#2683,.T.);
#3554=ORIENTED_EDGE('',*,*,#2684,.F.);
#3555=ORIENTED_EDGE('',*,*,#2685,.F.);
#3556=ORIENTED_EDGE('',*,*,#2554,.T.);
#3557=ORIENTED_EDGE('',*,*,#2685,.T.);
#3558=ORIENTED_EDGE('',*,*,#2686,.F.);
#3559=ORIENTED_EDGE('',*,*,#2687,.F.);
#3560=ORIENTED_EDGE('',*,*,#2555,.T.);
#3561=ORIENTED_EDGE('',*,*,#2687,.T.);
#3562=ORIENTED_EDGE('',*,*,#2688,.F.);
#3563=ORIENTED_EDGE('',*,*,#2689,.F.);
#3564=ORIENTED_EDGE('',*,*,#2556,.T.);
#3565=ORIENTED_EDGE('',*,*,#2689,.T.);
#3566=ORIENTED_EDGE('',*,*,#2690,.F.);
#3567=ORIENTED_EDGE('',*,*,#2691,.F.);
#3568=ORIENTED_EDGE('',*,*,#2557,.T.);
#3569=ORIENTED_EDGE('',*,*,#2691,.T.);
#3570=ORIENTED_EDGE('',*,*,#2692,.F.);
#3571=ORIENTED_EDGE('',*,*,#2693,.F.);
#3572=ORIENTED_EDGE('',*,*,#2558,.T.);
#3573=ORIENTED_EDGE('',*,*,#2693,.T.);
#3574=ORIENTED_EDGE('',*,*,#2694,.F.);
#3575=ORIENTED_EDGE('',*,*,#2695,.F.);
#3576=ORIENTED_EDGE('',*,*,#2559,.T.);
#3577=ORIENTED_EDGE('',*,*,#2695,.T.);
#3578=ORIENTED_EDGE('',*,*,#2696,.F.);
#3579=ORIENTED_EDGE('',*,*,#2697,.F.);
#3580=ORIENTED_EDGE('',*,*,#2560,.T.);
#3581=ORIENTED_EDGE('',*,*,#2697,.T.);
#3582=ORIENTED_EDGE('',*,*,#2698,.F.);
#3583=ORIENTED_EDGE('',*,*,#2699,.F.);
#3584=ORIENTED_EDGE('',*,*,#2561,.T.);
#3585=ORIENTED_EDGE('',*,*,#2699,.T.);
#3586=ORIENTED_EDGE('',*,*,#2700,.F.);
#3587=ORIENTED_EDGE('',*,*,#2701,.F.);
#3588=ORIENTED_EDGE('',*,*,#2562,.T.);
#3589=ORIENTED_EDGE('',*,*,#2701,.T.);
#3590=ORIENTED_EDGE('',*,*,#2702,.F.);
#3591=ORIENTED_EDGE('',*,*,#2703,.F.);
#3592=ORIENTED_EDGE('',*,*,#2563,.T.);
#3593=ORIENTED_EDGE('',*,*,#2703,.T.);
#3594=ORIENTED_EDGE('',*,*,#2704,.F.);
#3595=ORIENTED_EDGE('',*,*,#2705,.F.);
#3596=ORIENTED_EDGE('',*,*,#2564,.T.);
#3597=ORIENTED_EDGE('',*,*,#2705,.T.);
#3598=ORIENTED_EDGE('',*,*,#2706,.F.);
#3599=ORIENTED_EDGE('',*,*,#2707,.F.);
#3600=ORIENTED_EDGE('',*,*,#2565,.T.);
#3601=ORIENTED_EDGE('',*,*,#2707,.T.);
#3602=ORIENTED_EDGE('',*,*,#2708,.F.);
#3603=ORIENTED_EDGE('',*,*,#2709,.F.);
#3604=ORIENTED_EDGE('',*,*,#2566,.T.);
#3605=ORIENTED_EDGE('',*,*,#2709,.T.);
#3606=ORIENTED_EDGE('',*,*,#2710,.F.);
#3607=ORIENTED_EDGE('',*,*,#2711,.F.);
#3608=ORIENTED_EDGE('',*,*,#2567,.T.);
#3609=ORIENTED_EDGE('',*,*,#2711,.T.);
#3610=ORIENTED_EDGE('',*,*,#2712,.F.);
#3611=ORIENTED_EDGE('',*,*,#2713,.F.);
#3612=ORIENTED_EDGE('',*,*,#2568,.T.);
#3613=ORIENTED_EDGE('',*,*,#2713,.T.);
#3614=ORIENTED_EDGE('',*,*,#2714,.F.);
#3615=ORIENTED_EDGE('',*,*,#2715,.F.);
#3616=ORIENTED_EDGE('',*,*,#2569,.T.);
#3617=ORIENTED_EDGE('',*,*,#2715,.T.);
#3618=ORIENTED_EDGE('',*,*,#2716,.F.);
#3619=ORIENTED_EDGE('',*,*,#2717,.F.);
#3620=ORIENTED_EDGE('',*,*,#2570,.T.);
#3621=ORIENTED_EDGE('',*,*,#2717,.T.);
#3622=ORIENTED_EDGE('',*,*,#2718,.F.);
#3623=ORIENTED_EDGE('',*,*,#2719,.F.);
#3624=ORIENTED_EDGE('',*,*,#2571,.T.);
#3625=ORIENTED_EDGE('',*,*,#2719,.T.);
#3626=ORIENTED_EDGE('',*,*,#2720,.F.);
#3627=ORIENTED_EDGE('',*,*,#2721,.F.);
#3628=ORIENTED_EDGE('',*,*,#2572,.T.);
#3629=ORIENTED_EDGE('',*,*,#2721,.T.);
#3630=ORIENTED_EDGE('',*,*,#2722,.F.);
#3631=ORIENTED_EDGE('',*,*,#2723,.F.);
#3632=ORIENTED_EDGE('',*,*,#2573,.T.);
#3633=ORIENTED_EDGE('',*,*,#2723,.T.);
#3634=ORIENTED_EDGE('',*,*,#2724,.F.);
#3635=ORIENTED_EDGE('',*,*,#2725,.F.);
#3636=ORIENTED_EDGE('',*,*,#2574,.T.);
#3637=ORIENTED_EDGE('',*,*,#2725,.T.);
#3638=ORIENTED_EDGE('',*,*,#2726,.F.);
#3639=ORIENTED_EDGE('',*,*,#2727,.F.);
#3640=ORIENTED_EDGE('',*,*,#2575,.T.);
#3641=ORIENTED_EDGE('',*,*,#2727,.T.);
#3642=ORIENTED_EDGE('',*,*,#2728,.F.);
#3643=ORIENTED_EDGE('',*,*,#2729,.F.);
#3644=ORIENTED_EDGE('',*,*,#2576,.T.);
#3645=ORIENTED_EDGE('',*,*,#2729,.T.);
#3646=ORIENTED_EDGE('',*,*,#2730,.F.);
#3647=ORIENTED_EDGE('',*,*,#2731,.F.);
#3648=ORIENTED_EDGE('',*,*,#2577,.T.);
#3649=ORIENTED_EDGE('',*,*,#2731,.T.);
#3650=ORIENTED_EDGE('',*,*,#2732,.F.);
#3651=ORIENTED_EDGE('',*,*,#2733,.F.);
#3652=ORIENTED_EDGE('',*,*,#2578,.T.);
#3653=ORIENTED_EDGE('',*,*,#2733,.T.);
#3654=ORIENTED_EDGE('',*,*,#2734,.F.);
#3655=ORIENTED_EDGE('',*,*,#2735,.F.);
#3656=ORIENTED_EDGE('',*,*,#2579,.T.);
#3657=ORIENTED_EDGE('',*,*,#2735,.T.);
#3658=ORIENTED_EDGE('',*,*,#2736,.F.);
#3659=ORIENTED_EDGE('',*,*,#2737,.F.);
#3660=ORIENTED_EDGE('',*,*,#2580,.T.);
#3661=ORIENTED_EDGE('',*,*,#2737,.T.);
#3662=ORIENTED_EDGE('',*,*,#2738,.F.);
#3663=ORIENTED_EDGE('',*,*,#2739,.F.);
#3664=ORIENTED_EDGE('',*,*,#2581,.T.);
#3665=ORIENTED_EDGE('',*,*,#2739,.T.);
#3666=ORIENTED_EDGE('',*,*,#2740,.F.);
#3667=ORIENTED_EDGE('',*,*,#2741,.F.);
#3668=ORIENTED_EDGE('',*,*,#2582,.T.);
#3669=ORIENTED_EDGE('',*,*,#2741,.T.);
#3670=ORIENTED_EDGE('',*,*,#2742,.F.);
#3671=ORIENTED_EDGE('',*,*,#2743,.F.);
#3672=ORIENTED_EDGE('',*,*,#2583,.T.);
#3673=ORIENTED_EDGE('',*,*,#2743,.T.);
#3674=ORIENTED_EDGE('',*,*,#2744,.F.);
#3675=ORIENTED_EDGE('',*,*,#2745,.F.);
#3676=ORIENTED_EDGE('',*,*,#2584,.T.);
#3677=ORIENTED_EDGE('',*,*,#2745,.T.);
#3678=ORIENTED_EDGE('',*,*,#2746,.F.);
#3679=ORIENTED_EDGE('',*,*,#2495,.F.);
#3680=ORIENTED_EDGE('',*,*,#2585,.T.);
#3681=ORIENTED_EDGE('',*,*,#2500,.T.);
#3682=ORIENTED_EDGE('',*,*,#2747,.F.);
#3683=ORIENTED_EDGE('',*,*,#2748,.F.);
#3684=ORIENTED_EDGE('',*,*,#2586,.T.);
#3685=ORIENTED_EDGE('',*,*,#2748,.T.);
#3686=ORIENTED_EDGE('',*,*,#2749,.F.);
#3687=ORIENTED_EDGE('',*,*,#2750,.F.);
#3688=ORIENTED_EDGE('',*,*,#2587,.T.);
#3689=ORIENTED_EDGE('',*,*,#2750,.T.);
#3690=ORIENTED_EDGE('',*,*,#2751,.F.);
#3691=ORIENTED_EDGE('',*,*,#2590,.F.);
#3692=ORIENTED_EDGE('',*,*,#2469,.T.);
#3693=ORIENTED_EDGE('',*,*,#2483,.T.);
#3694=ORIENTED_EDGE('',*,*,#2593,.T.);
#3695=ORIENTED_EDGE('',*,*,#2591,.T.);
#3696=ORIENTED_EDGE('',*,*,#2751,.T.);
#3697=ORIENTED_EDGE('',*,*,#2749,.T.);
#3698=ORIENTED_EDGE('',*,*,#2747,.T.);
#3699=ORIENTED_EDGE('',*,*,#2499,.T.);
#3700=ORIENTED_EDGE('',*,*,#2476,.T.);
#3701=ORIENTED_EDGE('',*,*,#2496,.T.);
#3702=ORIENTED_EDGE('',*,*,#2746,.T.);
#3703=ORIENTED_EDGE('',*,*,#2744,.T.);
#3704=ORIENTED_EDGE('',*,*,#2742,.T.);
#3705=ORIENTED_EDGE('',*,*,#2740,.T.);
#3706=ORIENTED_EDGE('',*,*,#2738,.T.);
#3707=ORIENTED_EDGE('',*,*,#2736,.T.);
#3708=ORIENTED_EDGE('',*,*,#2734,.T.);
#3709=ORIENTED_EDGE('',*,*,#2732,.T.);
#3710=ORIENTED_EDGE('',*,*,#2730,.T.);
#3711=ORIENTED_EDGE('',*,*,#2728,.T.);
#3712=ORIENTED_EDGE('',*,*,#2726,.T.);
#3713=ORIENTED_EDGE('',*,*,#2724,.T.);
#3714=ORIENTED_EDGE('',*,*,#2722,.T.);
#3715=ORIENTED_EDGE('',*,*,#2720,.T.);
#3716=ORIENTED_EDGE('',*,*,#2718,.T.);
#3717=ORIENTED_EDGE('',*,*,#2716,.T.);
#3718=ORIENTED_EDGE('',*,*,#2714,.T.);
#3719=ORIENTED_EDGE('',*,*,#2712,.T.);
#3720=ORIENTED_EDGE('',*,*,#2710,.T.);
#3721=ORIENTED_EDGE('',*,*,#2708,.T.);
#3722=ORIENTED_EDGE('',*,*,#2706,.T.);
#3723=ORIENTED_EDGE('',*,*,#2704,.T.);
#3724=ORIENTED_EDGE('',*,*,#2702,.T.);
#3725=ORIENTED_EDGE('',*,*,#2700,.T.);
#3726=ORIENTED_EDGE('',*,*,#2698,.T.);
#3727=ORIENTED_EDGE('',*,*,#2696,.T.);
#3728=ORIENTED_EDGE('',*,*,#2694,.T.);
#3729=ORIENTED_EDGE('',*,*,#2692,.T.);
#3730=ORIENTED_EDGE('',*,*,#2690,.T.);
#3731=ORIENTED_EDGE('',*,*,#2688,.T.);
#3732=ORIENTED_EDGE('',*,*,#2686,.T.);
#3733=ORIENTED_EDGE('',*,*,#2684,.T.);
#3734=ORIENTED_EDGE('',*,*,#2682,.T.);
#3735=ORIENTED_EDGE('',*,*,#2680,.T.);
#3736=ORIENTED_EDGE('',*,*,#2678,.T.);
#3737=ORIENTED_EDGE('',*,*,#2676,.T.);
#3738=ORIENTED_EDGE('',*,*,#2674,.T.);
#3739=ORIENTED_EDGE('',*,*,#2672,.T.);
#3740=ORIENTED_EDGE('',*,*,#2670,.T.);
#3741=ORIENTED_EDGE('',*,*,#2668,.T.);
#3742=ORIENTED_EDGE('',*,*,#2666,.T.);
#3743=ORIENTED_EDGE('',*,*,#2664,.T.);
#3744=ORIENTED_EDGE('',*,*,#2662,.T.);
#3745=ORIENTED_EDGE('',*,*,#2660,.T.);
#3746=ORIENTED_EDGE('',*,*,#2658,.T.);
#3747=ORIENTED_EDGE('',*,*,#2656,.T.);
#3748=ORIENTED_EDGE('',*,*,#2654,.T.);
#3749=ORIENTED_EDGE('',*,*,#2652,.T.);
#3750=ORIENTED_EDGE('',*,*,#2650,.T.);
#3751=ORIENTED_EDGE('',*,*,#2648,.T.);
#3752=ORIENTED_EDGE('',*,*,#2646,.T.);
#3753=ORIENTED_EDGE('',*,*,#2644,.T.);
#3754=ORIENTED_EDGE('',*,*,#2642,.T.);
#3755=ORIENTED_EDGE('',*,*,#2640,.T.);
#3756=ORIENTED_EDGE('',*,*,#2638,.T.);
#3757=ORIENTED_EDGE('',*,*,#2636,.T.);
#3758=ORIENTED_EDGE('',*,*,#2634,.T.);
#3759=ORIENTED_EDGE('',*,*,#2632,.T.);
#3760=ORIENTED_EDGE('',*,*,#2630,.T.);
#3761=ORIENTED_EDGE('',*,*,#2628,.T.);
#3762=ORIENTED_EDGE('',*,*,#2626,.T.);
#3763=ORIENTED_EDGE('',*,*,#2624,.T.);
#3764=ORIENTED_EDGE('',*,*,#2622,.T.);
#3765=ORIENTED_EDGE('',*,*,#2620,.T.);
#3766=ORIENTED_EDGE('',*,*,#2618,.T.);
#3767=ORIENTED_EDGE('',*,*,#2616,.T.);
#3768=ORIENTED_EDGE('',*,*,#2614,.T.);
#3769=ORIENTED_EDGE('',*,*,#2612,.T.);
#3770=ORIENTED_EDGE('',*,*,#2610,.T.);
#3771=ORIENTED_EDGE('',*,*,#2608,.T.);
#3772=ORIENTED_EDGE('',*,*,#2606,.T.);
#3773=ORIENTED_EDGE('',*,*,#2604,.T.);
#3774=ORIENTED_EDGE('',*,*,#2602,.T.);
#3775=ORIENTED_EDGE('',*,*,#2600,.T.);
#3776=ORIENTED_EDGE('',*,*,#2598,.T.);
#3777=ORIENTED_EDGE('',*,*,#2596,.T.);
#3778=ORIENTED_EDGE('',*,*,#2594,.T.);
#3779=ORIENTED_EDGE('',*,*,#2486,.T.);
#3780=ORIENTED_EDGE('',*,*,#2752,.F.);
#3781=ORIENTED_EDGE('',*,*,#2753,.F.);
#3782=ORIENTED_EDGE('',*,*,#2754,.F.);
#3783=ORIENTED_EDGE('',*,*,#2755,.F.);
#3784=ORIENTED_EDGE('',*,*,#2756,.F.);
#3785=ORIENTED_EDGE('',*,*,#2757,.F.);
#3786=ORIENTED_EDGE('',*,*,#2758,.F.);
#3787=ORIENTED_EDGE('',*,*,#2753,.T.);
#3788=ORIENTED_EDGE('',*,*,#2759,.F.);
#3789=ORIENTED_EDGE('',*,*,#2760,.F.);
#3790=ORIENTED_EDGE('',*,*,#2761,.F.);
#3791=ORIENTED_EDGE('',*,*,#2762,.F.);
#3792=ORIENTED_EDGE('',*,*,#2763,.F.);
#3793=ORIENTED_EDGE('',*,*,#2764,.F.);
#3794=ORIENTED_EDGE('',*,*,#2765,.F.);
#3795=ORIENTED_EDGE('',*,*,#2760,.T.);
#3796=ORIENTED_EDGE('',*,*,#2756,.T.);
#3797=ORIENTED_EDGE('',*,*,#2752,.T.);
#3798=ORIENTED_EDGE('',*,*,#2766,.T.);
#3799=ORIENTED_EDGE('',*,*,#2767,.T.);
#3800=ORIENTED_EDGE('',*,*,#2768,.F.);
#3801=ORIENTED_EDGE('',*,*,#2769,.T.);
#3802=ORIENTED_EDGE('',*,*,#2770,.T.);
#3803=ORIENTED_EDGE('',*,*,#2771,.F.);
#3804=ORIENTED_EDGE('',*,*,#2763,.T.);
#3805=ORIENTED_EDGE('',*,*,#2759,.T.);
#3806=ORIENTED_EDGE('',*,*,#2772,.T.);
#3807=ORIENTED_EDGE('',*,*,#2773,.T.);
#3808=ORIENTED_EDGE('',*,*,#2774,.F.);
#3809=ORIENTED_EDGE('',*,*,#2775,.T.);
#3810=ORIENTED_EDGE('',*,*,#2776,.T.);
#3811=ORIENTED_EDGE('',*,*,#2777,.F.);
#3812=ORIENTED_EDGE('',*,*,#2755,.T.);
#3813=ORIENTED_EDGE('',*,*,#2778,.F.);
#3814=ORIENTED_EDGE('',*,*,#2779,.F.);
#3815=ORIENTED_EDGE('',*,*,#2780,.F.);
#3816=ORIENTED_EDGE('',*,*,#2781,.F.);
#3817=ORIENTED_EDGE('',*,*,#2782,.F.);
#3818=ORIENTED_EDGE('',*,*,#2783,.F.);
#3819=ORIENTED_EDGE('',*,*,#2784,.F.);
#3820=ORIENTED_EDGE('',*,*,#2785,.F.);
#3821=ORIENTED_EDGE('',*,*,#2786,.F.);
#3822=ORIENTED_EDGE('',*,*,#2787,.F.);
#3823=ORIENTED_EDGE('',*,*,#2788,.F.);
#3824=ORIENTED_EDGE('',*,*,#2789,.F.);
#3825=ORIENTED_EDGE('',*,*,#2790,.F.);
#3826=ORIENTED_EDGE('',*,*,#2791,.F.);
#3827=ORIENTED_EDGE('',*,*,#2792,.F.);
#3828=ORIENTED_EDGE('',*,*,#2793,.F.);
#3829=ORIENTED_EDGE('',*,*,#2794,.F.);
#3830=ORIENTED_EDGE('',*,*,#2795,.F.);
#3831=ORIENTED_EDGE('',*,*,#2796,.F.);
#3832=ORIENTED_EDGE('',*,*,#2797,.F.);
#3833=ORIENTED_EDGE('',*,*,#2798,.F.);
#3834=ORIENTED_EDGE('',*,*,#2799,.F.);
#3835=ORIENTED_EDGE('',*,*,#2800,.F.);
#3836=ORIENTED_EDGE('',*,*,#2801,.F.);
#3837=ORIENTED_EDGE('',*,*,#2802,.F.);
#3838=ORIENTED_EDGE('',*,*,#2803,.F.);
#3839=ORIENTED_EDGE('',*,*,#2804,.F.);
#3840=ORIENTED_EDGE('',*,*,#2805,.F.);
#3841=ORIENTED_EDGE('',*,*,#2806,.F.);
#3842=ORIENTED_EDGE('',*,*,#2807,.F.);
#3843=ORIENTED_EDGE('',*,*,#2808,.F.);
#3844=ORIENTED_EDGE('',*,*,#2809,.F.);
#3845=ORIENTED_EDGE('',*,*,#2810,.F.);
#3846=ORIENTED_EDGE('',*,*,#2811,.F.);
#3847=ORIENTED_EDGE('',*,*,#2812,.F.);
#3848=ORIENTED_EDGE('',*,*,#2813,.F.);
#3849=ORIENTED_EDGE('',*,*,#2814,.F.);
#3850=ORIENTED_EDGE('',*,*,#2815,.F.);
#3851=ORIENTED_EDGE('',*,*,#2816,.F.);
#3852=ORIENTED_EDGE('',*,*,#2817,.F.);
#3853=ORIENTED_EDGE('',*,*,#2818,.F.);
#3854=ORIENTED_EDGE('',*,*,#2819,.F.);
#3855=ORIENTED_EDGE('',*,*,#2820,.F.);
#3856=ORIENTED_EDGE('',*,*,#2821,.F.);
#3857=ORIENTED_EDGE('',*,*,#2822,.F.);
#3858=ORIENTED_EDGE('',*,*,#2823,.F.);
#3859=ORIENTED_EDGE('',*,*,#2824,.F.);
#3860=ORIENTED_EDGE('',*,*,#2825,.F.);
#3861=ORIENTED_EDGE('',*,*,#2772,.F.);
#3862=ORIENTED_EDGE('',*,*,#2762,.T.);
#3863=ORIENTED_EDGE('',*,*,#2826,.F.);
#3864=ORIENTED_EDGE('',*,*,#2827,.F.);
#3865=ORIENTED_EDGE('',*,*,#2828,.F.);
#3866=ORIENTED_EDGE('',*,*,#2829,.F.);
#3867=ORIENTED_EDGE('',*,*,#2830,.F.);
#3868=ORIENTED_EDGE('',*,*,#2831,.F.);
#3869=ORIENTED_EDGE('',*,*,#2832,.F.);
#3870=ORIENTED_EDGE('',*,*,#2833,.F.);
#3871=ORIENTED_EDGE('',*,*,#2834,.F.);
#3872=ORIENTED_EDGE('',*,*,#2835,.F.);
#3873=ORIENTED_EDGE('',*,*,#2766,.F.);
#3874=ORIENTED_EDGE('',*,*,#2770,.F.);
#3875=ORIENTED_EDGE('',*,*,#2836,.T.);
#3876=ORIENTED_EDGE('',*,*,#2837,.F.);
#3877=ORIENTED_EDGE('',*,*,#2838,.F.);
#3878=ORIENTED_EDGE('',*,*,#2769,.F.);
#3879=ORIENTED_EDGE('',*,*,#2839,.F.);
#3880=ORIENTED_EDGE('',*,*,#2840,.F.);
#3881=ORIENTED_EDGE('',*,*,#2836,.F.);
#3882=ORIENTED_EDGE('',*,*,#2776,.F.);
#3883=ORIENTED_EDGE('',*,*,#2841,.T.);
#3884=ORIENTED_EDGE('',*,*,#2842,.F.);
#3885=ORIENTED_EDGE('',*,*,#2843,.F.);
#3886=ORIENTED_EDGE('',*,*,#2775,.F.);
#3887=ORIENTED_EDGE('',*,*,#2844,.F.);
#3888=ORIENTED_EDGE('',*,*,#2845,.F.);
#3889=ORIENTED_EDGE('',*,*,#2841,.F.);
#3890=ORIENTED_EDGE('',*,*,#2757,.T.);
#3891=ORIENTED_EDGE('',*,*,#2771,.T.);
#3892=ORIENTED_EDGE('',*,*,#2838,.T.);
#3893=ORIENTED_EDGE('',*,*,#2846,.F.);
#3894=ORIENTED_EDGE('',*,*,#2758,.T.);
#3895=ORIENTED_EDGE('',*,*,#2846,.T.);
#3896=ORIENTED_EDGE('',*,*,#2837,.T.);
#3897=ORIENTED_EDGE('',*,*,#2840,.T.);
#3898=ORIENTED_EDGE('',*,*,#2847,.F.);
#3899=ORIENTED_EDGE('',*,*,#2848,.F.);
#3900=ORIENTED_EDGE('',*,*,#2778,.T.);
#3901=ORIENTED_EDGE('',*,*,#2754,.T.);
#3902=ORIENTED_EDGE('',*,*,#2764,.T.);
#3903=ORIENTED_EDGE('',*,*,#2777,.T.);
#3904=ORIENTED_EDGE('',*,*,#2843,.T.);
#3905=ORIENTED_EDGE('',*,*,#2849,.F.);
#3906=ORIENTED_EDGE('',*,*,#2765,.T.);
#3907=ORIENTED_EDGE('',*,*,#2849,.T.);
#3908=ORIENTED_EDGE('',*,*,#2842,.T.);
#3909=ORIENTED_EDGE('',*,*,#2845,.T.);
#3910=ORIENTED_EDGE('',*,*,#2850,.F.);
#3911=ORIENTED_EDGE('',*,*,#2851,.F.);
#3912=ORIENTED_EDGE('',*,*,#2826,.T.);
#3913=ORIENTED_EDGE('',*,*,#2761,.T.);
#3914=ORIENTED_EDGE('',*,*,#2832,.T.);
#3915=ORIENTED_EDGE('',*,*,#2852,.T.);
#3916=ORIENTED_EDGE('',*,*,#2853,.F.);
#3917=ORIENTED_EDGE('',*,*,#2854,.F.);
#3918=ORIENTED_EDGE('',*,*,#2833,.T.);
#3919=ORIENTED_EDGE('',*,*,#2854,.T.);
#3920=ORIENTED_EDGE('',*,*,#2855,.F.);
#3921=ORIENTED_EDGE('',*,*,#2856,.F.);
#3922=ORIENTED_EDGE('',*,*,#2834,.T.);
#3923=ORIENTED_EDGE('',*,*,#2856,.T.);
#3924=ORIENTED_EDGE('',*,*,#2857,.F.);
#3925=ORIENTED_EDGE('',*,*,#2858,.F.);
#3926=ORIENTED_EDGE('',*,*,#2835,.T.);
#3927=ORIENTED_EDGE('',*,*,#2858,.T.);
#3928=ORIENTED_EDGE('',*,*,#2859,.F.);
#3929=ORIENTED_EDGE('',*,*,#2767,.F.);
#3930=ORIENTED_EDGE('',*,*,#2779,.T.);
#3931=ORIENTED_EDGE('',*,*,#2848,.T.);
#3932=ORIENTED_EDGE('',*,*,#2860,.F.);
#3933=ORIENTED_EDGE('',*,*,#2861,.F.);
#3934=ORIENTED_EDGE('',*,*,#2780,.T.);
#3935=ORIENTED_EDGE('',*,*,#2861,.T.);
#3936=ORIENTED_EDGE('',*,*,#2862,.F.);
#3937=ORIENTED_EDGE('',*,*,#2863,.F.);
#3938=ORIENTED_EDGE('',*,*,#2781,.T.);
#3939=ORIENTED_EDGE('',*,*,#2863,.T.);
#3940=ORIENTED_EDGE('',*,*,#2864,.F.);
#3941=ORIENTED_EDGE('',*,*,#2865,.F.);
#3942=ORIENTED_EDGE('',*,*,#2782,.T.);
#3943=ORIENTED_EDGE('',*,*,#2865,.T.);
#3944=ORIENTED_EDGE('',*,*,#2866,.F.);
#3945=ORIENTED_EDGE('',*,*,#2867,.F.);
#3946=ORIENTED_EDGE('',*,*,#2783,.T.);
#3947=ORIENTED_EDGE('',*,*,#2867,.T.);
#3948=ORIENTED_EDGE('',*,*,#2868,.F.);
#3949=ORIENTED_EDGE('',*,*,#2869,.F.);
#3950=ORIENTED_EDGE('',*,*,#2784,.T.);
#3951=ORIENTED_EDGE('',*,*,#2869,.T.);
#3952=ORIENTED_EDGE('',*,*,#2870,.F.);
#3953=ORIENTED_EDGE('',*,*,#2871,.F.);
#3954=ORIENTED_EDGE('',*,*,#2785,.T.);
#3955=ORIENTED_EDGE('',*,*,#2871,.T.);
#3956=ORIENTED_EDGE('',*,*,#2872,.F.);
#3957=ORIENTED_EDGE('',*,*,#2873,.F.);
#3958=ORIENTED_EDGE('',*,*,#2786,.T.);
#3959=ORIENTED_EDGE('',*,*,#2873,.T.);
#3960=ORIENTED_EDGE('',*,*,#2874,.F.);
#3961=ORIENTED_EDGE('',*,*,#2875,.F.);
#3962=ORIENTED_EDGE('',*,*,#2787,.T.);
#3963=ORIENTED_EDGE('',*,*,#2875,.T.);
#3964=ORIENTED_EDGE('',*,*,#2876,.F.);
#3965=ORIENTED_EDGE('',*,*,#2877,.F.);
#3966=ORIENTED_EDGE('',*,*,#2788,.T.);
#3967=ORIENTED_EDGE('',*,*,#2877,.T.);
#3968=ORIENTED_EDGE('',*,*,#2878,.F.);
#3969=ORIENTED_EDGE('',*,*,#2879,.F.);
#3970=ORIENTED_EDGE('',*,*,#2789,.T.);
#3971=ORIENTED_EDGE('',*,*,#2879,.T.);
#3972=ORIENTED_EDGE('',*,*,#2880,.F.);
#3973=ORIENTED_EDGE('',*,*,#2881,.F.);
#3974=ORIENTED_EDGE('',*,*,#2790,.T.);
#3975=ORIENTED_EDGE('',*,*,#2881,.T.);
#3976=ORIENTED_EDGE('',*,*,#2882,.F.);
#3977=ORIENTED_EDGE('',*,*,#2883,.F.);
#3978=ORIENTED_EDGE('',*,*,#2791,.T.);
#3979=ORIENTED_EDGE('',*,*,#2883,.T.);
#3980=ORIENTED_EDGE('',*,*,#2884,.F.);
#3981=ORIENTED_EDGE('',*,*,#2885,.F.);
#3982=ORIENTED_EDGE('',*,*,#2792,.T.);
#3983=ORIENTED_EDGE('',*,*,#2885,.T.);
#3984=ORIENTED_EDGE('',*,*,#2886,.F.);
#3985=ORIENTED_EDGE('',*,*,#2887,.F.);
#3986=ORIENTED_EDGE('',*,*,#2793,.T.);
#3987=ORIENTED_EDGE('',*,*,#2887,.T.);
#3988=ORIENTED_EDGE('',*,*,#2888,.F.);
#3989=ORIENTED_EDGE('',*,*,#2889,.F.);
#3990=ORIENTED_EDGE('',*,*,#2794,.T.);
#3991=ORIENTED_EDGE('',*,*,#2889,.T.);
#3992=ORIENTED_EDGE('',*,*,#2890,.F.);
#3993=ORIENTED_EDGE('',*,*,#2891,.F.);
#3994=ORIENTED_EDGE('',*,*,#2795,.T.);
#3995=ORIENTED_EDGE('',*,*,#2891,.T.);
#3996=ORIENTED_EDGE('',*,*,#2892,.F.);
#3997=ORIENTED_EDGE('',*,*,#2893,.F.);
#3998=ORIENTED_EDGE('',*,*,#2796,.T.);
#3999=ORIENTED_EDGE('',*,*,#2893,.T.);
#4000=ORIENTED_EDGE('',*,*,#2894,.F.);
#4001=ORIENTED_EDGE('',*,*,#2895,.F.);
#4002=ORIENTED_EDGE('',*,*,#2797,.T.);
#4003=ORIENTED_EDGE('',*,*,#2895,.T.);
#4004=ORIENTED_EDGE('',*,*,#2896,.F.);
#4005=ORIENTED_EDGE('',*,*,#2897,.F.);
#4006=ORIENTED_EDGE('',*,*,#2798,.T.);
#4007=ORIENTED_EDGE('',*,*,#2897,.T.);
#4008=ORIENTED_EDGE('',*,*,#2898,.F.);
#4009=ORIENTED_EDGE('',*,*,#2899,.F.);
#4010=ORIENTED_EDGE('',*,*,#2799,.T.);
#4011=ORIENTED_EDGE('',*,*,#2899,.T.);
#4012=ORIENTED_EDGE('',*,*,#2900,.F.);
#4013=ORIENTED_EDGE('',*,*,#2901,.F.);
#4014=ORIENTED_EDGE('',*,*,#2800,.T.);
#4015=ORIENTED_EDGE('',*,*,#2901,.T.);
#4016=ORIENTED_EDGE('',*,*,#2902,.F.);
#4017=ORIENTED_EDGE('',*,*,#2903,.F.);
#4018=ORIENTED_EDGE('',*,*,#2801,.T.);
#4019=ORIENTED_EDGE('',*,*,#2903,.T.);
#4020=ORIENTED_EDGE('',*,*,#2904,.F.);
#4021=ORIENTED_EDGE('',*,*,#2905,.F.);
#4022=ORIENTED_EDGE('',*,*,#2802,.T.);
#4023=ORIENTED_EDGE('',*,*,#2905,.T.);
#4024=ORIENTED_EDGE('',*,*,#2906,.F.);
#4025=ORIENTED_EDGE('',*,*,#2907,.F.);
#4026=ORIENTED_EDGE('',*,*,#2803,.T.);
#4027=ORIENTED_EDGE('',*,*,#2907,.T.);
#4028=ORIENTED_EDGE('',*,*,#2908,.F.);
#4029=ORIENTED_EDGE('',*,*,#2909,.F.);
#4030=ORIENTED_EDGE('',*,*,#2804,.T.);
#4031=ORIENTED_EDGE('',*,*,#2909,.T.);
#4032=ORIENTED_EDGE('',*,*,#2910,.F.);
#4033=ORIENTED_EDGE('',*,*,#2911,.F.);
#4034=ORIENTED_EDGE('',*,*,#2805,.T.);
#4035=ORIENTED_EDGE('',*,*,#2911,.T.);
#4036=ORIENTED_EDGE('',*,*,#2912,.F.);
#4037=ORIENTED_EDGE('',*,*,#2913,.F.);
#4038=ORIENTED_EDGE('',*,*,#2806,.T.);
#4039=ORIENTED_EDGE('',*,*,#2913,.T.);
#4040=ORIENTED_EDGE('',*,*,#2914,.F.);
#4041=ORIENTED_EDGE('',*,*,#2915,.F.);
#4042=ORIENTED_EDGE('',*,*,#2807,.T.);
#4043=ORIENTED_EDGE('',*,*,#2915,.T.);
#4044=ORIENTED_EDGE('',*,*,#2916,.F.);
#4045=ORIENTED_EDGE('',*,*,#2917,.F.);
#4046=ORIENTED_EDGE('',*,*,#2808,.T.);
#4047=ORIENTED_EDGE('',*,*,#2917,.T.);
#4048=ORIENTED_EDGE('',*,*,#2918,.F.);
#4049=ORIENTED_EDGE('',*,*,#2919,.F.);
#4050=ORIENTED_EDGE('',*,*,#2809,.T.);
#4051=ORIENTED_EDGE('',*,*,#2919,.T.);
#4052=ORIENTED_EDGE('',*,*,#2920,.F.);
#4053=ORIENTED_EDGE('',*,*,#2921,.F.);
#4054=ORIENTED_EDGE('',*,*,#2810,.T.);
#4055=ORIENTED_EDGE('',*,*,#2921,.T.);
#4056=ORIENTED_EDGE('',*,*,#2922,.F.);
#4057=ORIENTED_EDGE('',*,*,#2923,.F.);
#4058=ORIENTED_EDGE('',*,*,#2811,.T.);
#4059=ORIENTED_EDGE('',*,*,#2923,.T.);
#4060=ORIENTED_EDGE('',*,*,#2924,.F.);
#4061=ORIENTED_EDGE('',*,*,#2925,.F.);
#4062=ORIENTED_EDGE('',*,*,#2812,.T.);
#4063=ORIENTED_EDGE('',*,*,#2925,.T.);
#4064=ORIENTED_EDGE('',*,*,#2926,.F.);
#4065=ORIENTED_EDGE('',*,*,#2927,.F.);
#4066=ORIENTED_EDGE('',*,*,#2813,.T.);
#4067=ORIENTED_EDGE('',*,*,#2927,.T.);
#4068=ORIENTED_EDGE('',*,*,#2928,.F.);
#4069=ORIENTED_EDGE('',*,*,#2929,.F.);
#4070=ORIENTED_EDGE('',*,*,#2814,.T.);
#4071=ORIENTED_EDGE('',*,*,#2929,.T.);
#4072=ORIENTED_EDGE('',*,*,#2930,.F.);
#4073=ORIENTED_EDGE('',*,*,#2931,.F.);
#4074=ORIENTED_EDGE('',*,*,#2815,.T.);
#4075=ORIENTED_EDGE('',*,*,#2931,.T.);
#4076=ORIENTED_EDGE('',*,*,#2932,.F.);
#4077=ORIENTED_EDGE('',*,*,#2933,.F.);
#4078=ORIENTED_EDGE('',*,*,#2816,.T.);
#4079=ORIENTED_EDGE('',*,*,#2933,.T.);
#4080=ORIENTED_EDGE('',*,*,#2934,.F.);
#4081=ORIENTED_EDGE('',*,*,#2935,.F.);
#4082=ORIENTED_EDGE('',*,*,#2817,.T.);
#4083=ORIENTED_EDGE('',*,*,#2935,.T.);
#4084=ORIENTED_EDGE('',*,*,#2936,.F.);
#4085=ORIENTED_EDGE('',*,*,#2937,.F.);
#4086=ORIENTED_EDGE('',*,*,#2818,.T.);
#4087=ORIENTED_EDGE('',*,*,#2937,.T.);
#4088=ORIENTED_EDGE('',*,*,#2938,.F.);
#4089=ORIENTED_EDGE('',*,*,#2939,.F.);
#4090=ORIENTED_EDGE('',*,*,#2819,.T.);
#4091=ORIENTED_EDGE('',*,*,#2939,.T.);
#4092=ORIENTED_EDGE('',*,*,#2940,.F.);
#4093=ORIENTED_EDGE('',*,*,#2941,.F.);
#4094=ORIENTED_EDGE('',*,*,#2820,.T.);
#4095=ORIENTED_EDGE('',*,*,#2941,.T.);
#4096=ORIENTED_EDGE('',*,*,#2942,.F.);
#4097=ORIENTED_EDGE('',*,*,#2943,.F.);
#4098=ORIENTED_EDGE('',*,*,#2821,.T.);
#4099=ORIENTED_EDGE('',*,*,#2943,.T.);
#4100=ORIENTED_EDGE('',*,*,#2944,.F.);
#4101=ORIENTED_EDGE('',*,*,#2945,.F.);
#4102=ORIENTED_EDGE('',*,*,#2822,.T.);
#4103=ORIENTED_EDGE('',*,*,#2945,.T.);
#4104=ORIENTED_EDGE('',*,*,#2946,.F.);
#4105=ORIENTED_EDGE('',*,*,#2947,.F.);
#4106=ORIENTED_EDGE('',*,*,#2823,.T.);
#4107=ORIENTED_EDGE('',*,*,#2947,.T.);
#4108=ORIENTED_EDGE('',*,*,#2948,.F.);
#4109=ORIENTED_EDGE('',*,*,#2949,.F.);
#4110=ORIENTED_EDGE('',*,*,#2824,.T.);
#4111=ORIENTED_EDGE('',*,*,#2949,.T.);
#4112=ORIENTED_EDGE('',*,*,#2950,.F.);
#4113=ORIENTED_EDGE('',*,*,#2951,.F.);
#4114=ORIENTED_EDGE('',*,*,#2825,.T.);
#4115=ORIENTED_EDGE('',*,*,#2951,.T.);
#4116=ORIENTED_EDGE('',*,*,#2952,.F.);
#4117=ORIENTED_EDGE('',*,*,#2773,.F.);
#4118=ORIENTED_EDGE('',*,*,#2827,.T.);
#4119=ORIENTED_EDGE('',*,*,#2851,.T.);
#4120=ORIENTED_EDGE('',*,*,#2953,.F.);
#4121=ORIENTED_EDGE('',*,*,#2954,.F.);
#4122=ORIENTED_EDGE('',*,*,#2828,.T.);
#4123=ORIENTED_EDGE('',*,*,#2954,.T.);
#4124=ORIENTED_EDGE('',*,*,#2955,.F.);
#4125=ORIENTED_EDGE('',*,*,#2956,.F.);
#4126=ORIENTED_EDGE('',*,*,#2829,.T.);
#4127=ORIENTED_EDGE('',*,*,#2956,.T.);
#4128=ORIENTED_EDGE('',*,*,#2957,.F.);
#4129=ORIENTED_EDGE('',*,*,#2958,.F.);
#4130=ORIENTED_EDGE('',*,*,#2830,.T.);
#4131=ORIENTED_EDGE('',*,*,#2958,.T.);
#4132=ORIENTED_EDGE('',*,*,#2959,.F.);
#4133=ORIENTED_EDGE('',*,*,#2960,.F.);
#4134=ORIENTED_EDGE('',*,*,#2831,.T.);
#4135=ORIENTED_EDGE('',*,*,#2960,.T.);
#4136=ORIENTED_EDGE('',*,*,#2961,.F.);
#4137=ORIENTED_EDGE('',*,*,#2852,.F.);
#4138=ORIENTED_EDGE('',*,*,#2839,.T.);
#4139=ORIENTED_EDGE('',*,*,#2768,.T.);
#4140=ORIENTED_EDGE('',*,*,#2859,.T.);
#4141=ORIENTED_EDGE('',*,*,#2857,.T.);
#4142=ORIENTED_EDGE('',*,*,#2855,.T.);
#4143=ORIENTED_EDGE('',*,*,#2853,.T.);
#4144=ORIENTED_EDGE('',*,*,#2961,.T.);
#4145=ORIENTED_EDGE('',*,*,#2959,.T.);
#4146=ORIENTED_EDGE('',*,*,#2957,.T.);
#4147=ORIENTED_EDGE('',*,*,#2955,.T.);
#4148=ORIENTED_EDGE('',*,*,#2953,.T.);
#4149=ORIENTED_EDGE('',*,*,#2850,.T.);
#4150=ORIENTED_EDGE('',*,*,#2844,.T.);
#4151=ORIENTED_EDGE('',*,*,#2774,.T.);
#4152=ORIENTED_EDGE('',*,*,#2952,.T.);
#4153=ORIENTED_EDGE('',*,*,#2950,.T.);
#4154=ORIENTED_EDGE('',*,*,#2948,.T.);
#4155=ORIENTED_EDGE('',*,*,#2946,.T.);
#4156=ORIENTED_EDGE('',*,*,#2944,.T.);
#4157=ORIENTED_EDGE('',*,*,#2942,.T.);
#4158=ORIENTED_EDGE('',*,*,#2940,.T.);
#4159=ORIENTED_EDGE('',*,*,#2938,.T.);
#4160=ORIENTED_EDGE('',*,*,#2936,.T.);
#4161=ORIENTED_EDGE('',*,*,#2934,.T.);
#4162=ORIENTED_EDGE('',*,*,#2932,.T.);
#4163=ORIENTED_EDGE('',*,*,#2930,.T.);
#4164=ORIENTED_EDGE('',*,*,#2928,.T.);
#4165=ORIENTED_EDGE('',*,*,#2926,.T.);
#4166=ORIENTED_EDGE('',*,*,#2924,.T.);
#4167=ORIENTED_EDGE('',*,*,#2922,.T.);
#4168=ORIENTED_EDGE('',*,*,#2920,.T.);
#4169=ORIENTED_EDGE('',*,*,#2918,.T.);
#4170=ORIENTED_EDGE('',*,*,#2916,.T.);
#4171=ORIENTED_EDGE('',*,*,#2914,.T.);
#4172=ORIENTED_EDGE('',*,*,#2912,.T.);
#4173=ORIENTED_EDGE('',*,*,#2910,.T.);
#4174=ORIENTED_EDGE('',*,*,#2908,.T.);
#4175=ORIENTED_EDGE('',*,*,#2906,.T.);
#4176=ORIENTED_EDGE('',*,*,#2904,.T.);
#4177=ORIENTED_EDGE('',*,*,#2902,.T.);
#4178=ORIENTED_EDGE('',*,*,#2900,.T.);
#4179=ORIENTED_EDGE('',*,*,#2898,.T.);
#4180=ORIENTED_EDGE('',*,*,#2896,.T.);
#4181=ORIENTED_EDGE('',*,*,#2894,.T.);
#4182=ORIENTED_EDGE('',*,*,#2892,.T.);
#4183=ORIENTED_EDGE('',*,*,#2890,.T.);
#4184=ORIENTED_EDGE('',*,*,#2888,.T.);
#4185=ORIENTED_EDGE('',*,*,#2886,.T.);
#4186=ORIENTED_EDGE('',*,*,#2884,.T.);
#4187=ORIENTED_EDGE('',*,*,#2882,.T.);
#4188=ORIENTED_EDGE('',*,*,#2880,.T.);
#4189=ORIENTED_EDGE('',*,*,#2878,.T.);
#4190=ORIENTED_EDGE('',*,*,#2876,.T.);
#4191=ORIENTED_EDGE('',*,*,#2874,.T.);
#4192=ORIENTED_EDGE('',*,*,#2872,.T.);
#4193=ORIENTED_EDGE('',*,*,#2870,.T.);
#4194=ORIENTED_EDGE('',*,*,#2868,.T.);
#4195=ORIENTED_EDGE('',*,*,#2866,.T.);
#4196=ORIENTED_EDGE('',*,*,#2864,.T.);
#4197=ORIENTED_EDGE('',*,*,#2862,.T.);
#4198=ORIENTED_EDGE('',*,*,#2860,.T.);
#4199=ORIENTED_EDGE('',*,*,#2847,.T.);
#4200=ORIENTED_EDGE('',*,*,#2962,.F.);
#4201=ORIENTED_EDGE('',*,*,#2963,.T.);
#4202=ORIENTED_EDGE('',*,*,#2964,.F.);
#4203=ORIENTED_EDGE('',*,*,#2963,.F.);
#4204=ORIENTED_EDGE('',*,*,#2965,.F.);
#4205=ORIENTED_EDGE('',*,*,#2966,.T.);
#4206=ORIENTED_EDGE('',*,*,#2962,.T.);
#4207=ORIENTED_EDGE('',*,*,#2966,.F.);
#4208=ORIENTED_EDGE('',*,*,#2967,.F.);
#4209=ORIENTED_EDGE('',*,*,#2968,.T.);
#4210=ORIENTED_EDGE('',*,*,#2969,.F.);
#4211=ORIENTED_EDGE('',*,*,#2968,.F.);
#4212=ORIENTED_EDGE('',*,*,#2970,.F.);
#4213=ORIENTED_EDGE('',*,*,#2971,.T.);
#4214=ORIENTED_EDGE('',*,*,#2967,.T.);
#4215=ORIENTED_EDGE('',*,*,#2971,.F.);
#4216=ORIENTED_EDGE('',*,*,#2972,.F.);
#4217=ORIENTED_EDGE('',*,*,#2973,.T.);
#4218=ORIENTED_EDGE('',*,*,#2974,.F.);
#4219=ORIENTED_EDGE('',*,*,#2973,.F.);
#4220=ORIENTED_EDGE('',*,*,#2975,.F.);
#4221=ORIENTED_EDGE('',*,*,#2976,.T.);
#4222=ORIENTED_EDGE('',*,*,#2972,.T.);
#4223=ORIENTED_EDGE('',*,*,#2976,.F.);
#4224=ORIENTED_EDGE('',*,*,#2977,.F.);
#4225=ORIENTED_EDGE('',*,*,#2978,.T.);
#4226=ORIENTED_EDGE('',*,*,#2979,.F.);
#4227=ORIENTED_EDGE('',*,*,#2978,.F.);
#4228=ORIENTED_EDGE('',*,*,#2980,.F.);
#4229=ORIENTED_EDGE('',*,*,#2981,.T.);
#4230=ORIENTED_EDGE('',*,*,#2977,.T.);
#4231=ORIENTED_EDGE('',*,*,#2981,.F.);
#4232=ORIENTED_EDGE('',*,*,#2982,.F.);
#4233=ORIENTED_EDGE('',*,*,#2983,.T.);
#4234=ORIENTED_EDGE('',*,*,#2984,.F.);
#4235=ORIENTED_EDGE('',*,*,#2985,.F.);
#4236=ORIENTED_EDGE('',*,*,#2986,.F.);
#4237=ORIENTED_EDGE('',*,*,#2985,.T.);
#4238=ORIENTED_EDGE('',*,*,#2987,.F.);
#4239=ORIENTED_EDGE('',*,*,#2988,.F.);
#4240=ORIENTED_EDGE('',*,*,#2989,.F.);
#4241=ORIENTED_EDGE('',*,*,#2988,.T.);
#4242=ORIENTED_EDGE('',*,*,#2990,.F.);
#4243=ORIENTED_EDGE('',*,*,#2991,.F.);
#4244=ORIENTED_EDGE('',*,*,#2992,.F.);
#4245=ORIENTED_EDGE('',*,*,#2991,.T.);
#4246=ORIENTED_EDGE('',*,*,#2993,.F.);
#4247=ORIENTED_EDGE('',*,*,#2994,.F.);
#4248=ORIENTED_EDGE('',*,*,#2995,.F.);
#4249=ORIENTED_EDGE('',*,*,#2994,.T.);
#4250=ORIENTED_EDGE('',*,*,#2996,.F.);
#4251=ORIENTED_EDGE('',*,*,#2997,.F.);
#4252=ORIENTED_EDGE('',*,*,#2998,.F.);
#4253=ORIENTED_EDGE('',*,*,#2997,.T.);
#4254=ORIENTED_EDGE('',*,*,#2999,.F.);
#4255=ORIENTED_EDGE('',*,*,#3000,.F.);
#4256=ORIENTED_EDGE('',*,*,#3001,.F.);
#4257=ORIENTED_EDGE('',*,*,#3000,.T.);
#4258=ORIENTED_EDGE('',*,*,#3002,.F.);
#4259=ORIENTED_EDGE('',*,*,#3003,.F.);
#4260=ORIENTED_EDGE('',*,*,#3004,.F.);
#4261=ORIENTED_EDGE('',*,*,#3003,.T.);
#4262=ORIENTED_EDGE('',*,*,#3005,.F.);
#4263=ORIENTED_EDGE('',*,*,#3006,.F.);
#4264=ORIENTED_EDGE('',*,*,#3007,.F.);
#4265=ORIENTED_EDGE('',*,*,#3006,.T.);
#4266=ORIENTED_EDGE('',*,*,#3008,.F.);
#4267=ORIENTED_EDGE('',*,*,#3009,.F.);
#4268=ORIENTED_EDGE('',*,*,#3010,.F.);
#4269=ORIENTED_EDGE('',*,*,#3009,.T.);
#4270=ORIENTED_EDGE('',*,*,#3011,.F.);
#4271=ORIENTED_EDGE('',*,*,#3012,.F.);
#4272=ORIENTED_EDGE('',*,*,#3013,.F.);
#4273=ORIENTED_EDGE('',*,*,#3012,.T.);
#4274=ORIENTED_EDGE('',*,*,#3014,.F.);
#4275=ORIENTED_EDGE('',*,*,#3015,.F.);
#4276=ORIENTED_EDGE('',*,*,#3016,.F.);
#4277=ORIENTED_EDGE('',*,*,#3015,.T.);
#4278=ORIENTED_EDGE('',*,*,#3017,.F.);
#4279=ORIENTED_EDGE('',*,*,#3018,.F.);
#4280=ORIENTED_EDGE('',*,*,#3019,.F.);
#4281=ORIENTED_EDGE('',*,*,#3018,.T.);
#4282=ORIENTED_EDGE('',*,*,#3020,.F.);
#4283=ORIENTED_EDGE('',*,*,#3021,.F.);
#4284=ORIENTED_EDGE('',*,*,#3022,.F.);
#4285=ORIENTED_EDGE('',*,*,#3021,.T.);
#4286=ORIENTED_EDGE('',*,*,#3023,.F.);
#4287=ORIENTED_EDGE('',*,*,#3024,.F.);
#4288=ORIENTED_EDGE('',*,*,#3025,.F.);
#4289=ORIENTED_EDGE('',*,*,#3024,.T.);
#4290=ORIENTED_EDGE('',*,*,#3026,.F.);
#4291=ORIENTED_EDGE('',*,*,#3027,.F.);
#4292=ORIENTED_EDGE('',*,*,#3028,.F.);
#4293=ORIENTED_EDGE('',*,*,#3027,.T.);
#4294=ORIENTED_EDGE('',*,*,#3029,.F.);
#4295=ORIENTED_EDGE('',*,*,#3030,.F.);
#4296=ORIENTED_EDGE('',*,*,#3031,.F.);
#4297=ORIENTED_EDGE('',*,*,#3030,.T.);
#4298=ORIENTED_EDGE('',*,*,#3032,.F.);
#4299=ORIENTED_EDGE('',*,*,#3033,.F.);
#4300=ORIENTED_EDGE('',*,*,#3034,.F.);
#4301=ORIENTED_EDGE('',*,*,#3033,.T.);
#4302=ORIENTED_EDGE('',*,*,#3035,.F.);
#4303=ORIENTED_EDGE('',*,*,#3036,.F.);
#4304=ORIENTED_EDGE('',*,*,#3037,.F.);
#4305=ORIENTED_EDGE('',*,*,#3036,.T.);
#4306=ORIENTED_EDGE('',*,*,#3038,.F.);
#4307=ORIENTED_EDGE('',*,*,#3039,.F.);
#4308=ORIENTED_EDGE('',*,*,#3040,.F.);
#4309=ORIENTED_EDGE('',*,*,#3039,.T.);
#4310=ORIENTED_EDGE('',*,*,#3041,.F.);
#4311=ORIENTED_EDGE('',*,*,#3042,.F.);
#4312=ORIENTED_EDGE('',*,*,#3043,.F.);
#4313=ORIENTED_EDGE('',*,*,#3042,.T.);
#4314=ORIENTED_EDGE('',*,*,#3044,.F.);
#4315=ORIENTED_EDGE('',*,*,#3045,.F.);
#4316=ORIENTED_EDGE('',*,*,#3046,.F.);
#4317=ORIENTED_EDGE('',*,*,#3045,.T.);
#4318=ORIENTED_EDGE('',*,*,#3047,.F.);
#4319=ORIENTED_EDGE('',*,*,#3048,.F.);
#4320=ORIENTED_EDGE('',*,*,#3049,.F.);
#4321=ORIENTED_EDGE('',*,*,#3048,.T.);
#4322=ORIENTED_EDGE('',*,*,#3050,.F.);
#4323=ORIENTED_EDGE('',*,*,#3051,.F.);
#4324=ORIENTED_EDGE('',*,*,#3052,.F.);
#4325=ORIENTED_EDGE('',*,*,#3051,.T.);
#4326=ORIENTED_EDGE('',*,*,#3053,.F.);
#4327=ORIENTED_EDGE('',*,*,#3054,.F.);
#4328=ORIENTED_EDGE('',*,*,#3055,.F.);
#4329=ORIENTED_EDGE('',*,*,#3054,.T.);
#4330=ORIENTED_EDGE('',*,*,#3056,.F.);
#4331=ORIENTED_EDGE('',*,*,#3057,.F.);
#4332=ORIENTED_EDGE('',*,*,#3058,.F.);
#4333=ORIENTED_EDGE('',*,*,#3057,.T.);
#4334=ORIENTED_EDGE('',*,*,#3059,.F.);
#4335=ORIENTED_EDGE('',*,*,#3060,.F.);
#4336=ORIENTED_EDGE('',*,*,#3061,.F.);
#4337=ORIENTED_EDGE('',*,*,#3060,.T.);
#4338=ORIENTED_EDGE('',*,*,#3062,.F.);
#4339=ORIENTED_EDGE('',*,*,#3063,.F.);
#4340=ORIENTED_EDGE('',*,*,#3064,.F.);
#4341=ORIENTED_EDGE('',*,*,#3063,.T.);
#4342=ORIENTED_EDGE('',*,*,#3065,.F.);
#4343=ORIENTED_EDGE('',*,*,#3066,.F.);
#4344=ORIENTED_EDGE('',*,*,#3067,.F.);
#4345=ORIENTED_EDGE('',*,*,#3066,.T.);
#4346=ORIENTED_EDGE('',*,*,#3068,.F.);
#4347=ORIENTED_EDGE('',*,*,#3069,.F.);
#4348=ORIENTED_EDGE('',*,*,#3070,.F.);
#4349=ORIENTED_EDGE('',*,*,#3069,.T.);
#4350=ORIENTED_EDGE('',*,*,#3071,.F.);
#4351=ORIENTED_EDGE('',*,*,#3072,.F.);
#4352=ORIENTED_EDGE('',*,*,#3073,.F.);
#4353=ORIENTED_EDGE('',*,*,#3072,.T.);
#4354=ORIENTED_EDGE('',*,*,#3074,.F.);
#4355=ORIENTED_EDGE('',*,*,#3075,.F.);
#4356=ORIENTED_EDGE('',*,*,#3076,.F.);
#4357=ORIENTED_EDGE('',*,*,#3075,.T.);
#4358=ORIENTED_EDGE('',*,*,#3077,.F.);
#4359=ORIENTED_EDGE('',*,*,#3078,.F.);
#4360=ORIENTED_EDGE('',*,*,#3079,.F.);
#4361=ORIENTED_EDGE('',*,*,#3078,.T.);
#4362=ORIENTED_EDGE('',*,*,#3080,.F.);
#4363=ORIENTED_EDGE('',*,*,#3081,.F.);
#4364=ORIENTED_EDGE('',*,*,#3082,.F.);
#4365=ORIENTED_EDGE('',*,*,#3081,.T.);
#4366=ORIENTED_EDGE('',*,*,#3083,.F.);
#4367=ORIENTED_EDGE('',*,*,#3084,.F.);
#4368=ORIENTED_EDGE('',*,*,#3085,.F.);
#4369=ORIENTED_EDGE('',*,*,#3084,.T.);
#4370=ORIENTED_EDGE('',*,*,#3086,.F.);
#4371=ORIENTED_EDGE('',*,*,#3087,.F.);
#4372=ORIENTED_EDGE('',*,*,#3088,.F.);
#4373=ORIENTED_EDGE('',*,*,#3087,.T.);
#4374=ORIENTED_EDGE('',*,*,#3089,.F.);
#4375=ORIENTED_EDGE('',*,*,#3090,.F.);
#4376=ORIENTED_EDGE('',*,*,#3091,.F.);
#4377=ORIENTED_EDGE('',*,*,#3090,.T.);
#4378=ORIENTED_EDGE('',*,*,#3092,.F.);
#4379=ORIENTED_EDGE('',*,*,#3093,.F.);
#4380=ORIENTED_EDGE('',*,*,#3094,.F.);
#4381=ORIENTED_EDGE('',*,*,#3093,.T.);
#4382=ORIENTED_EDGE('',*,*,#3095,.F.);
#4383=ORIENTED_EDGE('',*,*,#3096,.F.);
#4384=ORIENTED_EDGE('',*,*,#3097,.F.);
#4385=ORIENTED_EDGE('',*,*,#3096,.T.);
#4386=ORIENTED_EDGE('',*,*,#3098,.F.);
#4387=ORIENTED_EDGE('',*,*,#3099,.F.);
#4388=ORIENTED_EDGE('',*,*,#3100,.F.);
#4389=ORIENTED_EDGE('',*,*,#3099,.T.);
#4390=ORIENTED_EDGE('',*,*,#3101,.F.);
#4391=ORIENTED_EDGE('',*,*,#3102,.F.);
#4392=ORIENTED_EDGE('',*,*,#3103,.F.);
#4393=ORIENTED_EDGE('',*,*,#3102,.T.);
#4394=ORIENTED_EDGE('',*,*,#3104,.F.);
#4395=ORIENTED_EDGE('',*,*,#3105,.F.);
#4396=ORIENTED_EDGE('',*,*,#3106,.F.);
#4397=ORIENTED_EDGE('',*,*,#3105,.T.);
#4398=ORIENTED_EDGE('',*,*,#3107,.F.);
#4399=ORIENTED_EDGE('',*,*,#3108,.F.);
#4400=ORIENTED_EDGE('',*,*,#3109,.F.);
#4401=ORIENTED_EDGE('',*,*,#3108,.T.);
#4402=ORIENTED_EDGE('',*,*,#3110,.F.);
#4403=ORIENTED_EDGE('',*,*,#3111,.F.);
#4404=ORIENTED_EDGE('',*,*,#3112,.F.);
#4405=ORIENTED_EDGE('',*,*,#3111,.T.);
#4406=ORIENTED_EDGE('',*,*,#3113,.F.);
#4407=ORIENTED_EDGE('',*,*,#3114,.F.);
#4408=ORIENTED_EDGE('',*,*,#3115,.F.);
#4409=ORIENTED_EDGE('',*,*,#3114,.T.);
#4410=ORIENTED_EDGE('',*,*,#3116,.F.);
#4411=ORIENTED_EDGE('',*,*,#3117,.F.);
#4412=ORIENTED_EDGE('',*,*,#3118,.F.);
#4413=ORIENTED_EDGE('',*,*,#3117,.T.);
#4414=ORIENTED_EDGE('',*,*,#3119,.F.);
#4415=ORIENTED_EDGE('',*,*,#3120,.F.);
#4416=ORIENTED_EDGE('',*,*,#3121,.F.);
#4417=ORIENTED_EDGE('',*,*,#3120,.T.);
#4418=ORIENTED_EDGE('',*,*,#3122,.F.);
#4419=ORIENTED_EDGE('',*,*,#3123,.F.);
#4420=ORIENTED_EDGE('',*,*,#3124,.F.);
#4421=ORIENTED_EDGE('',*,*,#3123,.T.);
#4422=ORIENTED_EDGE('',*,*,#3125,.F.);
#4423=ORIENTED_EDGE('',*,*,#3126,.F.);
#4424=ORIENTED_EDGE('',*,*,#3127,.F.);
#4425=ORIENTED_EDGE('',*,*,#3126,.T.);
#4426=ORIENTED_EDGE('',*,*,#3128,.F.);
#4427=ORIENTED_EDGE('',*,*,#3129,.F.);
#4428=ORIENTED_EDGE('',*,*,#3130,.F.);
#4429=ORIENTED_EDGE('',*,*,#3129,.T.);
#4430=ORIENTED_EDGE('',*,*,#3131,.F.);
#4431=ORIENTED_EDGE('',*,*,#3132,.F.);
#4432=ORIENTED_EDGE('',*,*,#3133,.F.);
#4433=ORIENTED_EDGE('',*,*,#3132,.T.);
#4434=ORIENTED_EDGE('',*,*,#3134,.F.);
#4435=ORIENTED_EDGE('',*,*,#3135,.F.);
#4436=ORIENTED_EDGE('',*,*,#3136,.F.);
#4437=ORIENTED_EDGE('',*,*,#3135,.T.);
#4438=ORIENTED_EDGE('',*,*,#3137,.F.);
#4439=ORIENTED_EDGE('',*,*,#3138,.F.);
#4440=ORIENTED_EDGE('',*,*,#3139,.F.);
#4441=ORIENTED_EDGE('',*,*,#3138,.T.);
#4442=ORIENTED_EDGE('',*,*,#3140,.F.);
#4443=ORIENTED_EDGE('',*,*,#3141,.F.);
#4444=ORIENTED_EDGE('',*,*,#3142,.F.);
#4445=ORIENTED_EDGE('',*,*,#3141,.T.);
#4446=ORIENTED_EDGE('',*,*,#3143,.F.);
#4447=ORIENTED_EDGE('',*,*,#3144,.F.);
#4448=ORIENTED_EDGE('',*,*,#3145,.F.);
#4449=ORIENTED_EDGE('',*,*,#3144,.T.);
#4450=ORIENTED_EDGE('',*,*,#3146,.F.);
#4451=ORIENTED_EDGE('',*,*,#3147,.F.);
#4452=ORIENTED_EDGE('',*,*,#3148,.F.);
#4453=ORIENTED_EDGE('',*,*,#3147,.T.);
#4454=ORIENTED_EDGE('',*,*,#3149,.F.);
#4455=ORIENTED_EDGE('',*,*,#2983,.F.);
#4456=ORIENTED_EDGE('',*,*,#3149,.T.);
#4457=ORIENTED_EDGE('',*,*,#3146,.T.);
#4458=ORIENTED_EDGE('',*,*,#3143,.T.);
#4459=ORIENTED_EDGE('',*,*,#3140,.T.);
#4460=ORIENTED_EDGE('',*,*,#3137,.T.);
#4461=ORIENTED_EDGE('',*,*,#3134,.T.);
#4462=ORIENTED_EDGE('',*,*,#3131,.T.);
#4463=ORIENTED_EDGE('',*,*,#3128,.T.);
#4464=ORIENTED_EDGE('',*,*,#3125,.T.);
#4465=ORIENTED_EDGE('',*,*,#3122,.T.);
#4466=ORIENTED_EDGE('',*,*,#3119,.T.);
#4467=ORIENTED_EDGE('',*,*,#3116,.T.);
#4468=ORIENTED_EDGE('',*,*,#3113,.T.);
#4469=ORIENTED_EDGE('',*,*,#3110,.T.);
#4470=ORIENTED_EDGE('',*,*,#3107,.T.);
#4471=ORIENTED_EDGE('',*,*,#3104,.T.);
#4472=ORIENTED_EDGE('',*,*,#3101,.T.);
#4473=ORIENTED_EDGE('',*,*,#3098,.T.);
#4474=ORIENTED_EDGE('',*,*,#3095,.T.);
#4475=ORIENTED_EDGE('',*,*,#3092,.T.);
#4476=ORIENTED_EDGE('',*,*,#3089,.T.);
#4477=ORIENTED_EDGE('',*,*,#3086,.T.);
#4478=ORIENTED_EDGE('',*,*,#3083,.T.);
#4479=ORIENTED_EDGE('',*,*,#3080,.T.);
#4480=ORIENTED_EDGE('',*,*,#3077,.T.);
#4481=ORIENTED_EDGE('',*,*,#3074,.T.);
#4482=ORIENTED_EDGE('',*,*,#3071,.T.);
#4483=ORIENTED_EDGE('',*,*,#3068,.T.);
#4484=ORIENTED_EDGE('',*,*,#3065,.T.);
#4485=ORIENTED_EDGE('',*,*,#3062,.T.);
#4486=ORIENTED_EDGE('',*,*,#3059,.T.);
#4487=ORIENTED_EDGE('',*,*,#3056,.T.);
#4488=ORIENTED_EDGE('',*,*,#3053,.T.);
#4489=ORIENTED_EDGE('',*,*,#3050,.T.);
#4490=ORIENTED_EDGE('',*,*,#3047,.T.);
#4491=ORIENTED_EDGE('',*,*,#3044,.T.);
#4492=ORIENTED_EDGE('',*,*,#3041,.T.);
#4493=ORIENTED_EDGE('',*,*,#3038,.T.);
#4494=ORIENTED_EDGE('',*,*,#3035,.T.);
#4495=ORIENTED_EDGE('',*,*,#3032,.T.);
#4496=ORIENTED_EDGE('',*,*,#3029,.T.);
#4497=ORIENTED_EDGE('',*,*,#3026,.T.);
#4498=ORIENTED_EDGE('',*,*,#3023,.T.);
#4499=ORIENTED_EDGE('',*,*,#3020,.T.);
#4500=ORIENTED_EDGE('',*,*,#3017,.T.);
#4501=ORIENTED_EDGE('',*,*,#3014,.T.);
#4502=ORIENTED_EDGE('',*,*,#3011,.T.);
#4503=ORIENTED_EDGE('',*,*,#3008,.T.);
#4504=ORIENTED_EDGE('',*,*,#3005,.T.);
#4505=ORIENTED_EDGE('',*,*,#3002,.T.);
#4506=ORIENTED_EDGE('',*,*,#2999,.T.);
#4507=ORIENTED_EDGE('',*,*,#2996,.T.);
#4508=ORIENTED_EDGE('',*,*,#2993,.T.);
#4509=ORIENTED_EDGE('',*,*,#2990,.T.);
#4510=ORIENTED_EDGE('',*,*,#2987,.T.);
#4511=ORIENTED_EDGE('',*,*,#2984,.T.);
#4512=ORIENTED_EDGE('',*,*,#2965,.T.);
#4513=ORIENTED_EDGE('',*,*,#2970,.T.);
#4514=ORIENTED_EDGE('',*,*,#2975,.T.);
#4515=ORIENTED_EDGE('',*,*,#2980,.T.);
#4516=ORIENTED_EDGE('',*,*,#3148,.T.);
#4517=ORIENTED_EDGE('',*,*,#2982,.T.);
#4518=ORIENTED_EDGE('',*,*,#2986,.T.);
#4519=ORIENTED_EDGE('',*,*,#2989,.T.);
#4520=ORIENTED_EDGE('',*,*,#2992,.T.);
#4521=ORIENTED_EDGE('',*,*,#2995,.T.);
#4522=ORIENTED_EDGE('',*,*,#2998,.T.);
#4523=ORIENTED_EDGE('',*,*,#3001,.T.);
#4524=ORIENTED_EDGE('',*,*,#3004,.T.);
#4525=ORIENTED_EDGE('',*,*,#3007,.T.);
#4526=ORIENTED_EDGE('',*,*,#3010,.T.);
#4527=ORIENTED_EDGE('',*,*,#3013,.T.);
#4528=ORIENTED_EDGE('',*,*,#3016,.T.);
#4529=ORIENTED_EDGE('',*,*,#3019,.T.);
#4530=ORIENTED_EDGE('',*,*,#3022,.T.);
#4531=ORIENTED_EDGE('',*,*,#3025,.T.);
#4532=ORIENTED_EDGE('',*,*,#3028,.T.);
#4533=ORIENTED_EDGE('',*,*,#3031,.T.);
#4534=ORIENTED_EDGE('',*,*,#3034,.T.);
#4535=ORIENTED_EDGE('',*,*,#3037,.T.);
#4536=ORIENTED_EDGE('',*,*,#3040,.T.);
#4537=ORIENTED_EDGE('',*,*,#3043,.T.);
#4538=ORIENTED_EDGE('',*,*,#3046,.T.);
#4539=ORIENTED_EDGE('',*,*,#3049,.T.);
#4540=ORIENTED_EDGE('',*,*,#3052,.T.);
#4541=ORIENTED_EDGE('',*,*,#3055,.T.);
#4542=ORIENTED_EDGE('',*,*,#3058,.T.);
#4543=ORIENTED_EDGE('',*,*,#3061,.T.);
#4544=ORIENTED_EDGE('',*,*,#3064,.T.);
#4545=ORIENTED_EDGE('',*,*,#3067,.T.);
#4546=ORIENTED_EDGE('',*,*,#3070,.T.);
#4547=ORIENTED_EDGE('',*,*,#3073,.T.);
#4548=ORIENTED_EDGE('',*,*,#3076,.T.);
#4549=ORIENTED_EDGE('',*,*,#3079,.T.);
#4550=ORIENTED_EDGE('',*,*,#3082,.T.);
#4551=ORIENTED_EDGE('',*,*,#3085,.T.);
#4552=ORIENTED_EDGE('',*,*,#3088,.T.);
#4553=ORIENTED_EDGE('',*,*,#3091,.T.);
#4554=ORIENTED_EDGE('',*,*,#3094,.T.);
#4555=ORIENTED_EDGE('',*,*,#3097,.T.);
#4556=ORIENTED_EDGE('',*,*,#3100,.T.);
#4557=ORIENTED_EDGE('',*,*,#3103,.T.);
#4558=ORIENTED_EDGE('',*,*,#3106,.T.);
#4559=ORIENTED_EDGE('',*,*,#3109,.T.);
#4560=ORIENTED_EDGE('',*,*,#3112,.T.);
#4561=ORIENTED_EDGE('',*,*,#3115,.T.);
#4562=ORIENTED_EDGE('',*,*,#3118,.T.);
#4563=ORIENTED_EDGE('',*,*,#3121,.T.);
#4564=ORIENTED_EDGE('',*,*,#3124,.T.);
#4565=ORIENTED_EDGE('',*,*,#3127,.T.);
#4566=ORIENTED_EDGE('',*,*,#3130,.T.);
#4567=ORIENTED_EDGE('',*,*,#3133,.T.);
#4568=ORIENTED_EDGE('',*,*,#3136,.T.);
#4569=ORIENTED_EDGE('',*,*,#3139,.T.);
#4570=ORIENTED_EDGE('',*,*,#3142,.T.);
#4571=ORIENTED_EDGE('',*,*,#3145,.T.);
#4572=ORIENTED_EDGE('',*,*,#2964,.T.);
#4573=ORIENTED_EDGE('',*,*,#2969,.T.);
#4574=ORIENTED_EDGE('',*,*,#2974,.T.);
#4575=ORIENTED_EDGE('',*,*,#2979,.T.);
#4576=ORIENTED_EDGE('',*,*,#3150,.T.);
#4577=ORIENTED_EDGE('',*,*,#3151,.T.);
#4578=ORIENTED_EDGE('',*,*,#3152,.T.);
#4579=ORIENTED_EDGE('',*,*,#3151,.F.);
#4580=ORIENTED_EDGE('',*,*,#3153,.T.);
#4581=ORIENTED_EDGE('',*,*,#3150,.F.);
#4582=ORIENTED_EDGE('',*,*,#3154,.T.);
#4583=ORIENTED_EDGE('',*,*,#3155,.T.);
#4584=ORIENTED_EDGE('',*,*,#3154,.F.);
#4585=ORIENTED_EDGE('',*,*,#3153,.F.);
#4586=ORIENTED_EDGE('',*,*,#3152,.F.);
#4587=ORIENTED_EDGE('',*,*,#3156,.F.);
#4588=ORIENTED_EDGE('',*,*,#3157,.T.);
#4589=ORIENTED_EDGE('',*,*,#3158,.F.);
#4590=ORIENTED_EDGE('',*,*,#3159,.F.);
#4591=ORIENTED_EDGE('',*,*,#3160,.F.);
#4592=ORIENTED_EDGE('',*,*,#3161,.F.);
#4593=ORIENTED_EDGE('',*,*,#3162,.T.);
#4594=ORIENTED_EDGE('',*,*,#3163,.F.);
#4595=ORIENTED_EDGE('',*,*,#3157,.F.);
#4596=ORIENTED_EDGE('',*,*,#3164,.F.);
#4597=ORIENTED_EDGE('',*,*,#3165,.T.);
#4598=ORIENTED_EDGE('',*,*,#3166,.F.);
#4599=ORIENTED_EDGE('',*,*,#3162,.F.);
#4600=ORIENTED_EDGE('',*,*,#3167,.F.);
#4601=ORIENTED_EDGE('',*,*,#3168,.F.);
#4602=ORIENTED_EDGE('',*,*,#3169,.F.);
#4603=ORIENTED_EDGE('',*,*,#3165,.F.);
#4604=ORIENTED_EDGE('',*,*,#3170,.F.);
#4605=ORIENTED_EDGE('',*,*,#3159,.T.);
#4606=ORIENTED_EDGE('',*,*,#3171,.F.);
#4607=ORIENTED_EDGE('',*,*,#3172,.F.);
#4608=ORIENTED_EDGE('',*,*,#3173,.F.);
#4609=ORIENTED_EDGE('',*,*,#3172,.T.);
#4610=ORIENTED_EDGE('',*,*,#3174,.F.);
#4611=ORIENTED_EDGE('',*,*,#3168,.T.);
#4612=ORIENTED_EDGE('',*,*,#3175,.T.);
#4613=ORIENTED_EDGE('',*,*,#3160,.T.);
#4614=ORIENTED_EDGE('',*,*,#3170,.T.);
#4615=ORIENTED_EDGE('',*,*,#3173,.T.);
#4616=ORIENTED_EDGE('',*,*,#3167,.T.);
#4617=ORIENTED_EDGE('',*,*,#3164,.T.);
#4618=ORIENTED_EDGE('',*,*,#3161,.T.);
#4619=ORIENTED_EDGE('',*,*,#3156,.T.);
#4620=ORIENTED_EDGE('',*,*,#3175,.F.);
#4621=ORIENTED_EDGE('',*,*,#3176,.F.);
#4622=ORIENTED_EDGE('',*,*,#3169,.T.);
#4623=ORIENTED_EDGE('',*,*,#3174,.T.);
#4624=ORIENTED_EDGE('',*,*,#3171,.T.);
#4625=ORIENTED_EDGE('',*,*,#3158,.T.);
#4626=ORIENTED_EDGE('',*,*,#3163,.T.);
#4627=ORIENTED_EDGE('',*,*,#3166,.T.);
#4628=ORIENTED_EDGE('',*,*,#3177,.F.);
#4629=ORIENTED_EDGE('',*,*,#3178,.T.);
#4630=ORIENTED_EDGE('',*,*,#3176,.T.);
#4631=ORIENTED_EDGE('',*,*,#3178,.F.);
#4632=ORIENTED_EDGE('',*,*,#3177,.T.);
#4633=ORIENTED_EDGE('',*,*,#3179,.T.);
#4634=ORIENTED_EDGE('',*,*,#3155,.F.);
#4635=ORIENTED_EDGE('',*,*,#3179,.F.);
#4636=ORIENTED_EDGE('',*,*,#3180,.F.);
#4637=ORIENTED_EDGE('',*,*,#3181,.F.);
#4638=ORIENTED_EDGE('',*,*,#3182,.F.);
#4639=ORIENTED_EDGE('',*,*,#3183,.F.);
#4640=ORIENTED_EDGE('',*,*,#3184,.F.);
#4641=ORIENTED_EDGE('',*,*,#3185,.F.);
#4642=ORIENTED_EDGE('',*,*,#3186,.T.);
#4643=ORIENTED_EDGE('',*,*,#3187,.F.);
#4644=ORIENTED_EDGE('',*,*,#3181,.T.);
#4645=ORIENTED_EDGE('',*,*,#3188,.T.);
#4646=ORIENTED_EDGE('',*,*,#3189,.F.);
#4647=ORIENTED_EDGE('',*,*,#3190,.F.);
#4648=ORIENTED_EDGE('',*,*,#3182,.T.);
#4649=ORIENTED_EDGE('',*,*,#3190,.T.);
#4650=ORIENTED_EDGE('',*,*,#3191,.F.);
#4651=ORIENTED_EDGE('',*,*,#3192,.F.);
#4652=ORIENTED_EDGE('',*,*,#3183,.T.);
#4653=ORIENTED_EDGE('',*,*,#3192,.T.);
#4654=ORIENTED_EDGE('',*,*,#3193,.F.);
#4655=ORIENTED_EDGE('',*,*,#3194,.F.);
#4656=ORIENTED_EDGE('',*,*,#3180,.T.);
#4657=ORIENTED_EDGE('',*,*,#3194,.T.);
#4658=ORIENTED_EDGE('',*,*,#3195,.F.);
#4659=ORIENTED_EDGE('',*,*,#3188,.F.);
#4660=ORIENTED_EDGE('',*,*,#3195,.T.);
#4661=ORIENTED_EDGE('',*,*,#3193,.T.);
#4662=ORIENTED_EDGE('',*,*,#3191,.T.);
#4663=ORIENTED_EDGE('',*,*,#3189,.T.);
#4664=ORIENTED_EDGE('',*,*,#3196,.F.);
#4665=ORIENTED_EDGE('',*,*,#3197,.T.);
#4666=ORIENTED_EDGE('',*,*,#3198,.F.);
#4667=ORIENTED_EDGE('',*,*,#3186,.F.);
#4668=ORIENTED_EDGE('',*,*,#3199,.F.);
#4669=ORIENTED_EDGE('',*,*,#3184,.T.);
#4670=ORIENTED_EDGE('',*,*,#3200,.F.);
#4671=ORIENTED_EDGE('',*,*,#3201,.F.);
#4672=ORIENTED_EDGE('',*,*,#3202,.F.);
#4673=ORIENTED_EDGE('',*,*,#3201,.T.);
#4674=ORIENTED_EDGE('',*,*,#3203,.F.);
#4675=ORIENTED_EDGE('',*,*,#3197,.F.);
#4676=ORIENTED_EDGE('',*,*,#3203,.T.);
#4677=ORIENTED_EDGE('',*,*,#3200,.T.);
#4678=ORIENTED_EDGE('',*,*,#3187,.T.);
#4679=ORIENTED_EDGE('',*,*,#3198,.T.);
#4680=ORIENTED_EDGE('',*,*,#3202,.T.);
#4681=ORIENTED_EDGE('',*,*,#3196,.T.);
#4682=ORIENTED_EDGE('',*,*,#3185,.T.);
#4683=ORIENTED_EDGE('',*,*,#3199,.T.);
#4684=PLANE('',#5208);
#4685=PLANE('',#5215);
#4686=PLANE('',#5245);
#4687=PLANE('',#5249);
#4688=PLANE('',#5250);
#4689=PLANE('',#5295);
#4690=PLANE('',#5296);
#4691=PLANE('',#5297);
#4692=PLANE('',#5298);
#4693=PLANE('',#5299);
#4694=PLANE('',#5300);
#4695=PLANE('',#5303);
#4696=PLANE('',#5308);
#4697=PLANE('',#5311);
#4698=PLANE('',#5314);
#4699=PLANE('',#5317);
#4700=PLANE('',#5320);
#4701=PLANE('',#5323);
#4702=PLANE('',#5328);
#4703=PLANE('',#5335);
#4704=PLANE('',#5342);
#4705=PLANE('',#5349);
#4706=PLANE('',#5352);
#4707=PLANE('',#5353);
#4708=PLANE('',#5354);
#4709=PLANE('',#5355);
#4710=PLANE('',#5356);
#4711=PLANE('',#5359);
#4712=PLANE('',#5366);
#4713=PLANE('',#5373);
#4714=PLANE('',#5380);
#4715=PLANE('',#5385);
#4716=PLANE('',#5388);
#4717=PLANE('',#5391);
#4718=PLANE('',#5394);
#4719=PLANE('',#5397);
#4720=PLANE('',#5400);
#4721=PLANE('',#5405);
#4722=PLANE('',#5408);
#4723=PLANE('',#5409);
#4724=PLANE('',#5410);
#4725=PLANE('',#5411);
#4726=PLANE('',#5412);
#4727=PLANE('',#5413);
#4728=PLANE('',#5416);
#4729=PLANE('',#5417);
#4730=PLANE('',#5422);
#4731=PLANE('',#5429);
#4732=PLANE('',#5441);
#4733=PLANE('',#5464);
#4734=PLANE('',#5470);
#4735=PLANE('',#5484);
#4736=PLANE('',#5487);
#4737=PLANE('',#5488);
#4738=PLANE('',#5491);
#4739=PLANE('',#5492);
#4740=PLANE('',#5493);
#4741=PLANE('',#5496);
#4742=PLANE('',#5499);
#4743=PLANE('',#5500);
#4744=PLANE('',#5501);
#4745=PLANE('',#5504);
#4746=PLANE('',#5507);
#4747=PLANE('',#5508);
#4748=PLANE('',#5509);
#4749=PLANE('',#5514);
#4750=PLANE('',#5517);
#4751=PLANE('',#5518);
#4752=PLANE('',#5519);
#4753=PLANE('',#5520);
#4754=PLANE('',#5521);
#4755=PLANE('',#5524);
#4756=PLANE('',#5529);
#4757=PLANE('',#5530);
#4758=PLANE('',#5531);
#4759=PLANE('',#5534);
#4760=PLANE('',#5537);
#4761=PLANE('',#5538);
#4762=PLANE('',#5539);
#4763=PLANE('',#5542);
#4764=PLANE('',#5545);
#4765=PLANE('',#5546);
#4766=PLANE('',#5547);
#4767=PLANE('',#5550);
#4768=PLANE('',#5551);
#4769=PLANE('',#5554);
#4770=PLANE('',#5557);
#4771=PLANE('',#5558);
#4772=PLANE('',#5583);
#4773=PLANE('',#5587);
#4774=PLANE('',#5591);
#4775=PLANE('',#5595);
#4776=PLANE('',#5605);
#4777=PLANE('',#5615);
#4778=PLANE('',#5625);
#4779=PLANE('',#5635);
#4780=PLANE('',#5639);
#4781=PLANE('',#5643);
#4782=PLANE('',#5647);
#4783=PLANE('',#5651);
#4784=PLANE('',#5655);
#4785=PLANE('',#5659);
#4786=PLANE('',#5669);
#4787=PLANE('',#5679);
#4788=PLANE('',#5689);
#4789=PLANE('',#5699);
#4790=PLANE('',#5703);
#4791=PLANE('',#5707);
#4792=PLANE('',#5708);
#4793=PLANE('',#5709);
#4794=PLANE('',#5717);
#4795=PLANE('',#5718);
#4796=PLANE('',#5719);
#4797=PLANE('',#5720);
#4798=PLANE('',#5721);
#4799=PLANE('',#5722);
#4800=PLANE('',#5723);
#4801=PLANE('',#5725);
#4802=PLANE('',#5731);
#4803=PLANE('',#5732);
#4804=PLANE('',#5733);
#4805=PLANE('',#5734);
#4806=PLANE('',#5735);
#4807=PLANE('',#5736);
#4808=PLANE('',#5737);
#4809=PLANE('',#5738);
#4810=PLANE('',#5742);
#4811=PLANE('',#5743);
#4812=ADVANCED_FACE('',(#1170),#4684,.T.);
#4813=ADVANCED_FACE('',(#1171),#1045,.F.);
#4814=ADVANCED_FACE('',(#1172),#4685,.T.);
#4815=ADVANCED_FACE('',(#1173),#1046,.F.);
#4816=ADVANCED_FACE('',(#1174),#1047,.T.);
#4817=ADVANCED_FACE('',(#1175),#1048,.F.);
#4818=ADVANCED_FACE('',(#1176),#1049,.T.);
#4819=ADVANCED_FACE('',(#1177),#1050,.T.);
#4820=ADVANCED_FACE('',(#1178),#1051,.F.);
#4821=ADVANCED_FACE('',(#1179),#1052,.T.);
#4822=ADVANCED_FACE('',(#1180),#1053,.F.);
#4823=ADVANCED_FACE('',(#1181),#4686,.T.);
#4824=ADVANCED_FACE('',(#1182),#1054,.F.);
#4825=ADVANCED_FACE('',(#1183),#4687,.T.);
#4826=ADVANCED_FACE('',(#1184),#4688,.T.);
#4827=ADVANCED_FACE('',(#1185),#1055,.F.);
#4828=ADVANCED_FACE('',(#1186),#4689,.T.);
#4829=ADVANCED_FACE('',(#1187),#4690,.T.);
#4830=ADVANCED_FACE('',(#1188),#4691,.T.);
#4831=ADVANCED_FACE('',(#1189),#4692,.T.);
#4832=ADVANCED_FACE('',(#1190),#4693,.T.);
#4833=ADVANCED_FACE('',(#1191),#4694,.T.);
#4834=ADVANCED_FACE('',(#1192),#1056,.T.);
#4835=ADVANCED_FACE('',(#1193),#4695,.T.);
#4836=ADVANCED_FACE('',(#1194),#1057,.F.);
#4837=ADVANCED_FACE('',(#1195),#1058,.T.);
#4838=ADVANCED_FACE('',(#1196),#4696,.T.);
#4839=ADVANCED_FACE('',(#1197),#1059,.T.);
#4840=ADVANCED_FACE('',(#1198),#4697,.T.);
#4841=ADVANCED_FACE('',(#1199),#1060,.T.);
#4842=ADVANCED_FACE('',(#1200),#4698,.T.);
#4843=ADVANCED_FACE('',(#1201),#1061,.F.);
#4844=ADVANCED_FACE('',(#1202),#4699,.T.);
#4845=ADVANCED_FACE('',(#1203),#1062,.F.);
#4846=ADVANCED_FACE('',(#1204),#4700,.T.);
#4847=ADVANCED_FACE('',(#1205),#1063,.T.);
#4848=ADVANCED_FACE('',(#1206),#4701,.T.);
#4849=ADVANCED_FACE('',(#1207),#1064,.F.);
#4850=ADVANCED_FACE('',(#1208),#1065,.T.);
#4851=ADVANCED_FACE('',(#1209),#4702,.T.);
#4852=ADVANCED_FACE('',(#1210),#1066,.T.);
#4853=ADVANCED_FACE('',(#1211),#1067,.F.);
#4854=ADVANCED_FACE('',(#1212),#1068,.T.);
#4855=ADVANCED_FACE('',(#1213),#4703,.T.);
#4856=ADVANCED_FACE('',(#1214),#1069,.T.);
#4857=ADVANCED_FACE('',(#1215),#1070,.F.);
#4858=ADVANCED_FACE('',(#1216),#1071,.T.);
#4859=ADVANCED_FACE('',(#1217),#4704,.T.);
#4860=ADVANCED_FACE('',(#1218),#1072,.T.);
#4861=ADVANCED_FACE('',(#1219),#1073,.F.);
#4862=ADVANCED_FACE('',(#1220),#1074,.T.);
#4863=ADVANCED_FACE('',(#1221),#4705,.T.);
#4864=ADVANCED_FACE('',(#1222),#1075,.T.);
#4865=ADVANCED_FACE('',(#1223),#4706,.T.);
#4866=ADVANCED_FACE('',(#1224),#4707,.T.);
#4867=ADVANCED_FACE('',(#1225),#4708,.T.);
#4868=ADVANCED_FACE('',(#1226),#4709,.T.);
#4869=ADVANCED_FACE('',(#1227),#4710,.T.);
#4870=ADVANCED_FACE('',(#1228),#1076,.T.);
#4871=ADVANCED_FACE('',(#1229),#4711,.T.);
#4872=ADVANCED_FACE('',(#1230),#1077,.T.);
#4873=ADVANCED_FACE('',(#1231),#1078,.F.);
#4874=ADVANCED_FACE('',(#1232),#1079,.T.);
#4875=ADVANCED_FACE('',(#1233),#4712,.T.);
#4876=ADVANCED_FACE('',(#1234),#1080,.T.);
#4877=ADVANCED_FACE('',(#1235),#1081,.F.);
#4878=ADVANCED_FACE('',(#1236),#1082,.T.);
#4879=ADVANCED_FACE('',(#1237),#4713,.T.);
#4880=ADVANCED_FACE('',(#1238),#1083,.T.);
#4881=ADVANCED_FACE('',(#1239),#1084,.F.);
#4882=ADVANCED_FACE('',(#1240),#1085,.T.);
#4883=ADVANCED_FACE('',(#1241),#4714,.T.);
#4884=ADVANCED_FACE('',(#1242),#1086,.T.);
#4885=ADVANCED_FACE('',(#1243),#1087,.F.);
#4886=ADVANCED_FACE('',(#1244),#4715,.T.);
#4887=ADVANCED_FACE('',(#1245),#1088,.T.);
#4888=ADVANCED_FACE('',(#1246),#4716,.T.);
#4889=ADVANCED_FACE('',(#1247),#1089,.F.);
#4890=ADVANCED_FACE('',(#1248),#4717,.T.);
#4891=ADVANCED_FACE('',(#1249),#1090,.F.);
#4892=ADVANCED_FACE('',(#1250),#4718,.T.);
#4893=ADVANCED_FACE('',(#1251),#1091,.T.);
#4894=ADVANCED_FACE('',(#1252),#4719,.T.);
#4895=ADVANCED_FACE('',(#1253),#1092,.T.);
#4896=ADVANCED_FACE('',(#1254),#4720,.T.);
#4897=ADVANCED_FACE('',(#1255),#1093,.T.);
#4898=ADVANCED_FACE('',(#1256),#1094,.F.);
#4899=ADVANCED_FACE('',(#1257),#4721,.T.);
#4900=ADVANCED_FACE('',(#1258),#1095,.T.);
#4901=ADVANCED_FACE('',(#1259),#4722,.T.);
#4902=ADVANCED_FACE('',(#1260),#4723,.T.);
#4903=ADVANCED_FACE('',(#1261),#4724,.T.);
#4904=ADVANCED_FACE('',(#1262),#4725,.T.);
#4905=ADVANCED_FACE('',(#1263),#4726,.T.);
#4906=ADVANCED_FACE('',(#1264),#4727,.T.);
#4907=ADVANCED_FACE('',(#1265),#1096,.F.);
#4908=ADVANCED_FACE('',(#1266),#4728,.T.);
#4909=ADVANCED_FACE('',(#1267),#4729,.F.);
#4910=ADVANCED_FACE('',(#1268),#1097,.F.);
#4911=ADVANCED_FACE('',(#1269),#4730,.T.);
#4912=ADVANCED_FACE('',(#1270),#1098,.F.);
#4913=ADVANCED_FACE('',(#1271),#4731,.T.);
#4914=ADVANCED_FACE('',(#1272),#1099,.T.);
#4915=ADVANCED_FACE('',(#1273),#1100,.T.);
#4916=ADVANCED_FACE('',(#1274),#4732,.F.);
#4917=ADVANCED_FACE('',(#1275),#4733,.T.);
#4918=ADVANCED_FACE('',(#1276),#1101,.F.);
#4919=ADVANCED_FACE('',(#1277),#4734,.T.);
#4920=ADVANCED_FACE('',(#1278),#1102,.F.);
#4921=ADVANCED_FACE('',(#1279),#1103,.F.);
#4922=ADVANCED_FACE('',(#1280),#1104,.T.);
#4923=ADVANCED_FACE('',(#1281),#1105,.F.);
#4924=ADVANCED_FACE('',(#1282),#1106,.T.);
#4925=ADVANCED_FACE('',(#1283),#1107,.F.);
#4926=ADVANCED_FACE('',(#1284),#4735,.T.);
#4927=ADVANCED_FACE('',(#1285),#1108,.T.);
#4928=ADVANCED_FACE('',(#1286),#4736,.T.);
#4929=ADVANCED_FACE('',(#1287),#4737,.T.);
#4930=ADVANCED_FACE('',(#1288),#1109,.T.);
#4931=ADVANCED_FACE('',(#1289),#4738,.T.);
#4932=ADVANCED_FACE('',(#1290),#4739,.T.);
#4933=ADVANCED_FACE('',(#1291),#4740,.T.);
#4934=ADVANCED_FACE('',(#1292),#1110,.T.);
#4935=ADVANCED_FACE('',(#1293),#4741,.T.);
#4936=ADVANCED_FACE('',(#1294),#1111,.T.);
#4937=ADVANCED_FACE('',(#1295),#4742,.T.);
#4938=ADVANCED_FACE('',(#1296),#4743,.T.);
#4939=ADVANCED_FACE('',(#1297),#4744,.T.);
#4940=ADVANCED_FACE('',(#1298),#1112,.T.);
#4941=ADVANCED_FACE('',(#1299),#4745,.T.);
#4942=ADVANCED_FACE('',(#1300),#1113,.T.);
#4943=ADVANCED_FACE('',(#1301),#4746,.T.);
#4944=ADVANCED_FACE('',(#1302),#4747,.T.);
#4945=ADVANCED_FACE('',(#1303),#4748,.T.);
#4946=ADVANCED_FACE('',(#1304),#1114,.F.);
#4947=ADVANCED_FACE('',(#1305),#1115,.T.);
#4948=ADVANCED_FACE('',(#1306),#4749,.T.);
#4949=ADVANCED_FACE('',(#1307),#1116,.T.);
#4950=ADVANCED_FACE('',(#1308),#4750,.T.);
#4951=ADVANCED_FACE('',(#1309),#4751,.T.);
#4952=ADVANCED_FACE('',(#1310),#4752,.T.);
#4953=ADVANCED_FACE('',(#1311),#4753,.T.);
#4954=ADVANCED_FACE('',(#1312),#4754,.T.);
#4955=ADVANCED_FACE('',(#1313),#1117,.T.);
#4956=ADVANCED_FACE('',(#1314),#4755,.T.);
#4957=ADVANCED_FACE('',(#1315),#1118,.T.);
#4958=ADVANCED_FACE('',(#1316),#1119,.F.);
#4959=ADVANCED_FACE('',(#1317),#4756,.T.);
#4960=ADVANCED_FACE('',(#1318),#4757,.T.);
#4961=ADVANCED_FACE('',(#1319),#4758,.T.);
#4962=ADVANCED_FACE('',(#1320),#1120,.T.);
#4963=ADVANCED_FACE('',(#1321),#4759,.T.);
#4964=ADVANCED_FACE('',(#1322),#1121,.T.);
#4965=ADVANCED_FACE('',(#1323),#4760,.T.);
#4966=ADVANCED_FACE('',(#1324),#4761,.T.);
#4967=ADVANCED_FACE('',(#1325),#4762,.T.);
#4968=ADVANCED_FACE('',(#1326),#1122,.T.);
#4969=ADVANCED_FACE('',(#1327),#4763,.T.);
#4970=ADVANCED_FACE('',(#1328),#1123,.T.);
#4971=ADVANCED_FACE('',(#1329),#4764,.T.);
#4972=ADVANCED_FACE('',(#1330),#4765,.T.);
#4973=ADVANCED_FACE('',(#1331),#4766,.T.);
#4974=ADVANCED_FACE('',(#1332),#1124,.T.);
#4975=ADVANCED_FACE('',(#1333),#4767,.T.);
#4976=ADVANCED_FACE('',(#1334),#4768,.T.);
#4977=ADVANCED_FACE('',(#1335),#1125,.T.);
#4978=ADVANCED_FACE('',(#1336),#4769,.T.);
#4979=ADVANCED_FACE('',(#1337),#1126,.F.);
#4980=ADVANCED_FACE('',(#1338),#4770,.T.);
#4981=ADVANCED_FACE('',(#1339),#4771,.T.);
#4982=ADVANCED_FACE('',(#1340),#96,.F.);
#4983=ADVANCED_FACE('',(#1341),#1127,.F.);
#4984=ADVANCED_FACE('',(#1342),#97,.F.);
#4985=ADVANCED_FACE('',(#1343),#1128,.F.);
#4986=ADVANCED_FACE('',(#1344),#98,.F.);
#4987=ADVANCED_FACE('',(#1345),#1129,.F.);
#4988=ADVANCED_FACE('',(#1346),#99,.F.);
#4989=ADVANCED_FACE('',(#1347),#1130,.F.);
#4990=ADVANCED_FACE('',(#1348),#1131,.F.);
#4991=ADVANCED_FACE('',(#1349),#4772,.T.);
#4992=ADVANCED_FACE('',(#1350),#1132,.F.);
#4993=ADVANCED_FACE('',(#1351),#4773,.T.);
#4994=ADVANCED_FACE('',(#1352),#1133,.T.);
#4995=ADVANCED_FACE('',(#1353),#4774,.T.);
#4996=ADVANCED_FACE('',(#1354),#1134,.T.);
#4997=ADVANCED_FACE('',(#1355),#4775,.T.);
#4998=ADVANCED_FACE('',(#1356),#1135,.T.);
#4999=ADVANCED_FACE('',(#1357),#1136,.F.);
#5000=ADVANCED_FACE('',(#1358),#1137,.T.);
#5001=ADVANCED_FACE('',(#1359),#4776,.T.);
#5002=ADVANCED_FACE('',(#1360),#1138,.T.);
#5003=ADVANCED_FACE('',(#1361),#1139,.F.);
#5004=ADVANCED_FACE('',(#1362),#1140,.T.);
#5005=ADVANCED_FACE('',(#1363),#4777,.T.);
#5006=ADVANCED_FACE('',(#1364),#1141,.T.);
#5007=ADVANCED_FACE('',(#1365),#1142,.F.);
#5008=ADVANCED_FACE('',(#1366),#1143,.T.);
#5009=ADVANCED_FACE('',(#1367),#4778,.T.);
#5010=ADVANCED_FACE('',(#1368),#1144,.T.);
#5011=ADVANCED_FACE('',(#1369),#1145,.F.);
#5012=ADVANCED_FACE('',(#1370),#1146,.T.);
#5013=ADVANCED_FACE('',(#1371),#4779,.T.);
#5014=ADVANCED_FACE('',(#1372),#1147,.T.);
#5015=ADVANCED_FACE('',(#1373),#4780,.T.);
#5016=ADVANCED_FACE('',(#1374),#1148,.T.);
#5017=ADVANCED_FACE('',(#1375),#4781,.T.);
#5018=ADVANCED_FACE('',(#1376),#1149,.F.);
#5019=ADVANCED_FACE('',(#1377),#4782,.T.);
#5020=ADVANCED_FACE('',(#1378),#1150,.F.);
#5021=ADVANCED_FACE('',(#1379),#4783,.T.);
#5022=ADVANCED_FACE('',(#1380),#1151,.T.);
#5023=ADVANCED_FACE('',(#1381),#4784,.T.);
#5024=ADVANCED_FACE('',(#1382),#1152,.T.);
#5025=ADVANCED_FACE('',(#1383),#4785,.T.);
#5026=ADVANCED_FACE('',(#1384),#1153,.T.);
#5027=ADVANCED_FACE('',(#1385),#1154,.F.);
#5028=ADVANCED_FACE('',(#1386),#1155,.T.);
#5029=ADVANCED_FACE('',(#1387),#4786,.T.);
#5030=ADVANCED_FACE('',(#1388),#1156,.T.);
#5031=ADVANCED_FACE('',(#1389),#1157,.F.);
#5032=ADVANCED_FACE('',(#1390),#1158,.T.);
#5033=ADVANCED_FACE('',(#1391),#4787,.T.);
#5034=ADVANCED_FACE('',(#1392),#1159,.T.);
#5035=ADVANCED_FACE('',(#1393),#1160,.F.);
#5036=ADVANCED_FACE('',(#1394),#1161,.T.);
#5037=ADVANCED_FACE('',(#1395),#4788,.T.);
#5038=ADVANCED_FACE('',(#1396),#1162,.T.);
#5039=ADVANCED_FACE('',(#1397),#1163,.F.);
#5040=ADVANCED_FACE('',(#1398),#1164,.T.);
#5041=ADVANCED_FACE('',(#1399),#4789,.T.);
#5042=ADVANCED_FACE('',(#1400),#1165,.T.);
#5043=ADVANCED_FACE('',(#1401),#4790,.T.);
#5044=ADVANCED_FACE('',(#1402),#1166,.T.);
#5045=ADVANCED_FACE('',(#1403),#4791,.T.);
#5046=ADVANCED_FACE('',(#1404,#86,#87,#88,#89),#4792,.T.);
#5047=ADVANCED_FACE('',(#1405,#90,#91,#92,#93),#4793,.F.);
#5048=ADVANCED_FACE('',(#1406),#100,.T.);
#5049=ADVANCED_FACE('',(#1407),#1167,.T.);
#5050=ADVANCED_FACE('',(#1408),#4794,.T.);
#5051=ADVANCED_FACE('',(#1409),#4795,.F.);
#5052=ADVANCED_FACE('',(#1410),#4796,.F.);
#5053=ADVANCED_FACE('',(#1411),#4797,.F.);
#5054=ADVANCED_FACE('',(#1412),#4798,.F.);
#5055=ADVANCED_FACE('',(#1413),#4799,.F.);
#5056=ADVANCED_FACE('',(#1414),#4800,.F.);
#5057=ADVANCED_FACE('',(#1415),#101,.F.);
#5058=ADVANCED_FACE('',(#1416,#94),#4801,.T.);
#5059=ADVANCED_FACE('',(#1417),#1168,.T.);
#5060=ADVANCED_FACE('',(#1418),#102,.T.);
#5061=ADVANCED_FACE('',(#1419,#95),#4802,.T.);
#5062=ADVANCED_FACE('',(#1420),#4803,.T.);
#5063=ADVANCED_FACE('',(#1421),#4804,.T.);
#5064=ADVANCED_FACE('',(#1422),#4805,.T.);
#5065=ADVANCED_FACE('',(#1423),#4806,.T.);
#5066=ADVANCED_FACE('',(#1424),#4807,.F.);
#5067=ADVANCED_FACE('',(#1425),#4808,.T.);
#5068=ADVANCED_FACE('',(#1426),#4809,.T.);
#5069=ADVANCED_FACE('',(#1427),#1169,.T.);
#5070=ADVANCED_FACE('',(#1428),#4810,.T.);
#5071=ADVANCED_FACE('',(#1429),#4811,.F.);
#5072=CLOSED_SHELL('',(#4812,#4813,#4814,#4815,#4816,#4817,#4818,#4819,
#4820,#4821,#4822,#4823,#4824,#4825,#4826,#4827,#4828,#4829,#4830,#4831,
#4832,#4833,#4834,#4835,#4836,#4837,#4838,#4839,#4840,#4841,#4842,#4843,
#4844,#4845,#4846,#4847,#4848,#4849,#4850,#4851,#4852,#4853,#4854,#4855,
#4856,#4857,#4858,#4859,#4860,#4861,#4862,#4863,#4864,#4865,#4866,#4867,
#4868,#4869,#4870,#4871,#4872,#4873,#4874,#4875,#4876,#4877,#4878,#4879,
#4880,#4881,#4882,#4883,#4884,#4885,#4886,#4887,#4888,#4889,#4890,#4891,
#4892,#4893,#4894,#4895,#4896,#4897,#4898,#4899,#4900,#4901,#4902,#4903,
#4904,#4905,#4906,#4907,#4908,#4909));
#5073=CLOSED_SHELL('',(#4910,#4911,#4912,#4913,#4914,#4915,#4916,#4917,
#4918,#4919,#4920,#4921,#4922,#4923,#4924,#4925,#4926,#4927,#4928,#4929,
#4930,#4931,#4932,#4933,#4934,#4935,#4936,#4937,#4938,#4939,#4940,#4941,
#4942,#4943,#4944,#4945,#4946,#4947,#4948,#4949,#4950,#4951,#4952,#4953,
#4954,#4955,#4956,#4957,#4958,#4959,#4960,#4961,#4962,#4963,#4964,#4965,
#4966,#4967,#4968,#4969,#4970,#4971,#4972,#4973,#4974,#4975,#4976,#4977,
#4978,#4979,#4980,#4981));
#5074=CLOSED_SHELL('',(#4982,#4983,#4984,#4985,#4986,#4987,#4988,#4989,
#4990,#4991,#4992,#4993,#4994,#4995,#4996,#4997,#4998,#4999,#5000,#5001,
#5002,#5003,#5004,#5005,#5006,#5007,#5008,#5009,#5010,#5011,#5012,#5013,
#5014,#5015,#5016,#5017,#5018,#5019,#5020,#5021,#5022,#5023,#5024,#5025,
#5026,#5027,#5028,#5029,#5030,#5031,#5032,#5033,#5034,#5035,#5036,#5037,
#5038,#5039,#5040,#5041,#5042,#5043,#5044,#5045,#5046,#5047));
#5075=CLOSED_SHELL('',(#5048,#5049,#5050,#5051,#5052,#5053,#5054,#5055,
#5056,#5057,#5058,#5059,#5060));
#5076=CLOSED_SHELL('',(#5061,#5062,#5063,#5064,#5065,#5066,#5067,#5068,
#5069,#5070,#5071));
#5077=DERIVED_UNIT_ELEMENT(#5088,1.);
#5078=DERIVED_UNIT_ELEMENT(#8881,-3.);
#5079=DERIVED_UNIT_ELEMENT(#5088,1.);
#5080=DERIVED_UNIT_ELEMENT(#8881,-3.);
#5081=DERIVED_UNIT_ELEMENT(#5088,1.);
#5082=DERIVED_UNIT_ELEMENT(#8881,-3.);
#5083=DERIVED_UNIT_ELEMENT(#5088,1.);
#5084=DERIVED_UNIT_ELEMENT(#8881,-3.);
#5085=DERIVED_UNIT_ELEMENT(#5088,1.);
#5086=DERIVED_UNIT_ELEMENT(#8881,-3.);
#5087=DIMENSIONAL_EXPONENTS(0.,1.,0.,0.,0.,0.,0.);
#5088=(
CONVERSION_BASED_UNIT('gram',#5090)
MASS_UNIT()
NAMED_UNIT(#5087)
);
#5089=(
MASS_UNIT()
NAMED_UNIT(*)
SI_UNIT(.KILO.,.GRAM.)
);
#5090=MASS_MEASURE_WITH_UNIT(MASS_MEASURE(0.001),#5089);
#5091=DERIVED_UNIT((#5077,#5078));
#5092=DERIVED_UNIT((#5079,#5080));
#5093=DERIVED_UNIT((#5081,#5082));
#5094=DERIVED_UNIT((#5083,#5084));
#5095=DERIVED_UNIT((#5085,#5086));
#5096=MEASURE_REPRESENTATION_ITEM('density measure',
POSITIVE_RATIO_MEASURE(1.),#5091);
#5097=MEASURE_REPRESENTATION_ITEM('density measure',
POSITIVE_RATIO_MEASURE(1.),#5092);
#5098=MEASURE_REPRESENTATION_ITEM('density measure',
POSITIVE_RATIO_MEASURE(1.),#5093);
#5099=MEASURE_REPRESENTATION_ITEM('density measure',
POSITIVE_RATIO_MEASURE(1.),#5094);
#5100=MEASURE_REPRESENTATION_ITEM('density measure',
POSITIVE_RATIO_MEASURE(1.),#5095);
#5101=PROPERTY_DEFINITION_REPRESENTATION(#5126,#5111);
#5102=PROPERTY_DEFINITION_REPRESENTATION(#5127,#5112);
#5103=PROPERTY_DEFINITION_REPRESENTATION(#5128,#5113);
#5104=PROPERTY_DEFINITION_REPRESENTATION(#5129,#5114);
#5105=PROPERTY_DEFINITION_REPRESENTATION(#5130,#5115);
#5106=PROPERTY_DEFINITION_REPRESENTATION(#5131,#5116);
#5107=PROPERTY_DEFINITION_REPRESENTATION(#5132,#5117);
#5108=PROPERTY_DEFINITION_REPRESENTATION(#5133,#5118);
#5109=PROPERTY_DEFINITION_REPRESENTATION(#5134,#5119);
#5110=PROPERTY_DEFINITION_REPRESENTATION(#5135,#5120);
#5111=REPRESENTATION('material name',(#5121),#8874);
#5112=REPRESENTATION('density',(#5096),#8874);
#5113=REPRESENTATION('material name',(#5122),#8875);
#5114=REPRESENTATION('density',(#5097),#8875);
#5115=REPRESENTATION('material name',(#5123),#8876);
#5116=REPRESENTATION('density',(#5098),#8876);
#5117=REPRESENTATION('material name',(#5124),#8877);
#5118=REPRESENTATION('density',(#5099),#8877);
#5119=REPRESENTATION('material name',(#5125),#8878);
#5120=REPRESENTATION('density',(#5100),#8878);
#5121=DESCRIPTIVE_REPRESENTATION_ITEM('\X2\4E00822C\X0\','\X2\4E00822C\X0\');
#5122=DESCRIPTIVE_REPRESENTATION_ITEM('\X2\4E00822C\X0\','\X2\4E00822C\X0\');
#5123=DESCRIPTIVE_REPRESENTATION_ITEM('\X2\4E00822C\X0\','\X2\4E00822C\X0\');
#5124=DESCRIPTIVE_REPRESENTATION_ITEM('\X2\4E00822C\X0\','\X2\4E00822C\X0\');
#5125=DESCRIPTIVE_REPRESENTATION_ITEM('\X2\4E00822C\X0\','\X2\4E00822C\X0\');
#5126=PROPERTY_DEFINITION('material property','material name',#8925);
#5127=PROPERTY_DEFINITION('material property','density of part',#8925);
#5128=PROPERTY_DEFINITION('material property','material name',#8926);
#5129=PROPERTY_DEFINITION('material property','density of part',#8926);
#5130=PROPERTY_DEFINITION('material property','material name',#8927);
#5131=PROPERTY_DEFINITION('material property','density of part',#8927);
#5132=PROPERTY_DEFINITION('material property','material name',#8928);
#5133=PROPERTY_DEFINITION('material property','density of part',#8928);
#5134=PROPERTY_DEFINITION('material property','material name',#8929);
#5135=PROPERTY_DEFINITION('material property','density of part',#8929);
#5136=PRESENTATION_STYLE_ASSIGNMENT((#5139));
#5137=PRESENTATION_STYLE_ASSIGNMENT((#5140));
#5138=PRESENTATION_STYLE_ASSIGNMENT((#5141));
#5139=SURFACE_STYLE_USAGE(.BOTH.,#5148);
#5140=SURFACE_STYLE_USAGE(.BOTH.,#5149);
#5141=SURFACE_STYLE_USAGE(.BOTH.,#5150);
#5142=SURFACE_STYLE_RENDERING_WITH_PROPERTIES($,#5160,(#5145));
#5143=SURFACE_STYLE_RENDERING_WITH_PROPERTIES($,#5161,(#5146));
#5144=SURFACE_STYLE_RENDERING_WITH_PROPERTIES($,#5162,(#5147));
#5145=SURFACE_STYLE_TRANSPARENT(0.);
#5146=SURFACE_STYLE_TRANSPARENT(0.);
#5147=SURFACE_STYLE_TRANSPARENT(0.);
#5148=SURFACE_SIDE_STYLE('',(#5151,#5142));
#5149=SURFACE_SIDE_STYLE('',(#5152,#5143));
#5150=SURFACE_SIDE_STYLE('',(#5153,#5144));
#5151=SURFACE_STYLE_FILL_AREA(#5154);
#5152=SURFACE_STYLE_FILL_AREA(#5155);
#5153=SURFACE_STYLE_FILL_AREA(#5156);
#5154=FILL_AREA_STYLE('',(#5157));
#5155=FILL_AREA_STYLE('',(#5158));
#5156=FILL_AREA_STYLE('',(#5159));
#5157=FILL_AREA_STYLE_COLOUR('',#5160);
#5158=FILL_AREA_STYLE_COLOUR('',#5161);
#5159=FILL_AREA_STYLE_COLOUR('',#5162);
#5160=COLOUR_RGB('',0.749019607843137,0.749019607843137,0.749019607843137);
#5161=COLOUR_RGB('',0.63921568627451,0.63921568627451,0.686274509803922);
#5162=COLOUR_RGB('',0.0196078431372549,0.0196078431372549,0.0196078431372549);
#5163=DATE_TIME_ROLE('creation_date');
#5164=DATE_TIME_ROLE('creation_date');
#5165=DATE_TIME_ROLE('creation_date');
#5166=DATE_TIME_ROLE('creation_date');
#5167=DATE_TIME_ROLE('creation_date');
#5168=DATE_TIME_ROLE('creation_date');
#5169=DATE_TIME_ROLE('creation_date');
#5170=APPLIED_DATE_AND_TIME_ASSIGNMENT(#5177,#5163,(#8923));
#5171=APPLIED_DATE_AND_TIME_ASSIGNMENT(#5178,#5164,(#8924));
#5172=APPLIED_DATE_AND_TIME_ASSIGNMENT(#5179,#5165,(#8925));
#5173=APPLIED_DATE_AND_TIME_ASSIGNMENT(#5180,#5166,(#8926));
#5174=APPLIED_DATE_AND_TIME_ASSIGNMENT(#5181,#5167,(#8927));
#5175=APPLIED_DATE_AND_TIME_ASSIGNMENT(#5182,#5168,(#8928));
#5176=APPLIED_DATE_AND_TIME_ASSIGNMENT(#5183,#5169,(#8929));
#5177=DATE_AND_TIME(#5184,#5191);
#5178=DATE_AND_TIME(#5185,#5192);
#5179=DATE_AND_TIME(#5186,#5193);
#5180=DATE_AND_TIME(#5187,#5194);
#5181=DATE_AND_TIME(#5188,#5195);
#5182=DATE_AND_TIME(#5189,#5196);
#5183=DATE_AND_TIME(#5190,#5197);
#5184=CALENDAR_DATE(2023,27,6);
#5185=CALENDAR_DATE(2016,15,12);
#5186=CALENDAR_DATE(2023,27,6);
#5187=CALENDAR_DATE(2023,27,6);
#5188=CALENDAR_DATE(2023,27,6);
#5189=CALENDAR_DATE(2023,27,6);
#5190=CALENDAR_DATE(2023,27,6);
#5191=LOCAL_TIME(15,12,3.,#5198);
#5192=LOCAL_TIME(18,40,4.,#5199);
#5193=LOCAL_TIME(0,0,0.,#5200);
#5194=LOCAL_TIME(0,0,0.,#5201);
#5195=LOCAL_TIME(0,0,0.,#5202);
#5196=LOCAL_TIME(0,0,0.,#5203);
#5197=LOCAL_TIME(0,0,0.,#5204);
#5198=COORDINATED_UNIVERSAL_TIME_OFFSET(0,0,.BEHIND.);
#5199=COORDINATED_UNIVERSAL_TIME_OFFSET(0,0,.BEHIND.);
#5200=COORDINATED_UNIVERSAL_TIME_OFFSET(0,0,.BEHIND.);
#5201=COORDINATED_UNIVERSAL_TIME_OFFSET(0,0,.BEHIND.);
#5202=COORDINATED_UNIVERSAL_TIME_OFFSET(0,0,.BEHIND.);
#5203=COORDINATED_UNIVERSAL_TIME_OFFSET(0,0,.BEHIND.);
#5204=COORDINATED_UNIVERSAL_TIME_OFFSET(0,0,.BEHIND.);
#5205=AXIS2_PLACEMENT_3D('',#7334,#5761,#5762);
#5206=AXIS2_PLACEMENT_3D('',#7335,#5763,#5764);
#5207=AXIS2_PLACEMENT_3D('',#7336,#5765,#5766);
#5208=AXIS2_PLACEMENT_3D('',#7337,#5767,#5768);
#5209=AXIS2_PLACEMENT_3D('',#7340,#5769,#5770);
#5210=AXIS2_PLACEMENT_3D('',#7342,#5771,#5772);
#5211=AXIS2_PLACEMENT_3D('',#7344,#5773,#5774);
#5212=AXIS2_PLACEMENT_3D('',#7345,#5775,#5776);
#5213=AXIS2_PLACEMENT_3D('',#7346,#5777,#5778);
#5214=AXIS2_PLACEMENT_3D('',#7350,#5780,#5781);
#5215=AXIS2_PLACEMENT_3D('',#7352,#5783,#5784);
#5216=AXIS2_PLACEMENT_3D('',#7355,#5785,#5786);
#5217=AXIS2_PLACEMENT_3D('',#7357,#5787,#5788);
#5218=AXIS2_PLACEMENT_3D('',#7359,#5789,#5790);
#5219=AXIS2_PLACEMENT_3D('',#7360,#5791,#5792);
#5220=AXIS2_PLACEMENT_3D('',#7361,#5793,#5794);
#5221=AXIS2_PLACEMENT_3D('',#7365,#5796,#5797);
#5222=AXIS2_PLACEMENT_3D('',#7367,#5799,#5800);
#5223=AXIS2_PLACEMENT_3D('',#7371,#5802,#5803);
#5224=AXIS2_PLACEMENT_3D('',#7375,#5805,#5806);
#5225=AXIS2_PLACEMENT_3D('',#7378,#5808,#5809);
#5226=AXIS2_PLACEMENT_3D('',#7379,#5810,#5811);
#5227=AXIS2_PLACEMENT_3D('',#7382,#5813,#5814);
#5228=AXIS2_PLACEMENT_3D('',#7383,#5815,#5816);
#5229=AXIS2_PLACEMENT_3D('',#7385,#5817,#5818);
#5230=AXIS2_PLACEMENT_3D('',#7389,#5820,#5821);
#5231=AXIS2_PLACEMENT_3D('',#7392,#5823,#5824);
#5232=AXIS2_PLACEMENT_3D('',#7393,#5825,#5826);
#5233=AXIS2_PLACEMENT_3D('',#7397,#5828,#5829);
#5234=AXIS2_PLACEMENT_3D('',#7401,#5831,#5832);
#5235=AXIS2_PLACEMENT_3D('',#7404,#5834,#5835);
#5236=AXIS2_PLACEMENT_3D('',#7405,#5836,#5837);
#5237=AXIS2_PLACEMENT_3D('',#7408,#5839,#5840);
#5238=AXIS2_PLACEMENT_3D('',#7409,#5841,#5842);
#5239=AXIS2_PLACEMENT_3D('',#7411,#5843,#5844);
#5240=AXIS2_PLACEMENT_3D('',#7415,#5846,#5847);
#5241=AXIS2_PLACEMENT_3D('',#7418,#5849,#5850);
#5242=AXIS2_PLACEMENT_3D('',#7419,#5851,#5852);
#5243=AXIS2_PLACEMENT_3D('',#7420,#5853,#5854);
#5244=AXIS2_PLACEMENT_3D('',#7421,#5855,#5856);
#5245=AXIS2_PLACEMENT_3D('',#7422,#5857,#5858);
#5246=AXIS2_PLACEMENT_3D('',#7423,#5859,#5860);
#5247=AXIS2_PLACEMENT_3D('',#7424,#5861,#5862);
#5248=AXIS2_PLACEMENT_3D('',#7425,#5863,#5864);
#5249=AXIS2_PLACEMENT_3D('',#7426,#5865,#5866);
#5250=AXIS2_PLACEMENT_3D('',#7427,#5867,#5868);
#5251=AXIS2_PLACEMENT_3D('',#7439,#5874,#5875);
#5252=AXIS2_PLACEMENT_3D('',#7443,#5877,#5878);
#5253=AXIS2_PLACEMENT_3D('',#7445,#5879,#5880);
#5254=AXIS2_PLACEMENT_3D('',#7449,#5882,#5883);
#5255=AXIS2_PLACEMENT_3D('',#7453,#5885,#5886);
#5256=AXIS2_PLACEMENT_3D('',#7457,#5888,#5889);
#5257=AXIS2_PLACEMENT_3D('',#7461,#5891,#5892);
#5258=AXIS2_PLACEMENT_3D('',#7465,#5894,#5895);
#5259=AXIS2_PLACEMENT_3D('',#7469,#5897,#5898);
#5260=AXIS2_PLACEMENT_3D('',#7471,#5899,#5900);
#5261=AXIS2_PLACEMENT_3D('',#7475,#5902,#5903);
#5262=AXIS2_PLACEMENT_3D('',#7477,#5904,#5905);
#5263=AXIS2_PLACEMENT_3D('',#7479,#5906,#5907);
#5264=AXIS2_PLACEMENT_3D('',#7483,#5909,#5910);
#5265=AXIS2_PLACEMENT_3D('',#7485,#5911,#5912);
#5266=AXIS2_PLACEMENT_3D('',#7487,#5913,#5914);
#5267=AXIS2_PLACEMENT_3D('',#7491,#5916,#5917);
#5268=AXIS2_PLACEMENT_3D('',#7493,#5918,#5919);
#5269=AXIS2_PLACEMENT_3D('',#7495,#5920,#5921);
#5270=AXIS2_PLACEMENT_3D('',#7499,#5923,#5924);
#5271=AXIS2_PLACEMENT_3D('',#7511,#5930,#5931);
#5272=AXIS2_PLACEMENT_3D('',#7515,#5933,#5934);
#5273=AXIS2_PLACEMENT_3D('',#7517,#5935,#5936);
#5274=AXIS2_PLACEMENT_3D('',#7519,#5937,#5938);
#5275=AXIS2_PLACEMENT_3D('',#7523,#5940,#5941);
#5276=AXIS2_PLACEMENT_3D('',#7525,#5942,#5943);
#5277=AXIS2_PLACEMENT_3D('',#7527,#5944,#5945);
#5278=AXIS2_PLACEMENT_3D('',#7531,#5947,#5948);
#5279=AXIS2_PLACEMENT_3D('',#7533,#5949,#5950);
#5280=AXIS2_PLACEMENT_3D('',#7535,#5951,#5952);
#5281=AXIS2_PLACEMENT_3D('',#7539,#5954,#5955);
#5282=AXIS2_PLACEMENT_3D('',#7541,#5956,#5957);
#5283=AXIS2_PLACEMENT_3D('',#7545,#5959,#5960);
#5284=AXIS2_PLACEMENT_3D('',#7549,#5962,#5963);
#5285=AXIS2_PLACEMENT_3D('',#7553,#5965,#5966);
#5286=AXIS2_PLACEMENT_3D('',#7557,#5968,#5969);
#5287=AXIS2_PLACEMENT_3D('',#7561,#5971,#5972);
#5288=AXIS2_PLACEMENT_3D('',#7565,#5974,#5975);
#5289=AXIS2_PLACEMENT_3D('',#7567,#5976,#5977);
#5290=AXIS2_PLACEMENT_3D('',#7571,#5979,#5980);
#5291=AXIS2_PLACEMENT_3D('',#7584,#5987,#5988);
#5292=AXIS2_PLACEMENT_3D('',#7588,#5990,#5991);
#5293=AXIS2_PLACEMENT_3D('',#7590,#5993,#5994);
#5294=AXIS2_PLACEMENT_3D('',#7594,#5996,#5997);
#5295=AXIS2_PLACEMENT_3D('',#7596,#5999,#6000);
#5296=AXIS2_PLACEMENT_3D('',#7598,#6002,#6003);
#5297=AXIS2_PLACEMENT_3D('',#7602,#6006,#6007);
#5298=AXIS2_PLACEMENT_3D('',#7606,#6010,#6011);
#5299=AXIS2_PLACEMENT_3D('',#7610,#6014,#6015);
#5300=AXIS2_PLACEMENT_3D('',#7614,#6018,#6019);
#5301=AXIS2_PLACEMENT_3D('',#7618,#6022,#6023);
#5302=AXIS2_PLACEMENT_3D('',#7620,#6024,#6025);
#5303=AXIS2_PLACEMENT_3D('',#7622,#6027,#6028);
#5304=AXIS2_PLACEMENT_3D('',#7626,#6031,#6032);
#5305=AXIS2_PLACEMENT_3D('',#7628,#6033,#6034);
#5306=AXIS2_PLACEMENT_3D('',#7630,#6036,#6037);
#5307=AXIS2_PLACEMENT_3D('',#7632,#6038,#6039);
#5308=AXIS2_PLACEMENT_3D('',#7634,#6041,#6042);
#5309=AXIS2_PLACEMENT_3D('',#7638,#6045,#6046);
#5310=AXIS2_PLACEMENT_3D('',#7640,#6047,#6048);
#5311=AXIS2_PLACEMENT_3D('',#7642,#6050,#6051);
#5312=AXIS2_PLACEMENT_3D('',#7646,#6054,#6055);
#5313=AXIS2_PLACEMENT_3D('',#7648,#6056,#6057);
#5314=AXIS2_PLACEMENT_3D('',#7650,#6059,#6060);
#5315=AXIS2_PLACEMENT_3D('',#7654,#6063,#6064);
#5316=AXIS2_PLACEMENT_3D('',#7656,#6065,#6066);
#5317=AXIS2_PLACEMENT_3D('',#7658,#6068,#6069);
#5318=AXIS2_PLACEMENT_3D('',#7662,#6072,#6073);
#5319=AXIS2_PLACEMENT_3D('',#7664,#6074,#6075);
#5320=AXIS2_PLACEMENT_3D('',#7666,#6077,#6078);
#5321=AXIS2_PLACEMENT_3D('',#7670,#6081,#6082);
#5322=AXIS2_PLACEMENT_3D('',#7672,#6083,#6084);
#5323=AXIS2_PLACEMENT_3D('',#7674,#6086,#6087);
#5324=AXIS2_PLACEMENT_3D('',#7678,#6090,#6091);
#5325=AXIS2_PLACEMENT_3D('',#7680,#6092,#6093);
#5326=AXIS2_PLACEMENT_3D('',#7682,#6095,#6096);
#5327=AXIS2_PLACEMENT_3D('',#7684,#6097,#6098);
#5328=AXIS2_PLACEMENT_3D('',#7686,#6100,#6101);
#5329=AXIS2_PLACEMENT_3D('',#7690,#6104,#6105);
#5330=AXIS2_PLACEMENT_3D('',#7692,#6106,#6107);
#5331=AXIS2_PLACEMENT_3D('',#7694,#6109,#6110);
#5332=AXIS2_PLACEMENT_3D('',#7696,#6111,#6112);
#5333=AXIS2_PLACEMENT_3D('',#7698,#6114,#6115);
#5334=AXIS2_PLACEMENT_3D('',#7700,#6116,#6117);
#5335=AXIS2_PLACEMENT_3D('',#7702,#6119,#6120);
#5336=AXIS2_PLACEMENT_3D('',#7706,#6123,#6124);
#5337=AXIS2_PLACEMENT_3D('',#7708,#6125,#6126);
#5338=AXIS2_PLACEMENT_3D('',#7710,#6128,#6129);
#5339=AXIS2_PLACEMENT_3D('',#7712,#6130,#6131);
#5340=AXIS2_PLACEMENT_3D('',#7714,#6133,#6134);
#5341=AXIS2_PLACEMENT_3D('',#7716,#6135,#6136);
#5342=AXIS2_PLACEMENT_3D('',#7718,#6138,#6139);
#5343=AXIS2_PLACEMENT_3D('',#7722,#6142,#6143);
#5344=AXIS2_PLACEMENT_3D('',#7724,#6144,#6145);
#5345=AXIS2_PLACEMENT_3D('',#7726,#6147,#6148);
#5346=AXIS2_PLACEMENT_3D('',#7728,#6149,#6150);
#5347=AXIS2_PLACEMENT_3D('',#7730,#6152,#6153);
#5348=AXIS2_PLACEMENT_3D('',#7732,#6154,#6155);
#5349=AXIS2_PLACEMENT_3D('',#7734,#6157,#6158);
#5350=AXIS2_PLACEMENT_3D('',#7738,#6161,#6162);
#5351=AXIS2_PLACEMENT_3D('',#7740,#6163,#6164);
#5352=AXIS2_PLACEMENT_3D('',#7742,#6166,#6167);
#5353=AXIS2_PLACEMENT_3D('',#7746,#6170,#6171);
#5354=AXIS2_PLACEMENT_3D('',#7750,#6174,#6175);
#5355=AXIS2_PLACEMENT_3D('',#7754,#6178,#6179);
#5356=AXIS2_PLACEMENT_3D('',#7758,#6182,#6183);
#5357=AXIS2_PLACEMENT_3D('',#7762,#6186,#6187);
#5358=AXIS2_PLACEMENT_3D('',#7764,#6188,#6189);
#5359=AXIS2_PLACEMENT_3D('',#7766,#6191,#6192);
#5360=AXIS2_PLACEMENT_3D('',#7770,#6195,#6196);
#5361=AXIS2_PLACEMENT_3D('',#7772,#6197,#6198);
#5362=AXIS2_PLACEMENT_3D('',#7774,#6200,#6201);
#5363=AXIS2_PLACEMENT_3D('',#7776,#6202,#6203);
#5364=AXIS2_PLACEMENT_3D('',#7778,#6205,#6206);
#5365=AXIS2_PLACEMENT_3D('',#7780,#6207,#6208);
#5366=AXIS2_PLACEMENT_3D('',#7782,#6210,#6211);
#5367=AXIS2_PLACEMENT_3D('',#7786,#6214,#6215);
#5368=AXIS2_PLACEMENT_3D('',#7788,#6216,#6217);
#5369=AXIS2_PLACEMENT_3D('',#7790,#6219,#6220);
#5370=AXIS2_PLACEMENT_3D('',#7792,#6221,#6222);
#5371=AXIS2_PLACEMENT_3D('',#7794,#6224,#6225);
#5372=AXIS2_PLACEMENT_3D('',#7796,#6226,#6227);
#5373=AXIS2_PLACEMENT_3D('',#7798,#6229,#6230);
#5374=AXIS2_PLACEMENT_3D('',#7802,#6233,#6234);
#5375=AXIS2_PLACEMENT_3D('',#7804,#6235,#6236);
#5376=AXIS2_PLACEMENT_3D('',#7806,#6238,#6239);
#5377=AXIS2_PLACEMENT_3D('',#7808,#6240,#6241);
#5378=AXIS2_PLACEMENT_3D('',#7810,#6243,#6244);
#5379=AXIS2_PLACEMENT_3D('',#7812,#6245,#6246);
#5380=AXIS2_PLACEMENT_3D('',#7814,#6248,#6249);
#5381=AXIS2_PLACEMENT_3D('',#7818,#6252,#6253);
#5382=AXIS2_PLACEMENT_3D('',#7820,#6254,#6255);
#5383=AXIS2_PLACEMENT_3D('',#7822,#6257,#6258);
#5384=AXIS2_PLACEMENT_3D('',#7824,#6259,#6260);
#5385=AXIS2_PLACEMENT_3D('',#7826,#6262,#6263);
#5386=AXIS2_PLACEMENT_3D('',#7830,#6266,#6267);
#5387=AXIS2_PLACEMENT_3D('',#7832,#6268,#6269);
#5388=AXIS2_PLACEMENT_3D('',#7834,#6271,#6272);
#5389=AXIS2_PLACEMENT_3D('',#7838,#6275,#6276);
#5390=AXIS2_PLACEMENT_3D('',#7840,#6277,#6278);
#5391=AXIS2_PLACEMENT_3D('',#7842,#6280,#6281);
#5392=AXIS2_PLACEMENT_3D('',#7846,#6284,#6285);
#5393=AXIS2_PLACEMENT_3D('',#7848,#6286,#6287);
#5394=AXIS2_PLACEMENT_3D('',#7850,#6289,#6290);
#5395=AXIS2_PLACEMENT_3D('',#7854,#6293,#6294);
#5396=AXIS2_PLACEMENT_3D('',#7856,#6295,#6296);
#5397=AXIS2_PLACEMENT_3D('',#7858,#6298,#6299);
#5398=AXIS2_PLACEMENT_3D('',#7862,#6302,#6303);
#5399=AXIS2_PLACEMENT_3D('',#7864,#6304,#6305);
#5400=AXIS2_PLACEMENT_3D('',#7866,#6307,#6308);
#5401=AXIS2_PLACEMENT_3D('',#7870,#6311,#6312);
#5402=AXIS2_PLACEMENT_3D('',#7872,#6313,#6314);
#5403=AXIS2_PLACEMENT_3D('',#7874,#6316,#6317);
#5404=AXIS2_PLACEMENT_3D('',#7876,#6318,#6319);
#5405=AXIS2_PLACEMENT_3D('',#7878,#6321,#6322);
#5406=AXIS2_PLACEMENT_3D('',#7882,#6325,#6326);
#5407=AXIS2_PLACEMENT_3D('',#7884,#6327,#6328);
#5408=AXIS2_PLACEMENT_3D('',#7886,#6330,#6331);
#5409=AXIS2_PLACEMENT_3D('',#7890,#6334,#6335);
#5410=AXIS2_PLACEMENT_3D('',#7894,#6338,#6339);
#5411=AXIS2_PLACEMENT_3D('',#7898,#6342,#6343);
#5412=AXIS2_PLACEMENT_3D('',#7902,#6346,#6347);
#5413=AXIS2_PLACEMENT_3D('',#7904,#6349,#6350);
#5414=AXIS2_PLACEMENT_3D('',#7908,#6353,#6354);
#5415=AXIS2_PLACEMENT_3D('',#7910,#6355,#6356);
#5416=AXIS2_PLACEMENT_3D('',#7912,#6358,#6359);
#5417=AXIS2_PLACEMENT_3D('',#7914,#6361,#6362);
#5418=AXIS2_PLACEMENT_3D('',#7915,#6363,#6364);
#5419=AXIS2_PLACEMENT_3D('',#7916,#6365,#6366);
#5420=AXIS2_PLACEMENT_3D('',#7921,#6368,#6369);
#5421=AXIS2_PLACEMENT_3D('',#7924,#6371,#6372);
#5422=AXIS2_PLACEMENT_3D('',#7925,#6373,#6374);
#5423=AXIS2_PLACEMENT_3D('',#7927,#6375,#6376);
#5424=AXIS2_PLACEMENT_3D('',#7929,#6377,#6378);
#5425=AXIS2_PLACEMENT_3D('',#7930,#6379,#6380);
#5426=AXIS2_PLACEMENT_3D('',#7931,#6381,#6382);
#5427=AXIS2_PLACEMENT_3D('',#7936,#6384,#6385);
#5428=AXIS2_PLACEMENT_3D('',#7939,#6387,#6388);
#5429=AXIS2_PLACEMENT_3D('',#7940,#6389,#6390);
#5430=AXIS2_PLACEMENT_3D('',#7942,#6391,#6392);
#5431=AXIS2_PLACEMENT_3D('',#7944,#6393,#6394);
#5432=AXIS2_PLACEMENT_3D('',#7945,#6395,#6396);
#5433=AXIS2_PLACEMENT_3D('',#7946,#6397,#6398);
#5434=AXIS2_PLACEMENT_3D('',#7948,#6399,#6400);
#5435=AXIS2_PLACEMENT_3D('',#7952,#6402,#6403);
#5436=AXIS2_PLACEMENT_3D('',#7956,#6405,#6406);
#5437=AXIS2_PLACEMENT_3D('',#7958,#6408,#6409);
#5438=AXIS2_PLACEMENT_3D('',#7960,#6410,#6411);
#5439=AXIS2_PLACEMENT_3D('',#7964,#6413,#6414);
#5440=AXIS2_PLACEMENT_3D('',#7968,#6416,#6417);
#5441=AXIS2_PLACEMENT_3D('',#7970,#6419,#6420);
#5442=AXIS2_PLACEMENT_3D('',#7972,#6421,#6422);
#5443=AXIS2_PLACEMENT_3D('',#7976,#6424,#6425);
#5444=AXIS2_PLACEMENT_3D('',#7984,#6429,#6430);
#5445=AXIS2_PLACEMENT_3D('',#7988,#6432,#6433);
#5446=AXIS2_PLACEMENT_3D('',#7996,#6437,#6438);
#5447=AXIS2_PLACEMENT_3D('',#8000,#6440,#6441);
#5448=AXIS2_PLACEMENT_3D('',#8008,#6445,#6446);
#5449=AXIS2_PLACEMENT_3D('',#8010,#6447,#6448);
#5450=AXIS2_PLACEMENT_3D('',#8014,#6450,#6451);
#5451=AXIS2_PLACEMENT_3D('',#8026,#6457,#6458);
#5452=AXIS2_PLACEMENT_3D('',#8030,#6460,#6461);
#5453=AXIS2_PLACEMENT_3D('',#8032,#6462,#6463);
#5454=AXIS2_PLACEMENT_3D('',#8040,#6467,#6468);
#5455=AXIS2_PLACEMENT_3D('',#8044,#6470,#6471);
#5456=AXIS2_PLACEMENT_3D('',#8052,#6475,#6476);
#5457=AXIS2_PLACEMENT_3D('',#8056,#6478,#6479);
#5458=AXIS2_PLACEMENT_3D('',#8064,#6483,#6484);
#5459=AXIS2_PLACEMENT_3D('',#8067,#6486,#6487);
#5460=AXIS2_PLACEMENT_3D('',#8071,#6489,#6490);
#5461=AXIS2_PLACEMENT_3D('',#8075,#6492,#6493);
#5462=AXIS2_PLACEMENT_3D('',#8079,#6495,#6496);
#5463=AXIS2_PLACEMENT_3D('',#8083,#6498,#6499);
#5464=AXIS2_PLACEMENT_3D('',#8085,#6501,#6502);
#5465=AXIS2_PLACEMENT_3D('',#8087,#6503,#6504);
#5466=AXIS2_PLACEMENT_3D('',#8089,#6505,#6506);
#5467=AXIS2_PLACEMENT_3D('',#8090,#6507,#6508);
#5468=AXIS2_PLACEMENT_3D('',#8091,#6509,#6510);
#5469=AXIS2_PLACEMENT_3D('',#8093,#6511,#6512);
#5470=AXIS2_PLACEMENT_3D('',#8095,#6514,#6515);
#5471=AXIS2_PLACEMENT_3D('',#8097,#6516,#6517);
#5472=AXIS2_PLACEMENT_3D('',#8099,#6518,#6519);
#5473=AXIS2_PLACEMENT_3D('',#8100,#6520,#6521);
#5474=AXIS2_PLACEMENT_3D('',#8101,#6522,#6523);
#5475=AXIS2_PLACEMENT_3D('',#8103,#6524,#6525);
#5476=AXIS2_PLACEMENT_3D('',#8105,#6527,#6528);
#5477=AXIS2_PLACEMENT_3D('',#8107,#6530,#6531);
#5478=AXIS2_PLACEMENT_3D('',#8109,#6532,#6533);
#5479=AXIS2_PLACEMENT_3D('',#8111,#6535,#6536);
#5480=AXIS2_PLACEMENT_3D('',#8113,#6538,#6539);
#5481=AXIS2_PLACEMENT_3D('',#8115,#6540,#6541);
#5482=AXIS2_PLACEMENT_3D('',#8117,#6543,#6544);
#5483=AXIS2_PLACEMENT_3D('',#8121,#6546,#6547);
#5484=AXIS2_PLACEMENT_3D('',#8123,#6549,#6550);
#5485=AXIS2_PLACEMENT_3D('',#8127,#6553,#6554);
#5486=AXIS2_PLACEMENT_3D('',#8129,#6555,#6556);
#5487=AXIS2_PLACEMENT_3D('',#8131,#6558,#6559);
#5488=AXIS2_PLACEMENT_3D('',#8133,#6561,#6562);
#5489=AXIS2_PLACEMENT_3D('',#8137,#6565,#6566);
#5490=AXIS2_PLACEMENT_3D('',#8139,#6567,#6568);
#5491=AXIS2_PLACEMENT_3D('',#8141,#6570,#6571);
#5492=AXIS2_PLACEMENT_3D('',#8145,#6574,#6575);
#5493=AXIS2_PLACEMENT_3D('',#8149,#6578,#6579);
#5494=AXIS2_PLACEMENT_3D('',#8153,#6582,#6583);
#5495=AXIS2_PLACEMENT_3D('',#8155,#6584,#6585);
#5496=AXIS2_PLACEMENT_3D('',#8157,#6587,#6588);
#5497=AXIS2_PLACEMENT_3D('',#8161,#6591,#6592);
#5498=AXIS2_PLACEMENT_3D('',#8163,#6593,#6594);
#5499=AXIS2_PLACEMENT_3D('',#8165,#6596,#6597);
#5500=AXIS2_PLACEMENT_3D('',#8169,#6600,#6601);
#5501=AXIS2_PLACEMENT_3D('',#8173,#6604,#6605);
#5502=AXIS2_PLACEMENT_3D('',#8177,#6608,#6609);
#5503=AXIS2_PLACEMENT_3D('',#8179,#6610,#6611);
#5504=AXIS2_PLACEMENT_3D('',#8181,#6613,#6614);
#5505=AXIS2_PLACEMENT_3D('',#8185,#6617,#6618);
#5506=AXIS2_PLACEMENT_3D('',#8187,#6619,#6620);
#5507=AXIS2_PLACEMENT_3D('',#8189,#6622,#6623);
#5508=AXIS2_PLACEMENT_3D('',#8193,#6626,#6627);
#5509=AXIS2_PLACEMENT_3D('',#8197,#6630,#6631);
#5510=AXIS2_PLACEMENT_3D('',#8201,#6634,#6635);
#5511=AXIS2_PLACEMENT_3D('',#8203,#6636,#6637);
#5512=AXIS2_PLACEMENT_3D('',#8205,#6639,#6640);
#5513=AXIS2_PLACEMENT_3D('',#8207,#6641,#6642);
#5514=AXIS2_PLACEMENT_3D('',#8209,#6644,#6645);
#5515=AXIS2_PLACEMENT_3D('',#8213,#6648,#6649);
#5516=AXIS2_PLACEMENT_3D('',#8215,#6650,#6651);
#5517=AXIS2_PLACEMENT_3D('',#8217,#6653,#6654);
#5518=AXIS2_PLACEMENT_3D('',#8221,#6657,#6658);
#5519=AXIS2_PLACEMENT_3D('',#8225,#6661,#6662);
#5520=AXIS2_PLACEMENT_3D('',#8229,#6665,#6666);
#5521=AXIS2_PLACEMENT_3D('',#8233,#6669,#6670);
#5522=AXIS2_PLACEMENT_3D('',#8237,#6673,#6674);
#5523=AXIS2_PLACEMENT_3D('',#8239,#6675,#6676);
#5524=AXIS2_PLACEMENT_3D('',#8241,#6678,#6679);
#5525=AXIS2_PLACEMENT_3D('',#8245,#6682,#6683);
#5526=AXIS2_PLACEMENT_3D('',#8247,#6684,#6685);
#5527=AXIS2_PLACEMENT_3D('',#8249,#6687,#6688);
#5528=AXIS2_PLACEMENT_3D('',#8251,#6689,#6690);
#5529=AXIS2_PLACEMENT_3D('',#8253,#6692,#6693);
#5530=AXIS2_PLACEMENT_3D('',#8257,#6696,#6697);
#5531=AXIS2_PLACEMENT_3D('',#8261,#6700,#6701);
#5532=AXIS2_PLACEMENT_3D('',#8265,#6704,#6705);
#5533=AXIS2_PLACEMENT_3D('',#8267,#6706,#6707);
#5534=AXIS2_PLACEMENT_3D('',#8269,#6709,#6710);
#5535=AXIS2_PLACEMENT_3D('',#8273,#6713,#6714);
#5536=AXIS2_PLACEMENT_3D('',#8275,#6715,#6716);
#5537=AXIS2_PLACEMENT_3D('',#8277,#6718,#6719);
#5538=AXIS2_PLACEMENT_3D('',#8281,#6722,#6723);
#5539=AXIS2_PLACEMENT_3D('',#8285,#6726,#6727);
#5540=AXIS2_PLACEMENT_3D('',#8289,#6730,#6731);
#5541=AXIS2_PLACEMENT_3D('',#8291,#6732,#6733);
#5542=AXIS2_PLACEMENT_3D('',#8293,#6735,#6736);
#5543=AXIS2_PLACEMENT_3D('',#8297,#6739,#6740);
#5544=AXIS2_PLACEMENT_3D('',#8299,#6741,#6742);
#5545=AXIS2_PLACEMENT_3D('',#8301,#6744,#6745);
#5546=AXIS2_PLACEMENT_3D('',#8305,#6748,#6749);
#5547=AXIS2_PLACEMENT_3D('',#8309,#6752,#6753);
#5548=AXIS2_PLACEMENT_3D('',#8313,#6756,#6757);
#5549=AXIS2_PLACEMENT_3D('',#8315,#6758,#6759);
#5550=AXIS2_PLACEMENT_3D('',#8317,#6761,#6762);
#5551=AXIS2_PLACEMENT_3D('',#8319,#6764,#6765);
#5552=AXIS2_PLACEMENT_3D('',#8323,#6768,#6769);
#5553=AXIS2_PLACEMENT_3D('',#8325,#6770,#6771);
#5554=AXIS2_PLACEMENT_3D('',#8327,#6773,#6774);
#5555=AXIS2_PLACEMENT_3D('',#8331,#6777,#6778);
#5556=AXIS2_PLACEMENT_3D('',#8333,#6779,#6780);
#5557=AXIS2_PLACEMENT_3D('',#8335,#6782,#6783);
#5558=AXIS2_PLACEMENT_3D('',#8337,#6785,#6786);
#5559=AXIS2_PLACEMENT_3D('',#8338,#6787,#6788);
#5560=AXIS2_PLACEMENT_3D('',#8339,#6789,#6790);
#5561=AXIS2_PLACEMENT_3D('',#8341,#6791,#6792);
#5562=AXIS2_PLACEMENT_3D('',#8344,#6794,#6795);
#5563=AXIS2_PLACEMENT_3D('',#8345,#6796,#6797);
#5564=AXIS2_PLACEMENT_3D('',#8347,#6798,#6799);
#5565=AXIS2_PLACEMENT_3D('',#8349,#6801,#6802);
#5566=AXIS2_PLACEMENT_3D('',#8351,#6803,#6804);
#5567=AXIS2_PLACEMENT_3D('',#8354,#6806,#6807);
#5568=AXIS2_PLACEMENT_3D('',#8355,#6808,#6809);
#5569=AXIS2_PLACEMENT_3D('',#8357,#6810,#6811);
#5570=AXIS2_PLACEMENT_3D('',#8359,#6813,#6814);
#5571=AXIS2_PLACEMENT_3D('',#8361,#6815,#6816);
#5572=AXIS2_PLACEMENT_3D('',#8364,#6818,#6819);
#5573=AXIS2_PLACEMENT_3D('',#8365,#6820,#6821);
#5574=AXIS2_PLACEMENT_3D('',#8367,#6822,#6823);
#5575=AXIS2_PLACEMENT_3D('',#8369,#6825,#6826);
#5576=AXIS2_PLACEMENT_3D('',#8371,#6827,#6828);
#5577=AXIS2_PLACEMENT_3D('',#8374,#6830,#6831);
#5578=AXIS2_PLACEMENT_3D('',#8375,#6832,#6833);
#5579=AXIS2_PLACEMENT_3D('',#8377,#6834,#6835);
#5580=AXIS2_PLACEMENT_3D('',#8379,#6837,#6838);
#5581=AXIS2_PLACEMENT_3D('',#8382,#6839,#6840);
#5582=AXIS2_PLACEMENT_3D('',#8386,#6842,#6843);
#5583=AXIS2_PLACEMENT_3D('',#8388,#6845,#6846);
#5584=AXIS2_PLACEMENT_3D('',#8394,#6850,#6851);
#5585=AXIS2_PLACEMENT_3D('',#8396,#6852,#6853);
#5586=AXIS2_PLACEMENT_3D('',#8398,#6854,#6855);
#5587=AXIS2_PLACEMENT_3D('',#8400,#6857,#6858);
#5588=AXIS2_PLACEMENT_3D('',#8406,#6862,#6863);
#5589=AXIS2_PLACEMENT_3D('',#8408,#6864,#6865);
#5590=AXIS2_PLACEMENT_3D('',#8410,#6866,#6867);
#5591=AXIS2_PLACEMENT_3D('',#8412,#6869,#6870);
#5592=AXIS2_PLACEMENT_3D('',#8418,#6874,#6875);
#5593=AXIS2_PLACEMENT_3D('',#8420,#6876,#6877);
#5594=AXIS2_PLACEMENT_3D('',#8422,#6878,#6879);
#5595=AXIS2_PLACEMENT_3D('',#8424,#6881,#6882);
#5596=AXIS2_PLACEMENT_3D('',#8430,#6886,#6887);
#5597=AXIS2_PLACEMENT_3D('',#8432,#6888,#6889);
#5598=AXIS2_PLACEMENT_3D('',#8434,#6890,#6891);
#5599=AXIS2_PLACEMENT_3D('',#8436,#6893,#6894);
#5600=AXIS2_PLACEMENT_3D('',#8438,#6895,#6896);
#5601=AXIS2_PLACEMENT_3D('',#8440,#6897,#6898);
#5602=AXIS2_PLACEMENT_3D('',#8442,#6900,#6901);
#5603=AXIS2_PLACEMENT_3D('',#8444,#6902,#6903);
#5604=AXIS2_PLACEMENT_3D('',#8446,#6904,#6905);
#5605=AXIS2_PLACEMENT_3D('',#8448,#6907,#6908);
#5606=AXIS2_PLACEMENT_3D('',#8454,#6912,#6913);
#5607=AXIS2_PLACEMENT_3D('',#8456,#6914,#6915);
#5608=AXIS2_PLACEMENT_3D('',#8458,#6916,#6917);
#5609=AXIS2_PLACEMENT_3D('',#8460,#6919,#6920);
#5610=AXIS2_PLACEMENT_3D('',#8462,#6921,#6922);
#5611=AXIS2_PLACEMENT_3D('',#8464,#6923,#6924);
#5612=AXIS2_PLACEMENT_3D('',#8466,#6926,#6927);
#5613=AXIS2_PLACEMENT_3D('',#8468,#6928,#6929);
#5614=AXIS2_PLACEMENT_3D('',#8470,#6930,#6931);
#5615=AXIS2_PLACEMENT_3D('',#8472,#6933,#6934);
#5616=AXIS2_PLACEMENT_3D('',#8478,#6938,#6939);
#5617=AXIS2_PLACEMENT_3D('',#8480,#6940,#6941);
#5618=AXIS2_PLACEMENT_3D('',#8482,#6942,#6943);
#5619=AXIS2_PLACEMENT_3D('',#8484,#6945,#6946);
#5620=AXIS2_PLACEMENT_3D('',#8486,#6947,#6948);
#5621=AXIS2_PLACEMENT_3D('',#8488,#6949,#6950);
#5622=AXIS2_PLACEMENT_3D('',#8490,#6952,#6953);
#5623=AXIS2_PLACEMENT_3D('',#8492,#6954,#6955);
#5624=AXIS2_PLACEMENT_3D('',#8494,#6956,#6957);
#5625=AXIS2_PLACEMENT_3D('',#8496,#6959,#6960);
#5626=AXIS2_PLACEMENT_3D('',#8502,#6964,#6965);
#5627=AXIS2_PLACEMENT_3D('',#8504,#6966,#6967);
#5628=AXIS2_PLACEMENT_3D('',#8506,#6968,#6969);
#5629=AXIS2_PLACEMENT_3D('',#8508,#6971,#6972);
#5630=AXIS2_PLACEMENT_3D('',#8510,#6973,#6974);
#5631=AXIS2_PLACEMENT_3D('',#8512,#6975,#6976);
#5632=AXIS2_PLACEMENT_3D('',#8514,#6978,#6979);
#5633=AXIS2_PLACEMENT_3D('',#8516,#6980,#6981);
#5634=AXIS2_PLACEMENT_3D('',#8518,#6982,#6983);
#5635=AXIS2_PLACEMENT_3D('',#8520,#6985,#6986);
#5636=AXIS2_PLACEMENT_3D('',#8526,#6990,#6991);
#5637=AXIS2_PLACEMENT_3D('',#8528,#6992,#6993);
#5638=AXIS2_PLACEMENT_3D('',#8530,#6994,#6995);
#5639=AXIS2_PLACEMENT_3D('',#8532,#6997,#6998);
#5640=AXIS2_PLACEMENT_3D('',#8538,#7002,#7003);
#5641=AXIS2_PLACEMENT_3D('',#8540,#7004,#7005);
#5642=AXIS2_PLACEMENT_3D('',#8542,#7006,#7007);
#5643=AXIS2_PLACEMENT_3D('',#8544,#7009,#7010);
#5644=AXIS2_PLACEMENT_3D('',#8550,#7014,#7015);
#5645=AXIS2_PLACEMENT_3D('',#8552,#7016,#7017);
#5646=AXIS2_PLACEMENT_3D('',#8554,#7018,#7019);
#5647=AXIS2_PLACEMENT_3D('',#8556,#7021,#7022);
#5648=AXIS2_PLACEMENT_3D('',#8562,#7026,#7027);
#5649=AXIS2_PLACEMENT_3D('',#8564,#7028,#7029);
#5650=AXIS2_PLACEMENT_3D('',#8566,#7030,#7031);
#5651=AXIS2_PLACEMENT_3D('',#8568,#7033,#7034);
#5652=AXIS2_PLACEMENT_3D('',#8574,#7038,#7039);
#5653=AXIS2_PLACEMENT_3D('',#8576,#7040,#7041);
#5654=AXIS2_PLACEMENT_3D('',#8578,#7042,#7043);
#5655=AXIS2_PLACEMENT_3D('',#8580,#7045,#7046);
#5656=AXIS2_PLACEMENT_3D('',#8586,#7050,#7051);
#5657=AXIS2_PLACEMENT_3D('',#8588,#7052,#7053);
#5658=AXIS2_PLACEMENT_3D('',#8590,#7054,#7055);
#5659=AXIS2_PLACEMENT_3D('',#8592,#7057,#7058);
#5660=AXIS2_PLACEMENT_3D('',#8598,#7062,#7063);
#5661=AXIS2_PLACEMENT_3D('',#8600,#7064,#7065);
#5662=AXIS2_PLACEMENT_3D('',#8602,#7066,#7067);
#5663=AXIS2_PLACEMENT_3D('',#8604,#7069,#7070);
#5664=AXIS2_PLACEMENT_3D('',#8606,#7071,#7072);
#5665=AXIS2_PLACEMENT_3D('',#8608,#7073,#7074);
#5666=AXIS2_PLACEMENT_3D('',#8610,#7076,#7077);
#5667=AXIS2_PLACEMENT_3D('',#8612,#7078,#7079);
#5668=AXIS2_PLACEMENT_3D('',#8614,#7080,#7081);
#5669=AXIS2_PLACEMENT_3D('',#8616,#7083,#7084);
#5670=AXIS2_PLACEMENT_3D('',#8622,#7088,#7089);
#5671=AXIS2_PLACEMENT_3D('',#8624,#7090,#7091);
#5672=AXIS2_PLACEMENT_3D('',#8626,#7092,#7093);
#5673=AXIS2_PLACEMENT_3D('',#8628,#7095,#7096);
#5674=AXIS2_PLACEMENT_3D('',#8630,#7097,#7098);
#5675=AXIS2_PLACEMENT_3D('',#8632,#7099,#7100);
#5676=AXIS2_PLACEMENT_3D('',#8634,#7102,#7103);
#5677=AXIS2_PLACEMENT_3D('',#8636,#7104,#7105);
#5678=AXIS2_PLACEMENT_3D('',#8638,#7106,#7107);
#5679=AXIS2_PLACEMENT_3D('',#8640,#7109,#7110);
#5680=AXIS2_PLACEMENT_3D('',#8646,#7114,#7115);
#5681=AXIS2_PLACEMENT_3D('',#8648,#7116,#7117);
#5682=AXIS2_PLACEMENT_3D('',#8650,#7118,#7119);
#5683=AXIS2_PLACEMENT_3D('',#8652,#7121,#7122);
#5684=AXIS2_PLACEMENT_3D('',#8654,#7123,#7124);
#5685=AXIS2_PLACEMENT_3D('',#8656,#7125,#7126);
#5686=AXIS2_PLACEMENT_3D('',#8658,#7128,#7129);
#5687=AXIS2_PLACEMENT_3D('',#8660,#7130,#7131);
#5688=AXIS2_PLACEMENT_3D('',#8662,#7132,#7133);
#5689=AXIS2_PLACEMENT_3D('',#8664,#7135,#7136);
#5690=AXIS2_PLACEMENT_3D('',#8670,#7140,#7141);
#5691=AXIS2_PLACEMENT_3D('',#8672,#7142,#7143);
#5692=AXIS2_PLACEMENT_3D('',#8674,#7144,#7145);
#5693=AXIS2_PLACEMENT_3D('',#8676,#7147,#7148);
#5694=AXIS2_PLACEMENT_3D('',#8678,#7149,#7150);
#5695=AXIS2_PLACEMENT_3D('',#8680,#7151,#7152);
#5696=AXIS2_PLACEMENT_3D('',#8682,#7154,#7155);
#5697=AXIS2_PLACEMENT_3D('',#8684,#7156,#7157);
#5698=AXIS2_PLACEMENT_3D('',#8686,#7158,#7159);
#5699=AXIS2_PLACEMENT_3D('',#8688,#7161,#7162);
#5700=AXIS2_PLACEMENT_3D('',#8694,#7166,#7167);
#5701=AXIS2_PLACEMENT_3D('',#8696,#7168,#7169);
#5702=AXIS2_PLACEMENT_3D('',#8698,#7170,#7171);
#5703=AXIS2_PLACEMENT_3D('',#8700,#7173,#7174);
#5704=AXIS2_PLACEMENT_3D('',#8706,#7178,#7179);
#5705=AXIS2_PLACEMENT_3D('',#8708,#7180,#7181);
#5706=AXIS2_PLACEMENT_3D('',#8710,#7182,#7183);
#5707=AXIS2_PLACEMENT_3D('',#8712,#7185,#7186);
#5708=AXIS2_PLACEMENT_3D('',#8715,#7189,#7190);
#5709=AXIS2_PLACEMENT_3D('',#8716,#7191,#7192);
#5710=AXIS2_PLACEMENT_3D('',#8717,#7193,#7194);
#5711=AXIS2_PLACEMENT_3D('',#8718,#7195,#7196);
#5712=AXIS2_PLACEMENT_3D('',#8721,#7197,#7198);
#5713=AXIS2_PLACEMENT_3D('',#8724,#7200,#7201);
#5714=AXIS2_PLACEMENT_3D('',#8725,#7202,#7203);
#5715=AXIS2_PLACEMENT_3D('',#8726,#7204,#7205);
#5716=AXIS2_PLACEMENT_3D('',#8729,#7207,#7208);
#5717=AXIS2_PLACEMENT_3D('',#8730,#7209,#7210);
#5718=AXIS2_PLACEMENT_3D('',#8731,#7211,#7212);
#5719=AXIS2_PLACEMENT_3D('',#8746,#7216,#7217);
#5720=AXIS2_PLACEMENT_3D('',#8754,#7220,#7221);
#5721=AXIS2_PLACEMENT_3D('',#8762,#7224,#7225);
#5722=AXIS2_PLACEMENT_3D('',#8770,#7228,#7229);
#5723=AXIS2_PLACEMENT_3D('',#8778,#7232,#7233);
#5724=AXIS2_PLACEMENT_3D('',#8783,#7235,#7236);
#5725=AXIS2_PLACEMENT_3D('',#8786,#7238,#7239);
#5726=AXIS2_PLACEMENT_3D('',#8788,#7240,#7241);
#5727=AXIS2_PLACEMENT_3D('',#8789,#7242,#7243);
#5728=AXIS2_PLACEMENT_3D('',#8791,#7244,#7245);
#5729=AXIS2_PLACEMENT_3D('',#8793,#7247,#7248);
#5730=AXIS2_PLACEMENT_3D('',#8795,#7250,#7251);
#5731=AXIS2_PLACEMENT_3D('',#8796,#7252,#7253);
#5732=AXIS2_PLACEMENT_3D('',#8813,#7262,#7263);
#5733=AXIS2_PLACEMENT_3D('',#8819,#7267,#7268);
#5734=AXIS2_PLACEMENT_3D('',#8823,#7271,#7272);
#5735=AXIS2_PLACEMENT_3D('',#8827,#7275,#7276);
#5736=AXIS2_PLACEMENT_3D('',#8829,#7278,#7279);
#5737=AXIS2_PLACEMENT_3D('',#8830,#7280,#7281);
#5738=AXIS2_PLACEMENT_3D('',#8836,#7285,#7286);
#5739=AXIS2_PLACEMENT_3D('',#8842,#7290,#7291);
#5740=AXIS2_PLACEMENT_3D('',#8843,#7292,#7293);
#5741=AXIS2_PLACEMENT_3D('',#8844,#7294,#7295);
#5742=AXIS2_PLACEMENT_3D('',#8845,#7296,#7297);
#5743=AXIS2_PLACEMENT_3D('',#8846,#7298,#7299);
#5744=AXIS2_PLACEMENT_3D('',#8847,#7300,#7301);
#5745=AXIS2_PLACEMENT_3D('',#8848,#7302,#7303);
#5746=AXIS2_PLACEMENT_3D('',#8849,#7304,#7305);
#5747=AXIS2_PLACEMENT_3D('',#8850,#7306,#7307);
#5748=AXIS2_PLACEMENT_3D('',#8851,#7308,#7309);
#5749=AXIS2_PLACEMENT_3D('',#8852,#7310,#7311);
#5750=AXIS2_PLACEMENT_3D('',#8853,#7312,#7313);
#5751=AXIS2_PLACEMENT_3D('',#8854,#7314,#7315);
#5752=AXIS2_PLACEMENT_3D('',#8855,#7316,#7317);
#5753=AXIS2_PLACEMENT_3D('',#8856,#7318,#7319);
#5754=AXIS2_PLACEMENT_3D('',#8857,#7320,#7321);
#5755=AXIS2_PLACEMENT_3D('',#8858,#7322,#7323);
#5756=AXIS2_PLACEMENT_3D('',#8859,#7324,#7325);
#5757=AXIS2_PLACEMENT_3D('',#8860,#7326,#7327);
#5758=AXIS2_PLACEMENT_3D('',#8861,#7328,#7329);
#5759=AXIS2_PLACEMENT_3D('',#8862,#7330,#7331);
#5760=AXIS2_PLACEMENT_3D('',#8863,#7332,#7333);
#5761=DIRECTION('axis',(0.,0.,1.));
#5762=DIRECTION('refdir',(1.,0.,0.));
#5763=DIRECTION('axis',(0.,0.,1.));
#5764=DIRECTION('refdir',(1.,0.,0.));
#5765=DIRECTION('axis',(0.,0.,1.));
#5766=DIRECTION('refdir',(1.,0.,0.));
#5767=DIRECTION('center_axis',(0.,-1.,0.));
#5768=DIRECTION('ref_axis',(1.,0.,0.));
#5769=DIRECTION('center_axis',(0.,1.,0.));
#5770=DIRECTION('ref_axis',(-1.,0.,2.178813E-13));
#5771=DIRECTION('center_axis',(0.,-1.,0.));
#5772=DIRECTION('ref_axis',(1.,0.,0.));
#5773=DIRECTION('center_axis',(0.,1.,0.));
#5774=DIRECTION('ref_axis',(-0.075268671323026,0.,-0.997163290097097));
#5775=DIRECTION('center_axis',(0.,-1.,0.));
#5776=DIRECTION('ref_axis',(-0.075268671322561,0.,-0.997163290097132));
#5777=DIRECTION('center_axis',(0.,-1.,0.));
#5778=DIRECTION('ref_axis',(-0.707106781168379,0.,0.707106781204716));
#5779=DIRECTION('',(0.,1.,0.));
#5780=DIRECTION('center_axis',(0.,1.,0.));
#5781=DIRECTION('ref_axis',(1.,0.,0.));
#5782=DIRECTION('',(0.,-1.,0.));
#5783=DIRECTION('center_axis',(0.,-1.,0.));
#5784=DIRECTION('ref_axis',(1.,0.,0.));
#5785=DIRECTION('center_axis',(0.,1.,0.));
#5786=DIRECTION('ref_axis',(0.,0.,1.));
#5787=DIRECTION('center_axis',(0.,-1.,0.));
#5788=DIRECTION('ref_axis',(1.,0.,0.));
#5789=DIRECTION('center_axis',(0.,1.,0.));
#5790=DIRECTION('ref_axis',(-0.997163290100981,0.,0.07526867127156));
#5791=DIRECTION('center_axis',(0.,-1.,0.));
#5792=DIRECTION('ref_axis',(-0.99716329010099,0.,0.075268671271441));
#5793=DIRECTION('center_axis',(0.,-1.,0.));
#5794=DIRECTION('ref_axis',(0.70710678116838,0.,0.707106781204715));
#5795=DIRECTION('',(0.,1.,0.));
#5796=DIRECTION('center_axis',(0.,1.,0.));
#5797=DIRECTION('ref_axis',(1.,0.,0.));
#5798=DIRECTION('',(0.,-1.,0.));
#5799=DIRECTION('center_axis',(0.,-1.,0.));
#5800=DIRECTION('ref_axis',(-1.,0.,2.178813E-13));
#5801=DIRECTION('',(0.,-1.,0.));
#5802=DIRECTION('center_axis',(0.,-1.,0.));
#5803=DIRECTION('ref_axis',(-1.,0.,2.178813E-13));
#5804=DIRECTION('',(0.,1.,0.));
#5805=DIRECTION('center_axis',(0.,-1.,0.));
#5806=DIRECTION('ref_axis',(-1.,0.,2.178813E-13));
#5807=DIRECTION('',(0.,-1.,0.));
#5808=DIRECTION('center_axis',(0.,-1.,0.));
#5809=DIRECTION('ref_axis',(-1.,0.,2.178813E-13));
#5810=DIRECTION('center_axis',(0.,-1.,0.));
#5811=DIRECTION('ref_axis',(-0.707106781168405,0.,0.70710678120469));
#5812=DIRECTION('',(0.,-1.,0.));
#5813=DIRECTION('center_axis',(0.,1.,0.));
#5814=DIRECTION('ref_axis',(-0.075268671322561,0.,-0.997163290097132));
#5815=DIRECTION('center_axis',(0.,-1.,0.));
#5816=DIRECTION('ref_axis',(-0.075268671323026,0.,-0.997163290097097));
#5817=DIRECTION('center_axis',(0.,-1.,0.));
#5818=DIRECTION('ref_axis',(-0.075268671323026,0.,-0.997163290097097));
#5819=DIRECTION('',(0.,-1.,0.));
#5820=DIRECTION('center_axis',(0.,-1.,0.));
#5821=DIRECTION('ref_axis',(-0.075268671323026,0.,-0.997163290097097));
#5822=DIRECTION('',(0.,-1.,0.));
#5823=DIRECTION('center_axis',(0.,-1.,0.));
#5824=DIRECTION('ref_axis',(-0.075268671323026,0.,-0.997163290097097));
#5825=DIRECTION('center_axis',(0.,-1.,0.));
#5826=DIRECTION('ref_axis',(0.,0.,1.));
#5827=DIRECTION('',(0.,-1.,0.));
#5828=DIRECTION('center_axis',(0.,-1.,0.));
#5829=DIRECTION('ref_axis',(0.,0.,1.));
#5830=DIRECTION('',(0.,1.,0.));
#5831=DIRECTION('center_axis',(0.,-1.,0.));
#5832=DIRECTION('ref_axis',(0.,0.,1.));
#5833=DIRECTION('',(0.,-1.,0.));
#5834=DIRECTION('center_axis',(0.,-1.,0.));
#5835=DIRECTION('ref_axis',(0.,0.,1.));
#5836=DIRECTION('center_axis',(0.,-1.,0.));
#5837=DIRECTION('ref_axis',(0.707106781168429,0.,0.707106781204666));
#5838=DIRECTION('',(0.,-1.,0.));
#5839=DIRECTION('center_axis',(0.,1.,0.));
#5840=DIRECTION('ref_axis',(-0.99716329010099,0.,0.075268671271441));
#5841=DIRECTION('center_axis',(0.,-1.,0.));
#5842=DIRECTION('ref_axis',(-0.997163290100981,0.,0.07526867127156));
#5843=DIRECTION('center_axis',(0.,-1.,0.));
#5844=DIRECTION('ref_axis',(-0.997163290100981,0.,0.07526867127156));
#5845=DIRECTION('',(0.,-1.,0.));
#5846=DIRECTION('center_axis',(0.,-1.,0.));
#5847=DIRECTION('ref_axis',(-0.997163290100981,0.,0.07526867127156));
#5848=DIRECTION('',(0.,-1.,0.));
#5849=DIRECTION('center_axis',(0.,-1.,0.));
#5850=DIRECTION('ref_axis',(-0.997163290100981,0.,0.07526867127156));
#5851=DIRECTION('center_axis',(0.,1.,0.));
#5852=DIRECTION('ref_axis',(-0.707106781168379,0.,0.707106781204716));
#5853=DIRECTION('center_axis',(0.,1.,0.));
#5854=DIRECTION('ref_axis',(1.,0.,0.));
#5855=DIRECTION('center_axis',(0.,-1.,0.));
#5856=DIRECTION('ref_axis',(1.,0.,0.));
#5857=DIRECTION('center_axis',(0.,1.,0.));
#5858=DIRECTION('ref_axis',(1.,0.,0.));
#5859=DIRECTION('center_axis',(0.,1.,0.));
#5860=DIRECTION('ref_axis',(0.70710678116838,0.,0.707106781204715));
#5861=DIRECTION('center_axis',(0.,1.,0.));
#5862=DIRECTION('ref_axis',(1.,0.,0.));
#5863=DIRECTION('center_axis',(0.,-1.,0.));
#5864=DIRECTION('ref_axis',(1.,0.,0.));
#5865=DIRECTION('center_axis',(0.,1.,0.));
#5866=DIRECTION('ref_axis',(1.,0.,0.));
#5867=DIRECTION('center_axis',(0.,1.,0.));
#5868=DIRECTION('ref_axis',(0.,0.,1.));
#5869=DIRECTION('',(1.,0.,-9.089762E-12));
#5870=DIRECTION('',(6.985739E-11,0.,1.));
#5871=DIRECTION('',(0.997564050259877,0.,0.069756473743373));
#5872=DIRECTION('',(8.052078E-12,0.,1.));
#5873=DIRECTION('',(-0.997564050259771,0.,0.069756473744889));
#5874=DIRECTION('center_axis',(0.,-1.,0.));
#5875=DIRECTION('ref_axis',(-0.06975647374462,0.,-0.99756405025979));
#5876=DIRECTION('',(4.098323E-12,0.,1.));
#5877=DIRECTION('center_axis',(0.,1.,0.));
#5878=DIRECTION('ref_axis',(-5.451029E-11,0.,-1.));
#5879=DIRECTION('center_axis',(0.,-1.,0.));
#5880=DIRECTION('ref_axis',(-3.211617E-11,0.,-1.));
#5881=DIRECTION('',(8.952977E-12,0.,1.));
#5882=DIRECTION('center_axis',(0.,-1.,0.));
#5883=DIRECTION('ref_axis',(-1.,0.,5.018208E-12));
#5884=DIRECTION('',(1.,0.,-8.834415E-12));
#5885=DIRECTION('center_axis',(0.,-1.,0.));
#5886=DIRECTION('ref_axis',(1.136868E-11,0.,1.));
#5887=DIRECTION('',(-9.153507E-12,0.,-1.));
#5888=DIRECTION('center_axis',(0.,1.,0.));
#5889=DIRECTION('ref_axis',(2.821817E-13,0.,1.));
#5890=DIRECTION('',(1.,0.,-8.932537E-12));
#5891=DIRECTION('center_axis',(0.,1.,0.));
#5892=DIRECTION('ref_axis',(-1.,0.,1.061003E-11));
#5893=DIRECTION('',(9.032775E-12,0.,1.));
#5894=DIRECTION('center_axis',(0.,-1.,0.));
#5895=DIRECTION('ref_axis',(-1.,0.,8.755959E-12));
#5896=DIRECTION('',(1.,0.,-6.240934E-12));
#5897=DIRECTION('center_axis',(0.,1.,0.));
#5898=DIRECTION('ref_axis',(0.800000000033755,0.,0.599999999954993));
#5899=DIRECTION('center_axis',(0.,-1.,0.));
#5900=DIRECTION('ref_axis',(0.80000000003547,0.,0.599999999952706));
#5901=DIRECTION('',(2.373213E-11,0.,-1.));
#5902=DIRECTION('center_axis',(0.,-1.,0.));
#5903=DIRECTION('ref_axis',(1.,0.,-3.397282E-12));
#5904=DIRECTION('center_axis',(0.,1.,0.));
#5905=DIRECTION('ref_axis',(0.800000000000707,0.,0.599999999999058));
#5906=DIRECTION('center_axis',(0.,-1.,0.));
#5907=DIRECTION('ref_axis',(0.799999999999156,0.,0.600000000001125));
#5908=DIRECTION('',(-1.485034E-12,0.,-1.));
#5909=DIRECTION('center_axis',(0.,-1.,0.));
#5910=DIRECTION('ref_axis',(1.,0.,-8.482104E-13));
#5911=DIRECTION('center_axis',(0.,1.,0.));
#5912=DIRECTION('ref_axis',(0.800000000000817,0.,0.599999999998911));
#5913=DIRECTION('center_axis',(0.,-1.,0.));
#5914=DIRECTION('ref_axis',(0.800000000000717,0.,0.599999999999044));
#5915=DIRECTION('',(-5.933032E-13,0.,-1.));
#5916=DIRECTION('center_axis',(0.,-1.,0.));
#5917=DIRECTION('ref_axis',(1.,0.,0.));
#5918=DIRECTION('center_axis',(0.,1.,0.));
#5919=DIRECTION('ref_axis',(0.800000000000746,0.,0.599999999999005));
#5920=DIRECTION('center_axis',(0.,-1.,0.));
#5921=DIRECTION('ref_axis',(0.799999999999982,0.,0.600000000000024));
#5922=DIRECTION('',(-7.777778E-11,0.,-1.));
#5923=DIRECTION('center_axis',(0.,-1.,0.));
#5924=DIRECTION('ref_axis',(1.,0.,3.751789E-12));
#5925=DIRECTION('',(-1.,0.,2.912633E-12));
#5926=DIRECTION('',(5.683898E-12,0.,1.));
#5927=DIRECTION('',(-1.,0.,0.));
#5928=DIRECTION('',(5.726974E-12,0.,-1.));
#5929=DIRECTION('',(-1.,0.,-2.861711E-12));
#5930=DIRECTION('center_axis',(0.,-1.,0.));
#5931=DIRECTION('ref_axis',(4.774847E-12,0.,-1.));
#5932=DIRECTION('',(-7.844392E-11,0.,1.));
#5933=DIRECTION('center_axis',(0.,-1.,0.));
#5934=DIRECTION('ref_axis',(-1.,0.,9.28424E-13));
#5935=DIRECTION('center_axis',(0.,1.,0.));
#5936=DIRECTION('ref_axis',(-0.799999999999549,0.,-0.600000000000601));
#5937=DIRECTION('center_axis',(0.,-1.,0.));
#5938=DIRECTION('ref_axis',(-0.800000000000042,0.,-0.599999999999944));
#5939=DIRECTION('',(-7.105427E-13,0.,1.));
#5940=DIRECTION('center_axis',(0.,-1.,0.));
#5941=DIRECTION('ref_axis',(-1.,0.,-1.005862E-12));
#5942=DIRECTION('center_axis',(0.,1.,0.));
#5943=DIRECTION('ref_axis',(-0.799999999999576,0.,-0.600000000000566));
#5944=DIRECTION('center_axis',(0.,-1.,0.));
#5945=DIRECTION('ref_axis',(-0.799999999999547,0.,-0.600000000000604));
#5946=DIRECTION('',(-1.733724E-12,0.,1.));
#5947=DIRECTION('center_axis',(0.,-1.,0.));
#5948=DIRECTION('ref_axis',(-1.,0.,1.469935E-12));
#5949=DIRECTION('center_axis',(0.,1.,0.));
#5950=DIRECTION('ref_axis',(-0.79999999999957,0.,-0.600000000000574));
#5951=DIRECTION('center_axis',(0.,-1.,0.));
#5952=DIRECTION('ref_axis',(-0.79999999999776,0.,-0.600000000002987));
#5953=DIRECTION('',(2.393108E-11,0.,1.));
#5954=DIRECTION('center_axis',(0.,-1.,0.));
#5955=DIRECTION('ref_axis',(-1.,0.,-3.375078E-12));
#5956=DIRECTION('center_axis',(0.,1.,0.));
#5957=DIRECTION('ref_axis',(-1.,0.,-7.761569E-12));
#5958=DIRECTION('',(1.,0.,6.163958E-12));
#5959=DIRECTION('center_axis',(0.,-1.,0.));
#5960=DIRECTION('ref_axis',(-8.526513E-12,0.,1.));
#5961=DIRECTION('',(8.960064E-12,0.,-1.));
#5962=DIRECTION('center_axis',(0.,1.,0.));
#5963=DIRECTION('ref_axis',(-1.09542E-11,0.,1.));
#5964=DIRECTION('',(1.,0.,9.03785E-12));
#5965=DIRECTION('center_axis',(0.,1.,0.));
#5966=DIRECTION('ref_axis',(-1.,0.,0.));
#5967=DIRECTION('',(-9.152754E-12,0.,1.));
#5968=DIRECTION('center_axis',(0.,-1.,0.));
#5969=DIRECTION('ref_axis',(-1.,0.,-1.100601E-11));
#5970=DIRECTION('',(1.,0.,8.848231E-12));
#5971=DIRECTION('center_axis',(0.,-1.,0.));
#5972=DIRECTION('ref_axis',(-5.62513E-12,0.,1.));
#5973=DIRECTION('',(8.959944E-12,0.,-1.));
#5974=DIRECTION('center_axis',(0.,-1.,0.));
#5975=DIRECTION('ref_axis',(1.,0.,9.541574E-12));
#5976=DIRECTION('center_axis',(0.,1.,0.));
#5977=DIRECTION('ref_axis',(1.,0.,3.097966E-11));
#5978=DIRECTION('',(4.176528E-12,0.,-1.));
#5979=DIRECTION('center_axis',(0.,-1.,0.));
#5980=DIRECTION('ref_axis',(1.,0.,9.488706E-12));
#5981=DIRECTION('',(-0.997564050259771,0.,-0.069756473744889));
#5982=DIRECTION('',(8.052818E-12,0.,-1.));
#5983=DIRECTION('',(0.997564050259877,0.,-0.069756473743374));
#5984=DIRECTION('',(7.024335E-11,0.,-1.));
#5985=DIRECTION('',(1.,0.,8.927157E-12));
#5986=DIRECTION('',(8.492268E-12,0.,-1.));
#5987=DIRECTION('center_axis',(0.,1.,0.));
#5988=DIRECTION('ref_axis',(5.161027E-10,0.,1.));
#5989=DIRECTION('',(1.,0.,-8.558583E-12));
#5990=DIRECTION('center_axis',(0.,1.,0.));
#5991=DIRECTION('ref_axis',(-1.,0.,-2.037299E-9));
#5992=DIRECTION('',(8.829252E-12,0.,1.));
#5993=DIRECTION('center_axis',(0.,-1.,0.));
#5994=DIRECTION('ref_axis',(-1.,0.,-2.037299E-9));
#5995=DIRECTION('',(0.,-1.,0.));
#5996=DIRECTION('center_axis',(0.,1.,0.));
#5997=DIRECTION('ref_axis',(-1.,0.,-2.037299E-9));
#5998=DIRECTION('',(0.,-1.,0.));
#5999=DIRECTION('center_axis',(1.,0.,-8.829417E-12));
#6000=DIRECTION('ref_axis',(8.829417E-12,0.,1.));
#6001=DIRECTION('',(8.829252E-12,0.,1.));
#6002=DIRECTION('center_axis',(-9.089893E-12,0.,-1.));
#6003=DIRECTION('ref_axis',(1.,0.,-9.089893E-12));
#6004=DIRECTION('',(1.,0.,-9.089762E-12));
#6005=DIRECTION('',(0.,-1.,0.));
#6006=DIRECTION('center_axis',(1.,0.,-6.985739E-11));
#6007=DIRECTION('ref_axis',(6.985739E-11,0.,1.));
#6008=DIRECTION('',(6.985739E-11,0.,1.));
#6009=DIRECTION('',(0.,-1.,0.));
#6010=DIRECTION('center_axis',(0.069756473743373,0.,-0.997564050259877));
#6011=DIRECTION('ref_axis',(0.997564050259877,0.,0.069756473743373));
#6012=DIRECTION('',(0.997564050259877,0.,0.069756473743373));
#6013=DIRECTION('',(0.,-1.,0.));
#6014=DIRECTION('center_axis',(1.,0.,-8.052201E-12));
#6015=DIRECTION('ref_axis',(8.052201E-12,0.,1.));
#6016=DIRECTION('',(8.052078E-12,0.,1.));
#6017=DIRECTION('',(0.,-1.,0.));
#6018=DIRECTION('center_axis',(0.069756473744888,0.,0.997564050259771));
#6019=DIRECTION('ref_axis',(-0.997564050259771,0.,0.069756473744888));
#6020=DIRECTION('',(-0.997564050259771,0.,0.069756473744889));
#6021=DIRECTION('',(0.,-1.,0.));
#6022=DIRECTION('center_axis',(0.,-1.,0.));
#6023=DIRECTION('ref_axis',(-0.06975647374462,0.,-0.99756405025979));
#6024=DIRECTION('center_axis',(0.,-1.,0.));
#6025=DIRECTION('ref_axis',(-0.06975647374462,0.,-0.99756405025979));
#6026=DIRECTION('',(0.,-1.,0.));
#6027=DIRECTION('center_axis',(1.,0.,-4.098339E-12));
#6028=DIRECTION('ref_axis',(4.098339E-12,0.,1.));
#6029=DIRECTION('',(4.098323E-12,0.,1.));
#6030=DIRECTION('',(0.,-1.,0.));
#6031=DIRECTION('center_axis',(0.,-1.,0.));
#6032=DIRECTION('ref_axis',(-5.451029E-11,0.,-1.));
#6033=DIRECTION('center_axis',(0.,1.,0.));
#6034=DIRECTION('ref_axis',(-5.451029E-11,0.,-1.));
#6035=DIRECTION('',(0.,-1.,0.));
#6036=DIRECTION('center_axis',(0.,-1.,0.));
#6037=DIRECTION('ref_axis',(-3.211617E-11,0.,-1.));
#6038=DIRECTION('center_axis',(0.,-1.,0.));
#6039=DIRECTION('ref_axis',(-3.211617E-11,0.,-1.));
#6040=DIRECTION('',(0.,-1.,0.));
#6041=DIRECTION('center_axis',(1.,0.,-8.952977E-12));
#6042=DIRECTION('ref_axis',(8.952977E-12,0.,1.));
#6043=DIRECTION('',(8.952977E-12,0.,1.));
#6044=DIRECTION('',(0.,-1.,0.));
#6045=DIRECTION('center_axis',(0.,-1.,0.));
#6046=DIRECTION('ref_axis',(-1.,0.,5.018208E-12));
#6047=DIRECTION('center_axis',(0.,-1.,0.));
#6048=DIRECTION('ref_axis',(-1.,0.,5.018208E-12));
#6049=DIRECTION('',(0.,-1.,0.));
#6050=DIRECTION('center_axis',(-8.834908E-12,0.,-1.));
#6051=DIRECTION('ref_axis',(1.,0.,-8.834908E-12));
#6052=DIRECTION('',(1.,0.,-8.834415E-12));
#6053=DIRECTION('',(0.,-1.,0.));
#6054=DIRECTION('center_axis',(0.,-1.,0.));
#6055=DIRECTION('ref_axis',(1.136868E-11,0.,1.));
#6056=DIRECTION('center_axis',(0.,-1.,0.));
#6057=DIRECTION('ref_axis',(1.136868E-11,0.,1.));
#6058=DIRECTION('',(0.,-1.,0.));
#6059=DIRECTION('center_axis',(-1.,0.,9.153507E-12));
#6060=DIRECTION('ref_axis',(-9.153507E-12,0.,-1.));
#6061=DIRECTION('',(-9.153507E-12,0.,-1.));
#6062=DIRECTION('',(0.,-1.,0.));
#6063=DIRECTION('center_axis',(0.,-1.,0.));
#6064=DIRECTION('ref_axis',(2.821817E-13,0.,1.));
#6065=DIRECTION('center_axis',(0.,1.,0.));
#6066=DIRECTION('ref_axis',(2.821817E-13,0.,1.));
#6067=DIRECTION('',(0.,-1.,0.));
#6068=DIRECTION('center_axis',(-8.932537E-12,0.,-1.));
#6069=DIRECTION('ref_axis',(1.,0.,-8.932537E-12));
#6070=DIRECTION('',(1.,0.,-8.932537E-12));
#6071=DIRECTION('',(0.,-1.,0.));
#6072=DIRECTION('center_axis',(0.,-1.,0.));
#6073=DIRECTION('ref_axis',(-1.,0.,1.061003E-11));
#6074=DIRECTION('center_axis',(0.,1.,0.));
#6075=DIRECTION('ref_axis',(-1.,0.,1.061003E-11));
#6076=DIRECTION('',(0.,-1.,0.));
#6077=DIRECTION('center_axis',(1.,0.,-9.032699E-12));
#6078=DIRECTION('ref_axis',(9.032699E-12,0.,1.));
#6079=DIRECTION('',(9.032775E-12,0.,1.));
#6080=DIRECTION('',(0.,-1.,0.));
#6081=DIRECTION('center_axis',(0.,-1.,0.));
#6082=DIRECTION('ref_axis',(-1.,0.,8.755959E-12));
#6083=DIRECTION('center_axis',(0.,-1.,0.));
#6084=DIRECTION('ref_axis',(-1.,0.,8.755959E-12));
#6085=DIRECTION('',(0.,-1.,0.));
#6086=DIRECTION('center_axis',(-6.241921E-12,0.,-1.));
#6087=DIRECTION('ref_axis',(1.,0.,-6.241921E-12));
#6088=DIRECTION('',(1.,0.,-6.240934E-12));
#6089=DIRECTION('',(0.,-1.,0.));
#6090=DIRECTION('center_axis',(0.,-1.,0.));
#6091=DIRECTION('ref_axis',(0.800000000033755,0.,0.599999999954993));
#6092=DIRECTION('center_axis',(0.,1.,0.));
#6093=DIRECTION('ref_axis',(0.800000000033755,0.,0.599999999954993));
#6094=DIRECTION('',(0.,-1.,0.));
#6095=DIRECTION('center_axis',(0.,-1.,0.));
#6096=DIRECTION('ref_axis',(0.80000000003547,0.,0.599999999952706));
#6097=DIRECTION('center_axis',(0.,-1.,0.));
#6098=DIRECTION('ref_axis',(0.80000000003547,0.,0.599999999952706));
#6099=DIRECTION('',(0.,-1.,0.));
#6100=DIRECTION('center_axis',(-1.,0.,-2.373213E-11));
#6101=DIRECTION('ref_axis',(2.373213E-11,0.,-1.));
#6102=DIRECTION('',(2.373213E-11,0.,-1.));
#6103=DIRECTION('',(0.,-1.,0.));
#6104=DIRECTION('center_axis',(0.,-1.,0.));
#6105=DIRECTION('ref_axis',(1.,0.,-3.397282E-12));
#6106=DIRECTION('center_axis',(0.,-1.,0.));
#6107=DIRECTION('ref_axis',(1.,0.,-3.397282E-12));
#6108=DIRECTION('',(0.,-1.,0.));
#6109=DIRECTION('center_axis',(0.,-1.,0.));
#6110=DIRECTION('ref_axis',(0.800000000000707,0.,0.599999999999058));
#6111=DIRECTION('center_axis',(0.,1.,0.));
#6112=DIRECTION('ref_axis',(0.800000000000707,0.,0.599999999999058));
#6113=DIRECTION('',(0.,-1.,0.));
#6114=DIRECTION('center_axis',(0.,-1.,0.));
#6115=DIRECTION('ref_axis',(0.799999999999156,0.,0.600000000001125));
#6116=DIRECTION('center_axis',(0.,-1.,0.));
#6117=DIRECTION('ref_axis',(0.799999999999156,0.,0.600000000001125));
#6118=DIRECTION('',(0.,-1.,0.));
#6119=DIRECTION('center_axis',(-1.,0.,1.485478E-12));
#6120=DIRECTION('ref_axis',(-1.485478E-12,0.,-1.));
#6121=DIRECTION('',(-1.485034E-12,0.,-1.));
#6122=DIRECTION('',(0.,-1.,0.));
#6123=DIRECTION('center_axis',(0.,-1.,0.));
#6124=DIRECTION('ref_axis',(1.,0.,-8.482104E-13));
#6125=DIRECTION('center_axis',(0.,-1.,0.));
#6126=DIRECTION('ref_axis',(1.,0.,-8.482104E-13));
#6127=DIRECTION('',(0.,-1.,0.));
#6128=DIRECTION('center_axis',(0.,-1.,0.));
#6129=DIRECTION('ref_axis',(0.800000000000817,0.,0.599999999998911));
#6130=DIRECTION('center_axis',(0.,1.,0.));
#6131=DIRECTION('ref_axis',(0.800000000000817,0.,0.599999999998911));
#6132=DIRECTION('',(0.,-1.,0.));
#6133=DIRECTION('center_axis',(0.,-1.,0.));
#6134=DIRECTION('ref_axis',(0.800000000000717,0.,0.599999999999044));
#6135=DIRECTION('center_axis',(0.,-1.,0.));
#6136=DIRECTION('ref_axis',(0.800000000000717,0.,0.599999999999044));
#6137=DIRECTION('',(0.,-1.,0.));
#6138=DIRECTION('center_axis',(-1.,0.,5.928591E-13));
#6139=DIRECTION('ref_axis',(-5.928591E-13,0.,-1.));
#6140=DIRECTION('',(-5.933032E-13,0.,-1.));
#6141=DIRECTION('',(0.,-1.,0.));
#6142=DIRECTION('center_axis',(0.,-1.,0.));
#6143=DIRECTION('ref_axis',(1.,0.,0.));
#6144=DIRECTION('center_axis',(0.,-1.,0.));
#6145=DIRECTION('ref_axis',(1.,0.,0.));
#6146=DIRECTION('',(0.,-1.,0.));
#6147=DIRECTION('center_axis',(0.,-1.,0.));
#6148=DIRECTION('ref_axis',(0.800000000000746,0.,0.599999999999005));
#6149=DIRECTION('center_axis',(0.,1.,0.));
#6150=DIRECTION('ref_axis',(0.800000000000746,0.,0.599999999999005));
#6151=DIRECTION('',(0.,-1.,0.));
#6152=DIRECTION('center_axis',(0.,-1.,0.));
#6153=DIRECTION('ref_axis',(0.799999999999982,0.,0.600000000000024));
#6154=DIRECTION('center_axis',(0.,-1.,0.));
#6155=DIRECTION('ref_axis',(0.799999999999982,0.,0.600000000000024));
#6156=DIRECTION('',(0.,-1.,0.));
#6157=DIRECTION('center_axis',(-1.,0.,7.777778E-11));
#6158=DIRECTION('ref_axis',(-7.777778E-11,0.,-1.));
#6159=DIRECTION('',(-7.777778E-11,0.,-1.));
#6160=DIRECTION('',(0.,-1.,0.));
#6161=DIRECTION('center_axis',(0.,-1.,0.));
#6162=DIRECTION('ref_axis',(1.,0.,3.751789E-12));
#6163=DIRECTION('center_axis',(0.,-1.,0.));
#6164=DIRECTION('ref_axis',(1.,0.,3.751789E-12));
#6165=DIRECTION('',(0.,-1.,0.));
#6166=DIRECTION('center_axis',(2.912485E-12,0.,1.));
#6167=DIRECTION('ref_axis',(-1.,0.,2.912485E-12));
#6168=DIRECTION('',(-1.,0.,2.912633E-12));
#6169=DIRECTION('',(0.,-1.,0.));
#6170=DIRECTION('center_axis',(1.,0.,-5.683787E-12));
#6171=DIRECTION('ref_axis',(5.683787E-12,0.,1.));
#6172=DIRECTION('',(5.683898E-12,0.,1.));
#6173=DIRECTION('',(0.,-1.,0.));
#6174=DIRECTION('center_axis',(0.,0.,1.));
#6175=DIRECTION('ref_axis',(-1.,0.,0.));
#6176=DIRECTION('',(-1.,0.,0.));
#6177=DIRECTION('',(0.,-1.,0.));
#6178=DIRECTION('center_axis',(-1.,0.,-5.719869E-12));
#6179=DIRECTION('ref_axis',(5.719869E-12,0.,-1.));
#6180=DIRECTION('',(5.726974E-12,0.,-1.));
#6181=DIRECTION('',(0.,-1.,0.));
#6182=DIRECTION('center_axis',(-2.8616E-12,0.,1.));
#6183=DIRECTION('ref_axis',(-1.,0.,-2.8616E-12));
#6184=DIRECTION('',(-1.,0.,-2.861711E-12));
#6185=DIRECTION('',(0.,-1.,0.));
#6186=DIRECTION('center_axis',(0.,-1.,0.));
#6187=DIRECTION('ref_axis',(4.774847E-12,0.,-1.));
#6188=DIRECTION('center_axis',(0.,-1.,0.));
#6189=DIRECTION('ref_axis',(4.774847E-12,0.,-1.));
#6190=DIRECTION('',(0.,-1.,0.));
#6191=DIRECTION('center_axis',(1.,0.,7.844392E-11));
#6192=DIRECTION('ref_axis',(-7.844392E-11,0.,1.));
#6193=DIRECTION('',(-7.844392E-11,0.,1.));
#6194=DIRECTION('',(0.,-1.,0.));
#6195=DIRECTION('center_axis',(0.,-1.,0.));
#6196=DIRECTION('ref_axis',(-1.,0.,9.28424E-13));
#6197=DIRECTION('center_axis',(0.,-1.,0.));
#6198=DIRECTION('ref_axis',(-1.,0.,9.28424E-13));
#6199=DIRECTION('',(0.,-1.,0.));
#6200=DIRECTION('center_axis',(0.,-1.,0.));
#6201=DIRECTION('ref_axis',(-0.799999999999549,0.,-0.600000000000601));
#6202=DIRECTION('center_axis',(0.,1.,0.));
#6203=DIRECTION('ref_axis',(-0.799999999999549,0.,-0.600000000000601));
#6204=DIRECTION('',(0.,-1.,0.));
#6205=DIRECTION('center_axis',(0.,-1.,0.));
#6206=DIRECTION('ref_axis',(-0.800000000000042,0.,-0.599999999999944));
#6207=DIRECTION('center_axis',(0.,-1.,0.));
#6208=DIRECTION('ref_axis',(-0.800000000000042,0.,-0.599999999999944));
#6209=DIRECTION('',(0.,-1.,0.));
#6210=DIRECTION('center_axis',(1.,0.,7.105427E-13));
#6211=DIRECTION('ref_axis',(-7.105427E-13,0.,1.));
#6212=DIRECTION('',(-7.105427E-13,0.,1.));
#6213=DIRECTION('',(0.,-1.,0.));
#6214=DIRECTION('center_axis',(0.,-1.,0.));
#6215=DIRECTION('ref_axis',(-1.,0.,-1.005862E-12));
#6216=DIRECTION('center_axis',(0.,-1.,0.));
#6217=DIRECTION('ref_axis',(-1.,0.,-1.005862E-12));
#6218=DIRECTION('',(0.,-1.,0.));
#6219=DIRECTION('center_axis',(0.,-1.,0.));
#6220=DIRECTION('ref_axis',(-0.799999999999576,0.,-0.600000000000566));
#6221=DIRECTION('center_axis',(0.,1.,0.));
#6222=DIRECTION('ref_axis',(-0.799999999999576,0.,-0.600000000000566));
#6223=DIRECTION('',(0.,-1.,0.));
#6224=DIRECTION('center_axis',(0.,-1.,0.));
#6225=DIRECTION('ref_axis',(-0.799999999999547,0.,-0.600000000000604));
#6226=DIRECTION('center_axis',(0.,-1.,0.));
#6227=DIRECTION('ref_axis',(-0.799999999999547,0.,-0.600000000000604));
#6228=DIRECTION('',(0.,-1.,0.));
#6229=DIRECTION('center_axis',(1.,0.,1.74083E-12));
#6230=DIRECTION('ref_axis',(-1.74083E-12,0.,1.));
#6231=DIRECTION('',(-1.733724E-12,0.,1.));
#6232=DIRECTION('',(0.,-1.,0.));
#6233=DIRECTION('center_axis',(0.,-1.,0.));
#6234=DIRECTION('ref_axis',(-1.,0.,1.469935E-12));
#6235=DIRECTION('center_axis',(0.,-1.,0.));
#6236=DIRECTION('ref_axis',(-1.,0.,1.469935E-12));
#6237=DIRECTION('',(0.,-1.,0.));
#6238=DIRECTION('center_axis',(0.,-1.,0.));
#6239=DIRECTION('ref_axis',(-0.79999999999957,0.,-0.600000000000574));
#6240=DIRECTION('center_axis',(0.,1.,0.));
#6241=DIRECTION('ref_axis',(-0.79999999999957,0.,-0.600000000000574));
#6242=DIRECTION('',(0.,-1.,0.));
#6243=DIRECTION('center_axis',(0.,-1.,0.));
#6244=DIRECTION('ref_axis',(-0.79999999999776,0.,-0.600000000002987));
#6245=DIRECTION('center_axis',(0.,-1.,0.));
#6246=DIRECTION('ref_axis',(-0.79999999999776,0.,-0.600000000002987));
#6247=DIRECTION('',(0.,-1.,0.));
#6248=DIRECTION('center_axis',(1.,0.,-2.394529E-11));
#6249=DIRECTION('ref_axis',(2.394529E-11,0.,1.));
#6250=DIRECTION('',(2.393108E-11,0.,1.));
#6251=DIRECTION('',(0.,-1.,0.));
#6252=DIRECTION('center_axis',(0.,-1.,0.));
#6253=DIRECTION('ref_axis',(-1.,0.,-3.375078E-12));
#6254=DIRECTION('center_axis',(0.,-1.,0.));
#6255=DIRECTION('ref_axis',(-1.,0.,-3.375078E-12));
#6256=DIRECTION('',(0.,-1.,0.));
#6257=DIRECTION('center_axis',(0.,-1.,0.));
#6258=DIRECTION('ref_axis',(-1.,0.,-7.761569E-12));
#6259=DIRECTION('center_axis',(0.,1.,0.));
#6260=DIRECTION('ref_axis',(-1.,0.,-7.761569E-12));
#6261=DIRECTION('',(0.,-1.,0.));
#6262=DIRECTION('center_axis',(6.162971E-12,0.,-1.));
#6263=DIRECTION('ref_axis',(1.,0.,6.162971E-12));
#6264=DIRECTION('',(1.,0.,6.163958E-12));
#6265=DIRECTION('',(0.,-1.,0.));
#6266=DIRECTION('center_axis',(0.,-1.,0.));
#6267=DIRECTION('ref_axis',(-8.526513E-12,0.,1.));
#6268=DIRECTION('center_axis',(0.,-1.,0.));
#6269=DIRECTION('ref_axis',(-8.526513E-12,0.,1.));
#6270=DIRECTION('',(0.,-1.,0.));
#6271=DIRECTION('center_axis',(-1.,0.,-8.960064E-12));
#6272=DIRECTION('ref_axis',(8.960064E-12,0.,-1.));
#6273=DIRECTION('',(8.960064E-12,0.,-1.));
#6274=DIRECTION('',(0.,-1.,0.));
#6275=DIRECTION('center_axis',(0.,-1.,0.));
#6276=DIRECTION('ref_axis',(-1.09542E-11,0.,1.));
#6277=DIRECTION('center_axis',(0.,1.,0.));
#6278=DIRECTION('ref_axis',(-1.09542E-11,0.,1.));
#6279=DIRECTION('',(0.,-1.,0.));
#6280=DIRECTION('center_axis',(9.037215E-12,0.,-1.));
#6281=DIRECTION('ref_axis',(1.,0.,9.037215E-12));
#6282=DIRECTION('',(1.,0.,9.03785E-12));
#6283=DIRECTION('',(0.,-1.,0.));
#6284=DIRECTION('center_axis',(0.,-1.,0.));
#6285=DIRECTION('ref_axis',(-1.,0.,0.));
#6286=DIRECTION('center_axis',(0.,1.,0.));
#6287=DIRECTION('ref_axis',(-1.,0.,0.));
#6288=DIRECTION('',(0.,-1.,0.));
#6289=DIRECTION('center_axis',(1.,0.,9.152754E-12));
#6290=DIRECTION('ref_axis',(-9.152754E-12,0.,1.));
#6291=DIRECTION('',(-9.152754E-12,0.,1.));
#6292=DIRECTION('',(0.,-1.,0.));
#6293=DIRECTION('center_axis',(0.,-1.,0.));
#6294=DIRECTION('ref_axis',(-1.,0.,-1.100601E-11));
#6295=DIRECTION('center_axis',(0.,-1.,0.));
#6296=DIRECTION('ref_axis',(-1.,0.,-1.100601E-11));
#6297=DIRECTION('',(0.,-1.,0.));
#6298=DIRECTION('center_axis',(8.847244E-12,0.,-1.));
#6299=DIRECTION('ref_axis',(1.,0.,8.847244E-12));
#6300=DIRECTION('',(1.,0.,8.848231E-12));
#6301=DIRECTION('',(0.,-1.,0.));
#6302=DIRECTION('center_axis',(0.,-1.,0.));
#6303=DIRECTION('ref_axis',(-5.62513E-12,0.,1.));
#6304=DIRECTION('center_axis',(0.,-1.,0.));
#6305=DIRECTION('ref_axis',(-5.62513E-12,0.,1.));
#6306=DIRECTION('',(0.,-1.,0.));
#6307=DIRECTION('center_axis',(-1.,0.,-8.96172E-12));
#6308=DIRECTION('ref_axis',(8.96172E-12,0.,-1.));
#6309=DIRECTION('',(8.959944E-12,0.,-1.));
#6310=DIRECTION('',(0.,-1.,0.));
#6311=DIRECTION('center_axis',(0.,-1.,0.));
#6312=DIRECTION('ref_axis',(1.,0.,9.541574E-12));
#6313=DIRECTION('center_axis',(0.,-1.,0.));
#6314=DIRECTION('ref_axis',(1.,0.,9.541574E-12));
#6315=DIRECTION('',(0.,-1.,0.));
#6316=DIRECTION('center_axis',(0.,-1.,0.));
#6317=DIRECTION('ref_axis',(1.,0.,3.097966E-11));
#6318=DIRECTION('center_axis',(0.,1.,0.));
#6319=DIRECTION('ref_axis',(1.,0.,3.097966E-11));
#6320=DIRECTION('',(0.,-1.,0.));
#6321=DIRECTION('center_axis',(-1.,0.,-4.174436E-12));
#6322=DIRECTION('ref_axis',(4.174436E-12,0.,-1.));
#6323=DIRECTION('',(4.176528E-12,0.,-1.));
#6324=DIRECTION('',(0.,-1.,0.));
#6325=DIRECTION('center_axis',(0.,-1.,0.));
#6326=DIRECTION('ref_axis',(1.,0.,9.488706E-12));
#6327=DIRECTION('center_axis',(0.,-1.,0.));
#6328=DIRECTION('ref_axis',(1.,0.,9.488706E-12));
#6329=DIRECTION('',(0.,-1.,0.));
#6330=DIRECTION('center_axis',(-0.069756473744889,0.,0.997564050259771));
#6331=DIRECTION('ref_axis',(-0.997564050259771,0.,-0.069756473744889));
#6332=DIRECTION('',(-0.997564050259771,0.,-0.069756473744889));
#6333=DIRECTION('',(0.,-1.,0.));
#6334=DIRECTION('center_axis',(-1.,0.,-8.052818E-12));
#6335=DIRECTION('ref_axis',(8.052818E-12,0.,-1.));
#6336=DIRECTION('',(8.052818E-12,0.,-1.));
#6337=DIRECTION('',(0.,-1.,0.));
#6338=DIRECTION('center_axis',(-0.069756473743374,0.,-0.997564050259877));
#6339=DIRECTION('ref_axis',(0.997564050259877,0.,-0.069756473743374));
#6340=DIRECTION('',(0.997564050259877,0.,-0.069756473743374));
#6341=DIRECTION('',(0.,-1.,0.));
#6342=DIRECTION('center_axis',(-1.,0.,-7.024335E-11));
#6343=DIRECTION('ref_axis',(7.024335E-11,0.,-1.));
#6344=DIRECTION('',(7.024335E-11,0.,-1.));
#6345=DIRECTION('',(0.,-1.,0.));
#6346=DIRECTION('center_axis',(8.927027E-12,0.,-1.));
#6347=DIRECTION('ref_axis',(1.,0.,8.927027E-12));
#6348=DIRECTION('',(1.,0.,8.927157E-12));
#6349=DIRECTION('center_axis',(-1.,0.,-8.487013E-12));
#6350=DIRECTION('ref_axis',(8.487013E-12,0.,-1.));
#6351=DIRECTION('',(8.492268E-12,0.,-1.));
#6352=DIRECTION('',(0.,-1.,0.));
#6353=DIRECTION('center_axis',(0.,-1.,0.));
#6354=DIRECTION('ref_axis',(5.161027E-10,0.,1.));
#6355=DIRECTION('center_axis',(0.,1.,0.));
#6356=DIRECTION('ref_axis',(5.161027E-10,0.,1.));
#6357=DIRECTION('',(0.,-1.,0.));
#6358=DIRECTION('center_axis',(-8.558583E-12,0.,-1.));
#6359=DIRECTION('ref_axis',(1.,0.,-8.558583E-12));
#6360=DIRECTION('',(1.,0.,-8.558583E-12));
#6361=DIRECTION('center_axis',(0.,1.,0.));
#6362=DIRECTION('ref_axis',(0.,0.,1.));
#6363=DIRECTION('axis',(0.,0.,1.));
#6364=DIRECTION('refdir',(1.,0.,0.));
#6365=DIRECTION('center_axis',(0.,1.,0.));
#6366=DIRECTION('ref_axis',(-0.707106781091314,0.,0.707106781281781));
#6367=DIRECTION('',(0.,1.,0.));
#6368=DIRECTION('center_axis',(0.,1.,0.));
#6369=DIRECTION('ref_axis',(1.,0.,0.));
#6370=DIRECTION('',(0.,-1.,0.));
#6371=DIRECTION('center_axis',(0.,-1.,0.));
#6372=DIRECTION('ref_axis',(1.,0.,0.));
#6373=DIRECTION('center_axis',(0.,1.,0.));
#6374=DIRECTION('ref_axis',(1.,0.,0.));
#6375=DIRECTION('center_axis',(0.,-1.,0.));
#6376=DIRECTION('ref_axis',(0.,0.,1.));
#6377=DIRECTION('center_axis',(0.,1.,0.));
#6378=DIRECTION('ref_axis',(-0.075268671297325,0.,-0.997163290099036));
#6379=DIRECTION('center_axis',(0.,-1.,0.));
#6380=DIRECTION('ref_axis',(-0.075268671297291,0.,-0.997163290099039));
#6381=DIRECTION('center_axis',(0.,1.,0.));
#6382=DIRECTION('ref_axis',(0.707106781229402,0.,0.707106781143693));
#6383=DIRECTION('',(0.,1.,0.));
#6384=DIRECTION('center_axis',(0.,1.,0.));
#6385=DIRECTION('ref_axis',(1.,0.,0.));
#6386=DIRECTION('',(0.,-1.,0.));
#6387=DIRECTION('center_axis',(0.,-1.,0.));
#6388=DIRECTION('ref_axis',(1.,0.,0.));
#6389=DIRECTION('center_axis',(0.,1.,0.));
#6390=DIRECTION('ref_axis',(1.,0.,0.));
#6391=DIRECTION('center_axis',(0.,-1.,0.));
#6392=DIRECTION('ref_axis',(1.,0.,0.));
#6393=DIRECTION('center_axis',(0.,1.,0.));
#6394=DIRECTION('ref_axis',(-0.997163290089917,0.,0.075268671418137));
#6395=DIRECTION('center_axis',(0.,-1.,0.));
#6396=DIRECTION('ref_axis',(-0.99716329008991,0.,0.075268671418229));
#6397=DIRECTION('center_axis',(0.,-1.,0.));
#6398=DIRECTION('ref_axis',(0.,0.,1.));
#6399=DIRECTION('center_axis',(0.,-1.,0.));
#6400=DIRECTION('ref_axis',(0.,0.,1.));
#6401=DIRECTION('',(0.,-1.,0.));
#6402=DIRECTION('center_axis',(0.,-1.,0.));
#6403=DIRECTION('ref_axis',(0.,0.,1.));
#6404=DIRECTION('',(0.,1.,0.));
#6405=DIRECTION('center_axis',(0.,1.,0.));
#6406=DIRECTION('ref_axis',(0.,0.,1.));
#6407=DIRECTION('',(0.,-1.,0.));
#6408=DIRECTION('center_axis',(0.,-1.,0.));
#6409=DIRECTION('ref_axis',(1.,0.,0.));
#6410=DIRECTION('center_axis',(0.,-1.,0.));
#6411=DIRECTION('ref_axis',(1.,0.,0.));
#6412=DIRECTION('',(0.,-1.,0.));
#6413=DIRECTION('center_axis',(0.,-1.,0.));
#6414=DIRECTION('ref_axis',(1.,0.,0.));
#6415=DIRECTION('',(0.,1.,0.));
#6416=DIRECTION('center_axis',(0.,1.,0.));
#6417=DIRECTION('ref_axis',(1.,0.,0.));
#6418=DIRECTION('',(0.,-1.,0.));
#6419=DIRECTION('center_axis',(0.,-1.,0.));
#6420=DIRECTION('ref_axis',(0.,0.,-1.));
#6421=DIRECTION('center_axis',(0.,-1.,0.));
#6422=DIRECTION('ref_axis',(-0.075268671297291,0.,-0.997163290099039));
#6423=DIRECTION('',(-7.151919E-13,0.,1.));
#6424=DIRECTION('center_axis',(0.,-1.,0.));
#6425=DIRECTION('ref_axis',(-1.,0.,-6.750156E-13));
#6426=DIRECTION('',(1.,0.,-2.065458E-12));
#6427=DIRECTION('',(0.,0.,1.));
#6428=DIRECTION('',(-1.,0.,-1.206582E-13));
#6429=DIRECTION('center_axis',(0.,-1.,0.));
#6430=DIRECTION('ref_axis',(2.368476E-13,0.,-1.));
#6431=DIRECTION('',(-5.921189E-13,0.,1.));
#6432=DIRECTION('center_axis',(0.,-1.,0.));
#6433=DIRECTION('ref_axis',(-1.,0.,-8.881784E-13));
#6434=DIRECTION('',(1.,0.,3.165618E-13));
#6435=DIRECTION('',(0.,0.,1.));
#6436=DIRECTION('',(0.146961117618814,0.,0.989142269801584));
#6437=DIRECTION('center_axis',(0.,-1.,0.));
#6438=DIRECTION('ref_axis',(-0.989142269801619,0.,0.146961117618575));
#6439=DIRECTION('',(1.,0.,3.308016E-13));
#6440=DIRECTION('center_axis',(0.,-1.,0.));
#6441=DIRECTION('ref_axis',(-2.368476E-13,0.,1.));
#6442=DIRECTION('',(0.14971892305253,0.,-0.988728599808861));
#6443=DIRECTION('',(3.079019E-12,0.,-1.));
#6444=DIRECTION('',(1.,0.,1.500271E-12));
#6445=DIRECTION('center_axis',(0.,1.,0.));
#6446=DIRECTION('ref_axis',(0.800000000017176,0.,0.599999999977099));
#6447=DIRECTION('center_axis',(0.,-1.,0.));
#6448=DIRECTION('ref_axis',(0.800000000017279,0.,0.599999999976961));
#6449=DIRECTION('',(1.515825E-12,0.,-1.));
#6450=DIRECTION('center_axis',(0.,-1.,0.));
#6451=DIRECTION('ref_axis',(1.,0.,0.));
#6452=DIRECTION('',(-1.,0.,-5.921189E-13));
#6453=DIRECTION('',(-9.237056E-13,0.,1.));
#6454=DIRECTION('',(-1.,0.,-5.029685E-13));
#6455=DIRECTION('',(-1.506351E-12,0.,-1.));
#6456=DIRECTION('',(-1.,0.,5.921189E-13));
#6457=DIRECTION('center_axis',(0.,-1.,0.));
#6458=DIRECTION('ref_axis',(-2.23821E-13,0.,-1.));
#6459=DIRECTION('',(1.513456E-12,0.,1.));
#6460=DIRECTION('center_axis',(0.,-1.,0.));
#6461=DIRECTION('ref_axis',(-1.,0.,4.618528E-13));
#6462=DIRECTION('center_axis',(0.,1.,0.));
#6463=DIRECTION('ref_axis',(-1.,0.,8.153478E-12));
#6464=DIRECTION('',(1.,0.,-1.500271E-12));
#6465=DIRECTION('',(2.984279E-12,0.,1.));
#6466=DIRECTION('',(0.149718923052522,0.,0.988728599808862));
#6467=DIRECTION('center_axis',(0.,-1.,0.));
#6468=DIRECTION('ref_axis',(-0.98872859980885,0.,0.149718923052605));
#6469=DIRECTION('',(1.,0.,-2.572902E-13));
#6470=DIRECTION('center_axis',(0.,-1.,0.));
#6471=DIRECTION('ref_axis',(3.552714E-13,0.,1.));
#6472=DIRECTION('',(0.146961117618798,0.,-0.989142269801586));
#6473=DIRECTION('',(0.,0.,-1.));
#6474=DIRECTION('',(1.,0.,-3.165618E-13));
#6475=DIRECTION('center_axis',(0.,-1.,0.));
#6476=DIRECTION('ref_axis',(1.184238E-13,0.,1.));
#6477=DIRECTION('',(-6.039613E-13,0.,-1.));
#6478=DIRECTION('center_axis',(0.,-1.,0.));
#6479=DIRECTION('ref_axis',(1.,0.,-1.065814E-12));
#6480=DIRECTION('',(-1.,0.,1.072517E-13));
#6481=DIRECTION('',(0.,0.,-1.));
#6482=DIRECTION('',(1.,0.,2.071913E-12));
#6483=DIRECTION('center_axis',(0.,-1.,0.));
#6484=DIRECTION('ref_axis',(-2.060574E-12,0.,1.));
#6485=DIRECTION('',(-7.102596E-13,0.,-1.));
#6486=DIRECTION('center_axis',(0.,-1.,0.));
#6487=DIRECTION('ref_axis',(-0.99716329008991,0.,0.075268671418229));
#6488=DIRECTION('',(1.,0.,1.643028E-13));
#6489=DIRECTION('center_axis',(0.,-1.,0.));
#6490=DIRECTION('ref_axis',(0.,0.,1.));
#6491=DIRECTION('',(0.,0.,-1.));
#6492=DIRECTION('center_axis',(0.,1.,0.));
#6493=DIRECTION('ref_axis',(4.973799E-13,0.,1.));
#6494=DIRECTION('',(1.,0.,0.));
#6495=DIRECTION('center_axis',(0.,1.,0.));
#6496=DIRECTION('ref_axis',(-1.,0.,-6.394885E-13));
#6497=DIRECTION('',(0.,0.,1.));
#6498=DIRECTION('center_axis',(0.,-1.,0.));
#6499=DIRECTION('ref_axis',(-1.,0.,-1.065814E-13));
#6500=DIRECTION('',(1.,0.,-1.314422E-13));
#6501=DIRECTION('center_axis',(0.,-1.,0.));
#6502=DIRECTION('ref_axis',(1.,0.,0.));
#6503=DIRECTION('center_axis',(0.,-1.,0.));
#6504=DIRECTION('ref_axis',(1.,0.,0.));
#6505=DIRECTION('center_axis',(0.,1.,0.));
#6506=DIRECTION('ref_axis',(-0.075268671297291,0.,-0.997163290099039));
#6507=DIRECTION('center_axis',(0.,-1.,0.));
#6508=DIRECTION('ref_axis',(-0.075268671297325,0.,-0.997163290099036));
#6509=DIRECTION('center_axis',(0.,-1.,0.));
#6510=DIRECTION('ref_axis',(-0.707106781229396,0.,0.707106781143699));
#6511=DIRECTION('center_axis',(0.,1.,0.));
#6512=DIRECTION('ref_axis',(1.,0.,0.));
#6513=DIRECTION('',(0.,-1.,0.));
#6514=DIRECTION('center_axis',(0.,-1.,0.));
#6515=DIRECTION('ref_axis',(1.,0.,0.));
#6516=DIRECTION('center_axis',(0.,-1.,0.));
#6517=DIRECTION('ref_axis',(1.,0.,0.));
#6518=DIRECTION('center_axis',(0.,1.,0.));
#6519=DIRECTION('ref_axis',(-0.99716329008991,0.,0.075268671418229));
#6520=DIRECTION('center_axis',(0.,-1.,0.));
#6521=DIRECTION('ref_axis',(-0.997163290089917,0.,0.075268671418137));
#6522=DIRECTION('center_axis',(0.,-1.,0.));
#6523=DIRECTION('ref_axis',(0.707106781091332,0.,0.707106781281763));
#6524=DIRECTION('center_axis',(0.,1.,0.));
#6525=DIRECTION('ref_axis',(1.,0.,0.));
#6526=DIRECTION('',(0.,-1.,0.));
#6527=DIRECTION('center_axis',(0.,-1.,0.));
#6528=DIRECTION('ref_axis',(-0.707106781229385,0.,0.70710678114371));
#6529=DIRECTION('',(0.,-1.,0.));
#6530=DIRECTION('center_axis',(0.,-1.,0.));
#6531=DIRECTION('ref_axis',(-0.075268671297291,0.,-0.997163290099039));
#6532=DIRECTION('center_axis',(0.,-1.,0.));
#6533=DIRECTION('ref_axis',(-0.075268671297291,0.,-0.997163290099039));
#6534=DIRECTION('',(0.,-1.,0.));
#6535=DIRECTION('center_axis',(0.,-1.,0.));
#6536=DIRECTION('ref_axis',(0.707106781229382,0.,0.707106781143713));
#6537=DIRECTION('',(0.,-1.,0.));
#6538=DIRECTION('center_axis',(0.,-1.,0.));
#6539=DIRECTION('ref_axis',(-0.99716329008991,0.,0.075268671418229));
#6540=DIRECTION('center_axis',(0.,-1.,0.));
#6541=DIRECTION('ref_axis',(-0.99716329008991,0.,0.075268671418229));
#6542=DIRECTION('',(0.,-1.,0.));
#6543=DIRECTION('center_axis',(0.,-1.,0.));
#6544=DIRECTION('ref_axis',(-1.,0.,-6.394885E-13));
#6545=DIRECTION('',(0.,-1.,0.));
#6546=DIRECTION('center_axis',(0.,1.,0.));
#6547=DIRECTION('ref_axis',(-1.,0.,-6.394885E-13));
#6548=DIRECTION('',(0.,-1.,0.));
#6549=DIRECTION('center_axis',(1.,0.,0.));
#6550=DIRECTION('ref_axis',(0.,0.,1.));
#6551=DIRECTION('',(0.,0.,1.));
#6552=DIRECTION('',(0.,-1.,0.));
#6553=DIRECTION('center_axis',(0.,-1.,0.));
#6554=DIRECTION('ref_axis',(-1.,0.,-1.065814E-13));
#6555=DIRECTION('center_axis',(0.,-1.,0.));
#6556=DIRECTION('ref_axis',(-1.,0.,-1.065814E-13));
#6557=DIRECTION('',(0.,-1.,0.));
#6558=DIRECTION('center_axis',(-1.314422E-13,0.,-1.));
#6559=DIRECTION('ref_axis',(1.,0.,-1.314422E-13));
#6560=DIRECTION('',(1.,0.,-1.314422E-13));
#6561=DIRECTION('center_axis',(1.,0.,7.151919E-13));
#6562=DIRECTION('ref_axis',(-7.151919E-13,0.,1.));
#6563=DIRECTION('',(-7.151919E-13,0.,1.));
#6564=DIRECTION('',(0.,-1.,0.));
#6565=DIRECTION('center_axis',(0.,-1.,0.));
#6566=DIRECTION('ref_axis',(-1.,0.,-6.750156E-13));
#6567=DIRECTION('center_axis',(0.,-1.,0.));
#6568=DIRECTION('ref_axis',(-1.,0.,-6.750156E-13));
#6569=DIRECTION('',(0.,-1.,0.));
#6570=DIRECTION('center_axis',(-2.065458E-12,0.,-1.));
#6571=DIRECTION('ref_axis',(1.,0.,-2.065458E-12));
#6572=DIRECTION('',(1.,0.,-2.065458E-12));
#6573=DIRECTION('',(0.,-1.,0.));
#6574=DIRECTION('center_axis',(1.,0.,0.));
#6575=DIRECTION('ref_axis',(0.,0.,1.));
#6576=DIRECTION('',(0.,0.,1.));
#6577=DIRECTION('',(0.,-1.,0.));
#6578=DIRECTION('center_axis',(-1.206582E-13,0.,1.));
#6579=DIRECTION('ref_axis',(-1.,0.,-1.206582E-13));
#6580=DIRECTION('',(-1.,0.,-1.206582E-13));
#6581=DIRECTION('',(0.,-1.,0.));
#6582=DIRECTION('center_axis',(0.,-1.,0.));
#6583=DIRECTION('ref_axis',(2.368476E-13,0.,-1.));
#6584=DIRECTION('center_axis',(0.,-1.,0.));
#6585=DIRECTION('ref_axis',(2.368476E-13,0.,-1.));
#6586=DIRECTION('',(0.,-1.,0.));
#6587=DIRECTION('center_axis',(1.,0.,5.921189E-13));
#6588=DIRECTION('ref_axis',(-5.921189E-13,0.,1.));
#6589=DIRECTION('',(-5.921189E-13,0.,1.));
#6590=DIRECTION('',(0.,-1.,0.));
#6591=DIRECTION('center_axis',(0.,-1.,0.));
#6592=DIRECTION('ref_axis',(-1.,0.,-8.881784E-13));
#6593=DIRECTION('center_axis',(0.,-1.,0.));
#6594=DIRECTION('ref_axis',(-1.,0.,-8.881784E-13));
#6595=DIRECTION('',(0.,-1.,0.));
#6596=DIRECTION('center_axis',(3.165618E-13,0.,-1.));
#6597=DIRECTION('ref_axis',(1.,0.,3.165618E-13));
#6598=DIRECTION('',(1.,0.,3.165618E-13));
#6599=DIRECTION('',(0.,-1.,0.));
#6600=DIRECTION('center_axis',(1.,0.,0.));
#6601=DIRECTION('ref_axis',(0.,0.,1.));
#6602=DIRECTION('',(0.,0.,1.));
#6603=DIRECTION('',(0.,-1.,0.));
#6604=DIRECTION('center_axis',(0.989142269801584,0.,-0.146961117618814));
#6605=DIRECTION('ref_axis',(0.146961117618814,0.,0.989142269801584));
#6606=DIRECTION('',(0.146961117618814,0.,0.989142269801584));
#6607=DIRECTION('',(0.,-1.,0.));
#6608=DIRECTION('center_axis',(0.,-1.,0.));
#6609=DIRECTION('ref_axis',(-0.989142269801619,0.,0.146961117618575));
#6610=DIRECTION('center_axis',(0.,-1.,0.));
#6611=DIRECTION('ref_axis',(-0.989142269801619,0.,0.146961117618575));
#6612=DIRECTION('',(0.,-1.,0.));
#6613=DIRECTION('center_axis',(3.308016E-13,0.,-1.));
#6614=DIRECTION('ref_axis',(1.,0.,3.308016E-13));
#6615=DIRECTION('',(1.,0.,3.308016E-13));
#6616=DIRECTION('',(0.,-1.,0.));
#6617=DIRECTION('center_axis',(0.,-1.,0.));
#6618=DIRECTION('ref_axis',(-2.368476E-13,0.,1.));
#6619=DIRECTION('center_axis',(0.,-1.,0.));
#6620=DIRECTION('ref_axis',(-2.368476E-13,0.,1.));
#6621=DIRECTION('',(0.,-1.,0.));
#6622=DIRECTION('center_axis',(-0.988728599808861,0.,-0.14971892305253));
#6623=DIRECTION('ref_axis',(0.14971892305253,0.,-0.988728599808861));
#6624=DIRECTION('',(0.14971892305253,0.,-0.988728599808861));
#6625=DIRECTION('',(0.,-1.,0.));
#6626=DIRECTION('center_axis',(-1.,0.,-3.079019E-12));
#6627=DIRECTION('ref_axis',(3.079019E-12,0.,-1.));
#6628=DIRECTION('',(3.079019E-12,0.,-1.));
#6629=DIRECTION('',(0.,-1.,0.));
#6630=DIRECTION('center_axis',(1.500271E-12,0.,-1.));
#6631=DIRECTION('ref_axis',(1.,0.,1.500271E-12));
#6632=DIRECTION('',(1.,0.,1.500271E-12));
#6633=DIRECTION('',(0.,-1.,0.));
#6634=DIRECTION('center_axis',(0.,-1.,0.));
#6635=DIRECTION('ref_axis',(0.800000000017176,0.,0.599999999977099));
#6636=DIRECTION('center_axis',(0.,1.,0.));
#6637=DIRECTION('ref_axis',(0.800000000017176,0.,0.599999999977099));
#6638=DIRECTION('',(0.,-1.,0.));
#6639=DIRECTION('center_axis',(0.,-1.,0.));
#6640=DIRECTION('ref_axis',(0.800000000017279,0.,0.599999999976961));
#6641=DIRECTION('center_axis',(0.,-1.,0.));
#6642=DIRECTION('ref_axis',(0.800000000017279,0.,0.599999999976961));
#6643=DIRECTION('',(0.,-1.,0.));
#6644=DIRECTION('center_axis',(-1.,0.,-1.515825E-12));
#6645=DIRECTION('ref_axis',(1.515825E-12,0.,-1.));
#6646=DIRECTION('',(1.515825E-12,0.,-1.));
#6647=DIRECTION('',(0.,-1.,0.));
#6648=DIRECTION('center_axis',(0.,-1.,0.));
#6649=DIRECTION('ref_axis',(1.,0.,0.));
#6650=DIRECTION('center_axis',(0.,-1.,0.));
#6651=DIRECTION('ref_axis',(1.,0.,0.));
#6652=DIRECTION('',(0.,-1.,0.));
#6653=DIRECTION('center_axis',(-5.921189E-13,0.,1.));
#6654=DIRECTION('ref_axis',(-1.,0.,-5.921189E-13));
#6655=DIRECTION('',(-1.,0.,-5.921189E-13));
#6656=DIRECTION('',(0.,-1.,0.));
#6657=DIRECTION('center_axis',(1.,0.,9.237056E-13));
#6658=DIRECTION('ref_axis',(-9.237056E-13,0.,1.));
#6659=DIRECTION('',(-9.237056E-13,0.,1.));
#6660=DIRECTION('',(0.,-1.,0.));
#6661=DIRECTION('center_axis',(-5.029685E-13,0.,1.));
#6662=DIRECTION('ref_axis',(-1.,0.,-5.029685E-13));
#6663=DIRECTION('',(-1.,0.,-5.029685E-13));
#6664=DIRECTION('',(0.,-1.,0.));
#6665=DIRECTION('center_axis',(-1.,0.,1.509903E-12));
#6666=DIRECTION('ref_axis',(-1.509903E-12,0.,-1.));
#6667=DIRECTION('',(-1.506351E-12,0.,-1.));
#6668=DIRECTION('',(0.,-1.,0.));
#6669=DIRECTION('center_axis',(5.921189E-13,0.,1.));
#6670=DIRECTION('ref_axis',(-1.,0.,5.921189E-13));
#6671=DIRECTION('',(-1.,0.,5.921189E-13));
#6672=DIRECTION('',(0.,-1.,0.));
#6673=DIRECTION('center_axis',(0.,-1.,0.));
#6674=DIRECTION('ref_axis',(-2.23821E-13,0.,-1.));
#6675=DIRECTION('center_axis',(0.,-1.,0.));
#6676=DIRECTION('ref_axis',(-2.23821E-13,0.,-1.));
#6677=DIRECTION('',(0.,-1.,0.));
#6678=DIRECTION('center_axis',(1.,0.,-1.512864E-12));
#6679=DIRECTION('ref_axis',(1.512864E-12,0.,1.));
#6680=DIRECTION('',(1.513456E-12,0.,1.));
#6681=DIRECTION('',(0.,-1.,0.));
#6682=DIRECTION('center_axis',(0.,-1.,0.));
#6683=DIRECTION('ref_axis',(-1.,0.,4.618528E-13));
#6684=DIRECTION('center_axis',(0.,-1.,0.));
#6685=DIRECTION('ref_axis',(-1.,0.,4.618528E-13));
#6686=DIRECTION('',(0.,-1.,0.));
#6687=DIRECTION('center_axis',(0.,-1.,0.));
#6688=DIRECTION('ref_axis',(-1.,0.,8.153478E-12));
#6689=DIRECTION('center_axis',(0.,1.,0.));
#6690=DIRECTION('ref_axis',(-1.,0.,8.153478E-12));
#6691=DIRECTION('',(0.,-1.,0.));
#6692=DIRECTION('center_axis',(-1.500271E-12,0.,-1.));
#6693=DIRECTION('ref_axis',(1.,0.,-1.500271E-12));
#6694=DIRECTION('',(1.,0.,-1.500271E-12));
#6695=DIRECTION('',(0.,-1.,0.));
#6696=DIRECTION('center_axis',(1.,0.,-2.960595E-12));
#6697=DIRECTION('ref_axis',(2.960595E-12,0.,1.));
#6698=DIRECTION('',(2.984279E-12,0.,1.));
#6699=DIRECTION('',(0.,-1.,0.));
#6700=DIRECTION('center_axis',(0.988728599808863,0.,-0.14971892305252));
#6701=DIRECTION('ref_axis',(0.14971892305252,0.,0.988728599808863));
#6702=DIRECTION('',(0.149718923052522,0.,0.988728599808862));
#6703=DIRECTION('',(0.,-1.,0.));
#6704=DIRECTION('center_axis',(0.,-1.,0.));
#6705=DIRECTION('ref_axis',(-0.98872859980885,0.,0.149718923052605));
#6706=DIRECTION('center_axis',(0.,-1.,0.));
#6707=DIRECTION('ref_axis',(-0.98872859980885,0.,0.149718923052605));
#6708=DIRECTION('',(0.,-1.,0.));
#6709=DIRECTION('center_axis',(-2.572902E-13,0.,-1.));
#6710=DIRECTION('ref_axis',(1.,0.,-2.572902E-13));
#6711=DIRECTION('',(1.,0.,-2.572902E-13));
#6712=DIRECTION('',(0.,-1.,0.));
#6713=DIRECTION('center_axis',(0.,-1.,0.));
#6714=DIRECTION('ref_axis',(3.552714E-13,0.,1.));
#6715=DIRECTION('center_axis',(0.,-1.,0.));
#6716=DIRECTION('ref_axis',(3.552714E-13,0.,1.));
#6717=DIRECTION('',(0.,-1.,0.));
#6718=DIRECTION('center_axis',(-0.989142269801587,0.,-0.146961117618794));
#6719=DIRECTION('ref_axis',(0.146961117618794,0.,-0.989142269801587));
#6720=DIRECTION('',(0.146961117618798,0.,-0.989142269801586));
#6721=DIRECTION('',(0.,-1.,0.));
#6722=DIRECTION('center_axis',(-1.,0.,0.));
#6723=DIRECTION('ref_axis',(0.,0.,-1.));
#6724=DIRECTION('',(0.,0.,-1.));
#6725=DIRECTION('',(0.,-1.,0.));
#6726=DIRECTION('center_axis',(-3.165618E-13,0.,-1.));
#6727=DIRECTION('ref_axis',(1.,0.,-3.165618E-13));
#6728=DIRECTION('',(1.,0.,-3.165618E-13));
#6729=DIRECTION('',(0.,-1.,0.));
#6730=DIRECTION('center_axis',(0.,-1.,0.));
#6731=DIRECTION('ref_axis',(1.184238E-13,0.,1.));
#6732=DIRECTION('center_axis',(0.,-1.,0.));
#6733=DIRECTION('ref_axis',(1.184238E-13,0.,1.));
#6734=DIRECTION('',(0.,-1.,0.));
#6735=DIRECTION('center_axis',(-1.,0.,6.069219E-13));
#6736=DIRECTION('ref_axis',(-6.069219E-13,0.,-1.));
#6737=DIRECTION('',(-6.039613E-13,0.,-1.));
#6738=DIRECTION('',(0.,-1.,0.));
#6739=DIRECTION('center_axis',(0.,-1.,0.));
#6740=DIRECTION('ref_axis',(1.,0.,-1.065814E-12));
#6741=DIRECTION('center_axis',(0.,-1.,0.));
#6742=DIRECTION('ref_axis',(1.,0.,-1.065814E-12));
#6743=DIRECTION('',(0.,-1.,0.));
#6744=DIRECTION('center_axis',(1.072517E-13,0.,1.));
#6745=DIRECTION('ref_axis',(-1.,0.,1.072517E-13));
#6746=DIRECTION('',(-1.,0.,1.072517E-13));
#6747=DIRECTION('',(0.,-1.,0.));
#6748=DIRECTION('center_axis',(-1.,0.,0.));
#6749=DIRECTION('ref_axis',(0.,0.,-1.));
#6750=DIRECTION('',(0.,0.,-1.));
#6751=DIRECTION('',(0.,-1.,0.));
#6752=DIRECTION('center_axis',(2.071913E-12,0.,-1.));
#6753=DIRECTION('ref_axis',(1.,0.,2.071913E-12));
#6754=DIRECTION('',(1.,0.,2.071913E-12));
#6755=DIRECTION('',(0.,-1.,0.));
#6756=DIRECTION('center_axis',(0.,-1.,0.));
#6757=DIRECTION('ref_axis',(-2.060574E-12,0.,1.));
#6758=DIRECTION('center_axis',(0.,-1.,0.));
#6759=DIRECTION('ref_axis',(-2.060574E-12,0.,1.));
#6760=DIRECTION('',(0.,-1.,0.));
#6761=DIRECTION('center_axis',(-1.,0.,7.151919E-13));
#6762=DIRECTION('ref_axis',(-7.151919E-13,0.,-1.));
#6763=DIRECTION('',(-7.102596E-13,0.,-1.));
#6764=DIRECTION('center_axis',(1.643028E-13,0.,-1.));
#6765=DIRECTION('ref_axis',(1.,0.,1.643028E-13));
#6766=DIRECTION('',(1.,0.,1.643028E-13));
#6767=DIRECTION('',(0.,-1.,0.));
#6768=DIRECTION('center_axis',(0.,-1.,0.));
#6769=DIRECTION('ref_axis',(0.,0.,1.));
#6770=DIRECTION('center_axis',(0.,-1.,0.));
#6771=DIRECTION('ref_axis',(0.,0.,1.));
#6772=DIRECTION('',(0.,-1.,0.));
#6773=DIRECTION('center_axis',(-1.,0.,0.));
#6774=DIRECTION('ref_axis',(0.,0.,-1.));
#6775=DIRECTION('',(0.,0.,-1.));
#6776=DIRECTION('',(0.,-1.,0.));
#6777=DIRECTION('center_axis',(0.,-1.,0.));
#6778=DIRECTION('ref_axis',(4.973799E-13,0.,1.));
#6779=DIRECTION('center_axis',(0.,1.,0.));
#6780=DIRECTION('ref_axis',(4.973799E-13,0.,1.));
#6781=DIRECTION('',(0.,-1.,0.));
#6782=DIRECTION('center_axis',(0.,0.,-1.));
#6783=DIRECTION('ref_axis',(1.,0.,0.));
#6784=DIRECTION('',(1.,0.,0.));
#6785=DIRECTION('center_axis',(0.,-1.,0.));
#6786=DIRECTION('ref_axis',(0.,0.,-1.));
#6787=DIRECTION('axis',(0.,0.,1.));
#6788=DIRECTION('refdir',(1.,0.,0.));
#6789=DIRECTION('center_axis',(0.,1.,0.));
#6790=DIRECTION('ref_axis',(1.,0.,0.));
#6791=DIRECTION('center_axis',(0.,1.,0.));
#6792=DIRECTION('ref_axis',(1.,0.,0.));
#6793=DIRECTION('',(-0.707106781186547,0.707106781186548,8.65956056235493E-17));
#6794=DIRECTION('center_axis',(0.,-1.,0.));
#6795=DIRECTION('ref_axis',(1.,0.,0.));
#6796=DIRECTION('center_axis',(0.,1.,0.));
#6797=DIRECTION('ref_axis',(1.,0.,0.));
#6798=DIRECTION('center_axis',(0.,1.,0.));
#6799=DIRECTION('ref_axis',(1.,0.,0.));
#6800=DIRECTION('',(0.,1.,0.));
#6801=DIRECTION('center_axis',(0.,1.,0.));
#6802=DIRECTION('ref_axis',(1.,0.,0.));
#6803=DIRECTION('center_axis',(0.,1.,0.));
#6804=DIRECTION('ref_axis',(1.,0.,0.));
#6805=DIRECTION('',(-0.707106781186547,0.707106781186548,8.65956056235493E-17));
#6806=DIRECTION('center_axis',(0.,-1.,0.));
#6807=DIRECTION('ref_axis',(1.,0.,0.));
#6808=DIRECTION('center_axis',(0.,1.,0.));
#6809=DIRECTION('ref_axis',(1.,0.,0.));
#6810=DIRECTION('center_axis',(0.,1.,0.));
#6811=DIRECTION('ref_axis',(1.,0.,0.));
#6812=DIRECTION('',(0.,1.,0.));
#6813=DIRECTION('center_axis',(0.,1.,0.));
#6814=DIRECTION('ref_axis',(1.,0.,0.));
#6815=DIRECTION('center_axis',(0.,1.,0.));
#6816=DIRECTION('ref_axis',(1.,0.,0.));
#6817=DIRECTION('',(-0.707106781186547,0.707106781186548,8.65956056235493E-17));
#6818=DIRECTION('center_axis',(0.,-1.,0.));
#6819=DIRECTION('ref_axis',(1.,0.,0.));
#6820=DIRECTION('center_axis',(0.,1.,0.));
#6821=DIRECTION('ref_axis',(1.,0.,0.));
#6822=DIRECTION('center_axis',(0.,1.,0.));
#6823=DIRECTION('ref_axis',(1.,0.,0.));
#6824=DIRECTION('',(0.,1.,0.));
#6825=DIRECTION('center_axis',(0.,1.,0.));
#6826=DIRECTION('ref_axis',(1.,0.,0.));
#6827=DIRECTION('center_axis',(0.,1.,0.));
#6828=DIRECTION('ref_axis',(1.,0.,0.));
#6829=DIRECTION('',(-0.707106781186547,0.707106781186548,8.65956056235493E-17));
#6830=DIRECTION('center_axis',(0.,-1.,0.));
#6831=DIRECTION('ref_axis',(1.,0.,0.));
#6832=DIRECTION('center_axis',(0.,1.,0.));
#6833=DIRECTION('ref_axis',(1.,0.,0.));
#6834=DIRECTION('center_axis',(0.,1.,0.));
#6835=DIRECTION('ref_axis',(1.,0.,0.));
#6836=DIRECTION('',(0.,1.,0.));
#6837=DIRECTION('center_axis',(0.,-1.,0.));
#6838=DIRECTION('ref_axis',(-1.421085E-13,0.,-1.));
#6839=DIRECTION('center_axis',(0.,-1.,0.));
#6840=DIRECTION('ref_axis',(-1.421085E-13,0.,-1.));
#6841=DIRECTION('',(0.,-1.,0.));
#6842=DIRECTION('center_axis',(0.,1.,0.));
#6843=DIRECTION('ref_axis',(-1.421085E-13,0.,-1.));
#6844=DIRECTION('',(0.,-1.,0.));
#6845=DIRECTION('center_axis',(0.,0.,-1.));
#6846=DIRECTION('ref_axis',(1.,0.,0.));
#6847=DIRECTION('',(-1.,0.,0.));
#6848=DIRECTION('',(1.,0.,0.));
#6849=DIRECTION('',(0.,-1.,0.));
#6850=DIRECTION('center_axis',(0.,-1.,0.));
#6851=DIRECTION('ref_axis',(0.70710678141955,0.,-0.707106780953545));
#6852=DIRECTION('center_axis',(0.,-1.,0.));
#6853=DIRECTION('ref_axis',(0.70710678141955,0.,-0.707106780953545));
#6854=DIRECTION('center_axis',(0.,1.,0.));
#6855=DIRECTION('ref_axis',(0.70710678141955,0.,-0.707106780953545));
#6856=DIRECTION('',(0.,-1.,0.));
#6857=DIRECTION('center_axis',(0.707106781186608,0.,-0.707106781186487));
#6858=DIRECTION('ref_axis',(0.707106781186487,0.,0.707106781186608));
#6859=DIRECTION('',(-0.707106781186487,0.,-0.707106781186608));
#6860=DIRECTION('',(0.707106781186487,0.,0.707106781186608));
#6861=DIRECTION('',(0.,-1.,0.));
#6862=DIRECTION('center_axis',(0.,-1.,0.));
#6863=DIRECTION('ref_axis',(0.707106781186441,0.,-0.707106781186654));
#6864=DIRECTION('center_axis',(0.,1.,0.));
#6865=DIRECTION('ref_axis',(0.707106781186441,0.,-0.707106781186654));
#6866=DIRECTION('center_axis',(0.,-1.,0.));
#6867=DIRECTION('ref_axis',(0.707106781186441,0.,-0.707106781186654));
#6868=DIRECTION('',(0.,-1.,0.));
#6869=DIRECTION('center_axis',(0.,0.,-1.));
#6870=DIRECTION('ref_axis',(1.,0.,0.));
#6871=DIRECTION('',(-1.,0.,0.));
#6872=DIRECTION('',(1.,0.,0.));
#6873=DIRECTION('',(0.,-1.,0.));
#6874=DIRECTION('center_axis',(0.,-1.,0.));
#6875=DIRECTION('ref_axis',(0.,0.,-1.));
#6876=DIRECTION('center_axis',(0.,1.,0.));
#6877=DIRECTION('ref_axis',(0.,0.,-1.));
#6878=DIRECTION('center_axis',(0.,-1.,0.));
#6879=DIRECTION('ref_axis',(0.,0.,-1.));
#6880=DIRECTION('',(0.,-1.,0.));
#6881=DIRECTION('center_axis',(-1.,0.,2.557954E-11));
#6882=DIRECTION('ref_axis',(-2.557954E-11,0.,-1.));
#6883=DIRECTION('',(2.557954E-11,0.,1.));
#6884=DIRECTION('',(-2.557954E-11,0.,-1.));
#6885=DIRECTION('',(0.,-1.,0.));
#6886=DIRECTION('center_axis',(0.,-1.,0.));
#6887=DIRECTION('ref_axis',(-1.,0.,2.693845E-11));
#6888=DIRECTION('center_axis',(0.,1.,0.));
#6889=DIRECTION('ref_axis',(-1.,0.,2.693845E-11));
#6890=DIRECTION('center_axis',(0.,-1.,0.));
#6891=DIRECTION('ref_axis',(-1.,0.,2.693845E-11));
#6892=DIRECTION('',(0.,-1.,0.));
#6893=DIRECTION('center_axis',(0.,-1.,0.));
#6894=DIRECTION('ref_axis',(-0.800000000015144,0.,-0.599999999979808));
#6895=DIRECTION('center_axis',(0.,-1.,0.));
#6896=DIRECTION('ref_axis',(-0.800000000015144,0.,-0.599999999979808));
#6897=DIRECTION('center_axis',(0.,1.,0.));
#6898=DIRECTION('ref_axis',(-0.800000000015144,0.,-0.599999999979808));
#6899=DIRECTION('',(0.,-1.,0.));
#6900=DIRECTION('center_axis',(0.,-1.,0.));
#6901=DIRECTION('ref_axis',(-0.800000000015007,0.,-0.599999999979991));
#6902=DIRECTION('center_axis',(0.,1.,0.));
#6903=DIRECTION('ref_axis',(-0.800000000015007,0.,-0.599999999979991));
#6904=DIRECTION('center_axis',(0.,-1.,0.));
#6905=DIRECTION('ref_axis',(-0.800000000015007,0.,-0.599999999979991));
#6906=DIRECTION('',(0.,-1.,0.));
#6907=DIRECTION('center_axis',(-1.,0.,2.557954E-11));
#6908=DIRECTION('ref_axis',(-2.557954E-11,0.,-1.));
#6909=DIRECTION('',(2.557954E-11,0.,1.));
#6910=DIRECTION('',(-2.557954E-11,0.,-1.));
#6911=DIRECTION('',(0.,-1.,0.));
#6912=DIRECTION('center_axis',(0.,-1.,0.));
#6913=DIRECTION('ref_axis',(-1.,0.,2.677858E-11));
#6914=DIRECTION('center_axis',(0.,1.,0.));
#6915=DIRECTION('ref_axis',(-1.,0.,2.677858E-11));
#6916=DIRECTION('center_axis',(0.,-1.,0.));
#6917=DIRECTION('ref_axis',(-1.,0.,2.677858E-11));
#6918=DIRECTION('',(0.,-1.,0.));
#6919=DIRECTION('center_axis',(0.,-1.,0.));
#6920=DIRECTION('ref_axis',(-0.800000000015143,0.,-0.599999999979809));
#6921=DIRECTION('center_axis',(0.,-1.,0.));
#6922=DIRECTION('ref_axis',(-0.800000000015143,0.,-0.599999999979809));
#6923=DIRECTION('center_axis',(0.,1.,0.));
#6924=DIRECTION('ref_axis',(-0.800000000015143,0.,-0.599999999979809));
#6925=DIRECTION('',(0.,-1.,0.));
#6926=DIRECTION('center_axis',(0.,-1.,0.));
#6927=DIRECTION('ref_axis',(-0.800000000014836,0.,-0.599999999980218));
#6928=DIRECTION('center_axis',(0.,1.,0.));
#6929=DIRECTION('ref_axis',(-0.800000000014836,0.,-0.599999999980218));
#6930=DIRECTION('center_axis',(0.,-1.,0.));
#6931=DIRECTION('ref_axis',(-0.800000000014836,0.,-0.599999999980218));
#6932=DIRECTION('',(0.,-1.,0.));
#6933=DIRECTION('center_axis',(-1.,0.,2.557954E-11));
#6934=DIRECTION('ref_axis',(-2.557954E-11,0.,-1.));
#6935=DIRECTION('',(2.557954E-11,0.,1.));
#6936=DIRECTION('',(-2.557954E-11,0.,-1.));
#6937=DIRECTION('',(0.,-1.,0.));
#6938=DIRECTION('center_axis',(0.,-1.,0.));
#6939=DIRECTION('ref_axis',(-1.,0.,2.456702E-11));
#6940=DIRECTION('center_axis',(0.,1.,0.));
#6941=DIRECTION('ref_axis',(-1.,0.,2.456702E-11));
#6942=DIRECTION('center_axis',(0.,-1.,0.));
#6943=DIRECTION('ref_axis',(-1.,0.,2.456702E-11));
#6944=DIRECTION('',(0.,-1.,0.));
#6945=DIRECTION('center_axis',(0.,-1.,0.));
#6946=DIRECTION('ref_axis',(-0.800000000015201,0.,-0.599999999979732));
#6947=DIRECTION('center_axis',(0.,-1.,0.));
#6948=DIRECTION('ref_axis',(-0.800000000015201,0.,-0.599999999979732));
#6949=DIRECTION('center_axis',(0.,1.,0.));
#6950=DIRECTION('ref_axis',(-0.800000000015201,0.,-0.599999999979732));
#6951=DIRECTION('',(0.,-1.,0.));
#6952=DIRECTION('center_axis',(0.,-1.,0.));
#6953=DIRECTION('ref_axis',(-0.800000000015868,0.,-0.599999999978843));
#6954=DIRECTION('center_axis',(0.,1.,0.));
#6955=DIRECTION('ref_axis',(-0.800000000015868,0.,-0.599999999978843));
#6956=DIRECTION('center_axis',(0.,-1.,0.));
#6957=DIRECTION('ref_axis',(-0.800000000015868,0.,-0.599999999978843));
#6958=DIRECTION('',(0.,-1.,0.));
#6959=DIRECTION('center_axis',(-1.,0.,2.50111E-11));
#6960=DIRECTION('ref_axis',(-2.50111E-11,0.,-1.));
#6961=DIRECTION('',(2.50111E-11,0.,1.));
#6962=DIRECTION('',(-2.50111E-11,0.,-1.));
#6963=DIRECTION('',(0.,-1.,0.));
#6964=DIRECTION('center_axis',(0.,-1.,0.));
#6965=DIRECTION('ref_axis',(-1.,0.,2.449596E-11));
#6966=DIRECTION('center_axis',(0.,1.,0.));
#6967=DIRECTION('ref_axis',(-1.,0.,2.449596E-11));
#6968=DIRECTION('center_axis',(0.,-1.,0.));
#6969=DIRECTION('ref_axis',(-1.,0.,2.449596E-11));
#6970=DIRECTION('',(0.,-1.,0.));
#6971=DIRECTION('center_axis',(0.,-1.,0.));
#6972=DIRECTION('ref_axis',(-0.800000000015279,0.,-0.599999999979627));
#6973=DIRECTION('center_axis',(0.,-1.,0.));
#6974=DIRECTION('ref_axis',(-0.800000000015279,0.,-0.599999999979627));
#6975=DIRECTION('center_axis',(0.,1.,0.));
#6976=DIRECTION('ref_axis',(-0.800000000015279,0.,-0.599999999979627));
#6977=DIRECTION('',(0.,-1.,0.));
#6978=DIRECTION('center_axis',(0.,-1.,0.));
#6979=DIRECTION('ref_axis',(-0.800000000014904,0.,-0.599999999980128));
#6980=DIRECTION('center_axis',(0.,1.,0.));
#6981=DIRECTION('ref_axis',(-0.800000000014904,0.,-0.599999999980128));
#6982=DIRECTION('center_axis',(0.,-1.,0.));
#6983=DIRECTION('ref_axis',(-0.800000000014904,0.,-0.599999999980128));
#6984=DIRECTION('',(0.,-1.,0.));
#6985=DIRECTION('center_axis',(-1.,0.,2.53945E-11));
#6986=DIRECTION('ref_axis',(-2.53945E-11,0.,-1.));
#6987=DIRECTION('',(2.53945E-11,0.,1.));
#6988=DIRECTION('',(-2.53945E-11,0.,-1.));
#6989=DIRECTION('',(0.,-1.,0.));
#6990=DIRECTION('center_axis',(0.,-1.,0.));
#6991=DIRECTION('ref_axis',(-1.,0.,2.547619E-11));
#6992=DIRECTION('center_axis',(0.,1.,0.));
#6993=DIRECTION('ref_axis',(-1.,0.,2.547619E-11));
#6994=DIRECTION('center_axis',(0.,-1.,0.));
#6995=DIRECTION('ref_axis',(-1.,0.,2.547619E-11));
#6996=DIRECTION('',(0.,-1.,0.));
#6997=DIRECTION('center_axis',(0.,0.,1.));
#6998=DIRECTION('ref_axis',(-1.,0.,0.));
#6999=DIRECTION('',(1.,0.,0.));
#7000=DIRECTION('',(-1.,0.,0.));
#7001=DIRECTION('',(0.,-1.,0.));
#7002=DIRECTION('center_axis',(0.,-1.,0.));
#7003=DIRECTION('ref_axis',(-2.842171E-13,0.,1.));
#7004=DIRECTION('center_axis',(0.,1.,0.));
#7005=DIRECTION('ref_axis',(-2.842171E-13,0.,1.));
#7006=DIRECTION('center_axis',(0.,-1.,0.));
#7007=DIRECTION('ref_axis',(-2.842171E-13,0.,1.));
#7008=DIRECTION('',(0.,-1.,0.));
#7009=DIRECTION('center_axis',(0.707106781186766,0.,0.70710678118633));
#7010=DIRECTION('ref_axis',(-0.70710678118633,0.,0.707106781186766));
#7011=DIRECTION('',(0.707106781186329,0.,-0.707106781186766));
#7012=DIRECTION('',(-0.707106781186329,0.,0.707106781186766));
#7013=DIRECTION('',(0.,-1.,0.));
#7014=DIRECTION('center_axis',(0.,-1.,0.));
#7015=DIRECTION('ref_axis',(-5.115908E-12,0.,1.));
#7016=DIRECTION('center_axis',(0.,-1.,0.));
#7017=DIRECTION('ref_axis',(-5.115908E-12,0.,1.));
#7018=DIRECTION('center_axis',(0.,1.,0.));
#7019=DIRECTION('ref_axis',(-5.115908E-12,0.,1.));
#7020=DIRECTION('',(0.,-1.,0.));
#7021=DIRECTION('center_axis',(-5.514707E-12,0.,1.));
#7022=DIRECTION('ref_axis',(-1.,0.,-5.514707E-12));
#7023=DIRECTION('',(1.,0.,5.514707E-12));
#7024=DIRECTION('',(-1.,0.,-5.514707E-12));
#7025=DIRECTION('',(0.,-1.,0.));
#7026=DIRECTION('center_axis',(0.,-1.,0.));
#7027=DIRECTION('ref_axis',(-0.707106781186302,0.,0.707106781186793));
#7028=DIRECTION('center_axis',(0.,-1.,0.));
#7029=DIRECTION('ref_axis',(-0.707106781186302,0.,0.707106781186793));
#7030=DIRECTION('center_axis',(0.,1.,0.));
#7031=DIRECTION('ref_axis',(-0.707106781186302,0.,0.707106781186793));
#7032=DIRECTION('',(0.,-1.,0.));
#7033=DIRECTION('center_axis',(-0.707106781187275,0.,0.70710678118582));
#7034=DIRECTION('ref_axis',(-0.70710678118582,0.,-0.707106781187275));
#7035=DIRECTION('',(0.70710678118582,0.,0.707106781187275));
#7036=DIRECTION('',(-0.70710678118582,0.,-0.707106781187275));
#7037=DIRECTION('',(0.,-1.,0.));
#7038=DIRECTION('center_axis',(0.,-1.,0.));
#7039=DIRECTION('ref_axis',(-0.707106781185819,0.,0.707106781187276));
#7040=DIRECTION('center_axis',(0.,1.,0.));
#7041=DIRECTION('ref_axis',(-0.707106781185819,0.,0.707106781187276));
#7042=DIRECTION('center_axis',(0.,-1.,0.));
#7043=DIRECTION('ref_axis',(-0.707106781185819,0.,0.707106781187276));
#7044=DIRECTION('',(0.,-1.,0.));
#7045=DIRECTION('center_axis',(0.,0.,1.));
#7046=DIRECTION('ref_axis',(-1.,0.,0.));
#7047=DIRECTION('',(1.,0.,0.));
#7048=DIRECTION('',(-1.,0.,0.));
#7049=DIRECTION('',(0.,-1.,0.));
#7050=DIRECTION('center_axis',(0.,-1.,0.));
#7051=DIRECTION('ref_axis',(0.,0.,1.));
#7052=DIRECTION('center_axis',(0.,1.,0.));
#7053=DIRECTION('ref_axis',(0.,0.,1.));
#7054=DIRECTION('center_axis',(0.,-1.,0.));
#7055=DIRECTION('ref_axis',(0.,0.,1.));
#7056=DIRECTION('',(0.,-1.,0.));
#7057=DIRECTION('center_axis',(1.,0.,-1.468455E-12));
#7058=DIRECTION('ref_axis',(1.468455E-12,0.,1.));
#7059=DIRECTION('',(-1.468455E-12,0.,-1.));
#7060=DIRECTION('',(1.468455E-12,0.,1.));
#7061=DIRECTION('',(0.,-1.,0.));
#7062=DIRECTION('center_axis',(0.,-1.,0.));
#7063=DIRECTION('ref_axis',(1.,0.,-3.570477E-12));
#7064=DIRECTION('center_axis',(0.,1.,0.));
#7065=DIRECTION('ref_axis',(1.,0.,-3.570477E-12));
#7066=DIRECTION('center_axis',(0.,-1.,0.));
#7067=DIRECTION('ref_axis',(1.,0.,-3.570477E-12));
#7068=DIRECTION('',(0.,-1.,0.));
#7069=DIRECTION('center_axis',(0.,-1.,0.));
#7070=DIRECTION('ref_axis',(0.80000000000091,0.,0.599999999998787));
#7071=DIRECTION('center_axis',(0.,-1.,0.));
#7072=DIRECTION('ref_axis',(0.80000000000091,0.,0.599999999998787));
#7073=DIRECTION('center_axis',(0.,1.,0.));
#7074=DIRECTION('ref_axis',(0.80000000000091,0.,0.599999999998787));
#7075=DIRECTION('',(0.,-1.,0.));
#7076=DIRECTION('center_axis',(0.,-1.,0.));
#7077=DIRECTION('ref_axis',(0.800000000000699,0.,0.599999999999068));
#7078=DIRECTION('center_axis',(0.,1.,0.));
#7079=DIRECTION('ref_axis',(0.800000000000699,0.,0.599999999999068));
#7080=DIRECTION('center_axis',(0.,-1.,0.));
#7081=DIRECTION('ref_axis',(0.800000000000699,0.,0.599999999999068));
#7082=DIRECTION('',(0.,-1.,0.));
#7083=DIRECTION('center_axis',(1.,0.,-1.136868E-12));
#7084=DIRECTION('ref_axis',(1.136868E-12,0.,1.));
#7085=DIRECTION('',(-1.136868E-12,0.,-1.));
#7086=DIRECTION('',(1.136868E-12,0.,1.));
#7087=DIRECTION('',(0.,-1.,0.));
#7088=DIRECTION('center_axis',(0.,-1.,0.));
#7089=DIRECTION('ref_axis',(1.,0.,-2.557954E-12));
#7090=DIRECTION('center_axis',(0.,1.,0.));
#7091=DIRECTION('ref_axis',(1.,0.,-2.557954E-12));
#7092=DIRECTION('center_axis',(0.,-1.,0.));
#7093=DIRECTION('ref_axis',(1.,0.,-2.557954E-12));
#7094=DIRECTION('',(0.,-1.,0.));
#7095=DIRECTION('center_axis',(0.,-1.,0.));
#7096=DIRECTION('ref_axis',(0.800000000000877,0.,0.599999999998831));
#7097=DIRECTION('center_axis',(0.,-1.,0.));
#7098=DIRECTION('ref_axis',(0.800000000000877,0.,0.599999999998831));
#7099=DIRECTION('center_axis',(0.,1.,0.));
#7100=DIRECTION('ref_axis',(0.800000000000877,0.,0.599999999998831));
#7101=DIRECTION('',(0.,-1.,0.));
#7102=DIRECTION('center_axis',(0.,-1.,0.));
#7103=DIRECTION('ref_axis',(0.8000000000009,0.,0.599999999998801));
#7104=DIRECTION('center_axis',(0.,1.,0.));
#7105=DIRECTION('ref_axis',(0.8000000000009,0.,0.599999999998801));
#7106=DIRECTION('center_axis',(0.,-1.,0.));
#7107=DIRECTION('ref_axis',(0.8000000000009,0.,0.599999999998801));
#7108=DIRECTION('',(0.,-1.,0.));
#7109=DIRECTION('center_axis',(1.,0.,-1.705303E-12));
#7110=DIRECTION('ref_axis',(1.705303E-12,0.,1.));
#7111=DIRECTION('',(-1.705303E-12,0.,-1.));
#7112=DIRECTION('',(1.705303E-12,0.,1.));
#7113=DIRECTION('',(0.,-1.,0.));
#7114=DIRECTION('center_axis',(0.,-1.,0.));
#7115=DIRECTION('ref_axis',(1.,0.,-1.874056E-12));
#7116=DIRECTION('center_axis',(0.,1.,0.));
#7117=DIRECTION('ref_axis',(1.,0.,-1.874056E-12));
#7118=DIRECTION('center_axis',(0.,-1.,0.));
#7119=DIRECTION('ref_axis',(1.,0.,-1.874056E-12));
#7120=DIRECTION('',(0.,-1.,0.));
#7121=DIRECTION('center_axis',(0.,-1.,0.));
#7122=DIRECTION('ref_axis',(0.800000000002669,0.,0.599999999996442));
#7123=DIRECTION('center_axis',(0.,-1.,0.));
#7124=DIRECTION('ref_axis',(0.800000000002669,0.,0.599999999996442));
#7125=DIRECTION('center_axis',(0.,1.,0.));
#7126=DIRECTION('ref_axis',(0.800000000002669,0.,0.599999999996442));
#7127=DIRECTION('',(0.,-1.,0.));
#7128=DIRECTION('center_axis',(0.,-1.,0.));
#7129=DIRECTION('ref_axis',(0.800000000004221,0.,0.599999999994372));
#7130=DIRECTION('center_axis',(0.,1.,0.));
#7131=DIRECTION('ref_axis',(0.800000000004221,0.,0.599999999994372));
#7132=DIRECTION('center_axis',(0.,-1.,0.));
#7133=DIRECTION('ref_axis',(0.800000000004221,0.,0.599999999994372));
#7134=DIRECTION('',(0.,-1.,0.));
#7135=DIRECTION('center_axis',(1.,0.,-1.350031E-12));
#7136=DIRECTION('ref_axis',(1.350031E-12,0.,1.));
#7137=DIRECTION('',(-1.364242E-12,0.,-1.));
#7138=DIRECTION('',(1.364242E-12,0.,1.));
#7139=DIRECTION('',(0.,-1.,0.));
#7140=DIRECTION('center_axis',(0.,-1.,0.));
#7141=DIRECTION('ref_axis',(1.,0.,-2.273737E-12));
#7142=DIRECTION('center_axis',(0.,1.,0.));
#7143=DIRECTION('ref_axis',(1.,0.,-2.273737E-12));
#7144=DIRECTION('center_axis',(0.,-1.,0.));
#7145=DIRECTION('ref_axis',(1.,0.,-2.273737E-12));
#7146=DIRECTION('',(0.,-1.,0.));
#7147=DIRECTION('center_axis',(0.,-1.,0.));
#7148=DIRECTION('ref_axis',(0.800000000000913,0.,0.599999999998783));
#7149=DIRECTION('center_axis',(0.,-1.,0.));
#7150=DIRECTION('ref_axis',(0.800000000000913,0.,0.599999999998783));
#7151=DIRECTION('center_axis',(0.,1.,0.));
#7152=DIRECTION('ref_axis',(0.800000000000913,0.,0.599999999998783));
#7153=DIRECTION('',(0.,-1.,0.));
#7154=DIRECTION('center_axis',(0.,-1.,0.));
#7155=DIRECTION('ref_axis',(0.800000000000689,0.,0.599999999999082));
#7156=DIRECTION('center_axis',(0.,1.,0.));
#7157=DIRECTION('ref_axis',(0.800000000000689,0.,0.599999999999082));
#7158=DIRECTION('center_axis',(0.,-1.,0.));
#7159=DIRECTION('ref_axis',(0.800000000000689,0.,0.599999999999082));
#7160=DIRECTION('',(0.,-1.,0.));
#7161=DIRECTION('center_axis',(1.,0.,-1.257661E-11));
#7162=DIRECTION('ref_axis',(1.257661E-11,0.,1.));
#7163=DIRECTION('',(-1.25624E-11,0.,-1.));
#7164=DIRECTION('',(1.25624E-11,0.,1.));
#7165=DIRECTION('',(0.,-1.,0.));
#7166=DIRECTION('center_axis',(0.,-1.,0.));
#7167=DIRECTION('ref_axis',(1.,0.,-1.550275E-12));
#7168=DIRECTION('center_axis',(0.,1.,0.));
#7169=DIRECTION('ref_axis',(1.,0.,-1.550275E-12));
#7170=DIRECTION('center_axis',(0.,-1.,0.));
#7171=DIRECTION('ref_axis',(1.,0.,-1.550275E-12));
#7172=DIRECTION('',(0.,-1.,0.));
#7173=DIRECTION('center_axis',(0.,0.,-1.));
#7174=DIRECTION('ref_axis',(1.,0.,0.));
#7175=DIRECTION('',(-1.,0.,0.));
#7176=DIRECTION('',(1.,0.,0.));
#7177=DIRECTION('',(0.,-1.,0.));
#7178=DIRECTION('center_axis',(0.,-1.,0.));
#7179=DIRECTION('ref_axis',(0.,0.,-1.));
#7180=DIRECTION('center_axis',(0.,1.,0.));
#7181=DIRECTION('ref_axis',(0.,0.,-1.));
#7182=DIRECTION('center_axis',(0.,-1.,0.));
#7183=DIRECTION('ref_axis',(0.,0.,-1.));
#7184=DIRECTION('',(0.,-1.,0.));
#7185=DIRECTION('center_axis',(-0.707106781186684,0.,-0.707106781186411));
#7186=DIRECTION('ref_axis',(0.707106781186411,0.,-0.707106781186684));
#7187=DIRECTION('',(-0.707106781186408,0.,0.707106781186687));
#7188=DIRECTION('',(0.707106781186408,0.,-0.707106781186687));
#7189=DIRECTION('center_axis',(0.,-1.,0.));
#7190=DIRECTION('ref_axis',(0.,0.,-1.));
#7191=DIRECTION('center_axis',(0.,-1.,0.));
#7192=DIRECTION('ref_axis',(0.,0.,-1.));
#7193=DIRECTION('axis',(0.,0.,1.));
#7194=DIRECTION('refdir',(1.,0.,0.));
#7195=DIRECTION('center_axis',(-1.,4.903939E-32,0.));
#7196=DIRECTION('ref_axis',(-4.903939E-32,-1.,0.));
#7197=DIRECTION('center_axis',(1.,0.,0.));
#7198=DIRECTION('ref_axis',(0.,-1.,0.));
#7199=DIRECTION('',(0.707106781186547,-0.707106781186548,8.65956056235494E-17));
#7200=DIRECTION('center_axis',(-1.,0.,0.));
#7201=DIRECTION('ref_axis',(0.,-1.,0.));
#7202=DIRECTION('center_axis',(1.,0.,0.));
#7203=DIRECTION('ref_axis',(0.,-1.,0.));
#7204=DIRECTION('center_axis',(1.,-4.903939E-32,0.));
#7205=DIRECTION('ref_axis',(4.903939E-32,1.,0.));
#7206=DIRECTION('',(-1.,4.903939E-32,0.));
#7207=DIRECTION('center_axis',(1.,0.,0.));
#7208=DIRECTION('ref_axis',(0.,1.,0.));
#7209=DIRECTION('center_axis',(1.,0.,0.));
#7210=DIRECTION('ref_axis',(0.,0.,-1.));
#7211=DIRECTION('center_axis',(0.,-1.,0.));
#7212=DIRECTION('ref_axis',(0.,0.,-1.));
#7213=DIRECTION('',(-1.,0.,0.));
#7214=DIRECTION('',(0.,0.,-1.));
#7215=DIRECTION('',(-1.,0.,0.));
#7216=DIRECTION('center_axis',(-2.45197E-32,-0.5,-0.866025403784439));
#7217=DIRECTION('ref_axis',(-1.,1.225985E-32,2.12346830931733E-32));
#7218=DIRECTION('',(-1.,0.,0.));
#7219=DIRECTION('',(4.246936E-32,0.866025403784439,-0.5));
#7220=DIRECTION('center_axis',(2.45197E-32,0.5,-0.866025403784439));
#7221=DIRECTION('ref_axis',(-1.,1.225985E-32,-2.12346830931733E-32));
#7222=DIRECTION('',(-1.,0.,0.));
#7223=DIRECTION('',(4.246936E-32,0.866025403784439,0.5));
#7224=DIRECTION('center_axis',(0.,1.,0.));
#7225=DIRECTION('ref_axis',(0.,0.,1.));
#7226=DIRECTION('',(1.,0.,0.));
#7227=DIRECTION('',(0.,0.,1.));
#7228=DIRECTION('center_axis',(-2.45197E-32,-0.5,0.866025403784439));
#7229=DIRECTION('ref_axis',(1.,-1.225985E-32,2.12346830931733E-32));
#7230=DIRECTION('',(-4.246936E-32,-0.866025403784438,-0.5));
#7231=DIRECTION('',(-1.,0.,0.));
#7232=DIRECTION('center_axis',(2.45197E-32,0.500000000000001,0.866025403784438));
#7233=DIRECTION('ref_axis',(1.,-1.225985E-32,-2.12346830931733E-32));
#7234=DIRECTION('',(-4.246936E-32,-0.866025403784438,0.500000000000001));
#7235=DIRECTION('center_axis',(-1.,4.903939E-32,0.));
#7236=DIRECTION('ref_axis',(4.903939E-32,1.,0.));
#7237=DIRECTION('',(-0.499999999999998,-0.86602540378444,1.06057523872491E-16));
#7238=DIRECTION('center_axis',(-1.,0.,0.));
#7239=DIRECTION('ref_axis',(0.,0.,1.));
#7240=DIRECTION('center_axis',(1.,0.,0.));
#7241=DIRECTION('ref_axis',(0.,1.,0.));
#7242=DIRECTION('center_axis',(1.,-4.903939E-32,0.));
#7243=DIRECTION('ref_axis',(4.903939E-32,1.,0.));
#7244=DIRECTION('center_axis',(1.,0.,0.));
#7245=DIRECTION('ref_axis',(0.,1.,0.));
#7246=DIRECTION('',(-1.,4.903939E-32,0.));
#7247=DIRECTION('center_axis',(-1.,4.903939E-32,0.));
#7248=DIRECTION('ref_axis',(4.903939E-32,1.,0.));
#7249=DIRECTION('',(0.707106781186549,0.707106781186546,-8.65956056235491E-17));
#7250=DIRECTION('axis',(0.,0.,1.));
#7251=DIRECTION('refdir',(1.,0.,0.));
#7252=DIRECTION('center_axis',(1.,0.,0.));
#7253=DIRECTION('ref_axis',(0.,0.,-1.));
#7254=DIRECTION('',(0.,0.,1.));
#7255=DIRECTION('',(0.,-1.,0.));
#7256=DIRECTION('',(0.,0.,-1.));
#7257=DIRECTION('',(0.,1.,0.));
#7258=DIRECTION('',(0.,-1.,0.));
#7259=DIRECTION('',(0.,0.,1.));
#7260=DIRECTION('',(0.,-1.,0.));
#7261=DIRECTION('',(0.,0.,-1.));
#7262=DIRECTION('center_axis',(0.,0.,-1.));
#7263=DIRECTION('ref_axis',(0.,-1.,0.));
#7264=DIRECTION('',(-1.,0.,0.));
#7265=DIRECTION('',(0.,-1.,0.));
#7266=DIRECTION('',(-1.,0.,0.));
#7267=DIRECTION('center_axis',(0.,1.,0.));
#7268=DIRECTION('ref_axis',(0.,0.,-1.));
#7269=DIRECTION('',(0.,0.,-1.));
#7270=DIRECTION('',(-1.,0.,0.));
#7271=DIRECTION('center_axis',(0.,0.,1.));
#7272=DIRECTION('ref_axis',(0.,1.,0.));
#7273=DIRECTION('',(0.,1.,0.));
#7274=DIRECTION('',(-1.,0.,0.));
#7275=DIRECTION('center_axis',(0.,-1.,0.));
#7276=DIRECTION('ref_axis',(0.,0.,1.));
#7277=DIRECTION('',(0.,0.,1.));
#7278=DIRECTION('center_axis',(1.,0.,0.));
#7279=DIRECTION('ref_axis',(0.,0.,-1.));
#7280=DIRECTION('center_axis',(0.,0.,-1.));
#7281=DIRECTION('ref_axis',(1.,0.,0.));
#7282=DIRECTION('',(-1.,0.,0.));
#7283=DIRECTION('',(0.,-1.,0.));
#7284=DIRECTION('',(1.,0.,0.));
#7285=DIRECTION('center_axis',(0.,0.,1.));
#7286=DIRECTION('ref_axis',(-1.,0.,0.));
#7287=DIRECTION('',(1.,0.,0.));
#7288=DIRECTION('',(-1.,0.,0.));
#7289=DIRECTION('',(0.,-1.,0.));
#7290=DIRECTION('center_axis',(0.,-1.,0.));
#7291=DIRECTION('ref_axis',(0.969523078631963,0.,0.245));
#7292=DIRECTION('center_axis',(0.,1.,0.));
#7293=DIRECTION('ref_axis',(0.969523078631963,0.,0.245));
#7294=DIRECTION('center_axis',(0.,-1.,0.));
#7295=DIRECTION('ref_axis',(0.969523078631963,0.,0.245));
#7296=DIRECTION('center_axis',(0.,-1.,0.));
#7297=DIRECTION('ref_axis',(0.,0.,-1.));
#7298=DIRECTION('center_axis',(0.,-1.,0.));
#7299=DIRECTION('ref_axis',(0.,0.,-1.));
#7300=DIRECTION('',(0.,0.,1.));
#7301=DIRECTION('',(1.,0.,0.));
#7302=DIRECTION('',(-2.545815E-11,8.64554599999999E-28,-1.));
#7303=DIRECTION('',(1.,-3.39415099999999E-17,-2.545815E-11));
#7304=DIRECTION('',(-6.40501500000003E-13,-1.04293000000001E-17,-1.));
#7305=DIRECTION('',(-1.,-7.35753400000002E-17,6.40501500000003E-13));
#7306=DIRECTION('',(-1.454448E-12,1.206673E-17,-1.));
#7307=DIRECTION('',(1.,-6.60638199999999E-17,-1.454448E-12));
#7308=DIRECTION('',(-4.40334599999999E-16,-1.206673E-17,1.));
#7309=DIRECTION('',(-1.004696E-16,1.,1.206673E-17));
#7310=DIRECTION('',(-0.884489768588932,5.84327800000001E-17,0.466559588114421));
#7311=DIRECTION('',(-6.34324836449125E-17,1.,-2.45495250120163E-16));
#7312=DIRECTION('',(1.016222E-16,-1.206673E-17,1.));
#7313=DIRECTION('',(8.68805100000002E-17,1.,1.206673E-17));
#7314=DIRECTION('',(2.516112E-16,-1.206673E-17,1.));
#7315=DIRECTION('',(1.21575E-16,1.,1.206673E-17));
#7316=DIRECTION('',(-1.04293E-17,1.04293E-17,1.));
#7317=DIRECTION('',(7.357534E-17,-1.,1.04293E-17));
#7318=DIRECTION('',(-1.04293E-17,1.04293E-17,1.));
#7319=DIRECTION('',(7.357534E-17,-1.,1.04293E-17));
#7320=DIRECTION('',(-1.04293E-17,1.04293E-17,1.));
#7321=DIRECTION('',(7.357534E-17,-1.,1.04293E-17));
#7322=DIRECTION('',(-1.04293E-17,1.04293E-17,1.));
#7323=DIRECTION('',(7.357534E-17,-1.,1.04293E-17));
#7324=DIRECTION('',(-1.,-1.432546E-16,-2.931488E-16));
#7325=DIRECTION('',(-2.931488E-16,5.47382212626882E-48,1.));
#7326=DIRECTION('',(-1.,-1.432546E-16,-2.931488E-16));
#7327=DIRECTION('',(-2.931488E-16,5.47382212626882E-48,1.));
#7328=DIRECTION('',(-1.,-2.954626E-16,-2.931488E-16));
#7329=DIRECTION('',(-2.931488E-16,0.,1.));
#7330=DIRECTION('',(-1.,-2.954626E-16,-2.931488E-16));
#7331=DIRECTION('',(-2.931488E-16,0.,1.));
#7332=DIRECTION('',(0.,-1.,-2.22044604925031E-16));
#7333=DIRECTION('',(1.,0.,0.));
#7334=CARTESIAN_POINT('',(0.,0.,0.));
#7335=CARTESIAN_POINT('',(0.,0.,0.));
#7336=CARTESIAN_POINT('',(0.,0.,0.));
#7337=CARTESIAN_POINT('Origin',(0.,-66.,-1.271871E-11));
#7338=CARTESIAN_POINT('',(1.41079887958139,-66.,-0.200677655400363));
#7339=CARTESIAN_POINT('',(1.31126972648273,-66.,0.098978302709155));
#7340=CARTESIAN_POINT('Origin',(1.95942586504835,-66.,0.14790293903566));
#7341=CARTESIAN_POINT('',(0.200677655315146,-66.,-1.41079887960443));
#7342=CARTESIAN_POINT('Origin',(0.,-66.,-1.271871E-11));
#7343=CARTESIAN_POINT('',(-0.098978302789162,-66.,-1.31126972649037));
#7344=CARTESIAN_POINT('Origin',(-0.147902939149133,-66.,-1.95942586505353));
#7345=CARTESIAN_POINT('Origin',(0.,-66.,-1.271871E-11));
#7346=CARTESIAN_POINT('Origin',(0.,-70.,-1.271871E-11));
#7347=CARTESIAN_POINT('',(1.41079887958139,-74.,-0.200677655400363));
#7348=CARTESIAN_POINT('',(1.41079887958139,-74.,-0.200677655400363));
#7349=CARTESIAN_POINT('',(0.200677655315146,-74.,-1.41079887960443));
#7350=CARTESIAN_POINT('Origin',(0.,-74.,-1.271871E-11));
#7351=CARTESIAN_POINT('',(0.200677655315146,-66.,-1.41079887960443));
#7352=CARTESIAN_POINT('Origin',(94.999999999753,-66.,-1.278456E-11));
#7353=CARTESIAN_POINT('',(94.7993223444379,-66.,-1.4107988796045));
#7354=CARTESIAN_POINT('',(95.0989783025422,-66.,-1.3112697264905));
#7355=CARTESIAN_POINT('Origin',(95.1479029389022,-66.,-1.95942586505351));
#7356=CARTESIAN_POINT('',(93.5892011201716,-66.,-0.200677655400375));
#7357=CARTESIAN_POINT('Origin',(94.999999999753,-66.,-1.278456E-11));
#7358=CARTESIAN_POINT('',(93.6887302732703,-66.,0.098978302709159));
#7359=CARTESIAN_POINT('Origin',(93.0405741347046,-66.,0.14790293903567));
#7360=CARTESIAN_POINT('Origin',(94.999999999753,-66.,-1.278456E-11));
#7361=CARTESIAN_POINT('Origin',(94.999999999753,-70.,-1.278456E-11));
#7362=CARTESIAN_POINT('',(94.7993223444379,-74.,-1.4107988796045));
#7363=CARTESIAN_POINT('',(94.7993223444379,-74.,-1.4107988796045));
#7364=CARTESIAN_POINT('',(93.5892011201716,-74.,-0.200677655400375));
#7365=CARTESIAN_POINT('Origin',(94.999999999753,-74.,-1.278456E-11));
#7366=CARTESIAN_POINT('',(93.5892011201716,-66.,-0.200677655400375));
#7367=CARTESIAN_POINT('Origin',(1.95942586504835,0.,0.14790293903566));
#7368=CARTESIAN_POINT('',(1.31126972648273,-8.,0.098978302709155));
#7369=CARTESIAN_POINT('',(1.31126972648273,-8.,0.098978302709155));
#7370=CARTESIAN_POINT('',(1.41079887958139,-8.,-0.200677655400363));
#7371=CARTESIAN_POINT('Origin',(1.95942586504835,-8.,0.14790293903566));
#7372=CARTESIAN_POINT('',(1.41079887958139,0.,-0.200677655400363));
#7373=CARTESIAN_POINT('',(1.41079887958139,-8.,-0.200677655400363));
#7374=CARTESIAN_POINT('',(2.60942586504832,0.,0.147902939035519));
#7375=CARTESIAN_POINT('Origin',(1.95942586504835,0.,0.14790293903566));
#7376=CARTESIAN_POINT('',(2.60942586504832,-74.,0.147902939035519));
#7377=CARTESIAN_POINT('',(2.60942586504832,0.,0.147902939035519));
#7378=CARTESIAN_POINT('Origin',(1.95942586504835,-74.,0.14790293903566));
#7379=CARTESIAN_POINT('Origin',(0.,0.,-1.271871E-11));
#7380=CARTESIAN_POINT('',(-0.098978302789162,-8.,-1.31126972649037));
#7381=CARTESIAN_POINT('',(-0.098978302789162,-8.,-1.31126972649037));
#7382=CARTESIAN_POINT('Origin',(0.,-8.,-1.271871E-11));
#7383=CARTESIAN_POINT('Origin',(-0.147902939149133,0.,-1.95942586505353));
#7384=CARTESIAN_POINT('',(-0.147902939148991,-74.,-2.60942586505358));
#7385=CARTESIAN_POINT('Origin',(-0.147902939149133,-74.,-1.95942586505353));
#7386=CARTESIAN_POINT('',(-0.147902939148991,0.,-2.60942586505358));
#7387=CARTESIAN_POINT('',(-0.147902939148991,0.,-2.60942586505358));
#7388=CARTESIAN_POINT('',(0.200677655315146,0.,-1.41079887960443));
#7389=CARTESIAN_POINT('Origin',(-0.147902939149133,0.,-1.95942586505353));
#7390=CARTESIAN_POINT('',(0.200677655315146,-8.,-1.41079887960443));
#7391=CARTESIAN_POINT('',(0.200677655315146,0.,-1.41079887960443));
#7392=CARTESIAN_POINT('Origin',(-0.147902939149133,-8.,-1.95942586505353));
#7393=CARTESIAN_POINT('Origin',(95.1479029389022,0.,-1.95942586505351));
#7394=CARTESIAN_POINT('',(95.0989783025422,-8.,-1.3112697264905));
#7395=CARTESIAN_POINT('',(95.0989783025422,-8.,-1.3112697264905));
#7396=CARTESIAN_POINT('',(94.7993223444379,-8.,-1.4107988796045));
#7397=CARTESIAN_POINT('Origin',(95.1479029389022,-8.,-1.95942586505351));
#7398=CARTESIAN_POINT('',(94.7993223444379,0.,-1.4107988796045));
#7399=CARTESIAN_POINT('',(94.7993223444379,-8.,-1.4107988796045));
#7400=CARTESIAN_POINT('',(95.1479029389022,0.,-2.60942586505342));
#7401=CARTESIAN_POINT('Origin',(95.1479029389022,0.,-1.95942586505351));
#7402=CARTESIAN_POINT('',(95.1479029389022,-74.,-2.60942586505342));
#7403=CARTESIAN_POINT('',(95.1479029389022,0.,-2.60942586505342));
#7404=CARTESIAN_POINT('Origin',(95.1479029389022,-74.,-1.95942586505351));
#7405=CARTESIAN_POINT('Origin',(94.999999999753,0.,-1.278456E-11));
#7406=CARTESIAN_POINT('',(93.6887302732703,-8.,0.098978302709159));
#7407=CARTESIAN_POINT('',(93.6887302732703,-8.,0.098978302709159));
#7408=CARTESIAN_POINT('Origin',(94.999999999753,-8.,-1.278456E-11));
#7409=CARTESIAN_POINT('Origin',(93.0405741347046,0.,0.14790293903567));
#7410=CARTESIAN_POINT('',(92.3905741347047,-74.,0.147902939035528));
#7411=CARTESIAN_POINT('Origin',(93.0405741347046,-74.,0.14790293903567));
#7412=CARTESIAN_POINT('',(92.3905741347047,0.,0.147902939035528));
#7413=CARTESIAN_POINT('',(92.3905741347047,0.,0.147902939035528));
#7414=CARTESIAN_POINT('',(93.5892011201716,0.,-0.200677655400375));
#7415=CARTESIAN_POINT('Origin',(93.0405741347046,0.,0.14790293903567));
#7416=CARTESIAN_POINT('',(93.5892011201716,-8.,-0.200677655400375));
#7417=CARTESIAN_POINT('',(93.5892011201716,0.,-0.200677655400375));
#7418=CARTESIAN_POINT('Origin',(93.0405741347046,-8.,0.14790293903567));
#7419=CARTESIAN_POINT('Origin',(0.,-4.,-1.271871E-11));
#7420=CARTESIAN_POINT('Origin',(0.,-8.,-1.271871E-11));
#7421=CARTESIAN_POINT('Origin',(0.,0.,-1.271871E-11));
#7422=CARTESIAN_POINT('Origin',(0.,-8.,-1.271871E-11));
#7423=CARTESIAN_POINT('Origin',(94.999999999753,-4.,-1.278456E-11));
#7424=CARTESIAN_POINT('Origin',(94.999999999753,-8.,-1.278456E-11));
#7425=CARTESIAN_POINT('Origin',(94.999999999753,0.,-1.278456E-11));
#7426=CARTESIAN_POINT('Origin',(94.999999999753,-8.,-1.278456E-11));
#7427=CARTESIAN_POINT('Origin',(47.5000000005284,0.,0.248971539887585));
#7428=CARTESIAN_POINT('',(-1.00000000002538,0.,-2.60942586504584));
#7429=CARTESIAN_POINT('',(-1.00000000002538,0.,-2.60942586504584));
#7430=CARTESIAN_POINT('',(-1.0000000000511,0.,-2.97762807913063));
#7431=CARTESIAN_POINT('',(-1.0000000000511,0.,-2.97762807913063));
#7432=CARTESIAN_POINT('',(-2.75000000002905,0.,-3.10000000002891));
#7433=CARTESIAN_POINT('',(-2.75000000002905,0.,-3.10000000002891));
#7434=CARTESIAN_POINT('',(-2.75000000004354,0.,-4.90000000002912));
#7435=CARTESIAN_POINT('',(-2.75000000004354,0.,-4.90000000002912));
#7436=CARTESIAN_POINT('',(-1.27907305792462,0.,-5.00285723169444));
#7437=CARTESIAN_POINT('',(-1.27907305792462,0.,-5.00285723169444));
#7438=CARTESIAN_POINT('',(-1.00000000004826,0.,-5.30212644677494));
#7439=CARTESIAN_POINT('Origin',(-1.30000000004799,0.,-5.3021264467721));
#7440=CARTESIAN_POINT('',(-1.00000000005522,0.,-7.00000000093031));
#7441=CARTESIAN_POINT('',(-1.00000000005522,0.,-7.00000000093031));
#7442=CARTESIAN_POINT('',(-0.500000000071166,0.,-7.50000000095714));
#7443=CARTESIAN_POINT('Origin',(-0.500000000043911,0.,-7.00000000094582));
#7444=CARTESIAN_POINT('',(0.199999999906739,0.,-8.20000000096431));
#7445=CARTESIAN_POINT('Origin',(-0.500000000093648,0.,-8.20000000095752));
#7446=CARTESIAN_POINT('',(0.199999999870927,0.,-12.2000000000988));
#7447=CARTESIAN_POINT('',(0.199999999870927,0.,-12.2000000000988));
#7448=CARTESIAN_POINT('',(-0.100000000132068,0.,-12.5000000000987));
#7449=CARTESIAN_POINT('Origin',(-0.100000000130449,0.,-12.2000000000973));
#7450=CARTESIAN_POINT('',(-1.00000000013182,0.,-12.5000000000907));
#7451=CARTESIAN_POINT('',(-1.00000000013182,0.,-12.5000000000907));
#7452=CARTESIAN_POINT('',(-1.30000000012913,0.,-12.2000000000866));
#7453=CARTESIAN_POINT('Origin',(-1.00000000012841,0.,-12.20000000009));
#7454=CARTESIAN_POINT('',(-1.30000000010213,0.,-9.2499999999946));
#7455=CARTESIAN_POINT('',(-1.30000000010213,0.,-9.2499999999946));
#7456=CARTESIAN_POINT('',(-1.60000000010484,0.,-8.94999999999175));
#7457=CARTESIAN_POINT('Origin',(-1.60000000010493,0.,-9.24999999999455));
#7458=CARTESIAN_POINT('',(-3.00000000009902,0.,-8.94999999997925));
#7459=CARTESIAN_POINT('',(-3.00000000009902,0.,-8.94999999997925));
#7460=CARTESIAN_POINT('',(-3.3000000001028,0.,-9.2499999999767));
#7461=CARTESIAN_POINT('Origin',(-3.00000000010216,0.,-9.24999999997988));
#7462=CARTESIAN_POINT('',(-3.30000000012944,0.,-12.2000000000709));
#7463=CARTESIAN_POINT('',(-3.30000000012944,0.,-12.2000000000709));
#7464=CARTESIAN_POINT('',(-3.60000000013215,0.,-12.5000000000683));
#7465=CARTESIAN_POINT('Origin',(-3.60000000012946,0.,-12.2000000000683));
#7466=CARTESIAN_POINT('',(-4.50000000011998,0.,-12.5000000000627));
#7467=CARTESIAN_POINT('',(-4.50000000011998,0.,-12.5000000000627));
#7468=CARTESIAN_POINT('',(-4.90000000005224,0.,-11.3000000001378));
#7469=CARTESIAN_POINT('Origin',(-6.50000000011886,0.,-12.5000000000472));
#7470=CARTESIAN_POINT('',(-5.00000000003439,0.,-11.0000000001601));
#7471=CARTESIAN_POINT('Origin',(-4.50000000003499,0.,-11.0000000001618));
#7472=CARTESIAN_POINT('',(-5.00000000004626,0.,-10.5000000000488));
#7473=CARTESIAN_POINT('',(-5.00000000004626,0.,-10.5000000000488));
#7474=CARTESIAN_POINT('',(-4.900000000045,0.,-10.2000000000486));
#7475=CARTESIAN_POINT('Origin',(-4.50000000004572,0.,-10.5000000000505));
#7476=CARTESIAN_POINT('',(-4.90000000004272,0.,-7.80000000004978));
#7477=CARTESIAN_POINT('Origin',(-6.50000000004384,0.,-9.00000000004767));
#7478=CARTESIAN_POINT('',(-5.00000000004348,0.,-7.50000000004892));
#7479=CARTESIAN_POINT('Origin',(-4.50000000004178,0.,-7.5000000000482));
#7480=CARTESIAN_POINT('',(-5.00000000004274,0.,-7.00000000004867));
#7481=CARTESIAN_POINT('',(-5.00000000004274,0.,-7.00000000004867));
#7482=CARTESIAN_POINT('',(-4.90000000004244,0.,-6.70000000004865));
#7483=CARTESIAN_POINT('Origin',(-4.50000000004266,0.,-7.00000000004909));
#7484=CARTESIAN_POINT('',(-4.90000000004002,0.,-4.30000000005027));
#7485=CARTESIAN_POINT('Origin',(-6.50000000004134,0.,-5.50000000004785));
#7486=CARTESIAN_POINT('',(-5.00000000004016,0.,-4.00000000004869));
#7487=CARTESIAN_POINT('Origin',(-4.50000000003769,0.,-4.00000000004926));
#7488=CARTESIAN_POINT('',(-5.00000000003986,0.,-3.50000000004872));
#7489=CARTESIAN_POINT('',(-5.00000000003986,0.,-3.50000000004872));
#7490=CARTESIAN_POINT('',(-4.90000000003994,0.,-3.20000000004885));
#7491=CARTESIAN_POINT('Origin',(-4.50000000003996,0.,-3.50000000004872));
#7492=CARTESIAN_POINT('',(-4.9000000000375,0.,-0.800000000049804));
#7493=CARTESIAN_POINT('Origin',(-6.50000000003885,0.,-2.00000000004771));
#7494=CARTESIAN_POINT('',(-5.00000000003804,0.,-0.500000000048645));
#7495=CARTESIAN_POINT('Origin',(-4.50000000003541,0.,-0.500000000048218));
#7496=CARTESIAN_POINT('',(-4.99999999999915,0.,-1.051665E-11));
#7497=CARTESIAN_POINT('',(-4.99999999999915,0.,-1.051665E-11));
#7498=CARTESIAN_POINT('',(4.56164E-11,0.,4.99999999998721));
#7499=CARTESIAN_POINT('Origin',(-2.174261E-11,0.,8.242296E-12));
#7500=CARTESIAN_POINT('',(3.00000000004111,0.,4.99999999997847));
#7501=CARTESIAN_POINT('',(3.00000000004111,0.,4.99999999997847));
#7502=CARTESIAN_POINT('',(3.00000000003543,0.,3.99999999996005));
#7503=CARTESIAN_POINT('',(3.00000000003543,0.,3.99999999996005));
#7504=CARTESIAN_POINT('',(91.9999999997178,0.,3.99999999996008));
#7505=CARTESIAN_POINT('',(91.9999999997178,0.,3.99999999996008));
#7506=CARTESIAN_POINT('',(91.9999999997121,0.,4.99999999997848));
#7507=CARTESIAN_POINT('',(91.9999999997121,0.,4.99999999997848));
#7508=CARTESIAN_POINT('',(94.9999999997074,0.,4.99999999998707));
#7509=CARTESIAN_POINT('',(94.9999999997074,0.,4.99999999998707));
#7510=CARTESIAN_POINT('',(99.999999999752,0.,-1.050194E-11));
#7511=CARTESIAN_POINT('Origin',(94.9999999997313,0.,-3.367895E-11));
#7512=CARTESIAN_POINT('',(99.9999999997913,0.,-0.500000000048621));
#7513=CARTESIAN_POINT('',(99.9999999997913,0.,-0.500000000048621));
#7514=CARTESIAN_POINT('',(99.8999999997908,0.,-0.800000000049724));
#7515=CARTESIAN_POINT('Origin',(99.4999999997887,0.,-0.500000000048157));
#7516=CARTESIAN_POINT('',(99.899999999793,0.,-3.20000000004883));
#7517=CARTESIAN_POINT('Origin',(101.499999999792,0.,-2.00000000004775));
#7518=CARTESIAN_POINT('',(99.999999999793,0.,-3.5000000000487));
#7519=CARTESIAN_POINT('Origin',(99.4999999997931,0.,-3.5000000000487));
#7520=CARTESIAN_POINT('',(99.9999999997933,0.,-4.00000000004868));
#7521=CARTESIAN_POINT('',(99.9999999997933,0.,-4.00000000004868));
#7522=CARTESIAN_POINT('',(99.8999999997933,0.,-4.30000000004996));
#7523=CARTESIAN_POINT('Origin',(99.4999999997909,0.,-4.00000000004919));
#7524=CARTESIAN_POINT('',(99.8999999997956,0.,-6.70000000004878));
#7525=CARTESIAN_POINT('Origin',(101.499999999794,0.,-5.50000000004788));
#7526=CARTESIAN_POINT('',(99.9999999997958,0.,-7.00000000004867));
#7527=CARTESIAN_POINT('Origin',(99.4999999997958,0.,-7.00000000004909));
#7528=CARTESIAN_POINT('',(99.9999999997967,0.,-7.50000000004893));
#7529=CARTESIAN_POINT('',(99.9999999997967,0.,-7.50000000004893));
#7530=CARTESIAN_POINT('',(99.899999999796,0.,-7.80000000004963));
#7531=CARTESIAN_POINT('Origin',(99.499999999795,0.,-7.50000000004819));
#7532=CARTESIAN_POINT('',(99.8999999997982,0.,-10.2000000000486));
#7533=CARTESIAN_POINT('Origin',(101.499999999797,0.,-9.00000000004768));
#7534=CARTESIAN_POINT('',(99.9999999997994,0.,-10.5000000000487));
#7535=CARTESIAN_POINT('Origin',(99.4999999997988,0.,-10.5000000000504));
#7536=CARTESIAN_POINT('',(99.9999999997874,0.,-11.0000000001601));
#7537=CARTESIAN_POINT('',(99.9999999997874,0.,-11.0000000001601));
#7538=CARTESIAN_POINT('',(99.8999999998053,0.,-11.3000000001378));
#7539=CARTESIAN_POINT('Origin',(99.499999999788,0.,-11.0000000001618));
#7540=CARTESIAN_POINT('',(99.499999999873,0.,-12.5000000000627));
#7541=CARTESIAN_POINT('Origin',(101.499999999872,0.,-12.5000000000472));
#7542=CARTESIAN_POINT('',(98.5999999998852,0.,-12.5000000000682));
#7543=CARTESIAN_POINT('',(98.5999999998852,0.,-12.5000000000682));
#7544=CARTESIAN_POINT('',(98.2999999998826,0.,-12.2000000000709));
#7545=CARTESIAN_POINT('Origin',(98.5999999998826,0.,-12.2000000000683));
#7546=CARTESIAN_POINT('',(98.2999999998562,0.,-9.24999999997668));
#7547=CARTESIAN_POINT('',(98.2999999998562,0.,-9.24999999997668));
#7548=CARTESIAN_POINT('',(97.9999999998522,0.,-8.94999999997908));
#7549=CARTESIAN_POINT('Origin',(97.9999999998554,0.,-9.24999999997982));
#7550=CARTESIAN_POINT('',(96.599999999858,0.,-8.94999999999173));
#7551=CARTESIAN_POINT('',(96.599999999858,0.,-8.94999999999173));
#7552=CARTESIAN_POINT('',(96.2999999998552,0.,-9.2499999999946));
#7553=CARTESIAN_POINT('Origin',(96.599999999858,0.,-9.24999999999459));
#7554=CARTESIAN_POINT('',(96.2999999998822,0.,-12.2000000000866));
#7555=CARTESIAN_POINT('',(96.2999999998822,0.,-12.2000000000866));
#7556=CARTESIAN_POINT('',(95.999999999885,0.,-12.5000000000905));
#7557=CARTESIAN_POINT('Origin',(95.9999999998815,0.,-12.2000000000899));
#7558=CARTESIAN_POINT('',(95.0999999998852,0.,-12.5000000000985));
#7559=CARTESIAN_POINT('',(95.0999999998852,0.,-12.5000000000985));
#7560=CARTESIAN_POINT('',(94.7999999998822,0.,-12.2000000000988));
#7561=CARTESIAN_POINT('Origin',(95.0999999998835,0.,-12.2000000000972));
#7562=CARTESIAN_POINT('',(94.7999999998464,0.,-8.2000000009643));
#7563=CARTESIAN_POINT('',(94.7999999998464,0.,-8.2000000009643));
#7564=CARTESIAN_POINT('',(95.4999999998243,0.,-7.50000000095722));
#7565=CARTESIAN_POINT('Origin',(95.4999999998468,0.,-8.20000000095762));
#7566=CARTESIAN_POINT('',(95.9999999998085,0.,-7.00000000093028));
#7567=CARTESIAN_POINT('Origin',(95.4999999997971,0.,-7.00000000094577));
#7568=CARTESIAN_POINT('',(95.9999999998014,0.,-5.30212644677494));
#7569=CARTESIAN_POINT('',(95.9999999998014,0.,-5.30212644677494));
#7570=CARTESIAN_POINT('',(96.2790730576778,0.,-5.00285723169443));
#7571=CARTESIAN_POINT('Origin',(96.2999999998011,0.,-5.30212644677209));
#7572=CARTESIAN_POINT('',(97.7499999997967,0.,-4.9000000000291));
#7573=CARTESIAN_POINT('',(97.7499999997967,0.,-4.9000000000291));
#7574=CARTESIAN_POINT('',(97.7499999997822,0.,-3.10000000002889));
#7575=CARTESIAN_POINT('',(97.7499999997822,0.,-3.10000000002889));
#7576=CARTESIAN_POINT('',(95.9999999998043,0.,-2.97762807913061));
#7577=CARTESIAN_POINT('',(95.9999999998043,0.,-2.97762807913061));
#7578=CARTESIAN_POINT('',(95.9999999997784,0.,-2.60942586504582));
#7579=CARTESIAN_POINT('',(95.9999999997784,0.,-2.60942586504582));
#7580=CARTESIAN_POINT('',(95.1479029389022,0.,-2.60942586505342));
#7581=CARTESIAN_POINT('',(92.3905741346932,0.,1.49999999992567));
#7582=CARTESIAN_POINT('',(92.3905741346932,0.,1.49999999992567));
#7583=CARTESIAN_POINT('',(91.8905741352138,0.,1.99999999992174));
#7584=CARTESIAN_POINT('Origin',(91.8905741349558,0.,1.50000000018431));
#7585=CARTESIAN_POINT('',(3.10942588398213,0.,2.00000000068158));
#7586=CARTESIAN_POINT('',(3.10942588398213,0.,2.00000000068158));
#7587=CARTESIAN_POINT('',(2.60942586506026,0.,1.49999999992566));
#7588=CARTESIAN_POINT('Origin',(3.10942586479753,0.,1.50000000094431));
#7589=CARTESIAN_POINT('',(2.60942586504832,0.,0.147902939035519));
#7590=CARTESIAN_POINT('Origin',(3.10942586479753,0.,1.50000000094431));
#7591=CARTESIAN_POINT('',(3.10942588398213,-74.,2.00000000068158));
#7592=CARTESIAN_POINT('',(3.10942588398213,0.,2.00000000068158));
#7593=CARTESIAN_POINT('',(2.60942586506026,-74.,1.49999999992566));
#7594=CARTESIAN_POINT('Origin',(3.10942586479753,-74.,1.50000000094431));
#7595=CARTESIAN_POINT('',(2.60942586506026,0.,1.49999999992566));
#7596=CARTESIAN_POINT('Origin',(2.60942586504832,0.,0.147902939035519));
#7597=CARTESIAN_POINT('',(2.60942586504832,-74.,0.147902939035519));
#7598=CARTESIAN_POINT('Origin',(-1.00000000002538,0.,-2.60942586504584));
#7599=CARTESIAN_POINT('',(-1.00000000002538,-74.,-2.60942586504584));
#7600=CARTESIAN_POINT('',(-1.00000000002538,-74.,-2.60942586504584));
#7601=CARTESIAN_POINT('',(-1.00000000002538,0.,-2.60942586504584));
#7602=CARTESIAN_POINT('Origin',(-1.0000000000511,0.,-2.97762807913063));
#7603=CARTESIAN_POINT('',(-1.0000000000511,-74.,-2.97762807913063));
#7604=CARTESIAN_POINT('',(-1.0000000000511,-74.,-2.97762807913063));
#7605=CARTESIAN_POINT('',(-1.0000000000511,0.,-2.97762807913063));
#7606=CARTESIAN_POINT('Origin',(-2.75000000002905,0.,-3.10000000002891));
#7607=CARTESIAN_POINT('',(-2.75000000002905,-74.,-3.10000000002891));
#7608=CARTESIAN_POINT('',(-2.75000000002905,-74.,-3.10000000002891));
#7609=CARTESIAN_POINT('',(-2.75000000002905,0.,-3.10000000002891));
#7610=CARTESIAN_POINT('Origin',(-2.75000000004354,0.,-4.90000000002912));
#7611=CARTESIAN_POINT('',(-2.75000000004354,-74.,-4.90000000002912));
#7612=CARTESIAN_POINT('',(-2.75000000004354,-74.,-4.90000000002912));
#7613=CARTESIAN_POINT('',(-2.75000000004354,0.,-4.90000000002912));
#7614=CARTESIAN_POINT('Origin',(-1.27907305792462,0.,-5.00285723169444));
#7615=CARTESIAN_POINT('',(-1.27907305792462,-74.,-5.00285723169444));
#7616=CARTESIAN_POINT('',(-1.27907305792462,-74.,-5.00285723169444));
#7617=CARTESIAN_POINT('',(-1.27907305792462,0.,-5.00285723169444));
#7618=CARTESIAN_POINT('Origin',(-1.30000000004799,0.,-5.3021264467721));
#7619=CARTESIAN_POINT('',(-1.00000000004826,-74.,-5.30212644677494));
#7620=CARTESIAN_POINT('Origin',(-1.30000000004799,-74.,-5.3021264467721));
#7621=CARTESIAN_POINT('',(-1.00000000004826,0.,-5.30212644677494));
#7622=CARTESIAN_POINT('Origin',(-1.00000000005522,0.,-7.00000000093031));
#7623=CARTESIAN_POINT('',(-1.00000000005522,-74.,-7.00000000093031));
#7624=CARTESIAN_POINT('',(-1.00000000005522,-74.,-7.00000000093031));
#7625=CARTESIAN_POINT('',(-1.00000000005522,0.,-7.00000000093031));
#7626=CARTESIAN_POINT('Origin',(-0.500000000043911,0.,-7.00000000094582));
#7627=CARTESIAN_POINT('',(-0.500000000071166,-74.,-7.50000000095714));
#7628=CARTESIAN_POINT('Origin',(-0.500000000043911,-74.,-7.00000000094582));
#7629=CARTESIAN_POINT('',(-0.500000000071166,0.,-7.50000000095714));
#7630=CARTESIAN_POINT('Origin',(-0.500000000093648,0.,-8.20000000095752));
#7631=CARTESIAN_POINT('',(0.199999999906739,-74.,-8.20000000096431));
#7632=CARTESIAN_POINT('Origin',(-0.500000000093648,-74.,-8.20000000095752));
#7633=CARTESIAN_POINT('',(0.199999999906739,0.,-8.20000000096431));
#7634=CARTESIAN_POINT('Origin',(0.199999999870927,0.,-12.2000000000988));
#7635=CARTESIAN_POINT('',(0.199999999870927,-74.,-12.2000000000988));
#7636=CARTESIAN_POINT('',(0.199999999870927,-74.,-12.2000000000988));
#7637=CARTESIAN_POINT('',(0.199999999870927,0.,-12.2000000000988));
#7638=CARTESIAN_POINT('Origin',(-0.100000000130449,0.,-12.2000000000973));
#7639=CARTESIAN_POINT('',(-0.100000000132068,-74.,-12.5000000000987));
#7640=CARTESIAN_POINT('Origin',(-0.100000000130449,-74.,-12.2000000000973));
#7641=CARTESIAN_POINT('',(-0.100000000132068,0.,-12.5000000000987));
#7642=CARTESIAN_POINT('Origin',(-1.00000000013182,0.,-12.5000000000907));
#7643=CARTESIAN_POINT('',(-1.00000000013182,-74.,-12.5000000000907));
#7644=CARTESIAN_POINT('',(-1.00000000013182,-74.,-12.5000000000907));
#7645=CARTESIAN_POINT('',(-1.00000000013182,0.,-12.5000000000907));
#7646=CARTESIAN_POINT('Origin',(-1.00000000012841,0.,-12.20000000009));
#7647=CARTESIAN_POINT('',(-1.30000000012913,-74.,-12.2000000000866));
#7648=CARTESIAN_POINT('Origin',(-1.00000000012841,-74.,-12.20000000009));
#7649=CARTESIAN_POINT('',(-1.30000000012913,0.,-12.2000000000866));
#7650=CARTESIAN_POINT('Origin',(-1.30000000010213,0.,-9.2499999999946));
#7651=CARTESIAN_POINT('',(-1.30000000010213,-74.,-9.24999999999461));
#7652=CARTESIAN_POINT('',(-1.30000000010213,-74.,-9.2499999999946));
#7653=CARTESIAN_POINT('',(-1.30000000010213,0.,-9.2499999999946));
#7654=CARTESIAN_POINT('Origin',(-1.60000000010493,0.,-9.24999999999455));
#7655=CARTESIAN_POINT('',(-1.60000000010484,-74.,-8.94999999999175));
#7656=CARTESIAN_POINT('Origin',(-1.60000000010493,-74.,-9.24999999999455));
#7657=CARTESIAN_POINT('',(-1.60000000010484,0.,-8.94999999999175));
#7658=CARTESIAN_POINT('Origin',(-3.00000000009902,0.,-8.94999999997925));
#7659=CARTESIAN_POINT('',(-3.00000000009902,-74.,-8.94999999997925));
#7660=CARTESIAN_POINT('',(-3.00000000009902,-74.,-8.94999999997925));
#7661=CARTESIAN_POINT('',(-3.00000000009902,0.,-8.94999999997925));
#7662=CARTESIAN_POINT('Origin',(-3.00000000010216,0.,-9.24999999997988));
#7663=CARTESIAN_POINT('',(-3.30000000010279,-74.,-9.2499999999767));
#7664=CARTESIAN_POINT('Origin',(-3.00000000010216,-74.,-9.24999999997988));
#7665=CARTESIAN_POINT('',(-3.3000000001028,0.,-9.2499999999767));
#7666=CARTESIAN_POINT('Origin',(-3.30000000012944,0.,-12.2000000000709));
#7667=CARTESIAN_POINT('',(-3.30000000012944,-74.,-12.2000000000709));
#7668=CARTESIAN_POINT('',(-3.30000000012944,-74.,-12.2000000000709));
#7669=CARTESIAN_POINT('',(-3.30000000012944,0.,-12.2000000000709));
#7670=CARTESIAN_POINT('Origin',(-3.60000000012946,0.,-12.2000000000683));
#7671=CARTESIAN_POINT('',(-3.60000000013215,-74.,-12.5000000000683));
#7672=CARTESIAN_POINT('Origin',(-3.60000000012946,-74.,-12.2000000000683));
#7673=CARTESIAN_POINT('',(-3.60000000013215,0.,-12.5000000000683));
#7674=CARTESIAN_POINT('Origin',(-4.50000000011998,0.,-12.5000000000627));
#7675=CARTESIAN_POINT('',(-4.50000000011998,-74.,-12.5000000000627));
#7676=CARTESIAN_POINT('',(-4.50000000011998,-74.,-12.5000000000627));
#7677=CARTESIAN_POINT('',(-4.50000000011998,0.,-12.5000000000627));
#7678=CARTESIAN_POINT('Origin',(-6.50000000011886,0.,-12.5000000000472));
#7679=CARTESIAN_POINT('',(-4.90000000005224,-74.,-11.3000000001378));
#7680=CARTESIAN_POINT('Origin',(-6.50000000011886,-74.,-12.5000000000472));
#7681=CARTESIAN_POINT('',(-4.90000000005224,0.,-11.3000000001378));
#7682=CARTESIAN_POINT('Origin',(-4.50000000003499,0.,-11.0000000001618));
#7683=CARTESIAN_POINT('',(-5.00000000003439,-74.,-11.0000000001601));
#7684=CARTESIAN_POINT('Origin',(-4.50000000003499,-74.,-11.0000000001618));
#7685=CARTESIAN_POINT('',(-5.00000000003439,0.,-11.0000000001601));
#7686=CARTESIAN_POINT('Origin',(-5.00000000004626,0.,-10.5000000000488));
#7687=CARTESIAN_POINT('',(-5.00000000004626,-74.,-10.5000000000488));
#7688=CARTESIAN_POINT('',(-5.00000000004626,-74.,-10.5000000000488));
#7689=CARTESIAN_POINT('',(-5.00000000004626,0.,-10.5000000000488));
#7690=CARTESIAN_POINT('Origin',(-4.50000000004572,0.,-10.5000000000505));
#7691=CARTESIAN_POINT('',(-4.900000000045,-74.,-10.2000000000486));
#7692=CARTESIAN_POINT('Origin',(-4.50000000004572,-74.,-10.5000000000505));
#7693=CARTESIAN_POINT('',(-4.900000000045,0.,-10.2000000000486));
#7694=CARTESIAN_POINT('Origin',(-6.50000000004384,0.,-9.00000000004767));
#7695=CARTESIAN_POINT('',(-4.90000000004272,-74.,-7.80000000004978));
#7696=CARTESIAN_POINT('Origin',(-6.50000000004384,-74.,-9.00000000004767));
#7697=CARTESIAN_POINT('',(-4.90000000004272,0.,-7.80000000004978));
#7698=CARTESIAN_POINT('Origin',(-4.50000000004178,0.,-7.5000000000482));
#7699=CARTESIAN_POINT('',(-5.00000000004348,-74.,-7.50000000004892));
#7700=CARTESIAN_POINT('Origin',(-4.50000000004178,-74.,-7.5000000000482));
#7701=CARTESIAN_POINT('',(-5.00000000004348,0.,-7.50000000004892));
#7702=CARTESIAN_POINT('Origin',(-5.00000000004274,0.,-7.00000000004867));
#7703=CARTESIAN_POINT('',(-5.00000000004274,-74.,-7.00000000004867));
#7704=CARTESIAN_POINT('',(-5.00000000004274,-74.,-7.00000000004867));
#7705=CARTESIAN_POINT('',(-5.00000000004274,0.,-7.00000000004867));
#7706=CARTESIAN_POINT('Origin',(-4.50000000004266,0.,-7.00000000004909));
#7707=CARTESIAN_POINT('',(-4.90000000004244,-74.,-6.70000000004866));
#7708=CARTESIAN_POINT('Origin',(-4.50000000004266,-74.,-7.00000000004909));
#7709=CARTESIAN_POINT('',(-4.90000000004244,0.,-6.70000000004865));
#7710=CARTESIAN_POINT('Origin',(-6.50000000004134,0.,-5.50000000004785));
#7711=CARTESIAN_POINT('',(-4.90000000004002,-74.,-4.30000000005027));
#7712=CARTESIAN_POINT('Origin',(-6.50000000004134,-74.,-5.50000000004785));
#7713=CARTESIAN_POINT('',(-4.90000000004002,0.,-4.30000000005027));
#7714=CARTESIAN_POINT('Origin',(-4.50000000003769,0.,-4.00000000004926));
#7715=CARTESIAN_POINT('',(-5.00000000004016,-74.,-4.00000000004869));
#7716=CARTESIAN_POINT('Origin',(-4.50000000003769,-74.,-4.00000000004926));
#7717=CARTESIAN_POINT('',(-5.00000000004016,0.,-4.00000000004869));
#7718=CARTESIAN_POINT('Origin',(-5.00000000003986,0.,-3.50000000004872));
#7719=CARTESIAN_POINT('',(-5.00000000003986,-74.,-3.50000000004872));
#7720=CARTESIAN_POINT('',(-5.00000000003986,-74.,-3.50000000004872));
#7721=CARTESIAN_POINT('',(-5.00000000003986,0.,-3.50000000004872));
#7722=CARTESIAN_POINT('Origin',(-4.50000000003996,0.,-3.50000000004872));
#7723=CARTESIAN_POINT('',(-4.90000000003994,-74.,-3.20000000004885));
#7724=CARTESIAN_POINT('Origin',(-4.50000000003996,-74.,-3.50000000004872));
#7725=CARTESIAN_POINT('',(-4.90000000003994,0.,-3.20000000004885));
#7726=CARTESIAN_POINT('Origin',(-6.50000000003885,0.,-2.00000000004771));
#7727=CARTESIAN_POINT('',(-4.9000000000375,-74.,-0.800000000049804));
#7728=CARTESIAN_POINT('Origin',(-6.50000000003885,-74.,-2.00000000004771));
#7729=CARTESIAN_POINT('',(-4.9000000000375,0.,-0.800000000049804));
#7730=CARTESIAN_POINT('Origin',(-4.50000000003541,0.,-0.500000000048218));
#7731=CARTESIAN_POINT('',(-5.00000000003804,-74.,-0.500000000048644));
#7732=CARTESIAN_POINT('Origin',(-4.50000000003541,-74.,-0.500000000048218));
#7733=CARTESIAN_POINT('',(-5.00000000003804,0.,-0.500000000048645));
#7734=CARTESIAN_POINT('Origin',(-4.99999999999915,0.,-1.051665E-11));
#7735=CARTESIAN_POINT('',(-4.99999999999915,-74.,-1.051659E-11));
#7736=CARTESIAN_POINT('',(-4.99999999999915,-74.,-1.051665E-11));
#7737=CARTESIAN_POINT('',(-4.99999999999915,0.,-1.051665E-11));
#7738=CARTESIAN_POINT('Origin',(-2.174261E-11,0.,8.242296E-12));
#7739=CARTESIAN_POINT('',(4.561629E-11,-74.,4.99999999998721));
#7740=CARTESIAN_POINT('Origin',(-2.174261E-11,-74.,8.242296E-12));
#7741=CARTESIAN_POINT('',(4.56164E-11,0.,4.99999999998721));
#7742=CARTESIAN_POINT('Origin',(3.00000000004111,0.,4.99999999997847));
#7743=CARTESIAN_POINT('',(3.00000000004111,-74.,4.99999999997847));
#7744=CARTESIAN_POINT('',(3.00000000004111,-74.,4.99999999997847));
#7745=CARTESIAN_POINT('',(3.00000000004111,0.,4.99999999997847));
#7746=CARTESIAN_POINT('Origin',(3.00000000003543,0.,3.99999999996005));
#7747=CARTESIAN_POINT('',(3.00000000003543,-74.,3.99999999996005));
#7748=CARTESIAN_POINT('',(3.00000000003543,-74.,3.99999999996005));
#7749=CARTESIAN_POINT('',(3.00000000003543,0.,3.99999999996005));
#7750=CARTESIAN_POINT('Origin',(91.9999999997178,0.,3.99999999996008));
#7751=CARTESIAN_POINT('',(91.9999999997178,-74.,3.99999999996008));
#7752=CARTESIAN_POINT('',(91.9999999997178,-74.,3.99999999996008));
#7753=CARTESIAN_POINT('',(91.9999999997178,0.,3.99999999996008));
#7754=CARTESIAN_POINT('Origin',(91.9999999997121,0.,4.99999999997848));
#7755=CARTESIAN_POINT('',(91.9999999997121,-74.,4.99999999997848));
#7756=CARTESIAN_POINT('',(91.9999999997121,-74.,4.99999999997848));
#7757=CARTESIAN_POINT('',(91.9999999997121,0.,4.99999999997848));
#7758=CARTESIAN_POINT('Origin',(94.9999999997074,0.,4.99999999998707));
#7759=CARTESIAN_POINT('',(94.9999999997074,-74.,4.99999999998707));
#7760=CARTESIAN_POINT('',(94.9999999997074,-74.,4.99999999998707));
#7761=CARTESIAN_POINT('',(94.9999999997074,0.,4.99999999998707));
#7762=CARTESIAN_POINT('Origin',(94.9999999997313,0.,-3.367895E-11));
#7763=CARTESIAN_POINT('',(99.999999999752,-74.,-1.050188E-11));
#7764=CARTESIAN_POINT('Origin',(94.9999999997313,-74.,-3.367895E-11));
#7765=CARTESIAN_POINT('',(99.999999999752,0.,-1.050194E-11));
#7766=CARTESIAN_POINT('Origin',(99.9999999997913,0.,-0.500000000048621));
#7767=CARTESIAN_POINT('',(99.9999999997913,-74.,-0.500000000048621));
#7768=CARTESIAN_POINT('',(99.9999999997913,-74.,-0.500000000048621));
#7769=CARTESIAN_POINT('',(99.9999999997913,0.,-0.500000000048621));
#7770=CARTESIAN_POINT('Origin',(99.4999999997887,0.,-0.500000000048157));
#7771=CARTESIAN_POINT('',(99.8999999997908,-74.,-0.800000000049725));
#7772=CARTESIAN_POINT('Origin',(99.4999999997887,-74.,-0.500000000048157));
#7773=CARTESIAN_POINT('',(99.8999999997908,0.,-0.800000000049724));
#7774=CARTESIAN_POINT('Origin',(101.499999999792,0.,-2.00000000004775));
#7775=CARTESIAN_POINT('',(99.899999999793,-74.,-3.20000000004883));
#7776=CARTESIAN_POINT('Origin',(101.499999999792,-74.,-2.00000000004775));
#7777=CARTESIAN_POINT('',(99.899999999793,0.,-3.20000000004883));
#7778=CARTESIAN_POINT('Origin',(99.4999999997931,0.,-3.5000000000487));
#7779=CARTESIAN_POINT('',(99.999999999793,-74.,-3.5000000000487));
#7780=CARTESIAN_POINT('Origin',(99.4999999997931,-74.,-3.5000000000487));
#7781=CARTESIAN_POINT('',(99.999999999793,0.,-3.5000000000487));
#7782=CARTESIAN_POINT('Origin',(99.9999999997933,0.,-4.00000000004868));
#7783=CARTESIAN_POINT('',(99.9999999997933,-74.,-4.00000000004868));
#7784=CARTESIAN_POINT('',(99.9999999997933,-74.,-4.00000000004868));
#7785=CARTESIAN_POINT('',(99.9999999997933,0.,-4.00000000004868));
#7786=CARTESIAN_POINT('Origin',(99.4999999997909,0.,-4.00000000004919));
#7787=CARTESIAN_POINT('',(99.8999999997933,-74.,-4.30000000004996));
#7788=CARTESIAN_POINT('Origin',(99.4999999997909,-74.,-4.00000000004919));
#7789=CARTESIAN_POINT('',(99.8999999997933,0.,-4.30000000004996));
#7790=CARTESIAN_POINT('Origin',(101.499999999794,0.,-5.50000000004788));
#7791=CARTESIAN_POINT('',(99.8999999997956,-74.,-6.70000000004878));
#7792=CARTESIAN_POINT('Origin',(101.499999999794,-74.,-5.50000000004788));
#7793=CARTESIAN_POINT('',(99.8999999997956,0.,-6.70000000004878));
#7794=CARTESIAN_POINT('Origin',(99.4999999997958,0.,-7.00000000004909));
#7795=CARTESIAN_POINT('',(99.9999999997958,-74.,-7.00000000004867));
#7796=CARTESIAN_POINT('Origin',(99.4999999997958,-74.,-7.00000000004909));
#7797=CARTESIAN_POINT('',(99.9999999997958,0.,-7.00000000004867));
#7798=CARTESIAN_POINT('Origin',(99.9999999997967,0.,-7.50000000004893));
#7799=CARTESIAN_POINT('',(99.9999999997967,-74.,-7.50000000004893));
#7800=CARTESIAN_POINT('',(99.9999999997967,-74.,-7.50000000004893));
#7801=CARTESIAN_POINT('',(99.9999999997967,0.,-7.50000000004893));
#7802=CARTESIAN_POINT('Origin',(99.499999999795,0.,-7.50000000004819));
#7803=CARTESIAN_POINT('',(99.899999999796,-74.,-7.80000000004963));
#7804=CARTESIAN_POINT('Origin',(99.499999999795,-74.,-7.50000000004819));
#7805=CARTESIAN_POINT('',(99.899999999796,0.,-7.80000000004963));
#7806=CARTESIAN_POINT('Origin',(101.499999999797,0.,-9.00000000004768));
#7807=CARTESIAN_POINT('',(99.8999999997982,-74.,-10.2000000000486));
#7808=CARTESIAN_POINT('Origin',(101.499999999797,-74.,-9.00000000004768));
#7809=CARTESIAN_POINT('',(99.8999999997982,0.,-10.2000000000486));
#7810=CARTESIAN_POINT('Origin',(99.4999999997988,0.,-10.5000000000504));
#7811=CARTESIAN_POINT('',(99.9999999997994,-74.,-10.5000000000487));
#7812=CARTESIAN_POINT('Origin',(99.4999999997988,-74.,-10.5000000000504));
#7813=CARTESIAN_POINT('',(99.9999999997994,0.,-10.5000000000487));
#7814=CARTESIAN_POINT('Origin',(99.9999999997874,0.,-11.0000000001601));
#7815=CARTESIAN_POINT('',(99.9999999997874,-74.,-11.0000000001601));
#7816=CARTESIAN_POINT('',(99.9999999997874,-74.,-11.0000000001601));
#7817=CARTESIAN_POINT('',(99.9999999997874,0.,-11.0000000001601));
#7818=CARTESIAN_POINT('Origin',(99.499999999788,0.,-11.0000000001618));
#7819=CARTESIAN_POINT('',(99.8999999998053,-74.,-11.3000000001378));
#7820=CARTESIAN_POINT('Origin',(99.499999999788,-74.,-11.0000000001618));
#7821=CARTESIAN_POINT('',(99.8999999998053,0.,-11.3000000001378));
#7822=CARTESIAN_POINT('Origin',(101.499999999872,0.,-12.5000000000472));
#7823=CARTESIAN_POINT('',(99.499999999873,-74.,-12.5000000000627));
#7824=CARTESIAN_POINT('Origin',(101.499999999872,-74.,-12.5000000000472));
#7825=CARTESIAN_POINT('',(99.499999999873,0.,-12.5000000000627));
#7826=CARTESIAN_POINT('Origin',(98.5999999998852,0.,-12.5000000000682));
#7827=CARTESIAN_POINT('',(98.5999999998852,-74.,-12.5000000000682));
#7828=CARTESIAN_POINT('',(98.5999999998852,-74.,-12.5000000000682));
#7829=CARTESIAN_POINT('',(98.5999999998852,0.,-12.5000000000682));
#7830=CARTESIAN_POINT('Origin',(98.5999999998826,0.,-12.2000000000683));
#7831=CARTESIAN_POINT('',(98.2999999998826,-74.,-12.2000000000709));
#7832=CARTESIAN_POINT('Origin',(98.5999999998826,-74.,-12.2000000000683));
#7833=CARTESIAN_POINT('',(98.2999999998826,0.,-12.2000000000709));
#7834=CARTESIAN_POINT('Origin',(98.2999999998562,0.,-9.24999999997668));
#7835=CARTESIAN_POINT('',(98.2999999998562,-74.,-9.24999999997668));
#7836=CARTESIAN_POINT('',(98.2999999998562,-74.,-9.24999999997668));
#7837=CARTESIAN_POINT('',(98.2999999998562,0.,-9.24999999997668));
#7838=CARTESIAN_POINT('Origin',(97.9999999998554,0.,-9.24999999997982));
#7839=CARTESIAN_POINT('',(97.9999999998522,-74.,-8.94999999997908));
#7840=CARTESIAN_POINT('Origin',(97.9999999998554,-74.,-9.24999999997982));
#7841=CARTESIAN_POINT('',(97.9999999998522,0.,-8.94999999997908));
#7842=CARTESIAN_POINT('Origin',(96.599999999858,0.,-8.94999999999173));
#7843=CARTESIAN_POINT('',(96.599999999858,-74.,-8.94999999999173));
#7844=CARTESIAN_POINT('',(96.599999999858,-74.,-8.94999999999173));
#7845=CARTESIAN_POINT('',(96.599999999858,0.,-8.94999999999173));
#7846=CARTESIAN_POINT('Origin',(96.599999999858,0.,-9.24999999999459));
#7847=CARTESIAN_POINT('',(96.2999999998552,-74.,-9.2499999999946));
#7848=CARTESIAN_POINT('Origin',(96.599999999858,-74.,-9.24999999999459));
#7849=CARTESIAN_POINT('',(96.2999999998552,0.,-9.2499999999946));
#7850=CARTESIAN_POINT('Origin',(96.2999999998822,0.,-12.2000000000866));
#7851=CARTESIAN_POINT('',(96.2999999998822,-74.,-12.2000000000866));
#7852=CARTESIAN_POINT('',(96.2999999998822,-74.,-12.2000000000866));
#7853=CARTESIAN_POINT('',(96.2999999998822,0.,-12.2000000000866));
#7854=CARTESIAN_POINT('Origin',(95.9999999998815,0.,-12.2000000000899));
#7855=CARTESIAN_POINT('',(95.999999999885,-74.,-12.5000000000905));
#7856=CARTESIAN_POINT('Origin',(95.9999999998815,-74.,-12.2000000000899));
#7857=CARTESIAN_POINT('',(95.999999999885,0.,-12.5000000000905));
#7858=CARTESIAN_POINT('Origin',(95.0999999998852,0.,-12.5000000000985));
#7859=CARTESIAN_POINT('',(95.0999999998852,-74.,-12.5000000000985));
#7860=CARTESIAN_POINT('',(95.0999999998852,-74.,-12.5000000000985));
#7861=CARTESIAN_POINT('',(95.0999999998852,0.,-12.5000000000985));
#7862=CARTESIAN_POINT('Origin',(95.0999999998835,0.,-12.2000000000972));
#7863=CARTESIAN_POINT('',(94.7999999998822,-74.,-12.2000000000988));
#7864=CARTESIAN_POINT('Origin',(95.0999999998835,-74.,-12.2000000000972));
#7865=CARTESIAN_POINT('',(94.7999999998822,0.,-12.2000000000988));
#7866=CARTESIAN_POINT('Origin',(94.7999999998464,0.,-8.2000000009643));
#7867=CARTESIAN_POINT('',(94.7999999998464,-74.,-8.2000000009643));
#7868=CARTESIAN_POINT('',(94.7999999998464,-74.,-8.2000000009643));
#7869=CARTESIAN_POINT('',(94.7999999998464,0.,-8.2000000009643));
#7870=CARTESIAN_POINT('Origin',(95.4999999998468,0.,-8.20000000095762));
#7871=CARTESIAN_POINT('',(95.4999999998243,-74.,-7.50000000095722));
#7872=CARTESIAN_POINT('Origin',(95.4999999998468,-74.,-8.20000000095762));
#7873=CARTESIAN_POINT('',(95.4999999998243,0.,-7.50000000095722));
#7874=CARTESIAN_POINT('Origin',(95.4999999997971,0.,-7.00000000094577));
#7875=CARTESIAN_POINT('',(95.9999999998085,-74.,-7.00000000093028));
#7876=CARTESIAN_POINT('Origin',(95.4999999997971,-74.,-7.00000000094577));
#7877=CARTESIAN_POINT('',(95.9999999998085,0.,-7.00000000093028));
#7878=CARTESIAN_POINT('Origin',(95.9999999998014,0.,-5.30212644677494));
#7879=CARTESIAN_POINT('',(95.9999999998014,-74.,-5.30212644677494));
#7880=CARTESIAN_POINT('',(95.9999999998014,-74.,-5.30212644677494));
#7881=CARTESIAN_POINT('',(95.9999999998014,0.,-5.30212644677494));
#7882=CARTESIAN_POINT('Origin',(96.2999999998011,0.,-5.30212644677209));
#7883=CARTESIAN_POINT('',(96.2790730576778,-74.,-5.00285723169443));
#7884=CARTESIAN_POINT('Origin',(96.2999999998011,-74.,-5.30212644677209));
#7885=CARTESIAN_POINT('',(96.2790730576778,0.,-5.00285723169443));
#7886=CARTESIAN_POINT('Origin',(97.7499999997967,0.,-4.9000000000291));
#7887=CARTESIAN_POINT('',(97.7499999997967,-74.,-4.9000000000291));
#7888=CARTESIAN_POINT('',(97.7499999997967,-74.,-4.9000000000291));
#7889=CARTESIAN_POINT('',(97.7499999997967,0.,-4.9000000000291));
#7890=CARTESIAN_POINT('Origin',(97.7499999997822,0.,-3.10000000002889));
#7891=CARTESIAN_POINT('',(97.7499999997822,-74.,-3.10000000002889));
#7892=CARTESIAN_POINT('',(97.7499999997822,-74.,-3.10000000002889));
#7893=CARTESIAN_POINT('',(97.7499999997822,0.,-3.10000000002889));
#7894=CARTESIAN_POINT('Origin',(95.9999999998043,0.,-2.97762807913061));
#7895=CARTESIAN_POINT('',(95.9999999998043,-74.,-2.97762807913061));
#7896=CARTESIAN_POINT('',(95.9999999998043,-74.,-2.97762807913061));
#7897=CARTESIAN_POINT('',(95.9999999998043,0.,-2.97762807913061));
#7898=CARTESIAN_POINT('Origin',(95.9999999997784,0.,-2.60942586504582));
#7899=CARTESIAN_POINT('',(95.9999999997784,-74.,-2.60942586504582));
#7900=CARTESIAN_POINT('',(95.9999999997784,-74.,-2.60942586504582));
#7901=CARTESIAN_POINT('',(95.9999999997784,0.,-2.60942586504582));
#7902=CARTESIAN_POINT('Origin',(95.1479029389022,0.,-2.60942586505342));
#7903=CARTESIAN_POINT('',(95.1479029389022,-74.,-2.60942586505342));
#7904=CARTESIAN_POINT('Origin',(92.3905741346932,0.,1.49999999992567));
#7905=CARTESIAN_POINT('',(92.3905741346932,-74.,1.49999999992567));
#7906=CARTESIAN_POINT('',(92.3905741346932,-74.,1.49999999992567));
#7907=CARTESIAN_POINT('',(92.3905741346932,0.,1.49999999992567));
#7908=CARTESIAN_POINT('Origin',(91.8905741349558,0.,1.50000000018431));
#7909=CARTESIAN_POINT('',(91.8905741352138,-74.,1.99999999992174));
#7910=CARTESIAN_POINT('Origin',(91.8905741349558,-74.,1.50000000018431));
#7911=CARTESIAN_POINT('',(91.8905741352138,0.,1.99999999992174));
#7912=CARTESIAN_POINT('Origin',(3.10942588398213,0.,2.00000000068158));
#7913=CARTESIAN_POINT('',(3.10942588398213,-74.,2.00000000068158));
#7914=CARTESIAN_POINT('Origin',(47.5000000005284,-74.,0.248971539887585));
#7915=CARTESIAN_POINT('',(0.,0.,0.));
#7916=CARTESIAN_POINT('Origin',(3.925749E-11,-4.,2.227374E-10));
#7917=CARTESIAN_POINT('',(1.41079887961711,-8.,-0.200677655189784));
#7918=CARTESIAN_POINT('',(1.41079887961711,0.,-0.200677655189784));
#7919=CARTESIAN_POINT('',(1.41079887961711,-8.,-0.200677655189784));
#7920=CARTESIAN_POINT('',(0.200677655071768,-8.,-1.41079887940917));
#7921=CARTESIAN_POINT('Origin',(3.925749E-11,-8.,2.227374E-10));
#7922=CARTESIAN_POINT('',(0.200677655071768,0.,-1.41079887940917));
#7923=CARTESIAN_POINT('',(0.200677655071768,0.,-1.41079887940917));
#7924=CARTESIAN_POINT('Origin',(3.925749E-11,0.,2.227374E-10));
#7925=CARTESIAN_POINT('Origin',(3.925749E-11,-8.,2.227374E-10));
#7926=CARTESIAN_POINT('',(1.31126972646822,-8.,0.098978302914858));
#7927=CARTESIAN_POINT('Origin',(1.95942586502667,-8.,0.147902939336682));
#7928=CARTESIAN_POINT('',(-0.098978302755981,-8.,-1.31126972648021));
#7929=CARTESIAN_POINT('Origin',(0.,-8.,0.));
#7930=CARTESIAN_POINT('Origin',(-0.147902939099218,-8.,-1.95942586504456));
#7931=CARTESIAN_POINT('Origin',(94.9999999999878,-4.,0.));
#7932=CARTESIAN_POINT('',(94.7993223446368,-8.,-1.41079887958661));
#7933=CARTESIAN_POINT('',(94.7993223446368,0.,-1.41079887958661));
#7934=CARTESIAN_POINT('',(94.7993223446368,-8.,-1.41079887958661));
#7935=CARTESIAN_POINT('',(93.5892011203769,-8.,-0.200677655180007));
#7936=CARTESIAN_POINT('Origin',(94.9999999999878,-8.,0.));
#7937=CARTESIAN_POINT('',(93.5892011203769,0.,-0.200677655180007));
#7938=CARTESIAN_POINT('',(93.5892011203769,0.,-0.200677655180007));
#7939=CARTESIAN_POINT('Origin',(94.9999999999878,0.,0.));
#7940=CARTESIAN_POINT('Origin',(94.9999999999878,-8.,0.));
#7941=CARTESIAN_POINT('',(95.0989783027438,-8.,-1.31126972648023));
#7942=CARTESIAN_POINT('Origin',(95.147902939087,-8.,-1.95942586504458));
#7943=CARTESIAN_POINT('',(93.6887302735195,-8.,0.098978302914849));
#7944=CARTESIAN_POINT('Origin',(94.9999999999878,-8.,0.));
#7945=CARTESIAN_POINT('Origin',(93.0405741349611,-8.,0.147902939336699));
#7946=CARTESIAN_POINT('Origin',(1.95942586502667,0.,0.147902939336682));
#7947=CARTESIAN_POINT('',(1.95942586502667,0.,-0.502097060663331));
#7948=CARTESIAN_POINT('Origin',(1.95942586502667,0.,0.147902939336682));
#7949=CARTESIAN_POINT('',(1.95942586502667,-74.,-0.502097060663331));
#7950=CARTESIAN_POINT('',(1.95942586502667,0.,-0.502097060663331));
#7951=CARTESIAN_POINT('',(1.41079887961092,-74.,-0.200677655180043));
#7952=CARTESIAN_POINT('Origin',(1.95942586502667,-74.,0.147902939336682));
#7953=CARTESIAN_POINT('',(1.41079887961092,-66.,-0.200677655180043));
#7954=CARTESIAN_POINT('',(1.41079887961092,-74.,-0.200677655180043));
#7955=CARTESIAN_POINT('',(1.31126972646822,-66.,0.098978302914858));
#7956=CARTESIAN_POINT('Origin',(1.95942586502667,-66.,0.147902939336682));
#7957=CARTESIAN_POINT('',(1.31126972646822,-8.,0.098978302914858));
#7958=CARTESIAN_POINT('Origin',(95.147902939087,0.,-1.95942586504458));
#7959=CARTESIAN_POINT('',(94.497902939087,0.,-1.95942586504458));
#7960=CARTESIAN_POINT('Origin',(95.147902939087,0.,-1.95942586504458));
#7961=CARTESIAN_POINT('',(94.497902939087,-74.,-1.95942586504458));
#7962=CARTESIAN_POINT('',(94.497902939087,0.,-1.95942586504458));
#7963=CARTESIAN_POINT('',(94.799322344916,-74.,-1.41079887940919));
#7964=CARTESIAN_POINT('Origin',(95.147902939087,-74.,-1.95942586504458));
#7965=CARTESIAN_POINT('',(94.799322344916,-66.,-1.41079887940919));
#7966=CARTESIAN_POINT('',(94.799322344916,-74.,-1.41079887940919));
#7967=CARTESIAN_POINT('',(95.0989783027438,-66.,-1.31126972648023));
#7968=CARTESIAN_POINT('Origin',(95.147902939087,-66.,-1.95942586504458));
#7969=CARTESIAN_POINT('',(95.0989783027438,-8.,-1.31126972648023));
#7970=CARTESIAN_POINT('Origin',(47.4999999999864,0.,1.19180662620353));
#7971=CARTESIAN_POINT('',(0.502097060900759,0.,-1.95942586504458));
#7972=CARTESIAN_POINT('Origin',(-0.147902939099218,0.,-1.95942586504456));
#7973=CARTESIAN_POINT('',(0.502097060901789,0.,-3.39999999969232));
#7974=CARTESIAN_POINT('',(0.502097060901789,0.,-3.39999999969232));
#7975=CARTESIAN_POINT('',(0.002097060900788,0.,-3.89999999969262));
#7976=CARTESIAN_POINT('Origin',(0.002097060901818,0.,-3.39999999969265));
#7977=CARTESIAN_POINT('',(-2.74999999995009,0.,-3.89999999968694));
#7978=CARTESIAN_POINT('',(-2.74999999995009,0.,-3.89999999968694));
#7979=CARTESIAN_POINT('',(-2.74999999995009,0.,-5.69999999968987));
#7980=CARTESIAN_POINT('',(-2.74999999995009,0.,-5.69999999968987));
#7981=CARTESIAN_POINT('',(-0.099999999960225,0.,-5.69999999968955));
#7982=CARTESIAN_POINT('',(-0.099999999960225,0.,-5.69999999968955));
#7983=CARTESIAN_POINT('',(0.200000000039964,0.,-5.99999999968936));
#7984=CARTESIAN_POINT('Origin',(-0.099999999960154,0.,-5.99999999968967));
#7985=CARTESIAN_POINT('',(0.200000000040674,0.,-7.19999999968872));
#7986=CARTESIAN_POINT('',(0.200000000040674,0.,-7.19999999968872));
#7987=CARTESIAN_POINT('',(-0.099999999959337,0.,-7.49999999968903));
#7988=CARTESIAN_POINT('Origin',(-0.099999999959373,0.,-7.19999999968898));
#7989=CARTESIAN_POINT('',(-1.50285140547281,0.,-7.49999999968948));
#7990=CARTESIAN_POINT('',(-1.50285140547281,0.,-7.49999999968948));
#7991=CARTESIAN_POINT('',(-1.50285140547281,0.,-7.79999999978424));
#7992=CARTESIAN_POINT('',(-1.50285140547281,0.,-7.79999999978424));
#7993=CARTESIAN_POINT('',(-1.76197810423472,0.,-9.54408833507015));
#7994=CARTESIAN_POINT('',(-1.76197810423472,0.,-9.54408833507015));
#7995=CARTESIAN_POINT('',(-2.05872078517507,0.,-9.79999999978451));
#7996=CARTESIAN_POINT('Origin',(-2.05872078517514,0.,-9.49999999978459));
#7997=CARTESIAN_POINT('',(-2.54200774291844,0.,-9.79999999978467));
#7998=CARTESIAN_POINT('',(-2.54200774291844,0.,-9.79999999978467));
#7999=CARTESIAN_POINT('',(-2.83862632286121,0.,-9.54491567670042));
#8000=CARTESIAN_POINT('Origin',(-2.54200774291851,0.,-9.49999999978463));
#8001=CARTESIAN_POINT('',(-3.10285140547313,0.,-7.79999999978495));
#8002=CARTESIAN_POINT('',(-3.10285140547313,0.,-7.79999999978495));
#8003=CARTESIAN_POINT('',(-3.10285140547405,0.,-7.49999999968971));
#8004=CARTESIAN_POINT('',(-3.10285140547405,0.,-7.49999999968971));
#8005=CARTESIAN_POINT('',(-4.49999999999269,0.,-7.4999999996918));
#8006=CARTESIAN_POINT('',(-4.49999999999269,0.,-7.4999999996918));
#8007=CARTESIAN_POINT('',(-4.89999999995867,0.,-6.29999999975296));
#8008=CARTESIAN_POINT('Origin',(-6.49999999999428,0.,-7.49999999970811));
#8009=CARTESIAN_POINT('',(-4.99999999995003,0.,-5.99999999976474));
#8010=CARTESIAN_POINT('Origin',(-4.49999999995006,0.,-5.9999999997645));
#8011=CARTESIAN_POINT('',(-4.99999999995913,0.,2.224709E-10));
#8012=CARTESIAN_POINT('',(-4.99999999995913,0.,2.224709E-10));
#8013=CARTESIAN_POINT('',(3.815614E-11,0.,5.00000000022111));
#8014=CARTESIAN_POINT('Origin',(3.925749E-11,0.,2.227374E-10));
#8015=CARTESIAN_POINT('',(3.00000000003816,0.,5.00000000022289));
#8016=CARTESIAN_POINT('',(3.00000000003816,0.,5.00000000022289));
#8017=CARTESIAN_POINT('',(3.00000000003909,0.,4.00000000022291));
#8018=CARTESIAN_POINT('',(3.00000000003909,0.,4.00000000022291));
#8019=CARTESIAN_POINT('',(91.9999999999481,0.,4.00000000026767));
#8020=CARTESIAN_POINT('',(91.9999999999481,0.,4.00000000026767));
#8021=CARTESIAN_POINT('',(91.9999999999496,0.,5.00000000022289));
#8022=CARTESIAN_POINT('',(91.9999999999496,0.,5.00000000022289));
#8023=CARTESIAN_POINT('',(94.9999999999496,0.,5.00000000022111));
#8024=CARTESIAN_POINT('',(94.9999999999496,0.,5.00000000022111));
#8025=CARTESIAN_POINT('',(99.9999999999469,0.,2.224709E-10));
#8026=CARTESIAN_POINT('Origin',(94.9999999999485,0.,2.227196E-10));
#8027=CARTESIAN_POINT('',(99.9999999999378,0.,-5.99999999976474));
#8028=CARTESIAN_POINT('',(99.9999999999378,0.,-5.99999999976474));
#8029=CARTESIAN_POINT('',(99.8999999999465,0.,-6.29999999975299));
#8030=CARTESIAN_POINT('Origin',(99.4999999999379,0.,-5.9999999997645));
#8031=CARTESIAN_POINT('',(99.4999999999805,0.,-7.4999999996918));
#8032=CARTESIAN_POINT('Origin',(101.499999999982,0.,-7.49999999970811));
#8033=CARTESIAN_POINT('',(98.1028514054618,0.,-7.49999999968971));
#8034=CARTESIAN_POINT('',(98.1028514054618,0.,-7.49999999968971));
#8035=CARTESIAN_POINT('',(98.1028514054609,0.,-7.79999999978495));
#8036=CARTESIAN_POINT('',(98.1028514054609,0.,-7.79999999978495));
#8037=CARTESIAN_POINT('',(97.838626322849,0.,-9.54491567670042));
#8038=CARTESIAN_POINT('',(97.838626322849,0.,-9.54491567670042));
#8039=CARTESIAN_POINT('',(97.5420077429062,0.,-9.79999999978467));
#8040=CARTESIAN_POINT('Origin',(97.5420077429063,0.,-9.49999999978463));
#8041=CARTESIAN_POINT('',(97.0587207851628,0.,-9.79999999978455));
#8042=CARTESIAN_POINT('',(97.0587207851628,0.,-9.79999999978455));
#8043=CARTESIAN_POINT('',(96.7619781042225,0.,-9.54408833507015));
#8044=CARTESIAN_POINT('Origin',(97.0587207851629,0.,-9.49999999978459));
#8045=CARTESIAN_POINT('',(96.5028514054606,0.,-7.79999999978424));
#8046=CARTESIAN_POINT('',(96.5028514054606,0.,-7.79999999978424));
#8047=CARTESIAN_POINT('',(96.5028514054606,0.,-7.49999999968948));
#8048=CARTESIAN_POINT('',(96.5028514054606,0.,-7.49999999968948));
#8049=CARTESIAN_POINT('',(95.0999999999471,0.,-7.49999999968903));
#8050=CARTESIAN_POINT('',(95.0999999999471,0.,-7.49999999968903));
#8051=CARTESIAN_POINT('',(94.7999999999471,0.,-7.19999999968872));
#8052=CARTESIAN_POINT('Origin',(95.0999999999472,0.,-7.19999999968898));
#8053=CARTESIAN_POINT('',(94.7999999999478,0.,-5.99999999968936));
#8054=CARTESIAN_POINT('',(94.7999999999478,0.,-5.99999999968936));
#8055=CARTESIAN_POINT('',(95.099999999948,0.,-5.69999999968959));
#8056=CARTESIAN_POINT('Origin',(95.0999999999479,0.,-5.99999999968968));
#8057=CARTESIAN_POINT('',(97.7499999999378,0.,-5.69999999968987));
#8058=CARTESIAN_POINT('',(97.7499999999378,0.,-5.69999999968987));
#8059=CARTESIAN_POINT('',(97.7499999999378,0.,-3.89999999968694));
#8060=CARTESIAN_POINT('',(97.7499999999378,0.,-3.89999999968694));
#8061=CARTESIAN_POINT('',(94.997902939087,0.,-3.89999999969264));
#8062=CARTESIAN_POINT('',(94.997902939087,0.,-3.89999999969264));
#8063=CARTESIAN_POINT('',(94.497902939086,0.,-3.39999999969232));
#8064=CARTESIAN_POINT('Origin',(94.997902939086,0.,-3.39999999969267));
#8065=CARTESIAN_POINT('',(94.497902939087,0.,-1.95942586504458));
#8066=CARTESIAN_POINT('',(93.0405741349611,0.,-0.502097060663314));
#8067=CARTESIAN_POINT('Origin',(93.0405741349611,0.,0.147902939336699));
#8068=CARTESIAN_POINT('',(92.4999999999487,0.,-0.502097060663402));
#8069=CARTESIAN_POINT('',(92.4999999999487,0.,-0.502097060663402));
#8070=CARTESIAN_POINT('',(91.9999999999487,0.,-0.002097060663306));
#8071=CARTESIAN_POINT('Origin',(92.4999999999487,0.,-0.00209706066336));
#8072=CARTESIAN_POINT('',(91.9999999999487,0.,1.50000000022309));
#8073=CARTESIAN_POINT('',(91.9999999999487,0.,1.50000000022309));
#8074=CARTESIAN_POINT('',(91.4999999999487,0.,2.00000000022352));
#8075=CARTESIAN_POINT('Origin',(91.4999999999485,0.,1.50000000022326));
#8076=CARTESIAN_POINT('',(3.50000000003885,0.,2.00000000022359));
#8077=CARTESIAN_POINT('',(3.50000000003885,0.,2.00000000022359));
#8078=CARTESIAN_POINT('',(3.00000000003905,0.,1.50000000022309));
#8079=CARTESIAN_POINT('Origin',(3.50000000003924,0.,1.50000000022341));
#8080=CARTESIAN_POINT('',(3.00000000003912,0.,-0.002097060663306));
#8081=CARTESIAN_POINT('',(3.00000000003912,0.,-0.002097060663306));
#8082=CARTESIAN_POINT('',(2.50000000003908,0.,-0.502097060663402));
#8083=CARTESIAN_POINT('Origin',(2.50000000003908,0.,-0.00209706066336));
#8084=CARTESIAN_POINT('',(1.95942586502667,0.,-0.502097060663331));
#8085=CARTESIAN_POINT('Origin',(0.,-66.,0.));
#8086=CARTESIAN_POINT('',(0.200677655351024,-66.,-1.4107988795866));
#8087=CARTESIAN_POINT('Origin',(0.,-66.,0.));
#8088=CARTESIAN_POINT('',(-0.098978302755981,-66.,-1.31126972648021));
#8089=CARTESIAN_POINT('Origin',(-0.147902939099218,-66.,-1.95942586504456));
#8090=CARTESIAN_POINT('Origin',(0.,-66.,0.));
#8091=CARTESIAN_POINT('Origin',(0.,-70.,0.));
#8092=CARTESIAN_POINT('',(0.200677655351024,-74.,-1.4107988795866));
#8093=CARTESIAN_POINT('Origin',(0.,-74.,0.));
#8094=CARTESIAN_POINT('',(0.200677655351024,-66.,-1.4107988795866));
#8095=CARTESIAN_POINT('Origin',(94.9999999999485,-66.,2.227196E-10));
#8096=CARTESIAN_POINT('',(93.5892011203707,-66.,-0.200677655189752));
#8097=CARTESIAN_POINT('Origin',(94.9999999999485,-66.,2.227196E-10));
#8098=CARTESIAN_POINT('',(93.6887302735195,-66.,0.098978302914849));
#8099=CARTESIAN_POINT('Origin',(93.0405741349611,-66.,0.147902939336699));
#8100=CARTESIAN_POINT('Origin',(94.9999999999878,-66.,0.));
#8101=CARTESIAN_POINT('Origin',(94.9999999999485,-70.,2.227196E-10));
#8102=CARTESIAN_POINT('',(93.5892011203707,-74.,-0.200677655189752));
#8103=CARTESIAN_POINT('Origin',(94.9999999999485,-74.,2.227196E-10));
#8104=CARTESIAN_POINT('',(93.5892011203707,-66.,-0.200677655189752));
#8105=CARTESIAN_POINT('Origin',(0.,0.,0.));
#8106=CARTESIAN_POINT('',(-0.098978302755981,-8.,-1.31126972648021));
#8107=CARTESIAN_POINT('Origin',(-0.147902939099218,0.,-1.95942586504456));
#8108=CARTESIAN_POINT('',(0.502097060900759,-74.,-1.95942586504458));
#8109=CARTESIAN_POINT('Origin',(-0.147902939099218,-74.,-1.95942586504456));
#8110=CARTESIAN_POINT('',(0.502097060900759,0.,-1.95942586504458));
#8111=CARTESIAN_POINT('Origin',(94.9999999999878,0.,0.));
#8112=CARTESIAN_POINT('',(93.6887302735195,-8.,0.098978302914849));
#8113=CARTESIAN_POINT('Origin',(93.0405741349611,0.,0.147902939336699));
#8114=CARTESIAN_POINT('',(93.0405741349611,-74.,-0.502097060663314));
#8115=CARTESIAN_POINT('Origin',(93.0405741349611,-74.,0.147902939336699));
#8116=CARTESIAN_POINT('',(93.0405741349611,0.,-0.502097060663314));
#8117=CARTESIAN_POINT('Origin',(3.50000000003924,0.,1.50000000022341));
#8118=CARTESIAN_POINT('',(3.50000000003885,-74.,2.00000000022359));
#8119=CARTESIAN_POINT('',(3.50000000003885,0.,2.00000000022359));
#8120=CARTESIAN_POINT('',(3.00000000003905,-74.,1.50000000022309));
#8121=CARTESIAN_POINT('Origin',(3.50000000003924,-74.,1.50000000022341));
#8122=CARTESIAN_POINT('',(3.00000000003905,0.,1.50000000022309));
#8123=CARTESIAN_POINT('Origin',(3.00000000003912,0.,-0.002097060663306));
#8124=CARTESIAN_POINT('',(3.00000000003912,-74.,-0.002097060663306));
#8125=CARTESIAN_POINT('',(3.00000000003912,-74.,-0.002097060663306));
#8126=CARTESIAN_POINT('',(3.00000000003912,0.,-0.002097060663306));
#8127=CARTESIAN_POINT('Origin',(2.50000000003908,0.,-0.00209706066336));
#8128=CARTESIAN_POINT('',(2.50000000003908,-74.,-0.502097060663402));
#8129=CARTESIAN_POINT('Origin',(2.50000000003908,-74.,-0.00209706066336));
#8130=CARTESIAN_POINT('',(2.50000000003908,0.,-0.502097060663402));
#8131=CARTESIAN_POINT('Origin',(1.95942586502667,0.,-0.502097060663331));
#8132=CARTESIAN_POINT('',(1.95942586502667,-74.,-0.502097060663331));
#8133=CARTESIAN_POINT('Origin',(0.502097060901789,0.,-3.39999999969232));
#8134=CARTESIAN_POINT('',(0.502097060901789,-74.,-3.39999999969232));
#8135=CARTESIAN_POINT('',(0.502097060901789,-74.,-3.39999999969232));
#8136=CARTESIAN_POINT('',(0.502097060901789,0.,-3.39999999969232));
#8137=CARTESIAN_POINT('Origin',(0.002097060901818,0.,-3.39999999969265));
#8138=CARTESIAN_POINT('',(0.002097060900788,-74.,-3.89999999969262));
#8139=CARTESIAN_POINT('Origin',(0.002097060901818,-74.,-3.39999999969265));
#8140=CARTESIAN_POINT('',(0.002097060900788,0.,-3.89999999969262));
#8141=CARTESIAN_POINT('Origin',(-2.74999999995009,0.,-3.89999999968694));
#8142=CARTESIAN_POINT('',(-2.74999999995009,-74.,-3.89999999968694));
#8143=CARTESIAN_POINT('',(-2.74999999995009,-74.,-3.89999999968694));
#8144=CARTESIAN_POINT('',(-2.74999999995009,0.,-3.89999999968694));
#8145=CARTESIAN_POINT('Origin',(-2.74999999995009,0.,-5.69999999968987));
#8146=CARTESIAN_POINT('',(-2.74999999995009,-74.,-5.69999999968987));
#8147=CARTESIAN_POINT('',(-2.74999999995009,-74.,-5.69999999968987));
#8148=CARTESIAN_POINT('',(-2.74999999995009,0.,-5.69999999968987));
#8149=CARTESIAN_POINT('Origin',(-0.099999999960225,0.,-5.69999999968955));
#8150=CARTESIAN_POINT('',(-0.099999999960225,-74.,-5.69999999968955));
#8151=CARTESIAN_POINT('',(-0.099999999960225,-74.,-5.69999999968955));
#8152=CARTESIAN_POINT('',(-0.099999999960225,0.,-5.69999999968955));
#8153=CARTESIAN_POINT('Origin',(-0.099999999960154,0.,-5.99999999968967));
#8154=CARTESIAN_POINT('',(0.200000000039964,-74.,-5.99999999968936));
#8155=CARTESIAN_POINT('Origin',(-0.099999999960154,-74.,-5.99999999968967));
#8156=CARTESIAN_POINT('',(0.200000000039964,0.,-5.99999999968936));
#8157=CARTESIAN_POINT('Origin',(0.200000000040674,0.,-7.19999999968872));
#8158=CARTESIAN_POINT('',(0.200000000040674,-74.,-7.19999999968872));
#8159=CARTESIAN_POINT('',(0.200000000040674,-74.,-7.19999999968872));
#8160=CARTESIAN_POINT('',(0.200000000040674,0.,-7.19999999968872));
#8161=CARTESIAN_POINT('Origin',(-0.099999999959373,0.,-7.19999999968898));
#8162=CARTESIAN_POINT('',(-0.099999999959337,-74.,-7.49999999968903));
#8163=CARTESIAN_POINT('Origin',(-0.099999999959373,-74.,-7.19999999968898));
#8164=CARTESIAN_POINT('',(-0.099999999959337,0.,-7.49999999968903));
#8165=CARTESIAN_POINT('Origin',(-1.50285140547281,0.,-7.49999999968948));
#8166=CARTESIAN_POINT('',(-1.50285140547281,-74.,-7.49999999968948));
#8167=CARTESIAN_POINT('',(-1.50285140547281,-74.,-7.49999999968948));
#8168=CARTESIAN_POINT('',(-1.50285140547281,0.,-7.49999999968948));
#8169=CARTESIAN_POINT('Origin',(-1.50285140547281,0.,-7.79999999978424));
#8170=CARTESIAN_POINT('',(-1.50285140547281,-74.,-7.79999999978424));
#8171=CARTESIAN_POINT('',(-1.50285140547281,-74.,-7.79999999978424));
#8172=CARTESIAN_POINT('',(-1.50285140547281,0.,-7.79999999978424));
#8173=CARTESIAN_POINT('Origin',(-1.76197810423472,0.,-9.54408833507015));
#8174=CARTESIAN_POINT('',(-1.76197810423472,-74.,-9.54408833507015));
#8175=CARTESIAN_POINT('',(-1.76197810423472,-74.,-9.54408833507015));
#8176=CARTESIAN_POINT('',(-1.76197810423472,0.,-9.54408833507015));
#8177=CARTESIAN_POINT('Origin',(-2.05872078517514,0.,-9.49999999978459));
#8178=CARTESIAN_POINT('',(-2.05872078517507,-74.,-9.79999999978451));
#8179=CARTESIAN_POINT('Origin',(-2.05872078517514,-74.,-9.49999999978459));
#8180=CARTESIAN_POINT('',(-2.05872078517507,0.,-9.79999999978451));
#8181=CARTESIAN_POINT('Origin',(-2.54200774291844,0.,-9.79999999978467));
#8182=CARTESIAN_POINT('',(-2.54200774291844,-74.,-9.79999999978467));
#8183=CARTESIAN_POINT('',(-2.54200774291844,-74.,-9.79999999978467));
#8184=CARTESIAN_POINT('',(-2.54200774291844,0.,-9.79999999978467));
#8185=CARTESIAN_POINT('Origin',(-2.54200774291851,0.,-9.49999999978463));
#8186=CARTESIAN_POINT('',(-2.83862632286121,-74.,-9.54491567670042));
#8187=CARTESIAN_POINT('Origin',(-2.54200774291851,-74.,-9.49999999978463));
#8188=CARTESIAN_POINT('',(-2.83862632286121,0.,-9.54491567670042));
#8189=CARTESIAN_POINT('Origin',(-3.10285140547313,0.,-7.79999999978495));
#8190=CARTESIAN_POINT('',(-3.10285140547313,-74.,-7.79999999978495));
#8191=CARTESIAN_POINT('',(-3.10285140547313,-74.,-7.79999999978495));
#8192=CARTESIAN_POINT('',(-3.10285140547313,0.,-7.79999999978495));
#8193=CARTESIAN_POINT('Origin',(-3.10285140547405,0.,-7.49999999968971));
#8194=CARTESIAN_POINT('',(-3.10285140547405,-74.,-7.49999999968971));
#8195=CARTESIAN_POINT('',(-3.10285140547405,-74.,-7.49999999968971));
#8196=CARTESIAN_POINT('',(-3.10285140547405,0.,-7.49999999968971));
#8197=CARTESIAN_POINT('Origin',(-4.49999999999269,0.,-7.4999999996918));
#8198=CARTESIAN_POINT('',(-4.49999999999269,-74.,-7.4999999996918));
#8199=CARTESIAN_POINT('',(-4.49999999999269,-74.,-7.4999999996918));
#8200=CARTESIAN_POINT('',(-4.49999999999269,0.,-7.4999999996918));
#8201=CARTESIAN_POINT('Origin',(-6.49999999999428,0.,-7.49999999970811));
#8202=CARTESIAN_POINT('',(-4.89999999995867,-74.,-6.29999999975296));
#8203=CARTESIAN_POINT('Origin',(-6.49999999999428,-74.,-7.49999999970811));
#8204=CARTESIAN_POINT('',(-4.89999999995867,0.,-6.29999999975296));
#8205=CARTESIAN_POINT('Origin',(-4.49999999995006,0.,-5.9999999997645));
#8206=CARTESIAN_POINT('',(-4.99999999995003,-74.,-5.99999999976474));
#8207=CARTESIAN_POINT('Origin',(-4.49999999995006,-74.,-5.9999999997645));
#8208=CARTESIAN_POINT('',(-4.99999999995003,0.,-5.99999999976474));
#8209=CARTESIAN_POINT('Origin',(-4.99999999995913,0.,2.224709E-10));
#8210=CARTESIAN_POINT('',(-4.99999999995913,-74.,2.224709E-10));
#8211=CARTESIAN_POINT('',(-4.99999999995913,-74.,2.224709E-10));
#8212=CARTESIAN_POINT('',(-4.99999999995913,0.,2.224709E-10));
#8213=CARTESIAN_POINT('Origin',(3.925749E-11,0.,2.227374E-10));
#8214=CARTESIAN_POINT('',(3.815614E-11,-74.,5.00000000022111));
#8215=CARTESIAN_POINT('Origin',(3.925749E-11,-74.,2.227374E-10));
#8216=CARTESIAN_POINT('',(3.815614E-11,0.,5.00000000022111));
#8217=CARTESIAN_POINT('Origin',(3.00000000003816,0.,5.00000000022289));
#8218=CARTESIAN_POINT('',(3.00000000003816,-74.,5.00000000022289));
#8219=CARTESIAN_POINT('',(3.00000000003816,-74.,5.00000000022289));
#8220=CARTESIAN_POINT('',(3.00000000003816,0.,5.00000000022289));
#8221=CARTESIAN_POINT('Origin',(3.00000000003909,0.,4.00000000022291));
#8222=CARTESIAN_POINT('',(3.00000000003909,-74.,4.00000000022291));
#8223=CARTESIAN_POINT('',(3.00000000003909,-74.,4.00000000022291));
#8224=CARTESIAN_POINT('',(3.00000000003909,0.,4.00000000022291));
#8225=CARTESIAN_POINT('Origin',(91.9999999999481,0.,4.00000000026767));
#8226=CARTESIAN_POINT('',(91.9999999999481,-74.,4.00000000026767));
#8227=CARTESIAN_POINT('',(91.9999999999481,-74.,4.00000000026767));
#8228=CARTESIAN_POINT('',(91.9999999999481,0.,4.00000000026767));
#8229=CARTESIAN_POINT('Origin',(91.9999999999496,0.,5.00000000022289));
#8230=CARTESIAN_POINT('',(91.9999999999496,-74.,5.00000000022289));
#8231=CARTESIAN_POINT('',(91.9999999999496,-74.,5.00000000022289));
#8232=CARTESIAN_POINT('',(91.9999999999496,0.,5.00000000022289));
#8233=CARTESIAN_POINT('Origin',(94.9999999999496,0.,5.00000000022111));
#8234=CARTESIAN_POINT('',(94.9999999999496,-74.,5.00000000022111));
#8235=CARTESIAN_POINT('',(94.9999999999496,-74.,5.00000000022111));
#8236=CARTESIAN_POINT('',(94.9999999999496,0.,5.00000000022111));
#8237=CARTESIAN_POINT('Origin',(94.9999999999485,0.,2.227196E-10));
#8238=CARTESIAN_POINT('',(99.9999999999469,-74.,2.224709E-10));
#8239=CARTESIAN_POINT('Origin',(94.9999999999485,-74.,2.227196E-10));
#8240=CARTESIAN_POINT('',(99.9999999999469,0.,2.224709E-10));
#8241=CARTESIAN_POINT('Origin',(99.9999999999378,0.,-5.99999999976474));
#8242=CARTESIAN_POINT('',(99.9999999999378,-74.,-5.99999999976474));
#8243=CARTESIAN_POINT('',(99.9999999999378,-74.,-5.99999999976474));
#8244=CARTESIAN_POINT('',(99.9999999999378,0.,-5.99999999976474));
#8245=CARTESIAN_POINT('Origin',(99.4999999999379,0.,-5.9999999997645));
#8246=CARTESIAN_POINT('',(99.8999999999465,-74.,-6.29999999975299));
#8247=CARTESIAN_POINT('Origin',(99.4999999999379,-74.,-5.9999999997645));
#8248=CARTESIAN_POINT('',(99.8999999999465,0.,-6.29999999975299));
#8249=CARTESIAN_POINT('Origin',(101.499999999982,0.,-7.49999999970811));
#8250=CARTESIAN_POINT('',(99.4999999999805,-74.,-7.4999999996918));
#8251=CARTESIAN_POINT('Origin',(101.499999999982,-74.,-7.49999999970811));
#8252=CARTESIAN_POINT('',(99.4999999999805,0.,-7.4999999996918));
#8253=CARTESIAN_POINT('Origin',(98.1028514054618,0.,-7.49999999968971));
#8254=CARTESIAN_POINT('',(98.1028514054618,-74.,-7.49999999968971));
#8255=CARTESIAN_POINT('',(98.1028514054618,-74.,-7.49999999968971));
#8256=CARTESIAN_POINT('',(98.1028514054618,0.,-7.49999999968971));
#8257=CARTESIAN_POINT('Origin',(98.1028514054609,0.,-7.79999999978495));
#8258=CARTESIAN_POINT('',(98.1028514054609,-74.,-7.79999999978495));
#8259=CARTESIAN_POINT('',(98.1028514054609,-74.,-7.79999999978495));
#8260=CARTESIAN_POINT('',(98.1028514054609,0.,-7.79999999978495));
#8261=CARTESIAN_POINT('Origin',(97.838626322849,0.,-9.54491567670042));
#8262=CARTESIAN_POINT('',(97.838626322849,-74.,-9.54491567670042));
#8263=CARTESIAN_POINT('',(97.838626322849,-74.,-9.54491567670042));
#8264=CARTESIAN_POINT('',(97.838626322849,0.,-9.54491567670042));
#8265=CARTESIAN_POINT('Origin',(97.5420077429063,0.,-9.49999999978463));
#8266=CARTESIAN_POINT('',(97.5420077429062,-74.,-9.79999999978467));
#8267=CARTESIAN_POINT('Origin',(97.5420077429063,-74.,-9.49999999978463));
#8268=CARTESIAN_POINT('',(97.5420077429062,0.,-9.79999999978467));
#8269=CARTESIAN_POINT('Origin',(97.0587207851628,0.,-9.79999999978455));
#8270=CARTESIAN_POINT('',(97.0587207851628,-74.,-9.79999999978455));
#8271=CARTESIAN_POINT('',(97.0587207851628,-74.,-9.79999999978455));
#8272=CARTESIAN_POINT('',(97.0587207851628,0.,-9.79999999978455));
#8273=CARTESIAN_POINT('Origin',(97.0587207851629,0.,-9.49999999978459));
#8274=CARTESIAN_POINT('',(96.7619781042225,-74.,-9.54408833507015));
#8275=CARTESIAN_POINT('Origin',(97.0587207851629,-74.,-9.49999999978459));
#8276=CARTESIAN_POINT('',(96.7619781042225,0.,-9.54408833507015));
#8277=CARTESIAN_POINT('Origin',(96.5028514054606,0.,-7.79999999978424));
#8278=CARTESIAN_POINT('',(96.5028514054606,-74.,-7.79999999978424));
#8279=CARTESIAN_POINT('',(96.5028514054606,-74.,-7.79999999978424));
#8280=CARTESIAN_POINT('',(96.5028514054606,0.,-7.79999999978424));
#8281=CARTESIAN_POINT('Origin',(96.5028514054606,0.,-7.49999999968948));
#8282=CARTESIAN_POINT('',(96.5028514054606,-74.,-7.49999999968948));
#8283=CARTESIAN_POINT('',(96.5028514054606,-74.,-7.49999999968948));
#8284=CARTESIAN_POINT('',(96.5028514054606,0.,-7.49999999968948));
#8285=CARTESIAN_POINT('Origin',(95.0999999999471,0.,-7.49999999968903));
#8286=CARTESIAN_POINT('',(95.0999999999471,-74.,-7.49999999968903));
#8287=CARTESIAN_POINT('',(95.0999999999471,-74.,-7.49999999968903));
#8288=CARTESIAN_POINT('',(95.0999999999471,0.,-7.49999999968903));
#8289=CARTESIAN_POINT('Origin',(95.0999999999472,0.,-7.19999999968898));
#8290=CARTESIAN_POINT('',(94.7999999999471,-74.,-7.19999999968872));
#8291=CARTESIAN_POINT('Origin',(95.0999999999472,-74.,-7.19999999968898));
#8292=CARTESIAN_POINT('',(94.7999999999471,0.,-7.19999999968872));
#8293=CARTESIAN_POINT('Origin',(94.7999999999478,0.,-5.99999999968936));
#8294=CARTESIAN_POINT('',(94.7999999999478,-74.,-5.99999999968936));
#8295=CARTESIAN_POINT('',(94.7999999999478,-74.,-5.99999999968936));
#8296=CARTESIAN_POINT('',(94.7999999999478,0.,-5.99999999968936));
#8297=CARTESIAN_POINT('Origin',(95.0999999999479,0.,-5.99999999968968));
#8298=CARTESIAN_POINT('',(95.099999999948,-74.,-5.69999999968959));
#8299=CARTESIAN_POINT('Origin',(95.0999999999479,-74.,-5.99999999968968));
#8300=CARTESIAN_POINT('',(95.099999999948,0.,-5.69999999968959));
#8301=CARTESIAN_POINT('Origin',(97.7499999999378,0.,-5.69999999968987));
#8302=CARTESIAN_POINT('',(97.7499999999378,-74.,-5.69999999968987));
#8303=CARTESIAN_POINT('',(97.7499999999378,-74.,-5.69999999968987));
#8304=CARTESIAN_POINT('',(97.7499999999378,0.,-5.69999999968987));
#8305=CARTESIAN_POINT('Origin',(97.7499999999378,0.,-3.89999999968694));
#8306=CARTESIAN_POINT('',(97.7499999999378,-74.,-3.89999999968694));
#8307=CARTESIAN_POINT('',(97.7499999999378,-74.,-3.89999999968694));
#8308=CARTESIAN_POINT('',(97.7499999999378,0.,-3.89999999968694));
#8309=CARTESIAN_POINT('Origin',(94.997902939087,0.,-3.89999999969264));
#8310=CARTESIAN_POINT('',(94.997902939087,-74.,-3.89999999969264));
#8311=CARTESIAN_POINT('',(94.997902939087,-74.,-3.89999999969264));
#8312=CARTESIAN_POINT('',(94.997902939087,0.,-3.89999999969264));
#8313=CARTESIAN_POINT('Origin',(94.997902939086,0.,-3.39999999969267));
#8314=CARTESIAN_POINT('',(94.497902939086,-74.,-3.39999999969232));
#8315=CARTESIAN_POINT('Origin',(94.997902939086,-74.,-3.39999999969267));
#8316=CARTESIAN_POINT('',(94.497902939086,0.,-3.39999999969232));
#8317=CARTESIAN_POINT('Origin',(94.497902939087,0.,-1.95942586504458));
#8318=CARTESIAN_POINT('',(94.497902939087,-74.,-1.95942586504458));
#8319=CARTESIAN_POINT('Origin',(92.4999999999487,0.,-0.502097060663402));
#8320=CARTESIAN_POINT('',(92.4999999999487,-74.,-0.502097060663402));
#8321=CARTESIAN_POINT('',(92.4999999999487,-74.,-0.502097060663402));
#8322=CARTESIAN_POINT('',(92.4999999999487,0.,-0.502097060663402));
#8323=CARTESIAN_POINT('Origin',(92.4999999999487,0.,-0.00209706066336));
#8324=CARTESIAN_POINT('',(91.9999999999487,-74.,-0.002097060663306));
#8325=CARTESIAN_POINT('Origin',(92.4999999999487,-74.,-0.00209706066336));
#8326=CARTESIAN_POINT('',(91.9999999999487,0.,-0.002097060663306));
#8327=CARTESIAN_POINT('Origin',(91.9999999999487,0.,1.50000000022309));
#8328=CARTESIAN_POINT('',(91.9999999999487,-74.,1.50000000022309));
#8329=CARTESIAN_POINT('',(91.9999999999487,-74.,1.50000000022309));
#8330=CARTESIAN_POINT('',(91.9999999999487,0.,1.50000000022309));
#8331=CARTESIAN_POINT('Origin',(91.4999999999485,0.,1.50000000022326));
#8332=CARTESIAN_POINT('',(91.4999999999487,-74.,2.00000000022352));
#8333=CARTESIAN_POINT('Origin',(91.4999999999485,-74.,1.50000000022326));
#8334=CARTESIAN_POINT('',(91.4999999999487,0.,2.00000000022352));
#8335=CARTESIAN_POINT('Origin',(3.50000000003885,0.,2.00000000022359));
#8336=CARTESIAN_POINT('',(3.50000000003885,-74.,2.00000000022359));
#8337=CARTESIAN_POINT('Origin',(47.4999999999864,-74.,1.19180662620353));
#8338=CARTESIAN_POINT('',(0.,0.,0.));
#8339=CARTESIAN_POINT('Origin',(94.9999999992507,-0.825,-19.9999999999537));
#8340=CARTESIAN_POINT('',(93.3499999992507,-1.65000000000001,-19.9999999999537));
#8341=CARTESIAN_POINT('Origin',(94.9999999992507,-1.65,-19.9999999999537));
#8342=CARTESIAN_POINT('',(91.6999999992507,4.16333634234434E-16,-19.9999999999537));
#8343=CARTESIAN_POINT('',(92.5249999992507,-0.825,-19.9999999999537));
#8344=CARTESIAN_POINT('Origin',(94.9999999992507,0.,-19.9999999999537));
#8345=CARTESIAN_POINT('Origin',(94.9999999992507,-1.25,-19.9999999999537));
#8346=CARTESIAN_POINT('',(93.3499999992507,-2.5,-19.9999999999537));
#8347=CARTESIAN_POINT('Origin',(94.9999999992507,-2.5,-19.9999999999537));
#8348=CARTESIAN_POINT('',(93.3499999992507,-1.25,-19.9999999999537));
#8349=CARTESIAN_POINT('Origin',(-5.090328E-10,-0.825,-19.9999999997433));
#8350=CARTESIAN_POINT('',(-1.65000000050903,-1.65,-19.9999999997433));
#8351=CARTESIAN_POINT('Origin',(-5.090328E-10,-1.65,-19.9999999997433));
#8352=CARTESIAN_POINT('',(-3.30000000050903,4.16333634234434E-16,-19.9999999997433));
#8353=CARTESIAN_POINT('',(-2.47500000050903,-0.825,-19.9999999997433));
#8354=CARTESIAN_POINT('Origin',(-5.090328E-10,0.,-19.9999999997433));
#8355=CARTESIAN_POINT('Origin',(-5.090328E-10,-1.25,-19.9999999997433));
#8356=CARTESIAN_POINT('',(-1.65000000050903,-2.5,-19.9999999997433));
#8357=CARTESIAN_POINT('Origin',(-5.090328E-10,-2.5,-19.9999999997433));
#8358=CARTESIAN_POINT('',(-1.65000000050903,-1.25,-19.9999999997433));
#8359=CARTESIAN_POINT('Origin',(0.,-0.825,0.));
#8360=CARTESIAN_POINT('',(-1.65,-1.65,2.02066721859313E-16));
#8361=CARTESIAN_POINT('Origin',(0.,-1.65,0.));
#8362=CARTESIAN_POINT('',(-3.3,2.77555756156289E-16,4.04133443718627E-16));
#8363=CARTESIAN_POINT('',(-2.475,-0.825,3.0310008278897E-16));
#8364=CARTESIAN_POINT('Origin',(0.,0.,0.));
#8365=CARTESIAN_POINT('Origin',(0.,-1.25,0.));
#8366=CARTESIAN_POINT('',(-1.65,-2.5,2.02066721859313E-16));
#8367=CARTESIAN_POINT('Origin',(0.,-2.5,0.));
#8368=CARTESIAN_POINT('',(-1.65,-1.25,2.02066721859313E-16));
#8369=CARTESIAN_POINT('Origin',(94.9999999992811,-0.825,1.222134E-11));
#8370=CARTESIAN_POINT('',(93.3499999992812,-1.65000000000001,1.22215420667219E-11));
#8371=CARTESIAN_POINT('Origin',(94.9999999992811,-1.65,1.222134E-11));
#8372=CARTESIAN_POINT('',(91.6999999992811,2.77555756156289E-16,1.22217441334437E-11));
#8373=CARTESIAN_POINT('',(92.5249999992811,-0.825,1.22216431000828E-11));
#8374=CARTESIAN_POINT('Origin',(94.9999999992811,0.,1.222134E-11));
#8375=CARTESIAN_POINT('Origin',(94.9999999992811,-1.25,1.222134E-11));
#8376=CARTESIAN_POINT('',(93.3499999992812,-2.5,1.22215420667219E-11));
#8377=CARTESIAN_POINT('Origin',(94.9999999992811,-2.5,1.222134E-11));
#8378=CARTESIAN_POINT('',(93.3499999992811,-1.25,1.22215420667219E-11));
#8379=CARTESIAN_POINT('Origin',(90.5857769685313,0.,-25.499999999833));
#8380=CARTESIAN_POINT('',(91.2928837497182,0.,-24.7928932186468));
#8381=CARTESIAN_POINT('',(90.5857769685315,0.,-24.4999999998331));
#8382=CARTESIAN_POINT('Origin',(90.5857769685313,0.,-25.499999999833));
#8383=CARTESIAN_POINT('',(91.2928837497182,-2.5,-24.7928932186468));
#8384=CARTESIAN_POINT('',(91.2928837497182,0.,-24.7928932186468));
#8385=CARTESIAN_POINT('',(90.5857769685315,-2.5,-24.4999999998331));
#8386=CARTESIAN_POINT('Origin',(90.5857769685313,-2.5,-25.499999999833));
#8387=CARTESIAN_POINT('',(90.5857769685315,0.,-24.4999999998331));
#8388=CARTESIAN_POINT('Origin',(4.41420409331954,0.,-24.4999999998331));
#8389=CARTESIAN_POINT('',(4.41420409331954,0.,-24.4999999998331));
#8390=CARTESIAN_POINT('',(90.5857769685315,0.,-24.4999999998331));
#8391=CARTESIAN_POINT('',(4.41420409331954,-2.5,-24.4999999998331));
#8392=CARTESIAN_POINT('',(4.41420409331954,-2.5,-24.4999999998331));
#8393=CARTESIAN_POINT('',(4.41420409331954,0.,-24.4999999998331));
#8394=CARTESIAN_POINT('Origin',(4.41423419571501,0.,-25.49999999938));
#8395=CARTESIAN_POINT('',(3.70712741429546,0.,-24.7928932184265));
#8396=CARTESIAN_POINT('Origin',(4.41423419571501,0.,-25.49999999938));
#8397=CARTESIAN_POINT('',(3.70712741429546,-2.5,-24.7928932184265));
#8398=CARTESIAN_POINT('Origin',(4.41423419571501,-2.5,-25.49999999938));
#8399=CARTESIAN_POINT('',(3.70712741429546,0.,-24.7928932184265));
#8400=CARTESIAN_POINT('Origin',(3.29291385176258,0.,-25.2071067809594));
#8401=CARTESIAN_POINT('',(3.29291385176258,0.,-25.2071067809594));
#8402=CARTESIAN_POINT('',(3.70712741429546,0.,-24.7928932184265));
#8403=CARTESIAN_POINT('',(3.29291385176258,-2.5,-25.2071067809594));
#8404=CARTESIAN_POINT('',(3.29291385176258,-2.5,-25.2071067809594));
#8405=CARTESIAN_POINT('',(3.29291385176258,0.,-25.2071067809594));
#8406=CARTESIAN_POINT('Origin',(2.58580707057607,0.,-24.4999999997727));
#8407=CARTESIAN_POINT('',(2.58580019265231,0.,-25.4999999997491));
#8408=CARTESIAN_POINT('Origin',(2.58580707057607,0.,-24.4999999997727));
#8409=CARTESIAN_POINT('',(2.58580019265231,-2.5,-25.4999999997491));
#8410=CARTESIAN_POINT('Origin',(2.58580707057607,-2.5,-24.4999999997727));
#8411=CARTESIAN_POINT('',(2.58580019265231,0.,-25.4999999997491));
#8412=CARTESIAN_POINT('Origin',(-5.090328E-10,0.,-25.4999999997491));
#8413=CARTESIAN_POINT('',(-5.090328E-10,0.,-25.4999999997491));
#8414=CARTESIAN_POINT('',(2.58580019265231,0.,-25.4999999997491));
#8415=CARTESIAN_POINT('',(-5.090328E-10,-2.5,-25.4999999997491));
#8416=CARTESIAN_POINT('',(-5.090328E-10,-2.5,-25.4999999997491));
#8417=CARTESIAN_POINT('',(-5.090328E-10,0.,-25.4999999997491));
#8418=CARTESIAN_POINT('Origin',(-5.090328E-10,0.,-19.9999999997433));
#8419=CARTESIAN_POINT('',(-5.50000000050915,0.,-19.9999999996035));
#8420=CARTESIAN_POINT('Origin',(-5.090328E-10,0.,-19.9999999997433));
#8421=CARTESIAN_POINT('',(-5.50000000050915,-2.5,-19.9999999996035));
#8422=CARTESIAN_POINT('Origin',(-5.090328E-10,-2.5,-19.9999999997433));
#8423=CARTESIAN_POINT('',(-5.50000000050915,0.,-19.9999999996035));
#8424=CARTESIAN_POINT('Origin',(-5.50000000049636,0.,-19.4999999999524));
#8425=CARTESIAN_POINT('',(-5.50000000049636,0.,-19.4999999999524));
#8426=CARTESIAN_POINT('',(-5.50000000050915,0.,-19.9999999996035));
#8427=CARTESIAN_POINT('',(-5.50000000049636,-2.5,-19.4999999999524));
#8428=CARTESIAN_POINT('',(-5.50000000049636,-2.5,-19.4999999999524));
#8429=CARTESIAN_POINT('',(-5.50000000049636,0.,-19.4999999999524));
#8430=CARTESIAN_POINT('Origin',(-5.0000000004962,0.,-19.4999999999659));
#8431=CARTESIAN_POINT('',(-5.40000000048821,0.,-19.199999999955));
#8432=CARTESIAN_POINT('Origin',(-5.0000000004962,0.,-19.4999999999659));
#8433=CARTESIAN_POINT('',(-5.40000000048821,-2.5,-19.199999999955));
#8434=CARTESIAN_POINT('Origin',(-5.0000000004962,-2.5,-19.4999999999659));
#8435=CARTESIAN_POINT('',(-5.40000000048821,0.,-19.199999999955));
#8436=CARTESIAN_POINT('Origin',(-7.00000000045804,0.,-17.9999999999146));
#8437=CARTESIAN_POINT('',(-5.40000000042767,0.,-16.7999999999549));
#8438=CARTESIAN_POINT('Origin',(-7.00000000045804,0.,-17.9999999999146));
#8439=CARTESIAN_POINT('',(-5.40000000042767,-2.5,-16.7999999999549));
#8440=CARTESIAN_POINT('Origin',(-7.00000000045804,-2.5,-17.9999999999146));
#8441=CARTESIAN_POINT('',(-5.40000000042767,0.,-16.7999999999549));
#8442=CARTESIAN_POINT('Origin',(-5.00000000042007,0.,-16.4999999999648));
#8443=CARTESIAN_POINT('',(-5.50000000042019,0.,-16.4999999999523));
#8444=CARTESIAN_POINT('Origin',(-5.00000000042007,0.,-16.4999999999648));
#8445=CARTESIAN_POINT('',(-5.50000000042019,-2.5,-16.4999999999523));
#8446=CARTESIAN_POINT('Origin',(-5.00000000042007,-2.5,-16.4999999999648));
#8447=CARTESIAN_POINT('',(-5.50000000042019,0.,-16.4999999999523));
#8448=CARTESIAN_POINT('Origin',(-5.5000000004074,0.,-15.9999999999522));
#8449=CARTESIAN_POINT('',(-5.5000000004074,0.,-15.9999999999522));
#8450=CARTESIAN_POINT('',(-5.50000000042019,0.,-16.4999999999523));
#8451=CARTESIAN_POINT('',(-5.5000000004074,-2.5,-15.9999999999522));
#8452=CARTESIAN_POINT('',(-5.5000000004074,-2.5,-15.9999999999522));
#8453=CARTESIAN_POINT('',(-5.5000000004074,0.,-15.9999999999522));
#8454=CARTESIAN_POINT('Origin',(-5.00000000040749,0.,-15.9999999999656));
#8455=CARTESIAN_POINT('',(-5.40000000039965,0.,-15.6999999999553));
#8456=CARTESIAN_POINT('Origin',(-5.00000000040749,0.,-15.9999999999656));
#8457=CARTESIAN_POINT('',(-5.40000000039965,-2.5,-15.6999999999553));
#8458=CARTESIAN_POINT('Origin',(-5.00000000040749,-2.5,-15.9999999999656));
#8459=CARTESIAN_POINT('',(-5.40000000039965,0.,-15.6999999999553));
#8460=CARTESIAN_POINT('Origin',(-7.00000000036908,0.,-14.4999999999143));
#8461=CARTESIAN_POINT('',(-5.40000000033871,0.,-13.2999999999547));
#8462=CARTESIAN_POINT('Origin',(-7.00000000036908,0.,-14.4999999999143));
#8463=CARTESIAN_POINT('',(-5.40000000033871,-2.5,-13.2999999999547));
#8464=CARTESIAN_POINT('Origin',(-7.00000000036908,-2.5,-14.4999999999143));
#8465=CARTESIAN_POINT('',(-5.40000000033871,0.,-13.2999999999547));
#8466=CARTESIAN_POINT('Origin',(-5.00000000033154,0.,-12.9999999999647));
#8467=CARTESIAN_POINT('',(-5.50000000033123,0.,-12.9999999999526));
#8468=CARTESIAN_POINT('Origin',(-5.00000000033154,0.,-12.9999999999647));
#8469=CARTESIAN_POINT('',(-5.50000000033123,-2.5,-12.9999999999526));
#8470=CARTESIAN_POINT('Origin',(-5.00000000033154,-2.5,-12.9999999999647));
#8471=CARTESIAN_POINT('',(-5.50000000033123,0.,-12.9999999999526));
#8472=CARTESIAN_POINT('Origin',(-5.50000000031844,0.,-12.4999999999525));
#8473=CARTESIAN_POINT('',(-5.50000000031844,0.,-12.4999999999525));
#8474=CARTESIAN_POINT('',(-5.50000000033123,0.,-12.9999999999526));
#8475=CARTESIAN_POINT('',(-5.50000000031844,-2.5,-12.4999999999525));
#8476=CARTESIAN_POINT('',(-5.50000000031844,-2.5,-12.4999999999525));
#8477=CARTESIAN_POINT('',(-5.50000000031844,0.,-12.4999999999525));
#8478=CARTESIAN_POINT('Origin',(-5.00000000031844,0.,-12.4999999999648));
#8479=CARTESIAN_POINT('',(-5.40000000031097,0.,-12.1999999999549));
#8480=CARTESIAN_POINT('Origin',(-5.00000000031844,0.,-12.4999999999648));
#8481=CARTESIAN_POINT('',(-5.40000000031096,-2.5,-12.1999999999549));
#8482=CARTESIAN_POINT('Origin',(-5.00000000031844,-2.5,-12.4999999999648));
#8483=CARTESIAN_POINT('',(-5.40000000031097,0.,-12.1999999999549));
#8484=CARTESIAN_POINT('Origin',(-7.00000000028041,0.,-10.9999999999141));
#8485=CARTESIAN_POINT('',(-5.40000000025,0.,-9.79999999995464));
#8486=CARTESIAN_POINT('Origin',(-7.00000000028041,0.,-10.9999999999141));
#8487=CARTESIAN_POINT('',(-5.40000000025,-2.5,-9.79999999995464));
#8488=CARTESIAN_POINT('Origin',(-7.00000000028041,-2.5,-10.9999999999141));
#8489=CARTESIAN_POINT('',(-5.40000000025,0.,-9.79999999995464));
#8490=CARTESIAN_POINT('Origin',(-5.00000000024244,0.,-9.4999999999655));
#8491=CARTESIAN_POINT('',(-5.50000000024198,0.,-9.49999999995242));
#8492=CARTESIAN_POINT('Origin',(-5.00000000024244,0.,-9.4999999999655));
#8493=CARTESIAN_POINT('',(-5.50000000024198,-2.5,-9.49999999995242));
#8494=CARTESIAN_POINT('Origin',(-5.00000000024244,-2.5,-9.4999999999655));
#8495=CARTESIAN_POINT('',(-5.50000000024198,0.,-9.49999999995242));
#8496=CARTESIAN_POINT('Origin',(-5.50000000022948,0.,-8.99999999993469));
#8497=CARTESIAN_POINT('',(-5.50000000022948,0.,-8.99999999993469));
#8498=CARTESIAN_POINT('',(-5.50000000024198,0.,-9.49999999995242));
#8499=CARTESIAN_POINT('',(-5.50000000022948,-2.5,-8.99999999993469));
#8500=CARTESIAN_POINT('',(-5.50000000022948,-2.5,-8.99999999993469));
#8501=CARTESIAN_POINT('',(-5.50000000022948,0.,-8.99999999993469));
#8502=CARTESIAN_POINT('Origin',(-5.00000000022957,0.,-8.99999999994694));
#8503=CARTESIAN_POINT('',(-5.40000000022218,0.,-8.69999999993724));
#8504=CARTESIAN_POINT('Origin',(-5.00000000022957,0.,-8.99999999994694));
#8505=CARTESIAN_POINT('',(-5.40000000022218,-2.5,-8.69999999993723));
#8506=CARTESIAN_POINT('Origin',(-5.00000000022957,-2.5,-8.99999999994694));
#8507=CARTESIAN_POINT('',(-5.40000000022218,0.,-8.69999999993724));
#8508=CARTESIAN_POINT('Origin',(-7.00000000019116,0.,-7.49999999989626));
#8509=CARTESIAN_POINT('',(-5.40000000016079,0.,-6.29999999993714));
#8510=CARTESIAN_POINT('Origin',(-7.00000000019116,0.,-7.49999999989626));
#8511=CARTESIAN_POINT('',(-5.40000000016079,-2.5,-6.29999999993714));
#8512=CARTESIAN_POINT('Origin',(-7.00000000019116,-2.5,-7.49999999989626));
#8513=CARTESIAN_POINT('',(-5.40000000016079,0.,-6.29999999993714));
#8514=CARTESIAN_POINT('Origin',(-5.00000000015334,0.,-5.99999999994708));
#8515=CARTESIAN_POINT('',(-5.50000000015333,0.,-5.99999999993457));
#8516=CARTESIAN_POINT('Origin',(-5.00000000015334,0.,-5.99999999994708));
#8517=CARTESIAN_POINT('',(-5.50000000015334,-2.5,-5.99999999993457));
#8518=CARTESIAN_POINT('Origin',(-5.00000000015334,-2.5,-5.99999999994708));
#8519=CARTESIAN_POINT('',(-5.50000000015333,0.,-5.99999999993457));
#8520=CARTESIAN_POINT('Origin',(-5.50000000000097,0.,1.40119E-10));
#8521=CARTESIAN_POINT('',(-5.50000000000097,0.,1.40119E-10));
#8522=CARTESIAN_POINT('',(-5.50000000015333,0.,-5.99999999993457));
#8523=CARTESIAN_POINT('',(-5.50000000000097,-2.5,1.40119E-10));
#8524=CARTESIAN_POINT('',(-5.50000000000097,-2.5,1.40119E-10));
#8525=CARTESIAN_POINT('',(-5.50000000000097,0.,1.40119E-10));
#8526=CARTESIAN_POINT('Origin',(0.,0.,0.));
#8527=CARTESIAN_POINT('',(-1.421085E-12,0.,5.50000000000097));
#8528=CARTESIAN_POINT('Origin',(0.,0.,0.));
#8529=CARTESIAN_POINT('',(-1.421085E-12,-2.5,5.50000000000097));
#8530=CARTESIAN_POINT('Origin',(0.,-2.5,0.));
#8531=CARTESIAN_POINT('',(-1.421085E-12,0.,5.50000000000097));
#8532=CARTESIAN_POINT('Origin',(2.58578643700474,0.,5.50000000000115));
#8533=CARTESIAN_POINT('',(2.58578643700474,0.,5.50000000000115));
#8534=CARTESIAN_POINT('',(-1.421085E-12,0.,5.50000000000097));
#8535=CARTESIAN_POINT('',(2.58578643700474,-2.5,5.50000000000115));
#8536=CARTESIAN_POINT('',(2.58578643700474,-2.5,5.50000000000115));
#8537=CARTESIAN_POINT('',(2.58578643700474,0.,5.50000000000115));
#8538=CARTESIAN_POINT('Origin',(2.58578643700503,0.,4.50000000000131));
#8539=CARTESIAN_POINT('',(3.29289321819147,0.,5.20710678118775));
#8540=CARTESIAN_POINT('Origin',(2.58578643700503,0.,4.50000000000131));
#8541=CARTESIAN_POINT('',(3.29289321819147,-2.5,5.20710678118775));
#8542=CARTESIAN_POINT('Origin',(2.58578643700503,-2.5,4.50000000000131));
#8543=CARTESIAN_POINT('',(3.29289321819147,0.,5.20710678118775));
#8544=CARTESIAN_POINT('Origin',(3.707106781022,0.,4.79289321835695));
#8545=CARTESIAN_POINT('',(3.707106781022,0.,4.79289321835695));
#8546=CARTESIAN_POINT('',(3.29289321819147,0.,5.20710678118775));
#8547=CARTESIAN_POINT('',(3.70710678102201,-2.5,4.79289321835695));
#8548=CARTESIAN_POINT('',(3.707106781022,-2.5,4.79289321835695));
#8549=CARTESIAN_POINT('',(3.707106781022,0.,4.79289321835695));
#8550=CARTESIAN_POINT('Origin',(4.414213562209,0.,5.49999999954338));
#8551=CARTESIAN_POINT('',(4.41421356221412,0.,4.49999999954315));
#8552=CARTESIAN_POINT('Origin',(4.414213562209,0.,5.49999999954338));
#8553=CARTESIAN_POINT('',(4.41421356221412,-2.5,4.49999999954315));
#8554=CARTESIAN_POINT('Origin',(4.414213562209,-2.5,5.49999999954338));
#8555=CARTESIAN_POINT('',(4.41421356221412,0.,4.49999999954315));
#8556=CARTESIAN_POINT('Origin',(90.5857864369145,0.,4.50000000001836));
#8557=CARTESIAN_POINT('',(90.5857864369145,0.,4.50000000001836));
#8558=CARTESIAN_POINT('',(4.41421356221412,0.,4.49999999954315));
#8559=CARTESIAN_POINT('',(90.5857864369145,-2.5,4.50000000001836));
#8560=CARTESIAN_POINT('',(90.5857864369145,-2.5,4.50000000001836));
#8561=CARTESIAN_POINT('',(90.5857864369145,0.,4.50000000001836));
#8562=CARTESIAN_POINT('Origin',(90.5857864369095,0.,5.50000000001837));
#8563=CARTESIAN_POINT('',(91.2928932180958,0.,4.79289321883158));
#8564=CARTESIAN_POINT('Origin',(90.5857864369095,0.,5.50000000001837));
#8565=CARTESIAN_POINT('',(91.2928932180958,-2.5,4.79289321883158));
#8566=CARTESIAN_POINT('Origin',(90.5857864369095,-2.5,5.50000000001837));
#8567=CARTESIAN_POINT('',(91.2928932180958,0.,4.79289321883158));
#8568=CARTESIAN_POINT('Origin',(91.7071067806466,0.,5.20710678138329));
#8569=CARTESIAN_POINT('',(91.7071067806466,0.,5.20710678138329));
#8570=CARTESIAN_POINT('',(91.2928932180958,0.,4.79289321883158));
#8571=CARTESIAN_POINT('',(91.7071067806466,-2.5,5.20710678138329));
#8572=CARTESIAN_POINT('',(91.7071067806466,-2.5,5.20710678138329));
#8573=CARTESIAN_POINT('',(91.7071067806466,0.,5.20710678138329));
#8574=CARTESIAN_POINT('Origin',(92.4142135618333,0.,4.50000000019514));
#8575=CARTESIAN_POINT('',(92.4141943754326,0.,5.50000000001231));
#8576=CARTESIAN_POINT('Origin',(92.4142135618333,0.,4.50000000019514));
#8577=CARTESIAN_POINT('',(92.4141943754326,-2.5,5.50000000001231));
#8578=CARTESIAN_POINT('Origin',(92.4142135618333,-2.5,4.50000000019514));
#8579=CARTESIAN_POINT('',(92.4141943754326,0.,5.50000000001231));
#8580=CARTESIAN_POINT('Origin',(94.9999999992811,0.,5.50000000001209));
#8581=CARTESIAN_POINT('',(94.9999999992811,0.,5.50000000001209));
#8582=CARTESIAN_POINT('',(92.4141943754326,0.,5.50000000001231));
#8583=CARTESIAN_POINT('',(94.9999999992811,-2.5,5.50000000001209));
#8584=CARTESIAN_POINT('',(94.9999999992811,-2.5,5.50000000001209));
#8585=CARTESIAN_POINT('',(94.9999999992811,0.,5.50000000001209));
#8586=CARTESIAN_POINT('Origin',(94.9999999992811,0.,1.222134E-11));
#8587=CARTESIAN_POINT('',(100.499999999281,0.,4.263256E-12));
#8588=CARTESIAN_POINT('Origin',(94.9999999992811,0.,1.222134E-11));
#8589=CARTESIAN_POINT('',(100.499999999281,-2.5,4.263256E-12));
#8590=CARTESIAN_POINT('Origin',(94.9999999992811,-2.5,1.222134E-11));
#8591=CARTESIAN_POINT('',(100.499999999281,0.,4.263256E-12));
#8592=CARTESIAN_POINT('Origin',(100.499999999272,0.,-5.99999999989421));
#8593=CARTESIAN_POINT('',(100.499999999272,0.,-5.99999999989421));
#8594=CARTESIAN_POINT('',(100.499999999281,0.,4.263256E-12));
#8595=CARTESIAN_POINT('',(100.499999999272,-2.5,-5.99999999989421));
#8596=CARTESIAN_POINT('',(100.499999999272,-2.5,-5.99999999989421));
#8597=CARTESIAN_POINT('',(100.499999999272,0.,-5.99999999989421));
#8598=CARTESIAN_POINT('Origin',(99.9999999992721,0.,-5.99999999989243));
#8599=CARTESIAN_POINT('',(100.399999999272,0.,-6.29999999989337));
#8600=CARTESIAN_POINT('Origin',(99.9999999992721,0.,-5.99999999989243));
#8601=CARTESIAN_POINT('',(100.399999999272,-2.5,-6.29999999989337));
#8602=CARTESIAN_POINT('Origin',(99.9999999992721,-2.5,-5.99999999989243));
#8603=CARTESIAN_POINT('',(100.399999999272,0.,-6.29999999989337));
#8604=CARTESIAN_POINT('Origin',(101.99999999927,0.,-7.49999999989626));
#8605=CARTESIAN_POINT('',(100.399999999268,0.,-8.69999999989399));
#8606=CARTESIAN_POINT('Origin',(101.99999999927,0.,-7.49999999989626));
#8607=CARTESIAN_POINT('',(100.399999999268,-2.5,-8.69999999989399));
#8608=CARTESIAN_POINT('Origin',(101.99999999927,-2.5,-7.49999999989626));
#8609=CARTESIAN_POINT('',(100.399999999268,0.,-8.69999999989399));
#8610=CARTESIAN_POINT('Origin',(99.999999999267,0.,-8.99999999989376));
#8611=CARTESIAN_POINT('',(100.499999999267,0.,-8.99999999989433));
#8612=CARTESIAN_POINT('Origin',(99.999999999267,0.,-8.99999999989376));
#8613=CARTESIAN_POINT('',(100.499999999267,-2.5,-8.99999999989433));
#8614=CARTESIAN_POINT('Origin',(99.999999999267,-2.5,-8.99999999989376));
#8615=CARTESIAN_POINT('',(100.499999999267,0.,-8.99999999989433));
#8616=CARTESIAN_POINT('Origin',(100.499999999267,0.,-9.49999999991207));
#8617=CARTESIAN_POINT('',(100.499999999267,0.,-9.49999999991207));
#8618=CARTESIAN_POINT('',(100.499999999267,0.,-8.99999999989433));
#8619=CARTESIAN_POINT('',(100.499999999267,-2.5,-9.49999999991206));
#8620=CARTESIAN_POINT('',(100.499999999267,-2.5,-9.49999999991207));
#8621=CARTESIAN_POINT('',(100.499999999267,0.,-9.49999999991207));
#8622=CARTESIAN_POINT('Origin',(99.9999999992667,0.,-9.49999999991079));
#8623=CARTESIAN_POINT('',(100.399999999266,0.,-9.79999999991144));
#8624=CARTESIAN_POINT('Origin',(99.9999999992667,0.,-9.49999999991079));
#8625=CARTESIAN_POINT('',(100.399999999266,-2.5,-9.79999999991144));
#8626=CARTESIAN_POINT('Origin',(99.9999999992667,-2.5,-9.49999999991079));
#8627=CARTESIAN_POINT('',(100.399999999266,0.,-9.79999999991144));
#8628=CARTESIAN_POINT('Origin',(101.999999999264,0.,-10.9999999999141));
#8629=CARTESIAN_POINT('',(100.399999999263,0.,-12.1999999999118));
#8630=CARTESIAN_POINT('Origin',(101.999999999264,0.,-10.9999999999141));
#8631=CARTESIAN_POINT('',(100.399999999263,-2.5,-12.1999999999118));
#8632=CARTESIAN_POINT('Origin',(101.999999999264,-2.5,-10.9999999999141));
#8633=CARTESIAN_POINT('',(100.399999999263,0.,-12.1999999999118));
#8634=CARTESIAN_POINT('Origin',(99.9999999992619,0.,-12.4999999999115));
#8635=CARTESIAN_POINT('',(100.499999999262,0.,-12.4999999999122));
#8636=CARTESIAN_POINT('Origin',(99.9999999992619,0.,-12.4999999999115));
#8637=CARTESIAN_POINT('',(100.499999999262,-2.5,-12.4999999999122));
#8638=CARTESIAN_POINT('Origin',(99.9999999992619,-2.5,-12.4999999999115));
#8639=CARTESIAN_POINT('',(100.499999999262,0.,-12.4999999999122));
#8640=CARTESIAN_POINT('Origin',(100.499999999261,0.,-12.9999999999191));
#8641=CARTESIAN_POINT('',(100.499999999261,0.,-12.9999999999191));
#8642=CARTESIAN_POINT('',(100.499999999262,0.,-12.4999999999122));
#8643=CARTESIAN_POINT('',(100.499999999261,-2.5,-12.9999999999191));
#8644=CARTESIAN_POINT('',(100.499999999261,-2.5,-12.9999999999191));
#8645=CARTESIAN_POINT('',(100.499999999261,0.,-12.9999999999191));
#8646=CARTESIAN_POINT('Origin',(99.9999999992613,0.,-12.9999999999182));
#8647=CARTESIAN_POINT('',(100.399999999262,0.,-13.2999999999177));
#8648=CARTESIAN_POINT('Origin',(99.9999999992613,0.,-12.9999999999182));
#8649=CARTESIAN_POINT('',(100.399999999262,-2.5,-13.2999999999177));
#8650=CARTESIAN_POINT('Origin',(99.9999999992613,-2.5,-12.9999999999182));
#8651=CARTESIAN_POINT('',(100.399999999262,0.,-13.2999999999177));
#8652=CARTESIAN_POINT('Origin',(101.999999999264,0.,-14.4999999999144));
#8653=CARTESIAN_POINT('',(100.399999999259,0.,-15.6999999999071));
#8654=CARTESIAN_POINT('Origin',(101.999999999264,0.,-14.4999999999144));
#8655=CARTESIAN_POINT('',(100.399999999259,-2.5,-15.6999999999071));
#8656=CARTESIAN_POINT('Origin',(101.999999999264,-2.5,-14.4999999999144));
#8657=CARTESIAN_POINT('',(100.399999999259,0.,-15.6999999999071));
#8658=CARTESIAN_POINT('Origin',(99.9999999992571,0.,-15.9999999999039));
#8659=CARTESIAN_POINT('',(100.499999999257,0.,-15.999999999905));
#8660=CARTESIAN_POINT('Origin',(99.9999999992571,0.,-15.9999999999039));
#8661=CARTESIAN_POINT('',(100.499999999257,-2.5,-15.999999999905));
#8662=CARTESIAN_POINT('Origin',(99.9999999992571,-2.5,-15.9999999999039));
#8663=CARTESIAN_POINT('',(100.499999999257,0.,-15.999999999905));
#8664=CARTESIAN_POINT('Origin',(100.499999999256,0.,-16.4999999999119));
#8665=CARTESIAN_POINT('',(100.499999999256,0.,-16.4999999999119));
#8666=CARTESIAN_POINT('',(100.499999999257,0.,-15.999999999905));
#8667=CARTESIAN_POINT('',(100.499999999256,-2.5,-16.4999999999119));
#8668=CARTESIAN_POINT('',(100.499999999256,-2.5,-16.4999999999119));
#8669=CARTESIAN_POINT('',(100.499999999256,0.,-16.4999999999119));
#8670=CARTESIAN_POINT('Origin',(99.9999999992562,0.,-16.4999999999108));
#8671=CARTESIAN_POINT('',(100.399999999256,0.,-16.7999999999111));
#8672=CARTESIAN_POINT('Origin',(99.9999999992562,0.,-16.4999999999108));
#8673=CARTESIAN_POINT('',(100.399999999256,-2.5,-16.7999999999111));
#8674=CARTESIAN_POINT('Origin',(99.9999999992562,-2.5,-16.4999999999108));
#8675=CARTESIAN_POINT('',(100.399999999256,0.,-16.7999999999111));
#8676=CARTESIAN_POINT('Origin',(101.999999999254,0.,-17.999999999914));
#8677=CARTESIAN_POINT('',(100.399999999252,0.,-19.1999999999117));
#8678=CARTESIAN_POINT('Origin',(101.999999999254,0.,-17.999999999914));
#8679=CARTESIAN_POINT('',(100.399999999252,-2.5,-19.1999999999117));
#8680=CARTESIAN_POINT('Origin',(101.999999999254,-2.5,-17.999999999914));
#8681=CARTESIAN_POINT('',(100.399999999252,0.,-19.1999999999117));
#8682=CARTESIAN_POINT('Origin',(99.9999999992511,0.,-19.4999999999115));
#8683=CARTESIAN_POINT('',(100.499999999251,0.,-19.4999999999121));
#8684=CARTESIAN_POINT('Origin',(99.9999999992511,0.,-19.4999999999115));
#8685=CARTESIAN_POINT('',(100.499999999251,-2.5,-19.4999999999121));
#8686=CARTESIAN_POINT('Origin',(99.9999999992511,-2.5,-19.4999999999115));
#8687=CARTESIAN_POINT('',(100.499999999251,0.,-19.4999999999121));
#8688=CARTESIAN_POINT('Origin',(100.499999999245,0.,-19.9999999999622));
#8689=CARTESIAN_POINT('',(100.499999999245,0.,-19.9999999999622));
#8690=CARTESIAN_POINT('',(100.499999999251,0.,-19.4999999999121));
#8691=CARTESIAN_POINT('',(100.499999999245,-2.5,-19.9999999999622));
#8692=CARTESIAN_POINT('',(100.499999999245,-2.5,-19.9999999999622));
#8693=CARTESIAN_POINT('',(100.499999999245,0.,-19.9999999999622));
#8694=CARTESIAN_POINT('Origin',(94.9999999992507,0.,-19.9999999999537));
#8695=CARTESIAN_POINT('',(94.9999999992382,0.,-25.4999999999481));
#8696=CARTESIAN_POINT('Origin',(94.9999999992507,0.,-19.9999999999537));
#8697=CARTESIAN_POINT('',(94.9999999992382,-2.5,-25.4999999999481));
#8698=CARTESIAN_POINT('Origin',(94.9999999992507,-2.5,-19.9999999999537));
#8699=CARTESIAN_POINT('',(94.9999999992382,0.,-25.4999999999481));
#8700=CARTESIAN_POINT('Origin',(92.4142040934372,0.,-25.4999999999481));
#8701=CARTESIAN_POINT('',(92.4142040934372,0.,-25.4999999999481));
#8702=CARTESIAN_POINT('',(94.9999999992382,0.,-25.4999999999481));
#8703=CARTESIAN_POINT('',(92.4142040934372,-2.5,-25.4999999999481));
#8704=CARTESIAN_POINT('',(92.4142040934372,-2.5,-25.4999999999481));
#8705=CARTESIAN_POINT('',(92.4142040934372,0.,-25.4999999999481));
#8706=CARTESIAN_POINT('Origin',(92.4142040934372,0.,-24.4999999999928));
#8707=CARTESIAN_POINT('',(91.7070973122502,0.,-25.207106781179));
#8708=CARTESIAN_POINT('Origin',(92.4142040934372,0.,-24.4999999999928));
#8709=CARTESIAN_POINT('',(91.7070973122502,-2.5,-25.207106781179));
#8710=CARTESIAN_POINT('Origin',(92.4142040934372,-2.5,-24.4999999999928));
#8711=CARTESIAN_POINT('',(91.7070973122502,0.,-25.207106781179));
#8712=CARTESIAN_POINT('Origin',(91.2928837497182,0.,-24.7928932186468));
#8713=CARTESIAN_POINT('',(91.7070973122502,0.,-25.207106781179));
#8714=CARTESIAN_POINT('',(91.2928837497182,-2.5,-24.7928932186468));
#8715=CARTESIAN_POINT('Origin',(47.4999998708162,-2.5,-9.94855410192882));
#8716=CARTESIAN_POINT('Origin',(47.4999998708162,0.,-9.94855410192882));
#8717=CARTESIAN_POINT('',(0.,0.,0.));
#8718=CARTESIAN_POINT('Origin',(7.84663750000001,-2.883502E-31,0.));
#8719=CARTESIAN_POINT('',(7.69327500000001,-1.49999999999999,-1.83697019872102E-16));
#8720=CARTESIAN_POINT('',(7.69327500000001,1.49999999999999,-1.83697019872102E-16));
#8721=CARTESIAN_POINT('Origin',(7.69327500000001,-2.808294E-31,0.));
#8722=CARTESIAN_POINT('',(8.00000000000001,1.19327499999999,-1.46134E-16));
#8723=CARTESIAN_POINT('',(7.84663750000001,1.34663749999999,-1.64915530398678E-16));
#8724=CARTESIAN_POINT('Origin',(8.00000000000001,-2.95871E-31,0.));
#8725=CARTESIAN_POINT('Origin',(7.69327500000001,-2.808294E-31,0.));
#8726=CARTESIAN_POINT('Origin',(6.00000000000001,-1.977922E-31,0.));
#8727=CARTESIAN_POINT('',(1.85999999999999,-1.49999999999999,-1.83697019872102E-16));
#8728=CARTESIAN_POINT('',(6.00000000000001,-1.49999999999999,-1.83697019872102E-16));
#8729=CARTESIAN_POINT('Origin',(1.85999999999999,5.230868E-33,0.));
#8730=CARTESIAN_POINT('Origin',(8.00000000000001,0.749999999999996,0.));
#8731=CARTESIAN_POINT('Origin',(-1.452719E-31,-1.,-0.577350269189626));
#8732=CARTESIAN_POINT('',(1.3,-0.999999999999999,-0.577350269189626));
#8733=CARTESIAN_POINT('',(1.38931639747705,-1.,2.42097040586395E-16));
#8734=CARTESIAN_POINT('Ctrl Pts',(1.30000000000001,-1.,-0.577350269189626));
#8735=CARTESIAN_POINT('Ctrl Pts',(1.38931639747705,-1.,-0.267949192431123));
#8736=CARTESIAN_POINT('Ctrl Pts',(1.38931639747705,-1.,3.61729401258055E-16));
#8737=CARTESIAN_POINT('',(-1.452719E-31,-1.,-0.577350269189626));
#8738=CARTESIAN_POINT('',(1.3,-1.,-0.577350269189626));
#8739=CARTESIAN_POINT('',(-1.452719E-31,-1.,0.577350269189626));
#8740=CARTESIAN_POINT('',(-1.452719E-31,-1.,0.577350269189626));
#8741=CARTESIAN_POINT('',(1.3,-1.,0.577350269189625));
#8742=CARTESIAN_POINT('',(1.3,-1.,0.577350269189626));
#8743=CARTESIAN_POINT('Ctrl Pts',(1.38931639747705,-1.,3.61729401258055E-16));
#8744=CARTESIAN_POINT('Ctrl Pts',(1.38931639747705,-1.,0.267949192431123));
#8745=CARTESIAN_POINT('Ctrl Pts',(1.30000000000001,-1.,0.577350269189626));
#8746=CARTESIAN_POINT('Origin',(-9.623246E-32,-1.414054E-16,-1.15470053837925));
#8747=CARTESIAN_POINT('',(1.3,6.938894E-17,-1.15470053837925));
#8748=CARTESIAN_POINT('Ctrl Pts',(1.3,4.163336E-15,-1.15470053837925));
#8749=CARTESIAN_POINT('Ctrl Pts',(1.46666666666667,-0.5,-0.866025403784439));
#8750=CARTESIAN_POINT('Ctrl Pts',(1.3,-1.,-0.577350269189624));
#8751=CARTESIAN_POINT('',(-9.623246E-32,-1.414054E-16,-1.15470053837925));
#8752=CARTESIAN_POINT('',(1.3,-6.938894E-16,-1.15470053837925));
#8753=CARTESIAN_POINT('',(-1.452719E-31,-1.,-0.577350269189626));
#8754=CARTESIAN_POINT('Origin',(-4.719307E-32,0.999999999999999,-0.577350269189626));
#8755=CARTESIAN_POINT('',(1.3,0.999999999999999,-0.577350269189626));
#8756=CARTESIAN_POINT('Ctrl Pts',(1.3,1.,-0.577350269189624));
#8757=CARTESIAN_POINT('Ctrl Pts',(1.46666666666667,0.5,-0.866025403784439));
#8758=CARTESIAN_POINT('Ctrl Pts',(1.3,-4.232725E-15,-1.15470053837925));
#8759=CARTESIAN_POINT('',(-4.719307E-32,0.999999999999999,-0.577350269189626));
#8760=CARTESIAN_POINT('',(1.3,0.999999999999999,-0.577350269189627));
#8761=CARTESIAN_POINT('',(-9.623246E-32,-2.220446E-16,-1.15470053837925));
#8762=CARTESIAN_POINT('Origin',(-4.719307E-32,1.,0.577350269189625));
#8763=CARTESIAN_POINT('',(1.3,1.,0.577350269189626));
#8764=CARTESIAN_POINT('Ctrl Pts',(1.3,1.,0.577350269189631));
#8765=CARTESIAN_POINT('Ctrl Pts',(1.46666666666667,1.,-4.85722573273506E-16));
#8766=CARTESIAN_POINT('Ctrl Pts',(1.3,0.999999999999999,-0.577350269189633));
#8767=CARTESIAN_POINT('',(-4.719307E-32,1.,0.577350269189625));
#8768=CARTESIAN_POINT('',(0.,1.,0.577350269189626));
#8769=CARTESIAN_POINT('',(-4.719307E-32,0.999999999999999,-0.577350269189626));
#8770=CARTESIAN_POINT('Origin',(-1.452719E-31,-1.,0.577350269189626));
#8771=CARTESIAN_POINT('',(1.3,-3.469447E-16,1.15470053837925));
#8772=CARTESIAN_POINT('Ctrl Pts',(1.3,-1.,0.577350269189623));
#8773=CARTESIAN_POINT('Ctrl Pts',(1.46666666666667,-0.5,0.866025403784439));
#8774=CARTESIAN_POINT('Ctrl Pts',(1.3,4.093947E-15,1.15470053837925));
#8775=CARTESIAN_POINT('',(-9.623246E-32,0.,1.15470053837925));
#8776=CARTESIAN_POINT('',(-9.623246E-32,2.220446E-16,1.15470053837925));
#8777=CARTESIAN_POINT('',(1.3,4.163336E-16,1.15470053837925));
#8778=CARTESIAN_POINT('Origin',(-9.623246E-32,0.,1.15470053837925));
#8779=CARTESIAN_POINT('Ctrl Pts',(1.3,-4.57967E-15,1.15470053837925));
#8780=CARTESIAN_POINT('Ctrl Pts',(1.46666666666667,0.5,0.866025403784438));
#8781=CARTESIAN_POINT('Ctrl Pts',(1.3,1.00000000000001,0.577350269189621));
#8782=CARTESIAN_POINT('',(-4.719307E-32,1.,0.577350269189625));
#8783=CARTESIAN_POINT('Origin',(1.63333333333334,1.634646E-32,0.));
#8784=CARTESIAN_POINT('',(1.96666666666667,-3.33333332345559E-39,0.));
#8785=CARTESIAN_POINT('',(1.63333333333334,-0.577350269189626,7.07050159149938E-17));
#8786=CARTESIAN_POINT('Origin',(0.,1.96235026918963,0.));
#8787=CARTESIAN_POINT('',(0.,-2.77000000000001,-3.39227163363818E-16));
#8788=CARTESIAN_POINT('Origin',(0.,9.644413E-32,0.));
#8789=CARTESIAN_POINT('Origin',(0.294999999999987,8.197751E-32,0.));
#8790=CARTESIAN_POINT('',(0.589999999999975,-2.77000000000001,-3.39227163363818E-16));
#8791=CARTESIAN_POINT('Origin',(0.589999999999975,6.751089E-32,0.));
#8792=CARTESIAN_POINT('',(0.294999999999987,-2.77000000000001,-3.39227163363818E-16));
#8793=CARTESIAN_POINT('Origin',(1.22499999999998,3.637088E-32,0.));
#8794=CARTESIAN_POINT('',(1.22499999999998,-2.13500000000001,2.61462091617961E-16));
#8795=CARTESIAN_POINT('',(0.,0.,0.));
#8796=CARTESIAN_POINT('Origin',(-384.609377606863,-7.55,70.9960043043792));
#8797=CARTESIAN_POINT('',(-384.609377606863,-15.3,68.3460043043792));
#8798=CARTESIAN_POINT('',(-384.609377606863,-15.3,73.6460043043792));
#8799=CARTESIAN_POINT('',(-384.609377606863,-15.3,68.3460043043792));
#8800=CARTESIAN_POINT('',(-384.609377606863,0.2,68.3460043043792));
#8801=CARTESIAN_POINT('',(-384.609377606863,0.2,68.3460043043792));
#8802=CARTESIAN_POINT('',(-384.609377606863,0.2,73.6460043043792));
#8803=CARTESIAN_POINT('',(-384.609377606863,0.2,73.6460043043792));
#8804=CARTESIAN_POINT('',(-384.609377606863,-15.3,73.6460043043792));
#8805=CARTESIAN_POINT('',(-384.609377606863,0.,73.4460043043792));
#8806=CARTESIAN_POINT('',(-384.609377606863,-15.1,73.4460043043792));
#8807=CARTESIAN_POINT('',(-384.609377606863,0.,73.4460043043792));
#8808=CARTESIAN_POINT('',(-384.609377606863,0.,68.5460043043792));
#8809=CARTESIAN_POINT('',(-384.609377606863,0.,68.5460043043792));
#8810=CARTESIAN_POINT('',(-384.609377606863,-15.1,68.5460043043792));
#8811=CARTESIAN_POINT('',(-384.609377606863,0.,68.5460043043792));
#8812=CARTESIAN_POINT('',(-384.609377606863,-15.1,73.4460043043792));
#8813=CARTESIAN_POINT('Origin',(-384.609377606863,0.2,68.3460043043792));
#8814=CARTESIAN_POINT('',(-385.109377606863,-15.3,68.3460043043792));
#8815=CARTESIAN_POINT('',(-384.609377606863,-15.3,68.3460043043792));
#8816=CARTESIAN_POINT('',(-385.109377606863,0.2,68.3460043043792));
#8817=CARTESIAN_POINT('',(-385.109377606863,0.2,68.3460043043792));
#8818=CARTESIAN_POINT('',(-384.609377606863,0.2,68.3460043043792));
#8819=CARTESIAN_POINT('Origin',(-384.609377606863,0.2,73.6460043043792));
#8820=CARTESIAN_POINT('',(-385.109377606863,0.2,73.6460043043792));
#8821=CARTESIAN_POINT('',(-385.109377606863,0.2,73.6460043043792));
#8822=CARTESIAN_POINT('',(-384.609377606863,0.2,73.6460043043792));
#8823=CARTESIAN_POINT('Origin',(-384.609377606863,-15.3,73.6460043043792));
#8824=CARTESIAN_POINT('',(-385.109377606863,-15.3,73.6460043043792));
#8825=CARTESIAN_POINT('',(-385.109377606863,-15.3,73.6460043043792));
#8826=CARTESIAN_POINT('',(-384.609377606863,-15.3,73.6460043043792));
#8827=CARTESIAN_POINT('Origin',(-384.609377606863,-15.3,68.3460043043792));
#8828=CARTESIAN_POINT('',(-385.109377606863,-15.3,68.3460043043792));
#8829=CARTESIAN_POINT('Origin',(-385.109377606863,-7.55,70.9960043043792));
#8830=CARTESIAN_POINT('Origin',(-384.609377606863,0.,68.5460043043792));
#8831=CARTESIAN_POINT('',(-383.414146820544,0.,68.5460043043792));
#8832=CARTESIAN_POINT('',(-383.414146820544,0.,68.5460043043792));
#8833=CARTESIAN_POINT('',(-383.414146820544,-15.1,68.5460043043792));
#8834=CARTESIAN_POINT('',(-383.414146820544,0.,68.5460043043792));
#8835=CARTESIAN_POINT('',(-384.609377606863,-15.1,68.5460043043792));
#8836=CARTESIAN_POINT('Origin',(-383.414146820544,0.,73.4460043043792));
#8837=CARTESIAN_POINT('',(-383.414146820544,0.,73.4460043043792));
#8838=CARTESIAN_POINT('',(-384.609377606863,0.,73.4460043043792));
#8839=CARTESIAN_POINT('',(-383.414146820544,-15.1,73.4460043043792));
#8840=CARTESIAN_POINT('',(-383.414146820544,-15.1,73.4460043043792));
#8841=CARTESIAN_POINT('',(-383.414146820544,0.,73.4460043043792));
#8842=CARTESIAN_POINT('Origin',(-393.109377606863,0.,70.9960043043792));
#8843=CARTESIAN_POINT('Origin',(-393.109377606863,0.,70.9960043043792));
#8844=CARTESIAN_POINT('Origin',(-393.109377606863,-15.1,70.9960043043792));
#8845=CARTESIAN_POINT('Origin',(-384.007754283397,-15.1,70.9960043043792));
#8846=CARTESIAN_POINT('Origin',(-384.007754283397,0.,70.9960043043792));
#8847=CARTESIAN_POINT('',(0.,0.,0.));
#8848=CARTESIAN_POINT('',(-3.753217E-10,-74.,-19.9999999997759));
#8849=CARTESIAN_POINT('',(94.9999999989057,2.5,-19.9999999998246));
#8850=CARTESIAN_POINT('',(-3.360634E-10,-76.5,-19.9999999999986));
#8851=CARTESIAN_POINT('',(94.9999999989452,-76.5,-20.000000000149));
#8852=CARTESIAN_POINT('',(94.9999999989439,-76.5,-1.831148E-10));
#8853=CARTESIAN_POINT('',(-8.159869E-10,-76.5,-2.552463E-10));
#8854=CARTESIAN_POINT('',(-3.360627E-10,-76.5,-19.9999999999986));
#8855=CARTESIAN_POINT('',(-3.753148E-10,2.49999999999999,-19.9999999997757));
#8856=CARTESIAN_POINT('',(-3.320895E-10,2.49999999999999,1.900436E-10));
#8857=CARTESIAN_POINT('',(94.9999999989057,2.5,-19.9999999998246));
#8858=CARTESIAN_POINT('',(94.9999999994275,2.5,-8.129884E-11));
#8859=CARTESIAN_POINT('',(76.6460043066035,-58.7,389.109377606823));
#8860=CARTESIAN_POINT('',(76.6460043043918,-0.200000000000001,389.109377606823));
#8861=CARTESIAN_POINT('',(160.34600430412,-58.7,389.109377606823));
#8862=CARTESIAN_POINT('',(160.346004301894,-0.199999999999987,389.109377606823));
#8863=CARTESIAN_POINT('',(29.7942072052312,-7.86030487109057,-68.6541629536454));
#8864=UNCERTAINTY_MEASURE_WITH_UNIT(LENGTH_MEASURE(0.01),#8880,
'DISTANCE_ACCURACY_VALUE',
'Maximum model space distance between geometric entities at asserted c
onnectivities');
#8865=UNCERTAINTY_MEASURE_WITH_UNIT(LENGTH_MEASURE(0.01),#8880,
'DISTANCE_ACCURACY_VALUE',
'Maximum model space distance between geometric entities at asserted c
onnectivities');
#8866=UNCERTAINTY_MEASURE_WITH_UNIT(LENGTH_MEASURE(0.01),#8880,
'DISTANCE_ACCURACY_VALUE',
'Maximum model space distance between geometric entities at asserted c
onnectivities');
#8867=UNCERTAINTY_MEASURE_WITH_UNIT(LENGTH_MEASURE(0.01),#8880,
'DISTANCE_ACCURACY_VALUE',
'Maximum model space distance between geometric entities at asserted c
onnectivities');
#8868=UNCERTAINTY_MEASURE_WITH_UNIT(LENGTH_MEASURE(0.01),#8880,
'DISTANCE_ACCURACY_VALUE',
'Maximum model space distance between geometric entities at asserted c
onnectivities');
#8869=UNCERTAINTY_MEASURE_WITH_UNIT(LENGTH_MEASURE(0.01),#8880,
'DISTANCE_ACCURACY_VALUE',
'Maximum model space distance between geometric entities at asserted c
onnectivities');
#8870=UNCERTAINTY_MEASURE_WITH_UNIT(LENGTH_MEASURE(0.01),#8880,
'DISTANCE_ACCURACY_VALUE',
'Maximum model space distance between geometric entities at asserted c
onnectivities');
#8871=UNCERTAINTY_MEASURE_WITH_UNIT(LENGTH_MEASURE(0.01),#8880,
'DISTANCE_ACCURACY_VALUE',
'Maximum model space distance between geometric entities at asserted c
onnectivities');
#8872=(
GEOMETRIC_REPRESENTATION_CONTEXT(3)
GLOBAL_UNCERTAINTY_ASSIGNED_CONTEXT((#8864))
GLOBAL_UNIT_ASSIGNED_CONTEXT((#8880,#8882,#8883))
REPRESENTATION_CONTEXT('','3D')
);
#8873=(
GEOMETRIC_REPRESENTATION_CONTEXT(3)
GLOBAL_UNCERTAINTY_ASSIGNED_CONTEXT((#8865))
GLOBAL_UNIT_ASSIGNED_CONTEXT((#8880,#8882,#8883))
REPRESENTATION_CONTEXT('','3D')
);
#8874=(
GEOMETRIC_REPRESENTATION_CONTEXT(3)
GLOBAL_UNCERTAINTY_ASSIGNED_CONTEXT((#8866))
GLOBAL_UNIT_ASSIGNED_CONTEXT((#8880,#8882,#8883))
REPRESENTATION_CONTEXT('','3D')
);
#8875=(
GEOMETRIC_REPRESENTATION_CONTEXT(3)
GLOBAL_UNCERTAINTY_ASSIGNED_CONTEXT((#8867))
GLOBAL_UNIT_ASSIGNED_CONTEXT((#8880,#8882,#8883))
REPRESENTATION_CONTEXT('','3D')
);
#8876=(
GEOMETRIC_REPRESENTATION_CONTEXT(3)
GLOBAL_UNCERTAINTY_ASSIGNED_CONTEXT((#8868))
GLOBAL_UNIT_ASSIGNED_CONTEXT((#8880,#8882,#8883))
REPRESENTATION_CONTEXT('','3D')
);
#8877=(
GEOMETRIC_REPRESENTATION_CONTEXT(3)
GLOBAL_UNCERTAINTY_ASSIGNED_CONTEXT((#8869))
GLOBAL_UNIT_ASSIGNED_CONTEXT((#8880,#8882,#8883))
REPRESENTATION_CONTEXT('','3D')
);
#8878=(
GEOMETRIC_REPRESENTATION_CONTEXT(3)
GLOBAL_UNCERTAINTY_ASSIGNED_CONTEXT((#8870))
GLOBAL_UNIT_ASSIGNED_CONTEXT((#8880,#8882,#8883))
REPRESENTATION_CONTEXT('','3D')
);
#8879=(
GEOMETRIC_REPRESENTATION_CONTEXT(3)
GLOBAL_UNCERTAINTY_ASSIGNED_CONTEXT((#8871))
GLOBAL_UNIT_ASSIGNED_CONTEXT((#8880,#8882,#8883))
REPRESENTATION_CONTEXT('','3D')
);
#8880=(
LENGTH_UNIT()
NAMED_UNIT(*)
SI_UNIT(.MILLI.,.METRE.)
);
#8881=(
LENGTH_UNIT()
NAMED_UNIT(*)
SI_UNIT(.CENTI.,.METRE.)
);
#8882=(
NAMED_UNIT(*)
PLANE_ANGLE_UNIT()
SI_UNIT($,.RADIAN.)
);
#8883=(
NAMED_UNIT(*)
SI_UNIT($,.STERADIAN.)
SOLID_ANGLE_UNIT()
);
#8884=SHAPE_DEFINITION_REPRESENTATION(#8891,#8915);
#8885=SHAPE_DEFINITION_REPRESENTATION(#8892,#8916);
#8886=SHAPE_DEFINITION_REPRESENTATION(#8893,#8917);
#8887=SHAPE_DEFINITION_REPRESENTATION(#8894,#8918);
#8888=SHAPE_DEFINITION_REPRESENTATION(#8895,#8919);
#8889=SHAPE_DEFINITION_REPRESENTATION(#8896,#8920);
#8890=SHAPE_DEFINITION_REPRESENTATION(#8897,#8921);
#8891=PRODUCT_DEFINITION_SHAPE('',$,#8923);
#8892=PRODUCT_DEFINITION_SHAPE('',$,#8924);
#8893=PRODUCT_DEFINITION_SHAPE('',$,#8925);
#8894=PRODUCT_DEFINITION_SHAPE('',$,#8926);
#8895=PRODUCT_DEFINITION_SHAPE('',$,#8927);
#8896=PRODUCT_DEFINITION_SHAPE('',$,#8928);
#8897=PRODUCT_DEFINITION_SHAPE('',$,#8929);
#8898=PRODUCT_DEFINITION_SHAPE($,$,#62);
#8899=PRODUCT_DEFINITION_SHAPE($,$,#63);
#8900=PRODUCT_DEFINITION_SHAPE($,$,#64);
#8901=PRODUCT_DEFINITION_SHAPE($,$,#65);
#8902=PRODUCT_DEFINITION_SHAPE($,$,#66);
#8903=PRODUCT_DEFINITION_SHAPE($,$,#67);
#8904=PRODUCT_DEFINITION_SHAPE($,$,#68);
#8905=PRODUCT_DEFINITION_SHAPE($,$,#69);
#8906=PRODUCT_DEFINITION_SHAPE($,$,#70);
#8907=PRODUCT_DEFINITION_SHAPE($,$,#71);
#8908=PRODUCT_DEFINITION_SHAPE($,$,#72);
#8909=PRODUCT_DEFINITION_SHAPE($,$,#73);
#8910=PRODUCT_DEFINITION_SHAPE($,$,#74);
#8911=PRODUCT_DEFINITION_SHAPE($,$,#75);
#8912=PRODUCT_DEFINITION_SHAPE($,$,#76);
#8913=PRODUCT_DEFINITION_SHAPE($,$,#77);
#8914=PRODUCT_DEFINITION_SHAPE($,$,#78);
#8915=SHAPE_REPRESENTATION('',(#5205,#5760),#8872);
#8916=SHAPE_REPRESENTATION('',(#5206,#5744,#5745,#5746,#5747,#5748,#5749,
#5750,#5751,#5752,#5753,#5754,#5755,#5756,#5757,#5758,#5759),#8873);
#8917=SHAPE_REPRESENTATION('',(#5207),#8874);
#8918=SHAPE_REPRESENTATION('',(#5418),#8875);
#8919=SHAPE_REPRESENTATION('',(#5559),#8876);
#8920=SHAPE_REPRESENTATION('',(#5710),#8877);
#8921=SHAPE_REPRESENTATION('',(#5730),#8878);
#8922=PRODUCT_DEFINITION_CONTEXT('part definition',#8945,'design');
#8923=PRODUCT_DEFINITION('Assembly44','EX11-3-8_TOP',#8930,#8922);
#8924=PRODUCT_DEFINITION('EX11-3-8','EX11-3-8',#8931,#8922);
#8925=PRODUCT_DEFINITION('\X2\4E0B30AB30D030FC\X0\105-3-74',
'\X2\4E0B30AB30D030FC\X0\105-3-74',#8932,#8922);
#8926=PRODUCT_DEFINITION('\X2\4E0A30AB30D030FC\X0\105-74',
'\X2\4E0A30AB30D030FC\X0\105-74',#8933,#8922);
#8927=PRODUCT_DEFINITION('105-3\X2\30D130CD30EB\X0\','105-3\X2\30D130CD30EB\X0\',
#8934,#8922);
#8928=PRODUCT_DEFINITION('ISO 10642 M3 x  8','ISO 10642 M3 x  8',#8935,
#8922);
#8929=PRODUCT_DEFINITION('SJ-1011','SJ-1011',#8936,#8922);
#8930=PRODUCT_DEFINITION_FORMATION('',$,#8947);
#8931=PRODUCT_DEFINITION_FORMATION('',$,#8948);
#8932=PRODUCT_DEFINITION_FORMATION('',$,#8949);
#8933=PRODUCT_DEFINITION_FORMATION('',$,#8950);
#8934=PRODUCT_DEFINITION_FORMATION('',$,#8951);
#8935=PRODUCT_DEFINITION_FORMATION('',$,#8952);
#8936=PRODUCT_DEFINITION_FORMATION('',$,#8953);
#8937=PRODUCT_RELATED_PRODUCT_CATEGORY('EX11-3-8_TOP','EX11-3-8_TOP',(#8947));
#8938=PRODUCT_RELATED_PRODUCT_CATEGORY('EX11-3-8','EX11-3-8',(#8948));
#8939=PRODUCT_RELATED_PRODUCT_CATEGORY('\X2\4E0B30AB30D030FC\X0\105-3-
74','\X2\4E0B30AB30D030FC\X0\105-3-74',(#8949));
#8940=PRODUCT_RELATED_PRODUCT_CATEGORY('\X2\4E0A30AB30D030FC\X0\105-74',
'\X2\4E0A30AB30D030FC\X0\105-74',(#8950));
#8941=PRODUCT_RELATED_PRODUCT_CATEGORY('105-3\X2\30D130CD30EB\X0\',
'105-3\X2\30D130CD30EB\X0\',(#8951));
#8942=PRODUCT_RELATED_PRODUCT_CATEGORY('ISO 10642 M3 x  8',
'ISO 10642 M3 x  8',(#8952));
#8943=PRODUCT_RELATED_PRODUCT_CATEGORY('SJ-1011','SJ-1011',(#8953));
#8944=APPLICATION_PROTOCOL_DEFINITION('international standard',
'automotive_design',2009,#8945);
#8945=APPLICATION_CONTEXT(
'Core Data for Automotive Mechanical Design Process');
#8946=PRODUCT_CONTEXT('part definition',#8945,'mechanical');
#8947=PRODUCT('Assembly44','EX11-3-8_TOP',$,(#8946));
#8948=PRODUCT('EX11-3-8','EX11-3-8',$,(#8946));
#8949=PRODUCT('\X2\4E0B30AB30D030FC\X0\105-3-74','\X2\4E0B30AB30D030FC\X0\1
05-3-74',$,(#8946));
#8950=PRODUCT('\X2\4E0A30AB30D030FC\X0\105-74','\X2\4E0A30AB30D030FC\X0\1
05-74',$,(#8946));
#8951=PRODUCT('105-3\X2\30D130CD30EB\X0\','105-3\X2\30D130CD30EB\X0\',$,
(#8946));
#8952=PRODUCT('ISO 10642 M3 x  8','ISO 10642 M3 x  8',$,(#8946));
#8953=PRODUCT('SJ-1011','SJ-1011',$,(#8946));
ENDSEC;
END-ISO-10303-21;
