ISO-10303-21;
HEADER;
/* Generated by software containing ST-Developer
 * from STEP Tools, Inc. (www.steptools.com) 
 */

FILE_DESCRIPTION(
/* description */ (''),
/* implementation_level */ '2;1');

FILE_NAME(
/* name */ 'HD10-5-10S.stp',
/* time_stamp */ '2023-06-14T14:16:02+09:00',
/* author */ ('TK309'),
/* organization */ (''),
/* preprocessor_version */ 'ST-DEVELOPER v19.2',
/* originating_system */ 'Autodesk Inventor 2024',
/* authorisation */ '');

FILE_SCHEMA (('AUTOMOTIVE_DESIGN { 1 0 10303 214 3 1 1 }'));
ENDSEC;

DATA;
#10=MECHANICAL_DESIGN_GEOMETRIC_PRESENTATION_REPRESENTATION('',(#61,#62,
#63,#64),#5969);
#11=ITEM_DEFINED_TRANSFORMATION($,$,#3563,#3903);
#12=ITEM_DEFINED_TRANSFORMATION($,$,#3802,#3904);
#13=ITEM_DEFINED_TRANSFORMATION($,$,#3857,#3905);
#14=ITEM_DEFINED_TRANSFORMATION($,$,#3857,#3906);
#15=ITEM_DEFINED_TRANSFORMATION($,$,#3857,#3907);
#16=ITEM_DEFINED_TRANSFORMATION($,$,#3857,#3908);
#17=ITEM_DEFINED_TRANSFORMATION($,$,#3893,#3909);
#18=ITEM_DEFINED_TRANSFORMATION($,$,#3893,#3910);
#19=ITEM_DEFINED_TRANSFORMATION($,$,#3893,#3911);
#20=ITEM_DEFINED_TRANSFORMATION($,$,#3893,#3912);
#21=(
REPRESENTATION_RELATIONSHIP($,$,#5995,#5994)
REPRESENTATION_RELATIONSHIP_WITH_TRANSFORMATION(#11)
SHAPE_REPRESENTATION_RELATIONSHIP()
);
#22=(
REPRESENTATION_RELATIONSHIP($,$,#5996,#5994)
REPRESENTATION_RELATIONSHIP_WITH_TRANSFORMATION(#12)
SHAPE_REPRESENTATION_RELATIONSHIP()
);
#23=(
REPRESENTATION_RELATIONSHIP($,$,#5997,#5994)
REPRESENTATION_RELATIONSHIP_WITH_TRANSFORMATION(#13)
SHAPE_REPRESENTATION_RELATIONSHIP()
);
#24=(
REPRESENTATION_RELATIONSHIP($,$,#5997,#5994)
REPRESENTATION_RELATIONSHIP_WITH_TRANSFORMATION(#14)
SHAPE_REPRESENTATION_RELATIONSHIP()
);
#25=(
REPRESENTATION_RELATIONSHIP($,$,#5997,#5994)
REPRESENTATION_RELATIONSHIP_WITH_TRANSFORMATION(#15)
SHAPE_REPRESENTATION_RELATIONSHIP()
);
#26=(
REPRESENTATION_RELATIONSHIP($,$,#5997,#5994)
REPRESENTATION_RELATIONSHIP_WITH_TRANSFORMATION(#16)
SHAPE_REPRESENTATION_RELATIONSHIP()
);
#27=(
REPRESENTATION_RELATIONSHIP($,$,#5998,#5994)
REPRESENTATION_RELATIONSHIP_WITH_TRANSFORMATION(#17)
SHAPE_REPRESENTATION_RELATIONSHIP()
);
#28=(
REPRESENTATION_RELATIONSHIP($,$,#5998,#5994)
REPRESENTATION_RELATIONSHIP_WITH_TRANSFORMATION(#18)
SHAPE_REPRESENTATION_RELATIONSHIP()
);
#29=(
REPRESENTATION_RELATIONSHIP($,$,#5998,#5994)
REPRESENTATION_RELATIONSHIP_WITH_TRANSFORMATION(#19)
SHAPE_REPRESENTATION_RELATIONSHIP()
);
#30=(
REPRESENTATION_RELATIONSHIP($,$,#5998,#5994)
REPRESENTATION_RELATIONSHIP_WITH_TRANSFORMATION(#20)
SHAPE_REPRESENTATION_RELATIONSHIP()
);
#31=CONTEXT_DEPENDENT_SHAPE_REPRESENTATION(#21,#5984);
#32=CONTEXT_DEPENDENT_SHAPE_REPRESENTATION(#22,#5985);
#33=CONTEXT_DEPENDENT_SHAPE_REPRESENTATION(#23,#5986);
#34=CONTEXT_DEPENDENT_SHAPE_REPRESENTATION(#24,#5987);
#35=CONTEXT_DEPENDENT_SHAPE_REPRESENTATION(#25,#5988);
#36=CONTEXT_DEPENDENT_SHAPE_REPRESENTATION(#26,#5989);
#37=CONTEXT_DEPENDENT_SHAPE_REPRESENTATION(#27,#5990);
#38=CONTEXT_DEPENDENT_SHAPE_REPRESENTATION(#28,#5991);
#39=CONTEXT_DEPENDENT_SHAPE_REPRESENTATION(#29,#5992);
#40=CONTEXT_DEPENDENT_SHAPE_REPRESENTATION(#30,#5993);
#41=NEXT_ASSEMBLY_USAGE_OCCURRENCE('HD10-5-10S \X2\30AB30D030FC\X0\:1',
'HD10-5-10S \X2\30AB30D030FC\X0\:1','HD10-5-10S \X2\30AB30D030FC\X0\:1',
#6000,#6001,'HD10-5-10S \X2\30AB30D030FC\X0\:1');
#42=NEXT_ASSEMBLY_USAGE_OCCURRENCE('HD10-5-10S \X2\30B730E330FC30B7\X0\:
1','HD10-5-10S \X2\30B730E330FC30B7\X0\:1','HD10-5-10S \X2\30B730E330FC30B7\X0\:
1',#6000,#6002,'HD10-5-10S \X2\30B730E330FC30B7\X0\:1');
#43=NEXT_ASSEMBLY_USAGE_OCCURRENCE('JIS B 1111 (H) M3x4 - 4.8 - H:1',
'JIS B 1111 (H) M3x4 - 4.8 - H:1','JIS B 1111 (H) M3x4 - 4.8 - H:1',#6000,
#6003,'JIS B 1111 (H) M3x4 - 4.8 - H:1');
#44=NEXT_ASSEMBLY_USAGE_OCCURRENCE('JIS B 1111 (H) M3x4 - 4.8 - H:2',
'JIS B 1111 (H) M3x4 - 4.8 - H:2','JIS B 1111 (H) M3x4 - 4.8 - H:2',#6000,
#6003,'JIS B 1111 (H) M3x4 - 4.8 - H:2');
#45=NEXT_ASSEMBLY_USAGE_OCCURRENCE('JIS B 1111 (H) M3x4 - 4.8 - H:3',
'JIS B 1111 (H) M3x4 - 4.8 - H:3','JIS B 1111 (H) M3x4 - 4.8 - H:3',#6000,
#6003,'JIS B 1111 (H) M3x4 - 4.8 - H:3');
#46=NEXT_ASSEMBLY_USAGE_OCCURRENCE('JIS B 1111 (H) M3x4 - 4.8 - H:4',
'JIS B 1111 (H) M3x4 - 4.8 - H:4','JIS B 1111 (H) M3x4 - 4.8 - H:4',#6000,
#6003,'JIS B 1111 (H) M3x4 - 4.8 - H:4');
#47=NEXT_ASSEMBLY_USAGE_OCCURRENCE('\X2\30B430E08DB3\X0\(TB-8):1',
'\X2\30B430E08DB3\X0\(TB-8):1','\X2\30B430E08DB3\X0\(TB-8):1',#6000,#6004,
'\X2\30B430E08DB3\X0\(TB-8):1');
#48=NEXT_ASSEMBLY_USAGE_OCCURRENCE('\X2\30B430E08DB3\X0\(TB-8):2',
'\X2\30B430E08DB3\X0\(TB-8):2','\X2\30B430E08DB3\X0\(TB-8):2',#6000,#6004,
'\X2\30B430E08DB3\X0\(TB-8):2');
#49=NEXT_ASSEMBLY_USAGE_OCCURRENCE('\X2\30B430E08DB3\X0\(TB-8):3',
'\X2\30B430E08DB3\X0\(TB-8):3','\X2\30B430E08DB3\X0\(TB-8):3',#6000,#6004,
'\X2\30B430E08DB3\X0\(TB-8):3');
#50=NEXT_ASSEMBLY_USAGE_OCCURRENCE('\X2\30B430E08DB3\X0\(TB-8):4',
'\X2\30B430E08DB3\X0\(TB-8):4','\X2\30B430E08DB3\X0\(TB-8):4',#6000,#6004,
'\X2\30B430E08DB3\X0\(TB-8):4');
#51=(
BOUNDED_SURFACE()
B_SPLINE_SURFACE(2,2,((#5907,#5908,#5909,#5910,#5911,#5912,#5913,#5914,
#5915),(#5916,#5917,#5918,#5919,#5920,#5921,#5922,#5923,#5924),(#5925,#5926,
#5927,#5928,#5929,#5930,#5931,#5932,#5933)),.UNSPECIFIED.,.F.,.T.,.F.)
B_SPLINE_SURFACE_WITH_KNOTS((3,3),(3,2,2,2,3),(-5.78241158658936E-17,1.5707963267949),
(-3.14159265358979,-1.5707963267949,0.,1.5707963267949,3.14159265358979),
 .UNSPECIFIED.)
GEOMETRIC_REPRESENTATION_ITEM()
RATIONAL_B_SPLINE_SURFACE(((1.,0.707106781186548,1.,0.707106781186548,1.,
0.707106781186548,1.,0.707106781186548,1.),(0.707106781186548,0.5,0.707106781186548,
0.5,0.707106781186548,0.5,0.707106781186548,0.5,0.707106781186548),(1.,
0.707106781186548,1.,0.707106781186548,1.,0.707106781186548,1.,0.707106781186548,
1.)))
REPRESENTATION_ITEM('')
SURFACE()
);
#52=TOROIDAL_SURFACE('',#3877,2.05,0.8);
#53=SHAPE_REPRESENTATION_RELATIONSHIP('SRR','None',#5995,#57);
#54=SHAPE_REPRESENTATION_RELATIONSHIP('SRR','None',#5996,#58);
#55=SHAPE_REPRESENTATION_RELATIONSHIP('SRR','None',#5997,#59);
#56=SHAPE_REPRESENTATION_RELATIONSHIP('SRR','None',#5998,#60);
#57=ADVANCED_BREP_SHAPE_REPRESENTATION('',(#65),#5965);
#58=ADVANCED_BREP_SHAPE_REPRESENTATION('',(#66),#5966);
#59=ADVANCED_BREP_SHAPE_REPRESENTATION('',(#67),#5967);
#60=ADVANCED_BREP_SHAPE_REPRESENTATION('',(#68),#5968);
#61=STYLED_ITEM('',(#3514),#65);
#62=STYLED_ITEM('',(#3514),#66);
#63=STYLED_ITEM('',(#3515),#67);
#64=STYLED_ITEM('',(#3514),#68);
#65=MANIFOLD_SOLID_BREP('\X2\30BD30EA30C330C9\X0\1',#3462);
#66=MANIFOLD_SOLID_BREP('\X2\30BD30EA30C330C9\X0\1',#3463);
#67=MANIFOLD_SOLID_BREP('Solid1',#3464);
#68=MANIFOLD_SOLID_BREP('\X2\30BD30EA30C330C9\X0\1',#3465);
#69=CONICAL_SURFACE('',#3691,2.45,0.785398163397448);
#70=CONICAL_SURFACE('',#3694,2.45,0.785398163397448);
#71=CONICAL_SURFACE('',#3733,2.45,0.785398163397448);
#72=CONICAL_SURFACE('',#3737,2.45,0.785398163397448);
#73=CONICAL_SURFACE('',#3883,2.,0.785398163397449);
#74=CONICAL_SURFACE('',#3887,1.375,0.463647609000803);
#75=FACE_BOUND('',#551,.T.);
#76=FACE_BOUND('',#552,.T.);
#77=FACE_BOUND('',#555,.T.);
#78=FACE_BOUND('',#556,.T.);
#79=FACE_BOUND('',#572,.T.);
#80=FACE_BOUND('',#573,.T.);
#81=FACE_BOUND('',#591,.T.);
#82=FACE_BOUND('',#592,.T.);
#83=FACE_BOUND('',#593,.T.);
#84=FACE_BOUND('',#594,.T.);
#85=FACE_BOUND('',#597,.T.);
#86=FACE_BOUND('',#598,.T.);
#87=FACE_BOUND('',#599,.T.);
#88=FACE_BOUND('',#600,.T.);
#89=FACE_BOUND('',#626,.T.);
#90=FACE_BOUND('',#627,.T.);
#91=FACE_BOUND('',#630,.T.);
#92=FACE_BOUND('',#631,.T.);
#93=FACE_BOUND('',#632,.T.);
#94=FACE_BOUND('',#633,.T.);
#95=FACE_BOUND('',#636,.T.);
#96=FACE_BOUND('',#637,.T.);
#97=FACE_BOUND('',#638,.T.);
#98=FACE_BOUND('',#639,.T.);
#99=FACE_BOUND('',#700,.T.);
#100=FACE_BOUND('',#701,.T.);
#101=FACE_BOUND('',#702,.T.);
#102=FACE_BOUND('',#703,.T.);
#103=FACE_BOUND('',#706,.T.);
#104=FACE_BOUND('',#707,.T.);
#105=FACE_BOUND('',#708,.T.);
#106=FACE_BOUND('',#709,.T.);
#107=FACE_BOUND('',#712,.T.);
#108=FACE_BOUND('',#740,.T.);
#109=CIRCLE('',#3567,1.00000000000002);
#110=CIRCLE('',#3568,1.00000000000002);
#111=CIRCLE('',#3570,1.00000000000001);
#112=CIRCLE('',#3571,1.00000000000001);
#113=CIRCLE('',#3573,1.00000000000001);
#114=CIRCLE('',#3574,1.00000000000001);
#115=CIRCLE('',#3578,1.00000000000002);
#116=CIRCLE('',#3579,1.00000000000002);
#117=CIRCLE('',#3583,0.999999999999993);
#118=CIRCLE('',#3584,0.999999999999993);
#119=CIRCLE('',#3586,1.);
#120=CIRCLE('',#3587,1.);
#121=CIRCLE('',#3589,1.);
#122=CIRCLE('',#3590,1.);
#123=CIRCLE('',#3594,0.999999999999993);
#124=CIRCLE('',#3595,0.999999999999993);
#125=CIRCLE('',#3599,0.999999999999992);
#126=CIRCLE('',#3600,0.999999999999992);
#127=CIRCLE('',#3602,0.999999999999992);
#128=CIRCLE('',#3603,0.999999999999992);
#129=CIRCLE('',#3605,0.999999999999992);
#130=CIRCLE('',#3606,0.999999999999992);
#131=CIRCLE('',#3610,0.999999999999992);
#132=CIRCLE('',#3611,0.999999999999992);
#133=CIRCLE('',#3615,0.999999999999996);
#134=CIRCLE('',#3616,0.999999999999996);
#135=CIRCLE('',#3618,0.999999999999994);
#136=CIRCLE('',#3619,0.999999999999994);
#137=CIRCLE('',#3621,0.999999999999994);
#138=CIRCLE('',#3622,0.999999999999994);
#139=CIRCLE('',#3626,0.999999999999996);
#140=CIRCLE('',#3627,0.999999999999996);
#141=CIRCLE('',#3629,1.);
#142=CIRCLE('',#3630,1.);
#143=CIRCLE('',#3633,1.);
#144=CIRCLE('',#3635,1.);
#145=CIRCLE('',#3639,1.);
#146=CIRCLE('',#3640,1.);
#147=CIRCLE('',#3643,1.);
#148=CIRCLE('',#3644,1.74999999999999);
#149=CIRCLE('',#3645,1.74999999999999);
#150=CIRCLE('',#3647,1.);
#151=CIRCLE('',#3649,3.15);
#152=CIRCLE('',#3650,3.15);
#153=CIRCLE('',#3653,1.);
#154=CIRCLE('',#3654,1.);
#155=CIRCLE('',#3657,1.);
#156=CIRCLE('',#3659,1.);
#157=CIRCLE('',#3663,1.);
#158=CIRCLE('',#3664,1.);
#159=CIRCLE('',#3667,1.);
#160=CIRCLE('',#3669,1.);
#161=CIRCLE('',#3672,1.);
#162=CIRCLE('',#3673,1.);
#163=CIRCLE('',#3676,1.);
#164=CIRCLE('',#3677,1.74999999999999);
#165=CIRCLE('',#3678,1.74999999999999);
#166=CIRCLE('',#3680,1.);
#167=CIRCLE('',#3683,1.);
#168=CIRCLE('',#3684,1.);
#169=CIRCLE('',#3687,1.);
#170=CIRCLE('',#3689,1.);
#171=CIRCLE('',#3692,1.75);
#172=CIRCLE('',#3695,1.75);
#173=CIRCLE('',#3698,1.79999999999999);
#174=CIRCLE('',#3699,1.80000000000001);
#175=CIRCLE('',#3701,0.299999999999994);
#176=CIRCLE('',#3703,0.299999999999985);
#177=CIRCLE('',#3710,4.5);
#178=CIRCLE('',#3711,4.5);
#179=CIRCLE('',#3713,3.);
#180=CIRCLE('',#3715,3.);
#181=CIRCLE('',#3719,4.5);
#182=CIRCLE('',#3720,4.5);
#183=CIRCLE('',#3722,3.);
#184=CIRCLE('',#3724,3.);
#185=CIRCLE('',#3734,3.15);
#186=CIRCLE('',#3735,1.75);
#187=CIRCLE('',#3738,3.15);
#188=CIRCLE('',#3739,1.75);
#189=CIRCLE('',#3742,1.80000000000001);
#190=CIRCLE('',#3743,1.79999999999999);
#191=CIRCLE('',#3745,0.299999999999994);
#192=CIRCLE('',#3747,0.299999999999985);
#193=CIRCLE('',#3755,4.5);
#194=CIRCLE('',#3756,4.5);
#195=CIRCLE('',#3758,3.);
#196=CIRCLE('',#3760,3.);
#197=CIRCLE('',#3765,4.5);
#198=CIRCLE('',#3766,4.5);
#199=CIRCLE('',#3768,3.);
#200=CIRCLE('',#3770,3.);
#201=CIRCLE('',#3781,4.5);
#202=CIRCLE('',#3782,4.5);
#203=CIRCLE('',#3784,3.);
#204=CIRCLE('',#3786,3.);
#205=CIRCLE('',#3790,4.5);
#206=CIRCLE('',#3791,4.5);
#207=CIRCLE('',#3794,3.);
#208=CIRCLE('',#3796,3.);
#209=CIRCLE('',#3804,1.2295);
#210=CIRCLE('',#3805,1.2295);
#211=CIRCLE('',#3807,1.2295);
#212=CIRCLE('',#3808,1.2295);
#213=CIRCLE('',#3810,1.2295);
#214=CIRCLE('',#3811,1.2295);
#215=CIRCLE('',#3813,1.2295);
#216=CIRCLE('',#3814,1.2295);
#217=CIRCLE('',#3816,3.);
#218=CIRCLE('',#3817,3.);
#219=CIRCLE('',#3820,3.);
#220=CIRCLE('',#3822,3.);
#221=CIRCLE('',#3825,3.);
#222=CIRCLE('',#3826,3.);
#223=CIRCLE('',#3829,3.);
#224=CIRCLE('',#3831,3.);
#225=CIRCLE('',#3834,1.80000000000001);
#226=CIRCLE('',#3835,1.80000000000001);
#227=CIRCLE('',#3837,0.300000000000002);
#228=CIRCLE('',#3839,0.300000000000002);
#229=CIRCLE('',#3844,1.80000000000001);
#230=CIRCLE('',#3845,1.80000000000001);
#231=CIRCLE('',#3847,0.300000000000002);
#232=CIRCLE('',#3849,0.300000000000002);
#233=CIRCLE('',#3860,2.75);
#234=CIRCLE('',#3878,1.48431457505076);
#235=CIRCLE('',#3879,1.48431457505076);
#236=CIRCLE('',#3880,0.8);
#237=CIRCLE('',#3881,1.25);
#238=CIRCLE('',#3882,1.25);
#239=CIRCLE('',#3884,2.75);
#240=CIRCLE('',#3886,1.25);
#241=CIRCLE('',#3888,1.5);
#242=CIRCLE('',#3890,1.5);
#243=CIRCLE('',#3894,1.5);
#244=CIRCLE('',#3895,2.4);
#245=CIRCLE('',#3896,3.9);
#246=CIRCLE('',#3899,4.);
#247=CIRCLE('',#3900,4.);
#248=CYLINDRICAL_SURFACE('',#3566,1.00000000000002);
#249=CYLINDRICAL_SURFACE('',#3569,1.00000000000001);
#250=CYLINDRICAL_SURFACE('',#3572,1.00000000000001);
#251=CYLINDRICAL_SURFACE('',#3577,1.00000000000002);
#252=CYLINDRICAL_SURFACE('',#3582,0.999999999999993);
#253=CYLINDRICAL_SURFACE('',#3585,1.);
#254=CYLINDRICAL_SURFACE('',#3588,1.);
#255=CYLINDRICAL_SURFACE('',#3593,0.999999999999993);
#256=CYLINDRICAL_SURFACE('',#3598,0.999999999999992);
#257=CYLINDRICAL_SURFACE('',#3601,0.999999999999992);
#258=CYLINDRICAL_SURFACE('',#3604,0.999999999999992);
#259=CYLINDRICAL_SURFACE('',#3609,0.999999999999992);
#260=CYLINDRICAL_SURFACE('',#3614,0.999999999999996);
#261=CYLINDRICAL_SURFACE('',#3617,0.999999999999994);
#262=CYLINDRICAL_SURFACE('',#3620,0.999999999999994);
#263=CYLINDRICAL_SURFACE('',#3625,0.999999999999996);
#264=CYLINDRICAL_SURFACE('',#3628,1.);
#265=CYLINDRICAL_SURFACE('',#3634,1.);
#266=CYLINDRICAL_SURFACE('',#3638,1.);
#267=CYLINDRICAL_SURFACE('',#3646,1.);
#268=CYLINDRICAL_SURFACE('',#3652,1.);
#269=CYLINDRICAL_SURFACE('',#3658,1.);
#270=CYLINDRICAL_SURFACE('',#3662,1.);
#271=CYLINDRICAL_SURFACE('',#3668,1.);
#272=CYLINDRICAL_SURFACE('',#3671,1.);
#273=CYLINDRICAL_SURFACE('',#3679,1.);
#274=CYLINDRICAL_SURFACE('',#3682,1.);
#275=CYLINDRICAL_SURFACE('',#3688,1.);
#276=CYLINDRICAL_SURFACE('',#3693,1.75);
#277=CYLINDRICAL_SURFACE('',#3696,1.75);
#278=CYLINDRICAL_SURFACE('',#3697,1.79999999999999);
#279=CYLINDRICAL_SURFACE('',#3705,0.299999999999991);
#280=CYLINDRICAL_SURFACE('',#3709,4.50000000000001);
#281=CYLINDRICAL_SURFACE('',#3717,3.00000000000001);
#282=CYLINDRICAL_SURFACE('',#3718,4.49999999999999);
#283=CYLINDRICAL_SURFACE('',#3726,2.99999999999999);
#284=CYLINDRICAL_SURFACE('',#3736,1.75);
#285=CYLINDRICAL_SURFACE('',#3740,1.75);
#286=CYLINDRICAL_SURFACE('',#3741,1.79999999999999);
#287=CYLINDRICAL_SURFACE('',#3750,0.299999999999991);
#288=CYLINDRICAL_SURFACE('',#3754,4.50000000000001);
#289=CYLINDRICAL_SURFACE('',#3763,3.00000000000001);
#290=CYLINDRICAL_SURFACE('',#3764,4.49999999999999);
#291=CYLINDRICAL_SURFACE('',#3773,2.99999999999999);
#292=CYLINDRICAL_SURFACE('',#3780,4.5);
#293=CYLINDRICAL_SURFACE('',#3788,3.);
#294=CYLINDRICAL_SURFACE('',#3789,4.5);
#295=CYLINDRICAL_SURFACE('',#3797,3.);
#296=CYLINDRICAL_SURFACE('',#3803,1.2295);
#297=CYLINDRICAL_SURFACE('',#3806,1.2295);
#298=CYLINDRICAL_SURFACE('',#3809,1.2295);
#299=CYLINDRICAL_SURFACE('',#3812,1.2295);
#300=CYLINDRICAL_SURFACE('',#3815,3.);
#301=CYLINDRICAL_SURFACE('',#3821,3.);
#302=CYLINDRICAL_SURFACE('',#3824,3.);
#303=CYLINDRICAL_SURFACE('',#3830,3.);
#304=CYLINDRICAL_SURFACE('',#3833,1.8);
#305=CYLINDRICAL_SURFACE('',#3842,0.300000000000004);
#306=CYLINDRICAL_SURFACE('',#3843,1.8);
#307=CYLINDRICAL_SURFACE('',#3852,0.300000000000004);
#308=CYLINDRICAL_SURFACE('',#3885,1.25);
#309=CYLINDRICAL_SURFACE('',#3889,1.5);
#310=CYLINDRICAL_SURFACE('',#3892,2.75);
#311=CYLINDRICAL_SURFACE('',#3898,4.);
#312=FACE_OUTER_BOUND('',#510,.T.);
#313=FACE_OUTER_BOUND('',#511,.T.);
#314=FACE_OUTER_BOUND('',#512,.T.);
#315=FACE_OUTER_BOUND('',#513,.T.);
#316=FACE_OUTER_BOUND('',#514,.T.);
#317=FACE_OUTER_BOUND('',#515,.T.);
#318=FACE_OUTER_BOUND('',#516,.T.);
#319=FACE_OUTER_BOUND('',#517,.T.);
#320=FACE_OUTER_BOUND('',#518,.T.);
#321=FACE_OUTER_BOUND('',#519,.T.);
#322=FACE_OUTER_BOUND('',#520,.T.);
#323=FACE_OUTER_BOUND('',#521,.T.);
#324=FACE_OUTER_BOUND('',#522,.T.);
#325=FACE_OUTER_BOUND('',#523,.T.);
#326=FACE_OUTER_BOUND('',#524,.T.);
#327=FACE_OUTER_BOUND('',#525,.T.);
#328=FACE_OUTER_BOUND('',#526,.T.);
#329=FACE_OUTER_BOUND('',#527,.T.);
#330=FACE_OUTER_BOUND('',#528,.T.);
#331=FACE_OUTER_BOUND('',#529,.T.);
#332=FACE_OUTER_BOUND('',#530,.T.);
#333=FACE_OUTER_BOUND('',#531,.T.);
#334=FACE_OUTER_BOUND('',#532,.T.);
#335=FACE_OUTER_BOUND('',#533,.T.);
#336=FACE_OUTER_BOUND('',#534,.T.);
#337=FACE_OUTER_BOUND('',#535,.T.);
#338=FACE_OUTER_BOUND('',#536,.T.);
#339=FACE_OUTER_BOUND('',#537,.T.);
#340=FACE_OUTER_BOUND('',#538,.T.);
#341=FACE_OUTER_BOUND('',#539,.T.);
#342=FACE_OUTER_BOUND('',#540,.T.);
#343=FACE_OUTER_BOUND('',#541,.T.);
#344=FACE_OUTER_BOUND('',#542,.T.);
#345=FACE_OUTER_BOUND('',#543,.T.);
#346=FACE_OUTER_BOUND('',#544,.T.);
#347=FACE_OUTER_BOUND('',#545,.T.);
#348=FACE_OUTER_BOUND('',#546,.T.);
#349=FACE_OUTER_BOUND('',#547,.T.);
#350=FACE_OUTER_BOUND('',#548,.T.);
#351=FACE_OUTER_BOUND('',#549,.T.);
#352=FACE_OUTER_BOUND('',#550,.T.);
#353=FACE_OUTER_BOUND('',#553,.T.);
#354=FACE_OUTER_BOUND('',#554,.T.);
#355=FACE_OUTER_BOUND('',#557,.T.);
#356=FACE_OUTER_BOUND('',#558,.T.);
#357=FACE_OUTER_BOUND('',#559,.T.);
#358=FACE_OUTER_BOUND('',#560,.T.);
#359=FACE_OUTER_BOUND('',#561,.T.);
#360=FACE_OUTER_BOUND('',#562,.T.);
#361=FACE_OUTER_BOUND('',#563,.T.);
#362=FACE_OUTER_BOUND('',#564,.T.);
#363=FACE_OUTER_BOUND('',#565,.T.);
#364=FACE_OUTER_BOUND('',#566,.T.);
#365=FACE_OUTER_BOUND('',#567,.T.);
#366=FACE_OUTER_BOUND('',#568,.T.);
#367=FACE_OUTER_BOUND('',#569,.T.);
#368=FACE_OUTER_BOUND('',#570,.T.);
#369=FACE_OUTER_BOUND('',#571,.T.);
#370=FACE_OUTER_BOUND('',#574,.T.);
#371=FACE_OUTER_BOUND('',#575,.T.);
#372=FACE_OUTER_BOUND('',#576,.T.);
#373=FACE_OUTER_BOUND('',#577,.T.);
#374=FACE_OUTER_BOUND('',#578,.T.);
#375=FACE_OUTER_BOUND('',#579,.T.);
#376=FACE_OUTER_BOUND('',#580,.T.);
#377=FACE_OUTER_BOUND('',#581,.T.);
#378=FACE_OUTER_BOUND('',#582,.T.);
#379=FACE_OUTER_BOUND('',#583,.T.);
#380=FACE_OUTER_BOUND('',#584,.T.);
#381=FACE_OUTER_BOUND('',#585,.T.);
#382=FACE_OUTER_BOUND('',#586,.T.);
#383=FACE_OUTER_BOUND('',#587,.T.);
#384=FACE_OUTER_BOUND('',#588,.T.);
#385=FACE_OUTER_BOUND('',#589,.T.);
#386=FACE_OUTER_BOUND('',#590,.T.);
#387=FACE_OUTER_BOUND('',#595,.T.);
#388=FACE_OUTER_BOUND('',#596,.T.);
#389=FACE_OUTER_BOUND('',#601,.T.);
#390=FACE_OUTER_BOUND('',#602,.T.);
#391=FACE_OUTER_BOUND('',#603,.T.);
#392=FACE_OUTER_BOUND('',#604,.T.);
#393=FACE_OUTER_BOUND('',#605,.T.);
#394=FACE_OUTER_BOUND('',#606,.T.);
#395=FACE_OUTER_BOUND('',#607,.T.);
#396=FACE_OUTER_BOUND('',#608,.T.);
#397=FACE_OUTER_BOUND('',#609,.T.);
#398=FACE_OUTER_BOUND('',#610,.T.);
#399=FACE_OUTER_BOUND('',#611,.T.);
#400=FACE_OUTER_BOUND('',#612,.T.);
#401=FACE_OUTER_BOUND('',#613,.T.);
#402=FACE_OUTER_BOUND('',#614,.T.);
#403=FACE_OUTER_BOUND('',#615,.T.);
#404=FACE_OUTER_BOUND('',#616,.T.);
#405=FACE_OUTER_BOUND('',#617,.T.);
#406=FACE_OUTER_BOUND('',#618,.T.);
#407=FACE_OUTER_BOUND('',#619,.T.);
#408=FACE_OUTER_BOUND('',#620,.T.);
#409=FACE_OUTER_BOUND('',#621,.T.);
#410=FACE_OUTER_BOUND('',#622,.T.);
#411=FACE_OUTER_BOUND('',#623,.T.);
#412=FACE_OUTER_BOUND('',#624,.T.);
#413=FACE_OUTER_BOUND('',#625,.T.);
#414=FACE_OUTER_BOUND('',#628,.T.);
#415=FACE_OUTER_BOUND('',#629,.T.);
#416=FACE_OUTER_BOUND('',#634,.T.);
#417=FACE_OUTER_BOUND('',#635,.T.);
#418=FACE_OUTER_BOUND('',#640,.T.);
#419=FACE_OUTER_BOUND('',#641,.T.);
#420=FACE_OUTER_BOUND('',#642,.T.);
#421=FACE_OUTER_BOUND('',#643,.T.);
#422=FACE_OUTER_BOUND('',#644,.T.);
#423=FACE_OUTER_BOUND('',#645,.T.);
#424=FACE_OUTER_BOUND('',#646,.T.);
#425=FACE_OUTER_BOUND('',#647,.T.);
#426=FACE_OUTER_BOUND('',#648,.T.);
#427=FACE_OUTER_BOUND('',#649,.T.);
#428=FACE_OUTER_BOUND('',#650,.T.);
#429=FACE_OUTER_BOUND('',#651,.T.);
#430=FACE_OUTER_BOUND('',#652,.T.);
#431=FACE_OUTER_BOUND('',#653,.T.);
#432=FACE_OUTER_BOUND('',#654,.T.);
#433=FACE_OUTER_BOUND('',#655,.T.);
#434=FACE_OUTER_BOUND('',#656,.T.);
#435=FACE_OUTER_BOUND('',#657,.T.);
#436=FACE_OUTER_BOUND('',#658,.T.);
#437=FACE_OUTER_BOUND('',#659,.T.);
#438=FACE_OUTER_BOUND('',#660,.T.);
#439=FACE_OUTER_BOUND('',#661,.T.);
#440=FACE_OUTER_BOUND('',#662,.T.);
#441=FACE_OUTER_BOUND('',#663,.T.);
#442=FACE_OUTER_BOUND('',#664,.T.);
#443=FACE_OUTER_BOUND('',#665,.T.);
#444=FACE_OUTER_BOUND('',#666,.T.);
#445=FACE_OUTER_BOUND('',#667,.T.);
#446=FACE_OUTER_BOUND('',#668,.T.);
#447=FACE_OUTER_BOUND('',#669,.T.);
#448=FACE_OUTER_BOUND('',#670,.T.);
#449=FACE_OUTER_BOUND('',#671,.T.);
#450=FACE_OUTER_BOUND('',#672,.T.);
#451=FACE_OUTER_BOUND('',#673,.T.);
#452=FACE_OUTER_BOUND('',#674,.T.);
#453=FACE_OUTER_BOUND('',#675,.T.);
#454=FACE_OUTER_BOUND('',#676,.T.);
#455=FACE_OUTER_BOUND('',#677,.T.);
#456=FACE_OUTER_BOUND('',#678,.T.);
#457=FACE_OUTER_BOUND('',#679,.T.);
#458=FACE_OUTER_BOUND('',#680,.T.);
#459=FACE_OUTER_BOUND('',#681,.T.);
#460=FACE_OUTER_BOUND('',#682,.T.);
#461=FACE_OUTER_BOUND('',#683,.T.);
#462=FACE_OUTER_BOUND('',#684,.T.);
#463=FACE_OUTER_BOUND('',#685,.T.);
#464=FACE_OUTER_BOUND('',#686,.T.);
#465=FACE_OUTER_BOUND('',#687,.T.);
#466=FACE_OUTER_BOUND('',#688,.T.);
#467=FACE_OUTER_BOUND('',#689,.T.);
#468=FACE_OUTER_BOUND('',#690,.T.);
#469=FACE_OUTER_BOUND('',#691,.T.);
#470=FACE_OUTER_BOUND('',#692,.T.);
#471=FACE_OUTER_BOUND('',#693,.T.);
#472=FACE_OUTER_BOUND('',#694,.T.);
#473=FACE_OUTER_BOUND('',#695,.T.);
#474=FACE_OUTER_BOUND('',#696,.T.);
#475=FACE_OUTER_BOUND('',#697,.T.);
#476=FACE_OUTER_BOUND('',#698,.T.);
#477=FACE_OUTER_BOUND('',#699,.T.);
#478=FACE_OUTER_BOUND('',#704,.T.);
#479=FACE_OUTER_BOUND('',#705,.T.);
#480=FACE_OUTER_BOUND('',#710,.T.);
#481=FACE_OUTER_BOUND('',#711,.T.);
#482=FACE_OUTER_BOUND('',#713,.T.);
#483=FACE_OUTER_BOUND('',#714,.T.);
#484=FACE_OUTER_BOUND('',#715,.T.);
#485=FACE_OUTER_BOUND('',#716,.T.);
#486=FACE_OUTER_BOUND('',#717,.T.);
#487=FACE_OUTER_BOUND('',#718,.T.);
#488=FACE_OUTER_BOUND('',#719,.T.);
#489=FACE_OUTER_BOUND('',#720,.T.);
#490=FACE_OUTER_BOUND('',#721,.T.);
#491=FACE_OUTER_BOUND('',#722,.T.);
#492=FACE_OUTER_BOUND('',#723,.T.);
#493=FACE_OUTER_BOUND('',#724,.T.);
#494=FACE_OUTER_BOUND('',#725,.T.);
#495=FACE_OUTER_BOUND('',#726,.T.);
#496=FACE_OUTER_BOUND('',#727,.T.);
#497=FACE_OUTER_BOUND('',#728,.T.);
#498=FACE_OUTER_BOUND('',#729,.T.);
#499=FACE_OUTER_BOUND('',#730,.T.);
#500=FACE_OUTER_BOUND('',#731,.T.);
#501=FACE_OUTER_BOUND('',#732,.T.);
#502=FACE_OUTER_BOUND('',#733,.T.);
#503=FACE_OUTER_BOUND('',#734,.T.);
#504=FACE_OUTER_BOUND('',#735,.T.);
#505=FACE_OUTER_BOUND('',#736,.T.);
#506=FACE_OUTER_BOUND('',#737,.T.);
#507=FACE_OUTER_BOUND('',#738,.T.);
#508=FACE_OUTER_BOUND('',#739,.T.);
#509=FACE_OUTER_BOUND('',#741,.T.);
#510=EDGE_LOOP('',(#2184,#2185,#2186,#2187));
#511=EDGE_LOOP('',(#2188,#2189,#2190,#2191));
#512=EDGE_LOOP('',(#2192,#2193,#2194,#2195));
#513=EDGE_LOOP('',(#2196,#2197,#2198,#2199));
#514=EDGE_LOOP('',(#2200,#2201,#2202,#2203));
#515=EDGE_LOOP('',(#2204,#2205,#2206,#2207));
#516=EDGE_LOOP('',(#2208,#2209,#2210,#2211));
#517=EDGE_LOOP('',(#2212,#2213,#2214,#2215));
#518=EDGE_LOOP('',(#2216,#2217,#2218,#2219));
#519=EDGE_LOOP('',(#2220,#2221,#2222,#2223));
#520=EDGE_LOOP('',(#2224,#2225,#2226,#2227));
#521=EDGE_LOOP('',(#2228,#2229,#2230,#2231));
#522=EDGE_LOOP('',(#2232,#2233,#2234,#2235));
#523=EDGE_LOOP('',(#2236,#2237,#2238,#2239));
#524=EDGE_LOOP('',(#2240,#2241,#2242,#2243));
#525=EDGE_LOOP('',(#2244,#2245,#2246,#2247));
#526=EDGE_LOOP('',(#2248,#2249,#2250,#2251));
#527=EDGE_LOOP('',(#2252,#2253,#2254,#2255));
#528=EDGE_LOOP('',(#2256,#2257,#2258,#2259));
#529=EDGE_LOOP('',(#2260,#2261,#2262,#2263));
#530=EDGE_LOOP('',(#2264,#2265,#2266,#2267));
#531=EDGE_LOOP('',(#2268,#2269,#2270,#2271));
#532=EDGE_LOOP('',(#2272,#2273,#2274,#2275));
#533=EDGE_LOOP('',(#2276,#2277,#2278,#2279));
#534=EDGE_LOOP('',(#2280,#2281,#2282,#2283));
#535=EDGE_LOOP('',(#2284,#2285,#2286,#2287));
#536=EDGE_LOOP('',(#2288,#2289,#2290,#2291));
#537=EDGE_LOOP('',(#2292,#2293,#2294,#2295));
#538=EDGE_LOOP('',(#2296,#2297,#2298,#2299));
#539=EDGE_LOOP('',(#2300,#2301,#2302,#2303));
#540=EDGE_LOOP('',(#2304,#2305,#2306,#2307));
#541=EDGE_LOOP('',(#2308,#2309,#2310,#2311));
#542=EDGE_LOOP('',(#2312,#2313,#2314,#2315));
#543=EDGE_LOOP('',(#2316,#2317,#2318,#2319));
#544=EDGE_LOOP('',(#2320,#2321,#2322,#2323,#2324,#2325));
#545=EDGE_LOOP('',(#2326,#2327,#2328,#2329));
#546=EDGE_LOOP('',(#2330,#2331,#2332,#2333,#2334,#2335));
#547=EDGE_LOOP('',(#2336,#2337,#2338,#2339));
#548=EDGE_LOOP('',(#2340,#2341,#2342,#2343));
#549=EDGE_LOOP('',(#2344,#2345,#2346,#2347));
#550=EDGE_LOOP('',(#2348,#2349,#2350,#2351,#2352,#2353));
#551=EDGE_LOOP('',(#2354));
#552=EDGE_LOOP('',(#2355));
#553=EDGE_LOOP('',(#2356,#2357,#2358,#2359));
#554=EDGE_LOOP('',(#2360,#2361,#2362,#2363,#2364,#2365));
#555=EDGE_LOOP('',(#2366));
#556=EDGE_LOOP('',(#2367));
#557=EDGE_LOOP('',(#2368,#2369,#2370,#2371));
#558=EDGE_LOOP('',(#2372,#2373,#2374,#2375));
#559=EDGE_LOOP('',(#2376,#2377,#2378,#2379));
#560=EDGE_LOOP('',(#2380,#2381,#2382,#2383,#2384,#2385));
#561=EDGE_LOOP('',(#2386,#2387,#2388,#2389));
#562=EDGE_LOOP('',(#2390,#2391,#2392,#2393,#2394,#2395));
#563=EDGE_LOOP('',(#2396,#2397,#2398,#2399));
#564=EDGE_LOOP('',(#2400,#2401,#2402,#2403));
#565=EDGE_LOOP('',(#2404,#2405,#2406,#2407));
#566=EDGE_LOOP('',(#2408,#2409,#2410,#2411,#2412,#2413));
#567=EDGE_LOOP('',(#2414,#2415,#2416,#2417));
#568=EDGE_LOOP('',(#2418,#2419,#2420,#2421));
#569=EDGE_LOOP('',(#2422,#2423,#2424,#2425));
#570=EDGE_LOOP('',(#2426,#2427,#2428,#2429));
#571=EDGE_LOOP('',(#2430,#2431,#2432,#2433,#2434,#2435));
#572=EDGE_LOOP('',(#2436));
#573=EDGE_LOOP('',(#2437));
#574=EDGE_LOOP('',(#2438,#2439,#2440,#2441));
#575=EDGE_LOOP('',(#2442,#2443,#2444,#2445));
#576=EDGE_LOOP('',(#2446,#2447,#2448,#2449));
#577=EDGE_LOOP('',(#2450,#2451,#2452,#2453));
#578=EDGE_LOOP('',(#2454,#2455,#2456,#2457,#2458,#2459));
#579=EDGE_LOOP('',(#2460,#2461,#2462,#2463));
#580=EDGE_LOOP('',(#2464,#2465,#2466,#2467));
#581=EDGE_LOOP('',(#2468,#2469,#2470,#2471));
#582=EDGE_LOOP('',(#2472,#2473,#2474,#2475));
#583=EDGE_LOOP('',(#2476,#2477,#2478,#2479));
#584=EDGE_LOOP('',(#2480,#2481,#2482,#2483));
#585=EDGE_LOOP('',(#2484,#2485,#2486,#2487));
#586=EDGE_LOOP('',(#2488,#2489,#2490,#2491));
#587=EDGE_LOOP('',(#2492,#2493,#2494,#2495));
#588=EDGE_LOOP('',(#2496,#2497,#2498,#2499));
#589=EDGE_LOOP('',(#2500,#2501,#2502,#2503));
#590=EDGE_LOOP('',(#2504,#2505,#2506,#2507,#2508,#2509,#2510,#2511,#2512,
#2513,#2514,#2515));
#591=EDGE_LOOP('',(#2516,#2517,#2518,#2519));
#592=EDGE_LOOP('',(#2520,#2521,#2522,#2523));
#593=EDGE_LOOP('',(#2524,#2525,#2526,#2527));
#594=EDGE_LOOP('',(#2528,#2529,#2530,#2531));
#595=EDGE_LOOP('',(#2532,#2533,#2534,#2535));
#596=EDGE_LOOP('',(#2536,#2537,#2538,#2539,#2540,#2541,#2542,#2543,#2544,
#2545,#2546,#2547));
#597=EDGE_LOOP('',(#2548,#2549,#2550,#2551));
#598=EDGE_LOOP('',(#2552,#2553,#2554,#2555));
#599=EDGE_LOOP('',(#2556,#2557,#2558,#2559));
#600=EDGE_LOOP('',(#2560,#2561,#2562,#2563));
#601=EDGE_LOOP('',(#2564,#2565,#2566,#2567));
#602=EDGE_LOOP('',(#2568,#2569,#2570,#2571));
#603=EDGE_LOOP('',(#2572,#2573,#2574,#2575));
#604=EDGE_LOOP('',(#2576,#2577,#2578,#2579));
#605=EDGE_LOOP('',(#2580,#2581,#2582,#2583));
#606=EDGE_LOOP('',(#2584,#2585,#2586,#2587));
#607=EDGE_LOOP('',(#2588,#2589,#2590,#2591));
#608=EDGE_LOOP('',(#2592,#2593,#2594,#2595));
#609=EDGE_LOOP('',(#2596,#2597,#2598,#2599));
#610=EDGE_LOOP('',(#2600,#2601,#2602,#2603));
#611=EDGE_LOOP('',(#2604,#2605,#2606,#2607));
#612=EDGE_LOOP('',(#2608,#2609,#2610,#2611));
#613=EDGE_LOOP('',(#2612,#2613,#2614,#2615));
#614=EDGE_LOOP('',(#2616,#2617,#2618,#2619));
#615=EDGE_LOOP('',(#2620,#2621,#2622,#2623));
#616=EDGE_LOOP('',(#2624,#2625,#2626,#2627));
#617=EDGE_LOOP('',(#2628,#2629,#2630,#2631));
#618=EDGE_LOOP('',(#2632,#2633,#2634,#2635));
#619=EDGE_LOOP('',(#2636,#2637,#2638,#2639));
#620=EDGE_LOOP('',(#2640,#2641,#2642,#2643));
#621=EDGE_LOOP('',(#2644,#2645,#2646,#2647));
#622=EDGE_LOOP('',(#2648,#2649,#2650,#2651));
#623=EDGE_LOOP('',(#2652,#2653,#2654,#2655));
#624=EDGE_LOOP('',(#2656,#2657,#2658,#2659));
#625=EDGE_LOOP('',(#2660,#2661,#2662,#2663,#2664,#2665));
#626=EDGE_LOOP('',(#2666));
#627=EDGE_LOOP('',(#2667));
#628=EDGE_LOOP('',(#2668,#2669,#2670,#2671));
#629=EDGE_LOOP('',(#2672,#2673,#2674,#2675,#2676,#2677,#2678,#2679,#2680,
#2681,#2682,#2683));
#630=EDGE_LOOP('',(#2684,#2685,#2686,#2687));
#631=EDGE_LOOP('',(#2688,#2689,#2690,#2691));
#632=EDGE_LOOP('',(#2692,#2693,#2694,#2695));
#633=EDGE_LOOP('',(#2696,#2697,#2698,#2699));
#634=EDGE_LOOP('',(#2700,#2701,#2702,#2703));
#635=EDGE_LOOP('',(#2704,#2705,#2706,#2707,#2708,#2709,#2710,#2711,#2712,
#2713,#2714,#2715));
#636=EDGE_LOOP('',(#2716,#2717,#2718,#2719));
#637=EDGE_LOOP('',(#2720,#2721,#2722,#2723));
#638=EDGE_LOOP('',(#2724,#2725,#2726,#2727));
#639=EDGE_LOOP('',(#2728,#2729,#2730,#2731));
#640=EDGE_LOOP('',(#2732,#2733,#2734,#2735));
#641=EDGE_LOOP('',(#2736,#2737,#2738,#2739));
#642=EDGE_LOOP('',(#2740,#2741,#2742,#2743));
#643=EDGE_LOOP('',(#2744,#2745,#2746,#2747));
#644=EDGE_LOOP('',(#2748,#2749,#2750,#2751,#2752,#2753));
#645=EDGE_LOOP('',(#2754,#2755,#2756,#2757));
#646=EDGE_LOOP('',(#2758,#2759,#2760,#2761));
#647=EDGE_LOOP('',(#2762,#2763,#2764,#2765));
#648=EDGE_LOOP('',(#2766,#2767,#2768,#2769));
#649=EDGE_LOOP('',(#2770,#2771,#2772,#2773));
#650=EDGE_LOOP('',(#2774,#2775,#2776,#2777,#2778,#2779));
#651=EDGE_LOOP('',(#2780,#2781,#2782,#2783));
#652=EDGE_LOOP('',(#2784,#2785,#2786,#2787));
#653=EDGE_LOOP('',(#2788,#2789,#2790,#2791));
#654=EDGE_LOOP('',(#2792,#2793,#2794,#2795));
#655=EDGE_LOOP('',(#2796,#2797,#2798,#2799));
#656=EDGE_LOOP('',(#2800,#2801,#2802,#2803));
#657=EDGE_LOOP('',(#2804,#2805,#2806,#2807));
#658=EDGE_LOOP('',(#2808,#2809,#2810,#2811));
#659=EDGE_LOOP('',(#2812,#2813,#2814,#2815));
#660=EDGE_LOOP('',(#2816,#2817,#2818,#2819));
#661=EDGE_LOOP('',(#2820,#2821,#2822,#2823));
#662=EDGE_LOOP('',(#2824,#2825,#2826,#2827));
#663=EDGE_LOOP('',(#2828,#2829,#2830,#2831));
#664=EDGE_LOOP('',(#2832,#2833,#2834,#2835));
#665=EDGE_LOOP('',(#2836,#2837,#2838,#2839));
#666=EDGE_LOOP('',(#2840,#2841,#2842,#2843));
#667=EDGE_LOOP('',(#2844,#2845,#2846,#2847));
#668=EDGE_LOOP('',(#2848,#2849,#2850,#2851));
#669=EDGE_LOOP('',(#2852,#2853,#2854,#2855));
#670=EDGE_LOOP('',(#2856,#2857,#2858,#2859));
#671=EDGE_LOOP('',(#2860,#2861,#2862,#2863));
#672=EDGE_LOOP('',(#2864,#2865,#2866,#2867));
#673=EDGE_LOOP('',(#2868,#2869,#2870,#2871));
#674=EDGE_LOOP('',(#2872,#2873,#2874,#2875));
#675=EDGE_LOOP('',(#2876,#2877,#2878,#2879));
#676=EDGE_LOOP('',(#2880,#2881,#2882,#2883));
#677=EDGE_LOOP('',(#2884,#2885,#2886,#2887));
#678=EDGE_LOOP('',(#2888,#2889,#2890,#2891,#2892,#2893));
#679=EDGE_LOOP('',(#2894,#2895,#2896,#2897));
#680=EDGE_LOOP('',(#2898,#2899,#2900,#2901));
#681=EDGE_LOOP('',(#2902,#2903,#2904,#2905));
#682=EDGE_LOOP('',(#2906,#2907,#2908,#2909));
#683=EDGE_LOOP('',(#2910,#2911,#2912,#2913,#2914,#2915));
#684=EDGE_LOOP('',(#2916,#2917,#2918,#2919));
#685=EDGE_LOOP('',(#2920,#2921,#2922,#2923));
#686=EDGE_LOOP('',(#2924,#2925,#2926,#2927));
#687=EDGE_LOOP('',(#2928,#2929,#2930,#2931));
#688=EDGE_LOOP('',(#2932,#2933,#2934,#2935));
#689=EDGE_LOOP('',(#2936,#2937,#2938,#2939));
#690=EDGE_LOOP('',(#2940,#2941,#2942,#2943,#2944,#2945));
#691=EDGE_LOOP('',(#2946,#2947,#2948,#2949));
#692=EDGE_LOOP('',(#2950,#2951,#2952,#2953));
#693=EDGE_LOOP('',(#2954,#2955,#2956,#2957));
#694=EDGE_LOOP('',(#2958,#2959,#2960,#2961));
#695=EDGE_LOOP('',(#2962,#2963,#2964,#2965));
#696=EDGE_LOOP('',(#2966,#2967,#2968,#2969,#2970,#2971));
#697=EDGE_LOOP('',(#2972,#2973,#2974,#2975));
#698=EDGE_LOOP('',(#2976,#2977,#2978,#2979));
#699=EDGE_LOOP('',(#2980,#2981,#2982,#2983));
#700=EDGE_LOOP('',(#2984));
#701=EDGE_LOOP('',(#2985));
#702=EDGE_LOOP('',(#2986));
#703=EDGE_LOOP('',(#2987));
#704=EDGE_LOOP('',(#2988,#2989,#2990,#2991));
#705=EDGE_LOOP('',(#2992,#2993,#2994,#2995));
#706=EDGE_LOOP('',(#2996));
#707=EDGE_LOOP('',(#2997));
#708=EDGE_LOOP('',(#2998));
#709=EDGE_LOOP('',(#2999));
#710=EDGE_LOOP('',(#3000,#3001,#3002,#3003));
#711=EDGE_LOOP('',(#3004));
#712=EDGE_LOOP('',(#3005,#3006,#3007,#3008,#3009,#3010,#3011,#3012,#3013,
#3014,#3015,#3016));
#713=EDGE_LOOP('',(#3017,#3018,#3019,#3020,#3021));
#714=EDGE_LOOP('',(#3022,#3023,#3024,#3025));
#715=EDGE_LOOP('',(#3026,#3027,#3028,#3029,#3030));
#716=EDGE_LOOP('',(#3031,#3032,#3033,#3034));
#717=EDGE_LOOP('',(#3035,#3036,#3037,#3038));
#718=EDGE_LOOP('',(#3039,#3040,#3041,#3042,#3043));
#719=EDGE_LOOP('',(#3044,#3045,#3046,#3047));
#720=EDGE_LOOP('',(#3048,#3049,#3050,#3051,#3052));
#721=EDGE_LOOP('',(#3053,#3054,#3055,#3056));
#722=EDGE_LOOP('',(#3057,#3058,#3059,#3060,#3061));
#723=EDGE_LOOP('',(#3062,#3063,#3064,#3065));
#724=EDGE_LOOP('',(#3066,#3067,#3068,#3069,#3070));
#725=EDGE_LOOP('',(#3071,#3072,#3073,#3074));
#726=EDGE_LOOP('',(#3075,#3076,#3077,#3078,#3079));
#727=EDGE_LOOP('',(#3080,#3081,#3082,#3083,#3084));
#728=EDGE_LOOP('',(#3085,#3086,#3087,#3088,#3089,#3090,#3091,#3092,#3093,
#3094,#3095,#3096));
#729=EDGE_LOOP('',(#3097,#3098,#3099,#3100,#3101,#3102));
#730=EDGE_LOOP('',(#3103,#3104,#3105,#3106,#3107));
#731=EDGE_LOOP('',(#3108,#3109,#3110,#3111,#3112));
#732=EDGE_LOOP('',(#3113,#3114,#3115,#3116));
#733=EDGE_LOOP('',(#3117,#3118,#3119,#3120));
#734=EDGE_LOOP('',(#3121));
#735=EDGE_LOOP('',(#3122,#3123,#3124,#3125));
#736=EDGE_LOOP('',(#3126,#3127,#3128,#3129));
#737=EDGE_LOOP('',(#3130));
#738=EDGE_LOOP('',(#3131,#3132,#3133,#3134));
#739=EDGE_LOOP('',(#3135));
#740=EDGE_LOOP('',(#3136));
#741=EDGE_LOOP('',(#3137));
#742=LINE('',#4958,#1080);
#743=LINE('',#4960,#1081);
#744=LINE('',#4962,#1082);
#745=LINE('',#4963,#1083);
#746=LINE('',#4967,#1084);
#747=LINE('',#4969,#1085);
#748=LINE('',#4971,#1086);
#749=LINE('',#4972,#1087);
#750=LINE('',#4977,#1088);
#751=LINE('',#4984,#1089);
#752=LINE('',#4990,#1090);
#753=LINE('',#4992,#1091);
#754=LINE('',#4993,#1092);
#755=LINE('',#4996,#1093);
#756=LINE('',#4998,#1094);
#757=LINE('',#4999,#1095);
#758=LINE('',#5006,#1096);
#759=LINE('',#5008,#1097);
#760=LINE('',#5010,#1098);
#761=LINE('',#5011,#1099);
#762=LINE('',#5015,#1100);
#763=LINE('',#5017,#1101);
#764=LINE('',#5019,#1102);
#765=LINE('',#5020,#1103);
#766=LINE('',#5025,#1104);
#767=LINE('',#5032,#1105);
#768=LINE('',#5038,#1106);
#769=LINE('',#5040,#1107);
#770=LINE('',#5041,#1108);
#771=LINE('',#5044,#1109);
#772=LINE('',#5046,#1110);
#773=LINE('',#5047,#1111);
#774=LINE('',#5054,#1112);
#775=LINE('',#5056,#1113);
#776=LINE('',#5058,#1114);
#777=LINE('',#5059,#1115);
#778=LINE('',#5063,#1116);
#779=LINE('',#5065,#1117);
#780=LINE('',#5067,#1118);
#781=LINE('',#5068,#1119);
#782=LINE('',#5073,#1120);
#783=LINE('',#5080,#1121);
#784=LINE('',#5086,#1122);
#785=LINE('',#5088,#1123);
#786=LINE('',#5089,#1124);
#787=LINE('',#5092,#1125);
#788=LINE('',#5094,#1126);
#789=LINE('',#5095,#1127);
#790=LINE('',#5102,#1128);
#791=LINE('',#5104,#1129);
#792=LINE('',#5106,#1130);
#793=LINE('',#5107,#1131);
#794=LINE('',#5111,#1132);
#795=LINE('',#5113,#1133);
#796=LINE('',#5115,#1134);
#797=LINE('',#5116,#1135);
#798=LINE('',#5121,#1136);
#799=LINE('',#5128,#1137);
#800=LINE('',#5134,#1138);
#801=LINE('',#5136,#1139);
#802=LINE('',#5137,#1140);
#803=LINE('',#5140,#1141);
#804=LINE('',#5142,#1142);
#805=LINE('',#5143,#1143);
#806=LINE('',#5152,#1144);
#807=LINE('',#5155,#1145);
#808=LINE('',#5158,#1146);
#809=LINE('',#5160,#1147);
#810=LINE('',#5161,#1148);
#811=LINE('',#5164,#1149);
#812=LINE('',#5166,#1150);
#813=LINE('',#5168,#1151);
#814=LINE('',#5173,#1152);
#815=LINE('',#5176,#1153);
#816=LINE('',#5178,#1154);
#817=LINE('',#5179,#1155);
#818=LINE('',#5181,#1156);
#819=LINE('',#5187,#1157);
#820=LINE('',#5190,#1158);
#821=LINE('',#5193,#1159);
#822=LINE('',#5195,#1160);
#823=LINE('',#5196,#1161);
#824=LINE('',#5199,#1162);
#825=LINE('',#5201,#1163);
#826=LINE('',#5203,#1164);
#827=LINE('',#5212,#1165);
#828=LINE('',#5215,#1166);
#829=LINE('',#5217,#1167);
#830=LINE('',#5218,#1168);
#831=LINE('',#5224,#1169);
#832=LINE('',#5230,#1170);
#833=LINE('',#5233,#1171);
#834=LINE('',#5236,#1172);
#835=LINE('',#5238,#1173);
#836=LINE('',#5239,#1174);
#837=LINE('',#5242,#1175);
#838=LINE('',#5244,#1176);
#839=LINE('',#5246,#1177);
#840=LINE('',#5251,#1178);
#841=LINE('',#5254,#1179);
#842=LINE('',#5256,#1180);
#843=LINE('',#5257,#1181);
#844=LINE('',#5259,#1182);
#845=LINE('',#5265,#1183);
#846=LINE('',#5268,#1184);
#847=LINE('',#5271,#1185);
#848=LINE('',#5273,#1186);
#849=LINE('',#5274,#1187);
#850=LINE('',#5277,#1188);
#851=LINE('',#5281,#1189);
#852=LINE('',#5282,#1190);
#853=LINE('',#5287,#1191);
#854=LINE('',#5288,#1192);
#855=LINE('',#5291,#1193);
#856=LINE('',#5292,#1194);
#857=LINE('',#5298,#1195);
#858=LINE('',#5301,#1196);
#859=LINE('',#5304,#1197);
#860=LINE('',#5306,#1198);
#861=LINE('',#5307,#1199);
#862=LINE('',#5310,#1200);
#863=LINE('',#5314,#1201);
#864=LINE('',#5315,#1202);
#865=LINE('',#5324,#1203);
#866=LINE('',#5325,#1204);
#867=LINE('',#5328,#1205);
#868=LINE('',#5329,#1206);
#869=LINE('',#5335,#1207);
#870=LINE('',#5338,#1208);
#871=LINE('',#5341,#1209);
#872=LINE('',#5343,#1210);
#873=LINE('',#5344,#1211);
#874=LINE('',#5347,#1212);
#875=LINE('',#5351,#1213);
#876=LINE('',#5352,#1214);
#877=LINE('',#5357,#1215);
#878=LINE('',#5358,#1216);
#879=LINE('',#5361,#1217);
#880=LINE('',#5362,#1218);
#881=LINE('',#5365,#1219);
#882=LINE('',#5368,#1220);
#883=LINE('',#5371,#1221);
#884=LINE('',#5374,#1222);
#885=LINE('',#5379,#1223);
#886=LINE('',#5382,#1224);
#887=LINE('',#5384,#1225);
#888=LINE('',#5389,#1226);
#889=LINE('',#5392,#1227);
#890=LINE('',#5395,#1228);
#891=LINE('',#5397,#1229);
#892=LINE('',#5399,#1230);
#893=LINE('',#5401,#1231);
#894=LINE('',#5403,#1232);
#895=LINE('',#5405,#1233);
#896=LINE('',#5407,#1234);
#897=LINE('',#5409,#1235);
#898=LINE('',#5411,#1236);
#899=LINE('',#5413,#1237);
#900=LINE('',#5414,#1238);
#901=LINE('',#5417,#1239);
#902=LINE('',#5418,#1240);
#903=LINE('',#5421,#1241);
#904=LINE('',#5423,#1242);
#905=LINE('',#5425,#1243);
#906=LINE('',#5427,#1244);
#907=LINE('',#5429,#1245);
#908=LINE('',#5431,#1246);
#909=LINE('',#5433,#1247);
#910=LINE('',#5435,#1248);
#911=LINE('',#5437,#1249);
#912=LINE('',#5438,#1250);
#913=LINE('',#5443,#1251);
#914=LINE('',#5444,#1252);
#915=LINE('',#5448,#1253);
#916=LINE('',#5455,#1254);
#917=LINE('',#5456,#1255);
#918=LINE('',#5460,#1256);
#919=LINE('',#5464,#1257);
#920=LINE('',#5466,#1258);
#921=LINE('',#5468,#1259);
#922=LINE('',#5471,#1260);
#923=LINE('',#5477,#1261);
#924=LINE('',#5480,#1262);
#925=LINE('',#5485,#1263);
#926=LINE('',#5488,#1264);
#927=LINE('',#5490,#1265);
#928=LINE('',#5494,#1266);
#929=LINE('',#5499,#1267);
#930=LINE('',#5502,#1268);
#931=LINE('',#5505,#1269);
#932=LINE('',#5508,#1270);
#933=LINE('',#5511,#1271);
#934=LINE('',#5513,#1272);
#935=LINE('',#5515,#1273);
#936=LINE('',#5517,#1274);
#937=LINE('',#5519,#1275);
#938=LINE('',#5521,#1276);
#939=LINE('',#5523,#1277);
#940=LINE('',#5525,#1278);
#941=LINE('',#5527,#1279);
#942=LINE('',#5529,#1280);
#943=LINE('',#5530,#1281);
#944=LINE('',#5533,#1282);
#945=LINE('',#5534,#1283);
#946=LINE('',#5537,#1284);
#947=LINE('',#5539,#1285);
#948=LINE('',#5541,#1286);
#949=LINE('',#5543,#1287);
#950=LINE('',#5545,#1288);
#951=LINE('',#5547,#1289);
#952=LINE('',#5549,#1290);
#953=LINE('',#5551,#1291);
#954=LINE('',#5553,#1292);
#955=LINE('',#5554,#1293);
#956=LINE('',#5556,#1294);
#957=LINE('',#5561,#1295);
#958=LINE('',#5563,#1296);
#959=LINE('',#5566,#1297);
#960=LINE('',#5570,#1298);
#961=LINE('',#5575,#1299);
#962=LINE('',#5577,#1300);
#963=LINE('',#5580,#1301);
#964=LINE('',#5584,#1302);
#965=LINE('',#5586,#1303);
#966=LINE('',#5588,#1304);
#967=LINE('',#5591,#1305);
#968=LINE('',#5597,#1306);
#969=LINE('',#5600,#1307);
#970=LINE('',#5603,#1308);
#971=LINE('',#5606,#1309);
#972=LINE('',#5610,#1310);
#973=LINE('',#5615,#1311);
#974=LINE('',#5618,#1312);
#975=LINE('',#5622,#1313);
#976=LINE('',#5625,#1314);
#977=LINE('',#5628,#1315);
#978=LINE('',#5630,#1316);
#979=LINE('',#5631,#1317);
#980=LINE('',#5633,#1318);
#981=LINE('',#5635,#1319);
#982=LINE('',#5642,#1320);
#983=LINE('',#5648,#1321);
#984=LINE('',#5654,#1322);
#985=LINE('',#5660,#1323);
#986=LINE('',#5667,#1324);
#987=LINE('',#5670,#1325);
#988=LINE('',#5673,#1326);
#989=LINE('',#5675,#1327);
#990=LINE('',#5676,#1328);
#991=LINE('',#5679,#1329);
#992=LINE('',#5683,#1330);
#993=LINE('',#5684,#1331);
#994=LINE('',#5689,#1332);
#995=LINE('',#5690,#1333);
#996=LINE('',#5693,#1334);
#997=LINE('',#5694,#1335);
#998=LINE('',#5700,#1336);
#999=LINE('',#5703,#1337);
#1000=LINE('',#5706,#1338);
#1001=LINE('',#5708,#1339);
#1002=LINE('',#5709,#1340);
#1003=LINE('',#5712,#1341);
#1004=LINE('',#5716,#1342);
#1005=LINE('',#5717,#1343);
#1006=LINE('',#5722,#1344);
#1007=LINE('',#5723,#1345);
#1008=LINE('',#5726,#1346);
#1009=LINE('',#5727,#1347);
#1010=LINE('',#5729,#1348);
#1011=LINE('',#5733,#1349);
#1012=LINE('',#5738,#1350);
#1013=LINE('',#5741,#1351);
#1014=LINE('',#5744,#1352);
#1015=LINE('',#5747,#1353);
#1016=LINE('',#5749,#1354);
#1017=LINE('',#5753,#1355);
#1018=LINE('',#5758,#1356);
#1019=LINE('',#5761,#1357);
#1020=LINE('',#5764,#1358);
#1021=LINE('',#5767,#1359);
#1022=LINE('',#5769,#1360);
#1023=LINE('',#5770,#1361);
#1024=LINE('',#5772,#1362);
#1025=LINE('',#5774,#1363);
#1026=LINE('',#5780,#1364);
#1027=LINE('',#5782,#1365);
#1028=LINE('',#5784,#1366);
#1029=LINE('',#5785,#1367);
#1030=LINE('',#5790,#1368);
#1031=LINE('',#5792,#1369);
#1032=LINE('',#5794,#1370);
#1033=LINE('',#5796,#1371);
#1034=LINE('',#5798,#1372);
#1035=LINE('',#5800,#1373);
#1036=LINE('',#5802,#1374);
#1037=LINE('',#5804,#1375);
#1038=LINE('',#5806,#1376);
#1039=LINE('',#5808,#1377);
#1040=LINE('',#5809,#1378);
#1041=LINE('',#5812,#1379);
#1042=LINE('',#5814,#1380);
#1043=LINE('',#5815,#1381);
#1044=LINE('',#5819,#1382);
#1045=LINE('',#5820,#1383);
#1046=LINE('',#5821,#1384);
#1047=LINE('',#5824,#1385);
#1048=LINE('',#5826,#1386);
#1049=LINE('',#5827,#1387);
#1050=LINE('',#5830,#1388);
#1051=LINE('',#5831,#1389);
#1052=LINE('',#5835,#1390);
#1053=LINE('',#5836,#1391);
#1054=LINE('',#5837,#1392);
#1055=LINE('',#5840,#1393);
#1056=LINE('',#5842,#1394);
#1057=LINE('',#5843,#1395);
#1058=LINE('',#5846,#1396);
#1059=LINE('',#5847,#1397);
#1060=LINE('',#5849,#1398);
#1061=LINE('',#5853,#1399);
#1062=LINE('',#5854,#1400);
#1063=LINE('',#5855,#1401);
#1064=LINE('',#5858,#1402);
#1065=LINE('',#5860,#1403);
#1066=LINE('',#5861,#1404);
#1067=LINE('',#5864,#1405);
#1068=LINE('',#5865,#1406);
#1069=LINE('',#5867,#1407);
#1070=LINE('',#5870,#1408);
#1071=LINE('',#5871,#1409);
#1072=LINE('',#5873,#1410);
#1073=LINE('',#5875,#1411);
#1074=LINE('',#5889,#1412);
#1075=LINE('',#5894,#1413);
#1076=LINE('',#5898,#1414);
#1077=LINE('',#5902,#1415);
#1078=LINE('',#5905,#1416);
#1079=LINE('',#5944,#1417);
#1080=VECTOR('',#3919,10.);
#1081=VECTOR('',#3920,10.);
#1082=VECTOR('',#3921,10.);
#1083=VECTOR('',#3922,10.);
#1084=VECTOR('',#3925,10.);
#1085=VECTOR('',#3926,10.);
#1086=VECTOR('',#3927,10.);
#1087=VECTOR('',#3928,10.);
#1088=VECTOR('',#3933,10.);
#1089=VECTOR('',#3942,10.);
#1090=VECTOR('',#3949,10.);
#1091=VECTOR('',#3952,10.);
#1092=VECTOR('',#3953,10.);
#1093=VECTOR('',#3956,10.);
#1094=VECTOR('',#3957,10.);
#1095=VECTOR('',#3958,10.);
#1096=VECTOR('',#3967,10.);
#1097=VECTOR('',#3968,10.);
#1098=VECTOR('',#3969,10.);
#1099=VECTOR('',#3970,10.);
#1100=VECTOR('',#3973,10.);
#1101=VECTOR('',#3974,10.);
#1102=VECTOR('',#3975,10.);
#1103=VECTOR('',#3976,10.);
#1104=VECTOR('',#3981,10.);
#1105=VECTOR('',#3990,10.);
#1106=VECTOR('',#3997,10.);
#1107=VECTOR('',#4000,10.);
#1108=VECTOR('',#4001,10.);
#1109=VECTOR('',#4004,10.);
#1110=VECTOR('',#4005,10.);
#1111=VECTOR('',#4006,10.);
#1112=VECTOR('',#4015,10.);
#1113=VECTOR('',#4016,10.);
#1114=VECTOR('',#4017,10.);
#1115=VECTOR('',#4018,10.);
#1116=VECTOR('',#4021,10.);
#1117=VECTOR('',#4022,10.);
#1118=VECTOR('',#4023,10.);
#1119=VECTOR('',#4024,10.);
#1120=VECTOR('',#4029,10.);
#1121=VECTOR('',#4038,10.);
#1122=VECTOR('',#4045,10.);
#1123=VECTOR('',#4048,10.);
#1124=VECTOR('',#4049,10.);
#1125=VECTOR('',#4052,10.);
#1126=VECTOR('',#4053,10.);
#1127=VECTOR('',#4054,10.);
#1128=VECTOR('',#4063,10.);
#1129=VECTOR('',#4064,10.);
#1130=VECTOR('',#4065,10.);
#1131=VECTOR('',#4066,10.);
#1132=VECTOR('',#4069,10.);
#1133=VECTOR('',#4070,10.);
#1134=VECTOR('',#4071,10.);
#1135=VECTOR('',#4072,10.);
#1136=VECTOR('',#4077,10.);
#1137=VECTOR('',#4086,10.);
#1138=VECTOR('',#4093,10.);
#1139=VECTOR('',#4096,10.);
#1140=VECTOR('',#4097,10.);
#1141=VECTOR('',#4100,10.);
#1142=VECTOR('',#4101,10.);
#1143=VECTOR('',#4102,10.);
#1144=VECTOR('',#4113,10.);
#1145=VECTOR('',#4116,10.);
#1146=VECTOR('',#4119,10.);
#1147=VECTOR('',#4120,10.);
#1148=VECTOR('',#4121,10.);
#1149=VECTOR('',#4124,3.66);
#1150=VECTOR('',#4125,10.);
#1151=VECTOR('',#4126,3.66);
#1152=VECTOR('',#4133,10.);
#1153=VECTOR('',#4136,3.66);
#1154=VECTOR('',#4137,10.);
#1155=VECTOR('',#4138,10.);
#1156=VECTOR('',#4141,10.);
#1157=VECTOR('',#4146,10.);
#1158=VECTOR('',#4149,10.);
#1159=VECTOR('',#4152,10.);
#1160=VECTOR('',#4153,10.);
#1161=VECTOR('',#4154,10.);
#1162=VECTOR('',#4157,0.959999999999998);
#1163=VECTOR('',#4158,10.);
#1164=VECTOR('',#4159,0.959999999999998);
#1165=VECTOR('',#4170,10.);
#1166=VECTOR('',#4173,0.959999999999998);
#1167=VECTOR('',#4174,10.);
#1168=VECTOR('',#4175,10.);
#1169=VECTOR('',#4182,10.);
#1170=VECTOR('',#4187,10.);
#1171=VECTOR('',#4190,10.);
#1172=VECTOR('',#4193,10.);
#1173=VECTOR('',#4194,10.);
#1174=VECTOR('',#4195,10.);
#1175=VECTOR('',#4198,3.66);
#1176=VECTOR('',#4199,10.);
#1177=VECTOR('',#4200,3.66);
#1178=VECTOR('',#4207,10.);
#1179=VECTOR('',#4210,3.66);
#1180=VECTOR('',#4211,10.);
#1181=VECTOR('',#4212,10.);
#1182=VECTOR('',#4215,10.);
#1183=VECTOR('',#4220,10.);
#1184=VECTOR('',#4223,10.);
#1185=VECTOR('',#4226,3.66);
#1186=VECTOR('',#4227,10.);
#1187=VECTOR('',#4228,10.);
#1188=VECTOR('',#4231,10.);
#1189=VECTOR('',#4234,3.66);
#1190=VECTOR('',#4235,10.);
#1191=VECTOR('',#4240,10.);
#1192=VECTOR('',#4241,10.);
#1193=VECTOR('',#4244,3.66);
#1194=VECTOR('',#4245,10.);
#1195=VECTOR('',#4250,10.);
#1196=VECTOR('',#4253,10.);
#1197=VECTOR('',#4256,0.959999999999998);
#1198=VECTOR('',#4257,10.);
#1199=VECTOR('',#4258,10.);
#1200=VECTOR('',#4261,10.);
#1201=VECTOR('',#4264,0.959999999999998);
#1202=VECTOR('',#4265,10.);
#1203=VECTOR('',#4274,10.);
#1204=VECTOR('',#4275,10.);
#1205=VECTOR('',#4278,0.959999999999998);
#1206=VECTOR('',#4279,10.);
#1207=VECTOR('',#4284,10.);
#1208=VECTOR('',#4287,10.);
#1209=VECTOR('',#4290,3.66);
#1210=VECTOR('',#4291,10.);
#1211=VECTOR('',#4292,10.);
#1212=VECTOR('',#4295,10.);
#1213=VECTOR('',#4298,3.66);
#1214=VECTOR('',#4299,10.);
#1215=VECTOR('',#4304,10.);
#1216=VECTOR('',#4305,10.);
#1217=VECTOR('',#4308,3.66);
#1218=VECTOR('',#4309,10.);
#1219=VECTOR('',#4312,2.45);
#1220=VECTOR('',#4317,1.75);
#1221=VECTOR('',#4320,2.45);
#1222=VECTOR('',#4325,1.75);
#1223=VECTOR('',#4330,10.);
#1224=VECTOR('',#4335,10.);
#1225=VECTOR('',#4336,10.);
#1226=VECTOR('',#4343,10.);
#1227=VECTOR('',#4348,10.);
#1228=VECTOR('',#4351,10.);
#1229=VECTOR('',#4352,10.);
#1230=VECTOR('',#4353,10.);
#1231=VECTOR('',#4354,10.);
#1232=VECTOR('',#4355,10.);
#1233=VECTOR('',#4356,10.);
#1234=VECTOR('',#4357,3.66);
#1235=VECTOR('',#4358,10.);
#1236=VECTOR('',#4359,10.);
#1237=VECTOR('',#4360,10.);
#1238=VECTOR('',#4361,10.);
#1239=VECTOR('',#4364,10.);
#1240=VECTOR('',#4365,10.);
#1241=VECTOR('',#4368,10.);
#1242=VECTOR('',#4369,10.);
#1243=VECTOR('',#4370,10.);
#1244=VECTOR('',#4371,10.);
#1245=VECTOR('',#4372,3.66);
#1246=VECTOR('',#4373,10.);
#1247=VECTOR('',#4374,3.66);
#1248=VECTOR('',#4375,10.);
#1249=VECTOR('',#4376,10.);
#1250=VECTOR('',#4377,10.);
#1251=VECTOR('',#4386,10.);
#1252=VECTOR('',#4387,10.);
#1253=VECTOR('',#4394,10.);
#1254=VECTOR('',#4407,10.);
#1255=VECTOR('',#4408,10.);
#1256=VECTOR('',#4415,10.);
#1257=VECTOR('',#4422,10.);
#1258=VECTOR('',#4425,10.);
#1259=VECTOR('',#4428,10.);
#1260=VECTOR('',#4433,10.);
#1261=VECTOR('',#4440,2.45);
#1262=VECTOR('',#4445,1.75);
#1263=VECTOR('',#4450,2.45);
#1264=VECTOR('',#4455,1.75);
#1265=VECTOR('',#4458,10.);
#1266=VECTOR('',#4461,10.);
#1267=VECTOR('',#4468,10.);
#1268=VECTOR('',#4471,10.);
#1269=VECTOR('',#4476,10.);
#1270=VECTOR('',#4481,10.);
#1271=VECTOR('',#4484,10.);
#1272=VECTOR('',#4485,10.);
#1273=VECTOR('',#4486,10.);
#1274=VECTOR('',#4487,10.);
#1275=VECTOR('',#4488,3.66);
#1276=VECTOR('',#4489,10.);
#1277=VECTOR('',#4490,3.66);
#1278=VECTOR('',#4491,10.);
#1279=VECTOR('',#4492,10.);
#1280=VECTOR('',#4493,10.);
#1281=VECTOR('',#4494,10.);
#1282=VECTOR('',#4497,10.);
#1283=VECTOR('',#4498,10.);
#1284=VECTOR('',#4501,10.);
#1285=VECTOR('',#4502,10.);
#1286=VECTOR('',#4503,10.);
#1287=VECTOR('',#4504,10.);
#1288=VECTOR('',#4505,10.);
#1289=VECTOR('',#4506,10.);
#1290=VECTOR('',#4507,3.66);
#1291=VECTOR('',#4508,10.);
#1292=VECTOR('',#4509,10.);
#1293=VECTOR('',#4510,10.);
#1294=VECTOR('',#4513,10.);
#1295=VECTOR('',#4522,10.);
#1296=VECTOR('',#4525,10.);
#1297=VECTOR('',#4530,10.);
#1298=VECTOR('',#4537,10.);
#1299=VECTOR('',#4546,10.);
#1300=VECTOR('',#4549,10.);
#1301=VECTOR('',#4554,10.);
#1302=VECTOR('',#4561,10.);
#1303=VECTOR('',#4564,10.);
#1304=VECTOR('',#4567,10.);
#1305=VECTOR('',#4572,10.);
#1306=VECTOR('',#4579,10.);
#1307=VECTOR('',#4584,10.);
#1308=VECTOR('',#4587,10.);
#1309=VECTOR('',#4590,10.);
#1310=VECTOR('',#4597,10.);
#1311=VECTOR('',#4602,10.);
#1312=VECTOR('',#4607,10.);
#1313=VECTOR('',#4612,10.);
#1314=VECTOR('',#4615,10.);
#1315=VECTOR('',#4620,10.);
#1316=VECTOR('',#4623,10.);
#1317=VECTOR('',#4624,10.);
#1318=VECTOR('',#4627,10.);
#1319=VECTOR('',#4630,10.);
#1320=VECTOR('',#4639,1.2295);
#1321=VECTOR('',#4646,1.2295);
#1322=VECTOR('',#4653,1.2295);
#1323=VECTOR('',#4660,1.2295);
#1324=VECTOR('',#4667,10.);
#1325=VECTOR('',#4670,10.);
#1326=VECTOR('',#4673,0.960000000000003);
#1327=VECTOR('',#4674,10.);
#1328=VECTOR('',#4675,10.);
#1329=VECTOR('',#4678,10.);
#1330=VECTOR('',#4681,0.960000000000003);
#1331=VECTOR('',#4682,10.);
#1332=VECTOR('',#4687,10.);
#1333=VECTOR('',#4688,10.);
#1334=VECTOR('',#4691,0.960000000000003);
#1335=VECTOR('',#4692,10.);
#1336=VECTOR('',#4697,10.);
#1337=VECTOR('',#4700,10.);
#1338=VECTOR('',#4703,0.960000000000003);
#1339=VECTOR('',#4704,10.);
#1340=VECTOR('',#4705,10.);
#1341=VECTOR('',#4708,10.);
#1342=VECTOR('',#4711,0.960000000000003);
#1343=VECTOR('',#4712,10.);
#1344=VECTOR('',#4717,10.);
#1345=VECTOR('',#4718,10.);
#1346=VECTOR('',#4721,0.960000000000003);
#1347=VECTOR('',#4722,10.);
#1348=VECTOR('',#4725,10.);
#1349=VECTOR('',#4728,10.);
#1350=VECTOR('',#4735,10.);
#1351=VECTOR('',#4738,10.);
#1352=VECTOR('',#4743,10.);
#1353=VECTOR('',#4748,10.);
#1354=VECTOR('',#4751,10.);
#1355=VECTOR('',#4754,10.);
#1356=VECTOR('',#4761,10.);
#1357=VECTOR('',#4764,10.);
#1358=VECTOR('',#4769,10.);
#1359=VECTOR('',#4774,10.);
#1360=VECTOR('',#4777,10.);
#1361=VECTOR('',#4778,10.);
#1362=VECTOR('',#4781,10.);
#1363=VECTOR('',#4784,10.);
#1364=VECTOR('',#4791,10.);
#1365=VECTOR('',#4792,10.);
#1366=VECTOR('',#4793,10.);
#1367=VECTOR('',#4794,10.);
#1368=VECTOR('',#4799,10.);
#1369=VECTOR('',#4800,10.);
#1370=VECTOR('',#4801,10.);
#1371=VECTOR('',#4802,10.);
#1372=VECTOR('',#4803,10.);
#1373=VECTOR('',#4804,10.);
#1374=VECTOR('',#4805,10.);
#1375=VECTOR('',#4806,10.);
#1376=VECTOR('',#4807,10.);
#1377=VECTOR('',#4808,10.);
#1378=VECTOR('',#4809,10.);
#1379=VECTOR('',#4812,10.);
#1380=VECTOR('',#4813,10.);
#1381=VECTOR('',#4814,10.);
#1382=VECTOR('',#4817,10.);
#1383=VECTOR('',#4818,10.);
#1384=VECTOR('',#4819,10.);
#1385=VECTOR('',#4822,10.);
#1386=VECTOR('',#4823,10.);
#1387=VECTOR('',#4824,10.);
#1388=VECTOR('',#4827,10.);
#1389=VECTOR('',#4828,10.);
#1390=VECTOR('',#4831,10.);
#1391=VECTOR('',#4832,10.);
#1392=VECTOR('',#4833,10.);
#1393=VECTOR('',#4836,10.);
#1394=VECTOR('',#4837,10.);
#1395=VECTOR('',#4838,10.);
#1396=VECTOR('',#4841,10.);
#1397=VECTOR('',#4842,10.);
#1398=VECTOR('',#4845,10.);
#1399=VECTOR('',#4848,10.);
#1400=VECTOR('',#4849,10.);
#1401=VECTOR('',#4850,10.);
#1402=VECTOR('',#4853,10.);
#1403=VECTOR('',#4854,10.);
#1404=VECTOR('',#4855,10.);
#1405=VECTOR('',#4858,10.);
#1406=VECTOR('',#4859,10.);
#1407=VECTOR('',#4862,10.);
#1408=VECTOR('',#4865,10.);
#1409=VECTOR('',#4866,10.);
#1410=VECTOR('',#4869,10.);
#1411=VECTOR('',#4872,10.);
#1412=VECTOR('',#4889,2.);
#1413=VECTOR('',#4896,1.25);
#1414=VECTOR('',#4901,1.375);
#1415=VECTOR('',#4906,1.5);
#1416=VECTOR('',#4911,2.75);
#1417=VECTOR('',#4926,4.);
#1418=VERTEX_POINT('',#4956);
#1419=VERTEX_POINT('',#4957);
#1420=VERTEX_POINT('',#4959);
#1421=VERTEX_POINT('',#4961);
#1422=VERTEX_POINT('',#4965);
#1423=VERTEX_POINT('',#4966);
#1424=VERTEX_POINT('',#4968);
#1425=VERTEX_POINT('',#4970);
#1426=VERTEX_POINT('',#4974);
#1427=VERTEX_POINT('',#4976);
#1428=VERTEX_POINT('',#4980);
#1429=VERTEX_POINT('',#4982);
#1430=VERTEX_POINT('',#4986);
#1431=VERTEX_POINT('',#4988);
#1432=VERTEX_POINT('',#4995);
#1433=VERTEX_POINT('',#4997);
#1434=VERTEX_POINT('',#5004);
#1435=VERTEX_POINT('',#5005);
#1436=VERTEX_POINT('',#5007);
#1437=VERTEX_POINT('',#5009);
#1438=VERTEX_POINT('',#5013);
#1439=VERTEX_POINT('',#5014);
#1440=VERTEX_POINT('',#5016);
#1441=VERTEX_POINT('',#5018);
#1442=VERTEX_POINT('',#5022);
#1443=VERTEX_POINT('',#5024);
#1444=VERTEX_POINT('',#5028);
#1445=VERTEX_POINT('',#5030);
#1446=VERTEX_POINT('',#5034);
#1447=VERTEX_POINT('',#5036);
#1448=VERTEX_POINT('',#5043);
#1449=VERTEX_POINT('',#5045);
#1450=VERTEX_POINT('',#5052);
#1451=VERTEX_POINT('',#5053);
#1452=VERTEX_POINT('',#5055);
#1453=VERTEX_POINT('',#5057);
#1454=VERTEX_POINT('',#5061);
#1455=VERTEX_POINT('',#5062);
#1456=VERTEX_POINT('',#5064);
#1457=VERTEX_POINT('',#5066);
#1458=VERTEX_POINT('',#5070);
#1459=VERTEX_POINT('',#5072);
#1460=VERTEX_POINT('',#5076);
#1461=VERTEX_POINT('',#5078);
#1462=VERTEX_POINT('',#5082);
#1463=VERTEX_POINT('',#5084);
#1464=VERTEX_POINT('',#5091);
#1465=VERTEX_POINT('',#5093);
#1466=VERTEX_POINT('',#5100);
#1467=VERTEX_POINT('',#5101);
#1468=VERTEX_POINT('',#5103);
#1469=VERTEX_POINT('',#5105);
#1470=VERTEX_POINT('',#5109);
#1471=VERTEX_POINT('',#5110);
#1472=VERTEX_POINT('',#5112);
#1473=VERTEX_POINT('',#5114);
#1474=VERTEX_POINT('',#5118);
#1475=VERTEX_POINT('',#5120);
#1476=VERTEX_POINT('',#5124);
#1477=VERTEX_POINT('',#5126);
#1478=VERTEX_POINT('',#5130);
#1479=VERTEX_POINT('',#5132);
#1480=VERTEX_POINT('',#5139);
#1481=VERTEX_POINT('',#5141);
#1482=VERTEX_POINT('',#5148);
#1483=VERTEX_POINT('',#5149);
#1484=VERTEX_POINT('',#5151);
#1485=VERTEX_POINT('',#5153);
#1486=VERTEX_POINT('',#5157);
#1487=VERTEX_POINT('',#5159);
#1488=VERTEX_POINT('',#5163);
#1489=VERTEX_POINT('',#5165);
#1490=VERTEX_POINT('',#5167);
#1491=VERTEX_POINT('',#5171);
#1492=VERTEX_POINT('',#5175);
#1493=VERTEX_POINT('',#5177);
#1494=VERTEX_POINT('',#5183);
#1495=VERTEX_POINT('',#5184);
#1496=VERTEX_POINT('',#5186);
#1497=VERTEX_POINT('',#5188);
#1498=VERTEX_POINT('',#5192);
#1499=VERTEX_POINT('',#5194);
#1500=VERTEX_POINT('',#5198);
#1501=VERTEX_POINT('',#5200);
#1502=VERTEX_POINT('',#5202);
#1503=VERTEX_POINT('',#5205);
#1504=VERTEX_POINT('',#5207);
#1505=VERTEX_POINT('',#5210);
#1506=VERTEX_POINT('',#5214);
#1507=VERTEX_POINT('',#5216);
#1508=VERTEX_POINT('',#5219);
#1509=VERTEX_POINT('',#5221);
#1510=VERTEX_POINT('',#5226);
#1511=VERTEX_POINT('',#5227);
#1512=VERTEX_POINT('',#5229);
#1513=VERTEX_POINT('',#5231);
#1514=VERTEX_POINT('',#5235);
#1515=VERTEX_POINT('',#5237);
#1516=VERTEX_POINT('',#5241);
#1517=VERTEX_POINT('',#5243);
#1518=VERTEX_POINT('',#5245);
#1519=VERTEX_POINT('',#5249);
#1520=VERTEX_POINT('',#5253);
#1521=VERTEX_POINT('',#5255);
#1522=VERTEX_POINT('',#5261);
#1523=VERTEX_POINT('',#5262);
#1524=VERTEX_POINT('',#5264);
#1525=VERTEX_POINT('',#5266);
#1526=VERTEX_POINT('',#5270);
#1527=VERTEX_POINT('',#5272);
#1528=VERTEX_POINT('',#5276);
#1529=VERTEX_POINT('',#5278);
#1530=VERTEX_POINT('',#5280);
#1531=VERTEX_POINT('',#5284);
#1532=VERTEX_POINT('',#5285);
#1533=VERTEX_POINT('',#5290);
#1534=VERTEX_POINT('',#5294);
#1535=VERTEX_POINT('',#5295);
#1536=VERTEX_POINT('',#5297);
#1537=VERTEX_POINT('',#5299);
#1538=VERTEX_POINT('',#5303);
#1539=VERTEX_POINT('',#5305);
#1540=VERTEX_POINT('',#5309);
#1541=VERTEX_POINT('',#5311);
#1542=VERTEX_POINT('',#5313);
#1543=VERTEX_POINT('',#5316);
#1544=VERTEX_POINT('',#5318);
#1545=VERTEX_POINT('',#5321);
#1546=VERTEX_POINT('',#5322);
#1547=VERTEX_POINT('',#5327);
#1548=VERTEX_POINT('',#5331);
#1549=VERTEX_POINT('',#5332);
#1550=VERTEX_POINT('',#5334);
#1551=VERTEX_POINT('',#5336);
#1552=VERTEX_POINT('',#5340);
#1553=VERTEX_POINT('',#5342);
#1554=VERTEX_POINT('',#5346);
#1555=VERTEX_POINT('',#5348);
#1556=VERTEX_POINT('',#5350);
#1557=VERTEX_POINT('',#5354);
#1558=VERTEX_POINT('',#5355);
#1559=VERTEX_POINT('',#5360);
#1560=VERTEX_POINT('',#5364);
#1561=VERTEX_POINT('',#5370);
#1562=VERTEX_POINT('',#5376);
#1563=VERTEX_POINT('',#5378);
#1564=VERTEX_POINT('',#5383);
#1565=VERTEX_POINT('',#5387);
#1566=VERTEX_POINT('',#5394);
#1567=VERTEX_POINT('',#5396);
#1568=VERTEX_POINT('',#5398);
#1569=VERTEX_POINT('',#5400);
#1570=VERTEX_POINT('',#5402);
#1571=VERTEX_POINT('',#5404);
#1572=VERTEX_POINT('',#5406);
#1573=VERTEX_POINT('',#5408);
#1574=VERTEX_POINT('',#5410);
#1575=VERTEX_POINT('',#5412);
#1576=VERTEX_POINT('',#5416);
#1577=VERTEX_POINT('',#5420);
#1578=VERTEX_POINT('',#5422);
#1579=VERTEX_POINT('',#5424);
#1580=VERTEX_POINT('',#5426);
#1581=VERTEX_POINT('',#5428);
#1582=VERTEX_POINT('',#5430);
#1583=VERTEX_POINT('',#5432);
#1584=VERTEX_POINT('',#5434);
#1585=VERTEX_POINT('',#5436);
#1586=VERTEX_POINT('',#5474);
#1587=VERTEX_POINT('',#5476);
#1588=VERTEX_POINT('',#5482);
#1589=VERTEX_POINT('',#5484);
#1590=VERTEX_POINT('',#5491);
#1591=VERTEX_POINT('',#5493);
#1592=VERTEX_POINT('',#5497);
#1593=VERTEX_POINT('',#5501);
#1594=VERTEX_POINT('',#5510);
#1595=VERTEX_POINT('',#5512);
#1596=VERTEX_POINT('',#5514);
#1597=VERTEX_POINT('',#5516);
#1598=VERTEX_POINT('',#5518);
#1599=VERTEX_POINT('',#5520);
#1600=VERTEX_POINT('',#5522);
#1601=VERTEX_POINT('',#5524);
#1602=VERTEX_POINT('',#5526);
#1603=VERTEX_POINT('',#5528);
#1604=VERTEX_POINT('',#5532);
#1605=VERTEX_POINT('',#5536);
#1606=VERTEX_POINT('',#5538);
#1607=VERTEX_POINT('',#5540);
#1608=VERTEX_POINT('',#5542);
#1609=VERTEX_POINT('',#5544);
#1610=VERTEX_POINT('',#5546);
#1611=VERTEX_POINT('',#5548);
#1612=VERTEX_POINT('',#5550);
#1613=VERTEX_POINT('',#5552);
#1614=VERTEX_POINT('',#5594);
#1615=VERTEX_POINT('',#5596);
#1616=VERTEX_POINT('',#5601);
#1617=VERTEX_POINT('',#5605);
#1618=VERTEX_POINT('',#5612);
#1619=VERTEX_POINT('',#5614);
#1620=VERTEX_POINT('',#5620);
#1621=VERTEX_POINT('',#5624);
#1622=VERTEX_POINT('',#5639);
#1623=VERTEX_POINT('',#5641);
#1624=VERTEX_POINT('',#5645);
#1625=VERTEX_POINT('',#5647);
#1626=VERTEX_POINT('',#5651);
#1627=VERTEX_POINT('',#5653);
#1628=VERTEX_POINT('',#5657);
#1629=VERTEX_POINT('',#5659);
#1630=VERTEX_POINT('',#5663);
#1631=VERTEX_POINT('',#5664);
#1632=VERTEX_POINT('',#5666);
#1633=VERTEX_POINT('',#5668);
#1634=VERTEX_POINT('',#5672);
#1635=VERTEX_POINT('',#5674);
#1636=VERTEX_POINT('',#5678);
#1637=VERTEX_POINT('',#5680);
#1638=VERTEX_POINT('',#5682);
#1639=VERTEX_POINT('',#5686);
#1640=VERTEX_POINT('',#5687);
#1641=VERTEX_POINT('',#5692);
#1642=VERTEX_POINT('',#5696);
#1643=VERTEX_POINT('',#5697);
#1644=VERTEX_POINT('',#5699);
#1645=VERTEX_POINT('',#5701);
#1646=VERTEX_POINT('',#5705);
#1647=VERTEX_POINT('',#5707);
#1648=VERTEX_POINT('',#5711);
#1649=VERTEX_POINT('',#5713);
#1650=VERTEX_POINT('',#5715);
#1651=VERTEX_POINT('',#5719);
#1652=VERTEX_POINT('',#5720);
#1653=VERTEX_POINT('',#5725);
#1654=VERTEX_POINT('',#5730);
#1655=VERTEX_POINT('',#5732);
#1656=VERTEX_POINT('',#5736);
#1657=VERTEX_POINT('',#5740);
#1658=VERTEX_POINT('',#5750);
#1659=VERTEX_POINT('',#5752);
#1660=VERTEX_POINT('',#5756);
#1661=VERTEX_POINT('',#5760);
#1662=VERTEX_POINT('',#5778);
#1663=VERTEX_POINT('',#5779);
#1664=VERTEX_POINT('',#5781);
#1665=VERTEX_POINT('',#5783);
#1666=VERTEX_POINT('',#5787);
#1667=VERTEX_POINT('',#5789);
#1668=VERTEX_POINT('',#5791);
#1669=VERTEX_POINT('',#5793);
#1670=VERTEX_POINT('',#5795);
#1671=VERTEX_POINT('',#5797);
#1672=VERTEX_POINT('',#5799);
#1673=VERTEX_POINT('',#5801);
#1674=VERTEX_POINT('',#5803);
#1675=VERTEX_POINT('',#5805);
#1676=VERTEX_POINT('',#5807);
#1677=VERTEX_POINT('',#5811);
#1678=VERTEX_POINT('',#5813);
#1679=VERTEX_POINT('',#5817);
#1680=VERTEX_POINT('',#5818);
#1681=VERTEX_POINT('',#5823);
#1682=VERTEX_POINT('',#5825);
#1683=VERTEX_POINT('',#5829);
#1684=VERTEX_POINT('',#5833);
#1685=VERTEX_POINT('',#5834);
#1686=VERTEX_POINT('',#5839);
#1687=VERTEX_POINT('',#5841);
#1688=VERTEX_POINT('',#5845);
#1689=VERTEX_POINT('',#5851);
#1690=VERTEX_POINT('',#5852);
#1691=VERTEX_POINT('',#5857);
#1692=VERTEX_POINT('',#5859);
#1693=VERTEX_POINT('',#5863);
#1694=VERTEX_POINT('',#5869);
#1695=VERTEX_POINT('',#5878);
#1696=VERTEX_POINT('',#5879);
#1697=VERTEX_POINT('',#5882);
#1698=VERTEX_POINT('',#5884);
#1699=VERTEX_POINT('',#5888);
#1700=VERTEX_POINT('',#5892);
#1701=VERTEX_POINT('',#5896);
#1702=VERTEX_POINT('',#5900);
#1703=VERTEX_POINT('',#5934);
#1704=VERTEX_POINT('',#5936);
#1705=VERTEX_POINT('',#5941);
#1706=VERTEX_POINT('',#5943);
#1707=EDGE_CURVE('',#1418,#1419,#742,.T.);
#1708=EDGE_CURVE('',#1420,#1418,#743,.T.);
#1709=EDGE_CURVE('',#1421,#1420,#744,.T.);
#1710=EDGE_CURVE('',#1421,#1419,#745,.T.);
#1711=EDGE_CURVE('',#1422,#1423,#746,.T.);
#1712=EDGE_CURVE('',#1424,#1422,#747,.T.);
#1713=EDGE_CURVE('',#1425,#1424,#748,.T.);
#1714=EDGE_CURVE('',#1425,#1423,#749,.T.);
#1715=EDGE_CURVE('',#1426,#1418,#109,.T.);
#1716=EDGE_CURVE('',#1427,#1426,#750,.T.);
#1717=EDGE_CURVE('',#1420,#1427,#110,.T.);
#1718=EDGE_CURVE('',#1419,#1428,#111,.T.);
#1719=EDGE_CURVE('',#1429,#1421,#112,.T.);
#1720=EDGE_CURVE('',#1429,#1428,#751,.T.);
#1721=EDGE_CURVE('',#1423,#1430,#113,.T.);
#1722=EDGE_CURVE('',#1431,#1425,#114,.T.);
#1723=EDGE_CURVE('',#1431,#1430,#752,.T.);
#1724=EDGE_CURVE('',#1428,#1426,#753,.T.);
#1725=EDGE_CURVE('',#1427,#1429,#754,.T.);
#1726=EDGE_CURVE('',#1430,#1432,#755,.T.);
#1727=EDGE_CURVE('',#1433,#1431,#756,.T.);
#1728=EDGE_CURVE('',#1433,#1432,#757,.T.);
#1729=EDGE_CURVE('',#1432,#1422,#115,.T.);
#1730=EDGE_CURVE('',#1424,#1433,#116,.T.);
#1731=EDGE_CURVE('',#1434,#1435,#758,.T.);
#1732=EDGE_CURVE('',#1436,#1434,#759,.T.);
#1733=EDGE_CURVE('',#1437,#1436,#760,.T.);
#1734=EDGE_CURVE('',#1437,#1435,#761,.T.);
#1735=EDGE_CURVE('',#1438,#1439,#762,.T.);
#1736=EDGE_CURVE('',#1440,#1438,#763,.T.);
#1737=EDGE_CURVE('',#1441,#1440,#764,.T.);
#1738=EDGE_CURVE('',#1441,#1439,#765,.T.);
#1739=EDGE_CURVE('',#1442,#1434,#117,.T.);
#1740=EDGE_CURVE('',#1443,#1442,#766,.T.);
#1741=EDGE_CURVE('',#1436,#1443,#118,.T.);
#1742=EDGE_CURVE('',#1435,#1444,#119,.T.);
#1743=EDGE_CURVE('',#1445,#1437,#120,.T.);
#1744=EDGE_CURVE('',#1445,#1444,#767,.T.);
#1745=EDGE_CURVE('',#1439,#1446,#121,.T.);
#1746=EDGE_CURVE('',#1447,#1441,#122,.T.);
#1747=EDGE_CURVE('',#1447,#1446,#768,.T.);
#1748=EDGE_CURVE('',#1444,#1442,#769,.T.);
#1749=EDGE_CURVE('',#1443,#1445,#770,.T.);
#1750=EDGE_CURVE('',#1446,#1448,#771,.T.);
#1751=EDGE_CURVE('',#1449,#1447,#772,.T.);
#1752=EDGE_CURVE('',#1449,#1448,#773,.T.);
#1753=EDGE_CURVE('',#1448,#1438,#123,.T.);
#1754=EDGE_CURVE('',#1440,#1449,#124,.T.);
#1755=EDGE_CURVE('',#1450,#1451,#774,.T.);
#1756=EDGE_CURVE('',#1452,#1450,#775,.T.);
#1757=EDGE_CURVE('',#1453,#1452,#776,.T.);
#1758=EDGE_CURVE('',#1453,#1451,#777,.T.);
#1759=EDGE_CURVE('',#1454,#1455,#778,.T.);
#1760=EDGE_CURVE('',#1456,#1454,#779,.T.);
#1761=EDGE_CURVE('',#1457,#1456,#780,.T.);
#1762=EDGE_CURVE('',#1457,#1455,#781,.T.);
#1763=EDGE_CURVE('',#1458,#1450,#125,.T.);
#1764=EDGE_CURVE('',#1459,#1458,#782,.T.);
#1765=EDGE_CURVE('',#1452,#1459,#126,.T.);
#1766=EDGE_CURVE('',#1451,#1460,#127,.T.);
#1767=EDGE_CURVE('',#1461,#1453,#128,.T.);
#1768=EDGE_CURVE('',#1461,#1460,#783,.T.);
#1769=EDGE_CURVE('',#1455,#1462,#129,.T.);
#1770=EDGE_CURVE('',#1463,#1457,#130,.T.);
#1771=EDGE_CURVE('',#1463,#1462,#784,.T.);
#1772=EDGE_CURVE('',#1460,#1458,#785,.T.);
#1773=EDGE_CURVE('',#1459,#1461,#786,.T.);
#1774=EDGE_CURVE('',#1462,#1464,#787,.T.);
#1775=EDGE_CURVE('',#1465,#1463,#788,.T.);
#1776=EDGE_CURVE('',#1465,#1464,#789,.T.);
#1777=EDGE_CURVE('',#1464,#1454,#131,.T.);
#1778=EDGE_CURVE('',#1456,#1465,#132,.T.);
#1779=EDGE_CURVE('',#1466,#1467,#790,.T.);
#1780=EDGE_CURVE('',#1468,#1466,#791,.T.);
#1781=EDGE_CURVE('',#1469,#1468,#792,.T.);
#1782=EDGE_CURVE('',#1469,#1467,#793,.T.);
#1783=EDGE_CURVE('',#1470,#1471,#794,.T.);
#1784=EDGE_CURVE('',#1472,#1470,#795,.T.);
#1785=EDGE_CURVE('',#1473,#1472,#796,.T.);
#1786=EDGE_CURVE('',#1473,#1471,#797,.T.);
#1787=EDGE_CURVE('',#1474,#1466,#133,.T.);
#1788=EDGE_CURVE('',#1475,#1474,#798,.T.);
#1789=EDGE_CURVE('',#1468,#1475,#134,.T.);
#1790=EDGE_CURVE('',#1467,#1476,#135,.T.);
#1791=EDGE_CURVE('',#1477,#1469,#136,.T.);
#1792=EDGE_CURVE('',#1477,#1476,#799,.T.);
#1793=EDGE_CURVE('',#1471,#1478,#137,.T.);
#1794=EDGE_CURVE('',#1479,#1473,#138,.T.);
#1795=EDGE_CURVE('',#1479,#1478,#800,.T.);
#1796=EDGE_CURVE('',#1476,#1474,#801,.T.);
#1797=EDGE_CURVE('',#1475,#1477,#802,.T.);
#1798=EDGE_CURVE('',#1478,#1480,#803,.T.);
#1799=EDGE_CURVE('',#1481,#1479,#804,.T.);
#1800=EDGE_CURVE('',#1481,#1480,#805,.T.);
#1801=EDGE_CURVE('',#1480,#1470,#139,.T.);
#1802=EDGE_CURVE('',#1472,#1481,#140,.T.);
#1803=EDGE_CURVE('',#1482,#1483,#141,.T.);
#1804=EDGE_CURVE('',#1483,#1484,#806,.T.);
#1805=EDGE_CURVE('',#1484,#1485,#142,.T.);
#1806=EDGE_CURVE('',#1485,#1482,#807,.T.);
#1807=EDGE_CURVE('',#1485,#1486,#808,.T.);
#1808=EDGE_CURVE('',#1487,#1486,#809,.T.);
#1809=EDGE_CURVE('',#1482,#1487,#810,.T.);
#1810=EDGE_CURVE('',#1484,#1488,#811,.T.);
#1811=EDGE_CURVE('',#1489,#1488,#812,.T.);
#1812=EDGE_CURVE('',#1490,#1489,#813,.T.);
#1813=EDGE_CURVE('',#1486,#1490,#143,.T.);
#1814=EDGE_CURVE('',#1491,#1487,#144,.T.);
#1815=EDGE_CURVE('',#1490,#1491,#814,.T.);
#1816=EDGE_CURVE('',#1491,#1492,#815,.T.);
#1817=EDGE_CURVE('',#1493,#1492,#816,.T.);
#1818=EDGE_CURVE('',#1493,#1483,#817,.T.);
#1819=EDGE_CURVE('',#1492,#1489,#818,.T.);
#1820=EDGE_CURVE('',#1494,#1495,#145,.T.);
#1821=EDGE_CURVE('',#1495,#1496,#819,.T.);
#1822=EDGE_CURVE('',#1496,#1497,#146,.T.);
#1823=EDGE_CURVE('',#1497,#1494,#820,.T.);
#1824=EDGE_CURVE('',#1497,#1498,#821,.T.);
#1825=EDGE_CURVE('',#1499,#1498,#822,.T.);
#1826=EDGE_CURVE('',#1494,#1499,#823,.T.);
#1827=EDGE_CURVE('',#1496,#1500,#824,.T.);
#1828=EDGE_CURVE('',#1501,#1500,#825,.T.);
#1829=EDGE_CURVE('',#1502,#1501,#826,.T.);
#1830=EDGE_CURVE('',#1498,#1502,#147,.T.);
#1831=EDGE_CURVE('',#1503,#1503,#148,.T.);
#1832=EDGE_CURVE('',#1504,#1504,#149,.T.);
#1833=EDGE_CURVE('',#1505,#1499,#150,.T.);
#1834=EDGE_CURVE('',#1502,#1505,#827,.T.);
#1835=EDGE_CURVE('',#1505,#1506,#828,.T.);
#1836=EDGE_CURVE('',#1507,#1506,#829,.T.);
#1837=EDGE_CURVE('',#1507,#1495,#830,.T.);
#1838=EDGE_CURVE('',#1508,#1508,#151,.T.);
#1839=EDGE_CURVE('',#1509,#1509,#152,.T.);
#1840=EDGE_CURVE('',#1506,#1501,#831,.T.);
#1841=EDGE_CURVE('',#1510,#1511,#153,.T.);
#1842=EDGE_CURVE('',#1511,#1512,#832,.T.);
#1843=EDGE_CURVE('',#1512,#1513,#154,.T.);
#1844=EDGE_CURVE('',#1513,#1510,#833,.T.);
#1845=EDGE_CURVE('',#1513,#1514,#834,.T.);
#1846=EDGE_CURVE('',#1515,#1514,#835,.T.);
#1847=EDGE_CURVE('',#1510,#1515,#836,.T.);
#1848=EDGE_CURVE('',#1512,#1516,#837,.T.);
#1849=EDGE_CURVE('',#1517,#1516,#838,.T.);
#1850=EDGE_CURVE('',#1518,#1517,#839,.T.);
#1851=EDGE_CURVE('',#1514,#1518,#155,.T.);
#1852=EDGE_CURVE('',#1519,#1515,#156,.T.);
#1853=EDGE_CURVE('',#1518,#1519,#840,.T.);
#1854=EDGE_CURVE('',#1519,#1520,#841,.T.);
#1855=EDGE_CURVE('',#1521,#1520,#842,.T.);
#1856=EDGE_CURVE('',#1521,#1511,#843,.T.);
#1857=EDGE_CURVE('',#1520,#1517,#844,.T.);
#1858=EDGE_CURVE('',#1522,#1523,#157,.T.);
#1859=EDGE_CURVE('',#1523,#1524,#845,.T.);
#1860=EDGE_CURVE('',#1524,#1525,#158,.T.);
#1861=EDGE_CURVE('',#1525,#1522,#846,.T.);
#1862=EDGE_CURVE('',#1525,#1526,#847,.T.);
#1863=EDGE_CURVE('',#1526,#1527,#848,.T.);
#1864=EDGE_CURVE('',#1527,#1522,#849,.T.);
#1865=EDGE_CURVE('',#1524,#1528,#850,.T.);
#1866=EDGE_CURVE('',#1529,#1528,#159,.T.);
#1867=EDGE_CURVE('',#1529,#1530,#851,.T.);
#1868=EDGE_CURVE('',#1530,#1526,#852,.T.);
#1869=EDGE_CURVE('',#1531,#1532,#160,.T.);
#1870=EDGE_CURVE('',#1532,#1529,#853,.T.);
#1871=EDGE_CURVE('',#1528,#1531,#854,.T.);
#1872=EDGE_CURVE('',#1532,#1533,#855,.T.);
#1873=EDGE_CURVE('',#1533,#1530,#856,.T.);
#1874=EDGE_CURVE('',#1534,#1535,#161,.T.);
#1875=EDGE_CURVE('',#1535,#1536,#857,.T.);
#1876=EDGE_CURVE('',#1536,#1537,#162,.T.);
#1877=EDGE_CURVE('',#1537,#1534,#858,.T.);
#1878=EDGE_CURVE('',#1537,#1538,#859,.T.);
#1879=EDGE_CURVE('',#1538,#1539,#860,.T.);
#1880=EDGE_CURVE('',#1539,#1534,#861,.T.);
#1881=EDGE_CURVE('',#1536,#1540,#862,.T.);
#1882=EDGE_CURVE('',#1541,#1540,#163,.T.);
#1883=EDGE_CURVE('',#1541,#1542,#863,.T.);
#1884=EDGE_CURVE('',#1542,#1538,#864,.T.);
#1885=EDGE_CURVE('',#1543,#1543,#164,.T.);
#1886=EDGE_CURVE('',#1544,#1544,#165,.T.);
#1887=EDGE_CURVE('',#1545,#1546,#166,.T.);
#1888=EDGE_CURVE('',#1546,#1541,#865,.T.);
#1889=EDGE_CURVE('',#1540,#1545,#866,.T.);
#1890=EDGE_CURVE('',#1546,#1547,#867,.T.);
#1891=EDGE_CURVE('',#1547,#1542,#868,.T.);
#1892=EDGE_CURVE('',#1548,#1549,#167,.T.);
#1893=EDGE_CURVE('',#1549,#1550,#869,.T.);
#1894=EDGE_CURVE('',#1550,#1551,#168,.T.);
#1895=EDGE_CURVE('',#1551,#1548,#870,.T.);
#1896=EDGE_CURVE('',#1551,#1552,#871,.T.);
#1897=EDGE_CURVE('',#1552,#1553,#872,.T.);
#1898=EDGE_CURVE('',#1553,#1548,#873,.T.);
#1899=EDGE_CURVE('',#1550,#1554,#874,.T.);
#1900=EDGE_CURVE('',#1555,#1554,#169,.T.);
#1901=EDGE_CURVE('',#1555,#1556,#875,.T.);
#1902=EDGE_CURVE('',#1556,#1552,#876,.T.);
#1903=EDGE_CURVE('',#1557,#1558,#170,.T.);
#1904=EDGE_CURVE('',#1558,#1555,#877,.T.);
#1905=EDGE_CURVE('',#1554,#1557,#878,.T.);
#1906=EDGE_CURVE('',#1558,#1559,#879,.T.);
#1907=EDGE_CURVE('',#1559,#1556,#880,.T.);
#1908=EDGE_CURVE('',#1509,#1560,#881,.T.);
#1909=EDGE_CURVE('',#1560,#1560,#171,.T.);
#1910=EDGE_CURVE('',#1560,#1504,#882,.T.);
#1911=EDGE_CURVE('',#1508,#1561,#883,.T.);
#1912=EDGE_CURVE('',#1561,#1561,#172,.T.);
#1913=EDGE_CURVE('',#1561,#1503,#884,.T.);
#1914=EDGE_CURVE('',#1506,#1562,#173,.T.);
#1915=EDGE_CURVE('',#1563,#1562,#885,.T.);
#1916=EDGE_CURVE('',#1563,#1507,#174,.T.);
#1917=EDGE_CURVE('',#1500,#1507,#886,.T.);
#1918=EDGE_CURVE('',#1564,#1563,#887,.T.);
#1919=EDGE_CURVE('',#1500,#1564,#175,.T.);
#1920=EDGE_CURVE('',#1501,#1565,#176,.T.);
#1921=EDGE_CURVE('',#1562,#1565,#888,.T.);
#1922=EDGE_CURVE('',#1565,#1564,#889,.T.);
#1923=EDGE_CURVE('',#1562,#1566,#890,.T.);
#1924=EDGE_CURVE('',#1566,#1567,#891,.T.);
#1925=EDGE_CURVE('',#1567,#1568,#892,.T.);
#1926=EDGE_CURVE('',#1568,#1569,#893,.T.);
#1927=EDGE_CURVE('',#1570,#1569,#894,.T.);
#1928=EDGE_CURVE('',#1570,#1571,#895,.T.);
#1929=EDGE_CURVE('',#1572,#1571,#896,.T.);
#1930=EDGE_CURVE('',#1572,#1573,#897,.T.);
#1931=EDGE_CURVE('',#1573,#1574,#898,.T.);
#1932=EDGE_CURVE('',#1574,#1575,#899,.T.);
#1933=EDGE_CURVE('',#1575,#1563,#900,.T.);
#1934=EDGE_CURVE('',#1576,#1565,#901,.T.);
#1935=EDGE_CURVE('',#1576,#1566,#902,.T.);
#1936=EDGE_CURVE('',#1564,#1577,#903,.T.);
#1937=EDGE_CURVE('',#1577,#1578,#904,.T.);
#1938=EDGE_CURVE('',#1578,#1579,#905,.T.);
#1939=EDGE_CURVE('',#1579,#1580,#906,.T.);
#1940=EDGE_CURVE('',#1580,#1581,#907,.T.);
#1941=EDGE_CURVE('',#1581,#1582,#908,.T.);
#1942=EDGE_CURVE('',#1583,#1582,#909,.T.);
#1943=EDGE_CURVE('',#1583,#1584,#910,.T.);
#1944=EDGE_CURVE('',#1584,#1585,#911,.T.);
#1945=EDGE_CURVE('',#1585,#1576,#912,.T.);
#1946=EDGE_CURVE('',#1492,#1573,#177,.T.);
#1947=EDGE_CURVE('',#1572,#1493,#178,.T.);
#1948=EDGE_CURVE('',#1488,#1493,#913,.T.);
#1949=EDGE_CURVE('',#1580,#1572,#914,.T.);
#1950=EDGE_CURVE('',#1488,#1580,#179,.T.);
#1951=EDGE_CURVE('',#1489,#1579,#180,.T.);
#1952=EDGE_CURVE('',#1573,#1579,#915,.T.);
#1953=EDGE_CURVE('',#1520,#1569,#181,.T.);
#1954=EDGE_CURVE('',#1568,#1521,#182,.T.);
#1955=EDGE_CURVE('',#1516,#1521,#916,.T.);
#1956=EDGE_CURVE('',#1584,#1568,#917,.T.);
#1957=EDGE_CURVE('',#1516,#1584,#183,.T.);
#1958=EDGE_CURVE('',#1517,#1583,#184,.T.);
#1959=EDGE_CURVE('',#1569,#1583,#918,.T.);
#1960=EDGE_CURVE('',#1578,#1574,#919,.T.);
#1961=EDGE_CURVE('',#1582,#1570,#920,.T.);
#1962=EDGE_CURVE('',#1585,#1567,#921,.T.);
#1963=EDGE_CURVE('',#1577,#1575,#922,.T.);
#1964=EDGE_CURVE('',#1586,#1586,#185,.T.);
#1965=EDGE_CURVE('',#1586,#1587,#923,.T.);
#1966=EDGE_CURVE('',#1587,#1587,#186,.T.);
#1967=EDGE_CURVE('',#1587,#1543,#924,.T.);
#1968=EDGE_CURVE('',#1588,#1588,#187,.T.);
#1969=EDGE_CURVE('',#1588,#1589,#925,.T.);
#1970=EDGE_CURVE('',#1589,#1589,#188,.T.);
#1971=EDGE_CURVE('',#1589,#1544,#926,.T.);
#1972=EDGE_CURVE('',#1539,#1547,#927,.T.);
#1973=EDGE_CURVE('',#1590,#1539,#189,.T.);
#1974=EDGE_CURVE('',#1591,#1590,#928,.T.);
#1975=EDGE_CURVE('',#1547,#1591,#190,.T.);
#1976=EDGE_CURVE('',#1538,#1592,#191,.T.);
#1977=EDGE_CURVE('',#1590,#1592,#929,.T.);
#1978=EDGE_CURVE('',#1593,#1591,#930,.T.);
#1979=EDGE_CURVE('',#1542,#1593,#192,.T.);
#1980=EDGE_CURVE('',#1535,#1545,#931,.T.);
#1981=EDGE_CURVE('',#1592,#1593,#932,.T.);
#1982=EDGE_CURVE('',#1593,#1594,#933,.T.);
#1983=EDGE_CURVE('',#1594,#1595,#934,.T.);
#1984=EDGE_CURVE('',#1595,#1596,#935,.T.);
#1985=EDGE_CURVE('',#1596,#1597,#936,.T.);
#1986=EDGE_CURVE('',#1597,#1598,#937,.T.);
#1987=EDGE_CURVE('',#1598,#1599,#938,.T.);
#1988=EDGE_CURVE('',#1600,#1599,#939,.T.);
#1989=EDGE_CURVE('',#1600,#1601,#940,.T.);
#1990=EDGE_CURVE('',#1601,#1602,#941,.T.);
#1991=EDGE_CURVE('',#1602,#1603,#942,.T.);
#1992=EDGE_CURVE('',#1603,#1592,#943,.T.);
#1993=EDGE_CURVE('',#1604,#1591,#944,.T.);
#1994=EDGE_CURVE('',#1594,#1604,#945,.T.);
#1995=EDGE_CURVE('',#1590,#1605,#946,.T.);
#1996=EDGE_CURVE('',#1605,#1606,#947,.T.);
#1997=EDGE_CURVE('',#1606,#1607,#948,.T.);
#1998=EDGE_CURVE('',#1607,#1608,#949,.T.);
#1999=EDGE_CURVE('',#1609,#1608,#950,.T.);
#2000=EDGE_CURVE('',#1609,#1610,#951,.T.);
#2001=EDGE_CURVE('',#1611,#1610,#952,.T.);
#2002=EDGE_CURVE('',#1611,#1612,#953,.T.);
#2003=EDGE_CURVE('',#1612,#1613,#954,.T.);
#2004=EDGE_CURVE('',#1613,#1604,#955,.T.);
#2005=EDGE_CURVE('',#1527,#1533,#956,.T.);
#2006=EDGE_CURVE('',#1608,#1527,#193,.T.);
#2007=EDGE_CURVE('',#1533,#1607,#194,.T.);
#2008=EDGE_CURVE('',#1526,#1600,#195,.T.);
#2009=EDGE_CURVE('',#1608,#1600,#957,.T.);
#2010=EDGE_CURVE('',#1601,#1607,#958,.T.);
#2011=EDGE_CURVE('',#1530,#1601,#196,.T.);
#2012=EDGE_CURVE('',#1523,#1531,#959,.T.);
#2013=EDGE_CURVE('',#1553,#1559,#960,.T.);
#2014=EDGE_CURVE('',#1612,#1553,#197,.T.);
#2015=EDGE_CURVE('',#1559,#1611,#198,.T.);
#2016=EDGE_CURVE('',#1552,#1596,#199,.T.);
#2017=EDGE_CURVE('',#1612,#1596,#961,.T.);
#2018=EDGE_CURVE('',#1597,#1611,#962,.T.);
#2019=EDGE_CURVE('',#1556,#1597,#200,.T.);
#2020=EDGE_CURVE('',#1549,#1557,#963,.T.);
#2021=EDGE_CURVE('',#1602,#1606,#964,.T.);
#2022=EDGE_CURVE('',#1610,#1598,#965,.T.);
#2023=EDGE_CURVE('',#1603,#1605,#966,.T.);
#2024=EDGE_CURVE('',#1595,#1613,#967,.T.);
#2025=EDGE_CURVE('',#1614,#1609,#201,.T.);
#2026=EDGE_CURVE('',#1615,#1614,#968,.T.);
#2027=EDGE_CURVE('',#1610,#1615,#202,.T.);
#2028=EDGE_CURVE('',#1599,#1609,#969,.T.);
#2029=EDGE_CURVE('',#1599,#1616,#203,.T.);
#2030=EDGE_CURVE('',#1614,#1616,#970,.T.);
#2031=EDGE_CURVE('',#1617,#1615,#971,.T.);
#2032=EDGE_CURVE('',#1598,#1617,#204,.T.);
#2033=EDGE_CURVE('',#1616,#1617,#972,.T.);
#2034=EDGE_CURVE('',#1618,#1570,#205,.T.);
#2035=EDGE_CURVE('',#1619,#1618,#973,.T.);
#2036=EDGE_CURVE('',#1571,#1619,#206,.T.);
#2037=EDGE_CURVE('',#1571,#1581,#974,.T.);
#2038=EDGE_CURVE('',#1582,#1620,#207,.T.);
#2039=EDGE_CURVE('',#1618,#1620,#975,.T.);
#2040=EDGE_CURVE('',#1621,#1619,#976,.T.);
#2041=EDGE_CURVE('',#1581,#1621,#208,.T.);
#2042=EDGE_CURVE('',#1620,#1621,#977,.T.);
#2043=EDGE_CURVE('',#1618,#1615,#978,.T.);
#2044=EDGE_CURVE('',#1620,#1617,#979,.T.);
#2045=EDGE_CURVE('',#1614,#1619,#980,.T.);
#2046=EDGE_CURVE('',#1616,#1621,#981,.T.);
#2047=EDGE_CURVE('',#1622,#1622,#209,.T.);
#2048=EDGE_CURVE('',#1622,#1623,#982,.T.);
#2049=EDGE_CURVE('',#1623,#1623,#210,.T.);
#2050=EDGE_CURVE('',#1624,#1624,#211,.T.);
#2051=EDGE_CURVE('',#1624,#1625,#983,.T.);
#2052=EDGE_CURVE('',#1625,#1625,#212,.T.);
#2053=EDGE_CURVE('',#1626,#1626,#213,.T.);
#2054=EDGE_CURVE('',#1626,#1627,#984,.T.);
#2055=EDGE_CURVE('',#1627,#1627,#214,.T.);
#2056=EDGE_CURVE('',#1628,#1628,#215,.T.);
#2057=EDGE_CURVE('',#1628,#1629,#985,.T.);
#2058=EDGE_CURVE('',#1629,#1629,#216,.T.);
#2059=EDGE_CURVE('',#1630,#1631,#217,.T.);
#2060=EDGE_CURVE('',#1631,#1632,#986,.T.);
#2061=EDGE_CURVE('',#1632,#1633,#218,.T.);
#2062=EDGE_CURVE('',#1633,#1630,#987,.T.);
#2063=EDGE_CURVE('',#1633,#1634,#988,.T.);
#2064=EDGE_CURVE('',#1634,#1635,#989,.T.);
#2065=EDGE_CURVE('',#1635,#1630,#990,.T.);
#2066=EDGE_CURVE('',#1632,#1636,#991,.T.);
#2067=EDGE_CURVE('',#1637,#1636,#219,.T.);
#2068=EDGE_CURVE('',#1637,#1638,#992,.T.);
#2069=EDGE_CURVE('',#1638,#1634,#993,.T.);
#2070=EDGE_CURVE('',#1639,#1640,#220,.T.);
#2071=EDGE_CURVE('',#1640,#1637,#994,.T.);
#2072=EDGE_CURVE('',#1636,#1639,#995,.T.);
#2073=EDGE_CURVE('',#1640,#1641,#996,.T.);
#2074=EDGE_CURVE('',#1641,#1638,#997,.T.);
#2075=EDGE_CURVE('',#1642,#1643,#221,.T.);
#2076=EDGE_CURVE('',#1643,#1644,#998,.T.);
#2077=EDGE_CURVE('',#1644,#1645,#222,.T.);
#2078=EDGE_CURVE('',#1645,#1642,#999,.T.);
#2079=EDGE_CURVE('',#1645,#1646,#1000,.T.);
#2080=EDGE_CURVE('',#1646,#1647,#1001,.T.);
#2081=EDGE_CURVE('',#1647,#1642,#1002,.T.);
#2082=EDGE_CURVE('',#1644,#1648,#1003,.T.);
#2083=EDGE_CURVE('',#1649,#1648,#223,.T.);
#2084=EDGE_CURVE('',#1649,#1650,#1004,.T.);
#2085=EDGE_CURVE('',#1650,#1646,#1005,.T.);
#2086=EDGE_CURVE('',#1651,#1652,#224,.T.);
#2087=EDGE_CURVE('',#1652,#1649,#1006,.T.);
#2088=EDGE_CURVE('',#1648,#1651,#1007,.T.);
#2089=EDGE_CURVE('',#1652,#1653,#1008,.T.);
#2090=EDGE_CURVE('',#1653,#1650,#1009,.T.);
#2091=EDGE_CURVE('',#1647,#1653,#1010,.T.);
#2092=EDGE_CURVE('',#1654,#1647,#225,.T.);
#2093=EDGE_CURVE('',#1655,#1654,#1011,.T.);
#2094=EDGE_CURVE('',#1653,#1655,#226,.T.);
#2095=EDGE_CURVE('',#1646,#1656,#227,.T.);
#2096=EDGE_CURVE('',#1654,#1656,#1012,.T.);
#2097=EDGE_CURVE('',#1657,#1655,#1013,.T.);
#2098=EDGE_CURVE('',#1650,#1657,#228,.T.);
#2099=EDGE_CURVE('',#1643,#1651,#1014,.T.);
#2100=EDGE_CURVE('',#1656,#1657,#1015,.T.);
#2101=EDGE_CURVE('',#1635,#1641,#1016,.T.);
#2102=EDGE_CURVE('',#1658,#1635,#229,.T.);
#2103=EDGE_CURVE('',#1659,#1658,#1017,.T.);
#2104=EDGE_CURVE('',#1641,#1659,#230,.T.);
#2105=EDGE_CURVE('',#1634,#1660,#231,.T.);
#2106=EDGE_CURVE('',#1658,#1660,#1018,.T.);
#2107=EDGE_CURVE('',#1661,#1659,#1019,.T.);
#2108=EDGE_CURVE('',#1638,#1661,#232,.T.);
#2109=EDGE_CURVE('',#1631,#1639,#1020,.T.);
#2110=EDGE_CURVE('',#1660,#1661,#1021,.T.);
#2111=EDGE_CURVE('',#1658,#1655,#1022,.T.);
#2112=EDGE_CURVE('',#1660,#1657,#1023,.T.);
#2113=EDGE_CURVE('',#1654,#1659,#1024,.T.);
#2114=EDGE_CURVE('',#1656,#1661,#1025,.T.);
#2115=EDGE_CURVE('',#1662,#1663,#1026,.T.);
#2116=EDGE_CURVE('',#1664,#1662,#1027,.T.);
#2117=EDGE_CURVE('',#1665,#1664,#1028,.T.);
#2118=EDGE_CURVE('',#1663,#1665,#1029,.T.);
#2119=EDGE_CURVE('',#1666,#1666,#233,.T.);
#2120=EDGE_CURVE('',#1667,#1665,#1030,.T.);
#2121=EDGE_CURVE('',#1664,#1668,#1031,.T.);
#2122=EDGE_CURVE('',#1668,#1669,#1032,.T.);
#2123=EDGE_CURVE('',#1669,#1670,#1033,.T.);
#2124=EDGE_CURVE('',#1670,#1671,#1034,.T.);
#2125=EDGE_CURVE('',#1671,#1672,#1035,.T.);
#2126=EDGE_CURVE('',#1672,#1673,#1036,.T.);
#2127=EDGE_CURVE('',#1673,#1674,#1037,.T.);
#2128=EDGE_CURVE('',#1674,#1675,#1038,.T.);
#2129=EDGE_CURVE('',#1675,#1676,#1039,.T.);
#2130=EDGE_CURVE('',#1676,#1667,#1040,.T.);
#2131=EDGE_CURVE('',#1662,#1677,#1041,.T.);
#2132=EDGE_CURVE('',#1677,#1678,#1042,.T.);
#2133=EDGE_CURVE('',#1668,#1678,#1043,.T.);
#2134=EDGE_CURVE('',#1679,#1680,#1044,.T.);
#2135=EDGE_CURVE('',#1670,#1679,#1045,.T.);
#2136=EDGE_CURVE('',#1680,#1669,#1046,.T.);
#2137=EDGE_CURVE('',#1679,#1681,#1047,.T.);
#2138=EDGE_CURVE('',#1681,#1682,#1048,.T.);
#2139=EDGE_CURVE('',#1671,#1682,#1049,.T.);
#2140=EDGE_CURVE('',#1683,#1680,#1050,.T.);
#2141=EDGE_CURVE('',#1683,#1681,#1051,.T.);
#2142=EDGE_CURVE('',#1684,#1685,#1052,.T.);
#2143=EDGE_CURVE('',#1673,#1684,#1053,.T.);
#2144=EDGE_CURVE('',#1685,#1672,#1054,.T.);
#2145=EDGE_CURVE('',#1684,#1686,#1055,.T.);
#2146=EDGE_CURVE('',#1686,#1687,#1056,.T.);
#2147=EDGE_CURVE('',#1674,#1687,#1057,.T.);
#2148=EDGE_CURVE('',#1688,#1685,#1058,.T.);
#2149=EDGE_CURVE('',#1688,#1686,#1059,.T.);
#2150=EDGE_CURVE('',#1682,#1688,#1060,.T.);
#2151=EDGE_CURVE('',#1689,#1690,#1061,.T.);
#2152=EDGE_CURVE('',#1676,#1689,#1062,.T.);
#2153=EDGE_CURVE('',#1690,#1675,#1063,.T.);
#2154=EDGE_CURVE('',#1689,#1691,#1064,.T.);
#2155=EDGE_CURVE('',#1691,#1692,#1065,.T.);
#2156=EDGE_CURVE('',#1692,#1667,#1066,.T.);
#2157=EDGE_CURVE('',#1693,#1690,#1067,.T.);
#2158=EDGE_CURVE('',#1693,#1691,#1068,.T.);
#2159=EDGE_CURVE('',#1687,#1693,#1069,.T.);
#2160=EDGE_CURVE('',#1694,#1663,#1070,.T.);
#2161=EDGE_CURVE('',#1694,#1677,#1071,.T.);
#2162=EDGE_CURVE('',#1692,#1694,#1072,.T.);
#2163=EDGE_CURVE('',#1678,#1683,#1073,.T.);
#2164=EDGE_CURVE('',#1695,#1696,#234,.T.);
#2165=EDGE_CURVE('',#1696,#1695,#235,.T.);
#2166=EDGE_CURVE('',#1695,#1697,#236,.T.);
#2167=EDGE_CURVE('',#1697,#1698,#237,.T.);
#2168=EDGE_CURVE('',#1698,#1697,#238,.T.);
#2169=EDGE_CURVE('',#1696,#1699,#1074,.T.);
#2170=EDGE_CURVE('',#1699,#1699,#239,.T.);
#2171=EDGE_CURVE('',#1700,#1700,#240,.T.);
#2172=EDGE_CURVE('',#1700,#1698,#1075,.T.);
#2173=EDGE_CURVE('',#1701,#1701,#241,.T.);
#2174=EDGE_CURVE('',#1701,#1700,#1076,.T.);
#2175=EDGE_CURVE('',#1702,#1702,#242,.T.);
#2176=EDGE_CURVE('',#1702,#1701,#1077,.T.);
#2177=EDGE_CURVE('',#1699,#1666,#1078,.T.);
#2178=EDGE_CURVE('',#1703,#1703,#243,.T.);
#2179=EDGE_CURVE('',#1703,#1704,#244,.T.);
#2180=EDGE_CURVE('',#1704,#1704,#245,.T.);
#2181=EDGE_CURVE('',#1705,#1705,#246,.T.);
#2182=EDGE_CURVE('',#1705,#1706,#1079,.T.);
#2183=EDGE_CURVE('',#1706,#1706,#247,.T.);
#2184=ORIENTED_EDGE('',*,*,#1707,.F.);
#2185=ORIENTED_EDGE('',*,*,#1708,.F.);
#2186=ORIENTED_EDGE('',*,*,#1709,.F.);
#2187=ORIENTED_EDGE('',*,*,#1710,.T.);
#2188=ORIENTED_EDGE('',*,*,#1711,.F.);
#2189=ORIENTED_EDGE('',*,*,#1712,.F.);
#2190=ORIENTED_EDGE('',*,*,#1713,.F.);
#2191=ORIENTED_EDGE('',*,*,#1714,.T.);
#2192=ORIENTED_EDGE('',*,*,#1715,.F.);
#2193=ORIENTED_EDGE('',*,*,#1716,.F.);
#2194=ORIENTED_EDGE('',*,*,#1717,.F.);
#2195=ORIENTED_EDGE('',*,*,#1708,.T.);
#2196=ORIENTED_EDGE('',*,*,#1718,.F.);
#2197=ORIENTED_EDGE('',*,*,#1710,.F.);
#2198=ORIENTED_EDGE('',*,*,#1719,.F.);
#2199=ORIENTED_EDGE('',*,*,#1720,.T.);
#2200=ORIENTED_EDGE('',*,*,#1721,.F.);
#2201=ORIENTED_EDGE('',*,*,#1714,.F.);
#2202=ORIENTED_EDGE('',*,*,#1722,.F.);
#2203=ORIENTED_EDGE('',*,*,#1723,.T.);
#2204=ORIENTED_EDGE('',*,*,#1724,.F.);
#2205=ORIENTED_EDGE('',*,*,#1720,.F.);
#2206=ORIENTED_EDGE('',*,*,#1725,.F.);
#2207=ORIENTED_EDGE('',*,*,#1716,.T.);
#2208=ORIENTED_EDGE('',*,*,#1726,.F.);
#2209=ORIENTED_EDGE('',*,*,#1723,.F.);
#2210=ORIENTED_EDGE('',*,*,#1727,.F.);
#2211=ORIENTED_EDGE('',*,*,#1728,.T.);
#2212=ORIENTED_EDGE('',*,*,#1729,.F.);
#2213=ORIENTED_EDGE('',*,*,#1728,.F.);
#2214=ORIENTED_EDGE('',*,*,#1730,.F.);
#2215=ORIENTED_EDGE('',*,*,#1712,.T.);
#2216=ORIENTED_EDGE('',*,*,#1731,.F.);
#2217=ORIENTED_EDGE('',*,*,#1732,.F.);
#2218=ORIENTED_EDGE('',*,*,#1733,.F.);
#2219=ORIENTED_EDGE('',*,*,#1734,.T.);
#2220=ORIENTED_EDGE('',*,*,#1735,.F.);
#2221=ORIENTED_EDGE('',*,*,#1736,.F.);
#2222=ORIENTED_EDGE('',*,*,#1737,.F.);
#2223=ORIENTED_EDGE('',*,*,#1738,.T.);
#2224=ORIENTED_EDGE('',*,*,#1739,.F.);
#2225=ORIENTED_EDGE('',*,*,#1740,.F.);
#2226=ORIENTED_EDGE('',*,*,#1741,.F.);
#2227=ORIENTED_EDGE('',*,*,#1732,.T.);
#2228=ORIENTED_EDGE('',*,*,#1742,.F.);
#2229=ORIENTED_EDGE('',*,*,#1734,.F.);
#2230=ORIENTED_EDGE('',*,*,#1743,.F.);
#2231=ORIENTED_EDGE('',*,*,#1744,.T.);
#2232=ORIENTED_EDGE('',*,*,#1745,.F.);
#2233=ORIENTED_EDGE('',*,*,#1738,.F.);
#2234=ORIENTED_EDGE('',*,*,#1746,.F.);
#2235=ORIENTED_EDGE('',*,*,#1747,.T.);
#2236=ORIENTED_EDGE('',*,*,#1748,.F.);
#2237=ORIENTED_EDGE('',*,*,#1744,.F.);
#2238=ORIENTED_EDGE('',*,*,#1749,.F.);
#2239=ORIENTED_EDGE('',*,*,#1740,.T.);
#2240=ORIENTED_EDGE('',*,*,#1750,.F.);
#2241=ORIENTED_EDGE('',*,*,#1747,.F.);
#2242=ORIENTED_EDGE('',*,*,#1751,.F.);
#2243=ORIENTED_EDGE('',*,*,#1752,.T.);
#2244=ORIENTED_EDGE('',*,*,#1753,.F.);
#2245=ORIENTED_EDGE('',*,*,#1752,.F.);
#2246=ORIENTED_EDGE('',*,*,#1754,.F.);
#2247=ORIENTED_EDGE('',*,*,#1736,.T.);
#2248=ORIENTED_EDGE('',*,*,#1755,.F.);
#2249=ORIENTED_EDGE('',*,*,#1756,.F.);
#2250=ORIENTED_EDGE('',*,*,#1757,.F.);
#2251=ORIENTED_EDGE('',*,*,#1758,.T.);
#2252=ORIENTED_EDGE('',*,*,#1759,.F.);
#2253=ORIENTED_EDGE('',*,*,#1760,.F.);
#2254=ORIENTED_EDGE('',*,*,#1761,.F.);
#2255=ORIENTED_EDGE('',*,*,#1762,.T.);
#2256=ORIENTED_EDGE('',*,*,#1763,.F.);
#2257=ORIENTED_EDGE('',*,*,#1764,.F.);
#2258=ORIENTED_EDGE('',*,*,#1765,.F.);
#2259=ORIENTED_EDGE('',*,*,#1756,.T.);
#2260=ORIENTED_EDGE('',*,*,#1766,.F.);
#2261=ORIENTED_EDGE('',*,*,#1758,.F.);
#2262=ORIENTED_EDGE('',*,*,#1767,.F.);
#2263=ORIENTED_EDGE('',*,*,#1768,.T.);
#2264=ORIENTED_EDGE('',*,*,#1769,.F.);
#2265=ORIENTED_EDGE('',*,*,#1762,.F.);
#2266=ORIENTED_EDGE('',*,*,#1770,.F.);
#2267=ORIENTED_EDGE('',*,*,#1771,.T.);
#2268=ORIENTED_EDGE('',*,*,#1772,.F.);
#2269=ORIENTED_EDGE('',*,*,#1768,.F.);
#2270=ORIENTED_EDGE('',*,*,#1773,.F.);
#2271=ORIENTED_EDGE('',*,*,#1764,.T.);
#2272=ORIENTED_EDGE('',*,*,#1774,.F.);
#2273=ORIENTED_EDGE('',*,*,#1771,.F.);
#2274=ORIENTED_EDGE('',*,*,#1775,.F.);
#2275=ORIENTED_EDGE('',*,*,#1776,.T.);
#2276=ORIENTED_EDGE('',*,*,#1777,.F.);
#2277=ORIENTED_EDGE('',*,*,#1776,.F.);
#2278=ORIENTED_EDGE('',*,*,#1778,.F.);
#2279=ORIENTED_EDGE('',*,*,#1760,.T.);
#2280=ORIENTED_EDGE('',*,*,#1779,.F.);
#2281=ORIENTED_EDGE('',*,*,#1780,.F.);
#2282=ORIENTED_EDGE('',*,*,#1781,.F.);
#2283=ORIENTED_EDGE('',*,*,#1782,.T.);
#2284=ORIENTED_EDGE('',*,*,#1783,.F.);
#2285=ORIENTED_EDGE('',*,*,#1784,.F.);
#2286=ORIENTED_EDGE('',*,*,#1785,.F.);
#2287=ORIENTED_EDGE('',*,*,#1786,.T.);
#2288=ORIENTED_EDGE('',*,*,#1787,.F.);
#2289=ORIENTED_EDGE('',*,*,#1788,.F.);
#2290=ORIENTED_EDGE('',*,*,#1789,.F.);
#2291=ORIENTED_EDGE('',*,*,#1780,.T.);
#2292=ORIENTED_EDGE('',*,*,#1790,.F.);
#2293=ORIENTED_EDGE('',*,*,#1782,.F.);
#2294=ORIENTED_EDGE('',*,*,#1791,.F.);
#2295=ORIENTED_EDGE('',*,*,#1792,.T.);
#2296=ORIENTED_EDGE('',*,*,#1793,.F.);
#2297=ORIENTED_EDGE('',*,*,#1786,.F.);
#2298=ORIENTED_EDGE('',*,*,#1794,.F.);
#2299=ORIENTED_EDGE('',*,*,#1795,.T.);
#2300=ORIENTED_EDGE('',*,*,#1796,.F.);
#2301=ORIENTED_EDGE('',*,*,#1792,.F.);
#2302=ORIENTED_EDGE('',*,*,#1797,.F.);
#2303=ORIENTED_EDGE('',*,*,#1788,.T.);
#2304=ORIENTED_EDGE('',*,*,#1798,.F.);
#2305=ORIENTED_EDGE('',*,*,#1795,.F.);
#2306=ORIENTED_EDGE('',*,*,#1799,.F.);
#2307=ORIENTED_EDGE('',*,*,#1800,.T.);
#2308=ORIENTED_EDGE('',*,*,#1801,.F.);
#2309=ORIENTED_EDGE('',*,*,#1800,.F.);
#2310=ORIENTED_EDGE('',*,*,#1802,.F.);
#2311=ORIENTED_EDGE('',*,*,#1784,.T.);
#2312=ORIENTED_EDGE('',*,*,#1803,.T.);
#2313=ORIENTED_EDGE('',*,*,#1804,.T.);
#2314=ORIENTED_EDGE('',*,*,#1805,.T.);
#2315=ORIENTED_EDGE('',*,*,#1806,.T.);
#2316=ORIENTED_EDGE('',*,*,#1806,.F.);
#2317=ORIENTED_EDGE('',*,*,#1807,.T.);
#2318=ORIENTED_EDGE('',*,*,#1808,.F.);
#2319=ORIENTED_EDGE('',*,*,#1809,.F.);
#2320=ORIENTED_EDGE('',*,*,#1805,.F.);
#2321=ORIENTED_EDGE('',*,*,#1810,.T.);
#2322=ORIENTED_EDGE('',*,*,#1811,.F.);
#2323=ORIENTED_EDGE('',*,*,#1812,.F.);
#2324=ORIENTED_EDGE('',*,*,#1813,.F.);
#2325=ORIENTED_EDGE('',*,*,#1807,.F.);
#2326=ORIENTED_EDGE('',*,*,#1814,.T.);
#2327=ORIENTED_EDGE('',*,*,#1808,.T.);
#2328=ORIENTED_EDGE('',*,*,#1813,.T.);
#2329=ORIENTED_EDGE('',*,*,#1815,.T.);
#2330=ORIENTED_EDGE('',*,*,#1803,.F.);
#2331=ORIENTED_EDGE('',*,*,#1809,.T.);
#2332=ORIENTED_EDGE('',*,*,#1814,.F.);
#2333=ORIENTED_EDGE('',*,*,#1816,.T.);
#2334=ORIENTED_EDGE('',*,*,#1817,.F.);
#2335=ORIENTED_EDGE('',*,*,#1818,.T.);
#2336=ORIENTED_EDGE('',*,*,#1815,.F.);
#2337=ORIENTED_EDGE('',*,*,#1812,.T.);
#2338=ORIENTED_EDGE('',*,*,#1819,.F.);
#2339=ORIENTED_EDGE('',*,*,#1816,.F.);
#2340=ORIENTED_EDGE('',*,*,#1820,.T.);
#2341=ORIENTED_EDGE('',*,*,#1821,.T.);
#2342=ORIENTED_EDGE('',*,*,#1822,.T.);
#2343=ORIENTED_EDGE('',*,*,#1823,.T.);
#2344=ORIENTED_EDGE('',*,*,#1823,.F.);
#2345=ORIENTED_EDGE('',*,*,#1824,.T.);
#2346=ORIENTED_EDGE('',*,*,#1825,.F.);
#2347=ORIENTED_EDGE('',*,*,#1826,.F.);
#2348=ORIENTED_EDGE('',*,*,#1822,.F.);
#2349=ORIENTED_EDGE('',*,*,#1827,.T.);
#2350=ORIENTED_EDGE('',*,*,#1828,.F.);
#2351=ORIENTED_EDGE('',*,*,#1829,.F.);
#2352=ORIENTED_EDGE('',*,*,#1830,.F.);
#2353=ORIENTED_EDGE('',*,*,#1824,.F.);
#2354=ORIENTED_EDGE('',*,*,#1831,.T.);
#2355=ORIENTED_EDGE('',*,*,#1832,.T.);
#2356=ORIENTED_EDGE('',*,*,#1833,.T.);
#2357=ORIENTED_EDGE('',*,*,#1825,.T.);
#2358=ORIENTED_EDGE('',*,*,#1830,.T.);
#2359=ORIENTED_EDGE('',*,*,#1834,.T.);
#2360=ORIENTED_EDGE('',*,*,#1820,.F.);
#2361=ORIENTED_EDGE('',*,*,#1826,.T.);
#2362=ORIENTED_EDGE('',*,*,#1833,.F.);
#2363=ORIENTED_EDGE('',*,*,#1835,.T.);
#2364=ORIENTED_EDGE('',*,*,#1836,.F.);
#2365=ORIENTED_EDGE('',*,*,#1837,.T.);
#2366=ORIENTED_EDGE('',*,*,#1838,.T.);
#2367=ORIENTED_EDGE('',*,*,#1839,.T.);
#2368=ORIENTED_EDGE('',*,*,#1834,.F.);
#2369=ORIENTED_EDGE('',*,*,#1829,.T.);
#2370=ORIENTED_EDGE('',*,*,#1840,.F.);
#2371=ORIENTED_EDGE('',*,*,#1835,.F.);
#2372=ORIENTED_EDGE('',*,*,#1841,.T.);
#2373=ORIENTED_EDGE('',*,*,#1842,.T.);
#2374=ORIENTED_EDGE('',*,*,#1843,.T.);
#2375=ORIENTED_EDGE('',*,*,#1844,.T.);
#2376=ORIENTED_EDGE('',*,*,#1844,.F.);
#2377=ORIENTED_EDGE('',*,*,#1845,.T.);
#2378=ORIENTED_EDGE('',*,*,#1846,.F.);
#2379=ORIENTED_EDGE('',*,*,#1847,.F.);
#2380=ORIENTED_EDGE('',*,*,#1843,.F.);
#2381=ORIENTED_EDGE('',*,*,#1848,.T.);
#2382=ORIENTED_EDGE('',*,*,#1849,.F.);
#2383=ORIENTED_EDGE('',*,*,#1850,.F.);
#2384=ORIENTED_EDGE('',*,*,#1851,.F.);
#2385=ORIENTED_EDGE('',*,*,#1845,.F.);
#2386=ORIENTED_EDGE('',*,*,#1852,.T.);
#2387=ORIENTED_EDGE('',*,*,#1846,.T.);
#2388=ORIENTED_EDGE('',*,*,#1851,.T.);
#2389=ORIENTED_EDGE('',*,*,#1853,.T.);
#2390=ORIENTED_EDGE('',*,*,#1841,.F.);
#2391=ORIENTED_EDGE('',*,*,#1847,.T.);
#2392=ORIENTED_EDGE('',*,*,#1852,.F.);
#2393=ORIENTED_EDGE('',*,*,#1854,.T.);
#2394=ORIENTED_EDGE('',*,*,#1855,.F.);
#2395=ORIENTED_EDGE('',*,*,#1856,.T.);
#2396=ORIENTED_EDGE('',*,*,#1853,.F.);
#2397=ORIENTED_EDGE('',*,*,#1850,.T.);
#2398=ORIENTED_EDGE('',*,*,#1857,.F.);
#2399=ORIENTED_EDGE('',*,*,#1854,.F.);
#2400=ORIENTED_EDGE('',*,*,#1858,.T.);
#2401=ORIENTED_EDGE('',*,*,#1859,.T.);
#2402=ORIENTED_EDGE('',*,*,#1860,.T.);
#2403=ORIENTED_EDGE('',*,*,#1861,.T.);
#2404=ORIENTED_EDGE('',*,*,#1861,.F.);
#2405=ORIENTED_EDGE('',*,*,#1862,.T.);
#2406=ORIENTED_EDGE('',*,*,#1863,.T.);
#2407=ORIENTED_EDGE('',*,*,#1864,.T.);
#2408=ORIENTED_EDGE('',*,*,#1860,.F.);
#2409=ORIENTED_EDGE('',*,*,#1865,.T.);
#2410=ORIENTED_EDGE('',*,*,#1866,.F.);
#2411=ORIENTED_EDGE('',*,*,#1867,.T.);
#2412=ORIENTED_EDGE('',*,*,#1868,.T.);
#2413=ORIENTED_EDGE('',*,*,#1862,.F.);
#2414=ORIENTED_EDGE('',*,*,#1869,.T.);
#2415=ORIENTED_EDGE('',*,*,#1870,.T.);
#2416=ORIENTED_EDGE('',*,*,#1866,.T.);
#2417=ORIENTED_EDGE('',*,*,#1871,.T.);
#2418=ORIENTED_EDGE('',*,*,#1870,.F.);
#2419=ORIENTED_EDGE('',*,*,#1872,.T.);
#2420=ORIENTED_EDGE('',*,*,#1873,.T.);
#2421=ORIENTED_EDGE('',*,*,#1867,.F.);
#2422=ORIENTED_EDGE('',*,*,#1874,.T.);
#2423=ORIENTED_EDGE('',*,*,#1875,.T.);
#2424=ORIENTED_EDGE('',*,*,#1876,.T.);
#2425=ORIENTED_EDGE('',*,*,#1877,.T.);
#2426=ORIENTED_EDGE('',*,*,#1877,.F.);
#2427=ORIENTED_EDGE('',*,*,#1878,.T.);
#2428=ORIENTED_EDGE('',*,*,#1879,.T.);
#2429=ORIENTED_EDGE('',*,*,#1880,.T.);
#2430=ORIENTED_EDGE('',*,*,#1876,.F.);
#2431=ORIENTED_EDGE('',*,*,#1881,.T.);
#2432=ORIENTED_EDGE('',*,*,#1882,.F.);
#2433=ORIENTED_EDGE('',*,*,#1883,.T.);
#2434=ORIENTED_EDGE('',*,*,#1884,.T.);
#2435=ORIENTED_EDGE('',*,*,#1878,.F.);
#2436=ORIENTED_EDGE('',*,*,#1885,.T.);
#2437=ORIENTED_EDGE('',*,*,#1886,.T.);
#2438=ORIENTED_EDGE('',*,*,#1887,.T.);
#2439=ORIENTED_EDGE('',*,*,#1888,.T.);
#2440=ORIENTED_EDGE('',*,*,#1882,.T.);
#2441=ORIENTED_EDGE('',*,*,#1889,.T.);
#2442=ORIENTED_EDGE('',*,*,#1888,.F.);
#2443=ORIENTED_EDGE('',*,*,#1890,.T.);
#2444=ORIENTED_EDGE('',*,*,#1891,.T.);
#2445=ORIENTED_EDGE('',*,*,#1883,.F.);
#2446=ORIENTED_EDGE('',*,*,#1892,.T.);
#2447=ORIENTED_EDGE('',*,*,#1893,.T.);
#2448=ORIENTED_EDGE('',*,*,#1894,.T.);
#2449=ORIENTED_EDGE('',*,*,#1895,.T.);
#2450=ORIENTED_EDGE('',*,*,#1895,.F.);
#2451=ORIENTED_EDGE('',*,*,#1896,.T.);
#2452=ORIENTED_EDGE('',*,*,#1897,.T.);
#2453=ORIENTED_EDGE('',*,*,#1898,.T.);
#2454=ORIENTED_EDGE('',*,*,#1894,.F.);
#2455=ORIENTED_EDGE('',*,*,#1899,.T.);
#2456=ORIENTED_EDGE('',*,*,#1900,.F.);
#2457=ORIENTED_EDGE('',*,*,#1901,.T.);
#2458=ORIENTED_EDGE('',*,*,#1902,.T.);
#2459=ORIENTED_EDGE('',*,*,#1896,.F.);
#2460=ORIENTED_EDGE('',*,*,#1903,.T.);
#2461=ORIENTED_EDGE('',*,*,#1904,.T.);
#2462=ORIENTED_EDGE('',*,*,#1900,.T.);
#2463=ORIENTED_EDGE('',*,*,#1905,.T.);
#2464=ORIENTED_EDGE('',*,*,#1904,.F.);
#2465=ORIENTED_EDGE('',*,*,#1906,.T.);
#2466=ORIENTED_EDGE('',*,*,#1907,.T.);
#2467=ORIENTED_EDGE('',*,*,#1901,.F.);
#2468=ORIENTED_EDGE('',*,*,#1839,.F.);
#2469=ORIENTED_EDGE('',*,*,#1908,.T.);
#2470=ORIENTED_EDGE('',*,*,#1909,.T.);
#2471=ORIENTED_EDGE('',*,*,#1908,.F.);
#2472=ORIENTED_EDGE('',*,*,#1909,.F.);
#2473=ORIENTED_EDGE('',*,*,#1910,.T.);
#2474=ORIENTED_EDGE('',*,*,#1832,.F.);
#2475=ORIENTED_EDGE('',*,*,#1910,.F.);
#2476=ORIENTED_EDGE('',*,*,#1838,.F.);
#2477=ORIENTED_EDGE('',*,*,#1911,.T.);
#2478=ORIENTED_EDGE('',*,*,#1912,.T.);
#2479=ORIENTED_EDGE('',*,*,#1911,.F.);
#2480=ORIENTED_EDGE('',*,*,#1912,.F.);
#2481=ORIENTED_EDGE('',*,*,#1913,.T.);
#2482=ORIENTED_EDGE('',*,*,#1831,.F.);
#2483=ORIENTED_EDGE('',*,*,#1913,.F.);
#2484=ORIENTED_EDGE('',*,*,#1836,.T.);
#2485=ORIENTED_EDGE('',*,*,#1914,.T.);
#2486=ORIENTED_EDGE('',*,*,#1915,.F.);
#2487=ORIENTED_EDGE('',*,*,#1916,.T.);
#2488=ORIENTED_EDGE('',*,*,#1917,.T.);
#2489=ORIENTED_EDGE('',*,*,#1916,.F.);
#2490=ORIENTED_EDGE('',*,*,#1918,.F.);
#2491=ORIENTED_EDGE('',*,*,#1919,.F.);
#2492=ORIENTED_EDGE('',*,*,#1840,.T.);
#2493=ORIENTED_EDGE('',*,*,#1920,.T.);
#2494=ORIENTED_EDGE('',*,*,#1921,.F.);
#2495=ORIENTED_EDGE('',*,*,#1914,.F.);
#2496=ORIENTED_EDGE('',*,*,#1821,.F.);
#2497=ORIENTED_EDGE('',*,*,#1837,.F.);
#2498=ORIENTED_EDGE('',*,*,#1917,.F.);
#2499=ORIENTED_EDGE('',*,*,#1827,.F.);
#2500=ORIENTED_EDGE('',*,*,#1828,.T.);
#2501=ORIENTED_EDGE('',*,*,#1919,.T.);
#2502=ORIENTED_EDGE('',*,*,#1922,.F.);
#2503=ORIENTED_EDGE('',*,*,#1920,.F.);
#2504=ORIENTED_EDGE('',*,*,#1915,.T.);
#2505=ORIENTED_EDGE('',*,*,#1923,.T.);
#2506=ORIENTED_EDGE('',*,*,#1924,.T.);
#2507=ORIENTED_EDGE('',*,*,#1925,.T.);
#2508=ORIENTED_EDGE('',*,*,#1926,.T.);
#2509=ORIENTED_EDGE('',*,*,#1927,.F.);
#2510=ORIENTED_EDGE('',*,*,#1928,.T.);
#2511=ORIENTED_EDGE('',*,*,#1929,.F.);
#2512=ORIENTED_EDGE('',*,*,#1930,.T.);
#2513=ORIENTED_EDGE('',*,*,#1931,.T.);
#2514=ORIENTED_EDGE('',*,*,#1932,.T.);
#2515=ORIENTED_EDGE('',*,*,#1933,.T.);
#2516=ORIENTED_EDGE('',*,*,#1726,.T.);
#2517=ORIENTED_EDGE('',*,*,#1729,.T.);
#2518=ORIENTED_EDGE('',*,*,#1711,.T.);
#2519=ORIENTED_EDGE('',*,*,#1721,.T.);
#2520=ORIENTED_EDGE('',*,*,#1750,.T.);
#2521=ORIENTED_EDGE('',*,*,#1753,.T.);
#2522=ORIENTED_EDGE('',*,*,#1735,.T.);
#2523=ORIENTED_EDGE('',*,*,#1745,.T.);
#2524=ORIENTED_EDGE('',*,*,#1774,.T.);
#2525=ORIENTED_EDGE('',*,*,#1777,.T.);
#2526=ORIENTED_EDGE('',*,*,#1759,.T.);
#2527=ORIENTED_EDGE('',*,*,#1769,.T.);
#2528=ORIENTED_EDGE('',*,*,#1798,.T.);
#2529=ORIENTED_EDGE('',*,*,#1801,.T.);
#2530=ORIENTED_EDGE('',*,*,#1783,.T.);
#2531=ORIENTED_EDGE('',*,*,#1793,.T.);
#2532=ORIENTED_EDGE('',*,*,#1921,.T.);
#2533=ORIENTED_EDGE('',*,*,#1934,.F.);
#2534=ORIENTED_EDGE('',*,*,#1935,.T.);
#2535=ORIENTED_EDGE('',*,*,#1923,.F.);
#2536=ORIENTED_EDGE('',*,*,#1922,.T.);
#2537=ORIENTED_EDGE('',*,*,#1936,.T.);
#2538=ORIENTED_EDGE('',*,*,#1937,.T.);
#2539=ORIENTED_EDGE('',*,*,#1938,.T.);
#2540=ORIENTED_EDGE('',*,*,#1939,.T.);
#2541=ORIENTED_EDGE('',*,*,#1940,.T.);
#2542=ORIENTED_EDGE('',*,*,#1941,.T.);
#2543=ORIENTED_EDGE('',*,*,#1942,.F.);
#2544=ORIENTED_EDGE('',*,*,#1943,.T.);
#2545=ORIENTED_EDGE('',*,*,#1944,.T.);
#2546=ORIENTED_EDGE('',*,*,#1945,.T.);
#2547=ORIENTED_EDGE('',*,*,#1934,.T.);
#2548=ORIENTED_EDGE('',*,*,#1727,.T.);
#2549=ORIENTED_EDGE('',*,*,#1722,.T.);
#2550=ORIENTED_EDGE('',*,*,#1713,.T.);
#2551=ORIENTED_EDGE('',*,*,#1730,.T.);
#2552=ORIENTED_EDGE('',*,*,#1751,.T.);
#2553=ORIENTED_EDGE('',*,*,#1746,.T.);
#2554=ORIENTED_EDGE('',*,*,#1737,.T.);
#2555=ORIENTED_EDGE('',*,*,#1754,.T.);
#2556=ORIENTED_EDGE('',*,*,#1775,.T.);
#2557=ORIENTED_EDGE('',*,*,#1770,.T.);
#2558=ORIENTED_EDGE('',*,*,#1761,.T.);
#2559=ORIENTED_EDGE('',*,*,#1778,.T.);
#2560=ORIENTED_EDGE('',*,*,#1799,.T.);
#2561=ORIENTED_EDGE('',*,*,#1794,.T.);
#2562=ORIENTED_EDGE('',*,*,#1785,.T.);
#2563=ORIENTED_EDGE('',*,*,#1802,.T.);
#2564=ORIENTED_EDGE('',*,*,#1817,.T.);
#2565=ORIENTED_EDGE('',*,*,#1946,.T.);
#2566=ORIENTED_EDGE('',*,*,#1930,.F.);
#2567=ORIENTED_EDGE('',*,*,#1947,.T.);
#2568=ORIENTED_EDGE('',*,*,#1948,.T.);
#2569=ORIENTED_EDGE('',*,*,#1947,.F.);
#2570=ORIENTED_EDGE('',*,*,#1949,.F.);
#2571=ORIENTED_EDGE('',*,*,#1950,.F.);
#2572=ORIENTED_EDGE('',*,*,#1819,.T.);
#2573=ORIENTED_EDGE('',*,*,#1951,.T.);
#2574=ORIENTED_EDGE('',*,*,#1952,.F.);
#2575=ORIENTED_EDGE('',*,*,#1946,.F.);
#2576=ORIENTED_EDGE('',*,*,#1804,.F.);
#2577=ORIENTED_EDGE('',*,*,#1818,.F.);
#2578=ORIENTED_EDGE('',*,*,#1948,.F.);
#2579=ORIENTED_EDGE('',*,*,#1810,.F.);
#2580=ORIENTED_EDGE('',*,*,#1811,.T.);
#2581=ORIENTED_EDGE('',*,*,#1950,.T.);
#2582=ORIENTED_EDGE('',*,*,#1939,.F.);
#2583=ORIENTED_EDGE('',*,*,#1951,.F.);
#2584=ORIENTED_EDGE('',*,*,#1855,.T.);
#2585=ORIENTED_EDGE('',*,*,#1953,.T.);
#2586=ORIENTED_EDGE('',*,*,#1926,.F.);
#2587=ORIENTED_EDGE('',*,*,#1954,.T.);
#2588=ORIENTED_EDGE('',*,*,#1955,.T.);
#2589=ORIENTED_EDGE('',*,*,#1954,.F.);
#2590=ORIENTED_EDGE('',*,*,#1956,.F.);
#2591=ORIENTED_EDGE('',*,*,#1957,.F.);
#2592=ORIENTED_EDGE('',*,*,#1857,.T.);
#2593=ORIENTED_EDGE('',*,*,#1958,.T.);
#2594=ORIENTED_EDGE('',*,*,#1959,.F.);
#2595=ORIENTED_EDGE('',*,*,#1953,.F.);
#2596=ORIENTED_EDGE('',*,*,#1842,.F.);
#2597=ORIENTED_EDGE('',*,*,#1856,.F.);
#2598=ORIENTED_EDGE('',*,*,#1955,.F.);
#2599=ORIENTED_EDGE('',*,*,#1848,.F.);
#2600=ORIENTED_EDGE('',*,*,#1849,.T.);
#2601=ORIENTED_EDGE('',*,*,#1957,.T.);
#2602=ORIENTED_EDGE('',*,*,#1943,.F.);
#2603=ORIENTED_EDGE('',*,*,#1958,.F.);
#2604=ORIENTED_EDGE('',*,*,#1952,.T.);
#2605=ORIENTED_EDGE('',*,*,#1938,.F.);
#2606=ORIENTED_EDGE('',*,*,#1960,.T.);
#2607=ORIENTED_EDGE('',*,*,#1931,.F.);
#2608=ORIENTED_EDGE('',*,*,#1959,.T.);
#2609=ORIENTED_EDGE('',*,*,#1942,.T.);
#2610=ORIENTED_EDGE('',*,*,#1961,.T.);
#2611=ORIENTED_EDGE('',*,*,#1927,.T.);
#2612=ORIENTED_EDGE('',*,*,#1924,.F.);
#2613=ORIENTED_EDGE('',*,*,#1935,.F.);
#2614=ORIENTED_EDGE('',*,*,#1945,.F.);
#2615=ORIENTED_EDGE('',*,*,#1962,.T.);
#2616=ORIENTED_EDGE('',*,*,#1956,.T.);
#2617=ORIENTED_EDGE('',*,*,#1925,.F.);
#2618=ORIENTED_EDGE('',*,*,#1962,.F.);
#2619=ORIENTED_EDGE('',*,*,#1944,.F.);
#2620=ORIENTED_EDGE('',*,*,#1932,.F.);
#2621=ORIENTED_EDGE('',*,*,#1960,.F.);
#2622=ORIENTED_EDGE('',*,*,#1937,.F.);
#2623=ORIENTED_EDGE('',*,*,#1963,.T.);
#2624=ORIENTED_EDGE('',*,*,#1918,.T.);
#2625=ORIENTED_EDGE('',*,*,#1933,.F.);
#2626=ORIENTED_EDGE('',*,*,#1963,.F.);
#2627=ORIENTED_EDGE('',*,*,#1936,.F.);
#2628=ORIENTED_EDGE('',*,*,#1964,.F.);
#2629=ORIENTED_EDGE('',*,*,#1965,.T.);
#2630=ORIENTED_EDGE('',*,*,#1966,.F.);
#2631=ORIENTED_EDGE('',*,*,#1965,.F.);
#2632=ORIENTED_EDGE('',*,*,#1966,.T.);
#2633=ORIENTED_EDGE('',*,*,#1967,.T.);
#2634=ORIENTED_EDGE('',*,*,#1885,.F.);
#2635=ORIENTED_EDGE('',*,*,#1967,.F.);
#2636=ORIENTED_EDGE('',*,*,#1968,.F.);
#2637=ORIENTED_EDGE('',*,*,#1969,.T.);
#2638=ORIENTED_EDGE('',*,*,#1970,.F.);
#2639=ORIENTED_EDGE('',*,*,#1969,.F.);
#2640=ORIENTED_EDGE('',*,*,#1970,.T.);
#2641=ORIENTED_EDGE('',*,*,#1971,.T.);
#2642=ORIENTED_EDGE('',*,*,#1886,.F.);
#2643=ORIENTED_EDGE('',*,*,#1971,.F.);
#2644=ORIENTED_EDGE('',*,*,#1972,.F.);
#2645=ORIENTED_EDGE('',*,*,#1973,.F.);
#2646=ORIENTED_EDGE('',*,*,#1974,.F.);
#2647=ORIENTED_EDGE('',*,*,#1975,.F.);
#2648=ORIENTED_EDGE('',*,*,#1879,.F.);
#2649=ORIENTED_EDGE('',*,*,#1976,.T.);
#2650=ORIENTED_EDGE('',*,*,#1977,.F.);
#2651=ORIENTED_EDGE('',*,*,#1973,.T.);
#2652=ORIENTED_EDGE('',*,*,#1891,.F.);
#2653=ORIENTED_EDGE('',*,*,#1975,.T.);
#2654=ORIENTED_EDGE('',*,*,#1978,.F.);
#2655=ORIENTED_EDGE('',*,*,#1979,.F.);
#2656=ORIENTED_EDGE('',*,*,#1875,.F.);
#2657=ORIENTED_EDGE('',*,*,#1980,.T.);
#2658=ORIENTED_EDGE('',*,*,#1889,.F.);
#2659=ORIENTED_EDGE('',*,*,#1881,.F.);
#2660=ORIENTED_EDGE('',*,*,#1874,.F.);
#2661=ORIENTED_EDGE('',*,*,#1880,.F.);
#2662=ORIENTED_EDGE('',*,*,#1972,.T.);
#2663=ORIENTED_EDGE('',*,*,#1890,.F.);
#2664=ORIENTED_EDGE('',*,*,#1887,.F.);
#2665=ORIENTED_EDGE('',*,*,#1980,.F.);
#2666=ORIENTED_EDGE('',*,*,#1964,.T.);
#2667=ORIENTED_EDGE('',*,*,#1968,.T.);
#2668=ORIENTED_EDGE('',*,*,#1884,.F.);
#2669=ORIENTED_EDGE('',*,*,#1979,.T.);
#2670=ORIENTED_EDGE('',*,*,#1981,.F.);
#2671=ORIENTED_EDGE('',*,*,#1976,.F.);
#2672=ORIENTED_EDGE('',*,*,#1981,.T.);
#2673=ORIENTED_EDGE('',*,*,#1982,.T.);
#2674=ORIENTED_EDGE('',*,*,#1983,.T.);
#2675=ORIENTED_EDGE('',*,*,#1984,.T.);
#2676=ORIENTED_EDGE('',*,*,#1985,.T.);
#2677=ORIENTED_EDGE('',*,*,#1986,.T.);
#2678=ORIENTED_EDGE('',*,*,#1987,.T.);
#2679=ORIENTED_EDGE('',*,*,#1988,.F.);
#2680=ORIENTED_EDGE('',*,*,#1989,.T.);
#2681=ORIENTED_EDGE('',*,*,#1990,.T.);
#2682=ORIENTED_EDGE('',*,*,#1991,.T.);
#2683=ORIENTED_EDGE('',*,*,#1992,.T.);
#2684=ORIENTED_EDGE('',*,*,#1724,.T.);
#2685=ORIENTED_EDGE('',*,*,#1715,.T.);
#2686=ORIENTED_EDGE('',*,*,#1707,.T.);
#2687=ORIENTED_EDGE('',*,*,#1718,.T.);
#2688=ORIENTED_EDGE('',*,*,#1748,.T.);
#2689=ORIENTED_EDGE('',*,*,#1739,.T.);
#2690=ORIENTED_EDGE('',*,*,#1731,.T.);
#2691=ORIENTED_EDGE('',*,*,#1742,.T.);
#2692=ORIENTED_EDGE('',*,*,#1772,.T.);
#2693=ORIENTED_EDGE('',*,*,#1763,.T.);
#2694=ORIENTED_EDGE('',*,*,#1755,.T.);
#2695=ORIENTED_EDGE('',*,*,#1766,.T.);
#2696=ORIENTED_EDGE('',*,*,#1796,.T.);
#2697=ORIENTED_EDGE('',*,*,#1787,.T.);
#2698=ORIENTED_EDGE('',*,*,#1779,.T.);
#2699=ORIENTED_EDGE('',*,*,#1790,.T.);
#2700=ORIENTED_EDGE('',*,*,#1978,.T.);
#2701=ORIENTED_EDGE('',*,*,#1993,.F.);
#2702=ORIENTED_EDGE('',*,*,#1994,.F.);
#2703=ORIENTED_EDGE('',*,*,#1982,.F.);
#2704=ORIENTED_EDGE('',*,*,#1974,.T.);
#2705=ORIENTED_EDGE('',*,*,#1995,.T.);
#2706=ORIENTED_EDGE('',*,*,#1996,.T.);
#2707=ORIENTED_EDGE('',*,*,#1997,.T.);
#2708=ORIENTED_EDGE('',*,*,#1998,.T.);
#2709=ORIENTED_EDGE('',*,*,#1999,.F.);
#2710=ORIENTED_EDGE('',*,*,#2000,.T.);
#2711=ORIENTED_EDGE('',*,*,#2001,.F.);
#2712=ORIENTED_EDGE('',*,*,#2002,.T.);
#2713=ORIENTED_EDGE('',*,*,#2003,.T.);
#2714=ORIENTED_EDGE('',*,*,#2004,.T.);
#2715=ORIENTED_EDGE('',*,*,#1993,.T.);
#2716=ORIENTED_EDGE('',*,*,#1725,.T.);
#2717=ORIENTED_EDGE('',*,*,#1719,.T.);
#2718=ORIENTED_EDGE('',*,*,#1709,.T.);
#2719=ORIENTED_EDGE('',*,*,#1717,.T.);
#2720=ORIENTED_EDGE('',*,*,#1749,.T.);
#2721=ORIENTED_EDGE('',*,*,#1743,.T.);
#2722=ORIENTED_EDGE('',*,*,#1733,.T.);
#2723=ORIENTED_EDGE('',*,*,#1741,.T.);
#2724=ORIENTED_EDGE('',*,*,#1773,.T.);
#2725=ORIENTED_EDGE('',*,*,#1767,.T.);
#2726=ORIENTED_EDGE('',*,*,#1757,.T.);
#2727=ORIENTED_EDGE('',*,*,#1765,.T.);
#2728=ORIENTED_EDGE('',*,*,#1797,.T.);
#2729=ORIENTED_EDGE('',*,*,#1791,.T.);
#2730=ORIENTED_EDGE('',*,*,#1781,.T.);
#2731=ORIENTED_EDGE('',*,*,#1789,.T.);
#2732=ORIENTED_EDGE('',*,*,#2005,.F.);
#2733=ORIENTED_EDGE('',*,*,#2006,.F.);
#2734=ORIENTED_EDGE('',*,*,#1998,.F.);
#2735=ORIENTED_EDGE('',*,*,#2007,.F.);
#2736=ORIENTED_EDGE('',*,*,#1863,.F.);
#2737=ORIENTED_EDGE('',*,*,#2008,.T.);
#2738=ORIENTED_EDGE('',*,*,#2009,.F.);
#2739=ORIENTED_EDGE('',*,*,#2006,.T.);
#2740=ORIENTED_EDGE('',*,*,#1873,.F.);
#2741=ORIENTED_EDGE('',*,*,#2007,.T.);
#2742=ORIENTED_EDGE('',*,*,#2010,.F.);
#2743=ORIENTED_EDGE('',*,*,#2011,.F.);
#2744=ORIENTED_EDGE('',*,*,#1859,.F.);
#2745=ORIENTED_EDGE('',*,*,#2012,.T.);
#2746=ORIENTED_EDGE('',*,*,#1871,.F.);
#2747=ORIENTED_EDGE('',*,*,#1865,.F.);
#2748=ORIENTED_EDGE('',*,*,#1858,.F.);
#2749=ORIENTED_EDGE('',*,*,#1864,.F.);
#2750=ORIENTED_EDGE('',*,*,#2005,.T.);
#2751=ORIENTED_EDGE('',*,*,#1872,.F.);
#2752=ORIENTED_EDGE('',*,*,#1869,.F.);
#2753=ORIENTED_EDGE('',*,*,#2012,.F.);
#2754=ORIENTED_EDGE('',*,*,#1868,.F.);
#2755=ORIENTED_EDGE('',*,*,#2011,.T.);
#2756=ORIENTED_EDGE('',*,*,#1989,.F.);
#2757=ORIENTED_EDGE('',*,*,#2008,.F.);
#2758=ORIENTED_EDGE('',*,*,#2013,.F.);
#2759=ORIENTED_EDGE('',*,*,#2014,.F.);
#2760=ORIENTED_EDGE('',*,*,#2002,.F.);
#2761=ORIENTED_EDGE('',*,*,#2015,.F.);
#2762=ORIENTED_EDGE('',*,*,#1897,.F.);
#2763=ORIENTED_EDGE('',*,*,#2016,.T.);
#2764=ORIENTED_EDGE('',*,*,#2017,.F.);
#2765=ORIENTED_EDGE('',*,*,#2014,.T.);
#2766=ORIENTED_EDGE('',*,*,#1907,.F.);
#2767=ORIENTED_EDGE('',*,*,#2015,.T.);
#2768=ORIENTED_EDGE('',*,*,#2018,.F.);
#2769=ORIENTED_EDGE('',*,*,#2019,.F.);
#2770=ORIENTED_EDGE('',*,*,#1893,.F.);
#2771=ORIENTED_EDGE('',*,*,#2020,.T.);
#2772=ORIENTED_EDGE('',*,*,#1905,.F.);
#2773=ORIENTED_EDGE('',*,*,#1899,.F.);
#2774=ORIENTED_EDGE('',*,*,#1892,.F.);
#2775=ORIENTED_EDGE('',*,*,#1898,.F.);
#2776=ORIENTED_EDGE('',*,*,#2013,.T.);
#2777=ORIENTED_EDGE('',*,*,#1906,.F.);
#2778=ORIENTED_EDGE('',*,*,#1903,.F.);
#2779=ORIENTED_EDGE('',*,*,#2020,.F.);
#2780=ORIENTED_EDGE('',*,*,#1902,.F.);
#2781=ORIENTED_EDGE('',*,*,#2019,.T.);
#2782=ORIENTED_EDGE('',*,*,#1985,.F.);
#2783=ORIENTED_EDGE('',*,*,#2016,.F.);
#2784=ORIENTED_EDGE('',*,*,#2010,.T.);
#2785=ORIENTED_EDGE('',*,*,#1997,.F.);
#2786=ORIENTED_EDGE('',*,*,#2021,.F.);
#2787=ORIENTED_EDGE('',*,*,#1990,.F.);
#2788=ORIENTED_EDGE('',*,*,#2018,.T.);
#2789=ORIENTED_EDGE('',*,*,#2001,.T.);
#2790=ORIENTED_EDGE('',*,*,#2022,.T.);
#2791=ORIENTED_EDGE('',*,*,#1986,.F.);
#2792=ORIENTED_EDGE('',*,*,#1977,.T.);
#2793=ORIENTED_EDGE('',*,*,#1992,.F.);
#2794=ORIENTED_EDGE('',*,*,#2023,.T.);
#2795=ORIENTED_EDGE('',*,*,#1995,.F.);
#2796=ORIENTED_EDGE('',*,*,#1996,.F.);
#2797=ORIENTED_EDGE('',*,*,#2023,.F.);
#2798=ORIENTED_EDGE('',*,*,#1991,.F.);
#2799=ORIENTED_EDGE('',*,*,#2021,.T.);
#2800=ORIENTED_EDGE('',*,*,#2017,.T.);
#2801=ORIENTED_EDGE('',*,*,#1984,.F.);
#2802=ORIENTED_EDGE('',*,*,#2024,.T.);
#2803=ORIENTED_EDGE('',*,*,#2003,.F.);
#2804=ORIENTED_EDGE('',*,*,#2004,.F.);
#2805=ORIENTED_EDGE('',*,*,#2024,.F.);
#2806=ORIENTED_EDGE('',*,*,#1983,.F.);
#2807=ORIENTED_EDGE('',*,*,#1994,.T.);
#2808=ORIENTED_EDGE('',*,*,#2000,.F.);
#2809=ORIENTED_EDGE('',*,*,#2025,.F.);
#2810=ORIENTED_EDGE('',*,*,#2026,.F.);
#2811=ORIENTED_EDGE('',*,*,#2027,.F.);
#2812=ORIENTED_EDGE('',*,*,#2028,.F.);
#2813=ORIENTED_EDGE('',*,*,#2029,.T.);
#2814=ORIENTED_EDGE('',*,*,#2030,.F.);
#2815=ORIENTED_EDGE('',*,*,#2025,.T.);
#2816=ORIENTED_EDGE('',*,*,#2022,.F.);
#2817=ORIENTED_EDGE('',*,*,#2027,.T.);
#2818=ORIENTED_EDGE('',*,*,#2031,.F.);
#2819=ORIENTED_EDGE('',*,*,#2032,.F.);
#2820=ORIENTED_EDGE('',*,*,#2009,.T.);
#2821=ORIENTED_EDGE('',*,*,#1988,.T.);
#2822=ORIENTED_EDGE('',*,*,#2028,.T.);
#2823=ORIENTED_EDGE('',*,*,#1999,.T.);
#2824=ORIENTED_EDGE('',*,*,#1987,.F.);
#2825=ORIENTED_EDGE('',*,*,#2032,.T.);
#2826=ORIENTED_EDGE('',*,*,#2033,.F.);
#2827=ORIENTED_EDGE('',*,*,#2029,.F.);
#2828=ORIENTED_EDGE('',*,*,#1928,.F.);
#2829=ORIENTED_EDGE('',*,*,#2034,.F.);
#2830=ORIENTED_EDGE('',*,*,#2035,.F.);
#2831=ORIENTED_EDGE('',*,*,#2036,.F.);
#2832=ORIENTED_EDGE('',*,*,#1949,.T.);
#2833=ORIENTED_EDGE('',*,*,#1929,.T.);
#2834=ORIENTED_EDGE('',*,*,#2037,.T.);
#2835=ORIENTED_EDGE('',*,*,#1940,.F.);
#2836=ORIENTED_EDGE('',*,*,#1961,.F.);
#2837=ORIENTED_EDGE('',*,*,#2038,.T.);
#2838=ORIENTED_EDGE('',*,*,#2039,.F.);
#2839=ORIENTED_EDGE('',*,*,#2034,.T.);
#2840=ORIENTED_EDGE('',*,*,#2037,.F.);
#2841=ORIENTED_EDGE('',*,*,#2036,.T.);
#2842=ORIENTED_EDGE('',*,*,#2040,.F.);
#2843=ORIENTED_EDGE('',*,*,#2041,.F.);
#2844=ORIENTED_EDGE('',*,*,#1941,.F.);
#2845=ORIENTED_EDGE('',*,*,#2041,.T.);
#2846=ORIENTED_EDGE('',*,*,#2042,.F.);
#2847=ORIENTED_EDGE('',*,*,#2038,.F.);
#2848=ORIENTED_EDGE('',*,*,#2031,.T.);
#2849=ORIENTED_EDGE('',*,*,#2043,.F.);
#2850=ORIENTED_EDGE('',*,*,#2039,.T.);
#2851=ORIENTED_EDGE('',*,*,#2044,.T.);
#2852=ORIENTED_EDGE('',*,*,#2026,.T.);
#2853=ORIENTED_EDGE('',*,*,#2045,.T.);
#2854=ORIENTED_EDGE('',*,*,#2035,.T.);
#2855=ORIENTED_EDGE('',*,*,#2043,.T.);
#2856=ORIENTED_EDGE('',*,*,#2030,.T.);
#2857=ORIENTED_EDGE('',*,*,#2046,.T.);
#2858=ORIENTED_EDGE('',*,*,#2040,.T.);
#2859=ORIENTED_EDGE('',*,*,#2045,.F.);
#2860=ORIENTED_EDGE('',*,*,#2033,.T.);
#2861=ORIENTED_EDGE('',*,*,#2044,.F.);
#2862=ORIENTED_EDGE('',*,*,#2042,.T.);
#2863=ORIENTED_EDGE('',*,*,#2046,.F.);
#2864=ORIENTED_EDGE('',*,*,#2047,.F.);
#2865=ORIENTED_EDGE('',*,*,#2048,.T.);
#2866=ORIENTED_EDGE('',*,*,#2049,.F.);
#2867=ORIENTED_EDGE('',*,*,#2048,.F.);
#2868=ORIENTED_EDGE('',*,*,#2050,.F.);
#2869=ORIENTED_EDGE('',*,*,#2051,.T.);
#2870=ORIENTED_EDGE('',*,*,#2052,.F.);
#2871=ORIENTED_EDGE('',*,*,#2051,.F.);
#2872=ORIENTED_EDGE('',*,*,#2053,.F.);
#2873=ORIENTED_EDGE('',*,*,#2054,.T.);
#2874=ORIENTED_EDGE('',*,*,#2055,.F.);
#2875=ORIENTED_EDGE('',*,*,#2054,.F.);
#2876=ORIENTED_EDGE('',*,*,#2056,.F.);
#2877=ORIENTED_EDGE('',*,*,#2057,.T.);
#2878=ORIENTED_EDGE('',*,*,#2058,.F.);
#2879=ORIENTED_EDGE('',*,*,#2057,.F.);
#2880=ORIENTED_EDGE('',*,*,#2059,.T.);
#2881=ORIENTED_EDGE('',*,*,#2060,.T.);
#2882=ORIENTED_EDGE('',*,*,#2061,.T.);
#2883=ORIENTED_EDGE('',*,*,#2062,.T.);
#2884=ORIENTED_EDGE('',*,*,#2062,.F.);
#2885=ORIENTED_EDGE('',*,*,#2063,.T.);
#2886=ORIENTED_EDGE('',*,*,#2064,.T.);
#2887=ORIENTED_EDGE('',*,*,#2065,.T.);
#2888=ORIENTED_EDGE('',*,*,#2061,.F.);
#2889=ORIENTED_EDGE('',*,*,#2066,.T.);
#2890=ORIENTED_EDGE('',*,*,#2067,.F.);
#2891=ORIENTED_EDGE('',*,*,#2068,.T.);
#2892=ORIENTED_EDGE('',*,*,#2069,.T.);
#2893=ORIENTED_EDGE('',*,*,#2063,.F.);
#2894=ORIENTED_EDGE('',*,*,#2070,.T.);
#2895=ORIENTED_EDGE('',*,*,#2071,.T.);
#2896=ORIENTED_EDGE('',*,*,#2067,.T.);
#2897=ORIENTED_EDGE('',*,*,#2072,.T.);
#2898=ORIENTED_EDGE('',*,*,#2071,.F.);
#2899=ORIENTED_EDGE('',*,*,#2073,.T.);
#2900=ORIENTED_EDGE('',*,*,#2074,.T.);
#2901=ORIENTED_EDGE('',*,*,#2068,.F.);
#2902=ORIENTED_EDGE('',*,*,#2075,.T.);
#2903=ORIENTED_EDGE('',*,*,#2076,.T.);
#2904=ORIENTED_EDGE('',*,*,#2077,.T.);
#2905=ORIENTED_EDGE('',*,*,#2078,.T.);
#2906=ORIENTED_EDGE('',*,*,#2078,.F.);
#2907=ORIENTED_EDGE('',*,*,#2079,.T.);
#2908=ORIENTED_EDGE('',*,*,#2080,.T.);
#2909=ORIENTED_EDGE('',*,*,#2081,.T.);
#2910=ORIENTED_EDGE('',*,*,#2077,.F.);
#2911=ORIENTED_EDGE('',*,*,#2082,.T.);
#2912=ORIENTED_EDGE('',*,*,#2083,.F.);
#2913=ORIENTED_EDGE('',*,*,#2084,.T.);
#2914=ORIENTED_EDGE('',*,*,#2085,.T.);
#2915=ORIENTED_EDGE('',*,*,#2079,.F.);
#2916=ORIENTED_EDGE('',*,*,#2086,.T.);
#2917=ORIENTED_EDGE('',*,*,#2087,.T.);
#2918=ORIENTED_EDGE('',*,*,#2083,.T.);
#2919=ORIENTED_EDGE('',*,*,#2088,.T.);
#2920=ORIENTED_EDGE('',*,*,#2087,.F.);
#2921=ORIENTED_EDGE('',*,*,#2089,.T.);
#2922=ORIENTED_EDGE('',*,*,#2090,.T.);
#2923=ORIENTED_EDGE('',*,*,#2084,.F.);
#2924=ORIENTED_EDGE('',*,*,#2091,.F.);
#2925=ORIENTED_EDGE('',*,*,#2092,.F.);
#2926=ORIENTED_EDGE('',*,*,#2093,.F.);
#2927=ORIENTED_EDGE('',*,*,#2094,.F.);
#2928=ORIENTED_EDGE('',*,*,#2080,.F.);
#2929=ORIENTED_EDGE('',*,*,#2095,.T.);
#2930=ORIENTED_EDGE('',*,*,#2096,.F.);
#2931=ORIENTED_EDGE('',*,*,#2092,.T.);
#2932=ORIENTED_EDGE('',*,*,#2090,.F.);
#2933=ORIENTED_EDGE('',*,*,#2094,.T.);
#2934=ORIENTED_EDGE('',*,*,#2097,.F.);
#2935=ORIENTED_EDGE('',*,*,#2098,.F.);
#2936=ORIENTED_EDGE('',*,*,#2076,.F.);
#2937=ORIENTED_EDGE('',*,*,#2099,.T.);
#2938=ORIENTED_EDGE('',*,*,#2088,.F.);
#2939=ORIENTED_EDGE('',*,*,#2082,.F.);
#2940=ORIENTED_EDGE('',*,*,#2075,.F.);
#2941=ORIENTED_EDGE('',*,*,#2081,.F.);
#2942=ORIENTED_EDGE('',*,*,#2091,.T.);
#2943=ORIENTED_EDGE('',*,*,#2089,.F.);
#2944=ORIENTED_EDGE('',*,*,#2086,.F.);
#2945=ORIENTED_EDGE('',*,*,#2099,.F.);
#2946=ORIENTED_EDGE('',*,*,#2085,.F.);
#2947=ORIENTED_EDGE('',*,*,#2098,.T.);
#2948=ORIENTED_EDGE('',*,*,#2100,.F.);
#2949=ORIENTED_EDGE('',*,*,#2095,.F.);
#2950=ORIENTED_EDGE('',*,*,#2101,.F.);
#2951=ORIENTED_EDGE('',*,*,#2102,.F.);
#2952=ORIENTED_EDGE('',*,*,#2103,.F.);
#2953=ORIENTED_EDGE('',*,*,#2104,.F.);
#2954=ORIENTED_EDGE('',*,*,#2064,.F.);
#2955=ORIENTED_EDGE('',*,*,#2105,.T.);
#2956=ORIENTED_EDGE('',*,*,#2106,.F.);
#2957=ORIENTED_EDGE('',*,*,#2102,.T.);
#2958=ORIENTED_EDGE('',*,*,#2074,.F.);
#2959=ORIENTED_EDGE('',*,*,#2104,.T.);
#2960=ORIENTED_EDGE('',*,*,#2107,.F.);
#2961=ORIENTED_EDGE('',*,*,#2108,.F.);
#2962=ORIENTED_EDGE('',*,*,#2060,.F.);
#2963=ORIENTED_EDGE('',*,*,#2109,.T.);
#2964=ORIENTED_EDGE('',*,*,#2072,.F.);
#2965=ORIENTED_EDGE('',*,*,#2066,.F.);
#2966=ORIENTED_EDGE('',*,*,#2059,.F.);
#2967=ORIENTED_EDGE('',*,*,#2065,.F.);
#2968=ORIENTED_EDGE('',*,*,#2101,.T.);
#2969=ORIENTED_EDGE('',*,*,#2073,.F.);
#2970=ORIENTED_EDGE('',*,*,#2070,.F.);
#2971=ORIENTED_EDGE('',*,*,#2109,.F.);
#2972=ORIENTED_EDGE('',*,*,#2069,.F.);
#2973=ORIENTED_EDGE('',*,*,#2108,.T.);
#2974=ORIENTED_EDGE('',*,*,#2110,.F.);
#2975=ORIENTED_EDGE('',*,*,#2105,.F.);
#2976=ORIENTED_EDGE('',*,*,#2097,.T.);
#2977=ORIENTED_EDGE('',*,*,#2111,.F.);
#2978=ORIENTED_EDGE('',*,*,#2106,.T.);
#2979=ORIENTED_EDGE('',*,*,#2112,.T.);
#2980=ORIENTED_EDGE('',*,*,#2093,.T.);
#2981=ORIENTED_EDGE('',*,*,#2113,.T.);
#2982=ORIENTED_EDGE('',*,*,#2103,.T.);
#2983=ORIENTED_EDGE('',*,*,#2111,.T.);
#2984=ORIENTED_EDGE('',*,*,#2047,.T.);
#2985=ORIENTED_EDGE('',*,*,#2050,.T.);
#2986=ORIENTED_EDGE('',*,*,#2053,.T.);
#2987=ORIENTED_EDGE('',*,*,#2056,.T.);
#2988=ORIENTED_EDGE('',*,*,#2096,.T.);
#2989=ORIENTED_EDGE('',*,*,#2114,.T.);
#2990=ORIENTED_EDGE('',*,*,#2107,.T.);
#2991=ORIENTED_EDGE('',*,*,#2113,.F.);
#2992=ORIENTED_EDGE('',*,*,#2100,.T.);
#2993=ORIENTED_EDGE('',*,*,#2112,.F.);
#2994=ORIENTED_EDGE('',*,*,#2110,.T.);
#2995=ORIENTED_EDGE('',*,*,#2114,.F.);
#2996=ORIENTED_EDGE('',*,*,#2049,.T.);
#2997=ORIENTED_EDGE('',*,*,#2052,.T.);
#2998=ORIENTED_EDGE('',*,*,#2055,.T.);
#2999=ORIENTED_EDGE('',*,*,#2058,.T.);
#3000=ORIENTED_EDGE('',*,*,#2115,.F.);
#3001=ORIENTED_EDGE('',*,*,#2116,.F.);
#3002=ORIENTED_EDGE('',*,*,#2117,.F.);
#3003=ORIENTED_EDGE('',*,*,#2118,.F.);
#3004=ORIENTED_EDGE('',*,*,#2119,.F.);
#3005=ORIENTED_EDGE('',*,*,#2120,.T.);
#3006=ORIENTED_EDGE('',*,*,#2117,.T.);
#3007=ORIENTED_EDGE('',*,*,#2121,.T.);
#3008=ORIENTED_EDGE('',*,*,#2122,.T.);
#3009=ORIENTED_EDGE('',*,*,#2123,.T.);
#3010=ORIENTED_EDGE('',*,*,#2124,.T.);
#3011=ORIENTED_EDGE('',*,*,#2125,.T.);
#3012=ORIENTED_EDGE('',*,*,#2126,.T.);
#3013=ORIENTED_EDGE('',*,*,#2127,.T.);
#3014=ORIENTED_EDGE('',*,*,#2128,.T.);
#3015=ORIENTED_EDGE('',*,*,#2129,.T.);
#3016=ORIENTED_EDGE('',*,*,#2130,.T.);
#3017=ORIENTED_EDGE('',*,*,#2131,.T.);
#3018=ORIENTED_EDGE('',*,*,#2132,.T.);
#3019=ORIENTED_EDGE('',*,*,#2133,.F.);
#3020=ORIENTED_EDGE('',*,*,#2121,.F.);
#3021=ORIENTED_EDGE('',*,*,#2116,.T.);
#3022=ORIENTED_EDGE('',*,*,#2134,.F.);
#3023=ORIENTED_EDGE('',*,*,#2135,.F.);
#3024=ORIENTED_EDGE('',*,*,#2123,.F.);
#3025=ORIENTED_EDGE('',*,*,#2136,.F.);
#3026=ORIENTED_EDGE('',*,*,#2137,.T.);
#3027=ORIENTED_EDGE('',*,*,#2138,.T.);
#3028=ORIENTED_EDGE('',*,*,#2139,.F.);
#3029=ORIENTED_EDGE('',*,*,#2124,.F.);
#3030=ORIENTED_EDGE('',*,*,#2135,.T.);
#3031=ORIENTED_EDGE('',*,*,#2134,.T.);
#3032=ORIENTED_EDGE('',*,*,#2140,.F.);
#3033=ORIENTED_EDGE('',*,*,#2141,.T.);
#3034=ORIENTED_EDGE('',*,*,#2137,.F.);
#3035=ORIENTED_EDGE('',*,*,#2142,.F.);
#3036=ORIENTED_EDGE('',*,*,#2143,.F.);
#3037=ORIENTED_EDGE('',*,*,#2126,.F.);
#3038=ORIENTED_EDGE('',*,*,#2144,.F.);
#3039=ORIENTED_EDGE('',*,*,#2145,.T.);
#3040=ORIENTED_EDGE('',*,*,#2146,.T.);
#3041=ORIENTED_EDGE('',*,*,#2147,.F.);
#3042=ORIENTED_EDGE('',*,*,#2127,.F.);
#3043=ORIENTED_EDGE('',*,*,#2143,.T.);
#3044=ORIENTED_EDGE('',*,*,#2142,.T.);
#3045=ORIENTED_EDGE('',*,*,#2148,.F.);
#3046=ORIENTED_EDGE('',*,*,#2149,.T.);
#3047=ORIENTED_EDGE('',*,*,#2145,.F.);
#3048=ORIENTED_EDGE('',*,*,#2139,.T.);
#3049=ORIENTED_EDGE('',*,*,#2150,.T.);
#3050=ORIENTED_EDGE('',*,*,#2148,.T.);
#3051=ORIENTED_EDGE('',*,*,#2144,.T.);
#3052=ORIENTED_EDGE('',*,*,#2125,.F.);
#3053=ORIENTED_EDGE('',*,*,#2151,.F.);
#3054=ORIENTED_EDGE('',*,*,#2152,.F.);
#3055=ORIENTED_EDGE('',*,*,#2129,.F.);
#3056=ORIENTED_EDGE('',*,*,#2153,.F.);
#3057=ORIENTED_EDGE('',*,*,#2154,.T.);
#3058=ORIENTED_EDGE('',*,*,#2155,.T.);
#3059=ORIENTED_EDGE('',*,*,#2156,.T.);
#3060=ORIENTED_EDGE('',*,*,#2130,.F.);
#3061=ORIENTED_EDGE('',*,*,#2152,.T.);
#3062=ORIENTED_EDGE('',*,*,#2151,.T.);
#3063=ORIENTED_EDGE('',*,*,#2157,.F.);
#3064=ORIENTED_EDGE('',*,*,#2158,.T.);
#3065=ORIENTED_EDGE('',*,*,#2154,.F.);
#3066=ORIENTED_EDGE('',*,*,#2147,.T.);
#3067=ORIENTED_EDGE('',*,*,#2159,.T.);
#3068=ORIENTED_EDGE('',*,*,#2157,.T.);
#3069=ORIENTED_EDGE('',*,*,#2153,.T.);
#3070=ORIENTED_EDGE('',*,*,#2128,.F.);
#3071=ORIENTED_EDGE('',*,*,#2115,.T.);
#3072=ORIENTED_EDGE('',*,*,#2160,.F.);
#3073=ORIENTED_EDGE('',*,*,#2161,.T.);
#3074=ORIENTED_EDGE('',*,*,#2131,.F.);
#3075=ORIENTED_EDGE('',*,*,#2156,.F.);
#3076=ORIENTED_EDGE('',*,*,#2162,.T.);
#3077=ORIENTED_EDGE('',*,*,#2160,.T.);
#3078=ORIENTED_EDGE('',*,*,#2118,.T.);
#3079=ORIENTED_EDGE('',*,*,#2120,.F.);
#3080=ORIENTED_EDGE('',*,*,#2133,.T.);
#3081=ORIENTED_EDGE('',*,*,#2163,.T.);
#3082=ORIENTED_EDGE('',*,*,#2140,.T.);
#3083=ORIENTED_EDGE('',*,*,#2136,.T.);
#3084=ORIENTED_EDGE('',*,*,#2122,.F.);
#3085=ORIENTED_EDGE('',*,*,#2155,.F.);
#3086=ORIENTED_EDGE('',*,*,#2158,.F.);
#3087=ORIENTED_EDGE('',*,*,#2159,.F.);
#3088=ORIENTED_EDGE('',*,*,#2146,.F.);
#3089=ORIENTED_EDGE('',*,*,#2149,.F.);
#3090=ORIENTED_EDGE('',*,*,#2150,.F.);
#3091=ORIENTED_EDGE('',*,*,#2138,.F.);
#3092=ORIENTED_EDGE('',*,*,#2141,.F.);
#3093=ORIENTED_EDGE('',*,*,#2163,.F.);
#3094=ORIENTED_EDGE('',*,*,#2132,.F.);
#3095=ORIENTED_EDGE('',*,*,#2161,.F.);
#3096=ORIENTED_EDGE('',*,*,#2162,.F.);
#3097=ORIENTED_EDGE('',*,*,#2164,.T.);
#3098=ORIENTED_EDGE('',*,*,#2165,.T.);
#3099=ORIENTED_EDGE('',*,*,#2166,.T.);
#3100=ORIENTED_EDGE('',*,*,#2167,.T.);
#3101=ORIENTED_EDGE('',*,*,#2168,.T.);
#3102=ORIENTED_EDGE('',*,*,#2166,.F.);
#3103=ORIENTED_EDGE('',*,*,#2164,.F.);
#3104=ORIENTED_EDGE('',*,*,#2165,.F.);
#3105=ORIENTED_EDGE('',*,*,#2169,.T.);
#3106=ORIENTED_EDGE('',*,*,#2170,.T.);
#3107=ORIENTED_EDGE('',*,*,#2169,.F.);
#3108=ORIENTED_EDGE('',*,*,#2171,.F.);
#3109=ORIENTED_EDGE('',*,*,#2172,.T.);
#3110=ORIENTED_EDGE('',*,*,#2167,.F.);
#3111=ORIENTED_EDGE('',*,*,#2168,.F.);
#3112=ORIENTED_EDGE('',*,*,#2172,.F.);
#3113=ORIENTED_EDGE('',*,*,#2173,.F.);
#3114=ORIENTED_EDGE('',*,*,#2174,.T.);
#3115=ORIENTED_EDGE('',*,*,#2171,.T.);
#3116=ORIENTED_EDGE('',*,*,#2174,.F.);
#3117=ORIENTED_EDGE('',*,*,#2175,.F.);
#3118=ORIENTED_EDGE('',*,*,#2176,.T.);
#3119=ORIENTED_EDGE('',*,*,#2173,.T.);
#3120=ORIENTED_EDGE('',*,*,#2176,.F.);
#3121=ORIENTED_EDGE('',*,*,#2175,.T.);
#3122=ORIENTED_EDGE('',*,*,#2170,.F.);
#3123=ORIENTED_EDGE('',*,*,#2177,.T.);
#3124=ORIENTED_EDGE('',*,*,#2119,.T.);
#3125=ORIENTED_EDGE('',*,*,#2177,.F.);
#3126=ORIENTED_EDGE('',*,*,#2178,.T.);
#3127=ORIENTED_EDGE('',*,*,#2179,.T.);
#3128=ORIENTED_EDGE('',*,*,#2180,.F.);
#3129=ORIENTED_EDGE('',*,*,#2179,.F.);
#3130=ORIENTED_EDGE('',*,*,#2178,.F.);
#3131=ORIENTED_EDGE('',*,*,#2181,.F.);
#3132=ORIENTED_EDGE('',*,*,#2182,.T.);
#3133=ORIENTED_EDGE('',*,*,#2183,.F.);
#3134=ORIENTED_EDGE('',*,*,#2182,.F.);
#3135=ORIENTED_EDGE('',*,*,#2181,.T.);
#3136=ORIENTED_EDGE('',*,*,#2180,.T.);
#3137=ORIENTED_EDGE('',*,*,#2183,.T.);
#3138=PLANE('',#3564);
#3139=PLANE('',#3565);
#3140=PLANE('',#3575);
#3141=PLANE('',#3576);
#3142=PLANE('',#3580);
#3143=PLANE('',#3581);
#3144=PLANE('',#3591);
#3145=PLANE('',#3592);
#3146=PLANE('',#3596);
#3147=PLANE('',#3597);
#3148=PLANE('',#3607);
#3149=PLANE('',#3608);
#3150=PLANE('',#3612);
#3151=PLANE('',#3613);
#3152=PLANE('',#3623);
#3153=PLANE('',#3624);
#3154=PLANE('',#3631);
#3155=PLANE('',#3632);
#3156=PLANE('',#3636);
#3157=PLANE('',#3637);
#3158=PLANE('',#3641);
#3159=PLANE('',#3642);
#3160=PLANE('',#3648);
#3161=PLANE('',#3651);
#3162=PLANE('',#3655);
#3163=PLANE('',#3656);
#3164=PLANE('',#3660);
#3165=PLANE('',#3661);
#3166=PLANE('',#3665);
#3167=PLANE('',#3666);
#3168=PLANE('',#3670);
#3169=PLANE('',#3674);
#3170=PLANE('',#3675);
#3171=PLANE('',#3681);
#3172=PLANE('',#3685);
#3173=PLANE('',#3686);
#3174=PLANE('',#3690);
#3175=PLANE('',#3700);
#3176=PLANE('',#3702);
#3177=PLANE('',#3704);
#3178=PLANE('',#3706);
#3179=PLANE('',#3707);
#3180=PLANE('',#3708);
#3181=PLANE('',#3712);
#3182=PLANE('',#3714);
#3183=PLANE('',#3716);
#3184=PLANE('',#3721);
#3185=PLANE('',#3723);
#3186=PLANE('',#3725);
#3187=PLANE('',#3727);
#3188=PLANE('',#3728);
#3189=PLANE('',#3729);
#3190=PLANE('',#3730);
#3191=PLANE('',#3731);
#3192=PLANE('',#3732);
#3193=PLANE('',#3744);
#3194=PLANE('',#3746);
#3195=PLANE('',#3748);
#3196=PLANE('',#3749);
#3197=PLANE('',#3751);
#3198=PLANE('',#3752);
#3199=PLANE('',#3753);
#3200=PLANE('',#3757);
#3201=PLANE('',#3759);
#3202=PLANE('',#3761);
#3203=PLANE('',#3762);
#3204=PLANE('',#3767);
#3205=PLANE('',#3769);
#3206=PLANE('',#3771);
#3207=PLANE('',#3772);
#3208=PLANE('',#3774);
#3209=PLANE('',#3775);
#3210=PLANE('',#3776);
#3211=PLANE('',#3777);
#3212=PLANE('',#3778);
#3213=PLANE('',#3779);
#3214=PLANE('',#3783);
#3215=PLANE('',#3785);
#3216=PLANE('',#3787);
#3217=PLANE('',#3792);
#3218=PLANE('',#3793);
#3219=PLANE('',#3795);
#3220=PLANE('',#3798);
#3221=PLANE('',#3799);
#3222=PLANE('',#3800);
#3223=PLANE('',#3801);
#3224=PLANE('',#3818);
#3225=PLANE('',#3819);
#3226=PLANE('',#3823);
#3227=PLANE('',#3827);
#3228=PLANE('',#3828);
#3229=PLANE('',#3832);
#3230=PLANE('',#3836);
#3231=PLANE('',#3838);
#3232=PLANE('',#3840);
#3233=PLANE('',#3841);
#3234=PLANE('',#3846);
#3235=PLANE('',#3848);
#3236=PLANE('',#3850);
#3237=PLANE('',#3851);
#3238=PLANE('',#3853);
#3239=PLANE('',#3854);
#3240=PLANE('',#3855);
#3241=PLANE('',#3856);
#3242=PLANE('',#3858);
#3243=PLANE('',#3859);
#3244=PLANE('',#3861);
#3245=PLANE('',#3862);
#3246=PLANE('',#3863);
#3247=PLANE('',#3864);
#3248=PLANE('',#3865);
#3249=PLANE('',#3866);
#3250=PLANE('',#3867);
#3251=PLANE('',#3868);
#3252=PLANE('',#3869);
#3253=PLANE('',#3870);
#3254=PLANE('',#3871);
#3255=PLANE('',#3872);
#3256=PLANE('',#3873);
#3257=PLANE('',#3874);
#3258=PLANE('',#3875);
#3259=PLANE('',#3876);
#3260=PLANE('',#3891);
#3261=PLANE('',#3897);
#3262=PLANE('',#3901);
#3263=PLANE('',#3902);
#3264=ADVANCED_FACE('',(#312),#3138,.F.);
#3265=ADVANCED_FACE('',(#313),#3139,.F.);
#3266=ADVANCED_FACE('',(#314),#248,.F.);
#3267=ADVANCED_FACE('',(#315),#249,.F.);
#3268=ADVANCED_FACE('',(#316),#250,.F.);
#3269=ADVANCED_FACE('',(#317),#3140,.F.);
#3270=ADVANCED_FACE('',(#318),#3141,.F.);
#3271=ADVANCED_FACE('',(#319),#251,.F.);
#3272=ADVANCED_FACE('',(#320),#3142,.F.);
#3273=ADVANCED_FACE('',(#321),#3143,.F.);
#3274=ADVANCED_FACE('',(#322),#252,.F.);
#3275=ADVANCED_FACE('',(#323),#253,.F.);
#3276=ADVANCED_FACE('',(#324),#254,.F.);
#3277=ADVANCED_FACE('',(#325),#3144,.F.);
#3278=ADVANCED_FACE('',(#326),#3145,.F.);
#3279=ADVANCED_FACE('',(#327),#255,.F.);
#3280=ADVANCED_FACE('',(#328),#3146,.F.);
#3281=ADVANCED_FACE('',(#329),#3147,.F.);
#3282=ADVANCED_FACE('',(#330),#256,.F.);
#3283=ADVANCED_FACE('',(#331),#257,.F.);
#3284=ADVANCED_FACE('',(#332),#258,.F.);
#3285=ADVANCED_FACE('',(#333),#3148,.F.);
#3286=ADVANCED_FACE('',(#334),#3149,.F.);
#3287=ADVANCED_FACE('',(#335),#259,.F.);
#3288=ADVANCED_FACE('',(#336),#3150,.F.);
#3289=ADVANCED_FACE('',(#337),#3151,.F.);
#3290=ADVANCED_FACE('',(#338),#260,.F.);
#3291=ADVANCED_FACE('',(#339),#261,.F.);
#3292=ADVANCED_FACE('',(#340),#262,.F.);
#3293=ADVANCED_FACE('',(#341),#3152,.F.);
#3294=ADVANCED_FACE('',(#342),#3153,.F.);
#3295=ADVANCED_FACE('',(#343),#263,.F.);
#3296=ADVANCED_FACE('',(#344),#264,.T.);
#3297=ADVANCED_FACE('',(#345),#3154,.F.);
#3298=ADVANCED_FACE('',(#346),#3155,.T.);
#3299=ADVANCED_FACE('',(#347),#265,.T.);
#3300=ADVANCED_FACE('',(#348),#3156,.F.);
#3301=ADVANCED_FACE('',(#349),#3157,.F.);
#3302=ADVANCED_FACE('',(#350),#266,.T.);
#3303=ADVANCED_FACE('',(#351),#3158,.F.);
#3304=ADVANCED_FACE('',(#352,#75,#76),#3159,.T.);
#3305=ADVANCED_FACE('',(#353),#267,.T.);
#3306=ADVANCED_FACE('',(#354,#77,#78),#3160,.F.);
#3307=ADVANCED_FACE('',(#355),#3161,.F.);
#3308=ADVANCED_FACE('',(#356),#268,.T.);
#3309=ADVANCED_FACE('',(#357),#3162,.F.);
#3310=ADVANCED_FACE('',(#358),#3163,.T.);
#3311=ADVANCED_FACE('',(#359),#269,.T.);
#3312=ADVANCED_FACE('',(#360),#3164,.F.);
#3313=ADVANCED_FACE('',(#361),#3165,.F.);
#3314=ADVANCED_FACE('',(#362),#270,.T.);
#3315=ADVANCED_FACE('',(#363),#3166,.T.);
#3316=ADVANCED_FACE('',(#364),#3167,.F.);
#3317=ADVANCED_FACE('',(#365),#271,.T.);
#3318=ADVANCED_FACE('',(#366),#3168,.T.);
#3319=ADVANCED_FACE('',(#367),#272,.T.);
#3320=ADVANCED_FACE('',(#368),#3169,.T.);
#3321=ADVANCED_FACE('',(#369,#79,#80),#3170,.F.);
#3322=ADVANCED_FACE('',(#370),#273,.T.);
#3323=ADVANCED_FACE('',(#371),#3171,.T.);
#3324=ADVANCED_FACE('',(#372),#274,.T.);
#3325=ADVANCED_FACE('',(#373),#3172,.T.);
#3326=ADVANCED_FACE('',(#374),#3173,.F.);
#3327=ADVANCED_FACE('',(#375),#275,.T.);
#3328=ADVANCED_FACE('',(#376),#3174,.T.);
#3329=ADVANCED_FACE('',(#377),#69,.F.);
#3330=ADVANCED_FACE('',(#378),#276,.F.);
#3331=ADVANCED_FACE('',(#379),#70,.F.);
#3332=ADVANCED_FACE('',(#380),#277,.F.);
#3333=ADVANCED_FACE('',(#381),#278,.T.);
#3334=ADVANCED_FACE('',(#382),#3175,.F.);
#3335=ADVANCED_FACE('',(#383),#3176,.F.);
#3336=ADVANCED_FACE('',(#384),#3177,.F.);
#3337=ADVANCED_FACE('',(#385),#279,.F.);
#3338=ADVANCED_FACE('',(#386,#81,#82,#83,#84),#3178,.F.);
#3339=ADVANCED_FACE('',(#387),#3179,.T.);
#3340=ADVANCED_FACE('',(#388,#85,#86,#87,#88),#3180,.T.);
#3341=ADVANCED_FACE('',(#389),#280,.T.);
#3342=ADVANCED_FACE('',(#390),#3181,.F.);
#3343=ADVANCED_FACE('',(#391),#3182,.F.);
#3344=ADVANCED_FACE('',(#392),#3183,.F.);
#3345=ADVANCED_FACE('',(#393),#281,.F.);
#3346=ADVANCED_FACE('',(#394),#282,.T.);
#3347=ADVANCED_FACE('',(#395),#3184,.F.);
#3348=ADVANCED_FACE('',(#396),#3185,.F.);
#3349=ADVANCED_FACE('',(#397),#3186,.F.);
#3350=ADVANCED_FACE('',(#398),#283,.F.);
#3351=ADVANCED_FACE('',(#399),#3187,.T.);
#3352=ADVANCED_FACE('',(#400),#3188,.T.);
#3353=ADVANCED_FACE('',(#401),#3189,.T.);
#3354=ADVANCED_FACE('',(#402),#3190,.T.);
#3355=ADVANCED_FACE('',(#403),#3191,.T.);
#3356=ADVANCED_FACE('',(#404),#3192,.T.);
#3357=ADVANCED_FACE('',(#405),#71,.F.);
#3358=ADVANCED_FACE('',(#406),#284,.F.);
#3359=ADVANCED_FACE('',(#407),#72,.F.);
#3360=ADVANCED_FACE('',(#408),#285,.F.);
#3361=ADVANCED_FACE('',(#409),#286,.T.);
#3362=ADVANCED_FACE('',(#410),#3193,.T.);
#3363=ADVANCED_FACE('',(#411),#3194,.T.);
#3364=ADVANCED_FACE('',(#412),#3195,.T.);
#3365=ADVANCED_FACE('',(#413,#89,#90),#3196,.T.);
#3366=ADVANCED_FACE('',(#414),#287,.F.);
#3367=ADVANCED_FACE('',(#415,#91,#92,#93,#94),#3197,.T.);
#3368=ADVANCED_FACE('',(#416),#3198,.F.);
#3369=ADVANCED_FACE('',(#417,#95,#96,#97,#98),#3199,.F.);
#3370=ADVANCED_FACE('',(#418),#288,.T.);
#3371=ADVANCED_FACE('',(#419),#3200,.T.);
#3372=ADVANCED_FACE('',(#420),#3201,.T.);
#3373=ADVANCED_FACE('',(#421),#3202,.T.);
#3374=ADVANCED_FACE('',(#422),#3203,.T.);
#3375=ADVANCED_FACE('',(#423),#289,.F.);
#3376=ADVANCED_FACE('',(#424),#290,.T.);
#3377=ADVANCED_FACE('',(#425),#3204,.T.);
#3378=ADVANCED_FACE('',(#426),#3205,.T.);
#3379=ADVANCED_FACE('',(#427),#3206,.T.);
#3380=ADVANCED_FACE('',(#428),#3207,.T.);
#3381=ADVANCED_FACE('',(#429),#291,.F.);
#3382=ADVANCED_FACE('',(#430),#3208,.F.);
#3383=ADVANCED_FACE('',(#431),#3209,.T.);
#3384=ADVANCED_FACE('',(#432),#3210,.F.);
#3385=ADVANCED_FACE('',(#433),#3211,.F.);
#3386=ADVANCED_FACE('',(#434),#3212,.F.);
#3387=ADVANCED_FACE('',(#435),#3213,.F.);
#3388=ADVANCED_FACE('',(#436),#292,.T.);
#3389=ADVANCED_FACE('',(#437),#3214,.T.);
#3390=ADVANCED_FACE('',(#438),#3215,.T.);
#3391=ADVANCED_FACE('',(#439),#3216,.T.);
#3392=ADVANCED_FACE('',(#440),#293,.F.);
#3393=ADVANCED_FACE('',(#441),#294,.T.);
#3394=ADVANCED_FACE('',(#442),#3217,.T.);
#3395=ADVANCED_FACE('',(#443),#3218,.T.);
#3396=ADVANCED_FACE('',(#444),#3219,.T.);
#3397=ADVANCED_FACE('',(#445),#295,.F.);
#3398=ADVANCED_FACE('',(#446),#3220,.T.);
#3399=ADVANCED_FACE('',(#447),#3221,.F.);
#3400=ADVANCED_FACE('',(#448),#3222,.T.);
#3401=ADVANCED_FACE('',(#449),#3223,.T.);
#3402=ADVANCED_FACE('',(#450),#296,.F.);
#3403=ADVANCED_FACE('',(#451),#297,.F.);
#3404=ADVANCED_FACE('',(#452),#298,.F.);
#3405=ADVANCED_FACE('',(#453),#299,.F.);
#3406=ADVANCED_FACE('',(#454),#300,.T.);
#3407=ADVANCED_FACE('',(#455),#3224,.T.);
#3408=ADVANCED_FACE('',(#456),#3225,.T.);
#3409=ADVANCED_FACE('',(#457),#301,.T.);
#3410=ADVANCED_FACE('',(#458),#3226,.T.);
#3411=ADVANCED_FACE('',(#459),#302,.T.);
#3412=ADVANCED_FACE('',(#460),#3227,.T.);
#3413=ADVANCED_FACE('',(#461),#3228,.T.);
#3414=ADVANCED_FACE('',(#462),#303,.T.);
#3415=ADVANCED_FACE('',(#463),#3229,.T.);
#3416=ADVANCED_FACE('',(#464),#304,.T.);
#3417=ADVANCED_FACE('',(#465),#3230,.T.);
#3418=ADVANCED_FACE('',(#466),#3231,.T.);
#3419=ADVANCED_FACE('',(#467),#3232,.T.);
#3420=ADVANCED_FACE('',(#468),#3233,.F.);
#3421=ADVANCED_FACE('',(#469),#305,.F.);
#3422=ADVANCED_FACE('',(#470),#306,.T.);
#3423=ADVANCED_FACE('',(#471),#3234,.T.);
#3424=ADVANCED_FACE('',(#472),#3235,.T.);
#3425=ADVANCED_FACE('',(#473),#3236,.T.);
#3426=ADVANCED_FACE('',(#474),#3237,.F.);
#3427=ADVANCED_FACE('',(#475),#307,.F.);
#3428=ADVANCED_FACE('',(#476),#3238,.T.);
#3429=ADVANCED_FACE('',(#477,#99,#100,#101,#102),#3239,.F.);
#3430=ADVANCED_FACE('',(#478),#3240,.T.);
#3431=ADVANCED_FACE('',(#479,#103,#104,#105,#106),#3241,.T.);
#3432=ADVANCED_FACE('',(#480),#3242,.F.);
#3433=ADVANCED_FACE('',(#481,#107),#3243,.T.);
#3434=ADVANCED_FACE('',(#482),#3244,.T.);
#3435=ADVANCED_FACE('',(#483),#3245,.F.);
#3436=ADVANCED_FACE('',(#484),#3246,.T.);
#3437=ADVANCED_FACE('',(#485),#3247,.F.);
#3438=ADVANCED_FACE('',(#486),#3248,.F.);
#3439=ADVANCED_FACE('',(#487),#3249,.T.);
#3440=ADVANCED_FACE('',(#488),#3250,.F.);
#3441=ADVANCED_FACE('',(#489),#3251,.F.);
#3442=ADVANCED_FACE('',(#490),#3252,.F.);
#3443=ADVANCED_FACE('',(#491),#3253,.T.);
#3444=ADVANCED_FACE('',(#492),#3254,.F.);
#3445=ADVANCED_FACE('',(#493),#3255,.F.);
#3446=ADVANCED_FACE('',(#494),#3256,.F.);
#3447=ADVANCED_FACE('',(#495),#3257,.F.);
#3448=ADVANCED_FACE('',(#496),#3258,.T.);
#3449=ADVANCED_FACE('',(#497),#3259,.F.);
#3450=ADVANCED_FACE('',(#498),#52,.F.);
#3451=ADVANCED_FACE('',(#499),#73,.T.);
#3452=ADVANCED_FACE('',(#500),#308,.T.);
#3453=ADVANCED_FACE('',(#501),#74,.T.);
#3454=ADVANCED_FACE('',(#502),#309,.T.);
#3455=ADVANCED_FACE('',(#503),#3260,.T.);
#3456=ADVANCED_FACE('',(#504),#310,.T.);
#3457=ADVANCED_FACE('',(#505),#51,.F.);
#3458=ADVANCED_FACE('',(#506),#3261,.T.);
#3459=ADVANCED_FACE('',(#507),#311,.T.);
#3460=ADVANCED_FACE('',(#508,#108),#3262,.T.);
#3461=ADVANCED_FACE('',(#509),#3263,.F.);
#3462=CLOSED_SHELL('',(#3264,#3265,#3266,#3267,#3268,#3269,#3270,#3271,
#3272,#3273,#3274,#3275,#3276,#3277,#3278,#3279,#3280,#3281,#3282,#3283,
#3284,#3285,#3286,#3287,#3288,#3289,#3290,#3291,#3292,#3293,#3294,#3295,
#3296,#3297,#3298,#3299,#3300,#3301,#3302,#3303,#3304,#3305,#3306,#3307,
#3308,#3309,#3310,#3311,#3312,#3313,#3314,#3315,#3316,#3317,#3318,#3319,
#3320,#3321,#3322,#3323,#3324,#3325,#3326,#3327,#3328,#3329,#3330,#3331,
#3332,#3333,#3334,#3335,#3336,#3337,#3338,#3339,#3340,#3341,#3342,#3343,
#3344,#3345,#3346,#3347,#3348,#3349,#3350,#3351,#3352,#3353,#3354,#3355,
#3356,#3357,#3358,#3359,#3360,#3361,#3362,#3363,#3364,#3365,#3366,#3367,
#3368,#3369,#3370,#3371,#3372,#3373,#3374,#3375,#3376,#3377,#3378,#3379,
#3380,#3381,#3382,#3383,#3384,#3385,#3386,#3387,#3388,#3389,#3390,#3391,
#3392,#3393,#3394,#3395,#3396,#3397,#3398,#3399,#3400,#3401));
#3463=CLOSED_SHELL('',(#3402,#3403,#3404,#3405,#3406,#3407,#3408,#3409,
#3410,#3411,#3412,#3413,#3414,#3415,#3416,#3417,#3418,#3419,#3420,#3421,
#3422,#3423,#3424,#3425,#3426,#3427,#3428,#3429,#3430,#3431));
#3464=CLOSED_SHELL('',(#3432,#3433,#3434,#3435,#3436,#3437,#3438,#3439,
#3440,#3441,#3442,#3443,#3444,#3445,#3446,#3447,#3448,#3449,#3450,#3451,
#3452,#3453,#3454,#3455,#3456));
#3465=CLOSED_SHELL('',(#3457,#3458,#3459,#3460,#3461));
#3466=DERIVED_UNIT_ELEMENT(#3475,1.);
#3467=DERIVED_UNIT_ELEMENT(#5971,-3.);
#3468=DERIVED_UNIT_ELEMENT(#3475,1.);
#3469=DERIVED_UNIT_ELEMENT(#5971,-3.);
#3470=DERIVED_UNIT_ELEMENT(#3475,1.);
#3471=DERIVED_UNIT_ELEMENT(#5971,-3.);
#3472=DERIVED_UNIT_ELEMENT(#3475,1.);
#3473=DERIVED_UNIT_ELEMENT(#5971,-3.);
#3474=DIMENSIONAL_EXPONENTS(0.,1.,0.,0.,0.,0.,0.);
#3475=(
CONVERSION_BASED_UNIT('gram',#3477)
MASS_UNIT()
NAMED_UNIT(#3474)
);
#3476=(
MASS_UNIT()
NAMED_UNIT(*)
SI_UNIT(.KILO.,.GRAM.)
);
#3477=MASS_MEASURE_WITH_UNIT(MASS_MEASURE(0.001),#3476);
#3478=DERIVED_UNIT((#3466,#3467));
#3479=DERIVED_UNIT((#3468,#3469));
#3480=DERIVED_UNIT((#3470,#3471));
#3481=DERIVED_UNIT((#3472,#3473));
#3482=MEASURE_REPRESENTATION_ITEM('density measure',
POSITIVE_RATIO_MEASURE(1.),#3478);
#3483=MEASURE_REPRESENTATION_ITEM('density measure',
POSITIVE_RATIO_MEASURE(1.),#3479);
#3484=MEASURE_REPRESENTATION_ITEM('density measure',
POSITIVE_RATIO_MEASURE(7.85),#3480);
#3485=MEASURE_REPRESENTATION_ITEM('density measure',
POSITIVE_RATIO_MEASURE(1.),#3481);
#3486=PROPERTY_DEFINITION_REPRESENTATION(#3506,#3494);
#3487=PROPERTY_DEFINITION_REPRESENTATION(#3507,#3495);
#3488=PROPERTY_DEFINITION_REPRESENTATION(#3508,#3496);
#3489=PROPERTY_DEFINITION_REPRESENTATION(#3509,#3497);
#3490=PROPERTY_DEFINITION_REPRESENTATION(#3510,#3498);
#3491=PROPERTY_DEFINITION_REPRESENTATION(#3511,#3499);
#3492=PROPERTY_DEFINITION_REPRESENTATION(#3512,#3500);
#3493=PROPERTY_DEFINITION_REPRESENTATION(#3513,#3501);
#3494=REPRESENTATION('material name',(#3502),#5965);
#3495=REPRESENTATION('density',(#3482),#5965);
#3496=REPRESENTATION('material name',(#3503),#5966);
#3497=REPRESENTATION('density',(#3483),#5966);
#3498=REPRESENTATION('material name',(#3504),#5967);
#3499=REPRESENTATION('density',(#3484),#5967);
#3500=REPRESENTATION('material name',(#3505),#5968);
#3501=REPRESENTATION('density',(#3485),#5968);
#3502=DESCRIPTIVE_REPRESENTATION_ITEM('\X2\4E00822C\X0\','\X2\4E00822C\X0\');
#3503=DESCRIPTIVE_REPRESENTATION_ITEM('\X2\4E00822C\X0\','\X2\4E00822C\X0\');
#3504=DESCRIPTIVE_REPRESENTATION_ITEM('\X2\92FC30018EDF92FC\X0\',
'\X2\92FC30018EDF92FC\X0\');
#3505=DESCRIPTIVE_REPRESENTATION_ITEM('\X2\4E00822C\X0\','\X2\4E00822C\X0\');
#3506=PROPERTY_DEFINITION('material property','material name',#6001);
#3507=PROPERTY_DEFINITION('material property','density of part',#6001);
#3508=PROPERTY_DEFINITION('material property','material name',#6002);
#3509=PROPERTY_DEFINITION('material property','density of part',#6002);
#3510=PROPERTY_DEFINITION('material property','material name',#6003);
#3511=PROPERTY_DEFINITION('material property','density of part',#6003);
#3512=PROPERTY_DEFINITION('material property','material name',#6004);
#3513=PROPERTY_DEFINITION('material property','density of part',#6004);
#3514=PRESENTATION_STYLE_ASSIGNMENT((#3516));
#3515=PRESENTATION_STYLE_ASSIGNMENT((#3517));
#3516=SURFACE_STYLE_USAGE(.BOTH.,#3522);
#3517=SURFACE_STYLE_USAGE(.BOTH.,#3523);
#3518=SURFACE_STYLE_RENDERING_WITH_PROPERTIES($,#3530,(#3520));
#3519=SURFACE_STYLE_RENDERING_WITH_PROPERTIES($,#3531,(#3521));
#3520=SURFACE_STYLE_TRANSPARENT(0.);
#3521=SURFACE_STYLE_TRANSPARENT(0.);
#3522=SURFACE_SIDE_STYLE('',(#3524,#3518));
#3523=SURFACE_SIDE_STYLE('',(#3525,#3519));
#3524=SURFACE_STYLE_FILL_AREA(#3526);
#3525=SURFACE_STYLE_FILL_AREA(#3527);
#3526=FILL_AREA_STYLE('',(#3528));
#3527=FILL_AREA_STYLE('',(#3529));
#3528=FILL_AREA_STYLE_COLOUR('',#3530);
#3529=FILL_AREA_STYLE_COLOUR('',#3531);
#3530=COLOUR_RGB('',0.749019607843137,0.749019607843137,0.749019607843137);
#3531=COLOUR_RGB('',0.745098039215686,0.737254901960784,0.729411764705882);
#3532=DATE_TIME_ROLE('creation_date');
#3533=DATE_TIME_ROLE('creation_date');
#3534=DATE_TIME_ROLE('creation_date');
#3535=DATE_TIME_ROLE('creation_date');
#3536=DATE_TIME_ROLE('creation_date');
#3537=APPLIED_DATE_AND_TIME_ASSIGNMENT(#3542,#3532,(#6000));
#3538=APPLIED_DATE_AND_TIME_ASSIGNMENT(#3543,#3533,(#6001));
#3539=APPLIED_DATE_AND_TIME_ASSIGNMENT(#3544,#3534,(#6002));
#3540=APPLIED_DATE_AND_TIME_ASSIGNMENT(#3545,#3535,(#6003));
#3541=APPLIED_DATE_AND_TIME_ASSIGNMENT(#3546,#3536,(#6004));
#3542=DATE_AND_TIME(#3547,#3552);
#3543=DATE_AND_TIME(#3548,#3553);
#3544=DATE_AND_TIME(#3549,#3554);
#3545=DATE_AND_TIME(#3550,#3555);
#3546=DATE_AND_TIME(#3551,#3556);
#3547=CALENDAR_DATE(2018,26,6);
#3548=CALENDAR_DATE(2018,29,3);
#3549=CALENDAR_DATE(2018,29,3);
#3550=CALENDAR_DATE(2023,20,1);
#3551=CALENDAR_DATE(2017,17,11);
#3552=LOCAL_TIME(0,0,0.,#3557);
#3553=LOCAL_TIME(0,0,0.,#3558);
#3554=LOCAL_TIME(0,0,0.,#3559);
#3555=LOCAL_TIME(0,0,0.,#3560);
#3556=LOCAL_TIME(0,0,0.,#3561);
#3557=COORDINATED_UNIVERSAL_TIME_OFFSET(0,0,.BEHIND.);
#3558=COORDINATED_UNIVERSAL_TIME_OFFSET(0,0,.BEHIND.);
#3559=COORDINATED_UNIVERSAL_TIME_OFFSET(0,0,.BEHIND.);
#3560=COORDINATED_UNIVERSAL_TIME_OFFSET(0,0,.BEHIND.);
#3561=COORDINATED_UNIVERSAL_TIME_OFFSET(0,0,.BEHIND.);
#3562=AXIS2_PLACEMENT_3D('',#4953,#3913,#3914);
#3563=AXIS2_PLACEMENT_3D('',#4954,#3915,#3916);
#3564=AXIS2_PLACEMENT_3D('',#4955,#3917,#3918);
#3565=AXIS2_PLACEMENT_3D('',#4964,#3923,#3924);
#3566=AXIS2_PLACEMENT_3D('',#4973,#3929,#3930);
#3567=AXIS2_PLACEMENT_3D('',#4975,#3931,#3932);
#3568=AXIS2_PLACEMENT_3D('',#4978,#3934,#3935);
#3569=AXIS2_PLACEMENT_3D('',#4979,#3936,#3937);
#3570=AXIS2_PLACEMENT_3D('',#4981,#3938,#3939);
#3571=AXIS2_PLACEMENT_3D('',#4983,#3940,#3941);
#3572=AXIS2_PLACEMENT_3D('',#4985,#3943,#3944);
#3573=AXIS2_PLACEMENT_3D('',#4987,#3945,#3946);
#3574=AXIS2_PLACEMENT_3D('',#4989,#3947,#3948);
#3575=AXIS2_PLACEMENT_3D('',#4991,#3950,#3951);
#3576=AXIS2_PLACEMENT_3D('',#4994,#3954,#3955);
#3577=AXIS2_PLACEMENT_3D('',#5000,#3959,#3960);
#3578=AXIS2_PLACEMENT_3D('',#5001,#3961,#3962);
#3579=AXIS2_PLACEMENT_3D('',#5002,#3963,#3964);
#3580=AXIS2_PLACEMENT_3D('',#5003,#3965,#3966);
#3581=AXIS2_PLACEMENT_3D('',#5012,#3971,#3972);
#3582=AXIS2_PLACEMENT_3D('',#5021,#3977,#3978);
#3583=AXIS2_PLACEMENT_3D('',#5023,#3979,#3980);
#3584=AXIS2_PLACEMENT_3D('',#5026,#3982,#3983);
#3585=AXIS2_PLACEMENT_3D('',#5027,#3984,#3985);
#3586=AXIS2_PLACEMENT_3D('',#5029,#3986,#3987);
#3587=AXIS2_PLACEMENT_3D('',#5031,#3988,#3989);
#3588=AXIS2_PLACEMENT_3D('',#5033,#3991,#3992);
#3589=AXIS2_PLACEMENT_3D('',#5035,#3993,#3994);
#3590=AXIS2_PLACEMENT_3D('',#5037,#3995,#3996);
#3591=AXIS2_PLACEMENT_3D('',#5039,#3998,#3999);
#3592=AXIS2_PLACEMENT_3D('',#5042,#4002,#4003);
#3593=AXIS2_PLACEMENT_3D('',#5048,#4007,#4008);
#3594=AXIS2_PLACEMENT_3D('',#5049,#4009,#4010);
#3595=AXIS2_PLACEMENT_3D('',#5050,#4011,#4012);
#3596=AXIS2_PLACEMENT_3D('',#5051,#4013,#4014);
#3597=AXIS2_PLACEMENT_3D('',#5060,#4019,#4020);
#3598=AXIS2_PLACEMENT_3D('',#5069,#4025,#4026);
#3599=AXIS2_PLACEMENT_3D('',#5071,#4027,#4028);
#3600=AXIS2_PLACEMENT_3D('',#5074,#4030,#4031);
#3601=AXIS2_PLACEMENT_3D('',#5075,#4032,#4033);
#3602=AXIS2_PLACEMENT_3D('',#5077,#4034,#4035);
#3603=AXIS2_PLACEMENT_3D('',#5079,#4036,#4037);
#3604=AXIS2_PLACEMENT_3D('',#5081,#4039,#4040);
#3605=AXIS2_PLACEMENT_3D('',#5083,#4041,#4042);
#3606=AXIS2_PLACEMENT_3D('',#5085,#4043,#4044);
#3607=AXIS2_PLACEMENT_3D('',#5087,#4046,#4047);
#3608=AXIS2_PLACEMENT_3D('',#5090,#4050,#4051);
#3609=AXIS2_PLACEMENT_3D('',#5096,#4055,#4056);
#3610=AXIS2_PLACEMENT_3D('',#5097,#4057,#4058);
#3611=AXIS2_PLACEMENT_3D('',#5098,#4059,#4060);
#3612=AXIS2_PLACEMENT_3D('',#5099,#4061,#4062);
#3613=AXIS2_PLACEMENT_3D('',#5108,#4067,#4068);
#3614=AXIS2_PLACEMENT_3D('',#5117,#4073,#4074);
#3615=AXIS2_PLACEMENT_3D('',#5119,#4075,#4076);
#3616=AXIS2_PLACEMENT_3D('',#5122,#4078,#4079);
#3617=AXIS2_PLACEMENT_3D('',#5123,#4080,#4081);
#3618=AXIS2_PLACEMENT_3D('',#5125,#4082,#4083);
#3619=AXIS2_PLACEMENT_3D('',#5127,#4084,#4085);
#3620=AXIS2_PLACEMENT_3D('',#5129,#4087,#4088);
#3621=AXIS2_PLACEMENT_3D('',#5131,#4089,#4090);
#3622=AXIS2_PLACEMENT_3D('',#5133,#4091,#4092);
#3623=AXIS2_PLACEMENT_3D('',#5135,#4094,#4095);
#3624=AXIS2_PLACEMENT_3D('',#5138,#4098,#4099);
#3625=AXIS2_PLACEMENT_3D('',#5144,#4103,#4104);
#3626=AXIS2_PLACEMENT_3D('',#5145,#4105,#4106);
#3627=AXIS2_PLACEMENT_3D('',#5146,#4107,#4108);
#3628=AXIS2_PLACEMENT_3D('',#5147,#4109,#4110);
#3629=AXIS2_PLACEMENT_3D('',#5150,#4111,#4112);
#3630=AXIS2_PLACEMENT_3D('',#5154,#4114,#4115);
#3631=AXIS2_PLACEMENT_3D('',#5156,#4117,#4118);
#3632=AXIS2_PLACEMENT_3D('',#5162,#4122,#4123);
#3633=AXIS2_PLACEMENT_3D('',#5169,#4127,#4128);
#3634=AXIS2_PLACEMENT_3D('',#5170,#4129,#4130);
#3635=AXIS2_PLACEMENT_3D('',#5172,#4131,#4132);
#3636=AXIS2_PLACEMENT_3D('',#5174,#4134,#4135);
#3637=AXIS2_PLACEMENT_3D('',#5180,#4139,#4140);
#3638=AXIS2_PLACEMENT_3D('',#5182,#4142,#4143);
#3639=AXIS2_PLACEMENT_3D('',#5185,#4144,#4145);
#3640=AXIS2_PLACEMENT_3D('',#5189,#4147,#4148);
#3641=AXIS2_PLACEMENT_3D('',#5191,#4150,#4151);
#3642=AXIS2_PLACEMENT_3D('',#5197,#4155,#4156);
#3643=AXIS2_PLACEMENT_3D('',#5204,#4160,#4161);
#3644=AXIS2_PLACEMENT_3D('',#5206,#4162,#4163);
#3645=AXIS2_PLACEMENT_3D('',#5208,#4164,#4165);
#3646=AXIS2_PLACEMENT_3D('',#5209,#4166,#4167);
#3647=AXIS2_PLACEMENT_3D('',#5211,#4168,#4169);
#3648=AXIS2_PLACEMENT_3D('',#5213,#4171,#4172);
#3649=AXIS2_PLACEMENT_3D('',#5220,#4176,#4177);
#3650=AXIS2_PLACEMENT_3D('',#5222,#4178,#4179);
#3651=AXIS2_PLACEMENT_3D('',#5223,#4180,#4181);
#3652=AXIS2_PLACEMENT_3D('',#5225,#4183,#4184);
#3653=AXIS2_PLACEMENT_3D('',#5228,#4185,#4186);
#3654=AXIS2_PLACEMENT_3D('',#5232,#4188,#4189);
#3655=AXIS2_PLACEMENT_3D('',#5234,#4191,#4192);
#3656=AXIS2_PLACEMENT_3D('',#5240,#4196,#4197);
#3657=AXIS2_PLACEMENT_3D('',#5247,#4201,#4202);
#3658=AXIS2_PLACEMENT_3D('',#5248,#4203,#4204);
#3659=AXIS2_PLACEMENT_3D('',#5250,#4205,#4206);
#3660=AXIS2_PLACEMENT_3D('',#5252,#4208,#4209);
#3661=AXIS2_PLACEMENT_3D('',#5258,#4213,#4214);
#3662=AXIS2_PLACEMENT_3D('',#5260,#4216,#4217);
#3663=AXIS2_PLACEMENT_3D('',#5263,#4218,#4219);
#3664=AXIS2_PLACEMENT_3D('',#5267,#4221,#4222);
#3665=AXIS2_PLACEMENT_3D('',#5269,#4224,#4225);
#3666=AXIS2_PLACEMENT_3D('',#5275,#4229,#4230);
#3667=AXIS2_PLACEMENT_3D('',#5279,#4232,#4233);
#3668=AXIS2_PLACEMENT_3D('',#5283,#4236,#4237);
#3669=AXIS2_PLACEMENT_3D('',#5286,#4238,#4239);
#3670=AXIS2_PLACEMENT_3D('',#5289,#4242,#4243);
#3671=AXIS2_PLACEMENT_3D('',#5293,#4246,#4247);
#3672=AXIS2_PLACEMENT_3D('',#5296,#4248,#4249);
#3673=AXIS2_PLACEMENT_3D('',#5300,#4251,#4252);
#3674=AXIS2_PLACEMENT_3D('',#5302,#4254,#4255);
#3675=AXIS2_PLACEMENT_3D('',#5308,#4259,#4260);
#3676=AXIS2_PLACEMENT_3D('',#5312,#4262,#4263);
#3677=AXIS2_PLACEMENT_3D('',#5317,#4266,#4267);
#3678=AXIS2_PLACEMENT_3D('',#5319,#4268,#4269);
#3679=AXIS2_PLACEMENT_3D('',#5320,#4270,#4271);
#3680=AXIS2_PLACEMENT_3D('',#5323,#4272,#4273);
#3681=AXIS2_PLACEMENT_3D('',#5326,#4276,#4277);
#3682=AXIS2_PLACEMENT_3D('',#5330,#4280,#4281);
#3683=AXIS2_PLACEMENT_3D('',#5333,#4282,#4283);
#3684=AXIS2_PLACEMENT_3D('',#5337,#4285,#4286);
#3685=AXIS2_PLACEMENT_3D('',#5339,#4288,#4289);
#3686=AXIS2_PLACEMENT_3D('',#5345,#4293,#4294);
#3687=AXIS2_PLACEMENT_3D('',#5349,#4296,#4297);
#3688=AXIS2_PLACEMENT_3D('',#5353,#4300,#4301);
#3689=AXIS2_PLACEMENT_3D('',#5356,#4302,#4303);
#3690=AXIS2_PLACEMENT_3D('',#5359,#4306,#4307);
#3691=AXIS2_PLACEMENT_3D('',#5363,#4310,#4311);
#3692=AXIS2_PLACEMENT_3D('',#5366,#4313,#4314);
#3693=AXIS2_PLACEMENT_3D('',#5367,#4315,#4316);
#3694=AXIS2_PLACEMENT_3D('',#5369,#4318,#4319);
#3695=AXIS2_PLACEMENT_3D('',#5372,#4321,#4322);
#3696=AXIS2_PLACEMENT_3D('',#5373,#4323,#4324);
#3697=AXIS2_PLACEMENT_3D('',#5375,#4326,#4327);
#3698=AXIS2_PLACEMENT_3D('',#5377,#4328,#4329);
#3699=AXIS2_PLACEMENT_3D('',#5380,#4331,#4332);
#3700=AXIS2_PLACEMENT_3D('',#5381,#4333,#4334);
#3701=AXIS2_PLACEMENT_3D('',#5385,#4337,#4338);
#3702=AXIS2_PLACEMENT_3D('',#5386,#4339,#4340);
#3703=AXIS2_PLACEMENT_3D('',#5388,#4341,#4342);
#3704=AXIS2_PLACEMENT_3D('',#5390,#4344,#4345);
#3705=AXIS2_PLACEMENT_3D('',#5391,#4346,#4347);
#3706=AXIS2_PLACEMENT_3D('',#5393,#4349,#4350);
#3707=AXIS2_PLACEMENT_3D('',#5415,#4362,#4363);
#3708=AXIS2_PLACEMENT_3D('',#5419,#4366,#4367);
#3709=AXIS2_PLACEMENT_3D('',#5439,#4378,#4379);
#3710=AXIS2_PLACEMENT_3D('',#5440,#4380,#4381);
#3711=AXIS2_PLACEMENT_3D('',#5441,#4382,#4383);
#3712=AXIS2_PLACEMENT_3D('',#5442,#4384,#4385);
#3713=AXIS2_PLACEMENT_3D('',#5445,#4388,#4389);
#3714=AXIS2_PLACEMENT_3D('',#5446,#4390,#4391);
#3715=AXIS2_PLACEMENT_3D('',#5447,#4392,#4393);
#3716=AXIS2_PLACEMENT_3D('',#5449,#4395,#4396);
#3717=AXIS2_PLACEMENT_3D('',#5450,#4397,#4398);
#3718=AXIS2_PLACEMENT_3D('',#5451,#4399,#4400);
#3719=AXIS2_PLACEMENT_3D('',#5452,#4401,#4402);
#3720=AXIS2_PLACEMENT_3D('',#5453,#4403,#4404);
#3721=AXIS2_PLACEMENT_3D('',#5454,#4405,#4406);
#3722=AXIS2_PLACEMENT_3D('',#5457,#4409,#4410);
#3723=AXIS2_PLACEMENT_3D('',#5458,#4411,#4412);
#3724=AXIS2_PLACEMENT_3D('',#5459,#4413,#4414);
#3725=AXIS2_PLACEMENT_3D('',#5461,#4416,#4417);
#3726=AXIS2_PLACEMENT_3D('',#5462,#4418,#4419);
#3727=AXIS2_PLACEMENT_3D('',#5463,#4420,#4421);
#3728=AXIS2_PLACEMENT_3D('',#5465,#4423,#4424);
#3729=AXIS2_PLACEMENT_3D('',#5467,#4426,#4427);
#3730=AXIS2_PLACEMENT_3D('',#5469,#4429,#4430);
#3731=AXIS2_PLACEMENT_3D('',#5470,#4431,#4432);
#3732=AXIS2_PLACEMENT_3D('',#5472,#4434,#4435);
#3733=AXIS2_PLACEMENT_3D('',#5473,#4436,#4437);
#3734=AXIS2_PLACEMENT_3D('',#5475,#4438,#4439);
#3735=AXIS2_PLACEMENT_3D('',#5478,#4441,#4442);
#3736=AXIS2_PLACEMENT_3D('',#5479,#4443,#4444);
#3737=AXIS2_PLACEMENT_3D('',#5481,#4446,#4447);
#3738=AXIS2_PLACEMENT_3D('',#5483,#4448,#4449);
#3739=AXIS2_PLACEMENT_3D('',#5486,#4451,#4452);
#3740=AXIS2_PLACEMENT_3D('',#5487,#4453,#4454);
#3741=AXIS2_PLACEMENT_3D('',#5489,#4456,#4457);
#3742=AXIS2_PLACEMENT_3D('',#5492,#4459,#4460);
#3743=AXIS2_PLACEMENT_3D('',#5495,#4462,#4463);
#3744=AXIS2_PLACEMENT_3D('',#5496,#4464,#4465);
#3745=AXIS2_PLACEMENT_3D('',#5498,#4466,#4467);
#3746=AXIS2_PLACEMENT_3D('',#5500,#4469,#4470);
#3747=AXIS2_PLACEMENT_3D('',#5503,#4472,#4473);
#3748=AXIS2_PLACEMENT_3D('',#5504,#4474,#4475);
#3749=AXIS2_PLACEMENT_3D('',#5506,#4477,#4478);
#3750=AXIS2_PLACEMENT_3D('',#5507,#4479,#4480);
#3751=AXIS2_PLACEMENT_3D('',#5509,#4482,#4483);
#3752=AXIS2_PLACEMENT_3D('',#5531,#4495,#4496);
#3753=AXIS2_PLACEMENT_3D('',#5535,#4499,#4500);
#3754=AXIS2_PLACEMENT_3D('',#5555,#4511,#4512);
#3755=AXIS2_PLACEMENT_3D('',#5557,#4514,#4515);
#3756=AXIS2_PLACEMENT_3D('',#5558,#4516,#4517);
#3757=AXIS2_PLACEMENT_3D('',#5559,#4518,#4519);
#3758=AXIS2_PLACEMENT_3D('',#5560,#4520,#4521);
#3759=AXIS2_PLACEMENT_3D('',#5562,#4523,#4524);
#3760=AXIS2_PLACEMENT_3D('',#5564,#4526,#4527);
#3761=AXIS2_PLACEMENT_3D('',#5565,#4528,#4529);
#3762=AXIS2_PLACEMENT_3D('',#5567,#4531,#4532);
#3763=AXIS2_PLACEMENT_3D('',#5568,#4533,#4534);
#3764=AXIS2_PLACEMENT_3D('',#5569,#4535,#4536);
#3765=AXIS2_PLACEMENT_3D('',#5571,#4538,#4539);
#3766=AXIS2_PLACEMENT_3D('',#5572,#4540,#4541);
#3767=AXIS2_PLACEMENT_3D('',#5573,#4542,#4543);
#3768=AXIS2_PLACEMENT_3D('',#5574,#4544,#4545);
#3769=AXIS2_PLACEMENT_3D('',#5576,#4547,#4548);
#3770=AXIS2_PLACEMENT_3D('',#5578,#4550,#4551);
#3771=AXIS2_PLACEMENT_3D('',#5579,#4552,#4553);
#3772=AXIS2_PLACEMENT_3D('',#5581,#4555,#4556);
#3773=AXIS2_PLACEMENT_3D('',#5582,#4557,#4558);
#3774=AXIS2_PLACEMENT_3D('',#5583,#4559,#4560);
#3775=AXIS2_PLACEMENT_3D('',#5585,#4562,#4563);
#3776=AXIS2_PLACEMENT_3D('',#5587,#4565,#4566);
#3777=AXIS2_PLACEMENT_3D('',#5589,#4568,#4569);
#3778=AXIS2_PLACEMENT_3D('',#5590,#4570,#4571);
#3779=AXIS2_PLACEMENT_3D('',#5592,#4573,#4574);
#3780=AXIS2_PLACEMENT_3D('',#5593,#4575,#4576);
#3781=AXIS2_PLACEMENT_3D('',#5595,#4577,#4578);
#3782=AXIS2_PLACEMENT_3D('',#5598,#4580,#4581);
#3783=AXIS2_PLACEMENT_3D('',#5599,#4582,#4583);
#3784=AXIS2_PLACEMENT_3D('',#5602,#4585,#4586);
#3785=AXIS2_PLACEMENT_3D('',#5604,#4588,#4589);
#3786=AXIS2_PLACEMENT_3D('',#5607,#4591,#4592);
#3787=AXIS2_PLACEMENT_3D('',#5608,#4593,#4594);
#3788=AXIS2_PLACEMENT_3D('',#5609,#4595,#4596);
#3789=AXIS2_PLACEMENT_3D('',#5611,#4598,#4599);
#3790=AXIS2_PLACEMENT_3D('',#5613,#4600,#4601);
#3791=AXIS2_PLACEMENT_3D('',#5616,#4603,#4604);
#3792=AXIS2_PLACEMENT_3D('',#5617,#4605,#4606);
#3793=AXIS2_PLACEMENT_3D('',#5619,#4608,#4609);
#3794=AXIS2_PLACEMENT_3D('',#5621,#4610,#4611);
#3795=AXIS2_PLACEMENT_3D('',#5623,#4613,#4614);
#3796=AXIS2_PLACEMENT_3D('',#5626,#4616,#4617);
#3797=AXIS2_PLACEMENT_3D('',#5627,#4618,#4619);
#3798=AXIS2_PLACEMENT_3D('',#5629,#4621,#4622);
#3799=AXIS2_PLACEMENT_3D('',#5632,#4625,#4626);
#3800=AXIS2_PLACEMENT_3D('',#5634,#4628,#4629);
#3801=AXIS2_PLACEMENT_3D('',#5636,#4631,#4632);
#3802=AXIS2_PLACEMENT_3D('',#5637,#4633,#4634);
#3803=AXIS2_PLACEMENT_3D('',#5638,#4635,#4636);
#3804=AXIS2_PLACEMENT_3D('',#5640,#4637,#4638);
#3805=AXIS2_PLACEMENT_3D('',#5643,#4640,#4641);
#3806=AXIS2_PLACEMENT_3D('',#5644,#4642,#4643);
#3807=AXIS2_PLACEMENT_3D('',#5646,#4644,#4645);
#3808=AXIS2_PLACEMENT_3D('',#5649,#4647,#4648);
#3809=AXIS2_PLACEMENT_3D('',#5650,#4649,#4650);
#3810=AXIS2_PLACEMENT_3D('',#5652,#4651,#4652);
#3811=AXIS2_PLACEMENT_3D('',#5655,#4654,#4655);
#3812=AXIS2_PLACEMENT_3D('',#5656,#4656,#4657);
#3813=AXIS2_PLACEMENT_3D('',#5658,#4658,#4659);
#3814=AXIS2_PLACEMENT_3D('',#5661,#4661,#4662);
#3815=AXIS2_PLACEMENT_3D('',#5662,#4663,#4664);
#3816=AXIS2_PLACEMENT_3D('',#5665,#4665,#4666);
#3817=AXIS2_PLACEMENT_3D('',#5669,#4668,#4669);
#3818=AXIS2_PLACEMENT_3D('',#5671,#4671,#4672);
#3819=AXIS2_PLACEMENT_3D('',#5677,#4676,#4677);
#3820=AXIS2_PLACEMENT_3D('',#5681,#4679,#4680);
#3821=AXIS2_PLACEMENT_3D('',#5685,#4683,#4684);
#3822=AXIS2_PLACEMENT_3D('',#5688,#4685,#4686);
#3823=AXIS2_PLACEMENT_3D('',#5691,#4689,#4690);
#3824=AXIS2_PLACEMENT_3D('',#5695,#4693,#4694);
#3825=AXIS2_PLACEMENT_3D('',#5698,#4695,#4696);
#3826=AXIS2_PLACEMENT_3D('',#5702,#4698,#4699);
#3827=AXIS2_PLACEMENT_3D('',#5704,#4701,#4702);
#3828=AXIS2_PLACEMENT_3D('',#5710,#4706,#4707);
#3829=AXIS2_PLACEMENT_3D('',#5714,#4709,#4710);
#3830=AXIS2_PLACEMENT_3D('',#5718,#4713,#4714);
#3831=AXIS2_PLACEMENT_3D('',#5721,#4715,#4716);
#3832=AXIS2_PLACEMENT_3D('',#5724,#4719,#4720);
#3833=AXIS2_PLACEMENT_3D('',#5728,#4723,#4724);
#3834=AXIS2_PLACEMENT_3D('',#5731,#4726,#4727);
#3835=AXIS2_PLACEMENT_3D('',#5734,#4729,#4730);
#3836=AXIS2_PLACEMENT_3D('',#5735,#4731,#4732);
#3837=AXIS2_PLACEMENT_3D('',#5737,#4733,#4734);
#3838=AXIS2_PLACEMENT_3D('',#5739,#4736,#4737);
#3839=AXIS2_PLACEMENT_3D('',#5742,#4739,#4740);
#3840=AXIS2_PLACEMENT_3D('',#5743,#4741,#4742);
#3841=AXIS2_PLACEMENT_3D('',#5745,#4744,#4745);
#3842=AXIS2_PLACEMENT_3D('',#5746,#4746,#4747);
#3843=AXIS2_PLACEMENT_3D('',#5748,#4749,#4750);
#3844=AXIS2_PLACEMENT_3D('',#5751,#4752,#4753);
#3845=AXIS2_PLACEMENT_3D('',#5754,#4755,#4756);
#3846=AXIS2_PLACEMENT_3D('',#5755,#4757,#4758);
#3847=AXIS2_PLACEMENT_3D('',#5757,#4759,#4760);
#3848=AXIS2_PLACEMENT_3D('',#5759,#4762,#4763);
#3849=AXIS2_PLACEMENT_3D('',#5762,#4765,#4766);
#3850=AXIS2_PLACEMENT_3D('',#5763,#4767,#4768);
#3851=AXIS2_PLACEMENT_3D('',#5765,#4770,#4771);
#3852=AXIS2_PLACEMENT_3D('',#5766,#4772,#4773);
#3853=AXIS2_PLACEMENT_3D('',#5768,#4775,#4776);
#3854=AXIS2_PLACEMENT_3D('',#5771,#4779,#4780);
#3855=AXIS2_PLACEMENT_3D('',#5773,#4782,#4783);
#3856=AXIS2_PLACEMENT_3D('',#5775,#4785,#4786);
#3857=AXIS2_PLACEMENT_3D('',#5776,#4787,#4788);
#3858=AXIS2_PLACEMENT_3D('',#5777,#4789,#4790);
#3859=AXIS2_PLACEMENT_3D('',#5786,#4795,#4796);
#3860=AXIS2_PLACEMENT_3D('',#5788,#4797,#4798);
#3861=AXIS2_PLACEMENT_3D('',#5810,#4810,#4811);
#3862=AXIS2_PLACEMENT_3D('',#5816,#4815,#4816);
#3863=AXIS2_PLACEMENT_3D('',#5822,#4820,#4821);
#3864=AXIS2_PLACEMENT_3D('',#5828,#4825,#4826);
#3865=AXIS2_PLACEMENT_3D('',#5832,#4829,#4830);
#3866=AXIS2_PLACEMENT_3D('',#5838,#4834,#4835);
#3867=AXIS2_PLACEMENT_3D('',#5844,#4839,#4840);
#3868=AXIS2_PLACEMENT_3D('',#5848,#4843,#4844);
#3869=AXIS2_PLACEMENT_3D('',#5850,#4846,#4847);
#3870=AXIS2_PLACEMENT_3D('',#5856,#4851,#4852);
#3871=AXIS2_PLACEMENT_3D('',#5862,#4856,#4857);
#3872=AXIS2_PLACEMENT_3D('',#5866,#4860,#4861);
#3873=AXIS2_PLACEMENT_3D('',#5868,#4863,#4864);
#3874=AXIS2_PLACEMENT_3D('',#5872,#4867,#4868);
#3875=AXIS2_PLACEMENT_3D('',#5874,#4870,#4871);
#3876=AXIS2_PLACEMENT_3D('',#5876,#4873,#4874);
#3877=AXIS2_PLACEMENT_3D('',#5877,#4875,#4876);
#3878=AXIS2_PLACEMENT_3D('',#5880,#4877,#4878);
#3879=AXIS2_PLACEMENT_3D('',#5881,#4879,#4880);
#3880=AXIS2_PLACEMENT_3D('',#5883,#4881,#4882);
#3881=AXIS2_PLACEMENT_3D('',#5885,#4883,#4884);
#3882=AXIS2_PLACEMENT_3D('',#5886,#4885,#4886);
#3883=AXIS2_PLACEMENT_3D('',#5887,#4887,#4888);
#3884=AXIS2_PLACEMENT_3D('',#5890,#4890,#4891);
#3885=AXIS2_PLACEMENT_3D('',#5891,#4892,#4893);
#3886=AXIS2_PLACEMENT_3D('',#5893,#4894,#4895);
#3887=AXIS2_PLACEMENT_3D('',#5895,#4897,#4898);
#3888=AXIS2_PLACEMENT_3D('',#5897,#4899,#4900);
#3889=AXIS2_PLACEMENT_3D('',#5899,#4902,#4903);
#3890=AXIS2_PLACEMENT_3D('',#5901,#4904,#4905);
#3891=AXIS2_PLACEMENT_3D('',#5903,#4907,#4908);
#3892=AXIS2_PLACEMENT_3D('',#5904,#4909,#4910);
#3893=AXIS2_PLACEMENT_3D('',#5906,#4912,#4913);
#3894=AXIS2_PLACEMENT_3D('',#5935,#4914,#4915);
#3895=AXIS2_PLACEMENT_3D('',#5937,#4916,#4917);
#3896=AXIS2_PLACEMENT_3D('',#5938,#4918,#4919);
#3897=AXIS2_PLACEMENT_3D('',#5939,#4920,#4921);
#3898=AXIS2_PLACEMENT_3D('',#5940,#4922,#4923);
#3899=AXIS2_PLACEMENT_3D('',#5942,#4924,#4925);
#3900=AXIS2_PLACEMENT_3D('',#5945,#4927,#4928);
#3901=AXIS2_PLACEMENT_3D('',#5946,#4929,#4930);
#3902=AXIS2_PLACEMENT_3D('',#5947,#4931,#4932);
#3903=AXIS2_PLACEMENT_3D('',#5948,#4933,#4934);
#3904=AXIS2_PLACEMENT_3D('',#5949,#4935,#4936);
#3905=AXIS2_PLACEMENT_3D('',#5950,#4937,#4938);
#3906=AXIS2_PLACEMENT_3D('',#5951,#4939,#4940);
#3907=AXIS2_PLACEMENT_3D('',#5952,#4941,#4942);
#3908=AXIS2_PLACEMENT_3D('',#5953,#4943,#4944);
#3909=AXIS2_PLACEMENT_3D('',#5954,#4945,#4946);
#3910=AXIS2_PLACEMENT_3D('',#5955,#4947,#4948);
#3911=AXIS2_PLACEMENT_3D('',#5956,#4949,#4950);
#3912=AXIS2_PLACEMENT_3D('',#5957,#4951,#4952);
#3913=DIRECTION('axis',(0.,0.,1.));
#3914=DIRECTION('refdir',(1.,0.,0.));
#3915=DIRECTION('axis',(0.,0.,1.));
#3916=DIRECTION('refdir',(1.,0.,0.));
#3917=DIRECTION('center_axis',(-2.20363853850355E-17,0.707106781186546,
-0.707106781186549));
#3918=DIRECTION('ref_axis',(-2.87271276338629E-17,-0.707106781186549,-0.707106781186546));
#3919=DIRECTION('',(2.83739804321797E-17,0.707106781186549,0.707106781186546));
#3920=DIRECTION('',(-1.,0.,3.11641550771974E-17));
#3921=DIRECTION('',(-2.87271276338629E-17,-0.707106781186549,-0.707106781186546));
#3922=DIRECTION('',(-1.,0.,3.11641550771974E-17));
#3923=DIRECTION('center_axis',(-2.20363853850355E-17,0.707106781186546,
-0.707106781186549));
#3924=DIRECTION('ref_axis',(-2.87271276338629E-17,-0.707106781186549,-0.707106781186546));
#3925=DIRECTION('',(-1.60592292742393E-16,0.707106781186549,0.707106781186546));
#3926=DIRECTION('',(-1.,0.,3.11641550771974E-17));
#3927=DIRECTION('',(1.60945439944076E-16,-0.707106781186549,-0.707106781186546));
#3928=DIRECTION('',(-1.,0.,3.11641550771974E-17));
#3929=DIRECTION('center_axis',(-1.,0.,3.11641550771974E-17));
#3930=DIRECTION('ref_axis',(-2.20363853850354E-17,-0.70710678118655,-0.707106781186545));
#3931=DIRECTION('center_axis',(1.,2.49712781067288E-19,-4.03765807267647E-17));
#3932=DIRECTION('ref_axis',(-2.20363853850354E-17,-0.70710678118655,-0.707106781186545));
#3933=DIRECTION('',(-1.,0.,3.11641550771974E-17));
#3934=DIRECTION('center_axis',(-1.,2.49712781067285E-19,4.03765807267647E-17));
#3935=DIRECTION('ref_axis',(-2.20363853850354E-17,-0.70710678118655,-0.707106781186545));
#3936=DIRECTION('center_axis',(-1.,0.,3.11641550771974E-17));
#3937=DIRECTION('ref_axis',(-2.20363853850357E-17,0.707106781186541,-0.707106781186554));
#3938=DIRECTION('center_axis',(1.,2.49712781067288E-19,-4.03765807267647E-17));
#3939=DIRECTION('ref_axis',(-2.20363853850357E-17,0.707106781186541,-0.707106781186554));
#3940=DIRECTION('center_axis',(-1.,2.49712781067285E-19,4.03765807267647E-17));
#3941=DIRECTION('ref_axis',(-2.20363853850357E-17,0.707106781186541,-0.707106781186554));
#3942=DIRECTION('',(-1.,0.,3.11641550771974E-17));
#3943=DIRECTION('center_axis',(-1.,0.,3.11641550771974E-17));
#3944=DIRECTION('ref_axis',(-2.20363853850357E-17,0.707106781186541,-0.707106781186554));
#3945=DIRECTION('center_axis',(1.,1.86735217682117E-16,4.03765807267646E-17));
#3946=DIRECTION('ref_axis',(-2.20363853850357E-17,0.707106781186541,-0.707106781186554));
#3947=DIRECTION('center_axis',(-1.,-1.87234643244252E-16,-4.03765807267647E-17));
#3948=DIRECTION('ref_axis',(-2.20363853850357E-17,0.707106781186541,-0.707106781186554));
#3949=DIRECTION('',(-1.,0.,3.11641550771974E-17));
#3950=DIRECTION('center_axis',(2.20363853850355E-17,-0.707106781186546,
0.707106781186549));
#3951=DIRECTION('ref_axis',(2.87271276338629E-17,0.707106781186549,0.707106781186546));
#3952=DIRECTION('',(-2.83739804321797E-17,-0.707106781186549,-0.707106781186546));
#3953=DIRECTION('',(2.87271276338629E-17,0.707106781186549,0.707106781186546));
#3954=DIRECTION('center_axis',(2.20363853850355E-17,-0.707106781186546,
0.707106781186549));
#3955=DIRECTION('ref_axis',(2.87271276338629E-17,0.707106781186549,0.707106781186546));
#3956=DIRECTION('',(1.60592292742393E-16,-0.707106781186549,-0.707106781186546));
#3957=DIRECTION('',(-1.60945439944076E-16,0.707106781186549,0.707106781186546));
#3958=DIRECTION('',(-1.,0.,3.11641550771974E-17));
#3959=DIRECTION('center_axis',(-1.,0.,3.11641550771974E-17));
#3960=DIRECTION('ref_axis',(-2.20363853850354E-17,-0.70710678118655,-0.707106781186545));
#3961=DIRECTION('center_axis',(1.,1.86735217682117E-16,4.03765807267646E-17));
#3962=DIRECTION('ref_axis',(-2.20363853850354E-17,-0.70710678118655,-0.707106781186545));
#3963=DIRECTION('center_axis',(-1.,-1.87234643244252E-16,-4.03765807267647E-17));
#3964=DIRECTION('ref_axis',(-2.20363853850354E-17,-0.70710678118655,-0.707106781186545));
#3965=DIRECTION('center_axis',(3.30545780775532E-17,-0.707106781186546,
0.707106781186549));
#3966=DIRECTION('ref_axis',(2.87271276338629E-17,0.707106781186549,0.707106781186546));
#3967=DIRECTION('',(-2.83739804321797E-17,-0.707106781186549,-0.707106781186546));
#3968=DIRECTION('',(-1.,0.,4.67462326157961E-17));
#3969=DIRECTION('',(2.87271276338629E-17,0.707106781186549,0.707106781186546));
#3970=DIRECTION('',(-1.,0.,4.67462326157961E-17));
#3971=DIRECTION('center_axis',(3.30545780775532E-17,-0.707106781186546,
0.707106781186549));
#3972=DIRECTION('ref_axis',(2.87271276338629E-17,0.707106781186549,0.707106781186546));
#3973=DIRECTION('',(1.60592292742393E-16,-0.707106781186549,-0.707106781186546));
#3974=DIRECTION('',(-1.,0.,4.67462326157961E-17));
#3975=DIRECTION('',(-1.60945439944076E-16,0.707106781186549,0.707106781186546));
#3976=DIRECTION('',(-1.,0.,4.67462326157961E-17));
#3977=DIRECTION('center_axis',(-1.,0.,4.67462326157961E-17));
#3978=DIRECTION('ref_axis',(3.30545780775531E-17,0.707106781186548,0.707106781186547));
#3979=DIRECTION('center_axis',(1.,2.49712781067288E-19,-4.03765807267647E-17));
#3980=DIRECTION('ref_axis',(-3.30545780775532E-17,-0.707106781186548,-0.707106781186548));
#3981=DIRECTION('',(-1.,0.,4.67462326157961E-17));
#3982=DIRECTION('center_axis',(-1.,2.49712781067285E-19,4.03765807267647E-17));
#3983=DIRECTION('ref_axis',(-3.30545780775532E-17,-0.707106781186548,-0.707106781186548));
#3984=DIRECTION('center_axis',(-1.,0.,4.67462326157961E-17));
#3985=DIRECTION('ref_axis',(-3.30545780775532E-17,-0.707106781186547,-0.707106781186548));
#3986=DIRECTION('center_axis',(1.,2.49712781067288E-19,-4.03765807267647E-17));
#3987=DIRECTION('ref_axis',(3.3054578077553E-17,0.707106781186551,0.707106781186544));
#3988=DIRECTION('center_axis',(-1.,2.49712781067285E-19,4.03765807267647E-17));
#3989=DIRECTION('ref_axis',(3.3054578077553E-17,0.707106781186551,0.707106781186544));
#3990=DIRECTION('',(-1.,0.,4.67462326157961E-17));
#3991=DIRECTION('center_axis',(-1.,0.,4.67462326157961E-17));
#3992=DIRECTION('ref_axis',(-3.30545780775532E-17,-0.707106781186547,-0.707106781186548));
#3993=DIRECTION('center_axis',(1.,1.86735217682117E-16,4.03765807267646E-17));
#3994=DIRECTION('ref_axis',(3.3054578077553E-17,0.707106781186551,0.707106781186544));
#3995=DIRECTION('center_axis',(-1.,-1.87234643244252E-16,-4.03765807267647E-17));
#3996=DIRECTION('ref_axis',(3.3054578077553E-17,0.707106781186551,0.707106781186544));
#3997=DIRECTION('',(-1.,0.,4.67462326157961E-17));
#3998=DIRECTION('center_axis',(-3.30545780775531E-17,0.707106781186548,
-0.707106781186547));
#3999=DIRECTION('ref_axis',(-2.8727127633863E-17,-0.707106781186547,-0.707106781186548));
#4000=DIRECTION('',(2.83739804321798E-17,0.707106781186547,0.707106781186548));
#4001=DIRECTION('',(-2.8727127633863E-17,-0.707106781186547,-0.707106781186548));
#4002=DIRECTION('center_axis',(-3.30545780775531E-17,0.707106781186548,
-0.707106781186547));
#4003=DIRECTION('ref_axis',(-2.8727127633863E-17,-0.707106781186547,-0.707106781186548));
#4004=DIRECTION('',(-1.60592292742392E-16,0.707106781186547,0.707106781186548));
#4005=DIRECTION('',(1.60945439944076E-16,-0.707106781186547,-0.707106781186548));
#4006=DIRECTION('',(-1.,0.,4.67462326157961E-17));
#4007=DIRECTION('center_axis',(-1.,0.,4.67462326157961E-17));
#4008=DIRECTION('ref_axis',(3.30545780775531E-17,0.707106781186548,0.707106781186547));
#4009=DIRECTION('center_axis',(1.,1.86735217682117E-16,4.03765807267646E-17));
#4010=DIRECTION('ref_axis',(-3.30545780775532E-17,-0.707106781186548,-0.707106781186548));
#4011=DIRECTION('center_axis',(-1.,-1.87234643244252E-16,-4.03765807267647E-17));
#4012=DIRECTION('ref_axis',(-3.30545780775532E-17,-0.707106781186548,-0.707106781186548));
#4013=DIRECTION('center_axis',(-2.20363853850355E-17,0.707106781186547,
-0.707106781186548));
#4014=DIRECTION('ref_axis',(-2.8727127633863E-17,-0.707106781186548,-0.707106781186547));
#4015=DIRECTION('',(2.83739804321797E-17,0.707106781186548,0.707106781186547));
#4016=DIRECTION('',(-1.,0.,3.11641550771974E-17));
#4017=DIRECTION('',(-2.8727127633863E-17,-0.707106781186548,-0.707106781186547));
#4018=DIRECTION('',(-1.,0.,3.11641550771974E-17));
#4019=DIRECTION('center_axis',(-2.20363853850355E-17,0.707106781186547,
-0.707106781186548));
#4020=DIRECTION('ref_axis',(-2.8727127633863E-17,-0.707106781186548,-0.707106781186547));
#4021=DIRECTION('',(-1.60592292742392E-16,0.707106781186548,0.707106781186547));
#4022=DIRECTION('',(-1.,0.,3.11641550771974E-17));
#4023=DIRECTION('',(1.60945439944076E-16,-0.707106781186548,-0.707106781186547));
#4024=DIRECTION('',(-1.,0.,3.11641550771974E-17));
#4025=DIRECTION('center_axis',(-1.,0.,3.11641550771974E-17));
#4026=DIRECTION('ref_axis',(-2.20363853850354E-17,-0.70710678118655,-0.707106781186545));
#4027=DIRECTION('center_axis',(1.,2.49712781067288E-19,-4.03765807267647E-17));
#4028=DIRECTION('ref_axis',(-2.20363853850354E-17,-0.70710678118655,-0.707106781186545));
#4029=DIRECTION('',(-1.,0.,3.11641550771974E-17));
#4030=DIRECTION('center_axis',(-1.,2.49712781067285E-19,4.03765807267647E-17));
#4031=DIRECTION('ref_axis',(-2.20363853850354E-17,-0.70710678118655,-0.707106781186545));
#4032=DIRECTION('center_axis',(-1.,0.,3.11641550771974E-17));
#4033=DIRECTION('ref_axis',(-2.20363853850355E-17,0.707106781186545,-0.70710678118655));
#4034=DIRECTION('center_axis',(1.,2.49712781067288E-19,-4.03765807267647E-17));
#4035=DIRECTION('ref_axis',(-2.20363853850355E-17,0.707106781186545,-0.70710678118655));
#4036=DIRECTION('center_axis',(-1.,2.49712781067285E-19,4.03765807267647E-17));
#4037=DIRECTION('ref_axis',(-2.20363853850355E-17,0.707106781186545,-0.70710678118655));
#4038=DIRECTION('',(-1.,0.,3.11641550771974E-17));
#4039=DIRECTION('center_axis',(-1.,0.,3.11641550771974E-17));
#4040=DIRECTION('ref_axis',(-2.20363853850355E-17,0.707106781186545,-0.70710678118655));
#4041=DIRECTION('center_axis',(1.,1.86735217682117E-16,4.03765807267646E-17));
#4042=DIRECTION('ref_axis',(-2.20363853850355E-17,0.707106781186545,-0.70710678118655));
#4043=DIRECTION('center_axis',(-1.,-1.87234643244252E-16,-4.03765807267647E-17));
#4044=DIRECTION('ref_axis',(-2.20363853850355E-17,0.707106781186545,-0.70710678118655));
#4045=DIRECTION('',(-1.,0.,3.11641550771974E-17));
#4046=DIRECTION('center_axis',(2.20363853850355E-17,-0.707106781186547,
0.707106781186548));
#4047=DIRECTION('ref_axis',(2.8727127633863E-17,0.707106781186548,0.707106781186547));
#4048=DIRECTION('',(-2.83739804321797E-17,-0.707106781186548,-0.707106781186547));
#4049=DIRECTION('',(2.8727127633863E-17,0.707106781186548,0.707106781186547));
#4050=DIRECTION('center_axis',(2.20363853850355E-17,-0.707106781186547,
0.707106781186548));
#4051=DIRECTION('ref_axis',(2.8727127633863E-17,0.707106781186548,0.707106781186547));
#4052=DIRECTION('',(1.60592292742392E-16,-0.707106781186548,-0.707106781186547));
#4053=DIRECTION('',(-1.60945439944076E-16,0.707106781186548,0.707106781186547));
#4054=DIRECTION('',(-1.,0.,3.11641550771974E-17));
#4055=DIRECTION('center_axis',(-1.,0.,3.11641550771974E-17));
#4056=DIRECTION('ref_axis',(-2.20363853850354E-17,-0.70710678118655,-0.707106781186545));
#4057=DIRECTION('center_axis',(1.,1.86735217682117E-16,4.03765807267646E-17));
#4058=DIRECTION('ref_axis',(-2.20363853850354E-17,-0.70710678118655,-0.707106781186545));
#4059=DIRECTION('center_axis',(-1.,-1.87234643244252E-16,-4.03765807267647E-17));
#4060=DIRECTION('ref_axis',(-2.20363853850354E-17,-0.70710678118655,-0.707106781186545));
#4061=DIRECTION('center_axis',(-2.20363853850355E-17,0.707106781186546,
-0.707106781186549));
#4062=DIRECTION('ref_axis',(-2.87271276338629E-17,-0.707106781186549,-0.707106781186546));
#4063=DIRECTION('',(2.83739804321797E-17,0.707106781186549,0.707106781186546));
#4064=DIRECTION('',(-1.,0.,3.11641550771974E-17));
#4065=DIRECTION('',(-2.87271276338629E-17,-0.707106781186549,-0.707106781186546));
#4066=DIRECTION('',(-1.,0.,3.11641550771974E-17));
#4067=DIRECTION('center_axis',(-2.20363853850355E-17,0.707106781186546,
-0.707106781186549));
#4068=DIRECTION('ref_axis',(-2.87271276338629E-17,-0.707106781186549,-0.707106781186546));
#4069=DIRECTION('',(-1.60592292742393E-16,0.707106781186549,0.707106781186546));
#4070=DIRECTION('',(-1.,0.,3.11641550771974E-17));
#4071=DIRECTION('',(1.60945439944076E-16,-0.707106781186549,-0.707106781186546));
#4072=DIRECTION('',(-1.,0.,3.11641550771974E-17));
#4073=DIRECTION('center_axis',(-1.,0.,3.11641550771974E-17));
#4074=DIRECTION('ref_axis',(-2.20363853850354E-17,-0.707106781186548,-0.707106781186548));
#4075=DIRECTION('center_axis',(1.,2.49712781067288E-19,-4.03765807267647E-17));
#4076=DIRECTION('ref_axis',(-2.20363853850354E-17,-0.707106781186548,-0.707106781186548));
#4077=DIRECTION('',(-1.,0.,3.11641550771974E-17));
#4078=DIRECTION('center_axis',(-1.,2.49712781067285E-19,4.03765807267647E-17));
#4079=DIRECTION('ref_axis',(-2.20363853850354E-17,-0.707106781186548,-0.707106781186548));
#4080=DIRECTION('center_axis',(-1.,0.,3.11641550771974E-17));
#4081=DIRECTION('ref_axis',(-2.20363853850353E-17,0.707106781186552,-0.707106781186543));
#4082=DIRECTION('center_axis',(1.,2.49712781067288E-19,-4.03765807267647E-17));
#4083=DIRECTION('ref_axis',(-2.20363853850353E-17,0.707106781186552,-0.707106781186543));
#4084=DIRECTION('center_axis',(-1.,2.49712781067285E-19,4.03765807267647E-17));
#4085=DIRECTION('ref_axis',(-2.20363853850353E-17,0.707106781186552,-0.707106781186543));
#4086=DIRECTION('',(-1.,0.,3.11641550771974E-17));
#4087=DIRECTION('center_axis',(-1.,0.,3.11641550771974E-17));
#4088=DIRECTION('ref_axis',(-2.20363853850353E-17,0.707106781186552,-0.707106781186543));
#4089=DIRECTION('center_axis',(1.,1.86735217682117E-16,4.03765807267646E-17));
#4090=DIRECTION('ref_axis',(-2.20363853850353E-17,0.707106781186552,-0.707106781186543));
#4091=DIRECTION('center_axis',(-1.,-1.87234643244252E-16,-4.03765807267647E-17));
#4092=DIRECTION('ref_axis',(-2.20363853850353E-17,0.707106781186552,-0.707106781186543));
#4093=DIRECTION('',(-1.,0.,3.11641550771974E-17));
#4094=DIRECTION('center_axis',(2.20363853850355E-17,-0.707106781186547,
0.707106781186548));
#4095=DIRECTION('ref_axis',(2.8727127633863E-17,0.707106781186548,0.707106781186547));
#4096=DIRECTION('',(-2.83739804321797E-17,-0.707106781186548,-0.707106781186547));
#4097=DIRECTION('',(2.8727127633863E-17,0.707106781186548,0.707106781186547));
#4098=DIRECTION('center_axis',(2.20363853850355E-17,-0.707106781186547,
0.707106781186548));
#4099=DIRECTION('ref_axis',(2.8727127633863E-17,0.707106781186548,0.707106781186547));
#4100=DIRECTION('',(1.60592292742392E-16,-0.707106781186548,-0.707106781186547));
#4101=DIRECTION('',(-1.60945439944076E-16,0.707106781186548,0.707106781186547));
#4102=DIRECTION('',(-1.,0.,3.11641550771974E-17));
#4103=DIRECTION('center_axis',(-1.,0.,3.11641550771974E-17));
#4104=DIRECTION('ref_axis',(-2.20363853850354E-17,-0.707106781186548,-0.707106781186548));
#4105=DIRECTION('center_axis',(1.,1.86735217682117E-16,4.03765807267646E-17));
#4106=DIRECTION('ref_axis',(-2.20363853850354E-17,-0.707106781186548,-0.707106781186548));
#4107=DIRECTION('center_axis',(-1.,-1.87234643244252E-16,-4.03765807267647E-17));
#4108=DIRECTION('ref_axis',(-2.20363853850354E-17,-0.707106781186548,-0.707106781186548));
#4109=DIRECTION('center_axis',(1.71512449944288E-15,-2.49712781067289E-19,
1.));
#4110=DIRECTION('ref_axis',(0.707106781186551,-0.707106781186544,0.));
#4111=DIRECTION('center_axis',(-1.71512449944288E-15,2.49712781064657E-19,
-1.));
#4112=DIRECTION('ref_axis',(0.707106781186551,-0.707106781186544,0.));
#4113=DIRECTION('',(-1.71512449944288E-15,2.49712781067289E-19,-1.));
#4114=DIRECTION('center_axis',(1.71512449944288E-15,-2.49712781067302E-19,
1.));
#4115=DIRECTION('ref_axis',(0.707106781186551,-0.707106781186544,0.));
#4116=DIRECTION('',(1.71512449944288E-15,-2.49712781067289E-19,1.));
#4117=DIRECTION('center_axis',(-1.,2.49712781067288E-19,1.71512449944288E-15));
#4118=DIRECTION('ref_axis',(1.71512449944288E-15,-2.49712781067289E-19,
1.));
#4119=DIRECTION('',(2.49712781067289E-19,1.,2.49712781067288E-19));
#4120=DIRECTION('',(-1.71512449944288E-15,2.49712781067289E-19,-1.));
#4121=DIRECTION('',(2.49712781067289E-19,1.,2.49712781067288E-19));
#4122=DIRECTION('center_axis',(-1.71512449944288E-15,2.49712781067302E-19,
-1.));
#4123=DIRECTION('ref_axis',(-1.,2.49712781067288E-19,1.71512449944288E-15));
#4124=DIRECTION('',(-1.,2.49712781067288E-19,1.73598025867349E-15));
#4125=DIRECTION('',(-2.49712781067289E-19,-1.,-2.49712781067301E-19));
#4126=DIRECTION('',(-1.,2.49712781067288E-19,1.73598025867349E-15));
#4127=DIRECTION('center_axis',(1.71512449944288E-15,-2.49712781067302E-19,
1.));
#4128=DIRECTION('ref_axis',(0.707106781186546,0.707106781186549,0.));
#4129=DIRECTION('center_axis',(1.71512449944288E-15,-2.49712781067289E-19,
1.));
#4130=DIRECTION('ref_axis',(0.707106781186546,0.707106781186549,0.));
#4131=DIRECTION('center_axis',(-1.71512449944288E-15,2.49712781064657E-19,
-1.));
#4132=DIRECTION('ref_axis',(0.707106781186546,0.707106781186549,0.));
#4133=DIRECTION('',(1.71512449944288E-15,-2.49712781067289E-19,1.));
#4134=DIRECTION('center_axis',(-1.71512449944288E-15,2.49712781064657E-19,
-1.));
#4135=DIRECTION('ref_axis',(-1.,2.49712781067288E-19,1.71512449944288E-15));
#4136=DIRECTION('',(-1.,2.49712781067288E-19,1.73598025867349E-15));
#4137=DIRECTION('',(2.49712781067289E-19,1.,2.49712781064657E-19));
#4138=DIRECTION('',(1.,-2.49712781067288E-19,-1.67474791871612E-15));
#4139=DIRECTION('center_axis',(-2.49712781067289E-19,-1.,-2.49712781067288E-19));
#4140=DIRECTION('ref_axis',(1.,-2.49712781067288E-19,-1.71512449944288E-15));
#4141=DIRECTION('',(-1.67474791871612E-15,2.49712781067289E-19,-1.));
#4142=DIRECTION('center_axis',(1.71512449944288E-15,3.16956865683263E-16,
1.));
#4143=DIRECTION('ref_axis',(0.707106781186549,-0.707106781186546,0.));
#4144=DIRECTION('center_axis',(-1.53152401834837E-15,-4.3624822852455E-16,
-1.));
#4145=DIRECTION('ref_axis',(0.707106781186549,-0.707106781186546,0.));
#4146=DIRECTION('',(-1.71512449944288E-15,-3.16956865683263E-16,-1.));
#4147=DIRECTION('center_axis',(1.51114640453103E-15,4.25403559175342E-16,
1.));
#4148=DIRECTION('ref_axis',(0.707106781186549,-0.707106781186546,0.));
#4149=DIRECTION('',(1.71512449944288E-15,3.16956865683263E-16,1.));
#4150=DIRECTION('center_axis',(-1.,-1.9007423429753E-16,1.71512449944288E-15));
#4151=DIRECTION('ref_axis',(1.71512449944288E-15,3.16956865683263E-16,1.));
#4152=DIRECTION('',(-1.90074234297531E-16,1.,-5.70722128454727E-16));
#4153=DIRECTION('',(-1.71512449944288E-15,-3.16956865683263E-16,-1.));
#4154=DIRECTION('',(-1.90074234297531E-16,1.,-5.70722128454727E-16));
#4155=DIRECTION('center_axis',(-1.51114640453103E-15,-4.25403559175342E-16,
-1.));
#4156=DIRECTION('ref_axis',(-1.,3.17456291245398E-16,1.51114640453103E-15));
#4157=DIRECTION('',(-1.,2.49712781067929E-19,1.73598025867349E-15));
#4158=DIRECTION('',(-2.49712781067104E-19,-1.,4.25403559175342E-16));
#4159=DIRECTION('',(-1.,2.49712781069277E-19,6.36190952794497E-15));
#4160=DIRECTION('center_axis',(1.51114640453103E-15,4.25403559175342E-16,
1.));
#4161=DIRECTION('ref_axis',(0.707106781186546,0.707106781186549,0.));
#4162=DIRECTION('center_axis',(1.51114640453103E-15,4.25403559175342E-16,
1.));
#4163=DIRECTION('ref_axis',(-1.,-2.53765262771464E-16,1.53152401834837E-15));
#4164=DIRECTION('center_axis',(1.51114640453103E-15,4.25403559175342E-16,
1.));
#4165=DIRECTION('ref_axis',(-1.,-2.53765262771464E-16,1.53152401834837E-15));
#4166=DIRECTION('center_axis',(1.71512449944288E-15,3.16956865683263E-16,
1.));
#4167=DIRECTION('ref_axis',(0.707106781186546,0.707106781186549,0.));
#4168=DIRECTION('center_axis',(-1.53152401834837E-15,-4.3624822852455E-16,
-1.));
#4169=DIRECTION('ref_axis',(0.707106781186546,0.707106781186549,0.));
#4170=DIRECTION('',(1.71512449944288E-15,3.16956865683263E-16,1.));
#4171=DIRECTION('center_axis',(-1.53152401834837E-15,-4.3624822852455E-16,
-1.));
#4172=DIRECTION('ref_axis',(-1.,3.17456291245398E-16,1.53152401834837E-15));
#4173=DIRECTION('',(-1.,2.49712781069277E-19,6.36190952794497E-15));
#4174=DIRECTION('',(2.49712781067104E-19,1.,-4.3624822852455E-16));
#4175=DIRECTION('',(1.,-2.49712781067844E-19,-1.67474791871612E-15));
#4176=DIRECTION('center_axis',(-1.53152401834837E-15,-4.3624822852455E-16,
-1.));
#4177=DIRECTION('ref_axis',(-1.,-2.53765262771464E-16,1.53152401834837E-15));
#4178=DIRECTION('center_axis',(-1.53152401834837E-15,-4.3624822852455E-16,
-1.));
#4179=DIRECTION('ref_axis',(-1.,-2.53765262771464E-16,1.53152401834837E-15));
#4180=DIRECTION('center_axis',(-2.49712781067252E-19,-1.,3.16956865683263E-16));
#4181=DIRECTION('ref_axis',(1.,-2.49712781067794E-19,-1.71512449944288E-15));
#4182=DIRECTION('',(-1.67474791871612E-15,-3.16956865683263E-16,-1.));
#4183=DIRECTION('center_axis',(1.71512449944288E-15,-2.49712781067289E-19,
1.));
#4184=DIRECTION('ref_axis',(0.707106781186551,-0.707106781186544,0.));
#4185=DIRECTION('center_axis',(-1.71512449944288E-15,2.49712781066579E-19,
-1.));
#4186=DIRECTION('ref_axis',(0.707106781186551,-0.707106781186544,0.));
#4187=DIRECTION('',(-1.71512449944288E-15,2.49712781067289E-19,-1.));
#4188=DIRECTION('center_axis',(1.71512449944288E-15,-2.49712781070213E-19,
1.));
#4189=DIRECTION('ref_axis',(0.707106781186551,-0.707106781186544,0.));
#4190=DIRECTION('',(1.71512449944288E-15,-2.49712781067289E-19,1.));
#4191=DIRECTION('center_axis',(-1.,2.49712781067288E-19,1.71512449944288E-15));
#4192=DIRECTION('ref_axis',(1.71512449944288E-15,-2.49712781067289E-19,
1.));
#4193=DIRECTION('',(2.49712781067289E-19,1.,2.49712781067288E-19));
#4194=DIRECTION('',(-1.71512449944288E-15,2.49712781067289E-19,-1.));
#4195=DIRECTION('',(2.49712781067289E-19,1.,2.49712781067288E-19));
#4196=DIRECTION('center_axis',(-1.71512449944288E-15,2.49712781070213E-19,
-1.));
#4197=DIRECTION('ref_axis',(-1.,2.49712781067288E-19,1.71512449944288E-15));
#4198=DIRECTION('',(-1.,2.49712781067288E-19,1.73598025867349E-15));
#4199=DIRECTION('',(-2.49712781067289E-19,-1.,-2.49712781070212E-19));
#4200=DIRECTION('',(-1.,2.49712781067288E-19,1.73598025867349E-15));
#4201=DIRECTION('center_axis',(1.71512449944288E-15,-2.49712781070213E-19,
1.));
#4202=DIRECTION('ref_axis',(0.707106781186548,0.707106781186548,0.));
#4203=DIRECTION('center_axis',(1.71512449944288E-15,-2.49712781067289E-19,
1.));
#4204=DIRECTION('ref_axis',(0.707106781186548,0.707106781186548,0.));
#4205=DIRECTION('center_axis',(-1.71512449944288E-15,2.49712781066579E-19,
-1.));
#4206=DIRECTION('ref_axis',(0.707106781186548,0.707106781186548,0.));
#4207=DIRECTION('',(1.71512449944288E-15,-2.49712781067289E-19,1.));
#4208=DIRECTION('center_axis',(-1.71512449944288E-15,2.49712781066579E-19,
-1.));
#4209=DIRECTION('ref_axis',(-1.,2.49712781067288E-19,1.71512449944288E-15));
#4210=DIRECTION('',(-1.,2.49712781067288E-19,1.73598025867349E-15));
#4211=DIRECTION('',(2.49712781067289E-19,1.,2.49712781066579E-19));
#4212=DIRECTION('',(1.,-2.49712781067288E-19,-1.67474791871612E-15));
#4213=DIRECTION('center_axis',(-2.49712781067289E-19,-1.,-2.49712781067288E-19));
#4214=DIRECTION('ref_axis',(1.,-2.49712781067288E-19,-1.71512449944288E-15));
#4215=DIRECTION('',(-1.67474791871612E-15,2.49712781067289E-19,-1.));
#4216=DIRECTION('center_axis',(-1.71512449944288E-15,-2.49712781067289E-19,
1.));
#4217=DIRECTION('ref_axis',(-0.707106781186548,-0.707106781186548,0.));
#4218=DIRECTION('center_axis',(1.71512449944288E-15,2.49712781064657E-19,
-1.));
#4219=DIRECTION('ref_axis',(-0.707106781186548,-0.707106781186548,0.));
#4220=DIRECTION('',(1.71512449944288E-15,2.49712781067289E-19,-1.));
#4221=DIRECTION('center_axis',(-1.71512449944288E-15,-2.49712781067302E-19,
1.));
#4222=DIRECTION('ref_axis',(-0.707106781186548,-0.707106781186548,0.));
#4223=DIRECTION('',(-1.71512449944288E-15,-2.49712781067289E-19,1.));
#4224=DIRECTION('center_axis',(2.49712781067289E-19,-1.,-2.49712781067288E-19));
#4225=DIRECTION('ref_axis',(1.,2.49712781067288E-19,1.71512449944288E-15));
#4226=DIRECTION('',(1.,2.49712781067288E-19,1.73598025867349E-15));
#4227=DIRECTION('',(-1.67474791871612E-15,-2.49712781067289E-19,1.));
#4228=DIRECTION('',(-1.,-2.49712781067288E-19,-1.67474791871612E-15));
#4229=DIRECTION('center_axis',(-1.71512449944288E-15,-2.49712781067302E-19,
1.));
#4230=DIRECTION('ref_axis',(1.,2.49712781067288E-19,1.71512449944288E-15));
#4231=DIRECTION('',(-2.49712781067289E-19,1.,2.49712781067288E-19));
#4232=DIRECTION('center_axis',(-1.71512449944288E-15,-2.49712781067302E-19,
1.));
#4233=DIRECTION('ref_axis',(-0.707106781186549,0.707106781186546,0.));
#4234=DIRECTION('',(1.,2.49712781067288E-19,1.73598025867349E-15));
#4235=DIRECTION('',(2.49712781067289E-19,-1.,-2.49712781067301E-19));
#4236=DIRECTION('center_axis',(-1.71512449944288E-15,-2.49712781067289E-19,
1.));
#4237=DIRECTION('ref_axis',(-0.707106781186549,0.707106781186546,0.));
#4238=DIRECTION('center_axis',(1.71512449944288E-15,2.49712781064657E-19,
-1.));
#4239=DIRECTION('ref_axis',(-0.707106781186549,0.707106781186546,0.));
#4240=DIRECTION('',(1.71512449944288E-15,2.49712781067289E-19,-1.));
#4241=DIRECTION('',(-1.71512449944288E-15,-2.49712781067289E-19,1.));
#4242=DIRECTION('center_axis',(-2.49712781067289E-19,1.,2.49712781067288E-19));
#4243=DIRECTION('ref_axis',(-1.,-2.49712781067288E-19,-1.71512449944288E-15));
#4244=DIRECTION('',(1.,2.49712781067288E-19,1.73598025867349E-15));
#4245=DIRECTION('',(1.67474791871612E-15,2.49712781067289E-19,-1.));
#4246=DIRECTION('center_axis',(-1.71512449944288E-15,3.16956865683263E-16,
1.));
#4247=DIRECTION('ref_axis',(-0.707106781186546,-0.707106781186549,0.));
#4248=DIRECTION('center_axis',(1.53152401834837E-15,-4.3624822852455E-16,
-1.));
#4249=DIRECTION('ref_axis',(-0.707106781186546,-0.707106781186549,0.));
#4250=DIRECTION('',(1.71512449944288E-15,-3.16956865683263E-16,-1.));
#4251=DIRECTION('center_axis',(-1.51114640453103E-15,4.25403559175342E-16,
1.));
#4252=DIRECTION('ref_axis',(-0.707106781186546,-0.707106781186549,0.));
#4253=DIRECTION('',(-1.71512449944288E-15,3.16956865683263E-16,1.));
#4254=DIRECTION('center_axis',(2.49712781067301E-19,-1.,3.16956865683263E-16));
#4255=DIRECTION('ref_axis',(1.,2.49712781067844E-19,1.71512449944288E-15));
#4256=DIRECTION('',(1.,2.49712781067929E-19,1.73598025867349E-15));
#4257=DIRECTION('',(-1.67474791871612E-15,3.16956865683263E-16,1.));
#4258=DIRECTION('',(-1.,-2.49712781067844E-19,-1.67474791871612E-15));
#4259=DIRECTION('center_axis',(-1.51114640453103E-15,4.25403559175342E-16,
1.));
#4260=DIRECTION('ref_axis',(1.,3.17456291245398E-16,1.51114640453103E-15));
#4261=DIRECTION('',(1.90074234297531E-16,1.,-5.70722128454727E-16));
#4262=DIRECTION('center_axis',(-1.51114640453103E-15,4.25403559175342E-16,
1.));
#4263=DIRECTION('ref_axis',(-0.707106781186546,0.707106781186549,0.));
#4264=DIRECTION('',(1.,2.49712781069277E-19,6.36190952794497E-15));
#4265=DIRECTION('',(2.49712781067104E-19,-1.,4.25403559175342E-16));
#4266=DIRECTION('center_axis',(-1.51114640453103E-15,4.25403559175342E-16,
1.));
#4267=DIRECTION('ref_axis',(1.,-2.53765262771464E-16,1.53152401834837E-15));
#4268=DIRECTION('center_axis',(-1.51114640453103E-15,4.25403559175342E-16,
1.));
#4269=DIRECTION('ref_axis',(1.,-2.53765262771464E-16,1.53152401834837E-15));
#4270=DIRECTION('center_axis',(-1.71512449944288E-15,3.16956865683263E-16,
1.));
#4271=DIRECTION('ref_axis',(-0.707106781186546,0.707106781186549,0.));
#4272=DIRECTION('center_axis',(1.53152401834837E-15,-4.3624822852455E-16,
-1.));
#4273=DIRECTION('ref_axis',(-0.707106781186546,0.707106781186549,0.));
#4274=DIRECTION('',(1.71512449944288E-15,-3.16956865683263E-16,-1.));
#4275=DIRECTION('',(-1.71512449944288E-15,3.16956865683263E-16,1.));
#4276=DIRECTION('center_axis',(-2.49712781067252E-19,1.,-3.16956865683263E-16));
#4277=DIRECTION('ref_axis',(-1.,-2.49712781067794E-19,-1.71512449944288E-15));
#4278=DIRECTION('',(1.,2.49712781069277E-19,6.36190952794497E-15));
#4279=DIRECTION('',(1.67474791871612E-15,-3.16956865683263E-16,-1.));
#4280=DIRECTION('center_axis',(-1.71512449944288E-15,-2.49712781067289E-19,
1.));
#4281=DIRECTION('ref_axis',(-0.707106781186544,-0.707106781186551,0.));
#4282=DIRECTION('center_axis',(1.71512449944288E-15,2.49712781066579E-19,
-1.));
#4283=DIRECTION('ref_axis',(-0.707106781186544,-0.707106781186551,0.));
#4284=DIRECTION('',(1.71512449944288E-15,2.49712781067289E-19,-1.));
#4285=DIRECTION('center_axis',(-1.71512449944288E-15,-2.49712781070213E-19,
1.));
#4286=DIRECTION('ref_axis',(-0.707106781186544,-0.707106781186551,0.));
#4287=DIRECTION('',(-1.71512449944288E-15,-2.49712781067289E-19,1.));
#4288=DIRECTION('center_axis',(2.49712781067289E-19,-1.,-2.49712781067288E-19));
#4289=DIRECTION('ref_axis',(1.,2.49712781067288E-19,1.71512449944288E-15));
#4290=DIRECTION('',(1.,2.49712781067288E-19,1.73598025867349E-15));
#4291=DIRECTION('',(-1.67474791871612E-15,-2.49712781067289E-19,1.));
#4292=DIRECTION('',(-1.,-2.49712781067288E-19,-1.67474791871612E-15));
#4293=DIRECTION('center_axis',(-1.71512449944288E-15,-2.49712781070213E-19,
1.));
#4294=DIRECTION('ref_axis',(1.,2.49712781067288E-19,1.71512449944288E-15));
#4295=DIRECTION('',(-2.49712781067289E-19,1.,2.49712781067288E-19));
#4296=DIRECTION('center_axis',(-1.71512449944288E-15,-2.49712781070213E-19,
1.));
#4297=DIRECTION('ref_axis',(-0.707106781186551,0.707106781186544,0.));
#4298=DIRECTION('',(1.,2.49712781067288E-19,1.73598025867349E-15));
#4299=DIRECTION('',(2.49712781067289E-19,-1.,-2.49712781070212E-19));
#4300=DIRECTION('center_axis',(-1.71512449944288E-15,-2.49712781067289E-19,
1.));
#4301=DIRECTION('ref_axis',(-0.707106781186551,0.707106781186544,0.));
#4302=DIRECTION('center_axis',(1.71512449944288E-15,2.49712781066579E-19,
-1.));
#4303=DIRECTION('ref_axis',(-0.707106781186551,0.707106781186544,0.));
#4304=DIRECTION('',(1.71512449944288E-15,2.49712781067289E-19,-1.));
#4305=DIRECTION('',(-1.71512449944288E-15,-2.49712781067289E-19,1.));
#4306=DIRECTION('center_axis',(-2.49712781067289E-19,1.,2.49712781067288E-19));
#4307=DIRECTION('ref_axis',(-1.,-2.49712781067288E-19,-1.71512449944288E-15));
#4308=DIRECTION('',(1.,2.49712781067288E-19,1.73598025867349E-15));
#4309=DIRECTION('',(1.67474791871612E-15,2.49712781067289E-19,-1.));
#4310=DIRECTION('center_axis',(1.53152401834837E-15,4.3624822852455E-16,
1.));
#4311=DIRECTION('ref_axis',(-1.,-2.53765262771464E-16,1.53152401834837E-15));
#4312=DIRECTION('',(-0.707106781186549,-4.01317613182067E-16,-0.707106781186546));
#4313=DIRECTION('center_axis',(-1.53152401834837E-15,-4.3624822852455E-16,
-1.));
#4314=DIRECTION('ref_axis',(-1.,-2.53765262771464E-16,1.53152401834837E-15));
#4315=DIRECTION('center_axis',(-1.53152401834837E-15,-4.3624822852455E-16,
-1.));
#4316=DIRECTION('ref_axis',(-1.,-2.53765262771464E-16,1.53152401834837E-15));
#4317=DIRECTION('',(-1.53152401834837E-15,-4.3624822852455E-16,-1.));
#4318=DIRECTION('center_axis',(1.53152401834837E-15,4.3624822852455E-16,
1.));
#4319=DIRECTION('ref_axis',(-1.,-2.53765262771464E-16,1.53152401834837E-15));
#4320=DIRECTION('',(-0.707106781186549,-4.01317613182067E-16,-0.707106781186546));
#4321=DIRECTION('center_axis',(-1.53152401834837E-15,-4.3624822852455E-16,
-1.));
#4322=DIRECTION('ref_axis',(-1.,-2.53765262771464E-16,1.53152401834837E-15));
#4323=DIRECTION('center_axis',(-1.53152401834837E-15,-4.3624822852455E-16,
-1.));
#4324=DIRECTION('ref_axis',(-1.,-2.53765262771464E-16,1.53152401834837E-15));
#4325=DIRECTION('',(-1.53152401834837E-15,-4.3624822852455E-16,-1.));
#4326=DIRECTION('center_axis',(2.49712781067301E-19,1.,-3.17206578464331E-16));
#4327=DIRECTION('ref_axis',(-1.,2.49712781067288E-19,-4.03765807267647E-17));
#4328=DIRECTION('center_axis',(-2.49712781067301E-19,-1.,3.17206578464331E-16));
#4329=DIRECTION('ref_axis',(0.,0.,1.));
#4330=DIRECTION('',(-1.86735217682117E-16,1.,-2.53765262771464E-16));
#4331=DIRECTION('center_axis',(2.49712781067301E-19,1.,-3.17206578464331E-16));
#4332=DIRECTION('ref_axis',(-1.,0.,7.40148683083435E-15));
#4333=DIRECTION('center_axis',(2.49712781067301E-19,1.,-3.17206578464331E-16));
#4334=DIRECTION('ref_axis',(0.,-3.17206578464331E-16,-1.));
#4335=DIRECTION('',(1.67474791871612E-15,3.16956865683263E-16,1.));
#4336=DIRECTION('',(-1.,0.,0.));
#4337=DIRECTION('center_axis',(-2.49712781067301E-19,-1.,3.17206578464331E-16));
#4338=DIRECTION('ref_axis',(0.,0.,1.));
#4339=DIRECTION('center_axis',(-2.49712781067301E-19,-1.,3.17206578464331E-16));
#4340=DIRECTION('ref_axis',(0.,3.17206578464331E-16,1.));
#4341=DIRECTION('center_axis',(-2.49712781067301E-19,-1.,3.17206578464331E-16));
#4342=DIRECTION('ref_axis',(0.,0.,1.));
#4343=DIRECTION('',(1.,0.,0.));
#4344=DIRECTION('center_axis',(2.49712781067301E-19,1.,-3.16956865683263E-16));
#4345=DIRECTION('ref_axis',(-1.,2.49712781067844E-19,1.71512449944288E-15));
#4346=DIRECTION('center_axis',(2.49712781067301E-19,1.,-3.17206578464331E-16));
#4347=DIRECTION('ref_axis',(-1.,2.49712781067288E-19,-4.03765807267647E-17));
#4348=DIRECTION('',(1.87234643244252E-16,-1.,2.53765262771464E-16));
#4349=DIRECTION('center_axis',(1.,1.86735217682117E-16,4.03765807267646E-17));
#4350=DIRECTION('ref_axis',(4.03765807267647E-17,-1.86984930463184E-16,
-1.));
#4351=DIRECTION('',(4.03765807267646E-17,0.,-1.));
#4352=DIRECTION('',(-1.86735217682117E-16,1.,1.00825482632683E-35));
#4353=DIRECTION('',(-4.03765807267646E-17,0.,1.));
#4354=DIRECTION('',(-1.86735217682117E-16,1.,0.));
#4355=DIRECTION('',(-6.12323399573677E-17,0.,1.));
#4356=DIRECTION('',(1.86735217682117E-16,-1.,-1.52904979020115E-35));
#4357=DIRECTION('',(-3.36774635084107E-32,1.86984930463184E-16,-1.));
#4358=DIRECTION('',(-1.86735217682117E-16,1.,0.));
#4359=DIRECTION('',(4.03765807267646E-17,0.,-1.));
#4360=DIRECTION('',(-1.86735217682117E-16,1.,-1.11022302462516E-15));
#4361=DIRECTION('',(-4.03765807267646E-17,0.,1.));
#4362=DIRECTION('center_axis',(0.,1.,0.));
#4363=DIRECTION('ref_axis',(4.03765807267647E-17,0.,-1.));
#4364=DIRECTION('',(-4.03765807267647E-17,0.,1.));
#4365=DIRECTION('',(-1.,0.,0.));
#4366=DIRECTION('center_axis',(1.,1.87234643244252E-16,4.03765807267647E-17));
#4367=DIRECTION('ref_axis',(4.03765807267647E-17,-1.86984930463184E-16,
-1.));
#4368=DIRECTION('',(4.03765807267647E-17,0.,-1.));
#4369=DIRECTION('',(1.87234643244252E-16,-1.,1.11022302462516E-15));
#4370=DIRECTION('',(-4.03765807267647E-17,0.,1.));
#4371=DIRECTION('',(1.87234643244252E-16,-1.,0.));
#4372=DIRECTION('',(-3.36774635084107E-32,1.86984930463184E-16,-1.));
#4373=DIRECTION('',(-1.87234643244252E-16,1.,-1.52904979020121E-35));
#4374=DIRECTION('',(-3.36774635084107E-32,1.86984930463184E-16,-1.));
#4375=DIRECTION('',(1.87234643244252E-16,-1.,0.));
#4376=DIRECTION('',(4.03765807267647E-17,0.,-1.));
#4377=DIRECTION('',(1.87234643244252E-16,-1.,-1.00825482632683E-35));
#4378=DIRECTION('center_axis',(2.49712781067288E-19,1.,1.00825482632683E-35));
#4379=DIRECTION('ref_axis',(-1.,2.49712781067288E-19,-4.03765807267647E-17));
#4380=DIRECTION('center_axis',(-2.49712781067288E-19,-1.,-1.00825482632683E-35));
#4381=DIRECTION('ref_axis',(1.97372982155583E-15,0.,1.));
#4382=DIRECTION('center_axis',(2.49712781067288E-19,1.,1.00825482632683E-35));
#4383=DIRECTION('ref_axis',(-1.,0.,0.));
#4384=DIRECTION('center_axis',(2.49712781067288E-19,1.,1.00825482632683E-35));
#4385=DIRECTION('ref_axis',(0.,1.00825482632683E-35,-1.));
#4386=DIRECTION('',(1.67474791871612E-15,-2.49712781067289E-19,1.));
#4387=DIRECTION('',(-1.,-1.86984930463184E-16,0.));
#4388=DIRECTION('center_axis',(-2.49712781067288E-19,-1.,-1.00825482632683E-35));
#4389=DIRECTION('ref_axis',(2.96059473233375E-15,0.,1.));
#4390=DIRECTION('center_axis',(-2.49712781067288E-19,-1.,-1.00825482632683E-35));
#4391=DIRECTION('ref_axis',(0.,-1.00825482632683E-35,1.));
#4392=DIRECTION('center_axis',(-2.49712781067288E-19,-1.,-1.00825482632683E-35));
#4393=DIRECTION('ref_axis',(2.96059473233375E-15,0.,1.));
#4394=DIRECTION('',(1.,0.,0.));
#4395=DIRECTION('center_axis',(2.49712781067289E-19,1.,2.49712781067288E-19));
#4396=DIRECTION('ref_axis',(-1.,2.49712781067288E-19,1.71512449944288E-15));
#4397=DIRECTION('center_axis',(2.49712781067288E-19,1.,1.00825482632683E-35));
#4398=DIRECTION('ref_axis',(-1.,2.49712781067288E-19,-4.03765807267647E-17));
#4399=DIRECTION('center_axis',(2.49712781067288E-19,1.,1.00825482632683E-35));
#4400=DIRECTION('ref_axis',(-1.,2.49712781067288E-19,-4.03765807267647E-17));
#4401=DIRECTION('center_axis',(-2.49712781067288E-19,-1.,-1.00825482632683E-35));
#4402=DIRECTION('ref_axis',(1.97372982155583E-15,0.,1.));
#4403=DIRECTION('center_axis',(2.49712781067288E-19,1.,1.00825482632683E-35));
#4404=DIRECTION('ref_axis',(-1.,0.,0.));
#4405=DIRECTION('center_axis',(2.49712781067288E-19,1.,1.00825482632683E-35));
#4406=DIRECTION('ref_axis',(0.,1.00825482632683E-35,-1.));
#4407=DIRECTION('',(1.67474791871612E-15,-2.49712781067289E-19,1.));
#4408=DIRECTION('',(-1.,0.,0.));
#4409=DIRECTION('center_axis',(-2.49712781067288E-19,-1.,-1.00825482632683E-35));
#4410=DIRECTION('ref_axis',(2.96059473233375E-15,0.,1.));
#4411=DIRECTION('center_axis',(-2.49712781067288E-19,-1.,-1.00825482632683E-35));
#4412=DIRECTION('ref_axis',(0.,-1.00825482632683E-35,1.));
#4413=DIRECTION('center_axis',(-2.49712781067288E-19,-1.,-1.00825482632683E-35));
#4414=DIRECTION('ref_axis',(2.96059473233375E-15,0.,1.));
#4415=DIRECTION('',(1.,1.86984930463184E-16,0.));
#4416=DIRECTION('center_axis',(2.49712781067289E-19,1.,2.49712781067288E-19));
#4417=DIRECTION('ref_axis',(-1.,2.49712781067288E-19,1.71512449944288E-15));
#4418=DIRECTION('center_axis',(2.49712781067288E-19,1.,1.00825482632683E-35));
#4419=DIRECTION('ref_axis',(-1.,2.49712781067288E-19,-4.03765807267647E-17));
#4420=DIRECTION('center_axis',(0.,1.,0.));
#4421=DIRECTION('ref_axis',(4.03765807267647E-17,0.,-1.));
#4422=DIRECTION('',(-1.,0.,0.));
#4423=DIRECTION('center_axis',(-1.86984930463184E-16,1.,0.));
#4424=DIRECTION('ref_axis',(1.,1.86984930463184E-16,6.12323399573677E-17));
#4425=DIRECTION('',(-1.,-1.86984930463184E-16,-6.12323399573677E-17));
#4426=DIRECTION('center_axis',(0.,-1.00825482632683E-35,1.));
#4427=DIRECTION('ref_axis',(2.49712781067288E-19,1.,1.00825482632683E-35));
#4428=DIRECTION('',(-1.,0.,0.));
#4429=DIRECTION('center_axis',(0.,-1.,0.));
#4430=DIRECTION('ref_axis',(-4.03765807267647E-17,0.,1.));
#4431=DIRECTION('center_axis',(0.,1.11022302462516E-15,1.));
#4432=DIRECTION('ref_axis',(2.49712781067333E-19,1.,-1.11022302462516E-15));
#4433=DIRECTION('',(-1.,0.,0.));
#4434=DIRECTION('center_axis',(0.,-1.,0.));
#4435=DIRECTION('ref_axis',(-4.03765807267647E-17,0.,1.));
#4436=DIRECTION('center_axis',(-1.53152401834837E-15,4.3624822852455E-16,
1.));
#4437=DIRECTION('ref_axis',(1.,-2.53765262771464E-16,1.53152401834837E-15));
#4438=DIRECTION('center_axis',(1.53152401834837E-15,-4.3624822852455E-16,
-1.));
#4439=DIRECTION('ref_axis',(1.,-2.53765262771464E-16,1.53152401834837E-15));
#4440=DIRECTION('',(0.707106781186549,-4.01317613182067E-16,-0.707106781186546));
#4441=DIRECTION('center_axis',(-1.53152401834837E-15,4.3624822852455E-16,
1.));
#4442=DIRECTION('ref_axis',(1.,-2.53765262771464E-16,1.53152401834837E-15));
#4443=DIRECTION('center_axis',(-1.53152401834837E-15,4.3624822852455E-16,
1.));
#4444=DIRECTION('ref_axis',(1.,-2.53765262771464E-16,1.53152401834837E-15));
#4445=DIRECTION('',(1.53152401834837E-15,-4.3624822852455E-16,-1.));
#4446=DIRECTION('center_axis',(-1.53152401834837E-15,4.3624822852455E-16,
1.));
#4447=DIRECTION('ref_axis',(1.,-2.53765262771464E-16,1.53152401834837E-15));
#4448=DIRECTION('center_axis',(1.53152401834837E-15,-4.3624822852455E-16,
-1.));
#4449=DIRECTION('ref_axis',(1.,-2.53765262771464E-16,1.53152401834837E-15));
#4450=DIRECTION('',(0.707106781186549,-4.01317613182067E-16,-0.707106781186546));
#4451=DIRECTION('center_axis',(-1.53152401834837E-15,4.3624822852455E-16,
1.));
#4452=DIRECTION('ref_axis',(1.,-2.53765262771464E-16,1.53152401834837E-15));
#4453=DIRECTION('center_axis',(-1.53152401834837E-15,4.3624822852455E-16,
1.));
#4454=DIRECTION('ref_axis',(1.,-2.53765262771464E-16,1.53152401834837E-15));
#4455=DIRECTION('',(1.53152401834837E-15,-4.3624822852455E-16,-1.));
#4456=DIRECTION('center_axis',(2.49712781067301E-19,-1.,3.17206578464331E-16));
#4457=DIRECTION('ref_axis',(1.,2.49712781067288E-19,-4.03765807267647E-17));
#4458=DIRECTION('',(-2.49712781067104E-19,1.,-4.3624822852455E-16));
#4459=DIRECTION('center_axis',(2.49712781067301E-19,-1.,3.17206578464331E-16));
#4460=DIRECTION('ref_axis',(1.,0.,7.40148683083435E-15));
#4461=DIRECTION('',(-2.49712781067274E-19,-1.,2.53765262771464E-16));
#4462=DIRECTION('center_axis',(-2.49712781067301E-19,1.,-3.17206578464331E-16));
#4463=DIRECTION('ref_axis',(0.,0.,1.));
#4464=DIRECTION('center_axis',(2.49712781067301E-19,-1.,3.17206578464331E-16));
#4465=DIRECTION('ref_axis',(0.,-3.17206578464331E-16,-1.));
#4466=DIRECTION('center_axis',(-2.49712781067301E-19,1.,-3.17206578464331E-16));
#4467=DIRECTION('ref_axis',(0.,0.,1.));
#4468=DIRECTION('',(-1.,0.,0.));
#4469=DIRECTION('center_axis',(-2.49712781067301E-19,1.,-3.17206578464331E-16));
#4470=DIRECTION('ref_axis',(0.,3.17206578464331E-16,1.));
#4471=DIRECTION('',(1.,0.,0.));
#4472=DIRECTION('center_axis',(-2.49712781067301E-19,1.,-3.17206578464331E-16));
#4473=DIRECTION('ref_axis',(0.,0.,1.));
#4474=DIRECTION('center_axis',(-1.,1.9007423429753E-16,-1.71512449944288E-15));
#4475=DIRECTION('ref_axis',(-1.71512449944288E-15,3.16956865683263E-16,
1.));
#4476=DIRECTION('',(1.90074234297531E-16,1.,-5.70722128454727E-16));
#4477=DIRECTION('center_axis',(-1.53152401834837E-15,4.3624822852455E-16,
1.));
#4478=DIRECTION('ref_axis',(1.,3.17456291245398E-16,1.53152401834837E-15));
#4479=DIRECTION('center_axis',(2.49712781067301E-19,-1.,3.17206578464331E-16));
#4480=DIRECTION('ref_axis',(1.,2.49712781067288E-19,-4.03765807267647E-17));
#4481=DIRECTION('',(-2.49712781067299E-19,1.,-2.53765262771464E-16));
#4482=DIRECTION('center_axis',(-1.,-2.49712781067288E-19,4.03765807267647E-17));
#4483=DIRECTION('ref_axis',(4.03765807267647E-17,0.,1.));
#4484=DIRECTION('',(-4.03765807267647E-17,0.,-1.));
#4485=DIRECTION('',(-2.49712781067288E-19,1.,1.00825482632683E-35));
#4486=DIRECTION('',(4.03765807267647E-17,0.,1.));
#4487=DIRECTION('',(-2.49712781067288E-19,1.,0.));
#4488=DIRECTION('',(0.,-1.86984930463184E-16,-1.));
#4489=DIRECTION('',(2.49712781067288E-19,-1.,-1.52904979020119E-35));
#4490=DIRECTION('',(0.,-1.86984930463184E-16,-1.));
#4491=DIRECTION('',(-2.49712781067288E-19,1.,0.));
#4492=DIRECTION('',(-4.03765807267647E-17,0.,-1.));
#4493=DIRECTION('',(-2.49712781067333E-19,1.,-1.11022302462516E-15));
#4494=DIRECTION('',(4.03765807267647E-17,0.,1.));
#4495=DIRECTION('center_axis',(0.,-1.,0.));
#4496=DIRECTION('ref_axis',(-4.03765807267647E-17,0.,-1.));
#4497=DIRECTION('',(4.03765807267647E-17,0.,1.));
#4498=DIRECTION('',(1.,0.,0.));
#4499=DIRECTION('center_axis',(-1.,2.49712781067285E-19,4.03765807267647E-17));
#4500=DIRECTION('ref_axis',(4.03765807267647E-17,0.,1.));
#4501=DIRECTION('',(-4.03765807267647E-17,0.,-1.));
#4502=DIRECTION('',(-2.4971278106724E-19,-1.,1.11022302462516E-15));
#4503=DIRECTION('',(4.03765807267647E-17,0.,1.));
#4504=DIRECTION('',(-2.49712781067285E-19,-1.,0.));
#4505=DIRECTION('',(6.12323399573677E-17,0.,1.));
#4506=DIRECTION('',(2.49712781067285E-19,1.,-1.52904979020117E-35));
#4507=DIRECTION('',(0.,-1.86984930463184E-16,-1.));
#4508=DIRECTION('',(-2.49712781067285E-19,-1.,0.));
#4509=DIRECTION('',(-4.03765807267647E-17,0.,-1.));
#4510=DIRECTION('',(-2.49712781067285E-19,-1.,-1.00825482632683E-35));
#4511=DIRECTION('center_axis',(2.49712781067288E-19,-1.,-1.00825482632683E-35));
#4512=DIRECTION('ref_axis',(1.,2.49712781067288E-19,-4.03765807267647E-17));
#4513=DIRECTION('',(-2.49712781067289E-19,1.,2.49712781064657E-19));
#4514=DIRECTION('center_axis',(2.49712781067288E-19,-1.,-1.00825482632683E-35));
#4515=DIRECTION('ref_axis',(1.,0.,0.));
#4516=DIRECTION('center_axis',(-2.49712781067288E-19,1.,1.00825482632683E-35));
#4517=DIRECTION('ref_axis',(-1.97372982155583E-15,0.,1.));
#4518=DIRECTION('center_axis',(2.49712781067288E-19,-1.,-1.00825482632683E-35));
#4519=DIRECTION('ref_axis',(0.,1.00825482632683E-35,-1.));
#4520=DIRECTION('center_axis',(-2.49712781067288E-19,1.,1.00825482632683E-35));
#4521=DIRECTION('ref_axis',(-2.96059473233375E-15,0.,1.));
#4522=DIRECTION('',(-1.,0.,0.));
#4523=DIRECTION('center_axis',(-2.49712781067288E-19,1.,1.00825482632683E-35));
#4524=DIRECTION('ref_axis',(0.,-1.00825482632683E-35,1.));
#4525=DIRECTION('',(1.,0.,0.));
#4526=DIRECTION('center_axis',(-2.49712781067288E-19,1.,1.00825482632683E-35));
#4527=DIRECTION('ref_axis',(-2.96059473233375E-15,0.,1.));
#4528=DIRECTION('center_axis',(-1.,-2.49712781067288E-19,-1.71512449944288E-15));
#4529=DIRECTION('ref_axis',(-1.71512449944288E-15,-2.49712781067289E-19,
1.));
#4530=DIRECTION('',(-2.49712781067289E-19,1.,2.49712781067288E-19));
#4531=DIRECTION('center_axis',(-1.71512449944288E-15,-2.49712781064657E-19,
1.));
#4532=DIRECTION('ref_axis',(1.,2.49712781067288E-19,1.71512449944288E-15));
#4533=DIRECTION('center_axis',(2.49712781067288E-19,-1.,-1.00825482632683E-35));
#4534=DIRECTION('ref_axis',(1.,2.49712781067288E-19,-4.03765807267647E-17));
#4535=DIRECTION('center_axis',(2.49712781067288E-19,-1.,-1.00825482632683E-35));
#4536=DIRECTION('ref_axis',(1.,2.49712781067288E-19,-4.03765807267647E-17));
#4537=DIRECTION('',(-2.49712781067289E-19,1.,2.49712781066579E-19));
#4538=DIRECTION('center_axis',(2.49712781067288E-19,-1.,-1.00825482632683E-35));
#4539=DIRECTION('ref_axis',(1.,0.,0.));
#4540=DIRECTION('center_axis',(-2.49712781067288E-19,1.,1.00825482632683E-35));
#4541=DIRECTION('ref_axis',(-1.97372982155583E-15,0.,1.));
#4542=DIRECTION('center_axis',(2.49712781067288E-19,-1.,-1.00825482632683E-35));
#4543=DIRECTION('ref_axis',(0.,1.00825482632683E-35,-1.));
#4544=DIRECTION('center_axis',(-2.49712781067288E-19,1.,1.00825482632683E-35));
#4545=DIRECTION('ref_axis',(-2.96059473233375E-15,0.,1.));
#4546=DIRECTION('',(-1.,0.,0.));
#4547=DIRECTION('center_axis',(-2.49712781067288E-19,1.,1.00825482632683E-35));
#4548=DIRECTION('ref_axis',(0.,-1.00825482632683E-35,1.));
#4549=DIRECTION('',(1.,1.14495248290264E-32,0.));
#4550=DIRECTION('center_axis',(-2.49712781067288E-19,1.,1.00825482632683E-35));
#4551=DIRECTION('ref_axis',(-2.96059473233375E-15,0.,1.));
#4552=DIRECTION('center_axis',(-1.,-2.49712781067288E-19,-1.71512449944288E-15));
#4553=DIRECTION('ref_axis',(-1.71512449944288E-15,-2.49712781067289E-19,
1.));
#4554=DIRECTION('',(-2.49712781067289E-19,1.,2.49712781067288E-19));
#4555=DIRECTION('center_axis',(-1.71512449944288E-15,-2.49712781066579E-19,
1.));
#4556=DIRECTION('ref_axis',(1.,2.49712781067288E-19,1.71512449944288E-15));
#4557=DIRECTION('center_axis',(2.49712781067288E-19,-1.,-1.00825482632683E-35));
#4558=DIRECTION('ref_axis',(1.,2.49712781067288E-19,-4.03765807267647E-17));
#4559=DIRECTION('center_axis',(0.,-1.,0.));
#4560=DIRECTION('ref_axis',(-4.03765807267647E-17,0.,-1.));
#4561=DIRECTION('',(1.,0.,0.));
#4562=DIRECTION('center_axis',(-1.14495248290265E-32,1.,-1.86984930463184E-16));
#4563=DIRECTION('ref_axis',(-1.,0.,6.12323399573677E-17));
#4564=DIRECTION('',(-1.,0.,6.12323399573677E-17));
#4565=DIRECTION('center_axis',(0.,1.,0.));
#4566=DIRECTION('ref_axis',(4.03765807267647E-17,0.,1.));
#4567=DIRECTION('',(1.,0.,0.));
#4568=DIRECTION('center_axis',(0.,-1.11022302462516E-15,-1.));
#4569=DIRECTION('ref_axis',(-2.49712781067333E-19,1.,-1.11022302462516E-15));
#4570=DIRECTION('center_axis',(0.,1.,0.));
#4571=DIRECTION('ref_axis',(4.03765807267647E-17,0.,1.));
#4572=DIRECTION('',(1.,0.,0.));
#4573=DIRECTION('center_axis',(0.,1.00825482632683E-35,-1.));
#4574=DIRECTION('ref_axis',(-2.49712781067288E-19,1.,1.00825482632683E-35));
#4575=DIRECTION('center_axis',(0.,-1.,0.));
#4576=DIRECTION('ref_axis',(0.,0.,-1.));
#4577=DIRECTION('center_axis',(0.,-1.,0.));
#4578=DIRECTION('ref_axis',(5.9211894646675E-15,0.,-1.));
#4579=DIRECTION('',(0.,-1.,0.));
#4580=DIRECTION('center_axis',(0.,1.,0.));
#4581=DIRECTION('ref_axis',(1.,0.,0.));
#4582=DIRECTION('center_axis',(0.,-1.,0.));
#4583=DIRECTION('ref_axis',(0.,0.,-1.));
#4584=DIRECTION('',(1.,0.,-6.12323399573677E-17));
#4585=DIRECTION('center_axis',(0.,1.,0.));
#4586=DIRECTION('ref_axis',(1.,0.,0.));
#4587=DIRECTION('',(0.,0.,1.));
#4588=DIRECTION('center_axis',(0.,1.,0.));
#4589=DIRECTION('ref_axis',(0.,0.,1.));
#4590=DIRECTION('',(0.,0.,-1.));
#4591=DIRECTION('center_axis',(0.,1.,0.));
#4592=DIRECTION('ref_axis',(1.,0.,0.));
#4593=DIRECTION('center_axis',(0.,-1.,0.));
#4594=DIRECTION('ref_axis',(1.,0.,-6.12323399573677E-17));
#4595=DIRECTION('center_axis',(0.,-1.,0.));
#4596=DIRECTION('ref_axis',(0.,0.,-1.));
#4597=DIRECTION('',(0.,1.,0.));
#4598=DIRECTION('center_axis',(-1.86984930463184E-16,1.,0.));
#4599=DIRECTION('ref_axis',(0.,0.,-1.));
#4600=DIRECTION('center_axis',(-1.86984930463184E-16,1.,0.));
#4601=DIRECTION('ref_axis',(-5.9211894646675E-15,0.,-1.));
#4602=DIRECTION('',(-1.86984930463184E-16,1.,0.));
#4603=DIRECTION('center_axis',(1.86984930463184E-16,-1.,0.));
#4604=DIRECTION('ref_axis',(-1.,0.,0.));
#4605=DIRECTION('center_axis',(1.86984930463184E-16,-1.,-1.86984930463184E-16));
#4606=DIRECTION('ref_axis',(-1.,-1.86984930463184E-16,-6.12323399573677E-17));
#4607=DIRECTION('',(1.,1.86984930463184E-16,6.12323399573677E-17));
#4608=DIRECTION('center_axis',(-1.86984930463184E-16,1.,0.));
#4609=DIRECTION('ref_axis',(0.,0.,1.));
#4610=DIRECTION('center_axis',(1.86984930463184E-16,-1.,0.));
#4611=DIRECTION('ref_axis',(-1.,0.,1.66533453693774E-15));
#4612=DIRECTION('',(0.,0.,1.));
#4613=DIRECTION('center_axis',(1.86984930463184E-16,-1.,0.));
#4614=DIRECTION('ref_axis',(0.,0.,-1.));
#4615=DIRECTION('',(0.,0.,-1.));
#4616=DIRECTION('center_axis',(1.86984930463184E-16,-1.,0.));
#4617=DIRECTION('ref_axis',(-1.,0.,0.));
#4618=DIRECTION('center_axis',(-1.86984930463184E-16,1.,0.));
#4619=DIRECTION('ref_axis',(0.,0.,-1.));
#4620=DIRECTION('',(1.86984930463184E-16,-1.,0.));
#4621=DIRECTION('center_axis',(0.,1.,0.));
#4622=DIRECTION('ref_axis',(0.,0.,1.));
#4623=DIRECTION('',(1.,0.,0.));
#4624=DIRECTION('',(1.,0.,0.));
#4625=DIRECTION('center_axis',(0.,0.,1.));
#4626=DIRECTION('ref_axis',(1.,0.,0.));
#4627=DIRECTION('',(-1.,-1.86984930463184E-16,0.));
#4628=DIRECTION('center_axis',(1.86984930463184E-16,-1.,0.));
#4629=DIRECTION('ref_axis',(0.,0.,-1.));
#4630=DIRECTION('',(-1.,-1.86984930463184E-16,0.));
#4631=DIRECTION('center_axis',(0.,0.,1.));
#4632=DIRECTION('ref_axis',(1.,0.,0.));
#4633=DIRECTION('axis',(0.,0.,1.));
#4634=DIRECTION('refdir',(1.,0.,0.));
#4635=DIRECTION('center_axis',(0.,0.,-1.));
#4636=DIRECTION('ref_axis',(-1.,0.,0.));
#4637=DIRECTION('center_axis',(0.,0.,1.));
#4638=DIRECTION('ref_axis',(-1.,0.,0.));
#4639=DIRECTION('',(0.,0.,1.));
#4640=DIRECTION('center_axis',(0.,0.,-1.));
#4641=DIRECTION('ref_axis',(-1.,0.,0.));
#4642=DIRECTION('center_axis',(0.,0.,-1.));
#4643=DIRECTION('ref_axis',(-1.,0.,0.));
#4644=DIRECTION('center_axis',(0.,0.,1.));
#4645=DIRECTION('ref_axis',(-1.,0.,0.));
#4646=DIRECTION('',(0.,0.,1.));
#4647=DIRECTION('center_axis',(0.,0.,-1.));
#4648=DIRECTION('ref_axis',(-1.,0.,0.));
#4649=DIRECTION('center_axis',(0.,0.,-1.));
#4650=DIRECTION('ref_axis',(-1.,0.,0.));
#4651=DIRECTION('center_axis',(0.,0.,1.));
#4652=DIRECTION('ref_axis',(-1.,0.,0.));
#4653=DIRECTION('',(0.,0.,1.));
#4654=DIRECTION('center_axis',(0.,0.,-1.));
#4655=DIRECTION('ref_axis',(-1.,0.,0.));
#4656=DIRECTION('center_axis',(0.,0.,-1.));
#4657=DIRECTION('ref_axis',(-1.,0.,0.));
#4658=DIRECTION('center_axis',(0.,0.,1.));
#4659=DIRECTION('ref_axis',(-1.,0.,0.));
#4660=DIRECTION('',(0.,0.,1.));
#4661=DIRECTION('center_axis',(0.,0.,-1.));
#4662=DIRECTION('ref_axis',(-1.,0.,0.));
#4663=DIRECTION('center_axis',(0.,1.,1.71512449944288E-15));
#4664=DIRECTION('ref_axis',(0.707106781186547,0.,0.707106781186548));
#4665=DIRECTION('center_axis',(1.5641350022896E-18,-1.,-1.62654566464199E-15));
#4666=DIRECTION('ref_axis',(0.707106781186547,0.,0.707106781186548));
#4667=DIRECTION('',(0.,-1.,-1.71512449944288E-15));
#4668=DIRECTION('center_axis',(1.5641350022896E-18,1.,1.62654566464199E-15));
#4669=DIRECTION('ref_axis',(0.707106781186547,0.,0.707106781186548));
#4670=DIRECTION('',(0.,1.,1.71512449944288E-15));
#4671=DIRECTION('center_axis',(1.,0.,0.));
#4672=DIRECTION('ref_axis',(0.,1.,1.71512449944288E-15));
#4673=DIRECTION('',(0.,1.77635683940025E-15,-1.));
#4674=DIRECTION('',(0.,1.,1.71512449944288E-15));
#4675=DIRECTION('',(0.,-1.71512449944288E-15,1.));
#4676=DIRECTION('center_axis',(-1.5641350022896E-18,-1.,-1.62654566464199E-15));
#4677=DIRECTION('ref_axis',(1.,-1.5641350022896E-18,-2.68268626286305E-33));
#4678=DIRECTION('',(-1.,0.,0.));
#4679=DIRECTION('center_axis',(1.5641350022896E-18,1.,1.62654566464199E-15));
#4680=DIRECTION('ref_axis',(-0.707106781186549,0.,0.707106781186546));
#4681=DIRECTION('',(0.,1.77635683940025E-15,-1.));
#4682=DIRECTION('',(1.,-1.5641350022896E-18,-2.68268626286305E-33));
#4683=DIRECTION('center_axis',(0.,1.,1.71512449944288E-15));
#4684=DIRECTION('ref_axis',(-0.707106781186549,0.,0.707106781186546));
#4685=DIRECTION('center_axis',(1.5641350022896E-18,-1.,-1.62654566464199E-15));
#4686=DIRECTION('ref_axis',(-0.707106781186549,0.,0.707106781186546));
#4687=DIRECTION('',(0.,-1.,-1.71512449944288E-15));
#4688=DIRECTION('',(0.,1.,1.71512449944288E-15));
#4689=DIRECTION('center_axis',(-1.,0.,0.));
#4690=DIRECTION('ref_axis',(0.,-1.,-1.71512449944288E-15));
#4691=DIRECTION('',(0.,1.77635683940025E-15,-1.));
#4692=DIRECTION('',(0.,-1.,-1.71512449944288E-15));
#4693=DIRECTION('center_axis',(1.95204048285742E-16,-1.,1.71512449944288E-15));
#4694=DIRECTION('ref_axis',(-0.707106781186547,4.18691322315674E-15,0.707106781186548));
#4695=DIRECTION('center_axis',(-1.96768183288031E-16,1.,-1.62654566464199E-15));
#4696=DIRECTION('ref_axis',(-0.707106781186547,4.18691322315674E-15,0.707106781186548));
#4697=DIRECTION('',(-1.95204048285742E-16,1.,-1.71512449944288E-15));
#4698=DIRECTION('center_axis',(1.93639913283452E-16,-1.,1.62654566464199E-15));
#4699=DIRECTION('ref_axis',(-0.707106781186547,4.18691322315674E-15,0.707106781186548));
#4700=DIRECTION('',(1.95204048285742E-16,-1.,1.71512449944288E-15));
#4701=DIRECTION('center_axis',(-1.,-1.95204048285742E-16,0.));
#4702=DIRECTION('ref_axis',(-1.95204048285742E-16,1.,-1.71512449944288E-15));
#4703=DIRECTION('',(3.65039957116679E-31,-1.77635683940025E-15,-1.));
#4704=DIRECTION('',(1.95204048285742E-16,-1.,1.71512449944288E-15));
#4705=DIRECTION('',(-3.45126646034193E-31,1.71512449944288E-15,1.));
#4706=DIRECTION('center_axis',(-1.93639913283452E-16,1.,-1.62654566464199E-15));
#4707=DIRECTION('ref_axis',(1.,1.93639913283453E-16,1.95204048285742E-16));
#4708=DIRECTION('',(1.,1.95204048285742E-16,-1.95204048285742E-16));
#4709=DIRECTION('center_axis',(1.93639913283452E-16,-1.,1.62654566464199E-15));
#4710=DIRECTION('ref_axis',(0.707106781186549,4.18691322315673E-15,0.707106781186546));
#4711=DIRECTION('',(3.65039957116679E-31,-1.77635683940025E-15,-1.));
#4712=DIRECTION('',(-1.,-1.93639913283452E-16,-2.68268626286305E-33));
#4713=DIRECTION('center_axis',(1.95204048285742E-16,-1.,1.71512449944288E-15));
#4714=DIRECTION('ref_axis',(0.707106781186549,4.18691322315673E-15,0.707106781186546));
#4715=DIRECTION('center_axis',(-1.96768183288031E-16,1.,-1.62654566464199E-15));
#4716=DIRECTION('ref_axis',(0.707106781186549,4.18691322315673E-15,0.707106781186546));
#4717=DIRECTION('',(-1.95204048285742E-16,1.,-1.71512449944288E-15));
#4718=DIRECTION('',(1.95204048285742E-16,-1.,1.71512449944288E-15));
#4719=DIRECTION('center_axis',(1.,1.95204048285742E-16,0.));
#4720=DIRECTION('ref_axis',(1.95204048285742E-16,-1.,1.71512449944288E-15));
#4721=DIRECTION('',(3.65039957116679E-31,-1.77635683940025E-15,-1.));
#4722=DIRECTION('',(-1.95204048285742E-16,1.,-1.71512449944288E-15));
#4723=DIRECTION('center_axis',(-1.,-1.95204048285742E-16,0.));
#4724=DIRECTION('ref_axis',(0.,0.,-1.));
#4725=DIRECTION('',(1.,1.96768183288031E-16,-2.68268626286304E-33));
#4726=DIRECTION('center_axis',(-1.,-1.95204048285742E-16,0.));
#4727=DIRECTION('ref_axis',(0.,-4.93432455388957E-15,-1.));
#4728=DIRECTION('',(-1.,-1.95204048285742E-16,0.));
#4729=DIRECTION('center_axis',(1.,1.95204048285742E-16,0.));
#4730=DIRECTION('ref_axis',(0.,-1.,1.69617406539954E-15));
#4731=DIRECTION('center_axis',(-1.,-1.95204048285742E-16,0.));
#4732=DIRECTION('ref_axis',(0.,0.,1.));
#4733=DIRECTION('center_axis',(1.,1.95204048285742E-16,0.));
#4734=DIRECTION('ref_axis',(0.,-1.,1.85037170770858E-15));
#4735=DIRECTION('',(0.,0.,1.));
#4736=DIRECTION('center_axis',(1.,1.95204048285742E-16,0.));
#4737=DIRECTION('ref_axis',(0.,0.,-1.));
#4738=DIRECTION('',(0.,0.,-1.));
#4739=DIRECTION('center_axis',(1.,1.95204048285742E-16,0.));
#4740=DIRECTION('ref_axis',(0.,-1.,1.85037170770858E-15));
#4741=DIRECTION('center_axis',(1.95204048285742E-16,1.71512449944288E-15,
1.));
#4742=DIRECTION('ref_axis',(1.95204048285742E-16,-1.,1.71512449944288E-15));
#4743=DIRECTION('',(1.,1.95204048285742E-16,-1.95204048285742E-16));
#4744=DIRECTION('center_axis',(-1.96768183288031E-16,1.,-1.62654566464199E-15));
#4745=DIRECTION('ref_axis',(1.,1.96768183288032E-16,1.95204048285742E-16));
#4746=DIRECTION('center_axis',(-1.,-1.95204048285742E-16,0.));
#4747=DIRECTION('ref_axis',(0.,0.,-1.));
#4748=DIRECTION('',(1.,1.95204048285742E-16,0.));
#4749=DIRECTION('center_axis',(1.,0.,0.));
#4750=DIRECTION('ref_axis',(0.,0.,-1.));
#4751=DIRECTION('',(-1.,-1.5641350022896E-18,-2.68268626286305E-33));
#4752=DIRECTION('center_axis',(1.,0.,0.));
#4753=DIRECTION('ref_axis',(0.,0.,-1.));
#4754=DIRECTION('',(1.,0.,0.));
#4755=DIRECTION('center_axis',(-1.,0.,0.));
#4756=DIRECTION('ref_axis',(0.,1.,1.69617406539954E-15));
#4757=DIRECTION('center_axis',(1.,0.,0.));
#4758=DIRECTION('ref_axis',(0.,0.,-1.));
#4759=DIRECTION('center_axis',(-1.,0.,0.));
#4760=DIRECTION('ref_axis',(0.,1.,1.85037170770858E-15));
#4761=DIRECTION('',(0.,0.,1.));
#4762=DIRECTION('center_axis',(-1.,0.,0.));
#4763=DIRECTION('ref_axis',(0.,0.,1.));
#4764=DIRECTION('',(0.,0.,-1.));
#4765=DIRECTION('center_axis',(-1.,0.,0.));
#4766=DIRECTION('ref_axis',(0.,1.,1.85037170770858E-15));
#4767=DIRECTION('center_axis',(0.,-1.71512449944288E-15,1.));
#4768=DIRECTION('ref_axis',(0.,-1.,-1.71512449944288E-15));
#4769=DIRECTION('',(-1.,0.,0.));
#4770=DIRECTION('center_axis',(1.5641350022896E-18,-1.,-1.62654566464199E-15));
#4771=DIRECTION('ref_axis',(1.,1.5641350022896E-18,2.68268626286305E-33));
#4772=DIRECTION('center_axis',(1.,0.,0.));
#4773=DIRECTION('ref_axis',(0.,0.,-1.));
#4774=DIRECTION('',(-1.,0.,0.));
#4775=DIRECTION('center_axis',(1.,-1.91006111763468E-16,0.));
#4776=DIRECTION('ref_axis',(0.,0.,-1.));
#4777=DIRECTION('',(-1.91006111763468E-16,-1.,0.));
#4778=DIRECTION('',(-1.91006111763468E-16,-1.,0.));
#4779=DIRECTION('center_axis',(0.,0.,1.));
#4780=DIRECTION('ref_axis',(1.,0.,0.));
#4781=DIRECTION('',(-1.91006111763468E-16,1.,0.));
#4782=DIRECTION('center_axis',(-1.,-1.91006111763468E-16,0.));
#4783=DIRECTION('ref_axis',(0.,0.,1.));
#4784=DIRECTION('',(-1.91006111763468E-16,1.,0.));
#4785=DIRECTION('center_axis',(0.,0.,1.));
#4786=DIRECTION('ref_axis',(1.,0.,0.));
#4787=DIRECTION('axis',(0.,0.,1.));
#4788=DIRECTION('refdir',(1.,0.,0.));
#4789=DIRECTION('center_axis',(-3.85576410060051E-17,-0.17364817766693,
-0.984807753012208));
#4790=DIRECTION('ref_axis',(2.18671248444704E-16,0.984807753012208,-0.17364817766693));
#4791=DIRECTION('',(1.,-2.22044604925031E-16,0.));
#4792=DIRECTION('',(2.18671248444704E-16,0.984807753012208,-0.17364817766693));
#4793=DIRECTION('',(-1.,-4.7248710782071E-16,1.22464679914735E-16));
#4794=DIRECTION('',(-2.18671248444704E-16,-0.984807753012208,0.17364817766693));
#4795=DIRECTION('center_axis',(1.22464679914735E-16,0.,1.));
#4796=DIRECTION('ref_axis',(1.,0.,-1.22464679914735E-16));
#4797=DIRECTION('center_axis',(-1.22464679914735E-16,0.,-1.));
#4798=DIRECTION('ref_axis',(1.,0.,-2.01858731750028E-16));
#4799=DIRECTION('',(-2.22044604925031E-16,-1.,2.71926214689378E-32));
#4800=DIRECTION('',(2.22044604925031E-16,1.,-2.71926214689378E-32));
#4801=DIRECTION('',(-1.,1.22464679914735E-16,1.22464679914735E-16));
#4802=DIRECTION('',(1.22464679914735E-16,1.,-1.49975978266186E-32));
#4803=DIRECTION('',(1.,-1.22464679914735E-16,-1.22464679914735E-16));
#4804=DIRECTION('',(-2.22044604925031E-16,1.,2.71926214689378E-32));
#4805=DIRECTION('',(1.,-4.7248710782071E-16,-1.22464679914735E-16));
#4806=DIRECTION('',(2.22044604925031E-16,-1.,-2.71926214689378E-32));
#4807=DIRECTION('',(1.,0.,-1.22464679914735E-16));
#4808=DIRECTION('',(0.,-1.,0.));
#4809=DIRECTION('',(-1.,0.,1.22464679914735E-16));
#4810=DIRECTION('center_axis',(1.,-2.22044604925031E-16,0.));
#4811=DIRECTION('ref_axis',(0.,0.,1.));
#4812=DIRECTION('',(1.57009245868378E-16,0.707106781186548,-0.707106781186547));
#4813=DIRECTION('',(2.22044604925031E-16,1.,0.));
#4814=DIRECTION('',(0.,0.,-1.));
#4815=DIRECTION('center_axis',(-0.17364817766693,2.12657684957577E-17,-0.984807753012208));
#4816=DIRECTION('ref_axis',(0.984807753012208,-1.2060416625019E-16,-0.17364817766693));
#4817=DIRECTION('',(-1.22464679914735E-16,-1.,0.));
#4818=DIRECTION('',(0.984807753012208,-1.2060416625019E-16,-0.17364817766693));
#4819=DIRECTION('',(-0.984807753012208,1.2060416625019E-16,0.17364817766693));
#4820=DIRECTION('center_axis',(-1.22464679914735E-16,-1.,0.));
#4821=DIRECTION('ref_axis',(0.,0.,1.));
#4822=DIRECTION('',(0.707106781186548,-8.65956056235494E-17,-0.707106781186547));
#4823=DIRECTION('',(1.,-1.22464679914735E-16,0.));
#4824=DIRECTION('',(0.,0.,-1.));
#4825=DIRECTION('center_axis',(-0.707106781186547,8.65956056235493E-17,
-0.707106781186548));
#4826=DIRECTION('ref_axis',(0.707106781186548,-8.65956056235494E-17,-0.707106781186547));
#4827=DIRECTION('',(-0.707106781186548,8.65956056235494E-17,0.707106781186547));
#4828=DIRECTION('',(1.22464679914735E-16,1.,0.));
#4829=DIRECTION('center_axis',(-3.85576410060051E-17,0.17364817766693,-0.984807753012208));
#4830=DIRECTION('ref_axis',(2.18671248444703E-16,-0.984807753012208,-0.17364817766693));
#4831=DIRECTION('',(-1.,-2.22044604925031E-16,0.));
#4832=DIRECTION('',(2.18671248444703E-16,-0.984807753012208,-0.17364817766693));
#4833=DIRECTION('',(-2.18671248444703E-16,0.984807753012208,0.17364817766693));
#4834=DIRECTION('center_axis',(-1.,-2.22044604925031E-16,0.));
#4835=DIRECTION('ref_axis',(0.,0.,1.));
#4836=DIRECTION('',(1.57009245868378E-16,-0.707106781186548,-0.707106781186547));
#4837=DIRECTION('',(2.22044604925031E-16,-1.,0.));
#4838=DIRECTION('',(0.,0.,-1.));
#4839=DIRECTION('center_axis',(-1.57009245868377E-16,0.707106781186547,
-0.707106781186548));
#4840=DIRECTION('ref_axis',(1.57009245868378E-16,-0.707106781186548,-0.707106781186547));
#4841=DIRECTION('',(-1.57009245868378E-16,0.707106781186548,0.707106781186547));
#4842=DIRECTION('',(1.,2.22044604925031E-16,0.));
#4843=DIRECTION('center_axis',(-1.,-2.22044604925031E-16,0.));
#4844=DIRECTION('ref_axis',(0.,0.,1.));
#4845=DIRECTION('',(-2.22044604925031E-16,1.,0.));
#4846=DIRECTION('center_axis',(0.17364817766693,0.,-0.984807753012208));
#4847=DIRECTION('ref_axis',(-0.984807753012208,0.,-0.17364817766693));
#4848=DIRECTION('',(0.,1.,0.));
#4849=DIRECTION('',(-0.984807753012208,0.,-0.17364817766693));
#4850=DIRECTION('',(0.984807753012208,0.,0.17364817766693));
#4851=DIRECTION('center_axis',(0.,1.,0.));
#4852=DIRECTION('ref_axis',(0.,0.,1.));
#4853=DIRECTION('',(-0.707106781186548,0.,-0.707106781186547));
#4854=DIRECTION('',(-1.,0.,0.));
#4855=DIRECTION('',(0.,0.,1.));
#4856=DIRECTION('center_axis',(0.707106781186547,0.,-0.707106781186548));
#4857=DIRECTION('ref_axis',(-0.707106781186548,0.,-0.707106781186547));
#4858=DIRECTION('',(0.707106781186548,0.,0.707106781186547));
#4859=DIRECTION('',(0.,-1.,0.));
#4860=DIRECTION('center_axis',(0.,1.,0.));
#4861=DIRECTION('ref_axis',(0.,0.,1.));
#4862=DIRECTION('',(1.,0.,0.));
#4863=DIRECTION('center_axis',(-1.57009245868377E-16,-0.707106781186547,
-0.707106781186548));
#4864=DIRECTION('ref_axis',(1.57009245868378E-16,0.707106781186548,-0.707106781186547));
#4865=DIRECTION('',(-1.57009245868378E-16,-0.707106781186548,0.707106781186547));
#4866=DIRECTION('',(-1.,2.22044604925031E-16,0.));
#4867=DIRECTION('center_axis',(1.,-2.22044604925031E-16,0.));
#4868=DIRECTION('ref_axis',(0.,0.,1.));
#4869=DIRECTION('',(-2.22044604925031E-16,-1.,0.));
#4870=DIRECTION('center_axis',(0.,1.,0.));
#4871=DIRECTION('ref_axis',(0.,0.,1.));
#4872=DIRECTION('',(-1.,0.,0.));
#4873=DIRECTION('center_axis',(0.,0.,-1.));
#4874=DIRECTION('ref_axis',(-1.,0.,0.));
#4875=DIRECTION('center_axis',(-1.22464679914735E-16,0.,-1.));
#4876=DIRECTION('ref_axis',(-1.,0.,1.55820775385987E-16));
#4877=DIRECTION('center_axis',(0.,0.,-1.));
#4878=DIRECTION('ref_axis',(-1.,-2.07603426040211E-32,0.));
#4879=DIRECTION('center_axis',(0.,0.,-1.));
#4880=DIRECTION('ref_axis',(-1.,-2.07603426040211E-32,0.));
#4881=DIRECTION('center_axis',(-1.22464679914735E-16,-1.,1.49975978266185E-32));
#4882=DIRECTION('ref_axis',(1.,-1.22464679914735E-16,-1.94775969232484E-16));
#4883=DIRECTION('center_axis',(1.22464679914735E-16,0.,1.));
#4884=DIRECTION('ref_axis',(-1.,-1.22464679914735E-16,1.11022302462516E-16));
#4885=DIRECTION('center_axis',(1.22464679914735E-16,0.,1.));
#4886=DIRECTION('ref_axis',(-1.,-1.22464679914735E-16,1.11022302462516E-16));
#4887=DIRECTION('center_axis',(1.22464679914735E-16,0.,1.));
#4888=DIRECTION('ref_axis',(1.,0.,-2.01858731750028E-16));
#4889=DIRECTION('',(-0.707106781186548,8.65956056235494E-17,0.707106781186547));
#4890=DIRECTION('center_axis',(-1.22464679914735E-16,0.,-1.));
#4891=DIRECTION('ref_axis',(1.,0.,-2.01858731750028E-16));
#4892=DIRECTION('center_axis',(-1.22464679914735E-16,0.,-1.));
#4893=DIRECTION('ref_axis',(1.,0.,-2.01858731750028E-16));
#4894=DIRECTION('center_axis',(-1.22464679914735E-16,0.,-1.));
#4895=DIRECTION('ref_axis',(1.,0.,-2.01858731750028E-16));
#4896=DIRECTION('',(1.22464679914735E-16,0.,1.));
#4897=DIRECTION('center_axis',(-1.22464679914735E-16,0.,-1.));
#4898=DIRECTION('ref_axis',(1.,0.,-2.01858731750028E-16));
#4899=DIRECTION('center_axis',(-1.22464679914735E-16,0.,-1.));
#4900=DIRECTION('ref_axis',(1.,0.,-2.01858731750028E-16));
#4901=DIRECTION('',(0.447213595499955,-5.47678698264199E-17,0.894427190999917));
#4902=DIRECTION('center_axis',(-1.22464679914735E-16,0.,-1.));
#4903=DIRECTION('ref_axis',(1.,0.,-2.01858731750028E-16));
#4904=DIRECTION('center_axis',(-1.22464679914735E-16,0.,-1.));
#4905=DIRECTION('ref_axis',(1.,0.,-2.01858731750028E-16));
#4906=DIRECTION('',(1.22464679914735E-16,0.,1.));
#4907=DIRECTION('center_axis',(-1.22464679914735E-16,0.,-1.));
#4908=DIRECTION('ref_axis',(-1.,0.,1.22464679914735E-16));
#4909=DIRECTION('center_axis',(-1.22464679914735E-16,0.,-1.));
#4910=DIRECTION('ref_axis',(1.,0.,-2.01858731750028E-16));
#4911=DIRECTION('',(1.22464679914735E-16,0.,1.));
#4912=DIRECTION('axis',(0.,0.,1.));
#4913=DIRECTION('refdir',(1.,0.,0.));
#4914=DIRECTION('center_axis',(0.,0.,-1.));
#4915=DIRECTION('ref_axis',(-1.,0.,0.));
#4916=DIRECTION('center_axis',(1.22464679914735E-16,-1.,0.));
#4917=DIRECTION('ref_axis',(-1.,-1.22464679914735E-16,0.));
#4918=DIRECTION('center_axis',(0.,0.,-1.));
#4919=DIRECTION('ref_axis',(-1.,0.,0.));
#4920=DIRECTION('center_axis',(0.,0.,1.));
#4921=DIRECTION('ref_axis',(1.,0.,0.));
#4922=DIRECTION('center_axis',(0.,0.,1.));
#4923=DIRECTION('ref_axis',(-1.,0.,0.));
#4924=DIRECTION('center_axis',(0.,0.,1.));
#4925=DIRECTION('ref_axis',(-1.,0.,0.));
#4926=DIRECTION('',(0.,0.,-1.));
#4927=DIRECTION('center_axis',(0.,0.,-1.));
#4928=DIRECTION('ref_axis',(-1.,0.,0.));
#4929=DIRECTION('center_axis',(0.,0.,1.));
#4930=DIRECTION('ref_axis',(1.,0.,0.));
#4931=DIRECTION('center_axis',(0.,0.,1.));
#4932=DIRECTION('ref_axis',(1.,0.,0.));
#4933=DIRECTION('',(0.,-1.,0.));
#4934=DIRECTION('',(1.,0.,0.));
#4935=DIRECTION('',(-1.95204048285744E-16,1.,1.71512449944289E-15));
#4936=DIRECTION('',(1.,1.95204048285744E-16,1.96768183288031E-16));
#4937=DIRECTION('',(1.32966528659834E-15,-1.,4.3624822852455E-16));
#4938=DIRECTION('',(1.,1.32966528659834E-15,-1.7333827500984E-15));
#4939=DIRECTION('',(1.32966528659834E-15,-1.,4.3624822852455E-16));
#4940=DIRECTION('',(1.,1.32966528659834E-15,-1.7333827500984E-15));
#4941=DIRECTION('',(-1.7333827500984E-15,-1.,4.3624822852455E-16));
#4942=DIRECTION('',(1.,-1.7333827500984E-15,1.32966528659834E-15));
#4943=DIRECTION('',(-1.7333827500984E-15,-1.,4.3624822852455E-16));
#4944=DIRECTION('',(1.,-1.7333827500984E-15,1.32966528659834E-15));
#4945=DIRECTION('',(1.71512449944288E-15,-1.,-2.49712781066579E-19));
#4946=DIRECTION('',(1.,1.71512449944288E-15,-1.70818560553897E-15));
#4947=DIRECTION('',(1.71512449944288E-15,-1.,-2.49712781066579E-19));
#4948=DIRECTION('',(1.,1.71512449944288E-15,-1.70818560553897E-15));
#4949=DIRECTION('',(1.71512449944288E-15,-1.,-2.49712781066579E-19));
#4950=DIRECTION('',(1.,1.71512449944288E-15,-1.70818560553897E-15));
#4951=DIRECTION('',(1.71512449944288E-15,-1.,-2.49712781066579E-19));
#4952=DIRECTION('',(1.,1.71512449944288E-15,-1.70818560553897E-15));
#4953=CARTESIAN_POINT('',(0.,0.,0.));
#4954=CARTESIAN_POINT('',(0.,0.,0.));
#4955=CARTESIAN_POINT('Origin',(47.5,39.8137084989848,24.8994949366116));
#4956=CARTESIAN_POINT('',(46.,29.2071067811866,14.2928932188135));
#4957=CARTESIAN_POINT('',(46.,39.8137084989848,24.8994949366116));
#4958=CARTESIAN_POINT('',(46.,29.479268320577,14.5650547582039));
#4959=CARTESIAN_POINT('',(47.5,29.2071067811866,14.2928932188135));
#4960=CARTESIAN_POINT('',(47.5,29.2071067811866,14.2928932188135));
#4961=CARTESIAN_POINT('',(47.5,39.8137084989848,24.8994949366116));
#4962=CARTESIAN_POINT('',(47.5,29.479268320577,14.5650547582039));
#4963=CARTESIAN_POINT('',(47.5,39.8137084989848,24.8994949366116));
#4964=CARTESIAN_POINT('Origin',(47.5,39.8137084989848,24.8994949366116));
#4965=CARTESIAN_POINT('',(-47.5,29.2071067811866,14.2928932188135));
#4966=CARTESIAN_POINT('',(-47.5,39.8137084989848,24.8994949366116));
#4967=CARTESIAN_POINT('',(-47.5,29.479268320577,14.5650547582039));
#4968=CARTESIAN_POINT('',(-46.,29.2071067811866,14.2928932188135));
#4969=CARTESIAN_POINT('',(47.5,29.2071067811866,14.2928932188135));
#4970=CARTESIAN_POINT('',(-46.,39.8137084989848,24.8994949366116));
#4971=CARTESIAN_POINT('',(-46.,29.479268320577,14.5650547582039));
#4972=CARTESIAN_POINT('',(47.5,39.8137084989848,24.8994949366116));
#4973=CARTESIAN_POINT('Origin',(47.5,28.5,15.));
#4974=CARTESIAN_POINT('',(46.,27.7928932188135,15.7071067811865));
#4975=CARTESIAN_POINT('Origin',(46.,28.5,15.));
#4976=CARTESIAN_POINT('',(47.5,27.7928932188135,15.7071067811865));
#4977=CARTESIAN_POINT('',(47.5,27.7928932188135,15.7071067811865));
#4978=CARTESIAN_POINT('Origin',(47.5,28.5,15.));
#4979=CARTESIAN_POINT('Origin',(47.5,39.1066017177982,25.6066017177982));
#4980=CARTESIAN_POINT('',(46.,38.3994949366117,26.3137084989847));
#4981=CARTESIAN_POINT('Origin',(46.,39.1066017177982,25.6066017177982));
#4982=CARTESIAN_POINT('',(47.5,38.3994949366117,26.3137084989847));
#4983=CARTESIAN_POINT('Origin',(47.5,39.1066017177982,25.6066017177982));
#4984=CARTESIAN_POINT('',(47.5,38.3994949366117,26.3137084989847));
#4985=CARTESIAN_POINT('Origin',(47.5,39.1066017177982,25.6066017177982));
#4986=CARTESIAN_POINT('',(-47.5,38.3994949366117,26.3137084989847));
#4987=CARTESIAN_POINT('Origin',(-47.5,39.1066017177982,25.6066017177982));
#4988=CARTESIAN_POINT('',(-46.,38.3994949366117,26.3137084989847));
#4989=CARTESIAN_POINT('Origin',(-46.,39.1066017177982,25.6066017177982));
#4990=CARTESIAN_POINT('',(47.5,38.3994949366117,26.3137084989847));
#4991=CARTESIAN_POINT('Origin',(47.5,27.7928932188135,15.7071067811865));
#4992=CARTESIAN_POINT('',(46.,22.7617538993048,10.6759674616779));
#4993=CARTESIAN_POINT('',(47.5,22.7617538993048,10.6759674616779));
#4994=CARTESIAN_POINT('Origin',(47.5,27.7928932188135,15.7071067811865));
#4995=CARTESIAN_POINT('',(-47.5,27.7928932188135,15.7071067811866));
#4996=CARTESIAN_POINT('',(-47.5,22.7617538993048,10.6759674616779));
#4997=CARTESIAN_POINT('',(-46.,27.7928932188135,15.7071067811866));
#4998=CARTESIAN_POINT('',(-46.,22.7617538993048,10.6759674616779));
#4999=CARTESIAN_POINT('',(47.5,27.7928932188135,15.7071067811865));
#5000=CARTESIAN_POINT('Origin',(47.5,28.5,15.));
#5001=CARTESIAN_POINT('Origin',(-47.5,28.5,15.));
#5002=CARTESIAN_POINT('Origin',(-46.,28.5,15.));
#5003=CARTESIAN_POINT('Origin',(47.5,37.7928932188135,15.7071067811865));
#5004=CARTESIAN_POINT('',(46.,43.4497474683058,21.3639610306789));
#5005=CARTESIAN_POINT('',(46.,37.7928932188135,15.7071067811865));
#5006=CARTESIAN_POINT('',(46.,30.2617538993048,8.17596746167787));
#5007=CARTESIAN_POINT('',(47.5,43.4497474683058,21.3639610306789));
#5008=CARTESIAN_POINT('',(47.5,43.4497474683058,21.3639610306789));
#5009=CARTESIAN_POINT('',(47.5,37.7928932188135,15.7071067811865));
#5010=CARTESIAN_POINT('',(47.5,30.2617538993048,8.17596746167787));
#5011=CARTESIAN_POINT('',(47.5,37.7928932188135,15.7071067811865));
#5012=CARTESIAN_POINT('Origin',(47.5,37.7928932188135,15.7071067811865));
#5013=CARTESIAN_POINT('',(-47.5,43.4497474683058,21.3639610306789));
#5014=CARTESIAN_POINT('',(-47.5,37.7928932188135,15.7071067811865));
#5015=CARTESIAN_POINT('',(-47.5,30.2617538993048,8.17596746167787));
#5016=CARTESIAN_POINT('',(-46.,43.4497474683058,21.3639610306789));
#5017=CARTESIAN_POINT('',(47.5,43.4497474683058,21.3639610306789));
#5018=CARTESIAN_POINT('',(-46.,37.7928932188135,15.7071067811865));
#5019=CARTESIAN_POINT('',(-46.,30.2617538993048,8.17596746167786));
#5020=CARTESIAN_POINT('',(47.5,37.7928932188135,15.7071067811865));
#5021=CARTESIAN_POINT('Origin',(47.5,44.1568542494924,20.6568542494923));
#5022=CARTESIAN_POINT('',(46.,44.8639610306789,19.9497474683058));
#5023=CARTESIAN_POINT('Origin',(46.,44.1568542494924,20.6568542494923));
#5024=CARTESIAN_POINT('',(47.5,44.8639610306789,19.9497474683058));
#5025=CARTESIAN_POINT('',(47.5,44.8639610306789,19.9497474683058));
#5026=CARTESIAN_POINT('Origin',(47.5,44.1568542494924,20.6568542494923));
#5027=CARTESIAN_POINT('Origin',(47.5,38.5,15.));
#5028=CARTESIAN_POINT('',(46.,39.2071067811866,14.2928932188134));
#5029=CARTESIAN_POINT('Origin',(46.,38.5,15.));
#5030=CARTESIAN_POINT('',(47.5,39.2071067811866,14.2928932188134));
#5031=CARTESIAN_POINT('Origin',(47.5,38.5,15.));
#5032=CARTESIAN_POINT('',(47.5,39.2071067811866,14.2928932188134));
#5033=CARTESIAN_POINT('Origin',(47.5,38.5,15.));
#5034=CARTESIAN_POINT('',(-47.5,39.2071067811866,14.2928932188135));
#5035=CARTESIAN_POINT('Origin',(-47.5,38.5,15.));
#5036=CARTESIAN_POINT('',(-46.,39.2071067811866,14.2928932188135));
#5037=CARTESIAN_POINT('Origin',(-46.,38.5,15.));
#5038=CARTESIAN_POINT('',(47.5,39.2071067811866,14.2928932188134));
#5039=CARTESIAN_POINT('Origin',(47.5,44.8639610306789,19.9497474683058));
#5040=CARTESIAN_POINT('',(46.,34.5043945864241,9.59018102405097));
#5041=CARTESIAN_POINT('',(47.5,34.5043945864241,9.59018102405097));
#5042=CARTESIAN_POINT('Origin',(47.5,44.8639610306789,19.9497474683058));
#5043=CARTESIAN_POINT('',(-47.5,44.8639610306789,19.9497474683058));
#5044=CARTESIAN_POINT('',(-47.5,34.5043945864241,9.59018102405096));
#5045=CARTESIAN_POINT('',(-46.,44.8639610306789,19.9497474683058));
#5046=CARTESIAN_POINT('',(-46.,34.5043945864241,9.59018102405097));
#5047=CARTESIAN_POINT('',(47.5,44.8639610306789,19.9497474683058));
#5048=CARTESIAN_POINT('Origin',(47.5,44.1568542494924,20.6568542494923));
#5049=CARTESIAN_POINT('Origin',(-47.5,44.1568542494924,20.6568542494924));
#5050=CARTESIAN_POINT('Origin',(-46.,44.1568542494924,20.6568542494924));
#5051=CARTESIAN_POINT('Origin',(47.5,34.8139610306789,24.8997474683058));
#5052=CARTESIAN_POINT('',(46.,29.1571067811866,19.2428932188135));
#5053=CARTESIAN_POINT('',(46.,34.8139610306789,24.8997474683058));
#5054=CARTESIAN_POINT('',(46.,25.7293945864241,15.815181024051));
#5055=CARTESIAN_POINT('',(47.5,29.1571067811866,19.2428932188135));
#5056=CARTESIAN_POINT('',(47.5,29.1571067811866,19.2428932188135));
#5057=CARTESIAN_POINT('',(47.5,34.8139610306789,24.8997474683058));
#5058=CARTESIAN_POINT('',(47.5,25.7293945864241,15.815181024051));
#5059=CARTESIAN_POINT('',(47.5,34.8139610306789,24.8997474683058));
#5060=CARTESIAN_POINT('Origin',(47.5,34.8139610306789,24.8997474683058));
#5061=CARTESIAN_POINT('',(-47.5,29.1571067811866,19.2428932188135));
#5062=CARTESIAN_POINT('',(-47.5,34.8139610306789,24.8997474683058));
#5063=CARTESIAN_POINT('',(-47.5,25.7293945864241,15.815181024051));
#5064=CARTESIAN_POINT('',(-46.,29.1571067811866,19.2428932188135));
#5065=CARTESIAN_POINT('',(47.5,29.1571067811866,19.2428932188135));
#5066=CARTESIAN_POINT('',(-46.,34.8139610306789,24.8997474683058));
#5067=CARTESIAN_POINT('',(-46.,25.7293945864241,15.815181024051));
#5068=CARTESIAN_POINT('',(47.5,34.8139610306789,24.8997474683058));
#5069=CARTESIAN_POINT('Origin',(47.5,28.45,19.95));
#5070=CARTESIAN_POINT('',(46.,27.7428932188134,20.6571067811866));
#5071=CARTESIAN_POINT('Origin',(46.,28.45,19.95));
#5072=CARTESIAN_POINT('',(47.5,27.7428932188134,20.6571067811866));
#5073=CARTESIAN_POINT('',(47.5,27.7428932188134,20.6571067811866));
#5074=CARTESIAN_POINT('Origin',(47.5,28.45,19.95));
#5075=CARTESIAN_POINT('Origin',(47.5,34.1068542494924,25.6068542494924));
#5076=CARTESIAN_POINT('',(46.,33.3997474683058,26.3139610306789));
#5077=CARTESIAN_POINT('Origin',(46.,34.1068542494924,25.6068542494924));
#5078=CARTESIAN_POINT('',(47.5,33.3997474683058,26.3139610306789));
#5079=CARTESIAN_POINT('Origin',(47.5,34.1068542494924,25.6068542494924));
#5080=CARTESIAN_POINT('',(47.5,33.3997474683058,26.3139610306789));
#5081=CARTESIAN_POINT('Origin',(47.5,34.1068542494924,25.6068542494924));
#5082=CARTESIAN_POINT('',(-47.5,33.3997474683058,26.3139610306789));
#5083=CARTESIAN_POINT('Origin',(-47.5,34.1068542494924,25.6068542494924));
#5084=CARTESIAN_POINT('',(-46.,33.3997474683058,26.3139610306789));
#5085=CARTESIAN_POINT('Origin',(-46.,34.1068542494924,25.6068542494924));
#5086=CARTESIAN_POINT('',(47.5,33.3997474683058,26.3139610306789));
#5087=CARTESIAN_POINT('Origin',(47.5,27.7428932188134,20.6571067811866));
#5088=CARTESIAN_POINT('',(46.,21.4867538993048,14.4009674616779));
#5089=CARTESIAN_POINT('',(47.5,21.4867538993048,14.4009674616779));
#5090=CARTESIAN_POINT('Origin',(47.5,27.7428932188134,20.6571067811866));
#5091=CARTESIAN_POINT('',(-47.5,27.7428932188134,20.6571067811866));
#5092=CARTESIAN_POINT('',(-47.5,21.4867538993048,14.4009674616779));
#5093=CARTESIAN_POINT('',(-46.,27.7428932188134,20.6571067811866));
#5094=CARTESIAN_POINT('',(-46.,21.4867538993048,14.4009674616779));
#5095=CARTESIAN_POINT('',(47.5,27.7428932188134,20.6571067811866));
#5096=CARTESIAN_POINT('Origin',(47.5,28.45,19.95));
#5097=CARTESIAN_POINT('Origin',(-47.5,28.45,19.95));
#5098=CARTESIAN_POINT('Origin',(-46.,28.45,19.95));
#5099=CARTESIAN_POINT('Origin',(47.5,44.8137084989848,24.8994949366117));
#5100=CARTESIAN_POINT('',(46.,34.2071067811866,14.2928932188135));
#5101=CARTESIAN_POINT('',(46.,44.8137084989848,24.8994949366117));
#5102=CARTESIAN_POINT('',(46.,33.229268320577,13.3150547582039));
#5103=CARTESIAN_POINT('',(47.5,34.2071067811866,14.2928932188135));
#5104=CARTESIAN_POINT('',(47.5,34.2071067811866,14.2928932188135));
#5105=CARTESIAN_POINT('',(47.5,44.8137084989848,24.8994949366117));
#5106=CARTESIAN_POINT('',(47.5,33.229268320577,13.3150547582039));
#5107=CARTESIAN_POINT('',(47.5,44.8137084989848,24.8994949366117));
#5108=CARTESIAN_POINT('Origin',(47.5,44.8137084989848,24.8994949366117));
#5109=CARTESIAN_POINT('',(-47.5,34.2071067811866,14.2928932188135));
#5110=CARTESIAN_POINT('',(-47.5,44.8137084989848,24.8994949366117));
#5111=CARTESIAN_POINT('',(-47.5,33.229268320577,13.3150547582039));
#5112=CARTESIAN_POINT('',(-46.,34.2071067811866,14.2928932188135));
#5113=CARTESIAN_POINT('',(47.5,34.2071067811866,14.2928932188135));
#5114=CARTESIAN_POINT('',(-46.,44.8137084989848,24.8994949366117));
#5115=CARTESIAN_POINT('',(-46.,33.229268320577,13.3150547582039));
#5116=CARTESIAN_POINT('',(47.5,44.8137084989848,24.8994949366117));
#5117=CARTESIAN_POINT('Origin',(47.5,33.5,15.));
#5118=CARTESIAN_POINT('',(46.,32.7928932188135,15.7071067811865));
#5119=CARTESIAN_POINT('Origin',(46.,33.5,15.));
#5120=CARTESIAN_POINT('',(47.5,32.7928932188135,15.7071067811865));
#5121=CARTESIAN_POINT('',(47.5,32.7928932188135,15.7071067811865));
#5122=CARTESIAN_POINT('Origin',(47.5,33.5,15.));
#5123=CARTESIAN_POINT('Origin',(47.5,44.1066017177982,25.6066017177982));
#5124=CARTESIAN_POINT('',(46.,43.3994949366117,26.3137084989848));
#5125=CARTESIAN_POINT('Origin',(46.,44.1066017177982,25.6066017177982));
#5126=CARTESIAN_POINT('',(47.5,43.3994949366117,26.3137084989848));
#5127=CARTESIAN_POINT('Origin',(47.5,44.1066017177982,25.6066017177982));
#5128=CARTESIAN_POINT('',(47.5,43.3994949366117,26.3137084989848));
#5129=CARTESIAN_POINT('Origin',(47.5,44.1066017177982,25.6066017177982));
#5130=CARTESIAN_POINT('',(-47.5,43.3994949366117,26.3137084989848));
#5131=CARTESIAN_POINT('Origin',(-47.5,44.1066017177982,25.6066017177982));
#5132=CARTESIAN_POINT('',(-46.,43.3994949366117,26.3137084989848));
#5133=CARTESIAN_POINT('Origin',(-46.,44.1066017177982,25.6066017177982));
#5134=CARTESIAN_POINT('',(47.5,43.3994949366117,26.3137084989848));
#5135=CARTESIAN_POINT('Origin',(47.5,32.7928932188135,15.7071067811865));
#5136=CARTESIAN_POINT('',(46.,26.5117538993048,9.42596746167787));
#5137=CARTESIAN_POINT('',(47.5,26.5117538993048,9.42596746167787));
#5138=CARTESIAN_POINT('Origin',(47.5,32.7928932188135,15.7071067811865));
#5139=CARTESIAN_POINT('',(-47.5,32.7928932188135,15.7071067811866));
#5140=CARTESIAN_POINT('',(-47.5,26.5117538993048,9.42596746167787));
#5141=CARTESIAN_POINT('',(-46.,32.7928932188135,15.7071067811866));
#5142=CARTESIAN_POINT('',(-46.,26.5117538993048,9.42596746167787));
#5143=CARTESIAN_POINT('',(47.5,32.7928932188135,15.7071067811865));
#5144=CARTESIAN_POINT('Origin',(47.5,33.5,15.));
#5145=CARTESIAN_POINT('Origin',(-47.5,33.5,15.));
#5146=CARTESIAN_POINT('Origin',(-46.,33.5,15.));
#5147=CARTESIAN_POINT('Origin',(-32.5,-46.5,46.5));
#5148=CARTESIAN_POINT('',(-31.5,-46.5,48.));
#5149=CARTESIAN_POINT('',(-32.5,-47.5,48.));
#5150=CARTESIAN_POINT('Origin',(-32.5,-46.5,48.));
#5151=CARTESIAN_POINT('',(-32.5,-47.5,46.5));
#5152=CARTESIAN_POINT('',(-32.5,-47.5,46.5));
#5153=CARTESIAN_POINT('',(-31.5,-46.5,46.5));
#5154=CARTESIAN_POINT('Origin',(-32.5,-46.5,46.5));
#5155=CARTESIAN_POINT('',(-31.5,-46.5,46.5));
#5156=CARTESIAN_POINT('Origin',(-31.5,-47.5,46.5));
#5157=CARTESIAN_POINT('',(-31.5,-20.5,46.5));
#5158=CARTESIAN_POINT('',(-31.5,-47.5,46.5));
#5159=CARTESIAN_POINT('',(-31.5,-20.5,48.));
#5160=CARTESIAN_POINT('',(-31.5,-20.5,46.5));
#5161=CARTESIAN_POINT('',(-31.5,-47.5,48.));
#5162=CARTESIAN_POINT('Origin',(-40.1245572780346,-33.5,46.5));
#5163=CARTESIAN_POINT('',(-43.,-47.5,46.5));
#5164=CARTESIAN_POINT('',(-54.4982291121386,-47.5,46.5));
#5165=CARTESIAN_POINT('',(-43.,-19.5,46.5));
#5166=CARTESIAN_POINT('',(-43.,-33.5,46.5));
#5167=CARTESIAN_POINT('',(-32.5,-19.5,46.5));
#5168=CARTESIAN_POINT('',(-54.4982291121386,-19.5,46.5));
#5169=CARTESIAN_POINT('Origin',(-32.5,-20.5,46.5));
#5170=CARTESIAN_POINT('Origin',(-32.5,-20.5,46.5));
#5171=CARTESIAN_POINT('',(-32.5,-19.5,48.));
#5172=CARTESIAN_POINT('Origin',(-32.5,-20.5,48.));
#5173=CARTESIAN_POINT('',(-32.5,-19.5,46.5));
#5174=CARTESIAN_POINT('Origin',(-40.1245572780346,-33.5,48.));
#5175=CARTESIAN_POINT('',(-43.,-19.5,48.));
#5176=CARTESIAN_POINT('',(-54.4982291121386,-19.5,48.));
#5177=CARTESIAN_POINT('',(-43.,-47.5,48.));
#5178=CARTESIAN_POINT('',(-43.,-33.5,48.));
#5179=CARTESIAN_POINT('',(-43.,-47.5,48.));
#5180=CARTESIAN_POINT('Origin',(-43.,-19.5,46.5));
#5181=CARTESIAN_POINT('',(-43.,-19.5,46.83));
#5182=CARTESIAN_POINT('Origin',(-31.5,-16.5,38.5));
#5183=CARTESIAN_POINT('',(-30.5,-16.5,40.));
#5184=CARTESIAN_POINT('',(-31.5,-17.5,40.));
#5185=CARTESIAN_POINT('Origin',(-31.5,-16.5,40.));
#5186=CARTESIAN_POINT('',(-31.5,-17.5,38.5));
#5187=CARTESIAN_POINT('',(-31.5,-17.5,38.5));
#5188=CARTESIAN_POINT('',(-30.5,-16.5,38.5));
#5189=CARTESIAN_POINT('Origin',(-31.5,-16.5,38.5));
#5190=CARTESIAN_POINT('',(-30.5,-16.5,38.5));
#5191=CARTESIAN_POINT('Origin',(-30.5,-17.5,38.5));
#5192=CARTESIAN_POINT('',(-30.5,16.5,38.5));
#5193=CARTESIAN_POINT('',(-30.5,-17.5,38.5));
#5194=CARTESIAN_POINT('',(-30.5,16.5,40.));
#5195=CARTESIAN_POINT('',(-30.5,16.5,38.5));
#5196=CARTESIAN_POINT('',(-30.5,-17.5,40.));
#5197=CARTESIAN_POINT('Origin',(-38.8539822368615,-5.88722967421201E-15,
38.5));
#5198=CARTESIAN_POINT('',(-45.7,-17.5,38.5));
#5199=CARTESIAN_POINT('',(-48.7159289474462,-17.5,38.5));
#5200=CARTESIAN_POINT('',(-45.7,17.5,38.5));
#5201=CARTESIAN_POINT('',(-45.7,-9.5923420947894E-15,38.5));
#5202=CARTESIAN_POINT('',(-31.5,17.5,38.4999999999999));
#5203=CARTESIAN_POINT('',(-48.7159289474462,17.5,38.5));
#5204=CARTESIAN_POINT('Origin',(-31.5,16.5,38.5));
#5205=CARTESIAN_POINT('',(-35.75,10.,38.5));
#5206=CARTESIAN_POINT('Origin',(-37.5,10.,38.5));
#5207=CARTESIAN_POINT('',(-35.75,-10.,38.5));
#5208=CARTESIAN_POINT('Origin',(-37.5,-10.,38.5));
#5209=CARTESIAN_POINT('Origin',(-31.5,16.5,38.5));
#5210=CARTESIAN_POINT('',(-31.5,17.5,39.9999999999999));
#5211=CARTESIAN_POINT('Origin',(-31.5,16.5,40.));
#5212=CARTESIAN_POINT('',(-31.5,17.5,38.5));
#5213=CARTESIAN_POINT('Origin',(-38.8539822368615,-5.41179437568712E-15,
40.));
#5214=CARTESIAN_POINT('',(-45.7,17.5,40.));
#5215=CARTESIAN_POINT('',(-48.7159289474462,17.5,40.));
#5216=CARTESIAN_POINT('',(-45.7,-17.5,40.));
#5217=CARTESIAN_POINT('',(-45.7,-9.03101701501878E-15,40.));
#5218=CARTESIAN_POINT('',(-45.7,-17.5,40.));
#5219=CARTESIAN_POINT('',(-34.35,10.,40.));
#5220=CARTESIAN_POINT('Origin',(-37.5,10.,40.));
#5221=CARTESIAN_POINT('',(-34.35,-10.,40.));
#5222=CARTESIAN_POINT('Origin',(-37.5,-10.,40.));
#5223=CARTESIAN_POINT('Origin',(-45.7,17.5,38.5));
#5224=CARTESIAN_POINT('',(-45.7,17.5,38.83));
#5225=CARTESIAN_POINT('Origin',(-32.5,20.5,46.5));
#5226=CARTESIAN_POINT('',(-31.5,20.5,48.));
#5227=CARTESIAN_POINT('',(-32.5,19.5,48.));
#5228=CARTESIAN_POINT('Origin',(-32.5,20.5,48.));
#5229=CARTESIAN_POINT('',(-32.5,19.5,46.5));
#5230=CARTESIAN_POINT('',(-32.5,19.5,46.5));
#5231=CARTESIAN_POINT('',(-31.5,20.5,46.5));
#5232=CARTESIAN_POINT('Origin',(-32.5,20.5,46.5));
#5233=CARTESIAN_POINT('',(-31.5,20.5,46.5));
#5234=CARTESIAN_POINT('Origin',(-31.5,19.5,46.5));
#5235=CARTESIAN_POINT('',(-31.5,46.5,46.5));
#5236=CARTESIAN_POINT('',(-31.5,19.5,46.5));
#5237=CARTESIAN_POINT('',(-31.5,46.5,48.));
#5238=CARTESIAN_POINT('',(-31.5,46.5,46.5));
#5239=CARTESIAN_POINT('',(-31.5,19.5,48.));
#5240=CARTESIAN_POINT('Origin',(-40.1245572780346,33.5,46.5));
#5241=CARTESIAN_POINT('',(-43.,19.5,46.5));
#5242=CARTESIAN_POINT('',(-54.4982291121386,19.5,46.5));
#5243=CARTESIAN_POINT('',(-43.,47.5,46.5));
#5244=CARTESIAN_POINT('',(-43.,33.5,46.5));
#5245=CARTESIAN_POINT('',(-32.5,47.5,46.5));
#5246=CARTESIAN_POINT('',(-54.4982291121386,47.5,46.5));
#5247=CARTESIAN_POINT('Origin',(-32.5,46.5,46.5));
#5248=CARTESIAN_POINT('Origin',(-32.5,46.5,46.5));
#5249=CARTESIAN_POINT('',(-32.5,47.5,48.));
#5250=CARTESIAN_POINT('Origin',(-32.5,46.5,48.));
#5251=CARTESIAN_POINT('',(-32.5,47.5,46.5));
#5252=CARTESIAN_POINT('Origin',(-40.1245572780346,33.5,48.));
#5253=CARTESIAN_POINT('',(-43.,47.5,48.));
#5254=CARTESIAN_POINT('',(-54.4982291121386,47.5,48.));
#5255=CARTESIAN_POINT('',(-43.,19.5,48.));
#5256=CARTESIAN_POINT('',(-43.,33.5,48.));
#5257=CARTESIAN_POINT('',(-43.,19.5,48.));
#5258=CARTESIAN_POINT('Origin',(-43.,47.5,46.5));
#5259=CARTESIAN_POINT('',(-43.,47.5,46.83));
#5260=CARTESIAN_POINT('Origin',(32.5,-46.5,46.5));
#5261=CARTESIAN_POINT('',(32.5,-47.5,48.));
#5262=CARTESIAN_POINT('',(31.5,-46.5,48.));
#5263=CARTESIAN_POINT('Origin',(32.5,-46.5,48.));
#5264=CARTESIAN_POINT('',(31.5,-46.5,46.5));
#5265=CARTESIAN_POINT('',(31.5,-46.5,46.5));
#5266=CARTESIAN_POINT('',(32.5,-47.5,46.5));
#5267=CARTESIAN_POINT('Origin',(32.5,-46.5,46.5));
#5268=CARTESIAN_POINT('',(32.5,-47.5,46.5));
#5269=CARTESIAN_POINT('Origin',(43.,-47.5,46.5));
#5270=CARTESIAN_POINT('',(43.,-47.5,46.5));
#5271=CARTESIAN_POINT('',(54.4982291121386,-47.5,46.5));
#5272=CARTESIAN_POINT('',(43.,-47.5,48.));
#5273=CARTESIAN_POINT('',(43.,-47.5,46.83));
#5274=CARTESIAN_POINT('',(43.,-47.5,48.));
#5275=CARTESIAN_POINT('Origin',(40.1245572780346,-33.5,46.5));
#5276=CARTESIAN_POINT('',(31.5,-20.5,46.5));
#5277=CARTESIAN_POINT('',(31.5,-47.5,46.5));
#5278=CARTESIAN_POINT('',(32.5,-19.5,46.5));
#5279=CARTESIAN_POINT('Origin',(32.5,-20.5,46.5));
#5280=CARTESIAN_POINT('',(43.,-19.5,46.5));
#5281=CARTESIAN_POINT('',(54.4982291121386,-19.5,46.5));
#5282=CARTESIAN_POINT('',(43.,-33.5,46.5));
#5283=CARTESIAN_POINT('Origin',(32.5,-20.5,46.5));
#5284=CARTESIAN_POINT('',(31.5,-20.5,48.));
#5285=CARTESIAN_POINT('',(32.5,-19.5,48.));
#5286=CARTESIAN_POINT('Origin',(32.5,-20.5,48.));
#5287=CARTESIAN_POINT('',(32.5,-19.5,46.5));
#5288=CARTESIAN_POINT('',(31.5,-20.5,46.5));
#5289=CARTESIAN_POINT('Origin',(43.,-19.5,46.5));
#5290=CARTESIAN_POINT('',(43.,-19.5,48.));
#5291=CARTESIAN_POINT('',(54.4982291121386,-19.5,48.));
#5292=CARTESIAN_POINT('',(43.,-19.5,46.83));
#5293=CARTESIAN_POINT('Origin',(31.5,-16.5,38.5));
#5294=CARTESIAN_POINT('',(31.5,-17.5,40.));
#5295=CARTESIAN_POINT('',(30.5,-16.5,40.));
#5296=CARTESIAN_POINT('Origin',(31.5,-16.5,40.));
#5297=CARTESIAN_POINT('',(30.5,-16.5,38.5));
#5298=CARTESIAN_POINT('',(30.5,-16.5,38.5));
#5299=CARTESIAN_POINT('',(31.5,-17.5,38.5));
#5300=CARTESIAN_POINT('Origin',(31.5,-16.5,38.5));
#5301=CARTESIAN_POINT('',(31.5,-17.5,38.5));
#5302=CARTESIAN_POINT('Origin',(45.7,-17.5,38.5));
#5303=CARTESIAN_POINT('',(45.7,-17.5,38.5));
#5304=CARTESIAN_POINT('',(48.7159289474462,-17.5,38.5));
#5305=CARTESIAN_POINT('',(45.7,-17.5,40.));
#5306=CARTESIAN_POINT('',(45.7,-17.5,38.83));
#5307=CARTESIAN_POINT('',(45.7,-17.5,40.));
#5308=CARTESIAN_POINT('Origin',(38.8539822368615,-5.88722967421201E-15,
38.5));
#5309=CARTESIAN_POINT('',(30.5,16.5,38.5));
#5310=CARTESIAN_POINT('',(30.5,-17.5,38.5));
#5311=CARTESIAN_POINT('',(31.5,17.5,38.4999999999999));
#5312=CARTESIAN_POINT('Origin',(31.5,16.5,38.5));
#5313=CARTESIAN_POINT('',(45.7,17.5,38.5));
#5314=CARTESIAN_POINT('',(48.7159289474462,17.5,38.5));
#5315=CARTESIAN_POINT('',(45.7,-9.5923420947894E-15,38.5));
#5316=CARTESIAN_POINT('',(35.75,-10.,38.5));
#5317=CARTESIAN_POINT('Origin',(37.5,-10.,38.5));
#5318=CARTESIAN_POINT('',(35.75,10.,38.5));
#5319=CARTESIAN_POINT('Origin',(37.5,10.,38.5));
#5320=CARTESIAN_POINT('Origin',(31.5,16.5,38.5));
#5321=CARTESIAN_POINT('',(30.5,16.5,40.));
#5322=CARTESIAN_POINT('',(31.5,17.5,39.9999999999999));
#5323=CARTESIAN_POINT('Origin',(31.5,16.5,40.));
#5324=CARTESIAN_POINT('',(31.5,17.5,38.5));
#5325=CARTESIAN_POINT('',(30.5,16.5,38.5));
#5326=CARTESIAN_POINT('Origin',(45.7,17.5,38.5));
#5327=CARTESIAN_POINT('',(45.7,17.5,40.));
#5328=CARTESIAN_POINT('',(48.7159289474462,17.5,40.));
#5329=CARTESIAN_POINT('',(45.7,17.5,38.83));
#5330=CARTESIAN_POINT('Origin',(32.5,20.5,46.5));
#5331=CARTESIAN_POINT('',(32.5,19.5,48.));
#5332=CARTESIAN_POINT('',(31.5,20.5,48.));
#5333=CARTESIAN_POINT('Origin',(32.5,20.5,48.));
#5334=CARTESIAN_POINT('',(31.5,20.5,46.5));
#5335=CARTESIAN_POINT('',(31.5,20.5,46.5));
#5336=CARTESIAN_POINT('',(32.5,19.5,46.5));
#5337=CARTESIAN_POINT('Origin',(32.5,20.5,46.5));
#5338=CARTESIAN_POINT('',(32.5,19.5,46.5));
#5339=CARTESIAN_POINT('Origin',(43.,19.5,46.5));
#5340=CARTESIAN_POINT('',(43.,19.5,46.5));
#5341=CARTESIAN_POINT('',(54.4982291121386,19.5,46.5));
#5342=CARTESIAN_POINT('',(43.,19.5,48.));
#5343=CARTESIAN_POINT('',(43.,19.5,46.83));
#5344=CARTESIAN_POINT('',(43.,19.5,48.));
#5345=CARTESIAN_POINT('Origin',(40.1245572780346,33.5,46.5));
#5346=CARTESIAN_POINT('',(31.5,46.5,46.5));
#5347=CARTESIAN_POINT('',(31.5,19.5,46.5));
#5348=CARTESIAN_POINT('',(32.5,47.5,46.5));
#5349=CARTESIAN_POINT('Origin',(32.5,46.5,46.5));
#5350=CARTESIAN_POINT('',(43.,47.5,46.5));
#5351=CARTESIAN_POINT('',(54.4982291121386,47.5,46.5));
#5352=CARTESIAN_POINT('',(43.,33.5,46.5));
#5353=CARTESIAN_POINT('Origin',(32.5,46.5,46.5));
#5354=CARTESIAN_POINT('',(31.5,46.5,48.));
#5355=CARTESIAN_POINT('',(32.5,47.5,48.));
#5356=CARTESIAN_POINT('Origin',(32.5,46.5,48.));
#5357=CARTESIAN_POINT('',(32.5,47.5,46.5));
#5358=CARTESIAN_POINT('',(31.5,46.5,46.5));
#5359=CARTESIAN_POINT('Origin',(43.,47.5,46.5));
#5360=CARTESIAN_POINT('',(43.,47.5,48.));
#5361=CARTESIAN_POINT('',(54.4982291121386,47.5,48.));
#5362=CARTESIAN_POINT('',(43.,47.5,46.83));
#5363=CARTESIAN_POINT('Origin',(-37.5,-10.,39.3));
#5364=CARTESIAN_POINT('',(-35.75,-10.,38.6));
#5365=CARTESIAN_POINT('',(-35.05,-10.,39.3));
#5366=CARTESIAN_POINT('Origin',(-37.5,-10.,38.6));
#5367=CARTESIAN_POINT('Origin',(-37.5,-10.,39.25));
#5368=CARTESIAN_POINT('',(-35.75,-10.,39.25));
#5369=CARTESIAN_POINT('Origin',(-37.5,10.,39.3));
#5370=CARTESIAN_POINT('',(-35.75,10.,38.6));
#5371=CARTESIAN_POINT('',(-35.05,10.,39.3));
#5372=CARTESIAN_POINT('Origin',(-37.5,10.,38.6));
#5373=CARTESIAN_POINT('Origin',(-37.5,10.,39.25));
#5374=CARTESIAN_POINT('',(-35.75,10.,39.25));
#5375=CARTESIAN_POINT('Origin',(-45.7,-1.33229160197717E-14,38.2));
#5376=CARTESIAN_POINT('',(-47.5,17.5,38.2));
#5377=CARTESIAN_POINT('Origin',(-45.7,17.5,38.2));
#5378=CARTESIAN_POINT('',(-47.5,-17.5,38.2));
#5379=CARTESIAN_POINT('',(-47.5,8.75000000000001,38.2));
#5380=CARTESIAN_POINT('Origin',(-45.7,-17.5,38.2));
#5381=CARTESIAN_POINT('Origin',(-45.7,-17.5,38.5));
#5382=CARTESIAN_POINT('',(-45.7,-17.5,38.83));
#5383=CARTESIAN_POINT('',(-46.,-17.5,38.2));
#5384=CARTESIAN_POINT('',(-46.,-17.5,38.2));
#5385=CARTESIAN_POINT('Origin',(-45.7,-17.5,38.2));
#5386=CARTESIAN_POINT('Origin',(-45.7,17.5,40.));
#5387=CARTESIAN_POINT('',(-46.,17.5,38.2));
#5388=CARTESIAN_POINT('Origin',(-45.7,17.5,38.2));
#5389=CARTESIAN_POINT('',(-46.,17.5,38.2));
#5390=CARTESIAN_POINT('Origin',(-45.7,-17.5,38.5));
#5391=CARTESIAN_POINT('Origin',(-45.7,-1.33229160197717E-14,38.2));
#5392=CARTESIAN_POINT('',(-46.,8.75000000000001,38.2));
#5393=CARTESIAN_POINT('Origin',(-47.5,9.31410406636147E-15,23.3754427219653));
#5394=CARTESIAN_POINT('',(-47.5,17.5,37.5));
#5395=CARTESIAN_POINT('',(-47.5,17.5,35.6877213609827));
#5396=CARTESIAN_POINT('',(-47.5,19.5,37.5));
#5397=CARTESIAN_POINT('',(-47.5,8.75,37.5));
#5398=CARTESIAN_POINT('',(-47.5,19.5,43.5));
#5399=CARTESIAN_POINT('',(-47.5,19.5,30.4377213609827));
#5400=CARTESIAN_POINT('',(-47.5,47.5,43.5));
#5401=CARTESIAN_POINT('',(-47.5,23.75,43.5));
#5402=CARTESIAN_POINT('',(-47.5,47.5,4.5));
#5403=CARTESIAN_POINT('',(-47.5,47.5,4.50000000000002));
#5404=CARTESIAN_POINT('',(-47.5,-47.5,4.5));
#5405=CARTESIAN_POINT('',(-47.5,8.67733291750724E-15,4.5));
#5406=CARTESIAN_POINT('',(-47.5,-47.5,43.5));
#5407=CARTESIAN_POINT('',(-47.5,-47.5,-6.99822911213864));
#5408=CARTESIAN_POINT('',(-47.5,-19.5,43.5));
#5409=CARTESIAN_POINT('',(-47.5,-9.74999999999999,43.5));
#5410=CARTESIAN_POINT('',(-47.5,-19.5,37.5));
#5411=CARTESIAN_POINT('',(-47.5,-19.5,35.6877213609827));
#5412=CARTESIAN_POINT('',(-47.5,-17.5,37.5));
#5413=CARTESIAN_POINT('',(-47.5,-9.74999999999998,37.5));
#5414=CARTESIAN_POINT('',(-47.5,-17.5,30.4377213609827));
#5415=CARTESIAN_POINT('Origin',(-46.,17.5,48.));
#5416=CARTESIAN_POINT('',(-46.,17.5,37.5));
#5417=CARTESIAN_POINT('',(-46.,17.5,35.6877213609827));
#5418=CARTESIAN_POINT('',(-46.,17.5,37.5));
#5419=CARTESIAN_POINT('Origin',(-46.,1.07048044866814E-14,23.3754427219653));
#5420=CARTESIAN_POINT('',(-46.,-17.5,37.5));
#5421=CARTESIAN_POINT('',(-46.,-17.5,30.4377213609827));
#5422=CARTESIAN_POINT('',(-46.,-19.5,37.5));
#5423=CARTESIAN_POINT('',(-46.,-9.74999999999998,37.5));
#5424=CARTESIAN_POINT('',(-46.,-19.5,43.5));
#5425=CARTESIAN_POINT('',(-46.,-19.5,35.6877213609827));
#5426=CARTESIAN_POINT('',(-46.,-47.5,43.5));
#5427=CARTESIAN_POINT('',(-46.,-9.74999999999999,43.5));
#5428=CARTESIAN_POINT('',(-46.,-47.5,4.5));
#5429=CARTESIAN_POINT('',(-46.,-47.5,-6.99822911213864));
#5430=CARTESIAN_POINT('',(-46.,47.5,4.5));
#5431=CARTESIAN_POINT('',(-46.,9.5128993513643E-15,4.5));
#5432=CARTESIAN_POINT('',(-46.,47.5,43.5));
#5433=CARTESIAN_POINT('',(-46.,47.5,-6.99822911213862));
#5434=CARTESIAN_POINT('',(-46.,19.5,43.5));
#5435=CARTESIAN_POINT('',(-46.,23.75,43.5));
#5436=CARTESIAN_POINT('',(-46.,19.5,37.5));
#5437=CARTESIAN_POINT('',(-46.,19.5,30.4377213609827));
#5438=CARTESIAN_POINT('',(-46.,8.75000000000001,37.5));
#5439=CARTESIAN_POINT('Origin',(-43.,-33.5,43.5));
#5440=CARTESIAN_POINT('Origin',(-43.,-19.5,43.5));
#5441=CARTESIAN_POINT('Origin',(-43.,-47.5,43.5));
#5442=CARTESIAN_POINT('Origin',(-43.,-47.5,46.5));
#5443=CARTESIAN_POINT('',(-43.,-47.5,46.83));
#5444=CARTESIAN_POINT('',(-46.,-47.5,43.5));
#5445=CARTESIAN_POINT('Origin',(-43.,-47.5,43.5));
#5446=CARTESIAN_POINT('Origin',(-43.,-19.5,48.));
#5447=CARTESIAN_POINT('Origin',(-43.,-19.5,43.5));
#5448=CARTESIAN_POINT('',(-46.,-19.5,43.5));
#5449=CARTESIAN_POINT('Origin',(-43.,-47.5,46.5));
#5450=CARTESIAN_POINT('Origin',(-43.,-33.5,43.5));
#5451=CARTESIAN_POINT('Origin',(-43.,33.5,43.5));
#5452=CARTESIAN_POINT('Origin',(-43.,47.5,43.5));
#5453=CARTESIAN_POINT('Origin',(-43.,19.5,43.5));
#5454=CARTESIAN_POINT('Origin',(-43.,19.5,46.5));
#5455=CARTESIAN_POINT('',(-43.,19.5,46.83));
#5456=CARTESIAN_POINT('',(-46.,19.5,43.5));
#5457=CARTESIAN_POINT('Origin',(-43.,19.5,43.5));
#5458=CARTESIAN_POINT('Origin',(-43.,47.5,48.));
#5459=CARTESIAN_POINT('Origin',(-43.,47.5,43.5));
#5460=CARTESIAN_POINT('',(-46.,47.5,43.5));
#5461=CARTESIAN_POINT('Origin',(-43.,19.5,46.5));
#5462=CARTESIAN_POINT('Origin',(-43.,33.5,43.5));
#5463=CARTESIAN_POINT('Origin',(-46.,-19.5,48.));
#5464=CARTESIAN_POINT('',(-46.,-19.5,37.5));
#5465=CARTESIAN_POINT('Origin',(-46.,47.5,4.50000000000002));
#5466=CARTESIAN_POINT('',(-46.33,47.5,4.50000000000001));
#5467=CARTESIAN_POINT('Origin',(-46.,17.5,37.5));
#5468=CARTESIAN_POINT('',(-46.,19.5,37.5));
#5469=CARTESIAN_POINT('Origin',(-46.,19.5,37.5));
#5470=CARTESIAN_POINT('Origin',(-46.,-19.5,37.5));
#5471=CARTESIAN_POINT('',(-46.,-17.5,37.5));
#5472=CARTESIAN_POINT('Origin',(-46.,-17.5,37.5));
#5473=CARTESIAN_POINT('Origin',(37.5,-10.,39.3));
#5474=CARTESIAN_POINT('',(34.35,-10.,40.));
#5475=CARTESIAN_POINT('Origin',(37.5,-10.,40.));
#5476=CARTESIAN_POINT('',(35.75,-10.,38.6));
#5477=CARTESIAN_POINT('',(35.05,-10.,39.3));
#5478=CARTESIAN_POINT('Origin',(37.5,-10.,38.6));
#5479=CARTESIAN_POINT('Origin',(37.5,-10.,39.25));
#5480=CARTESIAN_POINT('',(35.75,-10.,39.25));
#5481=CARTESIAN_POINT('Origin',(37.5,10.,39.3));
#5482=CARTESIAN_POINT('',(34.35,10.,40.));
#5483=CARTESIAN_POINT('Origin',(37.5,10.,40.));
#5484=CARTESIAN_POINT('',(35.75,10.,38.6));
#5485=CARTESIAN_POINT('',(35.05,10.,39.3));
#5486=CARTESIAN_POINT('Origin',(37.5,10.,38.6));
#5487=CARTESIAN_POINT('Origin',(37.5,10.,39.25));
#5488=CARTESIAN_POINT('',(35.75,10.,39.25));
#5489=CARTESIAN_POINT('Origin',(45.7,-1.33229160197717E-14,38.2));
#5490=CARTESIAN_POINT('',(45.7,-9.03101701501878E-15,40.));
#5491=CARTESIAN_POINT('',(47.5,-17.5,38.2));
#5492=CARTESIAN_POINT('Origin',(45.7,-17.5,38.2));
#5493=CARTESIAN_POINT('',(47.5,17.5,38.2));
#5494=CARTESIAN_POINT('',(47.5,8.75,38.2));
#5495=CARTESIAN_POINT('Origin',(45.7,17.5,38.2));
#5496=CARTESIAN_POINT('Origin',(45.7,-17.5,38.5));
#5497=CARTESIAN_POINT('',(46.,-17.5,38.2));
#5498=CARTESIAN_POINT('Origin',(45.7,-17.5,38.2));
#5499=CARTESIAN_POINT('',(46.,-17.5,38.2));
#5500=CARTESIAN_POINT('Origin',(45.7,17.5,40.));
#5501=CARTESIAN_POINT('',(46.,17.5,38.2));
#5502=CARTESIAN_POINT('',(46.,17.5,38.2));
#5503=CARTESIAN_POINT('Origin',(45.7,17.5,38.2));
#5504=CARTESIAN_POINT('Origin',(30.5,-17.5,38.5));
#5505=CARTESIAN_POINT('',(30.5,-17.5,40.));
#5506=CARTESIAN_POINT('Origin',(38.8539822368615,-5.41179437568712E-15,
40.));
#5507=CARTESIAN_POINT('Origin',(45.7,-1.33229160197717E-14,38.2));
#5508=CARTESIAN_POINT('',(46.,8.75,38.2));
#5509=CARTESIAN_POINT('Origin',(46.,4.44089209850063E-15,23.3754427219653));
#5510=CARTESIAN_POINT('',(46.,17.5,37.5));
#5511=CARTESIAN_POINT('',(46.,17.5,35.6877213609827));
#5512=CARTESIAN_POINT('',(46.,19.5,37.5));
#5513=CARTESIAN_POINT('',(46.,8.75,37.5));
#5514=CARTESIAN_POINT('',(46.,19.5,43.5));
#5515=CARTESIAN_POINT('',(46.,19.5,30.4377213609827));
#5516=CARTESIAN_POINT('',(46.,47.5,43.5));
#5517=CARTESIAN_POINT('',(46.,23.75,43.5));
#5518=CARTESIAN_POINT('',(46.,47.5,4.5));
#5519=CARTESIAN_POINT('',(46.,47.5,-6.99822911213864));
#5520=CARTESIAN_POINT('',(46.,-47.5,4.5));
#5521=CARTESIAN_POINT('',(46.,6.66125574253319E-15,4.5));
#5522=CARTESIAN_POINT('',(46.,-47.5,43.5));
#5523=CARTESIAN_POINT('',(46.,-47.5,-6.99822911213862));
#5524=CARTESIAN_POINT('',(46.,-19.5,43.5));
#5525=CARTESIAN_POINT('',(46.,-9.74999999999999,43.5));
#5526=CARTESIAN_POINT('',(46.,-19.5,37.5));
#5527=CARTESIAN_POINT('',(46.,-19.5,35.6877213609827));
#5528=CARTESIAN_POINT('',(46.,-17.5,37.5));
#5529=CARTESIAN_POINT('',(46.,-9.74999999999998,37.5));
#5530=CARTESIAN_POINT('',(46.,-17.5,30.4377213609827));
#5531=CARTESIAN_POINT('Origin',(46.,17.5,48.));
#5532=CARTESIAN_POINT('',(47.5,17.5,37.5));
#5533=CARTESIAN_POINT('',(47.5,17.5,35.6877213609827));
#5534=CARTESIAN_POINT('',(46.,17.5,37.5));
#5535=CARTESIAN_POINT('Origin',(47.5,5.55111512312578E-15,23.3754427219653));
#5536=CARTESIAN_POINT('',(47.5,-17.5,37.5));
#5537=CARTESIAN_POINT('',(47.5,-17.5,30.4377213609827));
#5538=CARTESIAN_POINT('',(47.5,-19.5,37.5));
#5539=CARTESIAN_POINT('',(47.5,-9.74999999999998,37.5));
#5540=CARTESIAN_POINT('',(47.5,-19.5,43.5));
#5541=CARTESIAN_POINT('',(47.5,-19.5,35.6877213609827));
#5542=CARTESIAN_POINT('',(47.5,-47.5,43.5));
#5543=CARTESIAN_POINT('',(47.5,-9.74999999999999,43.5));
#5544=CARTESIAN_POINT('',(47.5,-47.5,4.5));
#5545=CARTESIAN_POINT('',(47.5,-47.5,4.50000000000002));
#5546=CARTESIAN_POINT('',(47.5,47.5,4.5));
#5547=CARTESIAN_POINT('',(47.5,7.21634478069547E-15,4.5));
#5548=CARTESIAN_POINT('',(47.5,47.5,43.5));
#5549=CARTESIAN_POINT('',(47.5,47.5,-6.99822911213864));
#5550=CARTESIAN_POINT('',(47.5,19.5,43.5));
#5551=CARTESIAN_POINT('',(47.5,23.75,43.5));
#5552=CARTESIAN_POINT('',(47.5,19.5,37.5));
#5553=CARTESIAN_POINT('',(47.5,19.5,30.4377213609827));
#5554=CARTESIAN_POINT('',(47.5,8.75,37.5));
#5555=CARTESIAN_POINT('Origin',(43.,-33.5,43.5));
#5556=CARTESIAN_POINT('',(43.,-33.5,48.));
#5557=CARTESIAN_POINT('Origin',(43.,-47.5,43.5));
#5558=CARTESIAN_POINT('Origin',(43.,-19.5,43.5));
#5559=CARTESIAN_POINT('Origin',(43.,-47.5,46.5));
#5560=CARTESIAN_POINT('Origin',(43.,-47.5,43.5));
#5561=CARTESIAN_POINT('',(46.,-47.5,43.5));
#5562=CARTESIAN_POINT('Origin',(43.,-19.5,48.));
#5563=CARTESIAN_POINT('',(46.,-19.5,43.5));
#5564=CARTESIAN_POINT('Origin',(43.,-19.5,43.5));
#5565=CARTESIAN_POINT('Origin',(31.5,-47.5,46.5));
#5566=CARTESIAN_POINT('',(31.5,-47.5,48.));
#5567=CARTESIAN_POINT('Origin',(40.1245572780346,-33.5,48.));
#5568=CARTESIAN_POINT('Origin',(43.,-33.5,43.5));
#5569=CARTESIAN_POINT('Origin',(43.,33.5,43.5));
#5570=CARTESIAN_POINT('',(43.,33.5,48.));
#5571=CARTESIAN_POINT('Origin',(43.,19.5,43.5));
#5572=CARTESIAN_POINT('Origin',(43.,47.5,43.5));
#5573=CARTESIAN_POINT('Origin',(43.,19.5,46.5));
#5574=CARTESIAN_POINT('Origin',(43.,19.5,43.5));
#5575=CARTESIAN_POINT('',(46.,19.5,43.5));
#5576=CARTESIAN_POINT('Origin',(43.,47.5,48.));
#5577=CARTESIAN_POINT('',(46.,47.5,43.5));
#5578=CARTESIAN_POINT('Origin',(43.,47.5,43.5));
#5579=CARTESIAN_POINT('Origin',(31.5,19.5,46.5));
#5580=CARTESIAN_POINT('',(31.5,19.5,48.));
#5581=CARTESIAN_POINT('Origin',(40.1245572780346,33.5,48.));
#5582=CARTESIAN_POINT('Origin',(43.,33.5,43.5));
#5583=CARTESIAN_POINT('Origin',(46.,-19.5,48.));
#5584=CARTESIAN_POINT('',(46.,-19.5,37.5));
#5585=CARTESIAN_POINT('Origin',(46.,47.5,4.5));
#5586=CARTESIAN_POINT('',(46.33,47.5,4.5));
#5587=CARTESIAN_POINT('Origin',(46.,-17.5,37.5));
#5588=CARTESIAN_POINT('',(46.,-17.5,37.5));
#5589=CARTESIAN_POINT('Origin',(46.,-19.5,37.5));
#5590=CARTESIAN_POINT('Origin',(46.,19.5,37.5));
#5591=CARTESIAN_POINT('',(46.,19.5,37.5));
#5592=CARTESIAN_POINT('Origin',(46.,17.5,37.5));
#5593=CARTESIAN_POINT('Origin',(43.,8.88178419700125E-15,4.5));
#5594=CARTESIAN_POINT('',(43.,-47.5,0.));
#5595=CARTESIAN_POINT('Origin',(43.,-47.5,4.5));
#5596=CARTESIAN_POINT('',(43.,47.5,0.));
#5597=CARTESIAN_POINT('',(43.,23.75,0.));
#5598=CARTESIAN_POINT('Origin',(43.,47.5,4.5));
#5599=CARTESIAN_POINT('Origin',(46.,-47.5,4.5));
#5600=CARTESIAN_POINT('',(46.33,-47.5,4.5));
#5601=CARTESIAN_POINT('',(43.,-47.5,1.5));
#5602=CARTESIAN_POINT('Origin',(43.,-47.5,4.5));
#5603=CARTESIAN_POINT('',(43.,-47.5,0.75));
#5604=CARTESIAN_POINT('Origin',(47.5,47.5,4.5));
#5605=CARTESIAN_POINT('',(43.,47.5,1.5));
#5606=CARTESIAN_POINT('',(43.,47.5,0.75));
#5607=CARTESIAN_POINT('Origin',(43.,47.5,4.5));
#5608=CARTESIAN_POINT('Origin',(46.,-47.5,4.50000000000002));
#5609=CARTESIAN_POINT('Origin',(43.,8.88178419700125E-15,4.5));
#5610=CARTESIAN_POINT('',(43.,23.75,1.5));
#5611=CARTESIAN_POINT('Origin',(-43.,8.88178419700125E-15,4.5));
#5612=CARTESIAN_POINT('',(-43.,47.5,0.));
#5613=CARTESIAN_POINT('Origin',(-43.,47.5,4.5));
#5614=CARTESIAN_POINT('',(-43.,-47.5,0.));
#5615=CARTESIAN_POINT('',(-43.,-23.75,0.));
#5616=CARTESIAN_POINT('Origin',(-43.,-47.5,4.5));
#5617=CARTESIAN_POINT('Origin',(-46.,-47.5,4.5));
#5618=CARTESIAN_POINT('',(-46.33,-47.5,4.5));
#5619=CARTESIAN_POINT('Origin',(-46.,47.5,4.50000000000001));
#5620=CARTESIAN_POINT('',(-43.,47.5,1.5));
#5621=CARTESIAN_POINT('Origin',(-43.,47.5,4.5));
#5622=CARTESIAN_POINT('',(-43.,47.5,0.75));
#5623=CARTESIAN_POINT('Origin',(-47.5,-47.5,4.5));
#5624=CARTESIAN_POINT('',(-43.,-47.5,1.5));
#5625=CARTESIAN_POINT('',(-43.,-47.5,0.75));
#5626=CARTESIAN_POINT('Origin',(-43.,-47.5,4.5));
#5627=CARTESIAN_POINT('Origin',(-43.,8.88178419700125E-15,4.5));
#5628=CARTESIAN_POINT('',(-43.,-23.75,1.5));
#5629=CARTESIAN_POINT('Origin',(-47.5,47.5,0.));
#5630=CARTESIAN_POINT('',(-47.5,47.5,0.));
#5631=CARTESIAN_POINT('',(-47.5,47.5,1.5));
#5632=CARTESIAN_POINT('Origin',(-2.22044604925031E-15,-3.22973970800046E-15,
0.));
#5633=CARTESIAN_POINT('',(47.5,-47.5,0.));
#5634=CARTESIAN_POINT('Origin',(47.5,-47.5,0.));
#5635=CARTESIAN_POINT('',(47.5,-47.5,1.5));
#5636=CARTESIAN_POINT('Origin',(-2.22044604925031E-15,-1.4130111222502E-15,
1.5));
#5637=CARTESIAN_POINT('',(0.,0.,0.));
#5638=CARTESIAN_POINT('Origin',(-37.5,10.,0.75));
#5639=CARTESIAN_POINT('',(-36.2705,10.,0.));
#5640=CARTESIAN_POINT('Origin',(-37.5,10.,0.));
#5641=CARTESIAN_POINT('',(-36.2705,10.,1.5));
#5642=CARTESIAN_POINT('',(-36.2705,10.,0.75));
#5643=CARTESIAN_POINT('Origin',(-37.5,10.,1.5));
#5644=CARTESIAN_POINT('Origin',(37.5,-10.,0.75));
#5645=CARTESIAN_POINT('',(38.7295,-10.,0.));
#5646=CARTESIAN_POINT('Origin',(37.5,-10.,0.));
#5647=CARTESIAN_POINT('',(38.7295,-10.,1.5));
#5648=CARTESIAN_POINT('',(38.7295,-10.,0.75));
#5649=CARTESIAN_POINT('Origin',(37.5,-10.,1.5));
#5650=CARTESIAN_POINT('Origin',(37.5,10.,0.75));
#5651=CARTESIAN_POINT('',(38.7295,10.,0.));
#5652=CARTESIAN_POINT('Origin',(37.5,10.,0.));
#5653=CARTESIAN_POINT('',(38.7295,10.,1.5));
#5654=CARTESIAN_POINT('',(38.7295,10.,0.75));
#5655=CARTESIAN_POINT('Origin',(37.5,10.,1.5));
#5656=CARTESIAN_POINT('Origin',(-37.5,-10.,0.75));
#5657=CARTESIAN_POINT('',(-36.2705,-10.,0.));
#5658=CARTESIAN_POINT('Origin',(-37.5,-10.,0.));
#5659=CARTESIAN_POINT('',(-36.2705,-10.,1.5));
#5660=CARTESIAN_POINT('',(-36.2705,-10.,0.75));
#5661=CARTESIAN_POINT('Origin',(-37.5,-10.,1.5));
#5662=CARTESIAN_POINT('Origin',(42.5,44.9999999999999,33.5));
#5663=CARTESIAN_POINT('',(45.5,46.5,33.5));
#5664=CARTESIAN_POINT('',(42.5,46.4999999999999,36.5));
#5665=CARTESIAN_POINT('Origin',(42.5,46.4999999999999,33.5));
#5666=CARTESIAN_POINT('',(42.5,44.9999999999999,36.5));
#5667=CARTESIAN_POINT('',(42.5,44.9999999999999,36.5));
#5668=CARTESIAN_POINT('',(45.5,44.9999999999999,33.5));
#5669=CARTESIAN_POINT('Origin',(42.5,44.9999999999999,33.5));
#5670=CARTESIAN_POINT('',(45.5,44.9999999999999,33.5));
#5671=CARTESIAN_POINT('Origin',(45.5,45.,1.80000000000001));
#5672=CARTESIAN_POINT('',(45.5,45.,1.80000000000001));
#5673=CARTESIAN_POINT('',(45.5,45.,-1.2159289474462));
#5674=CARTESIAN_POINT('',(45.5,46.5,1.80000000000001));
#5675=CARTESIAN_POINT('',(45.5,45.33,1.80000000000001));
#5676=CARTESIAN_POINT('',(45.5,46.5,1.80000000000001));
#5677=CARTESIAN_POINT('Origin',(0.,45.,18.3960177631385));
#5678=CARTESIAN_POINT('',(-42.5,44.9999999999999,36.5));
#5679=CARTESIAN_POINT('',(45.5,44.9999999999999,36.5));
#5680=CARTESIAN_POINT('',(-45.5,44.9999999999999,33.5));
#5681=CARTESIAN_POINT('Origin',(-42.5,44.9999999999999,33.5));
#5682=CARTESIAN_POINT('',(-45.5,45.,1.80000000000001));
#5683=CARTESIAN_POINT('',(-45.5,45.,-1.2159289474462));
#5684=CARTESIAN_POINT('',(-5.1616455075557E-19,45.,1.80000000000001));
#5685=CARTESIAN_POINT('Origin',(-42.5,44.9999999999999,33.5));
#5686=CARTESIAN_POINT('',(-42.5,46.4999999999999,36.5));
#5687=CARTESIAN_POINT('',(-45.5,46.4999999999999,33.5));
#5688=CARTESIAN_POINT('Origin',(-42.5,46.4999999999999,33.5));
#5689=CARTESIAN_POINT('',(-45.5,44.9999999999999,33.5));
#5690=CARTESIAN_POINT('',(-42.5,44.9999999999999,36.5));
#5691=CARTESIAN_POINT('Origin',(-45.5,45.,1.80000000000001));
#5692=CARTESIAN_POINT('',(-45.5,46.5,1.80000000000001));
#5693=CARTESIAN_POINT('',(-45.5,46.5,-1.2159289474462));
#5694=CARTESIAN_POINT('',(-45.5,45.33,1.80000000000001));
#5695=CARTESIAN_POINT('Origin',(-42.5,-45.,33.5));
#5696=CARTESIAN_POINT('',(-45.5,-46.5,33.5));
#5697=CARTESIAN_POINT('',(-42.5,-46.5,36.5));
#5698=CARTESIAN_POINT('Origin',(-42.5,-46.5,33.5));
#5699=CARTESIAN_POINT('',(-42.5,-44.9999999999999,36.5));
#5700=CARTESIAN_POINT('',(-42.5,-44.9999999999999,36.5));
#5701=CARTESIAN_POINT('',(-45.5,-44.9999999999999,33.5));
#5702=CARTESIAN_POINT('Origin',(-42.5,-45.,33.5));
#5703=CARTESIAN_POINT('',(-45.5,-45.,33.5));
#5704=CARTESIAN_POINT('Origin',(-45.5,-45.,1.80000000000001));
#5705=CARTESIAN_POINT('',(-45.5,-45.,1.80000000000001));
#5706=CARTESIAN_POINT('',(-45.5,-45.,-1.2159289474462));
#5707=CARTESIAN_POINT('',(-45.5,-46.5,1.80000000000001));
#5708=CARTESIAN_POINT('',(-45.5,-45.33,1.8));
#5709=CARTESIAN_POINT('',(-45.5,-46.5,1.80000000000001));
#5710=CARTESIAN_POINT('Origin',(-1.44740334367353E-16,-45.,18.3960177631385));
#5711=CARTESIAN_POINT('',(42.5,-44.9999999999999,36.5));
#5712=CARTESIAN_POINT('',(-45.5,-44.9999999999999,36.5));
#5713=CARTESIAN_POINT('',(45.5,-44.9999999999999,33.5));
#5714=CARTESIAN_POINT('Origin',(42.5,-44.9999999999999,33.5));
#5715=CARTESIAN_POINT('',(45.5,-45.,1.80000000000001));
#5716=CARTESIAN_POINT('',(45.5,-45.,-1.2159289474462));
#5717=CARTESIAN_POINT('',(-4.25733953900574E-17,-45.,1.80000000000001));
#5718=CARTESIAN_POINT('Origin',(42.5,-44.9999999999999,33.5));
#5719=CARTESIAN_POINT('',(42.5,-46.4999999999999,36.5));
#5720=CARTESIAN_POINT('',(45.5,-46.4999999999999,33.5));
#5721=CARTESIAN_POINT('Origin',(42.5,-46.4999999999999,33.5));
#5722=CARTESIAN_POINT('',(45.5,-44.9999999999999,33.5));
#5723=CARTESIAN_POINT('',(42.5,-44.9999999999999,36.5));
#5724=CARTESIAN_POINT('Origin',(45.5,-45.,1.80000000000001));
#5725=CARTESIAN_POINT('',(45.5,-46.5,1.80000000000001));
#5726=CARTESIAN_POINT('',(45.5,-46.5,-1.2159289474462));
#5727=CARTESIAN_POINT('',(45.5,-45.33,1.80000000000001));
#5728=CARTESIAN_POINT('Origin',(0.,-44.7,1.8));
#5729=CARTESIAN_POINT('',(2.50373449188763E-16,-46.5,1.80000000000001));
#5730=CARTESIAN_POINT('',(-45.5,-44.7,0.));
#5731=CARTESIAN_POINT('Origin',(-45.5,-44.7,1.8));
#5732=CARTESIAN_POINT('',(45.5,-44.7,0.));
#5733=CARTESIAN_POINT('',(22.75,-44.7,0.));
#5734=CARTESIAN_POINT('Origin',(45.5,-44.7,1.8));
#5735=CARTESIAN_POINT('Origin',(-45.5,-45.,1.8));
#5736=CARTESIAN_POINT('',(-45.5,-44.7,1.5));
#5737=CARTESIAN_POINT('Origin',(-45.5,-44.7,1.8));
#5738=CARTESIAN_POINT('',(-45.5,-44.7,0.75));
#5739=CARTESIAN_POINT('Origin',(45.5,-46.5,1.8));
#5740=CARTESIAN_POINT('',(45.5,-44.7,1.5));
#5741=CARTESIAN_POINT('',(45.5,-44.7,0.75));
#5742=CARTESIAN_POINT('Origin',(45.5,-44.7,1.8));
#5743=CARTESIAN_POINT('Origin',(-45.5,-44.9999999999999,36.5));
#5744=CARTESIAN_POINT('',(-45.5,-46.5,36.5));
#5745=CARTESIAN_POINT('Origin',(1.48065738061262E-16,-46.5,18.3960177631385));
#5746=CARTESIAN_POINT('Origin',(0.,-44.7,1.8));
#5747=CARTESIAN_POINT('',(22.75,-44.7,1.5));
#5748=CARTESIAN_POINT('Origin',(0.,44.7,1.8));
#5749=CARTESIAN_POINT('',(-6.56936700961632E-19,46.5,1.80000000000001));
#5750=CARTESIAN_POINT('',(45.5,44.7,0.));
#5751=CARTESIAN_POINT('Origin',(45.5,44.7,1.8));
#5752=CARTESIAN_POINT('',(-45.5,44.7,0.));
#5753=CARTESIAN_POINT('',(-22.75,44.7,0.));
#5754=CARTESIAN_POINT('Origin',(-45.5,44.7,1.8));
#5755=CARTESIAN_POINT('Origin',(45.5,45.,1.8));
#5756=CARTESIAN_POINT('',(45.5,44.7,1.5));
#5757=CARTESIAN_POINT('Origin',(45.5,44.7,1.8));
#5758=CARTESIAN_POINT('',(45.5,44.7,0.75));
#5759=CARTESIAN_POINT('Origin',(-45.5,46.5,1.8));
#5760=CARTESIAN_POINT('',(-45.5,44.7,1.5));
#5761=CARTESIAN_POINT('',(-45.5,44.7,0.75));
#5762=CARTESIAN_POINT('Origin',(-45.5,44.7,1.8));
#5763=CARTESIAN_POINT('Origin',(45.5,44.9999999999999,36.5));
#5764=CARTESIAN_POINT('',(45.5,46.4999999999999,36.5));
#5765=CARTESIAN_POINT('Origin',(0.,46.5,18.3960177631385));
#5766=CARTESIAN_POINT('Origin',(0.,44.7,1.8));
#5767=CARTESIAN_POINT('',(-22.75,44.7,1.5));
#5768=CARTESIAN_POINT('Origin',(45.5,46.5,0.));
#5769=CARTESIAN_POINT('',(45.5,46.5,0.));
#5770=CARTESIAN_POINT('',(45.5,46.5,1.5));
#5771=CARTESIAN_POINT('Origin',(0.,2.40036361450577E-15,0.));
#5772=CARTESIAN_POINT('',(-45.5,-46.5,0.));
#5773=CARTESIAN_POINT('Origin',(-45.5,-46.5,0.));
#5774=CARTESIAN_POINT('',(-45.5,-46.5,1.5));
#5775=CARTESIAN_POINT('Origin',(0.,2.22044604925031E-15,1.5));
#5776=CARTESIAN_POINT('',(0.,0.,0.));
#5777=CARTESIAN_POINT('Origin',(-2.78954495668587E-32,-1.25629936274637E-16,
4.27383577448861));
#5778=CARTESIAN_POINT('',(-0.266666666666667,-1.4858271982021,4.5358271982021));
#5779=CARTESIAN_POINT('',(0.266666666666666,-1.4858271982021,4.5358271982021));
#5780=CARTESIAN_POINT('',(-3.29919913211652E-16,-1.4858271982021,4.5358271982021));
#5781=CARTESIAN_POINT('',(-0.266666666666667,-2.13333333333333,4.65));
#5782=CARTESIAN_POINT('',(-0.266666666666667,-6.64180416279624E-17,4.27383577448861));
#5783=CARTESIAN_POINT('',(0.266666666666666,-2.13333333333333,4.65));
#5784=CARTESIAN_POINT('',(0.687500000000002,-2.13333333333333,4.65));
#5785=CARTESIAN_POINT('',(0.266666666666667,-1.84841830921312E-16,4.27383577448861));
#5786=CARTESIAN_POINT('Origin',(1.375,0.,4.65));
#5787=CARTESIAN_POINT('',(-2.75,3.36777869765522E-16,4.65));
#5788=CARTESIAN_POINT('Origin',(1.79410756075087E-15,0.,4.65));
#5789=CARTESIAN_POINT('',(0.266666666666667,-0.266666666666667,4.65));
#5790=CARTESIAN_POINT('',(0.266666666666667,-0.495733884565964,4.65));
#5791=CARTESIAN_POINT('',(-0.266666666666667,-0.266666666666667,4.65));
#5792=CARTESIAN_POINT('',(-0.266666666666667,-0.322330794525548,4.65));
#5793=CARTESIAN_POINT('',(-2.13333333333333,-0.266666666666666,4.65));
#5794=CARTESIAN_POINT('',(0.191766115434037,-0.266666666666667,4.65));
#5795=CARTESIAN_POINT('',(-2.13333333333333,0.266666666666667,4.65));
#5796=CARTESIAN_POINT('',(-2.13333333333333,3.45452451259483E-16,4.65));
#5797=CARTESIAN_POINT('',(-0.266666666666667,0.266666666666667,4.65));
#5798=CARTESIAN_POINT('',(0.365169205474453,0.266666666666667,4.65));
#5799=CARTESIAN_POINT('',(-0.266666666666667,2.13333333333333,4.65));
#5800=CARTESIAN_POINT('',(-0.266666666666667,0.495733884565964,4.65));
#5801=CARTESIAN_POINT('',(0.266666666666666,2.13333333333333,4.65));
#5802=CARTESIAN_POINT('',(0.687500000000002,2.13333333333333,4.65));
#5803=CARTESIAN_POINT('',(0.266666666666667,0.266666666666667,4.65));
#5804=CARTESIAN_POINT('',(0.266666666666667,0.322330794525548,4.65));
#5805=CARTESIAN_POINT('',(2.13333333333333,0.266666666666667,4.65));
#5806=CARTESIAN_POINT('',(1.18323388456597,0.266666666666667,4.65));
#5807=CARTESIAN_POINT('',(2.13333333333333,-0.266666666666667,4.65));
#5808=CARTESIAN_POINT('',(2.13333333333333,0.,4.65));
#5809=CARTESIAN_POINT('',(1.00983079452555,-0.266666666666667,4.65));
#5810=CARTESIAN_POINT('Origin',(-0.266666666666667,-0.644661589051097,4.39597650406307));
#5811=CARTESIAN_POINT('',(-0.266666666666667,-0.362499999999997,3.4125));
#5812=CARTESIAN_POINT('',(-0.266666666666667,-0.362499999999997,3.4125));
#5813=CARTESIAN_POINT('',(-0.266666666666667,-0.266666666666667,3.4125));
#5814=CARTESIAN_POINT('',(-0.266666666666667,1.00543724117898E-16,3.4125));
#5815=CARTESIAN_POINT('',(-0.266666666666667,-0.266666666666667,4.39597650406307));
#5816=CARTESIAN_POINT('Origin',(-1.25629936274637E-16,1.53852299335821E-32,
4.27383577448861));
#5817=CARTESIAN_POINT('',(-1.4858271982021,0.266666666666667,4.5358271982021));
#5818=CARTESIAN_POINT('',(-1.4858271982021,-0.266666666666667,4.5358271982021));
#5819=CARTESIAN_POINT('',(-1.4858271982021,1.81961352236429E-16,4.5358271982021));
#5820=CARTESIAN_POINT('',(-9.29726882973746E-17,0.266666666666667,4.27383577448861));
#5821=CARTESIAN_POINT('',(-1.582871842519E-16,-0.266666666666667,4.27383577448861));
#5822=CARTESIAN_POINT('Origin',(-0.644661589051097,0.266666666666667,4.39597650406307));
#5823=CARTESIAN_POINT('',(-0.362499999999997,0.266666666666667,3.4125));
#5824=CARTESIAN_POINT('',(-0.362499999999997,0.266666666666667,3.4125));
#5825=CARTESIAN_POINT('',(-0.266666666666667,0.266666666666667,3.4125));
#5826=CARTESIAN_POINT('',(7.39890774484862E-17,0.266666666666667,3.4125));
#5827=CARTESIAN_POINT('',(-0.266666666666667,0.266666666666667,4.39597650406307));
#5828=CARTESIAN_POINT('Origin',(-0.362499999999997,4.43934464690912E-17,
3.4125));
#5829=CARTESIAN_POINT('',(-0.362499999999997,-0.266666666666667,3.4125));
#5830=CARTESIAN_POINT('',(-0.362499999999997,-0.266666666666667,3.4125));
#5831=CARTESIAN_POINT('',(-0.362499999999997,4.43934464690912E-17,3.4125));
#5832=CARTESIAN_POINT('Origin',(-2.78954495668587E-32,1.25629936274637E-16,
4.27383577448861));
#5833=CARTESIAN_POINT('',(0.266666666666666,1.4858271982021,4.5358271982021));
#5834=CARTESIAN_POINT('',(-0.266666666666667,1.4858271982021,4.5358271982021));
#5835=CARTESIAN_POINT('',(-3.29919913211652E-16,1.4858271982021,4.5358271982021));
#5836=CARTESIAN_POINT('',(0.266666666666667,1.84841830921312E-16,4.27383577448861));
#5837=CARTESIAN_POINT('',(-0.266666666666667,6.64180416279624E-17,4.27383577448861));
#5838=CARTESIAN_POINT('Origin',(0.266666666666667,0.644661589051097,4.39597650406307));
#5839=CARTESIAN_POINT('',(0.266666666666667,0.362499999999997,3.4125));
#5840=CARTESIAN_POINT('',(0.266666666666667,0.362499999999997,3.4125));
#5841=CARTESIAN_POINT('',(0.266666666666667,0.266666666666667,3.4125));
#5842=CARTESIAN_POINT('',(0.266666666666667,1.78800651754516E-17,3.4125));
#5843=CARTESIAN_POINT('',(0.266666666666667,0.266666666666667,4.39597650406307));
#5844=CARTESIAN_POINT('Origin',(-8.04911692853231E-17,0.362499999999997,
3.4125));
#5845=CARTESIAN_POINT('',(-0.266666666666667,0.362499999999997,3.4125));
#5846=CARTESIAN_POINT('',(-0.266666666666667,0.362499999999997,3.4125));
#5847=CARTESIAN_POINT('',(-8.04911692853231E-17,0.362499999999997,3.4125));
#5848=CARTESIAN_POINT('Origin',(-0.266666666666667,0.644661589051097,4.39597650406307));
#5849=CARTESIAN_POINT('',(-0.266666666666667,-1.00543724117898E-16,3.4125));
#5850=CARTESIAN_POINT('Origin',(1.25629936274637E-16,0.,4.27383577448861));
#5851=CARTESIAN_POINT('',(1.4858271982021,-0.266666666666667,4.5358271982021));
#5852=CARTESIAN_POINT('',(1.4858271982021,0.266666666666667,4.5358271982021));
#5853=CARTESIAN_POINT('',(1.4858271982021,0.,4.5358271982021));
#5854=CARTESIAN_POINT('',(1.25629936274637E-16,-0.266666666666667,4.27383577448861));
#5855=CARTESIAN_POINT('',(1.25629936274637E-16,0.266666666666667,4.27383577448861));
#5856=CARTESIAN_POINT('Origin',(0.644661589051097,-0.266666666666667,4.39597650406307));
#5857=CARTESIAN_POINT('',(0.362499999999997,-0.266666666666667,3.4125));
#5858=CARTESIAN_POINT('',(0.362499999999997,-0.266666666666667,3.4125));
#5859=CARTESIAN_POINT('',(0.266666666666667,-0.266666666666667,3.4125));
#5860=CARTESIAN_POINT('',(-4.13318294712234E-17,-0.266666666666667,3.4125));
#5861=CARTESIAN_POINT('',(0.266666666666667,-0.266666666666667,4.39597650406307));
#5862=CARTESIAN_POINT('Origin',(0.362499999999997,0.,3.4125));
#5863=CARTESIAN_POINT('',(0.362499999999997,0.266666666666667,3.4125));
#5864=CARTESIAN_POINT('',(0.362499999999997,0.266666666666667,3.4125));
#5865=CARTESIAN_POINT('',(0.362499999999997,0.,3.4125));
#5866=CARTESIAN_POINT('Origin',(0.644661589051097,0.266666666666667,4.39597650406307));
#5867=CARTESIAN_POINT('',(-4.13318294712234E-17,0.266666666666667,3.4125));
#5868=CARTESIAN_POINT('Origin',(-8.04911692853231E-17,-0.362499999999997,
3.4125));
#5869=CARTESIAN_POINT('',(0.266666666666667,-0.362499999999997,3.4125));
#5870=CARTESIAN_POINT('',(0.266666666666667,-0.362499999999997,3.4125));
#5871=CARTESIAN_POINT('',(-8.04911692853231E-17,-0.362499999999997,3.4125));
#5872=CARTESIAN_POINT('Origin',(0.266666666666667,-0.644661589051097,4.39597650406307));
#5873=CARTESIAN_POINT('',(0.266666666666667,-1.78800651754516E-17,3.4125));
#5874=CARTESIAN_POINT('Origin',(0.644661589051097,-0.266666666666667,4.39597650406307));
#5875=CARTESIAN_POINT('',(-4.13318294712234E-17,-0.266666666666667,3.4125));
#5876=CARTESIAN_POINT('Origin',(-4.13318294712234E-17,0.,3.4125));
#5877=CARTESIAN_POINT('Origin',(1.55145961382567E-15,0.,2.66862915010152));
#5878=CARTESIAN_POINT('',(1.48431457505076,3.08148791101958E-32,3.23431457505076));
#5879=CARTESIAN_POINT('',(-1.48431457505076,1.81776109326368E-16,3.23431457505076));
#5880=CARTESIAN_POINT('Origin',(1.94289029309402E-15,1.81776109326368E-16,
3.23431457505076));
#5881=CARTESIAN_POINT('Origin',(1.94289029309402E-15,1.81776109326368E-16,
3.23431457505076));
#5882=CARTESIAN_POINT('',(1.25,3.06161699786838E-16,2.66862915010152));
#5883=CARTESIAN_POINT('Origin',(2.05,-2.51052593825207E-16,2.66862915010152));
#5884=CARTESIAN_POINT('',(-1.25,1.53080849893419E-16,2.66862915010152));
#5885=CARTESIAN_POINT('Origin',(1.55145961382567E-15,0.,2.66862915010152));
#5886=CARTESIAN_POINT('Origin',(1.55145961382567E-15,0.,2.66862915010152));
#5887=CARTESIAN_POINT('Origin',(1.68388934882761E-15,0.,3.75));
#5888=CARTESIAN_POINT('',(-2.75,3.36777869765522E-16,4.5));
#5889=CARTESIAN_POINT('',(-2.,2.44929359829471E-16,3.75));
#5890=CARTESIAN_POINT('Origin',(1.77573785876366E-15,0.,4.5));
#5891=CARTESIAN_POINT('Origin',(1.56142466891288E-15,0.,2.75));
#5892=CARTESIAN_POINT('',(-1.25,1.53080849893419E-16,2.5));
#5893=CARTESIAN_POINT('Origin',(1.53080849893419E-15,0.,2.5));
#5894=CARTESIAN_POINT('',(-1.25,1.53080849893419E-16,2.75));
#5895=CARTESIAN_POINT('Origin',(1.50019232895551E-15,0.,2.25));
#5896=CARTESIAN_POINT('',(-1.5,1.83697019872103E-16,2.));
#5897=CARTESIAN_POINT('Origin',(1.46957615897682E-15,0.,2.));
#5898=CARTESIAN_POINT('',(-1.375,1.68388934882761E-16,2.25));
#5899=CARTESIAN_POINT('Origin',(1.38691250003438E-15,0.,1.325));
#5900=CARTESIAN_POINT('',(-1.5,1.83697019872103E-16,0.65));
#5901=CARTESIAN_POINT('Origin',(1.30424884109193E-15,0.,0.649999999999999));
#5902=CARTESIAN_POINT('',(-1.5,1.83697019872103E-16,1.325));
#5903=CARTESIAN_POINT('Origin',(0.75,0.,0.649999999999999));
#5904=CARTESIAN_POINT('Origin',(1.78492270975727E-15,0.,4.575));
#5905=CARTESIAN_POINT('',(-2.75,3.36777869765522E-16,4.575));
#5906=CARTESIAN_POINT('',(0.,0.,0.));
#5907=CARTESIAN_POINT('Ctrl Pts',(-3.9,0.,0.2));
#5908=CARTESIAN_POINT('Ctrl Pts',(-3.9,-3.9,0.2));
#5909=CARTESIAN_POINT('Ctrl Pts',(0.,-3.9,0.2));
#5910=CARTESIAN_POINT('Ctrl Pts',(3.9,-3.9,0.2));
#5911=CARTESIAN_POINT('Ctrl Pts',(3.9,0.,0.2));
#5912=CARTESIAN_POINT('Ctrl Pts',(3.9,3.9,0.2));
#5913=CARTESIAN_POINT('Ctrl Pts',(0.,3.9,0.2));
#5914=CARTESIAN_POINT('Ctrl Pts',(-3.9,3.9,0.2));
#5915=CARTESIAN_POINT('Ctrl Pts',(-3.9,0.,0.2));
#5916=CARTESIAN_POINT('Ctrl Pts',(-3.9,0.,2.6));
#5917=CARTESIAN_POINT('Ctrl Pts',(-3.9,-3.9,2.6));
#5918=CARTESIAN_POINT('Ctrl Pts',(0.,-3.9,2.6));
#5919=CARTESIAN_POINT('Ctrl Pts',(3.9,-3.9,2.6));
#5920=CARTESIAN_POINT('Ctrl Pts',(3.9,0.,2.6));
#5921=CARTESIAN_POINT('Ctrl Pts',(3.9,3.9,2.6));
#5922=CARTESIAN_POINT('Ctrl Pts',(0.,3.9,2.6));
#5923=CARTESIAN_POINT('Ctrl Pts',(-3.9,3.9,2.6));
#5924=CARTESIAN_POINT('Ctrl Pts',(-3.9,0.,2.6));
#5925=CARTESIAN_POINT('Ctrl Pts',(-1.5,0.,2.6));
#5926=CARTESIAN_POINT('Ctrl Pts',(-1.5,-1.5,2.6));
#5927=CARTESIAN_POINT('Ctrl Pts',(0.,-1.5,2.6));
#5928=CARTESIAN_POINT('Ctrl Pts',(1.5,-1.5,2.6));
#5929=CARTESIAN_POINT('Ctrl Pts',(1.5,0.,2.6));
#5930=CARTESIAN_POINT('Ctrl Pts',(1.5,1.5,2.6));
#5931=CARTESIAN_POINT('Ctrl Pts',(0.,1.5,2.6));
#5932=CARTESIAN_POINT('Ctrl Pts',(-1.5,1.5,2.6));
#5933=CARTESIAN_POINT('Ctrl Pts',(-1.5,0.,2.6));
#5934=CARTESIAN_POINT('',(-1.5,-1.83697019872103E-16,2.6));
#5935=CARTESIAN_POINT('Origin',(0.,0.,2.6));
#5936=CARTESIAN_POINT('',(-3.9,-4.77612251667468E-16,0.2));
#5937=CARTESIAN_POINT('Origin',(-1.5,-1.83697019872103E-16,0.2));
#5938=CARTESIAN_POINT('Origin',(0.,0.,0.2));
#5939=CARTESIAN_POINT('Origin',(-2.77028162986211E-16,0.,2.6));
#5940=CARTESIAN_POINT('Origin',(0.,0.,0.));
#5941=CARTESIAN_POINT('',(4.,4.89858719658941E-16,0.2));
#5942=CARTESIAN_POINT('Origin',(0.,0.,0.2));
#5943=CARTESIAN_POINT('',(4.,4.89858719658941E-16,0.));
#5944=CARTESIAN_POINT('',(4.,4.89858719658941E-16,0.));
#5945=CARTESIAN_POINT('Origin',(0.,0.,0.));
#5946=CARTESIAN_POINT('Origin',(-2.72118023435153E-16,0.,0.2));
#5947=CARTESIAN_POINT('Origin',(-2.72118023435153E-16,0.,0.));
#5948=CARTESIAN_POINT('',(0.,0.,0.));
#5949=CARTESIAN_POINT('',(5.39241382437682E-14,-38.5,1.28785870856518E-13));
#5950=CARTESIAN_POINT('',(-37.5,-35.35,9.99999999999999));
#5951=CARTESIAN_POINT('',(-37.5,-35.35,-10.));
#5952=CARTESIAN_POINT('',(37.5,-35.35,10.));
#5953=CARTESIAN_POINT('',(37.5,-35.35,-10.));
#5954=CARTESIAN_POINT('',(-37.,-48.,34.5));
#5955=CARTESIAN_POINT('',(-37.,-48.,-33.5));
#5956=CARTESIAN_POINT('',(37.,-47.9999999999999,34.5));
#5957=CARTESIAN_POINT('',(37.,-47.9999999999999,-33.5));
#5958=UNCERTAINTY_MEASURE_WITH_UNIT(LENGTH_MEASURE(0.01),#5970,
'DISTANCE_ACCURACY_VALUE',
'Maximum model space distance between geometric entities at asserted c
onnectivities');
#5959=UNCERTAINTY_MEASURE_WITH_UNIT(LENGTH_MEASURE(0.01),#5970,
'DISTANCE_ACCURACY_VALUE',
'Maximum model space distance between geometric entities at asserted c
onnectivities');
#5960=UNCERTAINTY_MEASURE_WITH_UNIT(LENGTH_MEASURE(0.01),#5970,
'DISTANCE_ACCURACY_VALUE',
'Maximum model space distance between geometric entities at asserted c
onnectivities');
#5961=UNCERTAINTY_MEASURE_WITH_UNIT(LENGTH_MEASURE(0.01),#5970,
'DISTANCE_ACCURACY_VALUE',
'Maximum model space distance between geometric entities at asserted c
onnectivities');
#5962=UNCERTAINTY_MEASURE_WITH_UNIT(LENGTH_MEASURE(0.01),#5970,
'DISTANCE_ACCURACY_VALUE',
'Maximum model space distance between geometric entities at asserted c
onnectivities');
#5963=UNCERTAINTY_MEASURE_WITH_UNIT(LENGTH_MEASURE(0.01),#5970,
'DISTANCE_ACCURACY_VALUE',
'Maximum model space distance between geometric entities at asserted c
onnectivities');
#5964=(
GEOMETRIC_REPRESENTATION_CONTEXT(3)
GLOBAL_UNCERTAINTY_ASSIGNED_CONTEXT((#5958))
GLOBAL_UNIT_ASSIGNED_CONTEXT((#5970,#5972,#5973))
REPRESENTATION_CONTEXT('','3D')
);
#5965=(
GEOMETRIC_REPRESENTATION_CONTEXT(3)
GLOBAL_UNCERTAINTY_ASSIGNED_CONTEXT((#5959))
GLOBAL_UNIT_ASSIGNED_CONTEXT((#5970,#5972,#5973))
REPRESENTATION_CONTEXT('','3D')
);
#5966=(
GEOMETRIC_REPRESENTATION_CONTEXT(3)
GLOBAL_UNCERTAINTY_ASSIGNED_CONTEXT((#5960))
GLOBAL_UNIT_ASSIGNED_CONTEXT((#5970,#5972,#5973))
REPRESENTATION_CONTEXT('','3D')
);
#5967=(
GEOMETRIC_REPRESENTATION_CONTEXT(3)
GLOBAL_UNCERTAINTY_ASSIGNED_CONTEXT((#5961))
GLOBAL_UNIT_ASSIGNED_CONTEXT((#5970,#5972,#5973))
REPRESENTATION_CONTEXT('','3D')
);
#5968=(
GEOMETRIC_REPRESENTATION_CONTEXT(3)
GLOBAL_UNCERTAINTY_ASSIGNED_CONTEXT((#5962))
GLOBAL_UNIT_ASSIGNED_CONTEXT((#5970,#5972,#5973))
REPRESENTATION_CONTEXT('','3D')
);
#5969=(
GEOMETRIC_REPRESENTATION_CONTEXT(3)
GLOBAL_UNCERTAINTY_ASSIGNED_CONTEXT((#5963))
GLOBAL_UNIT_ASSIGNED_CONTEXT((#5970,#5972,#5973))
REPRESENTATION_CONTEXT('','3D')
);
#5970=(
LENGTH_UNIT()
NAMED_UNIT(*)
SI_UNIT(.MILLI.,.METRE.)
);
#5971=(
LENGTH_UNIT()
NAMED_UNIT(*)
SI_UNIT(.CENTI.,.METRE.)
);
#5972=(
NAMED_UNIT(*)
PLANE_ANGLE_UNIT()
SI_UNIT($,.RADIAN.)
);
#5973=(
NAMED_UNIT(*)
SI_UNIT($,.STERADIAN.)
SOLID_ANGLE_UNIT()
);
#5974=SHAPE_DEFINITION_REPRESENTATION(#5979,#5994);
#5975=SHAPE_DEFINITION_REPRESENTATION(#5980,#5995);
#5976=SHAPE_DEFINITION_REPRESENTATION(#5981,#5996);
#5977=SHAPE_DEFINITION_REPRESENTATION(#5982,#5997);
#5978=SHAPE_DEFINITION_REPRESENTATION(#5983,#5998);
#5979=PRODUCT_DEFINITION_SHAPE('',$,#6000);
#5980=PRODUCT_DEFINITION_SHAPE('',$,#6001);
#5981=PRODUCT_DEFINITION_SHAPE('',$,#6002);
#5982=PRODUCT_DEFINITION_SHAPE('',$,#6003);
#5983=PRODUCT_DEFINITION_SHAPE('',$,#6004);
#5984=PRODUCT_DEFINITION_SHAPE($,$,#41);
#5985=PRODUCT_DEFINITION_SHAPE($,$,#42);
#5986=PRODUCT_DEFINITION_SHAPE($,$,#43);
#5987=PRODUCT_DEFINITION_SHAPE($,$,#44);
#5988=PRODUCT_DEFINITION_SHAPE($,$,#45);
#5989=PRODUCT_DEFINITION_SHAPE($,$,#46);
#5990=PRODUCT_DEFINITION_SHAPE($,$,#47);
#5991=PRODUCT_DEFINITION_SHAPE($,$,#48);
#5992=PRODUCT_DEFINITION_SHAPE($,$,#49);
#5993=PRODUCT_DEFINITION_SHAPE($,$,#50);
#5994=SHAPE_REPRESENTATION('',(#3562,#3903,#3904,#3905,#3906,#3907,#3908,
#3909,#3910,#3911,#3912),#5964);
#5995=SHAPE_REPRESENTATION('',(#3563),#5965);
#5996=SHAPE_REPRESENTATION('',(#3802),#5966);
#5997=SHAPE_REPRESENTATION('',(#3857),#5967);
#5998=SHAPE_REPRESENTATION('',(#3893),#5968);
#5999=PRODUCT_DEFINITION_CONTEXT('part definition',#6016,'design');
#6000=PRODUCT_DEFINITION('HD10-5-10S','HD10-5-10S',#6005,#5999);
#6001=PRODUCT_DEFINITION('HD10-5-10S \X2\30AB30D030FC\X0\',
'HD10-5-10S \X2\30AB30D030FC\X0\',#6006,#5999);
#6002=PRODUCT_DEFINITION('HD10-5-10S \X2\30B730E330FC30B7\X0\',
'HD10-5-10S \X2\30B730E330FC30B7\X0\',#6007,#5999);
#6003=PRODUCT_DEFINITION('JIS B 1111 (H) - M3x4 - 4.8 - H',
'JIS B 1111 (H) - M3x4 - 4.8 - H(1)',#6008,#5999);
#6004=PRODUCT_DEFINITION('\X2\30B430E08DB3\X0\(TB-8)','\X2\30B430E08DB3\X0\(
TB-8)',#6009,#5999);
#6005=PRODUCT_DEFINITION_FORMATION('',$,#6018);
#6006=PRODUCT_DEFINITION_FORMATION('',$,#6019);
#6007=PRODUCT_DEFINITION_FORMATION('',$,#6020);
#6008=PRODUCT_DEFINITION_FORMATION('',$,#6021);
#6009=PRODUCT_DEFINITION_FORMATION('',$,#6022);
#6010=PRODUCT_RELATED_PRODUCT_CATEGORY('HD10-5-10S','HD10-5-10S',(#6018));
#6011=PRODUCT_RELATED_PRODUCT_CATEGORY('HD10-5-10S \X2\30AB30D030FC\X0\',
'HD10-5-10S \X2\30AB30D030FC\X0\',(#6019));
#6012=PRODUCT_RELATED_PRODUCT_CATEGORY('HD10-5-10S \X2\30B730E330FC30B7\X0\',
'HD10-5-10S \X2\30B730E330FC30B7\X0\',(#6020));
#6013=PRODUCT_RELATED_PRODUCT_CATEGORY(
'JIS B 1111 (H) - M3x4 - 4.8 - H(1)',
'JIS B 1111 (H) - M3x4 - 4.8 - H(1)',(#6021));
#6014=PRODUCT_RELATED_PRODUCT_CATEGORY('\X2\30B430E08DB3\X0\(TB-8)',
'\X2\30B430E08DB3\X0\(TB-8)',(#6022));
#6015=APPLICATION_PROTOCOL_DEFINITION('international standard',
'automotive_design',2009,#6016);
#6016=APPLICATION_CONTEXT(
'Core Data for Automotive Mechanical Design Process');
#6017=PRODUCT_CONTEXT('part definition',#6016,'mechanical');
#6018=PRODUCT('HD10-5-10S','HD10-5-10S',$,(#6017));
#6019=PRODUCT('HD10-5-10S \X2\30AB30D030FC\X0\','HD10-5-10S \X2\30AB30D030FC\X0\',
$,(#6017));
#6020=PRODUCT('HD10-5-10S \X2\30B730E330FC30B7\X0\',
'HD10-5-10S \X2\30B730E330FC30B7\X0\',$,(#6017));
#6021=PRODUCT('JIS B 1111 (H) - M3x4 - 4.8 - H',
'JIS B 1111 (H) - M3x4 - 4.8 - H(1)',
'\X2\53415B577A744ED8304D76BF5C0F306D3058\X0\(\X2\6A196E96982D90E830B930BF30A430EB\X0\)
 - H\X2\5F62307E305F306F\X0\Z\X2\5F62\X0\. \X2\5F375EA6533A5206\X0\ 4.
8\X2\7528\X0\',(#6017));
#6022=PRODUCT('\X2\30B430E08DB3\X0\(TB-8)','\X2\30B430E08DB3\X0\(TB-8)',
$,(#6017));
ENDSEC;
END-ISO-10303-21;
