ISO-10303-21;
HEADER;
/* Generated by software containing ST-Developer
 * from STEP Tools, Inc. (www.steptools.com) 
 */

FILE_DESCRIPTION(
/* description */ (''),
/* implementation_level */ '2;1');

FILE_NAME(
/* name */ 'HD11-5-18S.stp',
/* time_stamp */ '2023-06-14T10:57:33+09:00',
/* author */ ('TK309'),
/* organization */ (''),
/* preprocessor_version */ 'ST-DEVELOPER v19.2',
/* originating_system */ 'Autodesk Inventor 2024',
/* authorisation */ '');

FILE_SCHEMA (('AUTOMOTIVE_DESIGN { 1 0 10303 214 3 1 1 }'));
ENDSEC;

DATA;
#10=MECHANICAL_DESIGN_GEOMETRIC_PRESENTATION_REPRESENTATION('',(#101,#102,
#103,#104,#105,#106),#8772);
#11=ITEM_DEFINED_TRANSFORMATION($,$,#5147,#5726);
#12=ITEM_DEFINED_TRANSFORMATION($,$,#5270,#5727);
#13=ITEM_DEFINED_TRANSFORMATION($,$,#5667,#5728);
#14=ITEM_DEFINED_TRANSFORMATION($,$,#5667,#5729);
#15=ITEM_DEFINED_TRANSFORMATION($,$,#5667,#5730);
#16=ITEM_DEFINED_TRANSFORMATION($,$,#5667,#5731);
#17=ITEM_DEFINED_TRANSFORMATION($,$,#5676,#5732);
#18=ITEM_DEFINED_TRANSFORMATION($,$,#5676,#5733);
#19=ITEM_DEFINED_TRANSFORMATION($,$,#5676,#5734);
#20=ITEM_DEFINED_TRANSFORMATION($,$,#5676,#5735);
#21=ITEM_DEFINED_TRANSFORMATION($,$,#5685,#5736);
#22=ITEM_DEFINED_TRANSFORMATION($,$,#5685,#5737);
#23=ITEM_DEFINED_TRANSFORMATION($,$,#5685,#5738);
#24=ITEM_DEFINED_TRANSFORMATION($,$,#5685,#5739);
#25=ITEM_DEFINED_TRANSFORMATION($,$,#5698,#5740);
#26=ITEM_DEFINED_TRANSFORMATION($,$,#5698,#5741);
#27=ITEM_DEFINED_TRANSFORMATION($,$,#5698,#5742);
#28=ITEM_DEFINED_TRANSFORMATION($,$,#5698,#5743);
#29=(
REPRESENTATION_RELATIONSHIP($,$,#8810,#8809)
REPRESENTATION_RELATIONSHIP_WITH_TRANSFORMATION(#11)
SHAPE_REPRESENTATION_RELATIONSHIP()
);
#30=(
REPRESENTATION_RELATIONSHIP($,$,#8811,#8809)
REPRESENTATION_RELATIONSHIP_WITH_TRANSFORMATION(#12)
SHAPE_REPRESENTATION_RELATIONSHIP()
);
#31=(
REPRESENTATION_RELATIONSHIP($,$,#8812,#8809)
REPRESENTATION_RELATIONSHIP_WITH_TRANSFORMATION(#13)
SHAPE_REPRESENTATION_RELATIONSHIP()
);
#32=(
REPRESENTATION_RELATIONSHIP($,$,#8812,#8809)
REPRESENTATION_RELATIONSHIP_WITH_TRANSFORMATION(#14)
SHAPE_REPRESENTATION_RELATIONSHIP()
);
#33=(
REPRESENTATION_RELATIONSHIP($,$,#8812,#8809)
REPRESENTATION_RELATIONSHIP_WITH_TRANSFORMATION(#15)
SHAPE_REPRESENTATION_RELATIONSHIP()
);
#34=(
REPRESENTATION_RELATIONSHIP($,$,#8812,#8809)
REPRESENTATION_RELATIONSHIP_WITH_TRANSFORMATION(#16)
SHAPE_REPRESENTATION_RELATIONSHIP()
);
#35=(
REPRESENTATION_RELATIONSHIP($,$,#8813,#8809)
REPRESENTATION_RELATIONSHIP_WITH_TRANSFORMATION(#17)
SHAPE_REPRESENTATION_RELATIONSHIP()
);
#36=(
REPRESENTATION_RELATIONSHIP($,$,#8813,#8809)
REPRESENTATION_RELATIONSHIP_WITH_TRANSFORMATION(#18)
SHAPE_REPRESENTATION_RELATIONSHIP()
);
#37=(
REPRESENTATION_RELATIONSHIP($,$,#8813,#8809)
REPRESENTATION_RELATIONSHIP_WITH_TRANSFORMATION(#19)
SHAPE_REPRESENTATION_RELATIONSHIP()
);
#38=(
REPRESENTATION_RELATIONSHIP($,$,#8813,#8809)
REPRESENTATION_RELATIONSHIP_WITH_TRANSFORMATION(#20)
SHAPE_REPRESENTATION_RELATIONSHIP()
);
#39=(
REPRESENTATION_RELATIONSHIP($,$,#8814,#8809)
REPRESENTATION_RELATIONSHIP_WITH_TRANSFORMATION(#21)
SHAPE_REPRESENTATION_RELATIONSHIP()
);
#40=(
REPRESENTATION_RELATIONSHIP($,$,#8814,#8809)
REPRESENTATION_RELATIONSHIP_WITH_TRANSFORMATION(#22)
SHAPE_REPRESENTATION_RELATIONSHIP()
);
#41=(
REPRESENTATION_RELATIONSHIP($,$,#8814,#8809)
REPRESENTATION_RELATIONSHIP_WITH_TRANSFORMATION(#23)
SHAPE_REPRESENTATION_RELATIONSHIP()
);
#42=(
REPRESENTATION_RELATIONSHIP($,$,#8814,#8809)
REPRESENTATION_RELATIONSHIP_WITH_TRANSFORMATION(#24)
SHAPE_REPRESENTATION_RELATIONSHIP()
);
#43=(
REPRESENTATION_RELATIONSHIP($,$,#8815,#8809)
REPRESENTATION_RELATIONSHIP_WITH_TRANSFORMATION(#25)
SHAPE_REPRESENTATION_RELATIONSHIP()
);
#44=(
REPRESENTATION_RELATIONSHIP($,$,#8815,#8809)
REPRESENTATION_RELATIONSHIP_WITH_TRANSFORMATION(#26)
SHAPE_REPRESENTATION_RELATIONSHIP()
);
#45=(
REPRESENTATION_RELATIONSHIP($,$,#8815,#8809)
REPRESENTATION_RELATIONSHIP_WITH_TRANSFORMATION(#27)
SHAPE_REPRESENTATION_RELATIONSHIP()
);
#46=(
REPRESENTATION_RELATIONSHIP($,$,#8815,#8809)
REPRESENTATION_RELATIONSHIP_WITH_TRANSFORMATION(#28)
SHAPE_REPRESENTATION_RELATIONSHIP()
);
#47=CONTEXT_DEPENDENT_SHAPE_REPRESENTATION(#29,#8791);
#48=CONTEXT_DEPENDENT_SHAPE_REPRESENTATION(#30,#8792);
#49=CONTEXT_DEPENDENT_SHAPE_REPRESENTATION(#31,#8793);
#50=CONTEXT_DEPENDENT_SHAPE_REPRESENTATION(#32,#8794);
#51=CONTEXT_DEPENDENT_SHAPE_REPRESENTATION(#33,#8795);
#52=CONTEXT_DEPENDENT_SHAPE_REPRESENTATION(#34,#8796);
#53=CONTEXT_DEPENDENT_SHAPE_REPRESENTATION(#35,#8797);
#54=CONTEXT_DEPENDENT_SHAPE_REPRESENTATION(#36,#8798);
#55=CONTEXT_DEPENDENT_SHAPE_REPRESENTATION(#37,#8799);
#56=CONTEXT_DEPENDENT_SHAPE_REPRESENTATION(#38,#8800);
#57=CONTEXT_DEPENDENT_SHAPE_REPRESENTATION(#39,#8801);
#58=CONTEXT_DEPENDENT_SHAPE_REPRESENTATION(#40,#8802);
#59=CONTEXT_DEPENDENT_SHAPE_REPRESENTATION(#41,#8803);
#60=CONTEXT_DEPENDENT_SHAPE_REPRESENTATION(#42,#8804);
#61=CONTEXT_DEPENDENT_SHAPE_REPRESENTATION(#43,#8805);
#62=CONTEXT_DEPENDENT_SHAPE_REPRESENTATION(#44,#8806);
#63=CONTEXT_DEPENDENT_SHAPE_REPRESENTATION(#45,#8807);
#64=CONTEXT_DEPENDENT_SHAPE_REPRESENTATION(#46,#8808);
#65=NEXT_ASSEMBLY_USAGE_OCCURRENCE('HD11-5-18S \X2\30AB30D030FC\X0\:1',
'HD11-5-18S \X2\30AB30D030FC\X0\:1','HD11-5-18S \X2\30AB30D030FC\X0\:1',
#8817,#8818,'HD11-5-18S \X2\30AB30D030FC\X0\:1');
#66=NEXT_ASSEMBLY_USAGE_OCCURRENCE('HD11-5-18S \X2\30B730E330FC30B7\X0\:
1','HD11-5-18S \X2\30B730E330FC30B7\X0\:1','HD11-5-18S \X2\30B730E330FC30B7\X0\:
1',#8817,#8819,'HD11-5-18S \X2\30B730E330FC30B7\X0\:1');
#67=NEXT_ASSEMBLY_USAGE_OCCURRENCE('\X2\652F67F18DB3752830B930DD30F330B8\X0\:
1','\X2\652F67F18DB3752830B930DD30F330B8\X0\:1',
'\X2\652F67F18DB3752830B930DD30F330B8\X0\:1',#8817,#8820,
'\X2\652F67F18DB3752830B930DD30F330B8\X0\:1');
#68=NEXT_ASSEMBLY_USAGE_OCCURRENCE('\X2\652F67F18DB3752830B930DD30F330B8\X0\:
2','\X2\652F67F18DB3752830B930DD30F330B8\X0\:2',
'\X2\652F67F18DB3752830B930DD30F330B8\X0\:2',#8817,#8820,
'\X2\652F67F18DB3752830B930DD30F330B8\X0\:2');
#69=NEXT_ASSEMBLY_USAGE_OCCURRENCE('\X2\652F67F18DB3752830B930DD30F330B8\X0\:
3','\X2\652F67F18DB3752830B930DD30F330B8\X0\:3',
'\X2\652F67F18DB3752830B930DD30F330B8\X0\:3',#8817,#8820,
'\X2\652F67F18DB3752830B930DD30F330B8\X0\:3');
#70=NEXT_ASSEMBLY_USAGE_OCCURRENCE('\X2\652F67F18DB3752830B930DD30F330B8\X0\:
4','\X2\652F67F18DB3752830B930DD30F330B8\X0\:4',
'\X2\652F67F18DB3752830B930DD30F330B8\X0\:4',#8817,#8820,
'\X2\652F67F18DB3752830B930DD30F330B8\X0\:4');
#71=NEXT_ASSEMBLY_USAGE_OCCURRENCE('\X2\652F67F18DB3\X0\:1',
'\X2\652F67F18DB3\X0\:1','\X2\652F67F18DB3\X0\:1',#8817,#8821,
'\X2\652F67F18DB3\X0\:1');
#72=NEXT_ASSEMBLY_USAGE_OCCURRENCE('\X2\652F67F18DB3\X0\:2',
'\X2\652F67F18DB3\X0\:2','\X2\652F67F18DB3\X0\:2',#8817,#8821,
'\X2\652F67F18DB3\X0\:2');
#73=NEXT_ASSEMBLY_USAGE_OCCURRENCE('\X2\652F67F18DB3\X0\:3',
'\X2\652F67F18DB3\X0\:3','\X2\652F67F18DB3\X0\:3',#8817,#8821,
'\X2\652F67F18DB3\X0\:3');
#74=NEXT_ASSEMBLY_USAGE_OCCURRENCE('\X2\652F67F18DB3\X0\:4',
'\X2\652F67F18DB3\X0\:4','\X2\652F67F18DB3\X0\:4',#8817,#8821,
'\X2\652F67F18DB3\X0\:4');
#75=NEXT_ASSEMBLY_USAGE_OCCURRENCE('\X2\30B430E08DB3\X0\(B-P1M):1',
'\X2\30B430E08DB3\X0\(B-P1M):1','\X2\30B430E08DB3\X0\(B-P1M):1',#8817,#8822,
'\X2\30B430E08DB3\X0\(B-P1M):1');
#76=NEXT_ASSEMBLY_USAGE_OCCURRENCE('\X2\30B430E08DB3\X0\(B-P1M):2',
'\X2\30B430E08DB3\X0\(B-P1M):2','\X2\30B430E08DB3\X0\(B-P1M):2',#8817,#8822,
'\X2\30B430E08DB3\X0\(B-P1M):2');
#77=NEXT_ASSEMBLY_USAGE_OCCURRENCE('\X2\30B430E08DB3\X0\(B-P1M):3',
'\X2\30B430E08DB3\X0\(B-P1M):3','\X2\30B430E08DB3\X0\(B-P1M):3',#8817,#8822,
'\X2\30B430E08DB3\X0\(B-P1M):3');
#78=NEXT_ASSEMBLY_USAGE_OCCURRENCE('\X2\30B430E08DB3\X0\(B-P1M):4',
'\X2\30B430E08DB3\X0\(B-P1M):4','\X2\30B430E08DB3\X0\(B-P1M):4',#8817,#8822,
'\X2\30B430E08DB3\X0\(B-P1M):4');
#79=NEXT_ASSEMBLY_USAGE_OCCURRENCE('\X2\30B930EA30E030D830C330C9\X0\ M
3\X\D716:1','\X2\30B930EA30E030D830C330C9\X0\ M3\X\D716:1',
'\X2\30B930EA30E030D830C330C9\X0\ M3\X\D716:1',#8817,#8823,
'\X2\30B930EA30E030D830C330C9\X0\ M3\X\D716:1');
#80=NEXT_ASSEMBLY_USAGE_OCCURRENCE('\X2\30B930EA30E030D830C330C9\X0\ M
3\X\D716:2','\X2\30B930EA30E030D830C330C9\X0\ M3\X\D716:2',
'\X2\30B930EA30E030D830C330C9\X0\ M3\X\D716:2',#8817,#8823,
'\X2\30B930EA30E030D830C330C9\X0\ M3\X\D716:2');
#81=NEXT_ASSEMBLY_USAGE_OCCURRENCE('\X2\30B930EA30E030D830C330C9\X0\ M
3\X\D716:3','\X2\30B930EA30E030D830C330C9\X0\ M3\X\D716:3',
'\X2\30B930EA30E030D830C330C9\X0\ M3\X\D716:3',#8817,#8823,
'\X2\30B930EA30E030D830C330C9\X0\ M3\X\D716:3');
#82=NEXT_ASSEMBLY_USAGE_OCCURRENCE('\X2\30B930EA30E030D830C330C9\X0\ M
3\X\D716:4','\X2\30B930EA30E030D830C330C9\X0\ M3\X\D716:4',
'\X2\30B930EA30E030D830C330C9\X0\ M3\X\D716:4',#8817,#8823,
'\X2\30B930EA30E030D830C330C9\X0\ M3\X\D716:4');
#83=CONICAL_SURFACE('',#5699,1.5,0.785398163397449);
#84=CONICAL_SURFACE('',#5702,2.48038475772934,1.0471975511966);
#85=ELLIPSE('',#5602,2.54558441227157,1.8);
#86=ELLIPSE('',#5603,2.54558441227157,1.8);
#87=ELLIPSE('',#5605,2.54558441227157,1.8);
#88=ELLIPSE('',#5609,2.54558441227157,1.8);
#89=SHAPE_REPRESENTATION_RELATIONSHIP('SRR','None',#8810,#95);
#90=SHAPE_REPRESENTATION_RELATIONSHIP('SRR','None',#8811,#96);
#91=SHAPE_REPRESENTATION_RELATIONSHIP('SRR','None',#8812,#97);
#92=SHAPE_REPRESENTATION_RELATIONSHIP('SRR','None',#8813,#98);
#93=SHAPE_REPRESENTATION_RELATIONSHIP('SRR','None',#8814,#99);
#94=SHAPE_REPRESENTATION_RELATIONSHIP('SRR','None',#8815,#100);
#95=ADVANCED_BREP_SHAPE_REPRESENTATION('',(#107),#8766);
#96=ADVANCED_BREP_SHAPE_REPRESENTATION('',(#108),#8767);
#97=ADVANCED_BREP_SHAPE_REPRESENTATION('',(#109),#8768);
#98=ADVANCED_BREP_SHAPE_REPRESENTATION('',(#110),#8769);
#99=ADVANCED_BREP_SHAPE_REPRESENTATION('',(#111),#8770);
#100=ADVANCED_BREP_SHAPE_REPRESENTATION('',(#112),#8771);
#101=STYLED_ITEM('',(#5095),#107);
#102=STYLED_ITEM('',(#5095),#108);
#103=STYLED_ITEM('',(#5095),#109);
#104=STYLED_ITEM('',(#5095),#110);
#105=STYLED_ITEM('',(#5095),#111);
#106=STYLED_ITEM('',(#5095),#112);
#107=MANIFOLD_SOLID_BREP('\X2\30BD30EA30C330C9\X0\1',#5019);
#108=MANIFOLD_SOLID_BREP('\X2\30BD30EA30C330C9\X0\1',#5020);
#109=MANIFOLD_SOLID_BREP('\X2\30BD30EA30C330C9\X0\1',#5021);
#110=MANIFOLD_SOLID_BREP('\X2\30BD30EA30C330C9\X0\1',#5022);
#111=MANIFOLD_SOLID_BREP('\X2\30BD30EA30C330C9\X0\1',#5023);
#112=MANIFOLD_SOLID_BREP('NONE',#5024);
#113=B_SPLINE_CURVE_WITH_KNOTS('',3,(#7359,#7360,#7361,#7362,#7363,#7364,
#7365,#7366,#7367,#7368),.UNSPECIFIED.,.F.,.F.,(4,2,2,2,4),(3.53653824766264,
3.5943557429851,3.84701941775719,4.09968309252928,4.12186880180619),
 .UNSPECIFIED.);
#114=B_SPLINE_CURVE_WITH_KNOTS('',3,(#7371,#7372,#7373,#7374,#7375,#7376,
#7377,#7378,#7379,#7380),.UNSPECIFIED.,.F.,.F.,(4,2,2,2,4),(0.62590416840678,
0.733221653854843,0.865637995657203,1.08454917493437,1.22856008779861),
 .UNSPECIFIED.);
#115=B_SPLINE_CURVE_WITH_KNOTS('',3,(#7393,#7394,#7395,#7396,#7397,#7398,
#7399,#7400,#7401,#7402),.UNSPECIFIED.,.F.,.F.,(4,2,2,2,4),(7.59316543786437,
7.73717635072861,7.95608753000578,8.08850387180814,8.19582135725621),
 .UNSPECIFIED.);
#116=B_SPLINE_CURVE_WITH_KNOTS('',3,(#7403,#7404,#7405,#7406,#7407,#7408,
#7409,#7410,#7411,#7412),.UNSPECIFIED.,.F.,.F.,(4,2,2,2,4),(6.2585880484873,
6.28077375776421,6.5334374325363,6.78610110730839,6.84391860263085),
 .UNSPECIFIED.);
#117=B_SPLINE_CURVE_WITH_KNOTS('',3,(#7533,#7534,#7535,#7536,#7537,#7538,
#7539,#7540,#7541,#7542),.UNSPECIFIED.,.F.,.F.,(4,2,2,2,4),(3.18230267503289,
3.32631358789712,3.54522476717429,3.67764110897665,3.78495859442472),
 .UNSPECIFIED.);
#118=B_SPLINE_CURVE_WITH_KNOTS('',3,(#7543,#7544,#7545,#7546,#7547,#7548,
#7549,#7550,#7551,#7552),.UNSPECIFIED.,.F.,.F.,(4,2,2,2,4),(1.06835962334056,
1.09054533261747,1.34320900738956,1.59587268216165,1.65369017748411),
 .UNSPECIFIED.);
#119=B_SPLINE_CURVE_WITH_KNOTS('',3,(#7558,#7559,#7560,#7561,#7562,#7563,
#7564,#7565,#7566,#7567),.UNSPECIFIED.,.F.,.F.,(4,2,2,2,4),(8.72676667280939,
8.78458416813184,9.03724784290393,9.28991151767602,9.31209722695294),
 .UNSPECIFIED.);
#120=B_SPLINE_CURVE_WITH_KNOTS('',3,(#7570,#7571,#7572,#7573,#7574,#7575,
#7576,#7577,#7578,#7579),.UNSPECIFIED.,.F.,.F.,(4,2,2,2,4),(5.03676693123827,
5.14408441668634,5.2765007584887,5.49541193776587,5.6394228506301),
 .UNSPECIFIED.);
#121=B_SPLINE_CURVE_WITH_KNOTS('',3,(#8362,#8363,#8364,#8365,#8366,#8367,
#8368,#8369,#8370,#8371),.UNSPECIFIED.,.F.,.F.,(4,2,2,2,4),(0.0905867004755777,
0.101910189253945,0.113233678032312,0.124556864372838,0.135880050713363),
 .UNSPECIFIED.);
#122=B_SPLINE_CURVE_WITH_KNOTS('',3,(#8380,#8381,#8382,#8383,#8384,#8385,
#8386,#8387,#8388,#8389),.UNSPECIFIED.,.F.,.F.,(4,2,2,2,4),(-0.0452933502377878,
-0.0339701638972617,-0.0226469775567355,-0.0113234887783678,0.),
 .UNSPECIFIED.);
#123=B_SPLINE_CURVE_WITH_KNOTS('',3,(#8402,#8403,#8404,#8405,#8406,#8407,
#8408,#8409,#8410,#8411),.UNSPECIFIED.,.F.,.F.,(4,2,2,2,4),(0.0905867004755794,
0.101910189253946,0.113233678032313,0.124556864372839,0.135880050713365),
 .UNSPECIFIED.);
#124=B_SPLINE_CURVE_WITH_KNOTS('',3,(#8420,#8421,#8422,#8423,#8424,#8425,
#8426,#8427,#8428,#8429),.UNSPECIFIED.,.F.,.F.,(4,2,2,2,4),(-0.0452933502377877,
-0.0339701638972617,-0.0226469775567356,-0.0113234887783678,0.),
 .UNSPECIFIED.);
#125=FACE_BOUND('',#697,.T.);
#126=FACE_BOUND('',#698,.T.);
#127=FACE_BOUND('',#718,.T.);
#128=FACE_BOUND('',#719,.T.);
#129=FACE_BOUND('',#723,.T.);
#130=FACE_BOUND('',#724,.T.);
#131=FACE_BOUND('',#747,.T.);
#132=FACE_BOUND('',#748,.T.);
#133=FACE_BOUND('',#887,.T.);
#134=FACE_BOUND('',#888,.T.);
#135=FACE_BOUND('',#889,.T.);
#136=FACE_BOUND('',#890,.T.);
#137=FACE_BOUND('',#893,.T.);
#138=FACE_BOUND('',#894,.T.);
#139=FACE_BOUND('',#895,.T.);
#140=FACE_BOUND('',#896,.T.);
#141=FACE_BOUND('',#897,.T.);
#142=FACE_BOUND('',#898,.T.);
#143=FACE_BOUND('',#899,.T.);
#144=FACE_BOUND('',#900,.T.);
#145=FACE_BOUND('',#901,.T.);
#146=FACE_BOUND('',#902,.T.);
#147=FACE_BOUND('',#903,.T.);
#148=FACE_BOUND('',#904,.T.);
#149=FACE_BOUND('',#905,.T.);
#150=FACE_BOUND('',#906,.T.);
#151=FACE_BOUND('',#907,.T.);
#152=FACE_BOUND('',#908,.T.);
#153=FACE_BOUND('',#909,.T.);
#154=FACE_BOUND('',#910,.T.);
#155=FACE_BOUND('',#911,.T.);
#156=FACE_BOUND('',#912,.T.);
#157=FACE_BOUND('',#913,.T.);
#158=FACE_BOUND('',#914,.T.);
#159=FACE_BOUND('',#915,.T.);
#160=FACE_BOUND('',#916,.T.);
#161=FACE_BOUND('',#917,.T.);
#162=FACE_BOUND('',#918,.T.);
#163=FACE_BOUND('',#919,.T.);
#164=FACE_BOUND('',#920,.T.);
#165=FACE_BOUND('',#921,.T.);
#166=FACE_BOUND('',#922,.T.);
#167=FACE_BOUND('',#923,.T.);
#168=FACE_BOUND('',#924,.T.);
#169=FACE_BOUND('',#925,.T.);
#170=FACE_BOUND('',#926,.T.);
#171=FACE_BOUND('',#927,.T.);
#172=FACE_BOUND('',#928,.T.);
#173=FACE_BOUND('',#929,.T.);
#174=FACE_BOUND('',#930,.T.);
#175=FACE_BOUND('',#931,.T.);
#176=FACE_BOUND('',#932,.T.);
#177=FACE_BOUND('',#933,.T.);
#178=FACE_BOUND('',#934,.T.);
#179=FACE_BOUND('',#935,.T.);
#180=FACE_BOUND('',#936,.T.);
#181=FACE_BOUND('',#937,.T.);
#182=FACE_BOUND('',#938,.T.);
#183=FACE_BOUND('',#939,.T.);
#184=FACE_BOUND('',#940,.T.);
#185=FACE_BOUND('',#941,.T.);
#186=FACE_BOUND('',#942,.T.);
#187=FACE_BOUND('',#943,.T.);
#188=FACE_BOUND('',#944,.T.);
#189=FACE_BOUND('',#945,.T.);
#190=FACE_BOUND('',#949,.T.);
#191=FACE_BOUND('',#950,.T.);
#192=FACE_BOUND('',#951,.T.);
#193=FACE_BOUND('',#952,.T.);
#194=FACE_BOUND('',#955,.T.);
#195=FACE_BOUND('',#956,.T.);
#196=FACE_BOUND('',#957,.T.);
#197=FACE_BOUND('',#958,.T.);
#198=FACE_BOUND('',#959,.T.);
#199=FACE_BOUND('',#960,.T.);
#200=FACE_BOUND('',#961,.T.);
#201=FACE_BOUND('',#962,.T.);
#202=FACE_BOUND('',#963,.T.);
#203=FACE_BOUND('',#964,.T.);
#204=FACE_BOUND('',#965,.T.);
#205=FACE_BOUND('',#966,.T.);
#206=FACE_BOUND('',#967,.T.);
#207=FACE_BOUND('',#968,.T.);
#208=FACE_BOUND('',#969,.T.);
#209=FACE_BOUND('',#970,.T.);
#210=FACE_BOUND('',#971,.T.);
#211=FACE_BOUND('',#972,.T.);
#212=FACE_BOUND('',#973,.T.);
#213=FACE_BOUND('',#974,.T.);
#214=FACE_BOUND('',#975,.T.);
#215=FACE_BOUND('',#976,.T.);
#216=FACE_BOUND('',#977,.T.);
#217=FACE_BOUND('',#978,.T.);
#218=FACE_BOUND('',#979,.T.);
#219=FACE_BOUND('',#980,.T.);
#220=FACE_BOUND('',#981,.T.);
#221=FACE_BOUND('',#982,.T.);
#222=FACE_BOUND('',#983,.T.);
#223=FACE_BOUND('',#984,.T.);
#224=FACE_BOUND('',#985,.T.);
#225=FACE_BOUND('',#986,.T.);
#226=FACE_BOUND('',#987,.T.);
#227=FACE_BOUND('',#988,.T.);
#228=FACE_BOUND('',#989,.T.);
#229=FACE_BOUND('',#990,.T.);
#230=FACE_BOUND('',#991,.T.);
#231=FACE_BOUND('',#992,.T.);
#232=FACE_BOUND('',#993,.T.);
#233=FACE_BOUND('',#994,.T.);
#234=FACE_BOUND('',#995,.T.);
#235=FACE_BOUND('',#996,.T.);
#236=FACE_BOUND('',#997,.T.);
#237=FACE_BOUND('',#998,.T.);
#238=FACE_BOUND('',#999,.T.);
#239=FACE_BOUND('',#1000,.T.);
#240=FACE_BOUND('',#1001,.T.);
#241=FACE_BOUND('',#1002,.T.);
#242=FACE_BOUND('',#1003,.T.);
#243=FACE_BOUND('',#1004,.T.);
#244=FACE_BOUND('',#1005,.T.);
#245=FACE_BOUND('',#1006,.T.);
#246=FACE_BOUND('',#1007,.T.);
#247=FACE_BOUND('',#1013,.T.);
#248=FACE_BOUND('',#1014,.T.);
#249=FACE_BOUND('',#1015,.T.);
#250=FACE_BOUND('',#1016,.T.);
#251=FACE_BOUND('',#1017,.T.);
#252=FACE_BOUND('',#1018,.T.);
#253=FACE_BOUND('',#1019,.T.);
#254=FACE_BOUND('',#1020,.T.);
#255=FACE_BOUND('',#1021,.T.);
#256=FACE_BOUND('',#1022,.T.);
#257=FACE_BOUND('',#1023,.T.);
#258=FACE_BOUND('',#1024,.T.);
#259=FACE_BOUND('',#1025,.T.);
#260=FACE_BOUND('',#1026,.T.);
#261=FACE_BOUND('',#1027,.T.);
#262=FACE_BOUND('',#1028,.T.);
#263=FACE_BOUND('',#1029,.T.);
#264=FACE_BOUND('',#1030,.T.);
#265=FACE_BOUND('',#1031,.T.);
#266=FACE_BOUND('',#1032,.T.);
#267=FACE_BOUND('',#1033,.T.);
#268=FACE_BOUND('',#1034,.T.);
#269=FACE_BOUND('',#1035,.T.);
#270=FACE_BOUND('',#1036,.T.);
#271=FACE_BOUND('',#1037,.T.);
#272=FACE_BOUND('',#1038,.T.);
#273=FACE_BOUND('',#1039,.T.);
#274=FACE_BOUND('',#1040,.T.);
#275=FACE_BOUND('',#1041,.T.);
#276=FACE_BOUND('',#1042,.T.);
#277=FACE_BOUND('',#1043,.T.);
#278=FACE_BOUND('',#1044,.T.);
#279=FACE_BOUND('',#1045,.T.);
#280=FACE_BOUND('',#1046,.T.);
#281=FACE_BOUND('',#1047,.T.);
#282=FACE_BOUND('',#1048,.T.);
#283=FACE_BOUND('',#1049,.T.);
#284=FACE_BOUND('',#1050,.T.);
#285=FACE_BOUND('',#1051,.T.);
#286=FACE_BOUND('',#1052,.T.);
#287=FACE_BOUND('',#1053,.T.);
#288=FACE_BOUND('',#1054,.T.);
#289=FACE_BOUND('',#1055,.T.);
#290=FACE_BOUND('',#1056,.T.);
#291=FACE_BOUND('',#1057,.T.);
#292=FACE_BOUND('',#1058,.T.);
#293=FACE_BOUND('',#1059,.T.);
#294=FACE_BOUND('',#1060,.T.);
#295=FACE_BOUND('',#1061,.T.);
#296=FACE_BOUND('',#1062,.T.);
#297=FACE_BOUND('',#1063,.T.);
#298=FACE_BOUND('',#1064,.T.);
#299=FACE_BOUND('',#1065,.T.);
#300=FACE_BOUND('',#1070,.T.);
#301=FACE_BOUND('',#1071,.T.);
#302=FACE_BOUND('',#1072,.T.);
#303=FACE_BOUND('',#1073,.T.);
#304=FACE_BOUND('',#1074,.T.);
#305=FACE_BOUND('',#1075,.T.);
#306=FACE_BOUND('',#1076,.T.);
#307=FACE_BOUND('',#1077,.T.);
#308=FACE_BOUND('',#1078,.T.);
#309=FACE_BOUND('',#1079,.T.);
#310=FACE_BOUND('',#1080,.T.);
#311=FACE_BOUND('',#1081,.T.);
#312=FACE_BOUND('',#1082,.T.);
#313=FACE_BOUND('',#1083,.T.);
#314=FACE_BOUND('',#1084,.T.);
#315=FACE_BOUND('',#1085,.T.);
#316=FACE_BOUND('',#1086,.T.);
#317=FACE_BOUND('',#1087,.T.);
#318=FACE_BOUND('',#1088,.T.);
#319=FACE_BOUND('',#1089,.T.);
#320=FACE_BOUND('',#1090,.T.);
#321=FACE_BOUND('',#1091,.T.);
#322=FACE_BOUND('',#1092,.T.);
#323=FACE_BOUND('',#1093,.T.);
#324=FACE_BOUND('',#1094,.T.);
#325=FACE_BOUND('',#1095,.T.);
#326=FACE_BOUND('',#1096,.T.);
#327=FACE_BOUND('',#1097,.T.);
#328=FACE_BOUND('',#1098,.T.);
#329=FACE_BOUND('',#1099,.T.);
#330=FACE_BOUND('',#1100,.T.);
#331=FACE_BOUND('',#1101,.T.);
#332=FACE_BOUND('',#1102,.T.);
#333=FACE_BOUND('',#1103,.T.);
#334=FACE_BOUND('',#1104,.T.);
#335=FACE_BOUND('',#1105,.T.);
#336=FACE_BOUND('',#1106,.T.);
#337=FACE_BOUND('',#1107,.T.);
#338=FACE_BOUND('',#1108,.T.);
#339=FACE_BOUND('',#1109,.T.);
#340=FACE_BOUND('',#1110,.T.);
#341=FACE_BOUND('',#1111,.T.);
#342=FACE_BOUND('',#1112,.T.);
#343=FACE_BOUND('',#1113,.T.);
#344=FACE_BOUND('',#1114,.T.);
#345=FACE_BOUND('',#1115,.T.);
#346=FACE_BOUND('',#1116,.T.);
#347=FACE_BOUND('',#1117,.T.);
#348=FACE_BOUND('',#1118,.T.);
#349=FACE_BOUND('',#1119,.T.);
#350=FACE_BOUND('',#1120,.T.);
#351=FACE_BOUND('',#1121,.T.);
#352=FACE_BOUND('',#1122,.T.);
#353=FACE_BOUND('',#1138,.T.);
#354=FACE_BOUND('',#1140,.T.);
#355=FACE_BOUND('',#1144,.T.);
#356=FACE_BOUND('',#1146,.T.);
#357=FACE_BOUND('',#1149,.T.);
#358=FACE_BOUND('',#1153,.T.);
#359=FACE_BOUND('',#1155,.T.);
#360=FACE_BOUND('',#1162,.T.);
#361=FACE_BOUND('',#1164,.T.);
#362=PLANE('',#5157);
#363=PLANE('',#5161);
#364=PLANE('',#5167);
#365=PLANE('',#5173);
#366=PLANE('',#5176);
#367=PLANE('',#5181);
#368=PLANE('',#5182);
#369=PLANE('',#5198);
#370=PLANE('',#5199);
#371=PLANE('',#5205);
#372=PLANE('',#5206);
#373=PLANE('',#5212);
#374=PLANE('',#5216);
#375=PLANE('',#5220);
#376=PLANE('',#5222);
#377=PLANE('',#5227);
#378=PLANE('',#5232);
#379=PLANE('',#5234);
#380=PLANE('',#5235);
#381=PLANE('',#5239);
#382=PLANE('',#5240);
#383=PLANE('',#5241);
#384=PLANE('',#5242);
#385=PLANE('',#5243);
#386=PLANE('',#5244);
#387=PLANE('',#5245);
#388=PLANE('',#5246);
#389=PLANE('',#5247);
#390=PLANE('',#5248);
#391=PLANE('',#5252);
#392=PLANE('',#5254);
#393=PLANE('',#5256);
#394=PLANE('',#5261);
#395=PLANE('',#5263);
#396=PLANE('',#5266);
#397=PLANE('',#5267);
#398=PLANE('',#5268);
#399=PLANE('',#5269);
#400=PLANE('',#5613);
#401=PLANE('',#5615);
#402=PLANE('',#5616);
#403=PLANE('',#5617);
#404=PLANE('',#5621);
#405=PLANE('',#5622);
#406=PLANE('',#5624);
#407=PLANE('',#5627);
#408=PLANE('',#5628);
#409=PLANE('',#5629);
#410=PLANE('',#5632);
#411=PLANE('',#5635);
#412=PLANE('',#5639);
#413=PLANE('',#5644);
#414=PLANE('',#5649);
#415=PLANE('',#5652);
#416=PLANE('',#5653);
#417=PLANE('',#5656);
#418=PLANE('',#5659);
#419=PLANE('',#5661);
#420=PLANE('',#5663);
#421=PLANE('',#5666);
#422=PLANE('',#5674);
#423=PLANE('',#5675);
#424=PLANE('',#5683);
#425=PLANE('',#5684);
#426=PLANE('',#5689);
#427=PLANE('',#5696);
#428=PLANE('',#5697);
#429=PLANE('',#5710);
#430=PLANE('',#5711);
#431=PLANE('',#5712);
#432=PLANE('',#5713);
#433=PLANE('',#5714);
#434=PLANE('',#5715);
#435=PLANE('',#5716);
#436=PLANE('',#5717);
#437=PLANE('',#5718);
#438=PLANE('',#5719);
#439=PLANE('',#5720);
#440=PLANE('',#5721);
#441=PLANE('',#5722);
#442=PLANE('',#5723);
#443=PLANE('',#5724);
#444=PLANE('',#5725);
#445=FACE_OUTER_BOUND('',#693,.T.);
#446=FACE_OUTER_BOUND('',#694,.T.);
#447=FACE_OUTER_BOUND('',#695,.T.);
#448=FACE_OUTER_BOUND('',#696,.T.);
#449=FACE_OUTER_BOUND('',#699,.T.);
#450=FACE_OUTER_BOUND('',#700,.T.);
#451=FACE_OUTER_BOUND('',#701,.T.);
#452=FACE_OUTER_BOUND('',#702,.T.);
#453=FACE_OUTER_BOUND('',#703,.T.);
#454=FACE_OUTER_BOUND('',#704,.T.);
#455=FACE_OUTER_BOUND('',#705,.T.);
#456=FACE_OUTER_BOUND('',#706,.T.);
#457=FACE_OUTER_BOUND('',#707,.T.);
#458=FACE_OUTER_BOUND('',#708,.T.);
#459=FACE_OUTER_BOUND('',#709,.T.);
#460=FACE_OUTER_BOUND('',#710,.T.);
#461=FACE_OUTER_BOUND('',#711,.T.);
#462=FACE_OUTER_BOUND('',#712,.T.);
#463=FACE_OUTER_BOUND('',#713,.T.);
#464=FACE_OUTER_BOUND('',#714,.T.);
#465=FACE_OUTER_BOUND('',#715,.T.);
#466=FACE_OUTER_BOUND('',#716,.T.);
#467=FACE_OUTER_BOUND('',#717,.T.);
#468=FACE_OUTER_BOUND('',#720,.T.);
#469=FACE_OUTER_BOUND('',#721,.T.);
#470=FACE_OUTER_BOUND('',#722,.T.);
#471=FACE_OUTER_BOUND('',#725,.T.);
#472=FACE_OUTER_BOUND('',#726,.T.);
#473=FACE_OUTER_BOUND('',#727,.T.);
#474=FACE_OUTER_BOUND('',#728,.T.);
#475=FACE_OUTER_BOUND('',#729,.T.);
#476=FACE_OUTER_BOUND('',#730,.T.);
#477=FACE_OUTER_BOUND('',#731,.T.);
#478=FACE_OUTER_BOUND('',#732,.T.);
#479=FACE_OUTER_BOUND('',#733,.T.);
#480=FACE_OUTER_BOUND('',#734,.T.);
#481=FACE_OUTER_BOUND('',#735,.T.);
#482=FACE_OUTER_BOUND('',#736,.T.);
#483=FACE_OUTER_BOUND('',#737,.T.);
#484=FACE_OUTER_BOUND('',#738,.T.);
#485=FACE_OUTER_BOUND('',#739,.T.);
#486=FACE_OUTER_BOUND('',#740,.T.);
#487=FACE_OUTER_BOUND('',#741,.T.);
#488=FACE_OUTER_BOUND('',#742,.T.);
#489=FACE_OUTER_BOUND('',#743,.T.);
#490=FACE_OUTER_BOUND('',#744,.T.);
#491=FACE_OUTER_BOUND('',#745,.T.);
#492=FACE_OUTER_BOUND('',#746,.T.);
#493=FACE_OUTER_BOUND('',#749,.T.);
#494=FACE_OUTER_BOUND('',#750,.T.);
#495=FACE_OUTER_BOUND('',#751,.T.);
#496=FACE_OUTER_BOUND('',#752,.T.);
#497=FACE_OUTER_BOUND('',#753,.T.);
#498=FACE_OUTER_BOUND('',#754,.T.);
#499=FACE_OUTER_BOUND('',#755,.T.);
#500=FACE_OUTER_BOUND('',#756,.T.);
#501=FACE_OUTER_BOUND('',#757,.T.);
#502=FACE_OUTER_BOUND('',#758,.T.);
#503=FACE_OUTER_BOUND('',#759,.T.);
#504=FACE_OUTER_BOUND('',#760,.T.);
#505=FACE_OUTER_BOUND('',#761,.T.);
#506=FACE_OUTER_BOUND('',#762,.T.);
#507=FACE_OUTER_BOUND('',#763,.T.);
#508=FACE_OUTER_BOUND('',#764,.T.);
#509=FACE_OUTER_BOUND('',#765,.T.);
#510=FACE_OUTER_BOUND('',#766,.T.);
#511=FACE_OUTER_BOUND('',#767,.T.);
#512=FACE_OUTER_BOUND('',#768,.T.);
#513=FACE_OUTER_BOUND('',#769,.T.);
#514=FACE_OUTER_BOUND('',#770,.T.);
#515=FACE_OUTER_BOUND('',#771,.T.);
#516=FACE_OUTER_BOUND('',#772,.T.);
#517=FACE_OUTER_BOUND('',#773,.T.);
#518=FACE_OUTER_BOUND('',#774,.T.);
#519=FACE_OUTER_BOUND('',#775,.T.);
#520=FACE_OUTER_BOUND('',#776,.T.);
#521=FACE_OUTER_BOUND('',#777,.T.);
#522=FACE_OUTER_BOUND('',#778,.T.);
#523=FACE_OUTER_BOUND('',#779,.T.);
#524=FACE_OUTER_BOUND('',#780,.T.);
#525=FACE_OUTER_BOUND('',#781,.T.);
#526=FACE_OUTER_BOUND('',#782,.T.);
#527=FACE_OUTER_BOUND('',#783,.T.);
#528=FACE_OUTER_BOUND('',#784,.T.);
#529=FACE_OUTER_BOUND('',#785,.T.);
#530=FACE_OUTER_BOUND('',#786,.T.);
#531=FACE_OUTER_BOUND('',#787,.T.);
#532=FACE_OUTER_BOUND('',#788,.T.);
#533=FACE_OUTER_BOUND('',#789,.T.);
#534=FACE_OUTER_BOUND('',#790,.T.);
#535=FACE_OUTER_BOUND('',#791,.T.);
#536=FACE_OUTER_BOUND('',#792,.T.);
#537=FACE_OUTER_BOUND('',#793,.T.);
#538=FACE_OUTER_BOUND('',#794,.T.);
#539=FACE_OUTER_BOUND('',#795,.T.);
#540=FACE_OUTER_BOUND('',#796,.T.);
#541=FACE_OUTER_BOUND('',#797,.T.);
#542=FACE_OUTER_BOUND('',#798,.T.);
#543=FACE_OUTER_BOUND('',#799,.T.);
#544=FACE_OUTER_BOUND('',#800,.T.);
#545=FACE_OUTER_BOUND('',#801,.T.);
#546=FACE_OUTER_BOUND('',#802,.T.);
#547=FACE_OUTER_BOUND('',#803,.T.);
#548=FACE_OUTER_BOUND('',#804,.T.);
#549=FACE_OUTER_BOUND('',#805,.T.);
#550=FACE_OUTER_BOUND('',#806,.T.);
#551=FACE_OUTER_BOUND('',#807,.T.);
#552=FACE_OUTER_BOUND('',#808,.T.);
#553=FACE_OUTER_BOUND('',#809,.T.);
#554=FACE_OUTER_BOUND('',#810,.T.);
#555=FACE_OUTER_BOUND('',#811,.T.);
#556=FACE_OUTER_BOUND('',#812,.T.);
#557=FACE_OUTER_BOUND('',#813,.T.);
#558=FACE_OUTER_BOUND('',#814,.T.);
#559=FACE_OUTER_BOUND('',#815,.T.);
#560=FACE_OUTER_BOUND('',#816,.T.);
#561=FACE_OUTER_BOUND('',#817,.T.);
#562=FACE_OUTER_BOUND('',#818,.T.);
#563=FACE_OUTER_BOUND('',#819,.T.);
#564=FACE_OUTER_BOUND('',#820,.T.);
#565=FACE_OUTER_BOUND('',#821,.T.);
#566=FACE_OUTER_BOUND('',#822,.T.);
#567=FACE_OUTER_BOUND('',#823,.T.);
#568=FACE_OUTER_BOUND('',#824,.T.);
#569=FACE_OUTER_BOUND('',#825,.T.);
#570=FACE_OUTER_BOUND('',#826,.T.);
#571=FACE_OUTER_BOUND('',#827,.T.);
#572=FACE_OUTER_BOUND('',#828,.T.);
#573=FACE_OUTER_BOUND('',#829,.T.);
#574=FACE_OUTER_BOUND('',#830,.T.);
#575=FACE_OUTER_BOUND('',#831,.T.);
#576=FACE_OUTER_BOUND('',#832,.T.);
#577=FACE_OUTER_BOUND('',#833,.T.);
#578=FACE_OUTER_BOUND('',#834,.T.);
#579=FACE_OUTER_BOUND('',#835,.T.);
#580=FACE_OUTER_BOUND('',#836,.T.);
#581=FACE_OUTER_BOUND('',#837,.T.);
#582=FACE_OUTER_BOUND('',#838,.T.);
#583=FACE_OUTER_BOUND('',#839,.T.);
#584=FACE_OUTER_BOUND('',#840,.T.);
#585=FACE_OUTER_BOUND('',#841,.T.);
#586=FACE_OUTER_BOUND('',#842,.T.);
#587=FACE_OUTER_BOUND('',#843,.T.);
#588=FACE_OUTER_BOUND('',#844,.T.);
#589=FACE_OUTER_BOUND('',#845,.T.);
#590=FACE_OUTER_BOUND('',#846,.T.);
#591=FACE_OUTER_BOUND('',#847,.T.);
#592=FACE_OUTER_BOUND('',#848,.T.);
#593=FACE_OUTER_BOUND('',#849,.T.);
#594=FACE_OUTER_BOUND('',#850,.T.);
#595=FACE_OUTER_BOUND('',#851,.T.);
#596=FACE_OUTER_BOUND('',#852,.T.);
#597=FACE_OUTER_BOUND('',#853,.T.);
#598=FACE_OUTER_BOUND('',#854,.T.);
#599=FACE_OUTER_BOUND('',#855,.T.);
#600=FACE_OUTER_BOUND('',#856,.T.);
#601=FACE_OUTER_BOUND('',#857,.T.);
#602=FACE_OUTER_BOUND('',#858,.T.);
#603=FACE_OUTER_BOUND('',#859,.T.);
#604=FACE_OUTER_BOUND('',#860,.T.);
#605=FACE_OUTER_BOUND('',#861,.T.);
#606=FACE_OUTER_BOUND('',#862,.T.);
#607=FACE_OUTER_BOUND('',#863,.T.);
#608=FACE_OUTER_BOUND('',#864,.T.);
#609=FACE_OUTER_BOUND('',#865,.T.);
#610=FACE_OUTER_BOUND('',#866,.T.);
#611=FACE_OUTER_BOUND('',#867,.T.);
#612=FACE_OUTER_BOUND('',#868,.T.);
#613=FACE_OUTER_BOUND('',#869,.T.);
#614=FACE_OUTER_BOUND('',#870,.T.);
#615=FACE_OUTER_BOUND('',#871,.T.);
#616=FACE_OUTER_BOUND('',#872,.T.);
#617=FACE_OUTER_BOUND('',#873,.T.);
#618=FACE_OUTER_BOUND('',#874,.T.);
#619=FACE_OUTER_BOUND('',#875,.T.);
#620=FACE_OUTER_BOUND('',#876,.T.);
#621=FACE_OUTER_BOUND('',#877,.T.);
#622=FACE_OUTER_BOUND('',#878,.T.);
#623=FACE_OUTER_BOUND('',#879,.T.);
#624=FACE_OUTER_BOUND('',#880,.T.);
#625=FACE_OUTER_BOUND('',#881,.T.);
#626=FACE_OUTER_BOUND('',#882,.T.);
#627=FACE_OUTER_BOUND('',#883,.T.);
#628=FACE_OUTER_BOUND('',#884,.T.);
#629=FACE_OUTER_BOUND('',#885,.T.);
#630=FACE_OUTER_BOUND('',#886,.T.);
#631=FACE_OUTER_BOUND('',#891,.T.);
#632=FACE_OUTER_BOUND('',#892,.T.);
#633=FACE_OUTER_BOUND('',#946,.T.);
#634=FACE_OUTER_BOUND('',#947,.T.);
#635=FACE_OUTER_BOUND('',#948,.T.);
#636=FACE_OUTER_BOUND('',#953,.T.);
#637=FACE_OUTER_BOUND('',#954,.T.);
#638=FACE_OUTER_BOUND('',#1008,.T.);
#639=FACE_OUTER_BOUND('',#1009,.T.);
#640=FACE_OUTER_BOUND('',#1010,.T.);
#641=FACE_OUTER_BOUND('',#1011,.T.);
#642=FACE_OUTER_BOUND('',#1012,.T.);
#643=FACE_OUTER_BOUND('',#1066,.T.);
#644=FACE_OUTER_BOUND('',#1067,.T.);
#645=FACE_OUTER_BOUND('',#1068,.T.);
#646=FACE_OUTER_BOUND('',#1069,.T.);
#647=FACE_OUTER_BOUND('',#1123,.T.);
#648=FACE_OUTER_BOUND('',#1124,.T.);
#649=FACE_OUTER_BOUND('',#1125,.T.);
#650=FACE_OUTER_BOUND('',#1126,.T.);
#651=FACE_OUTER_BOUND('',#1127,.T.);
#652=FACE_OUTER_BOUND('',#1128,.T.);
#653=FACE_OUTER_BOUND('',#1129,.T.);
#654=FACE_OUTER_BOUND('',#1130,.T.);
#655=FACE_OUTER_BOUND('',#1131,.T.);
#656=FACE_OUTER_BOUND('',#1132,.T.);
#657=FACE_OUTER_BOUND('',#1133,.T.);
#658=FACE_OUTER_BOUND('',#1134,.T.);
#659=FACE_OUTER_BOUND('',#1135,.T.);
#660=FACE_OUTER_BOUND('',#1136,.T.);
#661=FACE_OUTER_BOUND('',#1137,.T.);
#662=FACE_OUTER_BOUND('',#1139,.T.);
#663=FACE_OUTER_BOUND('',#1141,.T.);
#664=FACE_OUTER_BOUND('',#1142,.T.);
#665=FACE_OUTER_BOUND('',#1143,.T.);
#666=FACE_OUTER_BOUND('',#1145,.T.);
#667=FACE_OUTER_BOUND('',#1147,.T.);
#668=FACE_OUTER_BOUND('',#1148,.T.);
#669=FACE_OUTER_BOUND('',#1150,.T.);
#670=FACE_OUTER_BOUND('',#1151,.T.);
#671=FACE_OUTER_BOUND('',#1152,.T.);
#672=FACE_OUTER_BOUND('',#1154,.T.);
#673=FACE_OUTER_BOUND('',#1156,.T.);
#674=FACE_OUTER_BOUND('',#1157,.T.);
#675=FACE_OUTER_BOUND('',#1158,.T.);
#676=FACE_OUTER_BOUND('',#1159,.T.);
#677=FACE_OUTER_BOUND('',#1160,.T.);
#678=FACE_OUTER_BOUND('',#1161,.T.);
#679=FACE_OUTER_BOUND('',#1163,.T.);
#680=FACE_OUTER_BOUND('',#1165,.T.);
#681=FACE_OUTER_BOUND('',#1166,.T.);
#682=FACE_OUTER_BOUND('',#1167,.T.);
#683=FACE_OUTER_BOUND('',#1168,.T.);
#684=FACE_OUTER_BOUND('',#1169,.T.);
#685=FACE_OUTER_BOUND('',#1170,.T.);
#686=FACE_OUTER_BOUND('',#1171,.T.);
#687=FACE_OUTER_BOUND('',#1172,.T.);
#688=FACE_OUTER_BOUND('',#1173,.T.);
#689=FACE_OUTER_BOUND('',#1174,.T.);
#690=FACE_OUTER_BOUND('',#1175,.T.);
#691=FACE_OUTER_BOUND('',#1176,.T.);
#692=FACE_OUTER_BOUND('',#1177,.T.);
#693=EDGE_LOOP('',(#3268,#3269,#3270,#3271));
#694=EDGE_LOOP('',(#3272,#3273,#3274,#3275));
#695=EDGE_LOOP('',(#3276,#3277,#3278,#3279));
#696=EDGE_LOOP('',(#3280,#3281,#3282,#3283,#3284,#3285,#3286,#3287,#3288,
#3289));
#697=EDGE_LOOP('',(#3290));
#698=EDGE_LOOP('',(#3291));
#699=EDGE_LOOP('',(#3292,#3293,#3294,#3295));
#700=EDGE_LOOP('',(#3296,#3297,#3298,#3299));
#701=EDGE_LOOP('',(#3300,#3301,#3302,#3303));
#702=EDGE_LOOP('',(#3304,#3305,#3306,#3307,#3308,#3309));
#703=EDGE_LOOP('',(#3310,#3311,#3312,#3313));
#704=EDGE_LOOP('',(#3314,#3315,#3316,#3317));
#705=EDGE_LOOP('',(#3318,#3319,#3320,#3321,#3322,#3323));
#706=EDGE_LOOP('',(#3324,#3325,#3326,#3327,#3328,#3329));
#707=EDGE_LOOP('',(#3330,#3331,#3332,#3333,#3334,#3335));
#708=EDGE_LOOP('',(#3336,#3337,#3338,#3339));
#709=EDGE_LOOP('',(#3340,#3341,#3342,#3343,#3344,#3345,#3346,#3347,#3348,
#3349));
#710=EDGE_LOOP('',(#3350,#3351,#3352,#3353,#3354));
#711=EDGE_LOOP('',(#3355,#3356,#3357,#3358,#3359));
#712=EDGE_LOOP('',(#3360,#3361,#3362,#3363,#3364));
#713=EDGE_LOOP('',(#3365,#3366,#3367,#3368));
#714=EDGE_LOOP('',(#3369,#3370,#3371,#3372));
#715=EDGE_LOOP('',(#3373,#3374,#3375,#3376));
#716=EDGE_LOOP('',(#3377,#3378,#3379,#3380));
#717=EDGE_LOOP('',(#3381,#3382,#3383,#3384,#3385,#3386,#3387,#3388,#3389,
#3390));
#718=EDGE_LOOP('',(#3391));
#719=EDGE_LOOP('',(#3392));
#720=EDGE_LOOP('',(#3393,#3394,#3395,#3396));
#721=EDGE_LOOP('',(#3397,#3398,#3399,#3400));
#722=EDGE_LOOP('',(#3401,#3402,#3403,#3404,#3405,#3406,#3407,#3408,#3409,
#3410));
#723=EDGE_LOOP('',(#3411));
#724=EDGE_LOOP('',(#3412));
#725=EDGE_LOOP('',(#3413,#3414,#3415,#3416));
#726=EDGE_LOOP('',(#3417,#3418,#3419,#3420));
#727=EDGE_LOOP('',(#3421,#3422,#3423,#3424));
#728=EDGE_LOOP('',(#3425,#3426,#3427,#3428,#3429,#3430));
#729=EDGE_LOOP('',(#3431,#3432,#3433,#3434,#3435,#3436));
#730=EDGE_LOOP('',(#3437,#3438,#3439,#3440));
#731=EDGE_LOOP('',(#3441,#3442,#3443,#3444,#3445,#3446));
#732=EDGE_LOOP('',(#3447,#3448,#3449,#3450,#3451,#3452));
#733=EDGE_LOOP('',(#3453,#3454,#3455,#3456,#3457));
#734=EDGE_LOOP('',(#3458,#3459,#3460,#3461,#3462,#3463,#3464,#3465,#3466,
#3467));
#735=EDGE_LOOP('',(#3468,#3469,#3470,#3471,#3472));
#736=EDGE_LOOP('',(#3473,#3474,#3475,#3476,#3477));
#737=EDGE_LOOP('',(#3478,#3479,#3480,#3481));
#738=EDGE_LOOP('',(#3482,#3483,#3484,#3485));
#739=EDGE_LOOP('',(#3486,#3487,#3488,#3489));
#740=EDGE_LOOP('',(#3490,#3491,#3492,#3493,#3494));
#741=EDGE_LOOP('',(#3495,#3496,#3497,#3498,#3499));
#742=EDGE_LOOP('',(#3500,#3501,#3502,#3503));
#743=EDGE_LOOP('',(#3504,#3505,#3506,#3507));
#744=EDGE_LOOP('',(#3508,#3509,#3510,#3511));
#745=EDGE_LOOP('',(#3512,#3513,#3514,#3515));
#746=EDGE_LOOP('',(#3516,#3517,#3518,#3519,#3520,#3521,#3522,#3523,#3524,
#3525));
#747=EDGE_LOOP('',(#3526));
#748=EDGE_LOOP('',(#3527));
#749=EDGE_LOOP('',(#3528,#3529,#3530,#3531));
#750=EDGE_LOOP('',(#3532,#3533,#3534,#3535));
#751=EDGE_LOOP('',(#3536,#3537,#3538,#3539));
#752=EDGE_LOOP('',(#3540,#3541,#3542,#3543,#3544,#3545,#3546,#3547,#3548,
#3549));
#753=EDGE_LOOP('',(#3550,#3551,#3552,#3553));
#754=EDGE_LOOP('',(#3554,#3555,#3556,#3557));
#755=EDGE_LOOP('',(#3558,#3559,#3560,#3561));
#756=EDGE_LOOP('',(#3562,#3563,#3564,#3565));
#757=EDGE_LOOP('',(#3566,#3567,#3568,#3569,#3570,#3571,#3572,#3573,#3574,
#3575));
#758=EDGE_LOOP('',(#3576,#3577,#3578,#3579));
#759=EDGE_LOOP('',(#3580,#3581,#3582,#3583));
#760=EDGE_LOOP('',(#3584,#3585,#3586,#3587));
#761=EDGE_LOOP('',(#3588,#3589,#3590,#3591));
#762=EDGE_LOOP('',(#3592,#3593,#3594,#3595));
#763=EDGE_LOOP('',(#3596,#3597,#3598,#3599));
#764=EDGE_LOOP('',(#3600,#3601,#3602,#3603));
#765=EDGE_LOOP('',(#3604,#3605,#3606,#3607));
#766=EDGE_LOOP('',(#3608,#3609,#3610,#3611));
#767=EDGE_LOOP('',(#3612,#3613,#3614,#3615));
#768=EDGE_LOOP('',(#3616,#3617,#3618,#3619));
#769=EDGE_LOOP('',(#3620,#3621,#3622,#3623));
#770=EDGE_LOOP('',(#3624,#3625,#3626,#3627));
#771=EDGE_LOOP('',(#3628,#3629,#3630,#3631));
#772=EDGE_LOOP('',(#3632,#3633,#3634,#3635));
#773=EDGE_LOOP('',(#3636,#3637,#3638,#3639));
#774=EDGE_LOOP('',(#3640,#3641,#3642,#3643));
#775=EDGE_LOOP('',(#3644,#3645,#3646,#3647));
#776=EDGE_LOOP('',(#3648,#3649,#3650,#3651));
#777=EDGE_LOOP('',(#3652,#3653,#3654,#3655));
#778=EDGE_LOOP('',(#3656,#3657,#3658,#3659));
#779=EDGE_LOOP('',(#3660,#3661,#3662,#3663));
#780=EDGE_LOOP('',(#3664,#3665,#3666,#3667));
#781=EDGE_LOOP('',(#3668,#3669,#3670,#3671));
#782=EDGE_LOOP('',(#3672,#3673,#3674,#3675));
#783=EDGE_LOOP('',(#3676,#3677,#3678,#3679));
#784=EDGE_LOOP('',(#3680,#3681,#3682,#3683));
#785=EDGE_LOOP('',(#3684,#3685,#3686,#3687));
#786=EDGE_LOOP('',(#3688,#3689,#3690,#3691));
#787=EDGE_LOOP('',(#3692,#3693,#3694,#3695));
#788=EDGE_LOOP('',(#3696,#3697,#3698,#3699));
#789=EDGE_LOOP('',(#3700,#3701,#3702,#3703));
#790=EDGE_LOOP('',(#3704,#3705,#3706,#3707));
#791=EDGE_LOOP('',(#3708,#3709,#3710,#3711));
#792=EDGE_LOOP('',(#3712,#3713,#3714,#3715));
#793=EDGE_LOOP('',(#3716,#3717,#3718,#3719));
#794=EDGE_LOOP('',(#3720,#3721,#3722,#3723));
#795=EDGE_LOOP('',(#3724,#3725,#3726,#3727));
#796=EDGE_LOOP('',(#3728,#3729,#3730,#3731));
#797=EDGE_LOOP('',(#3732,#3733,#3734,#3735));
#798=EDGE_LOOP('',(#3736,#3737,#3738,#3739));
#799=EDGE_LOOP('',(#3740,#3741,#3742,#3743));
#800=EDGE_LOOP('',(#3744,#3745,#3746,#3747));
#801=EDGE_LOOP('',(#3748,#3749,#3750,#3751));
#802=EDGE_LOOP('',(#3752,#3753,#3754,#3755));
#803=EDGE_LOOP('',(#3756,#3757,#3758,#3759));
#804=EDGE_LOOP('',(#3760,#3761,#3762,#3763));
#805=EDGE_LOOP('',(#3764,#3765,#3766,#3767));
#806=EDGE_LOOP('',(#3768,#3769,#3770,#3771));
#807=EDGE_LOOP('',(#3772,#3773,#3774,#3775));
#808=EDGE_LOOP('',(#3776,#3777,#3778,#3779));
#809=EDGE_LOOP('',(#3780,#3781,#3782,#3783));
#810=EDGE_LOOP('',(#3784,#3785,#3786,#3787));
#811=EDGE_LOOP('',(#3788,#3789,#3790,#3791));
#812=EDGE_LOOP('',(#3792,#3793,#3794,#3795));
#813=EDGE_LOOP('',(#3796,#3797,#3798,#3799));
#814=EDGE_LOOP('',(#3800,#3801,#3802,#3803));
#815=EDGE_LOOP('',(#3804,#3805,#3806,#3807));
#816=EDGE_LOOP('',(#3808,#3809,#3810,#3811));
#817=EDGE_LOOP('',(#3812,#3813,#3814,#3815));
#818=EDGE_LOOP('',(#3816,#3817,#3818,#3819));
#819=EDGE_LOOP('',(#3820,#3821,#3822,#3823));
#820=EDGE_LOOP('',(#3824,#3825,#3826,#3827));
#821=EDGE_LOOP('',(#3828,#3829,#3830,#3831));
#822=EDGE_LOOP('',(#3832,#3833,#3834,#3835));
#823=EDGE_LOOP('',(#3836,#3837,#3838,#3839));
#824=EDGE_LOOP('',(#3840,#3841,#3842,#3843));
#825=EDGE_LOOP('',(#3844,#3845,#3846,#3847));
#826=EDGE_LOOP('',(#3848,#3849,#3850,#3851));
#827=EDGE_LOOP('',(#3852,#3853,#3854,#3855));
#828=EDGE_LOOP('',(#3856,#3857,#3858,#3859));
#829=EDGE_LOOP('',(#3860,#3861,#3862,#3863));
#830=EDGE_LOOP('',(#3864,#3865,#3866,#3867));
#831=EDGE_LOOP('',(#3868,#3869,#3870,#3871));
#832=EDGE_LOOP('',(#3872,#3873,#3874,#3875));
#833=EDGE_LOOP('',(#3876,#3877,#3878,#3879));
#834=EDGE_LOOP('',(#3880,#3881,#3882,#3883));
#835=EDGE_LOOP('',(#3884,#3885,#3886,#3887));
#836=EDGE_LOOP('',(#3888,#3889,#3890,#3891));
#837=EDGE_LOOP('',(#3892,#3893,#3894,#3895));
#838=EDGE_LOOP('',(#3896,#3897,#3898,#3899));
#839=EDGE_LOOP('',(#3900,#3901,#3902,#3903));
#840=EDGE_LOOP('',(#3904,#3905,#3906,#3907));
#841=EDGE_LOOP('',(#3908,#3909,#3910,#3911));
#842=EDGE_LOOP('',(#3912,#3913,#3914,#3915));
#843=EDGE_LOOP('',(#3916,#3917,#3918,#3919));
#844=EDGE_LOOP('',(#3920,#3921,#3922,#3923));
#845=EDGE_LOOP('',(#3924,#3925,#3926,#3927));
#846=EDGE_LOOP('',(#3928,#3929,#3930,#3931));
#847=EDGE_LOOP('',(#3932,#3933,#3934,#3935));
#848=EDGE_LOOP('',(#3936,#3937,#3938,#3939));
#849=EDGE_LOOP('',(#3940,#3941,#3942,#3943));
#850=EDGE_LOOP('',(#3944,#3945,#3946,#3947));
#851=EDGE_LOOP('',(#3948,#3949,#3950,#3951));
#852=EDGE_LOOP('',(#3952,#3953,#3954,#3955));
#853=EDGE_LOOP('',(#3956,#3957,#3958,#3959));
#854=EDGE_LOOP('',(#3960,#3961,#3962,#3963));
#855=EDGE_LOOP('',(#3964,#3965,#3966,#3967));
#856=EDGE_LOOP('',(#3968,#3969,#3970,#3971));
#857=EDGE_LOOP('',(#3972,#3973,#3974,#3975));
#858=EDGE_LOOP('',(#3976,#3977,#3978,#3979));
#859=EDGE_LOOP('',(#3980,#3981,#3982,#3983));
#860=EDGE_LOOP('',(#3984,#3985,#3986,#3987));
#861=EDGE_LOOP('',(#3988,#3989,#3990,#3991));
#862=EDGE_LOOP('',(#3992,#3993,#3994,#3995));
#863=EDGE_LOOP('',(#3996,#3997,#3998,#3999));
#864=EDGE_LOOP('',(#4000,#4001,#4002,#4003));
#865=EDGE_LOOP('',(#4004,#4005,#4006,#4007));
#866=EDGE_LOOP('',(#4008,#4009,#4010,#4011));
#867=EDGE_LOOP('',(#4012,#4013,#4014,#4015));
#868=EDGE_LOOP('',(#4016,#4017,#4018,#4019));
#869=EDGE_LOOP('',(#4020,#4021,#4022,#4023));
#870=EDGE_LOOP('',(#4024,#4025,#4026,#4027));
#871=EDGE_LOOP('',(#4028,#4029,#4030,#4031));
#872=EDGE_LOOP('',(#4032,#4033,#4034,#4035));
#873=EDGE_LOOP('',(#4036,#4037,#4038,#4039));
#874=EDGE_LOOP('',(#4040,#4041,#4042,#4043));
#875=EDGE_LOOP('',(#4044,#4045,#4046,#4047));
#876=EDGE_LOOP('',(#4048,#4049,#4050,#4051));
#877=EDGE_LOOP('',(#4052,#4053,#4054,#4055));
#878=EDGE_LOOP('',(#4056,#4057,#4058,#4059,#4060,#4061,#4062,#4063,#4064,
#4065,#4066,#4067));
#879=EDGE_LOOP('',(#4068,#4069,#4070,#4071,#4072,#4073,#4074,#4075,#4076,
#4077,#4078,#4079));
#880=EDGE_LOOP('',(#4080,#4081,#4082,#4083));
#881=EDGE_LOOP('',(#4084,#4085,#4086,#4087,#4088,#4089));
#882=EDGE_LOOP('',(#4090,#4091,#4092,#4093));
#883=EDGE_LOOP('',(#4094,#4095,#4096,#4097));
#884=EDGE_LOOP('',(#4098,#4099,#4100,#4101,#4102,#4103));
#885=EDGE_LOOP('',(#4104,#4105,#4106,#4107));
#886=EDGE_LOOP('',(#4108,#4109,#4110,#4111,#4112,#4113,#4114,#4115,#4116,
#4117,#4118,#4119));
#887=EDGE_LOOP('',(#4120));
#888=EDGE_LOOP('',(#4121));
#889=EDGE_LOOP('',(#4122));
#890=EDGE_LOOP('',(#4123));
#891=EDGE_LOOP('',(#4124,#4125,#4126,#4127,#4128,#4129));
#892=EDGE_LOOP('',(#4130,#4131,#4132,#4133,#4134,#4135));
#893=EDGE_LOOP('',(#4136));
#894=EDGE_LOOP('',(#4137));
#895=EDGE_LOOP('',(#4138));
#896=EDGE_LOOP('',(#4139));
#897=EDGE_LOOP('',(#4140));
#898=EDGE_LOOP('',(#4141));
#899=EDGE_LOOP('',(#4142));
#900=EDGE_LOOP('',(#4143));
#901=EDGE_LOOP('',(#4144));
#902=EDGE_LOOP('',(#4145));
#903=EDGE_LOOP('',(#4146));
#904=EDGE_LOOP('',(#4147));
#905=EDGE_LOOP('',(#4148));
#906=EDGE_LOOP('',(#4149));
#907=EDGE_LOOP('',(#4150));
#908=EDGE_LOOP('',(#4151));
#909=EDGE_LOOP('',(#4152));
#910=EDGE_LOOP('',(#4153));
#911=EDGE_LOOP('',(#4154));
#912=EDGE_LOOP('',(#4155));
#913=EDGE_LOOP('',(#4156));
#914=EDGE_LOOP('',(#4157));
#915=EDGE_LOOP('',(#4158));
#916=EDGE_LOOP('',(#4159));
#917=EDGE_LOOP('',(#4160));
#918=EDGE_LOOP('',(#4161));
#919=EDGE_LOOP('',(#4162));
#920=EDGE_LOOP('',(#4163));
#921=EDGE_LOOP('',(#4164));
#922=EDGE_LOOP('',(#4165));
#923=EDGE_LOOP('',(#4166));
#924=EDGE_LOOP('',(#4167));
#925=EDGE_LOOP('',(#4168));
#926=EDGE_LOOP('',(#4169));
#927=EDGE_LOOP('',(#4170));
#928=EDGE_LOOP('',(#4171));
#929=EDGE_LOOP('',(#4172));
#930=EDGE_LOOP('',(#4173));
#931=EDGE_LOOP('',(#4174));
#932=EDGE_LOOP('',(#4175));
#933=EDGE_LOOP('',(#4176));
#934=EDGE_LOOP('',(#4177));
#935=EDGE_LOOP('',(#4178));
#936=EDGE_LOOP('',(#4179));
#937=EDGE_LOOP('',(#4180));
#938=EDGE_LOOP('',(#4181));
#939=EDGE_LOOP('',(#4182));
#940=EDGE_LOOP('',(#4183));
#941=EDGE_LOOP('',(#4184));
#942=EDGE_LOOP('',(#4185));
#943=EDGE_LOOP('',(#4186));
#944=EDGE_LOOP('',(#4187));
#945=EDGE_LOOP('',(#4188));
#946=EDGE_LOOP('',(#4189,#4190,#4191,#4192));
#947=EDGE_LOOP('',(#4193,#4194,#4195,#4196));
#948=EDGE_LOOP('',(#4197,#4198,#4199,#4200));
#949=EDGE_LOOP('',(#4201));
#950=EDGE_LOOP('',(#4202));
#951=EDGE_LOOP('',(#4203));
#952=EDGE_LOOP('',(#4204));
#953=EDGE_LOOP('',(#4205,#4206,#4207,#4208));
#954=EDGE_LOOP('',(#4209,#4210,#4211,#4212,#4213,#4214));
#955=EDGE_LOOP('',(#4215));
#956=EDGE_LOOP('',(#4216));
#957=EDGE_LOOP('',(#4217));
#958=EDGE_LOOP('',(#4218));
#959=EDGE_LOOP('',(#4219));
#960=EDGE_LOOP('',(#4220));
#961=EDGE_LOOP('',(#4221));
#962=EDGE_LOOP('',(#4222));
#963=EDGE_LOOP('',(#4223));
#964=EDGE_LOOP('',(#4224));
#965=EDGE_LOOP('',(#4225));
#966=EDGE_LOOP('',(#4226));
#967=EDGE_LOOP('',(#4227));
#968=EDGE_LOOP('',(#4228));
#969=EDGE_LOOP('',(#4229));
#970=EDGE_LOOP('',(#4230));
#971=EDGE_LOOP('',(#4231));
#972=EDGE_LOOP('',(#4232));
#973=EDGE_LOOP('',(#4233));
#974=EDGE_LOOP('',(#4234));
#975=EDGE_LOOP('',(#4235));
#976=EDGE_LOOP('',(#4236));
#977=EDGE_LOOP('',(#4237));
#978=EDGE_LOOP('',(#4238));
#979=EDGE_LOOP('',(#4239));
#980=EDGE_LOOP('',(#4240));
#981=EDGE_LOOP('',(#4241));
#982=EDGE_LOOP('',(#4242));
#983=EDGE_LOOP('',(#4243));
#984=EDGE_LOOP('',(#4244));
#985=EDGE_LOOP('',(#4245));
#986=EDGE_LOOP('',(#4246));
#987=EDGE_LOOP('',(#4247));
#988=EDGE_LOOP('',(#4248));
#989=EDGE_LOOP('',(#4249));
#990=EDGE_LOOP('',(#4250));
#991=EDGE_LOOP('',(#4251));
#992=EDGE_LOOP('',(#4252));
#993=EDGE_LOOP('',(#4253));
#994=EDGE_LOOP('',(#4254));
#995=EDGE_LOOP('',(#4255));
#996=EDGE_LOOP('',(#4256));
#997=EDGE_LOOP('',(#4257));
#998=EDGE_LOOP('',(#4258));
#999=EDGE_LOOP('',(#4259));
#1000=EDGE_LOOP('',(#4260));
#1001=EDGE_LOOP('',(#4261));
#1002=EDGE_LOOP('',(#4262));
#1003=EDGE_LOOP('',(#4263));
#1004=EDGE_LOOP('',(#4264));
#1005=EDGE_LOOP('',(#4265));
#1006=EDGE_LOOP('',(#4266));
#1007=EDGE_LOOP('',(#4267));
#1008=EDGE_LOOP('',(#4268,#4269,#4270,#4271,#4272,#4273));
#1009=EDGE_LOOP('',(#4274,#4275,#4276,#4277));
#1010=EDGE_LOOP('',(#4278,#4279,#4280,#4281,#4282,#4283));
#1011=EDGE_LOOP('',(#4284,#4285,#4286,#4287));
#1012=EDGE_LOOP('',(#4288,#4289,#4290,#4291,#4292,#4293));
#1013=EDGE_LOOP('',(#4294));
#1014=EDGE_LOOP('',(#4295));
#1015=EDGE_LOOP('',(#4296));
#1016=EDGE_LOOP('',(#4297));
#1017=EDGE_LOOP('',(#4298));
#1018=EDGE_LOOP('',(#4299));
#1019=EDGE_LOOP('',(#4300));
#1020=EDGE_LOOP('',(#4301));
#1021=EDGE_LOOP('',(#4302));
#1022=EDGE_LOOP('',(#4303));
#1023=EDGE_LOOP('',(#4304));
#1024=EDGE_LOOP('',(#4305));
#1025=EDGE_LOOP('',(#4306));
#1026=EDGE_LOOP('',(#4307));
#1027=EDGE_LOOP('',(#4308));
#1028=EDGE_LOOP('',(#4309));
#1029=EDGE_LOOP('',(#4310));
#1030=EDGE_LOOP('',(#4311));
#1031=EDGE_LOOP('',(#4312));
#1032=EDGE_LOOP('',(#4313));
#1033=EDGE_LOOP('',(#4314));
#1034=EDGE_LOOP('',(#4315));
#1035=EDGE_LOOP('',(#4316));
#1036=EDGE_LOOP('',(#4317));
#1037=EDGE_LOOP('',(#4318));
#1038=EDGE_LOOP('',(#4319));
#1039=EDGE_LOOP('',(#4320));
#1040=EDGE_LOOP('',(#4321));
#1041=EDGE_LOOP('',(#4322));
#1042=EDGE_LOOP('',(#4323));
#1043=EDGE_LOOP('',(#4324));
#1044=EDGE_LOOP('',(#4325));
#1045=EDGE_LOOP('',(#4326));
#1046=EDGE_LOOP('',(#4327));
#1047=EDGE_LOOP('',(#4328));
#1048=EDGE_LOOP('',(#4329));
#1049=EDGE_LOOP('',(#4330));
#1050=EDGE_LOOP('',(#4331));
#1051=EDGE_LOOP('',(#4332));
#1052=EDGE_LOOP('',(#4333));
#1053=EDGE_LOOP('',(#4334));
#1054=EDGE_LOOP('',(#4335));
#1055=EDGE_LOOP('',(#4336));
#1056=EDGE_LOOP('',(#4337));
#1057=EDGE_LOOP('',(#4338));
#1058=EDGE_LOOP('',(#4339));
#1059=EDGE_LOOP('',(#4340));
#1060=EDGE_LOOP('',(#4341));
#1061=EDGE_LOOP('',(#4342));
#1062=EDGE_LOOP('',(#4343));
#1063=EDGE_LOOP('',(#4344));
#1064=EDGE_LOOP('',(#4345));
#1065=EDGE_LOOP('',(#4346));
#1066=EDGE_LOOP('',(#4347,#4348,#4349,#4350));
#1067=EDGE_LOOP('',(#4351,#4352,#4353,#4354));
#1068=EDGE_LOOP('',(#4355,#4356,#4357,#4358));
#1069=EDGE_LOOP('',(#4359,#4360,#4361,#4362,#4363,#4364));
#1070=EDGE_LOOP('',(#4365));
#1071=EDGE_LOOP('',(#4366));
#1072=EDGE_LOOP('',(#4367));
#1073=EDGE_LOOP('',(#4368));
#1074=EDGE_LOOP('',(#4369));
#1075=EDGE_LOOP('',(#4370));
#1076=EDGE_LOOP('',(#4371));
#1077=EDGE_LOOP('',(#4372));
#1078=EDGE_LOOP('',(#4373));
#1079=EDGE_LOOP('',(#4374));
#1080=EDGE_LOOP('',(#4375));
#1081=EDGE_LOOP('',(#4376));
#1082=EDGE_LOOP('',(#4377));
#1083=EDGE_LOOP('',(#4378));
#1084=EDGE_LOOP('',(#4379));
#1085=EDGE_LOOP('',(#4380));
#1086=EDGE_LOOP('',(#4381));
#1087=EDGE_LOOP('',(#4382));
#1088=EDGE_LOOP('',(#4383));
#1089=EDGE_LOOP('',(#4384));
#1090=EDGE_LOOP('',(#4385));
#1091=EDGE_LOOP('',(#4386));
#1092=EDGE_LOOP('',(#4387));
#1093=EDGE_LOOP('',(#4388));
#1094=EDGE_LOOP('',(#4389));
#1095=EDGE_LOOP('',(#4390));
#1096=EDGE_LOOP('',(#4391));
#1097=EDGE_LOOP('',(#4392));
#1098=EDGE_LOOP('',(#4393));
#1099=EDGE_LOOP('',(#4394));
#1100=EDGE_LOOP('',(#4395));
#1101=EDGE_LOOP('',(#4396));
#1102=EDGE_LOOP('',(#4397));
#1103=EDGE_LOOP('',(#4398));
#1104=EDGE_LOOP('',(#4399));
#1105=EDGE_LOOP('',(#4400));
#1106=EDGE_LOOP('',(#4401));
#1107=EDGE_LOOP('',(#4402));
#1108=EDGE_LOOP('',(#4403));
#1109=EDGE_LOOP('',(#4404));
#1110=EDGE_LOOP('',(#4405));
#1111=EDGE_LOOP('',(#4406));
#1112=EDGE_LOOP('',(#4407));
#1113=EDGE_LOOP('',(#4408));
#1114=EDGE_LOOP('',(#4409));
#1115=EDGE_LOOP('',(#4410));
#1116=EDGE_LOOP('',(#4411));
#1117=EDGE_LOOP('',(#4412));
#1118=EDGE_LOOP('',(#4413));
#1119=EDGE_LOOP('',(#4414));
#1120=EDGE_LOOP('',(#4415));
#1121=EDGE_LOOP('',(#4416));
#1122=EDGE_LOOP('',(#4417));
#1123=EDGE_LOOP('',(#4418,#4419,#4420,#4421,#4422,#4423));
#1124=EDGE_LOOP('',(#4424,#4425,#4426,#4427));
#1125=EDGE_LOOP('',(#4428,#4429,#4430,#4431));
#1126=EDGE_LOOP('',(#4432,#4433,#4434,#4435));
#1127=EDGE_LOOP('',(#4436,#4437,#4438,#4439,#4440,#4441));
#1128=EDGE_LOOP('',(#4442,#4443,#4444,#4445));
#1129=EDGE_LOOP('',(#4446,#4447,#4448,#4449));
#1130=EDGE_LOOP('',(#4450,#4451,#4452,#4453));
#1131=EDGE_LOOP('',(#4454,#4455,#4456,#4457));
#1132=EDGE_LOOP('',(#4458,#4459,#4460,#4461));
#1133=EDGE_LOOP('',(#4462,#4463,#4464,#4465));
#1134=EDGE_LOOP('',(#4466,#4467,#4468,#4469,#4470,#4471));
#1135=EDGE_LOOP('',(#4472,#4473,#4474,#4475));
#1136=EDGE_LOOP('',(#4476,#4477,#4478,#4479));
#1137=EDGE_LOOP('',(#4480));
#1138=EDGE_LOOP('',(#4481));
#1139=EDGE_LOOP('',(#4482));
#1140=EDGE_LOOP('',(#4483));
#1141=EDGE_LOOP('',(#4484,#4485,#4486,#4487));
#1142=EDGE_LOOP('',(#4488,#4489,#4490,#4491));
#1143=EDGE_LOOP('',(#4492));
#1144=EDGE_LOOP('',(#4493));
#1145=EDGE_LOOP('',(#4494));
#1146=EDGE_LOOP('',(#4495));
#1147=EDGE_LOOP('',(#4496,#4497,#4498,#4499));
#1148=EDGE_LOOP('',(#4500));
#1149=EDGE_LOOP('',(#4501));
#1150=EDGE_LOOP('',(#4502,#4503,#4504,#4505));
#1151=EDGE_LOOP('',(#4506,#4507,#4508,#4509));
#1152=EDGE_LOOP('',(#4510));
#1153=EDGE_LOOP('',(#4511));
#1154=EDGE_LOOP('',(#4512));
#1155=EDGE_LOOP('',(#4513));
#1156=EDGE_LOOP('',(#4514,#4515,#4516,#4517));
#1157=EDGE_LOOP('',(#4518,#4519,#4520,#4521,#4522));
#1158=EDGE_LOOP('',(#4523,#4524,#4525,#4526,#4527));
#1159=EDGE_LOOP('',(#4528,#4529,#4530,#4531));
#1160=EDGE_LOOP('',(#4532));
#1161=EDGE_LOOP('',(#4533));
#1162=EDGE_LOOP('',(#4534));
#1163=EDGE_LOOP('',(#4535));
#1164=EDGE_LOOP('',(#4536,#4537,#4538,#4539,#4540,#4541,#4542,#4543,#4544,
#4545,#4546,#4547));
#1165=EDGE_LOOP('',(#4548,#4549,#4550,#4551));
#1166=EDGE_LOOP('',(#4552,#4553,#4554,#4555));
#1167=EDGE_LOOP('',(#4556,#4557,#4558,#4559));
#1168=EDGE_LOOP('',(#4560,#4561,#4562,#4563));
#1169=EDGE_LOOP('',(#4564,#4565,#4566,#4567));
#1170=EDGE_LOOP('',(#4568,#4569,#4570,#4571));
#1171=EDGE_LOOP('',(#4572,#4573,#4574,#4575));
#1172=EDGE_LOOP('',(#4576,#4577,#4578,#4579));
#1173=EDGE_LOOP('',(#4580,#4581,#4582,#4583));
#1174=EDGE_LOOP('',(#4584,#4585,#4586,#4587));
#1175=EDGE_LOOP('',(#4588,#4589,#4590,#4591));
#1176=EDGE_LOOP('',(#4592,#4593,#4594,#4595));
#1177=EDGE_LOOP('',(#4596,#4597,#4598,#4599,#4600,#4601,#4602,#4603,#4604,
#4605,#4606,#4607));
#1178=LINE('',#7279,#1511);
#1179=LINE('',#7285,#1512);
#1180=LINE('',#7292,#1513);
#1181=LINE('',#7295,#1514);
#1182=LINE('',#7298,#1515);
#1183=LINE('',#7302,#1516);
#1184=LINE('',#7304,#1517);
#1185=LINE('',#7308,#1518);
#1186=LINE('',#7312,#1519);
#1187=LINE('',#7313,#1520);
#1188=LINE('',#7316,#1521);
#1189=LINE('',#7317,#1522);
#1190=LINE('',#7321,#1523);
#1191=LINE('',#7327,#1524);
#1192=LINE('',#7330,#1525);
#1193=LINE('',#7333,#1526);
#1194=LINE('',#7337,#1527);
#1195=LINE('',#7340,#1528);
#1196=LINE('',#7346,#1529);
#1197=LINE('',#7349,#1530);
#1198=LINE('',#7351,#1531);
#1199=LINE('',#7352,#1532);
#1200=LINE('',#7355,#1533);
#1201=LINE('',#7370,#1534);
#1202=LINE('',#7383,#1535);
#1203=LINE('',#7387,#1536);
#1204=LINE('',#7392,#1537);
#1205=LINE('',#7414,#1538);
#1206=LINE('',#7417,#1539);
#1207=LINE('',#7419,#1540);
#1208=LINE('',#7421,#1541);
#1209=LINE('',#7423,#1542);
#1210=LINE('',#7424,#1543);
#1211=LINE('',#7427,#1544);
#1212=LINE('',#7431,#1545);
#1213=LINE('',#7436,#1546);
#1214=LINE('',#7441,#1547);
#1215=LINE('',#7447,#1548);
#1216=LINE('',#7454,#1549);
#1217=LINE('',#7457,#1550);
#1218=LINE('',#7460,#1551);
#1219=LINE('',#7462,#1552);
#1220=LINE('',#7463,#1553);
#1221=LINE('',#7466,#1554);
#1222=LINE('',#7470,#1555);
#1223=LINE('',#7472,#1556);
#1224=LINE('',#7476,#1557);
#1225=LINE('',#7479,#1558);
#1226=LINE('',#7482,#1559);
#1227=LINE('',#7485,#1560);
#1228=LINE('',#7488,#1561);
#1229=LINE('',#7489,#1562);
#1230=LINE('',#7492,#1563);
#1231=LINE('',#7496,#1564);
#1232=LINE('',#7499,#1565);
#1233=LINE('',#7500,#1566);
#1234=LINE('',#7506,#1567);
#1235=LINE('',#7509,#1568);
#1236=LINE('',#7512,#1569);
#1237=LINE('',#7514,#1570);
#1238=LINE('',#7515,#1571);
#1239=LINE('',#7520,#1572);
#1240=LINE('',#7524,#1573);
#1241=LINE('',#7528,#1574);
#1242=LINE('',#7531,#1575);
#1243=LINE('',#7553,#1576);
#1244=LINE('',#7555,#1577);
#1245=LINE('',#7569,#1578);
#1246=LINE('',#7582,#1579);
#1247=LINE('',#7586,#1580);
#1248=LINE('',#7589,#1581);
#1249=LINE('',#7593,#1582);
#1250=LINE('',#7595,#1583);
#1251=LINE('',#7597,#1584);
#1252=LINE('',#7599,#1585);
#1253=LINE('',#7600,#1586);
#1254=LINE('',#7606,#1587);
#1255=LINE('',#7609,#1588);
#1256=LINE('',#7611,#1589);
#1257=LINE('',#7617,#1590);
#1258=LINE('',#7619,#1591);
#1259=LINE('',#7620,#1592);
#1260=LINE('',#7622,#1593);
#1261=LINE('',#7623,#1594);
#1262=LINE('',#7625,#1595);
#1263=LINE('',#7627,#1596);
#1264=LINE('',#7631,#1597);
#1265=LINE('',#7632,#1598);
#1266=LINE('',#7635,#1599);
#1267=LINE('',#7636,#1600);
#1268=LINE('',#7639,#1601);
#1269=LINE('',#7640,#1602);
#1270=LINE('',#7643,#1603);
#1271=LINE('',#7644,#1604);
#1272=LINE('',#7646,#1605);
#1273=LINE('',#7648,#1606);
#1274=LINE('',#7652,#1607);
#1275=LINE('',#7657,#1608);
#1276=LINE('',#7660,#1609);
#1277=LINE('',#7664,#1610);
#1278=LINE('',#7669,#1611);
#1279=LINE('',#7674,#1612);
#1280=LINE('',#7677,#1613);
#1281=LINE('',#7680,#1614);
#1282=LINE('',#7682,#1615);
#1283=LINE('',#7683,#1616);
#1284=LINE('',#7685,#1617);
#1285=LINE('',#7687,#1618);
#1286=LINE('',#7694,#1619);
#1287=LINE('',#7700,#1620);
#1288=LINE('',#7706,#1621);
#1289=LINE('',#7712,#1622);
#1290=LINE('',#7718,#1623);
#1291=LINE('',#7724,#1624);
#1292=LINE('',#7730,#1625);
#1293=LINE('',#7736,#1626);
#1294=LINE('',#7742,#1627);
#1295=LINE('',#7748,#1628);
#1296=LINE('',#7754,#1629);
#1297=LINE('',#7760,#1630);
#1298=LINE('',#7766,#1631);
#1299=LINE('',#7772,#1632);
#1300=LINE('',#7778,#1633);
#1301=LINE('',#7784,#1634);
#1302=LINE('',#7790,#1635);
#1303=LINE('',#7796,#1636);
#1304=LINE('',#7802,#1637);
#1305=LINE('',#7808,#1638);
#1306=LINE('',#7814,#1639);
#1307=LINE('',#7820,#1640);
#1308=LINE('',#7826,#1641);
#1309=LINE('',#7832,#1642);
#1310=LINE('',#7838,#1643);
#1311=LINE('',#7844,#1644);
#1312=LINE('',#7850,#1645);
#1313=LINE('',#7856,#1646);
#1314=LINE('',#7862,#1647);
#1315=LINE('',#7868,#1648);
#1316=LINE('',#7874,#1649);
#1317=LINE('',#7880,#1650);
#1318=LINE('',#7886,#1651);
#1319=LINE('',#7892,#1652);
#1320=LINE('',#7898,#1653);
#1321=LINE('',#7904,#1654);
#1322=LINE('',#7910,#1655);
#1323=LINE('',#7916,#1656);
#1324=LINE('',#7922,#1657);
#1325=LINE('',#7928,#1658);
#1326=LINE('',#7934,#1659);
#1327=LINE('',#7940,#1660);
#1328=LINE('',#7946,#1661);
#1329=LINE('',#7952,#1662);
#1330=LINE('',#7958,#1663);
#1331=LINE('',#7964,#1664);
#1332=LINE('',#7970,#1665);
#1333=LINE('',#7976,#1666);
#1334=LINE('',#7982,#1667);
#1335=LINE('',#7988,#1668);
#1336=LINE('',#7994,#1669);
#1337=LINE('',#8000,#1670);
#1338=LINE('',#8006,#1671);
#1339=LINE('',#8012,#1672);
#1340=LINE('',#8018,#1673);
#1341=LINE('',#8024,#1674);
#1342=LINE('',#8030,#1675);
#1343=LINE('',#8036,#1676);
#1344=LINE('',#8042,#1677);
#1345=LINE('',#8048,#1678);
#1346=LINE('',#8054,#1679);
#1347=LINE('',#8060,#1680);
#1348=LINE('',#8066,#1681);
#1349=LINE('',#8072,#1682);
#1350=LINE('',#8078,#1683);
#1351=LINE('',#8084,#1684);
#1352=LINE('',#8090,#1685);
#1353=LINE('',#8096,#1686);
#1354=LINE('',#8102,#1687);
#1355=LINE('',#8108,#1688);
#1356=LINE('',#8114,#1689);
#1357=LINE('',#8120,#1690);
#1358=LINE('',#8126,#1691);
#1359=LINE('',#8132,#1692);
#1360=LINE('',#8138,#1693);
#1361=LINE('',#8144,#1694);
#1362=LINE('',#8150,#1695);
#1363=LINE('',#8156,#1696);
#1364=LINE('',#8162,#1697);
#1365=LINE('',#8168,#1698);
#1366=LINE('',#8174,#1699);
#1367=LINE('',#8180,#1700);
#1368=LINE('',#8186,#1701);
#1369=LINE('',#8192,#1702);
#1370=LINE('',#8198,#1703);
#1371=LINE('',#8204,#1704);
#1372=LINE('',#8210,#1705);
#1373=LINE('',#8216,#1706);
#1374=LINE('',#8222,#1707);
#1375=LINE('',#8228,#1708);
#1376=LINE('',#8234,#1709);
#1377=LINE('',#8240,#1710);
#1378=LINE('',#8246,#1711);
#1379=LINE('',#8252,#1712);
#1380=LINE('',#8258,#1713);
#1381=LINE('',#8264,#1714);
#1382=LINE('',#8270,#1715);
#1383=LINE('',#8276,#1716);
#1384=LINE('',#8282,#1717);
#1385=LINE('',#8288,#1718);
#1386=LINE('',#8294,#1719);
#1387=LINE('',#8300,#1720);
#1388=LINE('',#8306,#1721);
#1389=LINE('',#8312,#1722);
#1390=LINE('',#8318,#1723);
#1391=LINE('',#8324,#1724);
#1392=LINE('',#8330,#1725);
#1393=LINE('',#8336,#1726);
#1394=LINE('',#8342,#1727);
#1395=LINE('',#8348,#1728);
#1396=LINE('',#8353,#1729);
#1397=LINE('',#8357,#1730);
#1398=LINE('',#8372,#1731);
#1399=LINE('',#8374,#1732);
#1400=LINE('',#8378,#1733);
#1401=LINE('',#8391,#1734);
#1402=LINE('',#8395,#1735);
#1403=LINE('',#8398,#1736);
#1404=LINE('',#8413,#1737);
#1405=LINE('',#8416,#1738);
#1406=LINE('',#8418,#1739);
#1407=LINE('',#8431,#1740);
#1408=LINE('',#8435,#1741);
#1409=LINE('',#8438,#1742);
#1410=LINE('',#8440,#1743);
#1411=LINE('',#8441,#1744);
#1412=LINE('',#8444,#1745);
#1413=LINE('',#8448,#1746);
#1414=LINE('',#8450,#1747);
#1415=LINE('',#8451,#1748);
#1416=LINE('',#8454,#1749);
#1417=LINE('',#8456,#1750);
#1418=LINE('',#8457,#1751);
#1419=LINE('',#8460,#1752);
#1420=LINE('',#8462,#1753);
#1421=LINE('',#8463,#1754);
#1422=LINE('',#8466,#1755);
#1423=LINE('',#8470,#1756);
#1424=LINE('',#8473,#1757);
#1425=LINE('',#8474,#1758);
#1426=LINE('',#8477,#1759);
#1427=LINE('',#8479,#1760);
#1428=LINE('',#8480,#1761);
#1429=LINE('',#8481,#1762);
#1430=LINE('',#8483,#1763);
#1431=LINE('',#8484,#1764);
#1432=LINE('',#8487,#1765);
#1433=LINE('',#8489,#1766);
#1434=LINE('',#8491,#1767);
#1435=LINE('',#8495,#1768);
#1436=LINE('',#8499,#1769);
#1437=LINE('',#8503,#1770);
#1438=LINE('',#8505,#1771);
#1439=LINE('',#8506,#1772);
#1440=LINE('',#8509,#1773);
#1441=LINE('',#8510,#1774);
#1442=LINE('',#8514,#1775);
#1443=LINE('',#8520,#1776);
#1444=LINE('',#8523,#1777);
#1445=LINE('',#8528,#1778);
#1446=LINE('',#8531,#1779);
#1447=LINE('',#8536,#1780);
#1448=LINE('',#8541,#1781);
#1449=LINE('',#8544,#1782);
#1450=LINE('',#8548,#1783);
#1451=LINE('',#8552,#1784);
#1452=LINE('',#8556,#1785);
#1453=LINE('',#8557,#1786);
#1454=LINE('',#8561,#1787);
#1455=LINE('',#8563,#1788);
#1456=LINE('',#8568,#1789);
#1457=LINE('',#8571,#1790);
#1458=LINE('',#8572,#1791);
#1459=LINE('',#8577,#1792);
#1460=LINE('',#8578,#1793);
#1461=LINE('',#8580,#1794);
#1462=LINE('',#8582,#1795);
#1463=LINE('',#8584,#1796);
#1464=LINE('',#8593,#1797);
#1465=LINE('',#8599,#1798);
#1466=LINE('',#8608,#1799);
#1467=LINE('',#8614,#1800);
#1468=LINE('',#8623,#1801);
#1469=LINE('',#8631,#1802);
#1470=LINE('',#8636,#1803);
#1471=LINE('',#8645,#1804);
#1472=LINE('',#8653,#1805);
#1473=LINE('',#8657,#1806);
#1474=LINE('',#8662,#1807);
#1475=LINE('',#8668,#1808);
#1476=LINE('',#8670,#1809);
#1477=LINE('',#8672,#1810);
#1478=LINE('',#8674,#1811);
#1479=LINE('',#8676,#1812);
#1480=LINE('',#8678,#1813);
#1481=LINE('',#8680,#1814);
#1482=LINE('',#8682,#1815);
#1483=LINE('',#8684,#1816);
#1484=LINE('',#8686,#1817);
#1485=LINE('',#8688,#1818);
#1486=LINE('',#8689,#1819);
#1487=LINE('',#8692,#1820);
#1488=LINE('',#8694,#1821);
#1489=LINE('',#8695,#1822);
#1490=LINE('',#8698,#1823);
#1491=LINE('',#8699,#1824);
#1492=LINE('',#8702,#1825);
#1493=LINE('',#8703,#1826);
#1494=LINE('',#8706,#1827);
#1495=LINE('',#8707,#1828);
#1496=LINE('',#8710,#1829);
#1497=LINE('',#8711,#1830);
#1498=LINE('',#8714,#1831);
#1499=LINE('',#8715,#1832);
#1500=LINE('',#8718,#1833);
#1501=LINE('',#8719,#1834);
#1502=LINE('',#8722,#1835);
#1503=LINE('',#8723,#1836);
#1504=LINE('',#8726,#1837);
#1505=LINE('',#8727,#1838);
#1506=LINE('',#8730,#1839);
#1507=LINE('',#8731,#1840);
#1508=LINE('',#8734,#1841);
#1509=LINE('',#8735,#1842);
#1510=LINE('',#8737,#1843);
#1511=VECTOR('',#5752,2.1);
#1512=VECTOR('',#5759,2.1);
#1513=VECTOR('',#5766,10.);
#1514=VECTOR('',#5769,10.);
#1515=VECTOR('',#5772,10.);
#1516=VECTOR('',#5775,9.1);
#1517=VECTOR('',#5776,10.);
#1518=VECTOR('',#5779,10.);
#1519=VECTOR('',#5782,10.);
#1520=VECTOR('',#5783,9.1);
#1521=VECTOR('',#5786,10.);
#1522=VECTOR('',#5787,10.);
#1523=VECTOR('',#5792,10.);
#1524=VECTOR('',#5797,10.);
#1525=VECTOR('',#5800,10.);
#1526=VECTOR('',#5803,10.);
#1527=VECTOR('',#5806,10.);
#1528=VECTOR('',#5809,10.);
#1529=VECTOR('',#5814,10.);
#1530=VECTOR('',#5817,10.);
#1531=VECTOR('',#5820,10.);
#1532=VECTOR('',#5821,10.);
#1533=VECTOR('',#5824,10.);
#1534=VECTOR('',#5827,10.);
#1535=VECTOR('',#5830,10.);
#1536=VECTOR('',#5835,10.);
#1537=VECTOR('',#5840,10.);
#1538=VECTOR('',#5843,10.);
#1539=VECTOR('',#5846,10.);
#1540=VECTOR('',#5847,10.);
#1541=VECTOR('',#5848,10.);
#1542=VECTOR('',#5849,9.1);
#1543=VECTOR('',#5850,10.);
#1544=VECTOR('',#5853,10.);
#1545=VECTOR('',#5858,10.);
#1546=VECTOR('',#5865,10.);
#1547=VECTOR('',#5870,2.1);
#1548=VECTOR('',#5877,2.1);
#1549=VECTOR('',#5884,10.);
#1550=VECTOR('',#5887,10.);
#1551=VECTOR('',#5890,9.1);
#1552=VECTOR('',#5891,10.);
#1553=VECTOR('',#5892,9.1);
#1554=VECTOR('',#5895,10.);
#1555=VECTOR('',#5898,10.);
#1556=VECTOR('',#5899,10.);
#1557=VECTOR('',#5902,10.);
#1558=VECTOR('',#5905,10.);
#1559=VECTOR('',#5908,10.);
#1560=VECTOR('',#5911,10.);
#1561=VECTOR('',#5914,9.1);
#1562=VECTOR('',#5915,10.);
#1563=VECTOR('',#5918,10.);
#1564=VECTOR('',#5921,10.);
#1565=VECTOR('',#5924,10.);
#1566=VECTOR('',#5925,10.);
#1567=VECTOR('',#5930,10.);
#1568=VECTOR('',#5933,10.);
#1569=VECTOR('',#5936,10.);
#1570=VECTOR('',#5937,10.);
#1571=VECTOR('',#5938,10.);
#1572=VECTOR('',#5943,10.);
#1573=VECTOR('',#5948,10.);
#1574=VECTOR('',#5951,10.);
#1575=VECTOR('',#5954,10.);
#1576=VECTOR('',#5957,10.);
#1577=VECTOR('',#5960,10.);
#1578=VECTOR('',#5963,10.);
#1579=VECTOR('',#5966,10.);
#1580=VECTOR('',#5971,10.);
#1581=VECTOR('',#5974,10.);
#1582=VECTOR('',#5979,10.);
#1583=VECTOR('',#5980,9.1);
#1584=VECTOR('',#5981,10.);
#1585=VECTOR('',#5982,9.1);
#1586=VECTOR('',#5983,10.);
#1587=VECTOR('',#5992,10.);
#1588=VECTOR('',#5997,10.);
#1589=VECTOR('',#6000,10.);
#1590=VECTOR('',#6009,10.);
#1591=VECTOR('',#6012,9.1);
#1592=VECTOR('',#6013,10.);
#1593=VECTOR('',#6016,10.);
#1594=VECTOR('',#6017,10.);
#1595=VECTOR('',#6020,10.);
#1596=VECTOR('',#6023,10.);
#1597=VECTOR('',#6028,10.);
#1598=VECTOR('',#6029,10.);
#1599=VECTOR('',#6032,9.1);
#1600=VECTOR('',#6033,10.);
#1601=VECTOR('',#6036,9.1);
#1602=VECTOR('',#6037,10.);
#1603=VECTOR('',#6040,9.1);
#1604=VECTOR('',#6041,10.);
#1605=VECTOR('',#6044,10.);
#1606=VECTOR('',#6047,10.);
#1607=VECTOR('',#6050,10.);
#1608=VECTOR('',#6057,10.);
#1609=VECTOR('',#6060,10.);
#1610=VECTOR('',#6067,10.);
#1611=VECTOR('',#6072,10.);
#1612=VECTOR('',#6079,10.);
#1613=VECTOR('',#6082,10.);
#1614=VECTOR('',#6087,10.);
#1615=VECTOR('',#6090,10.);
#1616=VECTOR('',#6091,10.);
#1617=VECTOR('',#6094,10.);
#1618=VECTOR('',#6097,10.);
#1619=VECTOR('',#6106,1.5);
#1620=VECTOR('',#6113,1.5);
#1621=VECTOR('',#6120,1.5);
#1622=VECTOR('',#6127,1.5);
#1623=VECTOR('',#6134,1.5);
#1624=VECTOR('',#6141,1.5);
#1625=VECTOR('',#6148,1.5);
#1626=VECTOR('',#6155,1.5);
#1627=VECTOR('',#6162,1.5);
#1628=VECTOR('',#6169,1.5);
#1629=VECTOR('',#6176,1.5);
#1630=VECTOR('',#6183,1.5);
#1631=VECTOR('',#6190,1.5);
#1632=VECTOR('',#6197,1.5);
#1633=VECTOR('',#6204,1.5);
#1634=VECTOR('',#6211,1.5);
#1635=VECTOR('',#6218,1.5);
#1636=VECTOR('',#6225,1.5);
#1637=VECTOR('',#6232,1.5);
#1638=VECTOR('',#6239,1.5);
#1639=VECTOR('',#6246,1.5);
#1640=VECTOR('',#6253,1.5);
#1641=VECTOR('',#6260,1.5);
#1642=VECTOR('',#6267,1.5);
#1643=VECTOR('',#6274,1.5);
#1644=VECTOR('',#6281,1.5);
#1645=VECTOR('',#6288,1.5);
#1646=VECTOR('',#6295,1.5);
#1647=VECTOR('',#6302,1.5);
#1648=VECTOR('',#6309,1.5);
#1649=VECTOR('',#6316,1.5);
#1650=VECTOR('',#6323,1.5);
#1651=VECTOR('',#6330,1.5);
#1652=VECTOR('',#6337,1.5);
#1653=VECTOR('',#6344,1.5);
#1654=VECTOR('',#6351,1.5);
#1655=VECTOR('',#6358,1.5);
#1656=VECTOR('',#6365,1.5);
#1657=VECTOR('',#6372,1.5);
#1658=VECTOR('',#6379,1.5);
#1659=VECTOR('',#6386,1.5);
#1660=VECTOR('',#6393,1.5);
#1661=VECTOR('',#6400,1.5);
#1662=VECTOR('',#6407,1.5);
#1663=VECTOR('',#6414,1.5);
#1664=VECTOR('',#6421,1.5);
#1665=VECTOR('',#6428,1.5);
#1666=VECTOR('',#6435,1.5);
#1667=VECTOR('',#6442,1.5);
#1668=VECTOR('',#6449,1.5);
#1669=VECTOR('',#6456,1.5);
#1670=VECTOR('',#6463,1.5);
#1671=VECTOR('',#6470,1.5);
#1672=VECTOR('',#6477,1.5);
#1673=VECTOR('',#6484,1.5);
#1674=VECTOR('',#6491,1.5);
#1675=VECTOR('',#6498,1.5);
#1676=VECTOR('',#6505,1.5);
#1677=VECTOR('',#6512,1.5);
#1678=VECTOR('',#6519,1.5);
#1679=VECTOR('',#6526,1.5);
#1680=VECTOR('',#6533,1.5);
#1681=VECTOR('',#6540,1.5);
#1682=VECTOR('',#6547,1.5);
#1683=VECTOR('',#6554,1.5);
#1684=VECTOR('',#6561,1.5);
#1685=VECTOR('',#6568,1.5);
#1686=VECTOR('',#6575,1.5);
#1687=VECTOR('',#6582,1.5);
#1688=VECTOR('',#6589,1.5);
#1689=VECTOR('',#6596,1.5);
#1690=VECTOR('',#6603,1.5);
#1691=VECTOR('',#6610,1.5);
#1692=VECTOR('',#6617,1.5);
#1693=VECTOR('',#6624,1.5);
#1694=VECTOR('',#6631,1.5);
#1695=VECTOR('',#6638,1.5);
#1696=VECTOR('',#6645,1.5);
#1697=VECTOR('',#6652,1.5);
#1698=VECTOR('',#6659,1.5);
#1699=VECTOR('',#6666,1.5);
#1700=VECTOR('',#6673,1.5);
#1701=VECTOR('',#6680,1.5);
#1702=VECTOR('',#6687,1.5);
#1703=VECTOR('',#6694,1.5);
#1704=VECTOR('',#6701,1.5);
#1705=VECTOR('',#6708,1.5);
#1706=VECTOR('',#6715,1.5);
#1707=VECTOR('',#6722,1.5);
#1708=VECTOR('',#6729,1.5);
#1709=VECTOR('',#6736,1.5);
#1710=VECTOR('',#6743,1.5);
#1711=VECTOR('',#6750,1.5);
#1712=VECTOR('',#6757,1.5);
#1713=VECTOR('',#6764,1.5);
#1714=VECTOR('',#6771,1.5);
#1715=VECTOR('',#6778,1.5);
#1716=VECTOR('',#6785,1.5);
#1717=VECTOR('',#6792,1.5);
#1718=VECTOR('',#6799,1.5);
#1719=VECTOR('',#6806,1.5);
#1720=VECTOR('',#6813,1.5);
#1721=VECTOR('',#6820,1.5);
#1722=VECTOR('',#6827,1.5);
#1723=VECTOR('',#6834,1.5);
#1724=VECTOR('',#6841,1.5);
#1725=VECTOR('',#6848,1.2295);
#1726=VECTOR('',#6855,1.2295);
#1727=VECTOR('',#6862,1.2295);
#1728=VECTOR('',#6869,1.2295);
#1729=VECTOR('',#6874,10.);
#1730=VECTOR('',#6877,10.);
#1731=VECTOR('',#6882,10.);
#1732=VECTOR('',#6883,10.);
#1733=VECTOR('',#6886,10.);
#1734=VECTOR('',#6887,10.);
#1735=VECTOR('',#6890,10.);
#1736=VECTOR('',#6893,10.);
#1737=VECTOR('',#6896,10.);
#1738=VECTOR('',#6899,10.);
#1739=VECTOR('',#6900,10.);
#1740=VECTOR('',#6901,10.);
#1741=VECTOR('',#6904,10.);
#1742=VECTOR('',#6907,10.);
#1743=VECTOR('',#6910,10.);
#1744=VECTOR('',#6911,10.);
#1745=VECTOR('',#6914,10.);
#1746=VECTOR('',#6917,10.);
#1747=VECTOR('',#6918,10.);
#1748=VECTOR('',#6919,10.);
#1749=VECTOR('',#6922,10.);
#1750=VECTOR('',#6923,10.);
#1751=VECTOR('',#6924,10.);
#1752=VECTOR('',#6927,10.);
#1753=VECTOR('',#6928,10.);
#1754=VECTOR('',#6929,10.);
#1755=VECTOR('',#6932,10.);
#1756=VECTOR('',#6935,10.);
#1757=VECTOR('',#6940,10.);
#1758=VECTOR('',#6941,10.);
#1759=VECTOR('',#6944,10.);
#1760=VECTOR('',#6945,10.);
#1761=VECTOR('',#6946,10.);
#1762=VECTOR('',#6947,10.);
#1763=VECTOR('',#6948,10.);
#1764=VECTOR('',#6949,10.);
#1765=VECTOR('',#6952,10.);
#1766=VECTOR('',#6953,10.);
#1767=VECTOR('',#6954,10.);
#1768=VECTOR('',#6959,10.);
#1769=VECTOR('',#6962,10.);
#1770=VECTOR('',#6967,10.);
#1771=VECTOR('',#6968,10.);
#1772=VECTOR('',#6969,10.);
#1773=VECTOR('',#6972,10.);
#1774=VECTOR('',#6973,10.);
#1775=VECTOR('',#6978,10.);
#1776=VECTOR('',#6985,10.);
#1777=VECTOR('',#6988,10.);
#1778=VECTOR('',#6993,10.);
#1779=VECTOR('',#6998,10.);
#1780=VECTOR('',#7003,10.);
#1781=VECTOR('',#7010,10.);
#1782=VECTOR('',#7013,10.);
#1783=VECTOR('',#7016,10.);
#1784=VECTOR('',#7021,10.);
#1785=VECTOR('',#7026,10.);
#1786=VECTOR('',#7027,10.);
#1787=VECTOR('',#7032,10.);
#1788=VECTOR('',#7035,10.);
#1789=VECTOR('',#7042,10.);
#1790=VECTOR('',#7045,10.);
#1791=VECTOR('',#7046,10.);
#1792=VECTOR('',#7055,10.);
#1793=VECTOR('',#7056,10.);
#1794=VECTOR('',#7059,10.);
#1795=VECTOR('',#7062,10.);
#1796=VECTOR('',#7065,10.);
#1797=VECTOR('',#7078,1.75);
#1798=VECTOR('',#7085,9.);
#1799=VECTOR('',#7098,1.6);
#1800=VECTOR('',#7105,9.);
#1801=VECTOR('',#7118,3.7);
#1802=VECTOR('',#7129,1.75);
#1803=VECTOR('',#7134,7.5);
#1804=VECTOR('',#7147,1.5);
#1805=VECTOR('',#7156,2.48038475772933);
#1806=VECTOR('',#7161,3.);
#1807=VECTOR('',#7168,1.5);
#1808=VECTOR('',#7175,0.5);
#1809=VECTOR('',#7176,0.75);
#1810=VECTOR('',#7177,0.75);
#1811=VECTOR('',#7178,0.5);
#1812=VECTOR('',#7179,0.75);
#1813=VECTOR('',#7180,0.75);
#1814=VECTOR('',#7181,0.5);
#1815=VECTOR('',#7182,0.75);
#1816=VECTOR('',#7183,0.75);
#1817=VECTOR('',#7184,0.5);
#1818=VECTOR('',#7185,0.75);
#1819=VECTOR('',#7186,0.75);
#1820=VECTOR('',#7189,1.);
#1821=VECTOR('',#7190,0.75);
#1822=VECTOR('',#7191,1.);
#1823=VECTOR('',#7194,0.75);
#1824=VECTOR('',#7195,1.);
#1825=VECTOR('',#7198,0.5);
#1826=VECTOR('',#7199,1.);
#1827=VECTOR('',#7202,0.75);
#1828=VECTOR('',#7203,1.);
#1829=VECTOR('',#7206,0.75);
#1830=VECTOR('',#7207,1.);
#1831=VECTOR('',#7210,0.5);
#1832=VECTOR('',#7211,1.);
#1833=VECTOR('',#7214,0.75);
#1834=VECTOR('',#7215,1.);
#1835=VECTOR('',#7218,0.75);
#1836=VECTOR('',#7219,1.);
#1837=VECTOR('',#7222,0.5);
#1838=VECTOR('',#7223,1.);
#1839=VECTOR('',#7226,0.75);
#1840=VECTOR('',#7227,1.);
#1841=VECTOR('',#7230,0.75);
#1842=VECTOR('',#7231,1.);
#1843=VECTOR('',#7234,0.5);
#1844=CIRCLE('',#5149,2.1);
#1845=CIRCLE('',#5150,2.1);
#1846=CIRCLE('',#5152,2.1);
#1847=CIRCLE('',#5153,2.1);
#1848=CIRCLE('',#5155,5.);
#1849=CIRCLE('',#5156,5.);
#1850=CIRCLE('',#5158,5.);
#1851=CIRCLE('',#5159,10.);
#1852=CIRCLE('',#5160,10.);
#1853=CIRCLE('',#5163,5.);
#1854=CIRCLE('',#5165,10.);
#1855=CIRCLE('',#5166,10.);
#1856=CIRCLE('',#5168,10.5);
#1857=CIRCLE('',#5169,8.00000000000002);
#1858=CIRCLE('',#5171,10.);
#1859=CIRCLE('',#5172,10.);
#1860=CIRCLE('',#5175,10.);
#1861=CIRCLE('',#5177,8.00000000000002);
#1862=CIRCLE('',#5178,10.5);
#1863=CIRCLE('',#5180,10.);
#1864=CIRCLE('',#5184,10.5);
#1865=CIRCLE('',#5186,8.00000000000003);
#1866=CIRCLE('',#5188,8.00000000000003);
#1867=CIRCLE('',#5190,2.1);
#1868=CIRCLE('',#5191,2.1);
#1869=CIRCLE('',#5193,2.1);
#1870=CIRCLE('',#5194,2.1);
#1871=CIRCLE('',#5196,5.);
#1872=CIRCLE('',#5197,5.);
#1873=CIRCLE('',#5200,5.);
#1874=CIRCLE('',#5201,10.);
#1875=CIRCLE('',#5202,10.);
#1876=CIRCLE('',#5204,5.);
#1877=CIRCLE('',#5207,10.);
#1878=CIRCLE('',#5208,10.);
#1879=CIRCLE('',#5210,10.);
#1880=CIRCLE('',#5211,10.);
#1881=CIRCLE('',#5214,10.);
#1882=CIRCLE('',#5215,10.);
#1883=CIRCLE('',#5217,10.5);
#1884=CIRCLE('',#5218,8.00000000000002);
#1885=CIRCLE('',#5223,8.00000000000002);
#1886=CIRCLE('',#5224,10.5);
#1887=CIRCLE('',#5226,10.5);
#1888=CIRCLE('',#5229,8.00000000000003);
#1889=CIRCLE('',#5231,10.5);
#1890=CIRCLE('',#5233,8.00000000000003);
#1891=CIRCLE('',#5238,10.5);
#1892=CIRCLE('',#5250,10.5);
#1893=CIRCLE('',#5251,10.5);
#1894=CIRCLE('',#5253,8.00000000000002);
#1895=CIRCLE('',#5255,7.99999999999998);
#1896=CIRCLE('',#5259,10.5);
#1897=CIRCLE('',#5260,10.5);
#1898=CIRCLE('',#5262,8.);
#1899=CIRCLE('',#5264,8.);
#1900=CIRCLE('',#5272,1.5);
#1901=CIRCLE('',#5273,1.5);
#1902=CIRCLE('',#5275,1.5);
#1903=CIRCLE('',#5276,1.5);
#1904=CIRCLE('',#5278,1.5);
#1905=CIRCLE('',#5279,1.5);
#1906=CIRCLE('',#5281,1.5);
#1907=CIRCLE('',#5282,1.5);
#1908=CIRCLE('',#5284,1.5);
#1909=CIRCLE('',#5285,1.5);
#1910=CIRCLE('',#5287,1.5);
#1911=CIRCLE('',#5288,1.5);
#1912=CIRCLE('',#5290,1.5);
#1913=CIRCLE('',#5291,1.5);
#1914=CIRCLE('',#5293,1.5);
#1915=CIRCLE('',#5294,1.5);
#1916=CIRCLE('',#5296,1.5);
#1917=CIRCLE('',#5297,1.5);
#1918=CIRCLE('',#5299,1.5);
#1919=CIRCLE('',#5300,1.5);
#1920=CIRCLE('',#5302,1.5);
#1921=CIRCLE('',#5303,1.5);
#1922=CIRCLE('',#5305,1.5);
#1923=CIRCLE('',#5306,1.5);
#1924=CIRCLE('',#5308,1.5);
#1925=CIRCLE('',#5309,1.5);
#1926=CIRCLE('',#5311,1.5);
#1927=CIRCLE('',#5312,1.5);
#1928=CIRCLE('',#5314,1.5);
#1929=CIRCLE('',#5315,1.5);
#1930=CIRCLE('',#5317,1.5);
#1931=CIRCLE('',#5318,1.5);
#1932=CIRCLE('',#5320,1.5);
#1933=CIRCLE('',#5321,1.5);
#1934=CIRCLE('',#5323,1.5);
#1935=CIRCLE('',#5324,1.5);
#1936=CIRCLE('',#5326,1.5);
#1937=CIRCLE('',#5327,1.5);
#1938=CIRCLE('',#5329,1.5);
#1939=CIRCLE('',#5330,1.5);
#1940=CIRCLE('',#5332,1.5);
#1941=CIRCLE('',#5333,1.5);
#1942=CIRCLE('',#5335,1.5);
#1943=CIRCLE('',#5336,1.5);
#1944=CIRCLE('',#5338,1.5);
#1945=CIRCLE('',#5339,1.5);
#1946=CIRCLE('',#5341,1.5);
#1947=CIRCLE('',#5342,1.5);
#1948=CIRCLE('',#5344,1.5);
#1949=CIRCLE('',#5345,1.5);
#1950=CIRCLE('',#5347,1.5);
#1951=CIRCLE('',#5348,1.5);
#1952=CIRCLE('',#5350,1.5);
#1953=CIRCLE('',#5351,1.5);
#1954=CIRCLE('',#5353,1.5);
#1955=CIRCLE('',#5354,1.5);
#1956=CIRCLE('',#5356,1.5);
#1957=CIRCLE('',#5357,1.5);
#1958=CIRCLE('',#5359,1.5);
#1959=CIRCLE('',#5360,1.5);
#1960=CIRCLE('',#5362,1.5);
#1961=CIRCLE('',#5363,1.5);
#1962=CIRCLE('',#5365,1.5);
#1963=CIRCLE('',#5366,1.5);
#1964=CIRCLE('',#5368,1.5);
#1965=CIRCLE('',#5369,1.5);
#1966=CIRCLE('',#5371,1.5);
#1967=CIRCLE('',#5372,1.5);
#1968=CIRCLE('',#5374,1.5);
#1969=CIRCLE('',#5375,1.5);
#1970=CIRCLE('',#5377,1.5);
#1971=CIRCLE('',#5378,1.5);
#1972=CIRCLE('',#5380,1.5);
#1973=CIRCLE('',#5381,1.5);
#1974=CIRCLE('',#5383,1.5);
#1975=CIRCLE('',#5384,1.5);
#1976=CIRCLE('',#5386,1.5);
#1977=CIRCLE('',#5387,1.5);
#1978=CIRCLE('',#5389,1.5);
#1979=CIRCLE('',#5390,1.5);
#1980=CIRCLE('',#5392,1.5);
#1981=CIRCLE('',#5393,1.5);
#1982=CIRCLE('',#5395,1.5);
#1983=CIRCLE('',#5396,1.5);
#1984=CIRCLE('',#5398,1.5);
#1985=CIRCLE('',#5399,1.5);
#1986=CIRCLE('',#5401,1.5);
#1987=CIRCLE('',#5402,1.5);
#1988=CIRCLE('',#5404,1.5);
#1989=CIRCLE('',#5405,1.5);
#1990=CIRCLE('',#5407,1.5);
#1991=CIRCLE('',#5408,1.5);
#1992=CIRCLE('',#5410,1.5);
#1993=CIRCLE('',#5411,1.5);
#1994=CIRCLE('',#5413,1.5);
#1995=CIRCLE('',#5414,1.5);
#1996=CIRCLE('',#5416,1.5);
#1997=CIRCLE('',#5417,1.5);
#1998=CIRCLE('',#5419,1.5);
#1999=CIRCLE('',#5420,1.5);
#2000=CIRCLE('',#5422,1.5);
#2001=CIRCLE('',#5423,1.5);
#2002=CIRCLE('',#5425,1.5);
#2003=CIRCLE('',#5426,1.5);
#2004=CIRCLE('',#5428,1.5);
#2005=CIRCLE('',#5429,1.5);
#2006=CIRCLE('',#5431,1.5);
#2007=CIRCLE('',#5432,1.5);
#2008=CIRCLE('',#5434,1.5);
#2009=CIRCLE('',#5435,1.5);
#2010=CIRCLE('',#5437,1.5);
#2011=CIRCLE('',#5438,1.5);
#2012=CIRCLE('',#5440,1.5);
#2013=CIRCLE('',#5441,1.5);
#2014=CIRCLE('',#5443,1.5);
#2015=CIRCLE('',#5444,1.5);
#2016=CIRCLE('',#5446,1.5);
#2017=CIRCLE('',#5447,1.5);
#2018=CIRCLE('',#5449,1.5);
#2019=CIRCLE('',#5450,1.5);
#2020=CIRCLE('',#5452,1.5);
#2021=CIRCLE('',#5453,1.5);
#2022=CIRCLE('',#5455,1.5);
#2023=CIRCLE('',#5456,1.5);
#2024=CIRCLE('',#5458,1.5);
#2025=CIRCLE('',#5459,1.5);
#2026=CIRCLE('',#5461,1.5);
#2027=CIRCLE('',#5462,1.5);
#2028=CIRCLE('',#5464,1.5);
#2029=CIRCLE('',#5465,1.5);
#2030=CIRCLE('',#5467,1.5);
#2031=CIRCLE('',#5468,1.5);
#2032=CIRCLE('',#5470,1.5);
#2033=CIRCLE('',#5471,1.5);
#2034=CIRCLE('',#5473,1.5);
#2035=CIRCLE('',#5474,1.5);
#2036=CIRCLE('',#5476,1.5);
#2037=CIRCLE('',#5477,1.5);
#2038=CIRCLE('',#5479,1.5);
#2039=CIRCLE('',#5480,1.5);
#2040=CIRCLE('',#5482,1.5);
#2041=CIRCLE('',#5483,1.5);
#2042=CIRCLE('',#5485,1.5);
#2043=CIRCLE('',#5486,1.5);
#2044=CIRCLE('',#5488,1.5);
#2045=CIRCLE('',#5489,1.5);
#2046=CIRCLE('',#5491,1.5);
#2047=CIRCLE('',#5492,1.5);
#2048=CIRCLE('',#5494,1.5);
#2049=CIRCLE('',#5495,1.5);
#2050=CIRCLE('',#5497,1.5);
#2051=CIRCLE('',#5498,1.5);
#2052=CIRCLE('',#5500,1.5);
#2053=CIRCLE('',#5501,1.5);
#2054=CIRCLE('',#5503,1.5);
#2055=CIRCLE('',#5504,1.5);
#2056=CIRCLE('',#5506,1.5);
#2057=CIRCLE('',#5507,1.5);
#2058=CIRCLE('',#5509,1.5);
#2059=CIRCLE('',#5510,1.5);
#2060=CIRCLE('',#5512,1.5);
#2061=CIRCLE('',#5513,1.5);
#2062=CIRCLE('',#5515,1.5);
#2063=CIRCLE('',#5516,1.5);
#2064=CIRCLE('',#5518,1.5);
#2065=CIRCLE('',#5519,1.5);
#2066=CIRCLE('',#5521,1.5);
#2067=CIRCLE('',#5522,1.5);
#2068=CIRCLE('',#5524,1.5);
#2069=CIRCLE('',#5525,1.5);
#2070=CIRCLE('',#5527,1.5);
#2071=CIRCLE('',#5528,1.5);
#2072=CIRCLE('',#5530,1.5);
#2073=CIRCLE('',#5531,1.5);
#2074=CIRCLE('',#5533,1.5);
#2075=CIRCLE('',#5534,1.5);
#2076=CIRCLE('',#5536,1.5);
#2077=CIRCLE('',#5537,1.5);
#2078=CIRCLE('',#5539,1.5);
#2079=CIRCLE('',#5540,1.5);
#2080=CIRCLE('',#5542,1.5);
#2081=CIRCLE('',#5543,1.5);
#2082=CIRCLE('',#5545,1.5);
#2083=CIRCLE('',#5546,1.5);
#2084=CIRCLE('',#5548,1.5);
#2085=CIRCLE('',#5549,1.5);
#2086=CIRCLE('',#5551,1.5);
#2087=CIRCLE('',#5552,1.5);
#2088=CIRCLE('',#5554,1.5);
#2089=CIRCLE('',#5555,1.5);
#2090=CIRCLE('',#5557,1.5);
#2091=CIRCLE('',#5558,1.5);
#2092=CIRCLE('',#5560,1.5);
#2093=CIRCLE('',#5561,1.5);
#2094=CIRCLE('',#5563,1.5);
#2095=CIRCLE('',#5564,1.5);
#2096=CIRCLE('',#5566,1.5);
#2097=CIRCLE('',#5567,1.5);
#2098=CIRCLE('',#5569,1.5);
#2099=CIRCLE('',#5570,1.5);
#2100=CIRCLE('',#5572,1.5);
#2101=CIRCLE('',#5573,1.5);
#2102=CIRCLE('',#5575,1.5);
#2103=CIRCLE('',#5576,1.5);
#2104=CIRCLE('',#5578,1.5);
#2105=CIRCLE('',#5579,1.5);
#2106=CIRCLE('',#5581,1.5);
#2107=CIRCLE('',#5582,1.5);
#2108=CIRCLE('',#5584,1.5);
#2109=CIRCLE('',#5585,1.5);
#2110=CIRCLE('',#5587,1.5);
#2111=CIRCLE('',#5588,1.5);
#2112=CIRCLE('',#5590,1.2295);
#2113=CIRCLE('',#5591,1.2295);
#2114=CIRCLE('',#5593,1.2295);
#2115=CIRCLE('',#5594,1.2295);
#2116=CIRCLE('',#5596,1.2295);
#2117=CIRCLE('',#5597,1.2295);
#2118=CIRCLE('',#5599,1.2295);
#2119=CIRCLE('',#5600,1.2295);
#2120=CIRCLE('',#5606,1.8);
#2121=CIRCLE('',#5607,1.8);
#2122=CIRCLE('',#5610,1.8);
#2123=CIRCLE('',#5611,1.8);
#2124=CIRCLE('',#5614,0.3);
#2125=CIRCLE('',#5618,8.);
#2126=CIRCLE('',#5619,8.);
#2127=CIRCLE('',#5623,0.3);
#2128=CIRCLE('',#5625,8.);
#2129=CIRCLE('',#5626,8.);
#2130=CIRCLE('',#5631,0.3);
#2131=CIRCLE('',#5633,8.);
#2132=CIRCLE('',#5634,8.);
#2133=CIRCLE('',#5636,8.);
#2134=CIRCLE('',#5637,8.);
#2135=CIRCLE('',#5640,8.);
#2136=CIRCLE('',#5641,8.);
#2137=CIRCLE('',#5643,0.3);
#2138=CIRCLE('',#5645,8.);
#2139=CIRCLE('',#5646,8.);
#2140=CIRCLE('',#5648,8.);
#2141=CIRCLE('',#5651,8.);
#2142=CIRCLE('',#5655,8.);
#2143=CIRCLE('',#5658,8.);
#2144=CIRCLE('',#5669,1.75);
#2145=CIRCLE('',#5670,1.75);
#2146=CIRCLE('',#5672,9.);
#2147=CIRCLE('',#5673,9.);
#2148=CIRCLE('',#5678,1.6);
#2149=CIRCLE('',#5679,1.6);
#2150=CIRCLE('',#5681,9.);
#2151=CIRCLE('',#5682,9.);
#2152=CIRCLE('',#5687,3.7);
#2153=CIRCLE('',#5688,3.7);
#2154=CIRCLE('',#5690,1.75);
#2155=CIRCLE('',#5692,1.75);
#2156=CIRCLE('',#5694,7.5);
#2157=CIRCLE('',#5695,7.5);
#2158=CIRCLE('',#5700,1.5);
#2159=CIRCLE('',#5701,1.25);
#2160=CIRCLE('',#5703,3.);
#2161=CIRCLE('',#5704,3.);
#2162=CIRCLE('',#5705,2.48038475772934);
#2163=CIRCLE('',#5707,3.);
#2164=CIRCLE('',#5709,1.5);
#2165=VERTEX_POINT('',#7276);
#2166=VERTEX_POINT('',#7278);
#2167=VERTEX_POINT('',#7282);
#2168=VERTEX_POINT('',#7284);
#2169=VERTEX_POINT('',#7288);
#2170=VERTEX_POINT('',#7289);
#2171=VERTEX_POINT('',#7291);
#2172=VERTEX_POINT('',#7293);
#2173=VERTEX_POINT('',#7297);
#2174=VERTEX_POINT('',#7299);
#2175=VERTEX_POINT('',#7301);
#2176=VERTEX_POINT('',#7303);
#2177=VERTEX_POINT('',#7305);
#2178=VERTEX_POINT('',#7307);
#2179=VERTEX_POINT('',#7309);
#2180=VERTEX_POINT('',#7311);
#2181=VERTEX_POINT('',#7315);
#2182=VERTEX_POINT('',#7319);
#2183=VERTEX_POINT('',#7323);
#2184=VERTEX_POINT('',#7324);
#2185=VERTEX_POINT('',#7326);
#2186=VERTEX_POINT('',#7328);
#2187=VERTEX_POINT('',#7332);
#2188=VERTEX_POINT('',#7334);
#2189=VERTEX_POINT('',#7336);
#2190=VERTEX_POINT('',#7338);
#2191=VERTEX_POINT('',#7342);
#2192=VERTEX_POINT('',#7343);
#2193=VERTEX_POINT('',#7345);
#2194=VERTEX_POINT('',#7347);
#2195=VERTEX_POINT('',#7354);
#2196=VERTEX_POINT('',#7356);
#2197=VERTEX_POINT('',#7358);
#2198=VERTEX_POINT('',#7369);
#2199=VERTEX_POINT('',#7382);
#2200=VERTEX_POINT('',#7385);
#2201=VERTEX_POINT('',#7389);
#2202=VERTEX_POINT('',#7390);
#2203=VERTEX_POINT('',#7416);
#2204=VERTEX_POINT('',#7418);
#2205=VERTEX_POINT('',#7420);
#2206=VERTEX_POINT('',#7422);
#2207=VERTEX_POINT('',#7426);
#2208=VERTEX_POINT('',#7430);
#2209=VERTEX_POINT('',#7434);
#2210=VERTEX_POINT('',#7438);
#2211=VERTEX_POINT('',#7440);
#2212=VERTEX_POINT('',#7444);
#2213=VERTEX_POINT('',#7446);
#2214=VERTEX_POINT('',#7450);
#2215=VERTEX_POINT('',#7451);
#2216=VERTEX_POINT('',#7453);
#2217=VERTEX_POINT('',#7455);
#2218=VERTEX_POINT('',#7459);
#2219=VERTEX_POINT('',#7461);
#2220=VERTEX_POINT('',#7465);
#2221=VERTEX_POINT('',#7467);
#2222=VERTEX_POINT('',#7469);
#2223=VERTEX_POINT('',#7471);
#2224=VERTEX_POINT('',#7473);
#2225=VERTEX_POINT('',#7475);
#2226=VERTEX_POINT('',#7477);
#2227=VERTEX_POINT('',#7481);
#2228=VERTEX_POINT('',#7483);
#2229=VERTEX_POINT('',#7487);
#2230=VERTEX_POINT('',#7491);
#2231=VERTEX_POINT('',#7493);
#2232=VERTEX_POINT('',#7495);
#2233=VERTEX_POINT('',#7497);
#2234=VERTEX_POINT('',#7502);
#2235=VERTEX_POINT('',#7503);
#2236=VERTEX_POINT('',#7505);
#2237=VERTEX_POINT('',#7507);
#2238=VERTEX_POINT('',#7511);
#2239=VERTEX_POINT('',#7513);
#2240=VERTEX_POINT('',#7517);
#2241=VERTEX_POINT('',#7519);
#2242=VERTEX_POINT('',#7523);
#2243=VERTEX_POINT('',#7525);
#2244=VERTEX_POINT('',#7527);
#2245=VERTEX_POINT('',#7529);
#2246=VERTEX_POINT('',#7557);
#2247=VERTEX_POINT('',#7568);
#2248=VERTEX_POINT('',#7581);
#2249=VERTEX_POINT('',#7584);
#2250=VERTEX_POINT('',#7588);
#2251=VERTEX_POINT('',#7592);
#2252=VERTEX_POINT('',#7594);
#2253=VERTEX_POINT('',#7596);
#2254=VERTEX_POINT('',#7598);
#2255=VERTEX_POINT('',#7604);
#2256=VERTEX_POINT('',#7615);
#2257=VERTEX_POINT('',#7630);
#2258=VERTEX_POINT('',#7634);
#2259=VERTEX_POINT('',#7638);
#2260=VERTEX_POINT('',#7642);
#2261=VERTEX_POINT('',#7649);
#2262=VERTEX_POINT('',#7651);
#2263=VERTEX_POINT('',#7655);
#2264=VERTEX_POINT('',#7659);
#2265=VERTEX_POINT('',#7666);
#2266=VERTEX_POINT('',#7668);
#2267=VERTEX_POINT('',#7672);
#2268=VERTEX_POINT('',#7676);
#2269=VERTEX_POINT('',#7691);
#2270=VERTEX_POINT('',#7693);
#2271=VERTEX_POINT('',#7697);
#2272=VERTEX_POINT('',#7699);
#2273=VERTEX_POINT('',#7703);
#2274=VERTEX_POINT('',#7705);
#2275=VERTEX_POINT('',#7709);
#2276=VERTEX_POINT('',#7711);
#2277=VERTEX_POINT('',#7715);
#2278=VERTEX_POINT('',#7717);
#2279=VERTEX_POINT('',#7721);
#2280=VERTEX_POINT('',#7723);
#2281=VERTEX_POINT('',#7727);
#2282=VERTEX_POINT('',#7729);
#2283=VERTEX_POINT('',#7733);
#2284=VERTEX_POINT('',#7735);
#2285=VERTEX_POINT('',#7739);
#2286=VERTEX_POINT('',#7741);
#2287=VERTEX_POINT('',#7745);
#2288=VERTEX_POINT('',#7747);
#2289=VERTEX_POINT('',#7751);
#2290=VERTEX_POINT('',#7753);
#2291=VERTEX_POINT('',#7757);
#2292=VERTEX_POINT('',#7759);
#2293=VERTEX_POINT('',#7763);
#2294=VERTEX_POINT('',#7765);
#2295=VERTEX_POINT('',#7769);
#2296=VERTEX_POINT('',#7771);
#2297=VERTEX_POINT('',#7775);
#2298=VERTEX_POINT('',#7777);
#2299=VERTEX_POINT('',#7781);
#2300=VERTEX_POINT('',#7783);
#2301=VERTEX_POINT('',#7787);
#2302=VERTEX_POINT('',#7789);
#2303=VERTEX_POINT('',#7793);
#2304=VERTEX_POINT('',#7795);
#2305=VERTEX_POINT('',#7799);
#2306=VERTEX_POINT('',#7801);
#2307=VERTEX_POINT('',#7805);
#2308=VERTEX_POINT('',#7807);
#2309=VERTEX_POINT('',#7811);
#2310=VERTEX_POINT('',#7813);
#2311=VERTEX_POINT('',#7817);
#2312=VERTEX_POINT('',#7819);
#2313=VERTEX_POINT('',#7823);
#2314=VERTEX_POINT('',#7825);
#2315=VERTEX_POINT('',#7829);
#2316=VERTEX_POINT('',#7831);
#2317=VERTEX_POINT('',#7835);
#2318=VERTEX_POINT('',#7837);
#2319=VERTEX_POINT('',#7841);
#2320=VERTEX_POINT('',#7843);
#2321=VERTEX_POINT('',#7847);
#2322=VERTEX_POINT('',#7849);
#2323=VERTEX_POINT('',#7853);
#2324=VERTEX_POINT('',#7855);
#2325=VERTEX_POINT('',#7859);
#2326=VERTEX_POINT('',#7861);
#2327=VERTEX_POINT('',#7865);
#2328=VERTEX_POINT('',#7867);
#2329=VERTEX_POINT('',#7871);
#2330=VERTEX_POINT('',#7873);
#2331=VERTEX_POINT('',#7877);
#2332=VERTEX_POINT('',#7879);
#2333=VERTEX_POINT('',#7883);
#2334=VERTEX_POINT('',#7885);
#2335=VERTEX_POINT('',#7889);
#2336=VERTEX_POINT('',#7891);
#2337=VERTEX_POINT('',#7895);
#2338=VERTEX_POINT('',#7897);
#2339=VERTEX_POINT('',#7901);
#2340=VERTEX_POINT('',#7903);
#2341=VERTEX_POINT('',#7907);
#2342=VERTEX_POINT('',#7909);
#2343=VERTEX_POINT('',#7913);
#2344=VERTEX_POINT('',#7915);
#2345=VERTEX_POINT('',#7919);
#2346=VERTEX_POINT('',#7921);
#2347=VERTEX_POINT('',#7925);
#2348=VERTEX_POINT('',#7927);
#2349=VERTEX_POINT('',#7931);
#2350=VERTEX_POINT('',#7933);
#2351=VERTEX_POINT('',#7937);
#2352=VERTEX_POINT('',#7939);
#2353=VERTEX_POINT('',#7943);
#2354=VERTEX_POINT('',#7945);
#2355=VERTEX_POINT('',#7949);
#2356=VERTEX_POINT('',#7951);
#2357=VERTEX_POINT('',#7955);
#2358=VERTEX_POINT('',#7957);
#2359=VERTEX_POINT('',#7961);
#2360=VERTEX_POINT('',#7963);
#2361=VERTEX_POINT('',#7967);
#2362=VERTEX_POINT('',#7969);
#2363=VERTEX_POINT('',#7973);
#2364=VERTEX_POINT('',#7975);
#2365=VERTEX_POINT('',#7979);
#2366=VERTEX_POINT('',#7981);
#2367=VERTEX_POINT('',#7985);
#2368=VERTEX_POINT('',#7987);
#2369=VERTEX_POINT('',#7991);
#2370=VERTEX_POINT('',#7993);
#2371=VERTEX_POINT('',#7997);
#2372=VERTEX_POINT('',#7999);
#2373=VERTEX_POINT('',#8003);
#2374=VERTEX_POINT('',#8005);
#2375=VERTEX_POINT('',#8009);
#2376=VERTEX_POINT('',#8011);
#2377=VERTEX_POINT('',#8015);
#2378=VERTEX_POINT('',#8017);
#2379=VERTEX_POINT('',#8021);
#2380=VERTEX_POINT('',#8023);
#2381=VERTEX_POINT('',#8027);
#2382=VERTEX_POINT('',#8029);
#2383=VERTEX_POINT('',#8033);
#2384=VERTEX_POINT('',#8035);
#2385=VERTEX_POINT('',#8039);
#2386=VERTEX_POINT('',#8041);
#2387=VERTEX_POINT('',#8045);
#2388=VERTEX_POINT('',#8047);
#2389=VERTEX_POINT('',#8051);
#2390=VERTEX_POINT('',#8053);
#2391=VERTEX_POINT('',#8057);
#2392=VERTEX_POINT('',#8059);
#2393=VERTEX_POINT('',#8063);
#2394=VERTEX_POINT('',#8065);
#2395=VERTEX_POINT('',#8069);
#2396=VERTEX_POINT('',#8071);
#2397=VERTEX_POINT('',#8075);
#2398=VERTEX_POINT('',#8077);
#2399=VERTEX_POINT('',#8081);
#2400=VERTEX_POINT('',#8083);
#2401=VERTEX_POINT('',#8087);
#2402=VERTEX_POINT('',#8089);
#2403=VERTEX_POINT('',#8093);
#2404=VERTEX_POINT('',#8095);
#2405=VERTEX_POINT('',#8099);
#2406=VERTEX_POINT('',#8101);
#2407=VERTEX_POINT('',#8105);
#2408=VERTEX_POINT('',#8107);
#2409=VERTEX_POINT('',#8111);
#2410=VERTEX_POINT('',#8113);
#2411=VERTEX_POINT('',#8117);
#2412=VERTEX_POINT('',#8119);
#2413=VERTEX_POINT('',#8123);
#2414=VERTEX_POINT('',#8125);
#2415=VERTEX_POINT('',#8129);
#2416=VERTEX_POINT('',#8131);
#2417=VERTEX_POINT('',#8135);
#2418=VERTEX_POINT('',#8137);
#2419=VERTEX_POINT('',#8141);
#2420=VERTEX_POINT('',#8143);
#2421=VERTEX_POINT('',#8147);
#2422=VERTEX_POINT('',#8149);
#2423=VERTEX_POINT('',#8153);
#2424=VERTEX_POINT('',#8155);
#2425=VERTEX_POINT('',#8159);
#2426=VERTEX_POINT('',#8161);
#2427=VERTEX_POINT('',#8165);
#2428=VERTEX_POINT('',#8167);
#2429=VERTEX_POINT('',#8171);
#2430=VERTEX_POINT('',#8173);
#2431=VERTEX_POINT('',#8177);
#2432=VERTEX_POINT('',#8179);
#2433=VERTEX_POINT('',#8183);
#2434=VERTEX_POINT('',#8185);
#2435=VERTEX_POINT('',#8189);
#2436=VERTEX_POINT('',#8191);
#2437=VERTEX_POINT('',#8195);
#2438=VERTEX_POINT('',#8197);
#2439=VERTEX_POINT('',#8201);
#2440=VERTEX_POINT('',#8203);
#2441=VERTEX_POINT('',#8207);
#2442=VERTEX_POINT('',#8209);
#2443=VERTEX_POINT('',#8213);
#2444=VERTEX_POINT('',#8215);
#2445=VERTEX_POINT('',#8219);
#2446=VERTEX_POINT('',#8221);
#2447=VERTEX_POINT('',#8225);
#2448=VERTEX_POINT('',#8227);
#2449=VERTEX_POINT('',#8231);
#2450=VERTEX_POINT('',#8233);
#2451=VERTEX_POINT('',#8237);
#2452=VERTEX_POINT('',#8239);
#2453=VERTEX_POINT('',#8243);
#2454=VERTEX_POINT('',#8245);
#2455=VERTEX_POINT('',#8249);
#2456=VERTEX_POINT('',#8251);
#2457=VERTEX_POINT('',#8255);
#2458=VERTEX_POINT('',#8257);
#2459=VERTEX_POINT('',#8261);
#2460=VERTEX_POINT('',#8263);
#2461=VERTEX_POINT('',#8267);
#2462=VERTEX_POINT('',#8269);
#2463=VERTEX_POINT('',#8273);
#2464=VERTEX_POINT('',#8275);
#2465=VERTEX_POINT('',#8279);
#2466=VERTEX_POINT('',#8281);
#2467=VERTEX_POINT('',#8285);
#2468=VERTEX_POINT('',#8287);
#2469=VERTEX_POINT('',#8291);
#2470=VERTEX_POINT('',#8293);
#2471=VERTEX_POINT('',#8297);
#2472=VERTEX_POINT('',#8299);
#2473=VERTEX_POINT('',#8303);
#2474=VERTEX_POINT('',#8305);
#2475=VERTEX_POINT('',#8309);
#2476=VERTEX_POINT('',#8311);
#2477=VERTEX_POINT('',#8315);
#2478=VERTEX_POINT('',#8317);
#2479=VERTEX_POINT('',#8321);
#2480=VERTEX_POINT('',#8323);
#2481=VERTEX_POINT('',#8327);
#2482=VERTEX_POINT('',#8329);
#2483=VERTEX_POINT('',#8333);
#2484=VERTEX_POINT('',#8335);
#2485=VERTEX_POINT('',#8339);
#2486=VERTEX_POINT('',#8341);
#2487=VERTEX_POINT('',#8345);
#2488=VERTEX_POINT('',#8347);
#2489=VERTEX_POINT('',#8351);
#2490=VERTEX_POINT('',#8352);
#2491=VERTEX_POINT('',#8354);
#2492=VERTEX_POINT('',#8356);
#2493=VERTEX_POINT('',#8360);
#2494=VERTEX_POINT('',#8361);
#2495=VERTEX_POINT('',#8373);
#2496=VERTEX_POINT('',#8375);
#2497=VERTEX_POINT('',#8377);
#2498=VERTEX_POINT('',#8379);
#2499=VERTEX_POINT('',#8390);
#2500=VERTEX_POINT('',#8392);
#2501=VERTEX_POINT('',#8394);
#2502=VERTEX_POINT('',#8396);
#2503=VERTEX_POINT('',#8400);
#2504=VERTEX_POINT('',#8401);
#2505=VERTEX_POINT('',#8412);
#2506=VERTEX_POINT('',#8414);
#2507=VERTEX_POINT('',#8417);
#2508=VERTEX_POINT('',#8419);
#2509=VERTEX_POINT('',#8430);
#2510=VERTEX_POINT('',#8432);
#2511=VERTEX_POINT('',#8434);
#2512=VERTEX_POINT('',#8436);
#2513=VERTEX_POINT('',#8443);
#2514=VERTEX_POINT('',#8445);
#2515=VERTEX_POINT('',#8447);
#2516=VERTEX_POINT('',#8449);
#2517=VERTEX_POINT('',#8453);
#2518=VERTEX_POINT('',#8455);
#2519=VERTEX_POINT('',#8459);
#2520=VERTEX_POINT('',#8461);
#2521=VERTEX_POINT('',#8465);
#2522=VERTEX_POINT('',#8467);
#2523=VERTEX_POINT('',#8469);
#2524=VERTEX_POINT('',#8476);
#2525=VERTEX_POINT('',#8478);
#2526=VERTEX_POINT('',#8482);
#2527=VERTEX_POINT('',#8486);
#2528=VERTEX_POINT('',#8488);
#2529=VERTEX_POINT('',#8490);
#2530=VERTEX_POINT('',#8494);
#2531=VERTEX_POINT('',#8496);
#2532=VERTEX_POINT('',#8498);
#2533=VERTEX_POINT('',#8502);
#2534=VERTEX_POINT('',#8504);
#2535=VERTEX_POINT('',#8508);
#2536=VERTEX_POINT('',#8513);
#2537=VERTEX_POINT('',#8517);
#2538=VERTEX_POINT('',#8519);
#2539=VERTEX_POINT('',#8521);
#2540=VERTEX_POINT('',#8525);
#2541=VERTEX_POINT('',#8527);
#2542=VERTEX_POINT('',#8533);
#2543=VERTEX_POINT('',#8535);
#2544=VERTEX_POINT('',#8539);
#2545=VERTEX_POINT('',#8543);
#2546=VERTEX_POINT('',#8545);
#2547=VERTEX_POINT('',#8547);
#2548=VERTEX_POINT('',#8551);
#2549=VERTEX_POINT('',#8555);
#2550=VERTEX_POINT('',#8559);
#2551=VERTEX_POINT('',#8566);
#2552=VERTEX_POINT('',#8570);
#2553=VERTEX_POINT('',#8590);
#2554=VERTEX_POINT('',#8592);
#2555=VERTEX_POINT('',#8596);
#2556=VERTEX_POINT('',#8598);
#2557=VERTEX_POINT('',#8605);
#2558=VERTEX_POINT('',#8607);
#2559=VERTEX_POINT('',#8611);
#2560=VERTEX_POINT('',#8613);
#2561=VERTEX_POINT('',#8620);
#2562=VERTEX_POINT('',#8622);
#2563=VERTEX_POINT('',#8626);
#2564=VERTEX_POINT('',#8629);
#2565=VERTEX_POINT('',#8633);
#2566=VERTEX_POINT('',#8635);
#2567=VERTEX_POINT('',#8642);
#2568=VERTEX_POINT('',#8644);
#2569=VERTEX_POINT('',#8648);
#2570=VERTEX_POINT('',#8649);
#2571=VERTEX_POINT('',#8652);
#2572=VERTEX_POINT('',#8656);
#2573=VERTEX_POINT('',#8660);
#2574=VERTEX_POINT('',#8666);
#2575=VERTEX_POINT('',#8667);
#2576=VERTEX_POINT('',#8669);
#2577=VERTEX_POINT('',#8671);
#2578=VERTEX_POINT('',#8673);
#2579=VERTEX_POINT('',#8675);
#2580=VERTEX_POINT('',#8677);
#2581=VERTEX_POINT('',#8679);
#2582=VERTEX_POINT('',#8681);
#2583=VERTEX_POINT('',#8683);
#2584=VERTEX_POINT('',#8685);
#2585=VERTEX_POINT('',#8687);
#2586=VERTEX_POINT('',#8691);
#2587=VERTEX_POINT('',#8693);
#2588=VERTEX_POINT('',#8697);
#2589=VERTEX_POINT('',#8701);
#2590=VERTEX_POINT('',#8705);
#2591=VERTEX_POINT('',#8709);
#2592=VERTEX_POINT('',#8713);
#2593=VERTEX_POINT('',#8717);
#2594=VERTEX_POINT('',#8721);
#2595=VERTEX_POINT('',#8725);
#2596=VERTEX_POINT('',#8729);
#2597=VERTEX_POINT('',#8733);
#2598=EDGE_CURVE('',#2165,#2165,#1844,.T.);
#2599=EDGE_CURVE('',#2165,#2166,#1178,.T.);
#2600=EDGE_CURVE('',#2166,#2166,#1845,.T.);
#2601=EDGE_CURVE('',#2167,#2167,#1846,.T.);
#2602=EDGE_CURVE('',#2167,#2168,#1179,.T.);
#2603=EDGE_CURVE('',#2168,#2168,#1847,.T.);
#2604=EDGE_CURVE('',#2169,#2170,#1848,.T.);
#2605=EDGE_CURVE('',#2170,#2171,#1180,.T.);
#2606=EDGE_CURVE('',#2171,#2172,#1849,.T.);
#2607=EDGE_CURVE('',#2172,#2169,#1181,.T.);
#2608=EDGE_CURVE('',#2171,#2173,#1182,.T.);
#2609=EDGE_CURVE('',#2174,#2173,#1850,.T.);
#2610=EDGE_CURVE('',#2174,#2175,#1183,.T.);
#2611=EDGE_CURVE('',#2176,#2175,#1184,.T.);
#2612=EDGE_CURVE('',#2176,#2177,#1851,.F.);
#2613=EDGE_CURVE('',#2177,#2178,#1185,.T.);
#2614=EDGE_CURVE('',#2179,#2178,#1852,.T.);
#2615=EDGE_CURVE('',#2179,#2180,#1186,.T.);
#2616=EDGE_CURVE('',#2172,#2180,#1187,.T.);
#2617=EDGE_CURVE('',#2170,#2181,#1188,.T.);
#2618=EDGE_CURVE('',#2173,#2181,#1189,.T.);
#2619=EDGE_CURVE('',#2181,#2182,#1853,.T.);
#2620=EDGE_CURVE('',#2182,#2174,#1190,.T.);
#2621=EDGE_CURVE('',#2183,#2184,#1854,.T.);
#2622=EDGE_CURVE('',#2184,#2185,#1191,.T.);
#2623=EDGE_CURVE('',#2185,#2186,#1855,.T.);
#2624=EDGE_CURVE('',#2186,#2183,#1192,.T.);
#2625=EDGE_CURVE('',#2187,#2184,#1193,.T.);
#2626=EDGE_CURVE('',#2188,#2187,#1856,.T.);
#2627=EDGE_CURVE('',#2189,#2188,#1194,.T.);
#2628=EDGE_CURVE('',#2190,#2189,#1857,.T.);
#2629=EDGE_CURVE('',#2185,#2190,#1195,.T.);
#2630=EDGE_CURVE('',#2191,#2192,#1858,.T.);
#2631=EDGE_CURVE('',#2192,#2193,#1196,.T.);
#2632=EDGE_CURVE('',#2193,#2194,#1859,.T.);
#2633=EDGE_CURVE('',#2194,#2191,#1197,.T.);
#2634=EDGE_CURVE('',#2193,#2186,#1198,.T.);
#2635=EDGE_CURVE('',#2183,#2192,#1199,.T.);
#2636=EDGE_CURVE('',#2178,#2195,#1200,.T.);
#2637=EDGE_CURVE('',#2195,#2196,#1860,.T.);
#2638=EDGE_CURVE('',#2196,#2197,#113,.T.);
#2639=EDGE_CURVE('',#2197,#2198,#1201,.T.);
#2640=EDGE_CURVE('',#2198,#2179,#114,.T.);
#2641=EDGE_CURVE('',#2199,#2194,#1202,.T.);
#2642=EDGE_CURVE('',#2198,#2199,#1861,.T.);
#2643=EDGE_CURVE('',#2200,#2197,#1862,.T.);
#2644=EDGE_CURVE('',#2191,#2200,#1203,.T.);
#2645=EDGE_CURVE('',#2201,#2202,#1863,.F.);
#2646=EDGE_CURVE('',#2201,#2177,#1204,.T.);
#2647=EDGE_CURVE('',#2189,#2176,#115,.F.);
#2648=EDGE_CURVE('',#2202,#2188,#116,.F.);
#2649=EDGE_CURVE('',#2195,#2201,#1205,.T.);
#2650=EDGE_CURVE('',#2200,#2203,#1206,.T.);
#2651=EDGE_CURVE('',#2204,#2203,#1207,.T.);
#2652=EDGE_CURVE('',#2204,#2205,#1208,.T.);
#2653=EDGE_CURVE('',#2206,#2205,#1209,.T.);
#2654=EDGE_CURVE('',#2206,#2187,#1210,.T.);
#2655=EDGE_CURVE('',#2207,#2196,#1211,.T.);
#2656=EDGE_CURVE('',#2203,#2207,#1864,.T.);
#2657=EDGE_CURVE('',#2208,#2199,#1212,.T.);
#2658=EDGE_CURVE('',#2180,#2208,#1865,.T.);
#2659=EDGE_CURVE('',#2175,#2209,#1866,.T.);
#2660=EDGE_CURVE('',#2190,#2209,#1213,.T.);
#2661=EDGE_CURVE('',#2210,#2210,#1867,.T.);
#2662=EDGE_CURVE('',#2210,#2211,#1214,.T.);
#2663=EDGE_CURVE('',#2211,#2211,#1868,.T.);
#2664=EDGE_CURVE('',#2212,#2212,#1869,.T.);
#2665=EDGE_CURVE('',#2212,#2213,#1215,.T.);
#2666=EDGE_CURVE('',#2213,#2213,#1870,.T.);
#2667=EDGE_CURVE('',#2214,#2215,#1871,.T.);
#2668=EDGE_CURVE('',#2215,#2216,#1216,.T.);
#2669=EDGE_CURVE('',#2216,#2217,#1872,.T.);
#2670=EDGE_CURVE('',#2217,#2214,#1217,.T.);
#2671=EDGE_CURVE('',#2215,#2218,#1218,.T.);
#2672=EDGE_CURVE('',#2218,#2219,#1219,.T.);
#2673=EDGE_CURVE('',#2216,#2219,#1220,.T.);
#2674=EDGE_CURVE('',#2220,#2214,#1221,.T.);
#2675=EDGE_CURVE('',#2221,#2220,#1873,.T.);
#2676=EDGE_CURVE('',#2222,#2221,#1222,.T.);
#2677=EDGE_CURVE('',#2222,#2223,#1223,.T.);
#2678=EDGE_CURVE('',#2224,#2223,#1874,.T.);
#2679=EDGE_CURVE('',#2224,#2225,#1224,.T.);
#2680=EDGE_CURVE('',#2225,#2226,#1875,.F.);
#2681=EDGE_CURVE('',#2226,#2218,#1225,.T.);
#2682=EDGE_CURVE('',#2220,#2227,#1226,.T.);
#2683=EDGE_CURVE('',#2227,#2228,#1876,.T.);
#2684=EDGE_CURVE('',#2228,#2221,#1227,.T.);
#2685=EDGE_CURVE('',#2228,#2229,#1228,.T.);
#2686=EDGE_CURVE('',#2229,#2222,#1229,.T.);
#2687=EDGE_CURVE('',#2230,#2219,#1230,.T.);
#2688=EDGE_CURVE('',#2230,#2231,#1877,.F.);
#2689=EDGE_CURVE('',#2231,#2232,#1231,.T.);
#2690=EDGE_CURVE('',#2233,#2232,#1878,.T.);
#2691=EDGE_CURVE('',#2233,#2229,#1232,.T.);
#2692=EDGE_CURVE('',#2227,#2217,#1233,.T.);
#2693=EDGE_CURVE('',#2234,#2235,#1879,.T.);
#2694=EDGE_CURVE('',#2235,#2236,#1234,.T.);
#2695=EDGE_CURVE('',#2236,#2237,#1880,.T.);
#2696=EDGE_CURVE('',#2237,#2234,#1235,.T.);
#2697=EDGE_CURVE('',#2238,#2235,#1236,.T.);
#2698=EDGE_CURVE('',#2239,#2238,#1237,.T.);
#2699=EDGE_CURVE('',#2236,#2239,#1238,.T.);
#2700=EDGE_CURVE('',#2238,#2240,#1881,.T.);
#2701=EDGE_CURVE('',#2240,#2241,#1239,.T.);
#2702=EDGE_CURVE('',#2241,#2239,#1882,.T.);
#2703=EDGE_CURVE('',#2242,#2240,#1240,.T.);
#2704=EDGE_CURVE('',#2243,#2242,#1883,.T.);
#2705=EDGE_CURVE('',#2244,#2243,#1241,.T.);
#2706=EDGE_CURVE('',#2245,#2244,#1884,.T.);
#2707=EDGE_CURVE('',#2241,#2245,#1242,.T.);
#2708=EDGE_CURVE('',#2244,#2230,#117,.F.);
#2709=EDGE_CURVE('',#2226,#2243,#118,.F.);
#2710=EDGE_CURVE('',#2225,#2231,#1243,.T.);
#2711=EDGE_CURVE('',#2232,#2224,#1244,.T.);
#2712=EDGE_CURVE('',#2223,#2246,#119,.T.);
#2713=EDGE_CURVE('',#2246,#2247,#1245,.T.);
#2714=EDGE_CURVE('',#2247,#2233,#120,.T.);
#2715=EDGE_CURVE('',#2248,#2237,#1246,.T.);
#2716=EDGE_CURVE('',#2247,#2248,#1885,.T.);
#2717=EDGE_CURVE('',#2249,#2246,#1886,.T.);
#2718=EDGE_CURVE('',#2234,#2249,#1247,.T.);
#2719=EDGE_CURVE('',#2250,#2242,#1248,.T.);
#2720=EDGE_CURVE('',#2218,#2250,#1887,.T.);
#2721=EDGE_CURVE('',#2245,#2251,#1249,.T.);
#2722=EDGE_CURVE('',#2251,#2252,#1250,.T.);
#2723=EDGE_CURVE('',#2252,#2253,#1251,.T.);
#2724=EDGE_CURVE('',#2254,#2253,#1252,.T.);
#2725=EDGE_CURVE('',#2254,#2248,#1253,.T.);
#2726=EDGE_CURVE('',#2219,#2251,#1888,.T.);
#2727=EDGE_CURVE('',#2255,#2222,#1889,.T.);
#2728=EDGE_CURVE('',#2249,#2255,#1254,.T.);
#2729=EDGE_CURVE('',#2229,#2254,#1890,.T.);
#2730=EDGE_CURVE('',#2255,#2254,#1255,.T.);
#2731=EDGE_CURVE('',#2251,#2250,#1256,.T.);
#2732=EDGE_CURVE('',#2256,#2206,#1891,.T.);
#2733=EDGE_CURVE('',#2202,#2256,#1257,.T.);
#2734=EDGE_CURVE('',#2182,#2256,#1258,.T.);
#2735=EDGE_CURVE('',#2256,#2175,#1259,.T.);
#2736=EDGE_CURVE('',#2180,#2207,#1260,.T.);
#2737=EDGE_CURVE('',#2203,#2208,#1261,.T.);
#2738=EDGE_CURVE('',#2209,#2206,#1262,.T.);
#2739=EDGE_CURVE('',#2207,#2169,#1263,.T.);
#2740=EDGE_CURVE('',#2253,#2257,#1264,.T.);
#2741=EDGE_CURVE('',#2257,#2255,#1265,.T.);
#2742=EDGE_CURVE('',#2250,#2258,#1266,.T.);
#2743=EDGE_CURVE('',#2258,#2252,#1267,.T.);
#2744=EDGE_CURVE('',#2208,#2259,#1268,.T.);
#2745=EDGE_CURVE('',#2259,#2204,#1269,.T.);
#2746=EDGE_CURVE('',#2209,#2260,#1270,.T.);
#2747=EDGE_CURVE('',#2260,#2259,#1271,.T.);
#2748=EDGE_CURVE('',#2205,#2260,#1272,.T.);
#2749=EDGE_CURVE('',#2257,#2258,#1273,.T.);
#2750=EDGE_CURVE('',#2261,#2257,#1892,.T.);
#2751=EDGE_CURVE('',#2262,#2261,#1274,.T.);
#2752=EDGE_CURVE('',#2258,#2262,#1893,.T.);
#2753=EDGE_CURVE('',#2253,#2263,#1894,.T.);
#2754=EDGE_CURVE('',#2261,#2263,#1275,.T.);
#2755=EDGE_CURVE('',#2264,#2262,#1276,.T.);
#2756=EDGE_CURVE('',#2252,#2264,#1895,.T.);
#2757=EDGE_CURVE('',#2263,#2264,#1277,.T.);
#2758=EDGE_CURVE('',#2265,#2204,#1896,.T.);
#2759=EDGE_CURVE('',#2266,#2265,#1278,.T.);
#2760=EDGE_CURVE('',#2205,#2266,#1897,.T.);
#2761=EDGE_CURVE('',#2259,#2267,#1898,.T.);
#2762=EDGE_CURVE('',#2265,#2267,#1279,.T.);
#2763=EDGE_CURVE('',#2268,#2266,#1280,.T.);
#2764=EDGE_CURVE('',#2260,#2268,#1899,.T.);
#2765=EDGE_CURVE('',#2267,#2268,#1281,.T.);
#2766=EDGE_CURVE('',#2265,#2262,#1282,.T.);
#2767=EDGE_CURVE('',#2267,#2264,#1283,.T.);
#2768=EDGE_CURVE('',#2261,#2266,#1284,.T.);
#2769=EDGE_CURVE('',#2263,#2268,#1285,.T.);
#2770=EDGE_CURVE('',#2269,#2269,#1900,.T.);
#2771=EDGE_CURVE('',#2269,#2270,#1286,.T.);
#2772=EDGE_CURVE('',#2270,#2270,#1901,.T.);
#2773=EDGE_CURVE('',#2271,#2271,#1902,.T.);
#2774=EDGE_CURVE('',#2271,#2272,#1287,.T.);
#2775=EDGE_CURVE('',#2272,#2272,#1903,.T.);
#2776=EDGE_CURVE('',#2273,#2273,#1904,.T.);
#2777=EDGE_CURVE('',#2273,#2274,#1288,.T.);
#2778=EDGE_CURVE('',#2274,#2274,#1905,.T.);
#2779=EDGE_CURVE('',#2275,#2275,#1906,.T.);
#2780=EDGE_CURVE('',#2275,#2276,#1289,.T.);
#2781=EDGE_CURVE('',#2276,#2276,#1907,.T.);
#2782=EDGE_CURVE('',#2277,#2277,#1908,.T.);
#2783=EDGE_CURVE('',#2277,#2278,#1290,.T.);
#2784=EDGE_CURVE('',#2278,#2278,#1909,.T.);
#2785=EDGE_CURVE('',#2279,#2279,#1910,.T.);
#2786=EDGE_CURVE('',#2279,#2280,#1291,.T.);
#2787=EDGE_CURVE('',#2280,#2280,#1911,.T.);
#2788=EDGE_CURVE('',#2281,#2281,#1912,.T.);
#2789=EDGE_CURVE('',#2281,#2282,#1292,.T.);
#2790=EDGE_CURVE('',#2282,#2282,#1913,.T.);
#2791=EDGE_CURVE('',#2283,#2283,#1914,.T.);
#2792=EDGE_CURVE('',#2283,#2284,#1293,.T.);
#2793=EDGE_CURVE('',#2284,#2284,#1915,.T.);
#2794=EDGE_CURVE('',#2285,#2285,#1916,.T.);
#2795=EDGE_CURVE('',#2285,#2286,#1294,.T.);
#2796=EDGE_CURVE('',#2286,#2286,#1917,.T.);
#2797=EDGE_CURVE('',#2287,#2287,#1918,.T.);
#2798=EDGE_CURVE('',#2287,#2288,#1295,.T.);
#2799=EDGE_CURVE('',#2288,#2288,#1919,.T.);
#2800=EDGE_CURVE('',#2289,#2289,#1920,.T.);
#2801=EDGE_CURVE('',#2289,#2290,#1296,.T.);
#2802=EDGE_CURVE('',#2290,#2290,#1921,.T.);
#2803=EDGE_CURVE('',#2291,#2291,#1922,.T.);
#2804=EDGE_CURVE('',#2291,#2292,#1297,.T.);
#2805=EDGE_CURVE('',#2292,#2292,#1923,.T.);
#2806=EDGE_CURVE('',#2293,#2293,#1924,.T.);
#2807=EDGE_CURVE('',#2293,#2294,#1298,.T.);
#2808=EDGE_CURVE('',#2294,#2294,#1925,.T.);
#2809=EDGE_CURVE('',#2295,#2295,#1926,.T.);
#2810=EDGE_CURVE('',#2295,#2296,#1299,.T.);
#2811=EDGE_CURVE('',#2296,#2296,#1927,.T.);
#2812=EDGE_CURVE('',#2297,#2297,#1928,.T.);
#2813=EDGE_CURVE('',#2297,#2298,#1300,.T.);
#2814=EDGE_CURVE('',#2298,#2298,#1929,.T.);
#2815=EDGE_CURVE('',#2299,#2299,#1930,.T.);
#2816=EDGE_CURVE('',#2299,#2300,#1301,.T.);
#2817=EDGE_CURVE('',#2300,#2300,#1931,.T.);
#2818=EDGE_CURVE('',#2301,#2301,#1932,.T.);
#2819=EDGE_CURVE('',#2301,#2302,#1302,.T.);
#2820=EDGE_CURVE('',#2302,#2302,#1933,.T.);
#2821=EDGE_CURVE('',#2303,#2303,#1934,.T.);
#2822=EDGE_CURVE('',#2303,#2304,#1303,.T.);
#2823=EDGE_CURVE('',#2304,#2304,#1935,.T.);
#2824=EDGE_CURVE('',#2305,#2305,#1936,.T.);
#2825=EDGE_CURVE('',#2305,#2306,#1304,.T.);
#2826=EDGE_CURVE('',#2306,#2306,#1937,.T.);
#2827=EDGE_CURVE('',#2307,#2307,#1938,.T.);
#2828=EDGE_CURVE('',#2307,#2308,#1305,.T.);
#2829=EDGE_CURVE('',#2308,#2308,#1939,.T.);
#2830=EDGE_CURVE('',#2309,#2309,#1940,.T.);
#2831=EDGE_CURVE('',#2309,#2310,#1306,.T.);
#2832=EDGE_CURVE('',#2310,#2310,#1941,.T.);
#2833=EDGE_CURVE('',#2311,#2311,#1942,.T.);
#2834=EDGE_CURVE('',#2311,#2312,#1307,.T.);
#2835=EDGE_CURVE('',#2312,#2312,#1943,.T.);
#2836=EDGE_CURVE('',#2313,#2313,#1944,.T.);
#2837=EDGE_CURVE('',#2313,#2314,#1308,.T.);
#2838=EDGE_CURVE('',#2314,#2314,#1945,.T.);
#2839=EDGE_CURVE('',#2315,#2315,#1946,.T.);
#2840=EDGE_CURVE('',#2315,#2316,#1309,.T.);
#2841=EDGE_CURVE('',#2316,#2316,#1947,.T.);
#2842=EDGE_CURVE('',#2317,#2317,#1948,.T.);
#2843=EDGE_CURVE('',#2317,#2318,#1310,.T.);
#2844=EDGE_CURVE('',#2318,#2318,#1949,.T.);
#2845=EDGE_CURVE('',#2319,#2319,#1950,.T.);
#2846=EDGE_CURVE('',#2319,#2320,#1311,.T.);
#2847=EDGE_CURVE('',#2320,#2320,#1951,.T.);
#2848=EDGE_CURVE('',#2321,#2321,#1952,.T.);
#2849=EDGE_CURVE('',#2321,#2322,#1312,.T.);
#2850=EDGE_CURVE('',#2322,#2322,#1953,.T.);
#2851=EDGE_CURVE('',#2323,#2323,#1954,.T.);
#2852=EDGE_CURVE('',#2323,#2324,#1313,.T.);
#2853=EDGE_CURVE('',#2324,#2324,#1955,.T.);
#2854=EDGE_CURVE('',#2325,#2325,#1956,.T.);
#2855=EDGE_CURVE('',#2325,#2326,#1314,.T.);
#2856=EDGE_CURVE('',#2326,#2326,#1957,.T.);
#2857=EDGE_CURVE('',#2327,#2327,#1958,.T.);
#2858=EDGE_CURVE('',#2327,#2328,#1315,.T.);
#2859=EDGE_CURVE('',#2328,#2328,#1959,.T.);
#2860=EDGE_CURVE('',#2329,#2329,#1960,.T.);
#2861=EDGE_CURVE('',#2329,#2330,#1316,.T.);
#2862=EDGE_CURVE('',#2330,#2330,#1961,.T.);
#2863=EDGE_CURVE('',#2331,#2331,#1962,.T.);
#2864=EDGE_CURVE('',#2331,#2332,#1317,.T.);
#2865=EDGE_CURVE('',#2332,#2332,#1963,.T.);
#2866=EDGE_CURVE('',#2333,#2333,#1964,.T.);
#2867=EDGE_CURVE('',#2333,#2334,#1318,.T.);
#2868=EDGE_CURVE('',#2334,#2334,#1965,.T.);
#2869=EDGE_CURVE('',#2335,#2335,#1966,.T.);
#2870=EDGE_CURVE('',#2335,#2336,#1319,.T.);
#2871=EDGE_CURVE('',#2336,#2336,#1967,.T.);
#2872=EDGE_CURVE('',#2337,#2337,#1968,.T.);
#2873=EDGE_CURVE('',#2337,#2338,#1320,.T.);
#2874=EDGE_CURVE('',#2338,#2338,#1969,.T.);
#2875=EDGE_CURVE('',#2339,#2339,#1970,.T.);
#2876=EDGE_CURVE('',#2339,#2340,#1321,.T.);
#2877=EDGE_CURVE('',#2340,#2340,#1971,.T.);
#2878=EDGE_CURVE('',#2341,#2341,#1972,.T.);
#2879=EDGE_CURVE('',#2341,#2342,#1322,.T.);
#2880=EDGE_CURVE('',#2342,#2342,#1973,.T.);
#2881=EDGE_CURVE('',#2343,#2343,#1974,.T.);
#2882=EDGE_CURVE('',#2343,#2344,#1323,.T.);
#2883=EDGE_CURVE('',#2344,#2344,#1975,.T.);
#2884=EDGE_CURVE('',#2345,#2345,#1976,.T.);
#2885=EDGE_CURVE('',#2345,#2346,#1324,.T.);
#2886=EDGE_CURVE('',#2346,#2346,#1977,.T.);
#2887=EDGE_CURVE('',#2347,#2347,#1978,.T.);
#2888=EDGE_CURVE('',#2347,#2348,#1325,.T.);
#2889=EDGE_CURVE('',#2348,#2348,#1979,.T.);
#2890=EDGE_CURVE('',#2349,#2349,#1980,.T.);
#2891=EDGE_CURVE('',#2349,#2350,#1326,.T.);
#2892=EDGE_CURVE('',#2350,#2350,#1981,.T.);
#2893=EDGE_CURVE('',#2351,#2351,#1982,.T.);
#2894=EDGE_CURVE('',#2351,#2352,#1327,.T.);
#2895=EDGE_CURVE('',#2352,#2352,#1983,.T.);
#2896=EDGE_CURVE('',#2353,#2353,#1984,.T.);
#2897=EDGE_CURVE('',#2353,#2354,#1328,.T.);
#2898=EDGE_CURVE('',#2354,#2354,#1985,.T.);
#2899=EDGE_CURVE('',#2355,#2355,#1986,.T.);
#2900=EDGE_CURVE('',#2355,#2356,#1329,.T.);
#2901=EDGE_CURVE('',#2356,#2356,#1987,.T.);
#2902=EDGE_CURVE('',#2357,#2357,#1988,.T.);
#2903=EDGE_CURVE('',#2357,#2358,#1330,.T.);
#2904=EDGE_CURVE('',#2358,#2358,#1989,.T.);
#2905=EDGE_CURVE('',#2359,#2359,#1990,.T.);
#2906=EDGE_CURVE('',#2359,#2360,#1331,.T.);
#2907=EDGE_CURVE('',#2360,#2360,#1991,.T.);
#2908=EDGE_CURVE('',#2361,#2361,#1992,.T.);
#2909=EDGE_CURVE('',#2361,#2362,#1332,.T.);
#2910=EDGE_CURVE('',#2362,#2362,#1993,.T.);
#2911=EDGE_CURVE('',#2363,#2363,#1994,.T.);
#2912=EDGE_CURVE('',#2363,#2364,#1333,.T.);
#2913=EDGE_CURVE('',#2364,#2364,#1995,.T.);
#2914=EDGE_CURVE('',#2365,#2365,#1996,.T.);
#2915=EDGE_CURVE('',#2365,#2366,#1334,.T.);
#2916=EDGE_CURVE('',#2366,#2366,#1997,.T.);
#2917=EDGE_CURVE('',#2367,#2367,#1998,.T.);
#2918=EDGE_CURVE('',#2367,#2368,#1335,.T.);
#2919=EDGE_CURVE('',#2368,#2368,#1999,.T.);
#2920=EDGE_CURVE('',#2369,#2369,#2000,.T.);
#2921=EDGE_CURVE('',#2369,#2370,#1336,.T.);
#2922=EDGE_CURVE('',#2370,#2370,#2001,.T.);
#2923=EDGE_CURVE('',#2371,#2371,#2002,.T.);
#2924=EDGE_CURVE('',#2371,#2372,#1337,.T.);
#2925=EDGE_CURVE('',#2372,#2372,#2003,.T.);
#2926=EDGE_CURVE('',#2373,#2373,#2004,.T.);
#2927=EDGE_CURVE('',#2373,#2374,#1338,.T.);
#2928=EDGE_CURVE('',#2374,#2374,#2005,.T.);
#2929=EDGE_CURVE('',#2375,#2375,#2006,.T.);
#2930=EDGE_CURVE('',#2375,#2376,#1339,.T.);
#2931=EDGE_CURVE('',#2376,#2376,#2007,.T.);
#2932=EDGE_CURVE('',#2377,#2377,#2008,.T.);
#2933=EDGE_CURVE('',#2377,#2378,#1340,.T.);
#2934=EDGE_CURVE('',#2378,#2378,#2009,.T.);
#2935=EDGE_CURVE('',#2379,#2379,#2010,.T.);
#2936=EDGE_CURVE('',#2379,#2380,#1341,.T.);
#2937=EDGE_CURVE('',#2380,#2380,#2011,.T.);
#2938=EDGE_CURVE('',#2381,#2381,#2012,.T.);
#2939=EDGE_CURVE('',#2381,#2382,#1342,.T.);
#2940=EDGE_CURVE('',#2382,#2382,#2013,.T.);
#2941=EDGE_CURVE('',#2383,#2383,#2014,.T.);
#2942=EDGE_CURVE('',#2383,#2384,#1343,.T.);
#2943=EDGE_CURVE('',#2384,#2384,#2015,.T.);
#2944=EDGE_CURVE('',#2385,#2385,#2016,.T.);
#2945=EDGE_CURVE('',#2385,#2386,#1344,.T.);
#2946=EDGE_CURVE('',#2386,#2386,#2017,.T.);
#2947=EDGE_CURVE('',#2387,#2387,#2018,.T.);
#2948=EDGE_CURVE('',#2387,#2388,#1345,.T.);
#2949=EDGE_CURVE('',#2388,#2388,#2019,.T.);
#2950=EDGE_CURVE('',#2389,#2389,#2020,.T.);
#2951=EDGE_CURVE('',#2389,#2390,#1346,.T.);
#2952=EDGE_CURVE('',#2390,#2390,#2021,.T.);
#2953=EDGE_CURVE('',#2391,#2391,#2022,.T.);
#2954=EDGE_CURVE('',#2391,#2392,#1347,.T.);
#2955=EDGE_CURVE('',#2392,#2392,#2023,.T.);
#2956=EDGE_CURVE('',#2393,#2393,#2024,.T.);
#2957=EDGE_CURVE('',#2393,#2394,#1348,.T.);
#2958=EDGE_CURVE('',#2394,#2394,#2025,.T.);
#2959=EDGE_CURVE('',#2395,#2395,#2026,.T.);
#2960=EDGE_CURVE('',#2395,#2396,#1349,.T.);
#2961=EDGE_CURVE('',#2396,#2396,#2027,.T.);
#2962=EDGE_CURVE('',#2397,#2397,#2028,.T.);
#2963=EDGE_CURVE('',#2397,#2398,#1350,.T.);
#2964=EDGE_CURVE('',#2398,#2398,#2029,.T.);
#2965=EDGE_CURVE('',#2399,#2399,#2030,.T.);
#2966=EDGE_CURVE('',#2399,#2400,#1351,.T.);
#2967=EDGE_CURVE('',#2400,#2400,#2031,.T.);
#2968=EDGE_CURVE('',#2401,#2401,#2032,.T.);
#2969=EDGE_CURVE('',#2401,#2402,#1352,.T.);
#2970=EDGE_CURVE('',#2402,#2402,#2033,.T.);
#2971=EDGE_CURVE('',#2403,#2403,#2034,.T.);
#2972=EDGE_CURVE('',#2403,#2404,#1353,.T.);
#2973=EDGE_CURVE('',#2404,#2404,#2035,.T.);
#2974=EDGE_CURVE('',#2405,#2405,#2036,.T.);
#2975=EDGE_CURVE('',#2405,#2406,#1354,.T.);
#2976=EDGE_CURVE('',#2406,#2406,#2037,.T.);
#2977=EDGE_CURVE('',#2407,#2407,#2038,.T.);
#2978=EDGE_CURVE('',#2407,#2408,#1355,.T.);
#2979=EDGE_CURVE('',#2408,#2408,#2039,.T.);
#2980=EDGE_CURVE('',#2409,#2409,#2040,.T.);
#2981=EDGE_CURVE('',#2409,#2410,#1356,.T.);
#2982=EDGE_CURVE('',#2410,#2410,#2041,.T.);
#2983=EDGE_CURVE('',#2411,#2411,#2042,.T.);
#2984=EDGE_CURVE('',#2411,#2412,#1357,.T.);
#2985=EDGE_CURVE('',#2412,#2412,#2043,.T.);
#2986=EDGE_CURVE('',#2413,#2413,#2044,.T.);
#2987=EDGE_CURVE('',#2413,#2414,#1358,.T.);
#2988=EDGE_CURVE('',#2414,#2414,#2045,.T.);
#2989=EDGE_CURVE('',#2415,#2415,#2046,.T.);
#2990=EDGE_CURVE('',#2415,#2416,#1359,.T.);
#2991=EDGE_CURVE('',#2416,#2416,#2047,.T.);
#2992=EDGE_CURVE('',#2417,#2417,#2048,.T.);
#2993=EDGE_CURVE('',#2417,#2418,#1360,.T.);
#2994=EDGE_CURVE('',#2418,#2418,#2049,.T.);
#2995=EDGE_CURVE('',#2419,#2419,#2050,.T.);
#2996=EDGE_CURVE('',#2419,#2420,#1361,.T.);
#2997=EDGE_CURVE('',#2420,#2420,#2051,.T.);
#2998=EDGE_CURVE('',#2421,#2421,#2052,.T.);
#2999=EDGE_CURVE('',#2421,#2422,#1362,.T.);
#3000=EDGE_CURVE('',#2422,#2422,#2053,.T.);
#3001=EDGE_CURVE('',#2423,#2423,#2054,.T.);
#3002=EDGE_CURVE('',#2423,#2424,#1363,.T.);
#3003=EDGE_CURVE('',#2424,#2424,#2055,.T.);
#3004=EDGE_CURVE('',#2425,#2425,#2056,.T.);
#3005=EDGE_CURVE('',#2425,#2426,#1364,.T.);
#3006=EDGE_CURVE('',#2426,#2426,#2057,.T.);
#3007=EDGE_CURVE('',#2427,#2427,#2058,.T.);
#3008=EDGE_CURVE('',#2427,#2428,#1365,.T.);
#3009=EDGE_CURVE('',#2428,#2428,#2059,.T.);
#3010=EDGE_CURVE('',#2429,#2429,#2060,.T.);
#3011=EDGE_CURVE('',#2429,#2430,#1366,.T.);
#3012=EDGE_CURVE('',#2430,#2430,#2061,.T.);
#3013=EDGE_CURVE('',#2431,#2431,#2062,.T.);
#3014=EDGE_CURVE('',#2431,#2432,#1367,.T.);
#3015=EDGE_CURVE('',#2432,#2432,#2063,.T.);
#3016=EDGE_CURVE('',#2433,#2433,#2064,.T.);
#3017=EDGE_CURVE('',#2433,#2434,#1368,.T.);
#3018=EDGE_CURVE('',#2434,#2434,#2065,.T.);
#3019=EDGE_CURVE('',#2435,#2435,#2066,.T.);
#3020=EDGE_CURVE('',#2435,#2436,#1369,.T.);
#3021=EDGE_CURVE('',#2436,#2436,#2067,.T.);
#3022=EDGE_CURVE('',#2437,#2437,#2068,.T.);
#3023=EDGE_CURVE('',#2437,#2438,#1370,.T.);
#3024=EDGE_CURVE('',#2438,#2438,#2069,.T.);
#3025=EDGE_CURVE('',#2439,#2439,#2070,.T.);
#3026=EDGE_CURVE('',#2439,#2440,#1371,.T.);
#3027=EDGE_CURVE('',#2440,#2440,#2071,.T.);
#3028=EDGE_CURVE('',#2441,#2441,#2072,.T.);
#3029=EDGE_CURVE('',#2441,#2442,#1372,.T.);
#3030=EDGE_CURVE('',#2442,#2442,#2073,.T.);
#3031=EDGE_CURVE('',#2443,#2443,#2074,.T.);
#3032=EDGE_CURVE('',#2443,#2444,#1373,.T.);
#3033=EDGE_CURVE('',#2444,#2444,#2075,.T.);
#3034=EDGE_CURVE('',#2445,#2445,#2076,.T.);
#3035=EDGE_CURVE('',#2445,#2446,#1374,.T.);
#3036=EDGE_CURVE('',#2446,#2446,#2077,.T.);
#3037=EDGE_CURVE('',#2447,#2447,#2078,.T.);
#3038=EDGE_CURVE('',#2447,#2448,#1375,.T.);
#3039=EDGE_CURVE('',#2448,#2448,#2079,.T.);
#3040=EDGE_CURVE('',#2449,#2449,#2080,.T.);
#3041=EDGE_CURVE('',#2449,#2450,#1376,.T.);
#3042=EDGE_CURVE('',#2450,#2450,#2081,.T.);
#3043=EDGE_CURVE('',#2451,#2451,#2082,.T.);
#3044=EDGE_CURVE('',#2451,#2452,#1377,.T.);
#3045=EDGE_CURVE('',#2452,#2452,#2083,.T.);
#3046=EDGE_CURVE('',#2453,#2453,#2084,.T.);
#3047=EDGE_CURVE('',#2453,#2454,#1378,.T.);
#3048=EDGE_CURVE('',#2454,#2454,#2085,.T.);
#3049=EDGE_CURVE('',#2455,#2455,#2086,.T.);
#3050=EDGE_CURVE('',#2455,#2456,#1379,.T.);
#3051=EDGE_CURVE('',#2456,#2456,#2087,.T.);
#3052=EDGE_CURVE('',#2457,#2457,#2088,.T.);
#3053=EDGE_CURVE('',#2457,#2458,#1380,.T.);
#3054=EDGE_CURVE('',#2458,#2458,#2089,.T.);
#3055=EDGE_CURVE('',#2459,#2459,#2090,.T.);
#3056=EDGE_CURVE('',#2459,#2460,#1381,.T.);
#3057=EDGE_CURVE('',#2460,#2460,#2091,.T.);
#3058=EDGE_CURVE('',#2461,#2461,#2092,.T.);
#3059=EDGE_CURVE('',#2461,#2462,#1382,.T.);
#3060=EDGE_CURVE('',#2462,#2462,#2093,.T.);
#3061=EDGE_CURVE('',#2463,#2463,#2094,.T.);
#3062=EDGE_CURVE('',#2463,#2464,#1383,.T.);
#3063=EDGE_CURVE('',#2464,#2464,#2095,.T.);
#3064=EDGE_CURVE('',#2465,#2465,#2096,.T.);
#3065=EDGE_CURVE('',#2465,#2466,#1384,.T.);
#3066=EDGE_CURVE('',#2466,#2466,#2097,.T.);
#3067=EDGE_CURVE('',#2467,#2467,#2098,.T.);
#3068=EDGE_CURVE('',#2467,#2468,#1385,.T.);
#3069=EDGE_CURVE('',#2468,#2468,#2099,.T.);
#3070=EDGE_CURVE('',#2469,#2469,#2100,.T.);
#3071=EDGE_CURVE('',#2469,#2470,#1386,.T.);
#3072=EDGE_CURVE('',#2470,#2470,#2101,.T.);
#3073=EDGE_CURVE('',#2471,#2471,#2102,.T.);
#3074=EDGE_CURVE('',#2471,#2472,#1387,.T.);
#3075=EDGE_CURVE('',#2472,#2472,#2103,.T.);
#3076=EDGE_CURVE('',#2473,#2473,#2104,.T.);
#3077=EDGE_CURVE('',#2473,#2474,#1388,.T.);
#3078=EDGE_CURVE('',#2474,#2474,#2105,.T.);
#3079=EDGE_CURVE('',#2475,#2475,#2106,.T.);
#3080=EDGE_CURVE('',#2475,#2476,#1389,.T.);
#3081=EDGE_CURVE('',#2476,#2476,#2107,.T.);
#3082=EDGE_CURVE('',#2477,#2477,#2108,.T.);
#3083=EDGE_CURVE('',#2477,#2478,#1390,.T.);
#3084=EDGE_CURVE('',#2478,#2478,#2109,.T.);
#3085=EDGE_CURVE('',#2479,#2479,#2110,.T.);
#3086=EDGE_CURVE('',#2479,#2480,#1391,.T.);
#3087=EDGE_CURVE('',#2480,#2480,#2111,.T.);
#3088=EDGE_CURVE('',#2481,#2481,#2112,.T.);
#3089=EDGE_CURVE('',#2481,#2482,#1392,.T.);
#3090=EDGE_CURVE('',#2482,#2482,#2113,.T.);
#3091=EDGE_CURVE('',#2483,#2483,#2114,.T.);
#3092=EDGE_CURVE('',#2483,#2484,#1393,.T.);
#3093=EDGE_CURVE('',#2484,#2484,#2115,.T.);
#3094=EDGE_CURVE('',#2485,#2485,#2116,.T.);
#3095=EDGE_CURVE('',#2485,#2486,#1394,.T.);
#3096=EDGE_CURVE('',#2486,#2486,#2117,.T.);
#3097=EDGE_CURVE('',#2487,#2487,#2118,.T.);
#3098=EDGE_CURVE('',#2487,#2488,#1395,.T.);
#3099=EDGE_CURVE('',#2488,#2488,#2119,.T.);
#3100=EDGE_CURVE('',#2489,#2490,#1396,.T.);
#3101=EDGE_CURVE('',#2490,#2491,#85,.T.);
#3102=EDGE_CURVE('',#2491,#2492,#1397,.T.);
#3103=EDGE_CURVE('',#2492,#2489,#86,.T.);
#3104=EDGE_CURVE('',#2493,#2494,#121,.T.);
#3105=EDGE_CURVE('',#2494,#2491,#1398,.T.);
#3106=EDGE_CURVE('',#2490,#2495,#1399,.T.);
#3107=EDGE_CURVE('',#2496,#2495,#87,.T.);
#3108=EDGE_CURVE('',#2496,#2497,#1400,.T.);
#3109=EDGE_CURVE('',#2497,#2498,#122,.T.);
#3110=EDGE_CURVE('',#2498,#2499,#1401,.T.);
#3111=EDGE_CURVE('',#2499,#2500,#2120,.T.);
#3112=EDGE_CURVE('',#2500,#2501,#1402,.T.);
#3113=EDGE_CURVE('',#2501,#2502,#2121,.T.);
#3114=EDGE_CURVE('',#2502,#2493,#1403,.T.);
#3115=EDGE_CURVE('',#2503,#2504,#123,.T.);
#3116=EDGE_CURVE('',#2504,#2505,#1404,.T.);
#3117=EDGE_CURVE('',#2505,#2506,#88,.T.);
#3118=EDGE_CURVE('',#2506,#2489,#1405,.T.);
#3119=EDGE_CURVE('',#2492,#2507,#1406,.T.);
#3120=EDGE_CURVE('',#2507,#2508,#124,.T.);
#3121=EDGE_CURVE('',#2508,#2509,#1407,.T.);
#3122=EDGE_CURVE('',#2509,#2510,#2122,.T.);
#3123=EDGE_CURVE('',#2510,#2511,#1408,.T.);
#3124=EDGE_CURVE('',#2511,#2512,#2123,.T.);
#3125=EDGE_CURVE('',#2512,#2503,#1409,.T.);
#3126=EDGE_CURVE('',#2495,#2506,#1410,.T.);
#3127=EDGE_CURVE('',#2505,#2496,#1411,.T.);
#3128=EDGE_CURVE('',#2513,#2499,#1412,.T.);
#3129=EDGE_CURVE('',#2514,#2513,#2124,.T.);
#3130=EDGE_CURVE('',#2514,#2515,#1413,.T.);
#3131=EDGE_CURVE('',#2516,#2515,#1414,.T.);
#3132=EDGE_CURVE('',#2500,#2516,#1415,.T.);
#3133=EDGE_CURVE('',#2496,#2517,#1416,.T.);
#3134=EDGE_CURVE('',#2518,#2517,#1417,.T.);
#3135=EDGE_CURVE('',#2497,#2518,#1418,.T.);
#3136=EDGE_CURVE('',#2494,#2519,#1419,.T.);
#3137=EDGE_CURVE('',#2520,#2519,#1420,.T.);
#3138=EDGE_CURVE('',#2491,#2520,#1421,.T.);
#3139=EDGE_CURVE('',#2505,#2521,#1422,.T.);
#3140=EDGE_CURVE('',#2522,#2521,#2125,.T.);
#3141=EDGE_CURVE('',#2523,#2522,#1423,.T.);
#3142=EDGE_CURVE('',#2517,#2523,#2126,.T.);
#3143=EDGE_CURVE('',#2497,#2504,#1424,.T.);
#3144=EDGE_CURVE('',#2503,#2498,#1425,.T.);
#3145=EDGE_CURVE('',#2512,#2524,#1426,.T.);
#3146=EDGE_CURVE('',#2525,#2524,#1427,.T.);
#3147=EDGE_CURVE('',#2525,#2509,#1428,.T.);
#3148=EDGE_CURVE('',#2493,#2508,#1429,.T.);
#3149=EDGE_CURVE('',#2502,#2526,#1430,.T.);
#3150=EDGE_CURVE('',#2513,#2526,#1431,.T.);
#3151=EDGE_CURVE('',#2511,#2527,#1432,.T.);
#3152=EDGE_CURVE('',#2528,#2527,#1433,.T.);
#3153=EDGE_CURVE('',#2529,#2528,#1434,.T.);
#3154=EDGE_CURVE('',#2524,#2529,#2127,.T.);
#3155=EDGE_CURVE('',#2510,#2530,#1435,.T.);
#3156=EDGE_CURVE('',#2531,#2530,#2128,.T.);
#3157=EDGE_CURVE('',#2532,#2531,#1436,.T.);
#3158=EDGE_CURVE('',#2527,#2532,#2129,.T.);
#3159=EDGE_CURVE('',#2492,#2533,#1437,.T.);
#3160=EDGE_CURVE('',#2534,#2533,#1438,.T.);
#3161=EDGE_CURVE('',#2507,#2534,#1439,.T.);
#3162=EDGE_CURVE('',#2504,#2535,#1440,.T.);
#3163=EDGE_CURVE('',#2521,#2535,#1441,.T.);
#3164=EDGE_CURVE('',#2529,#2536,#1442,.T.);
#3165=EDGE_CURVE('',#2536,#2525,#2130,.T.);
#3166=EDGE_CURVE('',#2537,#2528,#2131,.T.);
#3167=EDGE_CURVE('',#2538,#2537,#1443,.T.);
#3168=EDGE_CURVE('',#2539,#2538,#2132,.T.);
#3169=EDGE_CURVE('',#2536,#2539,#1444,.T.);
#3170=EDGE_CURVE('',#2540,#2518,#2133,.T.);
#3171=EDGE_CURVE('',#2541,#2540,#1445,.T.);
#3172=EDGE_CURVE('',#2535,#2541,#2134,.T.);
#3173=EDGE_CURVE('',#2507,#2494,#1446,.T.);
#3174=EDGE_CURVE('',#2542,#2534,#2135,.T.);
#3175=EDGE_CURVE('',#2543,#2542,#1447,.T.);
#3176=EDGE_CURVE('',#2519,#2543,#2136,.T.);
#3177=EDGE_CURVE('',#2526,#2544,#2137,.T.);
#3178=EDGE_CURVE('',#2544,#2514,#1448,.T.);
#3179=EDGE_CURVE('',#2544,#2545,#1449,.T.);
#3180=EDGE_CURVE('',#2546,#2545,#2138,.T.);
#3181=EDGE_CURVE('',#2547,#2546,#1450,.T.);
#3182=EDGE_CURVE('',#2515,#2547,#2139,.T.);
#3183=EDGE_CURVE('',#2547,#2548,#1451,.T.);
#3184=EDGE_CURVE('',#2548,#2516,#2140,.T.);
#3185=EDGE_CURVE('',#2549,#2546,#1452,.T.);
#3186=EDGE_CURVE('',#2549,#2548,#1453,.T.);
#3187=EDGE_CURVE('',#2550,#2549,#2141,.T.);
#3188=EDGE_CURVE('',#2545,#2550,#1454,.T.);
#3189=EDGE_CURVE('',#2501,#2550,#1455,.T.);
#3190=EDGE_CURVE('',#2551,#2520,#2142,.T.);
#3191=EDGE_CURVE('',#2543,#2551,#1456,.T.);
#3192=EDGE_CURVE('',#2552,#2542,#1457,.T.);
#3193=EDGE_CURVE('',#2552,#2551,#1458,.T.);
#3194=EDGE_CURVE('',#2533,#2552,#2143,.T.);
#3195=EDGE_CURVE('',#2538,#2531,#1459,.T.);
#3196=EDGE_CURVE('',#2530,#2539,#1460,.T.);
#3197=EDGE_CURVE('',#2532,#2537,#1461,.T.);
#3198=EDGE_CURVE('',#2523,#2540,#1462,.T.);
#3199=EDGE_CURVE('',#2541,#2522,#1463,.T.);
#3200=EDGE_CURVE('',#2553,#2553,#2144,.T.);
#3201=EDGE_CURVE('',#2553,#2554,#1464,.T.);
#3202=EDGE_CURVE('',#2554,#2554,#2145,.T.);
#3203=EDGE_CURVE('',#2555,#2555,#2146,.T.);
#3204=EDGE_CURVE('',#2555,#2556,#1465,.T.);
#3205=EDGE_CURVE('',#2556,#2556,#2147,.T.);
#3206=EDGE_CURVE('',#2557,#2557,#2148,.T.);
#3207=EDGE_CURVE('',#2557,#2558,#1466,.T.);
#3208=EDGE_CURVE('',#2558,#2558,#2149,.T.);
#3209=EDGE_CURVE('',#2559,#2559,#2150,.T.);
#3210=EDGE_CURVE('',#2559,#2560,#1467,.T.);
#3211=EDGE_CURVE('',#2560,#2560,#2151,.T.);
#3212=EDGE_CURVE('',#2561,#2561,#2152,.T.);
#3213=EDGE_CURVE('',#2561,#2562,#1468,.T.);
#3214=EDGE_CURVE('',#2562,#2562,#2153,.T.);
#3215=EDGE_CURVE('',#2563,#2563,#2154,.T.);
#3216=EDGE_CURVE('',#2564,#2564,#2155,.T.);
#3217=EDGE_CURVE('',#2564,#2563,#1469,.T.);
#3218=EDGE_CURVE('',#2565,#2565,#2156,.T.);
#3219=EDGE_CURVE('',#2565,#2566,#1470,.T.);
#3220=EDGE_CURVE('',#2566,#2566,#2157,.T.);
#3221=EDGE_CURVE('',#2567,#2567,#2158,.T.);
#3222=EDGE_CURVE('',#2567,#2568,#1471,.T.);
#3223=EDGE_CURVE('',#2568,#2568,#2159,.T.);
#3224=EDGE_CURVE('',#2569,#2570,#2160,.T.);
#3225=EDGE_CURVE('',#2570,#2569,#2161,.T.);
#3226=EDGE_CURVE('',#2570,#2571,#1472,.T.);
#3227=EDGE_CURVE('',#2571,#2571,#2162,.T.);
#3228=EDGE_CURVE('',#2569,#2572,#1473,.T.);
#3229=EDGE_CURVE('',#2572,#2572,#2163,.T.);
#3230=EDGE_CURVE('',#2573,#2573,#2164,.T.);
#3231=EDGE_CURVE('',#2573,#2567,#1474,.T.);
#3232=EDGE_CURVE('',#2574,#2575,#1475,.T.);
#3233=EDGE_CURVE('',#2576,#2574,#1476,.T.);
#3234=EDGE_CURVE('',#2577,#2576,#1477,.T.);
#3235=EDGE_CURVE('',#2578,#2577,#1478,.T.);
#3236=EDGE_CURVE('',#2579,#2578,#1479,.T.);
#3237=EDGE_CURVE('',#2580,#2579,#1480,.T.);
#3238=EDGE_CURVE('',#2581,#2580,#1481,.T.);
#3239=EDGE_CURVE('',#2582,#2581,#1482,.T.);
#3240=EDGE_CURVE('',#2583,#2582,#1483,.T.);
#3241=EDGE_CURVE('',#2584,#2583,#1484,.T.);
#3242=EDGE_CURVE('',#2585,#2584,#1485,.T.);
#3243=EDGE_CURVE('',#2575,#2585,#1486,.T.);
#3244=EDGE_CURVE('',#2586,#2574,#1487,.T.);
#3245=EDGE_CURVE('',#2587,#2586,#1488,.T.);
#3246=EDGE_CURVE('',#2587,#2576,#1489,.T.);
#3247=EDGE_CURVE('',#2588,#2587,#1490,.T.);
#3248=EDGE_CURVE('',#2588,#2577,#1491,.T.);
#3249=EDGE_CURVE('',#2589,#2588,#1492,.T.);
#3250=EDGE_CURVE('',#2589,#2578,#1493,.T.);
#3251=EDGE_CURVE('',#2590,#2589,#1494,.T.);
#3252=EDGE_CURVE('',#2590,#2579,#1495,.T.);
#3253=EDGE_CURVE('',#2591,#2590,#1496,.T.);
#3254=EDGE_CURVE('',#2591,#2580,#1497,.T.);
#3255=EDGE_CURVE('',#2592,#2591,#1498,.T.);
#3256=EDGE_CURVE('',#2592,#2581,#1499,.T.);
#3257=EDGE_CURVE('',#2593,#2592,#1500,.T.);
#3258=EDGE_CURVE('',#2593,#2582,#1501,.T.);
#3259=EDGE_CURVE('',#2594,#2593,#1502,.T.);
#3260=EDGE_CURVE('',#2594,#2583,#1503,.T.);
#3261=EDGE_CURVE('',#2595,#2594,#1504,.T.);
#3262=EDGE_CURVE('',#2595,#2584,#1505,.T.);
#3263=EDGE_CURVE('',#2596,#2595,#1506,.T.);
#3264=EDGE_CURVE('',#2596,#2585,#1507,.T.);
#3265=EDGE_CURVE('',#2597,#2596,#1508,.T.);
#3266=EDGE_CURVE('',#2597,#2575,#1509,.T.);
#3267=EDGE_CURVE('',#2586,#2597,#1510,.T.);
#3268=ORIENTED_EDGE('',*,*,#2598,.F.);
#3269=ORIENTED_EDGE('',*,*,#2599,.T.);
#3270=ORIENTED_EDGE('',*,*,#2600,.F.);
#3271=ORIENTED_EDGE('',*,*,#2599,.F.);
#3272=ORIENTED_EDGE('',*,*,#2601,.F.);
#3273=ORIENTED_EDGE('',*,*,#2602,.T.);
#3274=ORIENTED_EDGE('',*,*,#2603,.F.);
#3275=ORIENTED_EDGE('',*,*,#2602,.F.);
#3276=ORIENTED_EDGE('',*,*,#2604,.T.);
#3277=ORIENTED_EDGE('',*,*,#2605,.T.);
#3278=ORIENTED_EDGE('',*,*,#2606,.T.);
#3279=ORIENTED_EDGE('',*,*,#2607,.T.);
#3280=ORIENTED_EDGE('',*,*,#2606,.F.);
#3281=ORIENTED_EDGE('',*,*,#2608,.T.);
#3282=ORIENTED_EDGE('',*,*,#2609,.F.);
#3283=ORIENTED_EDGE('',*,*,#2610,.T.);
#3284=ORIENTED_EDGE('',*,*,#2611,.F.);
#3285=ORIENTED_EDGE('',*,*,#2612,.T.);
#3286=ORIENTED_EDGE('',*,*,#2613,.T.);
#3287=ORIENTED_EDGE('',*,*,#2614,.F.);
#3288=ORIENTED_EDGE('',*,*,#2615,.T.);
#3289=ORIENTED_EDGE('',*,*,#2616,.F.);
#3290=ORIENTED_EDGE('',*,*,#2600,.T.);
#3291=ORIENTED_EDGE('',*,*,#2603,.T.);
#3292=ORIENTED_EDGE('',*,*,#2605,.F.);
#3293=ORIENTED_EDGE('',*,*,#2617,.T.);
#3294=ORIENTED_EDGE('',*,*,#2618,.F.);
#3295=ORIENTED_EDGE('',*,*,#2608,.F.);
#3296=ORIENTED_EDGE('',*,*,#2619,.T.);
#3297=ORIENTED_EDGE('',*,*,#2620,.T.);
#3298=ORIENTED_EDGE('',*,*,#2609,.T.);
#3299=ORIENTED_EDGE('',*,*,#2618,.T.);
#3300=ORIENTED_EDGE('',*,*,#2621,.T.);
#3301=ORIENTED_EDGE('',*,*,#2622,.T.);
#3302=ORIENTED_EDGE('',*,*,#2623,.T.);
#3303=ORIENTED_EDGE('',*,*,#2624,.T.);
#3304=ORIENTED_EDGE('',*,*,#2622,.F.);
#3305=ORIENTED_EDGE('',*,*,#2625,.F.);
#3306=ORIENTED_EDGE('',*,*,#2626,.F.);
#3307=ORIENTED_EDGE('',*,*,#2627,.F.);
#3308=ORIENTED_EDGE('',*,*,#2628,.F.);
#3309=ORIENTED_EDGE('',*,*,#2629,.F.);
#3310=ORIENTED_EDGE('',*,*,#2630,.T.);
#3311=ORIENTED_EDGE('',*,*,#2631,.T.);
#3312=ORIENTED_EDGE('',*,*,#2632,.T.);
#3313=ORIENTED_EDGE('',*,*,#2633,.T.);
#3314=ORIENTED_EDGE('',*,*,#2624,.F.);
#3315=ORIENTED_EDGE('',*,*,#2634,.F.);
#3316=ORIENTED_EDGE('',*,*,#2631,.F.);
#3317=ORIENTED_EDGE('',*,*,#2635,.F.);
#3318=ORIENTED_EDGE('',*,*,#2614,.T.);
#3319=ORIENTED_EDGE('',*,*,#2636,.T.);
#3320=ORIENTED_EDGE('',*,*,#2637,.T.);
#3321=ORIENTED_EDGE('',*,*,#2638,.T.);
#3322=ORIENTED_EDGE('',*,*,#2639,.T.);
#3323=ORIENTED_EDGE('',*,*,#2640,.T.);
#3324=ORIENTED_EDGE('',*,*,#2633,.F.);
#3325=ORIENTED_EDGE('',*,*,#2641,.F.);
#3326=ORIENTED_EDGE('',*,*,#2642,.F.);
#3327=ORIENTED_EDGE('',*,*,#2639,.F.);
#3328=ORIENTED_EDGE('',*,*,#2643,.F.);
#3329=ORIENTED_EDGE('',*,*,#2644,.F.);
#3330=ORIENTED_EDGE('',*,*,#2645,.F.);
#3331=ORIENTED_EDGE('',*,*,#2646,.T.);
#3332=ORIENTED_EDGE('',*,*,#2612,.F.);
#3333=ORIENTED_EDGE('',*,*,#2647,.F.);
#3334=ORIENTED_EDGE('',*,*,#2627,.T.);
#3335=ORIENTED_EDGE('',*,*,#2648,.F.);
#3336=ORIENTED_EDGE('',*,*,#2636,.F.);
#3337=ORIENTED_EDGE('',*,*,#2613,.F.);
#3338=ORIENTED_EDGE('',*,*,#2646,.F.);
#3339=ORIENTED_EDGE('',*,*,#2649,.F.);
#3340=ORIENTED_EDGE('',*,*,#2625,.T.);
#3341=ORIENTED_EDGE('',*,*,#2621,.F.);
#3342=ORIENTED_EDGE('',*,*,#2635,.T.);
#3343=ORIENTED_EDGE('',*,*,#2630,.F.);
#3344=ORIENTED_EDGE('',*,*,#2644,.T.);
#3345=ORIENTED_EDGE('',*,*,#2650,.T.);
#3346=ORIENTED_EDGE('',*,*,#2651,.F.);
#3347=ORIENTED_EDGE('',*,*,#2652,.T.);
#3348=ORIENTED_EDGE('',*,*,#2653,.F.);
#3349=ORIENTED_EDGE('',*,*,#2654,.T.);
#3350=ORIENTED_EDGE('',*,*,#2643,.T.);
#3351=ORIENTED_EDGE('',*,*,#2638,.F.);
#3352=ORIENTED_EDGE('',*,*,#2655,.F.);
#3353=ORIENTED_EDGE('',*,*,#2656,.F.);
#3354=ORIENTED_EDGE('',*,*,#2650,.F.);
#3355=ORIENTED_EDGE('',*,*,#2642,.T.);
#3356=ORIENTED_EDGE('',*,*,#2657,.F.);
#3357=ORIENTED_EDGE('',*,*,#2658,.F.);
#3358=ORIENTED_EDGE('',*,*,#2615,.F.);
#3359=ORIENTED_EDGE('',*,*,#2640,.F.);
#3360=ORIENTED_EDGE('',*,*,#2628,.T.);
#3361=ORIENTED_EDGE('',*,*,#2647,.T.);
#3362=ORIENTED_EDGE('',*,*,#2611,.T.);
#3363=ORIENTED_EDGE('',*,*,#2659,.T.);
#3364=ORIENTED_EDGE('',*,*,#2660,.F.);
#3365=ORIENTED_EDGE('',*,*,#2661,.F.);
#3366=ORIENTED_EDGE('',*,*,#2662,.T.);
#3367=ORIENTED_EDGE('',*,*,#2663,.F.);
#3368=ORIENTED_EDGE('',*,*,#2662,.F.);
#3369=ORIENTED_EDGE('',*,*,#2664,.F.);
#3370=ORIENTED_EDGE('',*,*,#2665,.T.);
#3371=ORIENTED_EDGE('',*,*,#2666,.F.);
#3372=ORIENTED_EDGE('',*,*,#2665,.F.);
#3373=ORIENTED_EDGE('',*,*,#2667,.T.);
#3374=ORIENTED_EDGE('',*,*,#2668,.T.);
#3375=ORIENTED_EDGE('',*,*,#2669,.T.);
#3376=ORIENTED_EDGE('',*,*,#2670,.T.);
#3377=ORIENTED_EDGE('',*,*,#2668,.F.);
#3378=ORIENTED_EDGE('',*,*,#2671,.T.);
#3379=ORIENTED_EDGE('',*,*,#2672,.T.);
#3380=ORIENTED_EDGE('',*,*,#2673,.F.);
#3381=ORIENTED_EDGE('',*,*,#2667,.F.);
#3382=ORIENTED_EDGE('',*,*,#2674,.F.);
#3383=ORIENTED_EDGE('',*,*,#2675,.F.);
#3384=ORIENTED_EDGE('',*,*,#2676,.F.);
#3385=ORIENTED_EDGE('',*,*,#2677,.T.);
#3386=ORIENTED_EDGE('',*,*,#2678,.F.);
#3387=ORIENTED_EDGE('',*,*,#2679,.T.);
#3388=ORIENTED_EDGE('',*,*,#2680,.T.);
#3389=ORIENTED_EDGE('',*,*,#2681,.T.);
#3390=ORIENTED_EDGE('',*,*,#2671,.F.);
#3391=ORIENTED_EDGE('',*,*,#2661,.T.);
#3392=ORIENTED_EDGE('',*,*,#2664,.T.);
#3393=ORIENTED_EDGE('',*,*,#2675,.T.);
#3394=ORIENTED_EDGE('',*,*,#2682,.T.);
#3395=ORIENTED_EDGE('',*,*,#2683,.T.);
#3396=ORIENTED_EDGE('',*,*,#2684,.T.);
#3397=ORIENTED_EDGE('',*,*,#2684,.F.);
#3398=ORIENTED_EDGE('',*,*,#2685,.T.);
#3399=ORIENTED_EDGE('',*,*,#2686,.T.);
#3400=ORIENTED_EDGE('',*,*,#2676,.T.);
#3401=ORIENTED_EDGE('',*,*,#2669,.F.);
#3402=ORIENTED_EDGE('',*,*,#2673,.T.);
#3403=ORIENTED_EDGE('',*,*,#2687,.F.);
#3404=ORIENTED_EDGE('',*,*,#2688,.T.);
#3405=ORIENTED_EDGE('',*,*,#2689,.T.);
#3406=ORIENTED_EDGE('',*,*,#2690,.F.);
#3407=ORIENTED_EDGE('',*,*,#2691,.T.);
#3408=ORIENTED_EDGE('',*,*,#2685,.F.);
#3409=ORIENTED_EDGE('',*,*,#2683,.F.);
#3410=ORIENTED_EDGE('',*,*,#2692,.T.);
#3411=ORIENTED_EDGE('',*,*,#2663,.T.);
#3412=ORIENTED_EDGE('',*,*,#2666,.T.);
#3413=ORIENTED_EDGE('',*,*,#2693,.T.);
#3414=ORIENTED_EDGE('',*,*,#2694,.T.);
#3415=ORIENTED_EDGE('',*,*,#2695,.T.);
#3416=ORIENTED_EDGE('',*,*,#2696,.T.);
#3417=ORIENTED_EDGE('',*,*,#2694,.F.);
#3418=ORIENTED_EDGE('',*,*,#2697,.F.);
#3419=ORIENTED_EDGE('',*,*,#2698,.F.);
#3420=ORIENTED_EDGE('',*,*,#2699,.F.);
#3421=ORIENTED_EDGE('',*,*,#2700,.T.);
#3422=ORIENTED_EDGE('',*,*,#2701,.T.);
#3423=ORIENTED_EDGE('',*,*,#2702,.T.);
#3424=ORIENTED_EDGE('',*,*,#2698,.T.);
#3425=ORIENTED_EDGE('',*,*,#2701,.F.);
#3426=ORIENTED_EDGE('',*,*,#2703,.F.);
#3427=ORIENTED_EDGE('',*,*,#2704,.F.);
#3428=ORIENTED_EDGE('',*,*,#2705,.F.);
#3429=ORIENTED_EDGE('',*,*,#2706,.F.);
#3430=ORIENTED_EDGE('',*,*,#2707,.F.);
#3431=ORIENTED_EDGE('',*,*,#2708,.F.);
#3432=ORIENTED_EDGE('',*,*,#2705,.T.);
#3433=ORIENTED_EDGE('',*,*,#2709,.F.);
#3434=ORIENTED_EDGE('',*,*,#2680,.F.);
#3435=ORIENTED_EDGE('',*,*,#2710,.T.);
#3436=ORIENTED_EDGE('',*,*,#2688,.F.);
#3437=ORIENTED_EDGE('',*,*,#2710,.F.);
#3438=ORIENTED_EDGE('',*,*,#2679,.F.);
#3439=ORIENTED_EDGE('',*,*,#2711,.F.);
#3440=ORIENTED_EDGE('',*,*,#2689,.F.);
#3441=ORIENTED_EDGE('',*,*,#2712,.T.);
#3442=ORIENTED_EDGE('',*,*,#2713,.T.);
#3443=ORIENTED_EDGE('',*,*,#2714,.T.);
#3444=ORIENTED_EDGE('',*,*,#2690,.T.);
#3445=ORIENTED_EDGE('',*,*,#2711,.T.);
#3446=ORIENTED_EDGE('',*,*,#2678,.T.);
#3447=ORIENTED_EDGE('',*,*,#2696,.F.);
#3448=ORIENTED_EDGE('',*,*,#2715,.F.);
#3449=ORIENTED_EDGE('',*,*,#2716,.F.);
#3450=ORIENTED_EDGE('',*,*,#2713,.F.);
#3451=ORIENTED_EDGE('',*,*,#2717,.F.);
#3452=ORIENTED_EDGE('',*,*,#2718,.F.);
#3453=ORIENTED_EDGE('',*,*,#2704,.T.);
#3454=ORIENTED_EDGE('',*,*,#2719,.F.);
#3455=ORIENTED_EDGE('',*,*,#2720,.F.);
#3456=ORIENTED_EDGE('',*,*,#2681,.F.);
#3457=ORIENTED_EDGE('',*,*,#2709,.T.);
#3458=ORIENTED_EDGE('',*,*,#2715,.T.);
#3459=ORIENTED_EDGE('',*,*,#2695,.F.);
#3460=ORIENTED_EDGE('',*,*,#2699,.T.);
#3461=ORIENTED_EDGE('',*,*,#2702,.F.);
#3462=ORIENTED_EDGE('',*,*,#2707,.T.);
#3463=ORIENTED_EDGE('',*,*,#2721,.T.);
#3464=ORIENTED_EDGE('',*,*,#2722,.T.);
#3465=ORIENTED_EDGE('',*,*,#2723,.T.);
#3466=ORIENTED_EDGE('',*,*,#2724,.F.);
#3467=ORIENTED_EDGE('',*,*,#2725,.T.);
#3468=ORIENTED_EDGE('',*,*,#2706,.T.);
#3469=ORIENTED_EDGE('',*,*,#2708,.T.);
#3470=ORIENTED_EDGE('',*,*,#2687,.T.);
#3471=ORIENTED_EDGE('',*,*,#2726,.T.);
#3472=ORIENTED_EDGE('',*,*,#2721,.F.);
#3473=ORIENTED_EDGE('',*,*,#2717,.T.);
#3474=ORIENTED_EDGE('',*,*,#2712,.F.);
#3475=ORIENTED_EDGE('',*,*,#2677,.F.);
#3476=ORIENTED_EDGE('',*,*,#2727,.F.);
#3477=ORIENTED_EDGE('',*,*,#2728,.F.);
#3478=ORIENTED_EDGE('',*,*,#2686,.F.);
#3479=ORIENTED_EDGE('',*,*,#2729,.T.);
#3480=ORIENTED_EDGE('',*,*,#2730,.F.);
#3481=ORIENTED_EDGE('',*,*,#2727,.T.);
#3482=ORIENTED_EDGE('',*,*,#2672,.F.);
#3483=ORIENTED_EDGE('',*,*,#2720,.T.);
#3484=ORIENTED_EDGE('',*,*,#2731,.F.);
#3485=ORIENTED_EDGE('',*,*,#2726,.F.);
#3486=ORIENTED_EDGE('',*,*,#2670,.F.);
#3487=ORIENTED_EDGE('',*,*,#2692,.F.);
#3488=ORIENTED_EDGE('',*,*,#2682,.F.);
#3489=ORIENTED_EDGE('',*,*,#2674,.T.);
#3490=ORIENTED_EDGE('',*,*,#2716,.T.);
#3491=ORIENTED_EDGE('',*,*,#2725,.F.);
#3492=ORIENTED_EDGE('',*,*,#2729,.F.);
#3493=ORIENTED_EDGE('',*,*,#2691,.F.);
#3494=ORIENTED_EDGE('',*,*,#2714,.F.);
#3495=ORIENTED_EDGE('',*,*,#2626,.T.);
#3496=ORIENTED_EDGE('',*,*,#2654,.F.);
#3497=ORIENTED_EDGE('',*,*,#2732,.F.);
#3498=ORIENTED_EDGE('',*,*,#2733,.F.);
#3499=ORIENTED_EDGE('',*,*,#2648,.T.);
#3500=ORIENTED_EDGE('',*,*,#2620,.F.);
#3501=ORIENTED_EDGE('',*,*,#2734,.T.);
#3502=ORIENTED_EDGE('',*,*,#2735,.T.);
#3503=ORIENTED_EDGE('',*,*,#2610,.F.);
#3504=ORIENTED_EDGE('',*,*,#2736,.F.);
#3505=ORIENTED_EDGE('',*,*,#2658,.T.);
#3506=ORIENTED_EDGE('',*,*,#2737,.F.);
#3507=ORIENTED_EDGE('',*,*,#2656,.T.);
#3508=ORIENTED_EDGE('',*,*,#2735,.F.);
#3509=ORIENTED_EDGE('',*,*,#2732,.T.);
#3510=ORIENTED_EDGE('',*,*,#2738,.F.);
#3511=ORIENTED_EDGE('',*,*,#2659,.F.);
#3512=ORIENTED_EDGE('',*,*,#2607,.F.);
#3513=ORIENTED_EDGE('',*,*,#2616,.T.);
#3514=ORIENTED_EDGE('',*,*,#2736,.T.);
#3515=ORIENTED_EDGE('',*,*,#2739,.T.);
#3516=ORIENTED_EDGE('',*,*,#2604,.F.);
#3517=ORIENTED_EDGE('',*,*,#2739,.F.);
#3518=ORIENTED_EDGE('',*,*,#2655,.T.);
#3519=ORIENTED_EDGE('',*,*,#2637,.F.);
#3520=ORIENTED_EDGE('',*,*,#2649,.T.);
#3521=ORIENTED_EDGE('',*,*,#2645,.T.);
#3522=ORIENTED_EDGE('',*,*,#2733,.T.);
#3523=ORIENTED_EDGE('',*,*,#2734,.F.);
#3524=ORIENTED_EDGE('',*,*,#2619,.F.);
#3525=ORIENTED_EDGE('',*,*,#2617,.F.);
#3526=ORIENTED_EDGE('',*,*,#2598,.T.);
#3527=ORIENTED_EDGE('',*,*,#2601,.T.);
#3528=ORIENTED_EDGE('',*,*,#2730,.T.);
#3529=ORIENTED_EDGE('',*,*,#2724,.T.);
#3530=ORIENTED_EDGE('',*,*,#2740,.T.);
#3531=ORIENTED_EDGE('',*,*,#2741,.T.);
#3532=ORIENTED_EDGE('',*,*,#2731,.T.);
#3533=ORIENTED_EDGE('',*,*,#2742,.T.);
#3534=ORIENTED_EDGE('',*,*,#2743,.T.);
#3535=ORIENTED_EDGE('',*,*,#2722,.F.);
#3536=ORIENTED_EDGE('',*,*,#2737,.T.);
#3537=ORIENTED_EDGE('',*,*,#2744,.T.);
#3538=ORIENTED_EDGE('',*,*,#2745,.T.);
#3539=ORIENTED_EDGE('',*,*,#2651,.T.);
#3540=ORIENTED_EDGE('',*,*,#2629,.T.);
#3541=ORIENTED_EDGE('',*,*,#2660,.T.);
#3542=ORIENTED_EDGE('',*,*,#2746,.T.);
#3543=ORIENTED_EDGE('',*,*,#2747,.T.);
#3544=ORIENTED_EDGE('',*,*,#2744,.F.);
#3545=ORIENTED_EDGE('',*,*,#2657,.T.);
#3546=ORIENTED_EDGE('',*,*,#2641,.T.);
#3547=ORIENTED_EDGE('',*,*,#2632,.F.);
#3548=ORIENTED_EDGE('',*,*,#2634,.T.);
#3549=ORIENTED_EDGE('',*,*,#2623,.F.);
#3550=ORIENTED_EDGE('',*,*,#2738,.T.);
#3551=ORIENTED_EDGE('',*,*,#2653,.T.);
#3552=ORIENTED_EDGE('',*,*,#2748,.T.);
#3553=ORIENTED_EDGE('',*,*,#2746,.F.);
#3554=ORIENTED_EDGE('',*,*,#2749,.F.);
#3555=ORIENTED_EDGE('',*,*,#2750,.F.);
#3556=ORIENTED_EDGE('',*,*,#2751,.F.);
#3557=ORIENTED_EDGE('',*,*,#2752,.F.);
#3558=ORIENTED_EDGE('',*,*,#2740,.F.);
#3559=ORIENTED_EDGE('',*,*,#2753,.T.);
#3560=ORIENTED_EDGE('',*,*,#2754,.F.);
#3561=ORIENTED_EDGE('',*,*,#2750,.T.);
#3562=ORIENTED_EDGE('',*,*,#2743,.F.);
#3563=ORIENTED_EDGE('',*,*,#2752,.T.);
#3564=ORIENTED_EDGE('',*,*,#2755,.F.);
#3565=ORIENTED_EDGE('',*,*,#2756,.F.);
#3566=ORIENTED_EDGE('',*,*,#2718,.T.);
#3567=ORIENTED_EDGE('',*,*,#2728,.T.);
#3568=ORIENTED_EDGE('',*,*,#2741,.F.);
#3569=ORIENTED_EDGE('',*,*,#2749,.T.);
#3570=ORIENTED_EDGE('',*,*,#2742,.F.);
#3571=ORIENTED_EDGE('',*,*,#2719,.T.);
#3572=ORIENTED_EDGE('',*,*,#2703,.T.);
#3573=ORIENTED_EDGE('',*,*,#2700,.F.);
#3574=ORIENTED_EDGE('',*,*,#2697,.T.);
#3575=ORIENTED_EDGE('',*,*,#2693,.F.);
#3576=ORIENTED_EDGE('',*,*,#2723,.F.);
#3577=ORIENTED_EDGE('',*,*,#2756,.T.);
#3578=ORIENTED_EDGE('',*,*,#2757,.F.);
#3579=ORIENTED_EDGE('',*,*,#2753,.F.);
#3580=ORIENTED_EDGE('',*,*,#2652,.F.);
#3581=ORIENTED_EDGE('',*,*,#2758,.F.);
#3582=ORIENTED_EDGE('',*,*,#2759,.F.);
#3583=ORIENTED_EDGE('',*,*,#2760,.F.);
#3584=ORIENTED_EDGE('',*,*,#2745,.F.);
#3585=ORIENTED_EDGE('',*,*,#2761,.T.);
#3586=ORIENTED_EDGE('',*,*,#2762,.F.);
#3587=ORIENTED_EDGE('',*,*,#2758,.T.);
#3588=ORIENTED_EDGE('',*,*,#2748,.F.);
#3589=ORIENTED_EDGE('',*,*,#2760,.T.);
#3590=ORIENTED_EDGE('',*,*,#2763,.F.);
#3591=ORIENTED_EDGE('',*,*,#2764,.F.);
#3592=ORIENTED_EDGE('',*,*,#2747,.F.);
#3593=ORIENTED_EDGE('',*,*,#2764,.T.);
#3594=ORIENTED_EDGE('',*,*,#2765,.F.);
#3595=ORIENTED_EDGE('',*,*,#2761,.F.);
#3596=ORIENTED_EDGE('',*,*,#2755,.T.);
#3597=ORIENTED_EDGE('',*,*,#2766,.F.);
#3598=ORIENTED_EDGE('',*,*,#2762,.T.);
#3599=ORIENTED_EDGE('',*,*,#2767,.T.);
#3600=ORIENTED_EDGE('',*,*,#2751,.T.);
#3601=ORIENTED_EDGE('',*,*,#2768,.T.);
#3602=ORIENTED_EDGE('',*,*,#2759,.T.);
#3603=ORIENTED_EDGE('',*,*,#2766,.T.);
#3604=ORIENTED_EDGE('',*,*,#2754,.T.);
#3605=ORIENTED_EDGE('',*,*,#2769,.T.);
#3606=ORIENTED_EDGE('',*,*,#2763,.T.);
#3607=ORIENTED_EDGE('',*,*,#2768,.F.);
#3608=ORIENTED_EDGE('',*,*,#2757,.T.);
#3609=ORIENTED_EDGE('',*,*,#2767,.F.);
#3610=ORIENTED_EDGE('',*,*,#2765,.T.);
#3611=ORIENTED_EDGE('',*,*,#2769,.F.);
#3612=ORIENTED_EDGE('',*,*,#2770,.F.);
#3613=ORIENTED_EDGE('',*,*,#2771,.T.);
#3614=ORIENTED_EDGE('',*,*,#2772,.F.);
#3615=ORIENTED_EDGE('',*,*,#2771,.F.);
#3616=ORIENTED_EDGE('',*,*,#2773,.F.);
#3617=ORIENTED_EDGE('',*,*,#2774,.T.);
#3618=ORIENTED_EDGE('',*,*,#2775,.F.);
#3619=ORIENTED_EDGE('',*,*,#2774,.F.);
#3620=ORIENTED_EDGE('',*,*,#2776,.F.);
#3621=ORIENTED_EDGE('',*,*,#2777,.T.);
#3622=ORIENTED_EDGE('',*,*,#2778,.F.);
#3623=ORIENTED_EDGE('',*,*,#2777,.F.);
#3624=ORIENTED_EDGE('',*,*,#2779,.F.);
#3625=ORIENTED_EDGE('',*,*,#2780,.T.);
#3626=ORIENTED_EDGE('',*,*,#2781,.F.);
#3627=ORIENTED_EDGE('',*,*,#2780,.F.);
#3628=ORIENTED_EDGE('',*,*,#2782,.F.);
#3629=ORIENTED_EDGE('',*,*,#2783,.T.);
#3630=ORIENTED_EDGE('',*,*,#2784,.F.);
#3631=ORIENTED_EDGE('',*,*,#2783,.F.);
#3632=ORIENTED_EDGE('',*,*,#2785,.F.);
#3633=ORIENTED_EDGE('',*,*,#2786,.T.);
#3634=ORIENTED_EDGE('',*,*,#2787,.F.);
#3635=ORIENTED_EDGE('',*,*,#2786,.F.);
#3636=ORIENTED_EDGE('',*,*,#2788,.F.);
#3637=ORIENTED_EDGE('',*,*,#2789,.T.);
#3638=ORIENTED_EDGE('',*,*,#2790,.F.);
#3639=ORIENTED_EDGE('',*,*,#2789,.F.);
#3640=ORIENTED_EDGE('',*,*,#2791,.F.);
#3641=ORIENTED_EDGE('',*,*,#2792,.T.);
#3642=ORIENTED_EDGE('',*,*,#2793,.F.);
#3643=ORIENTED_EDGE('',*,*,#2792,.F.);
#3644=ORIENTED_EDGE('',*,*,#2794,.F.);
#3645=ORIENTED_EDGE('',*,*,#2795,.T.);
#3646=ORIENTED_EDGE('',*,*,#2796,.F.);
#3647=ORIENTED_EDGE('',*,*,#2795,.F.);
#3648=ORIENTED_EDGE('',*,*,#2797,.F.);
#3649=ORIENTED_EDGE('',*,*,#2798,.T.);
#3650=ORIENTED_EDGE('',*,*,#2799,.F.);
#3651=ORIENTED_EDGE('',*,*,#2798,.F.);
#3652=ORIENTED_EDGE('',*,*,#2800,.F.);
#3653=ORIENTED_EDGE('',*,*,#2801,.T.);
#3654=ORIENTED_EDGE('',*,*,#2802,.F.);
#3655=ORIENTED_EDGE('',*,*,#2801,.F.);
#3656=ORIENTED_EDGE('',*,*,#2803,.F.);
#3657=ORIENTED_EDGE('',*,*,#2804,.T.);
#3658=ORIENTED_EDGE('',*,*,#2805,.F.);
#3659=ORIENTED_EDGE('',*,*,#2804,.F.);
#3660=ORIENTED_EDGE('',*,*,#2806,.F.);
#3661=ORIENTED_EDGE('',*,*,#2807,.T.);
#3662=ORIENTED_EDGE('',*,*,#2808,.F.);
#3663=ORIENTED_EDGE('',*,*,#2807,.F.);
#3664=ORIENTED_EDGE('',*,*,#2809,.F.);
#3665=ORIENTED_EDGE('',*,*,#2810,.T.);
#3666=ORIENTED_EDGE('',*,*,#2811,.F.);
#3667=ORIENTED_EDGE('',*,*,#2810,.F.);
#3668=ORIENTED_EDGE('',*,*,#2812,.F.);
#3669=ORIENTED_EDGE('',*,*,#2813,.T.);
#3670=ORIENTED_EDGE('',*,*,#2814,.F.);
#3671=ORIENTED_EDGE('',*,*,#2813,.F.);
#3672=ORIENTED_EDGE('',*,*,#2815,.F.);
#3673=ORIENTED_EDGE('',*,*,#2816,.T.);
#3674=ORIENTED_EDGE('',*,*,#2817,.F.);
#3675=ORIENTED_EDGE('',*,*,#2816,.F.);
#3676=ORIENTED_EDGE('',*,*,#2818,.F.);
#3677=ORIENTED_EDGE('',*,*,#2819,.T.);
#3678=ORIENTED_EDGE('',*,*,#2820,.F.);
#3679=ORIENTED_EDGE('',*,*,#2819,.F.);
#3680=ORIENTED_EDGE('',*,*,#2821,.F.);
#3681=ORIENTED_EDGE('',*,*,#2822,.T.);
#3682=ORIENTED_EDGE('',*,*,#2823,.F.);
#3683=ORIENTED_EDGE('',*,*,#2822,.F.);
#3684=ORIENTED_EDGE('',*,*,#2824,.F.);
#3685=ORIENTED_EDGE('',*,*,#2825,.T.);
#3686=ORIENTED_EDGE('',*,*,#2826,.F.);
#3687=ORIENTED_EDGE('',*,*,#2825,.F.);
#3688=ORIENTED_EDGE('',*,*,#2827,.F.);
#3689=ORIENTED_EDGE('',*,*,#2828,.T.);
#3690=ORIENTED_EDGE('',*,*,#2829,.F.);
#3691=ORIENTED_EDGE('',*,*,#2828,.F.);
#3692=ORIENTED_EDGE('',*,*,#2830,.F.);
#3693=ORIENTED_EDGE('',*,*,#2831,.T.);
#3694=ORIENTED_EDGE('',*,*,#2832,.F.);
#3695=ORIENTED_EDGE('',*,*,#2831,.F.);
#3696=ORIENTED_EDGE('',*,*,#2833,.F.);
#3697=ORIENTED_EDGE('',*,*,#2834,.T.);
#3698=ORIENTED_EDGE('',*,*,#2835,.F.);
#3699=ORIENTED_EDGE('',*,*,#2834,.F.);
#3700=ORIENTED_EDGE('',*,*,#2836,.F.);
#3701=ORIENTED_EDGE('',*,*,#2837,.T.);
#3702=ORIENTED_EDGE('',*,*,#2838,.F.);
#3703=ORIENTED_EDGE('',*,*,#2837,.F.);
#3704=ORIENTED_EDGE('',*,*,#2839,.F.);
#3705=ORIENTED_EDGE('',*,*,#2840,.T.);
#3706=ORIENTED_EDGE('',*,*,#2841,.F.);
#3707=ORIENTED_EDGE('',*,*,#2840,.F.);
#3708=ORIENTED_EDGE('',*,*,#2842,.F.);
#3709=ORIENTED_EDGE('',*,*,#2843,.T.);
#3710=ORIENTED_EDGE('',*,*,#2844,.F.);
#3711=ORIENTED_EDGE('',*,*,#2843,.F.);
#3712=ORIENTED_EDGE('',*,*,#2845,.F.);
#3713=ORIENTED_EDGE('',*,*,#2846,.T.);
#3714=ORIENTED_EDGE('',*,*,#2847,.F.);
#3715=ORIENTED_EDGE('',*,*,#2846,.F.);
#3716=ORIENTED_EDGE('',*,*,#2848,.F.);
#3717=ORIENTED_EDGE('',*,*,#2849,.T.);
#3718=ORIENTED_EDGE('',*,*,#2850,.F.);
#3719=ORIENTED_EDGE('',*,*,#2849,.F.);
#3720=ORIENTED_EDGE('',*,*,#2851,.F.);
#3721=ORIENTED_EDGE('',*,*,#2852,.T.);
#3722=ORIENTED_EDGE('',*,*,#2853,.F.);
#3723=ORIENTED_EDGE('',*,*,#2852,.F.);
#3724=ORIENTED_EDGE('',*,*,#2854,.F.);
#3725=ORIENTED_EDGE('',*,*,#2855,.T.);
#3726=ORIENTED_EDGE('',*,*,#2856,.F.);
#3727=ORIENTED_EDGE('',*,*,#2855,.F.);
#3728=ORIENTED_EDGE('',*,*,#2857,.F.);
#3729=ORIENTED_EDGE('',*,*,#2858,.T.);
#3730=ORIENTED_EDGE('',*,*,#2859,.F.);
#3731=ORIENTED_EDGE('',*,*,#2858,.F.);
#3732=ORIENTED_EDGE('',*,*,#2860,.F.);
#3733=ORIENTED_EDGE('',*,*,#2861,.T.);
#3734=ORIENTED_EDGE('',*,*,#2862,.F.);
#3735=ORIENTED_EDGE('',*,*,#2861,.F.);
#3736=ORIENTED_EDGE('',*,*,#2863,.F.);
#3737=ORIENTED_EDGE('',*,*,#2864,.T.);
#3738=ORIENTED_EDGE('',*,*,#2865,.F.);
#3739=ORIENTED_EDGE('',*,*,#2864,.F.);
#3740=ORIENTED_EDGE('',*,*,#2866,.F.);
#3741=ORIENTED_EDGE('',*,*,#2867,.T.);
#3742=ORIENTED_EDGE('',*,*,#2868,.F.);
#3743=ORIENTED_EDGE('',*,*,#2867,.F.);
#3744=ORIENTED_EDGE('',*,*,#2869,.F.);
#3745=ORIENTED_EDGE('',*,*,#2870,.T.);
#3746=ORIENTED_EDGE('',*,*,#2871,.F.);
#3747=ORIENTED_EDGE('',*,*,#2870,.F.);
#3748=ORIENTED_EDGE('',*,*,#2872,.F.);
#3749=ORIENTED_EDGE('',*,*,#2873,.T.);
#3750=ORIENTED_EDGE('',*,*,#2874,.F.);
#3751=ORIENTED_EDGE('',*,*,#2873,.F.);
#3752=ORIENTED_EDGE('',*,*,#2875,.F.);
#3753=ORIENTED_EDGE('',*,*,#2876,.T.);
#3754=ORIENTED_EDGE('',*,*,#2877,.F.);
#3755=ORIENTED_EDGE('',*,*,#2876,.F.);
#3756=ORIENTED_EDGE('',*,*,#2878,.F.);
#3757=ORIENTED_EDGE('',*,*,#2879,.T.);
#3758=ORIENTED_EDGE('',*,*,#2880,.F.);
#3759=ORIENTED_EDGE('',*,*,#2879,.F.);
#3760=ORIENTED_EDGE('',*,*,#2881,.F.);
#3761=ORIENTED_EDGE('',*,*,#2882,.T.);
#3762=ORIENTED_EDGE('',*,*,#2883,.F.);
#3763=ORIENTED_EDGE('',*,*,#2882,.F.);
#3764=ORIENTED_EDGE('',*,*,#2884,.F.);
#3765=ORIENTED_EDGE('',*,*,#2885,.T.);
#3766=ORIENTED_EDGE('',*,*,#2886,.F.);
#3767=ORIENTED_EDGE('',*,*,#2885,.F.);
#3768=ORIENTED_EDGE('',*,*,#2887,.F.);
#3769=ORIENTED_EDGE('',*,*,#2888,.T.);
#3770=ORIENTED_EDGE('',*,*,#2889,.F.);
#3771=ORIENTED_EDGE('',*,*,#2888,.F.);
#3772=ORIENTED_EDGE('',*,*,#2890,.F.);
#3773=ORIENTED_EDGE('',*,*,#2891,.T.);
#3774=ORIENTED_EDGE('',*,*,#2892,.F.);
#3775=ORIENTED_EDGE('',*,*,#2891,.F.);
#3776=ORIENTED_EDGE('',*,*,#2893,.F.);
#3777=ORIENTED_EDGE('',*,*,#2894,.T.);
#3778=ORIENTED_EDGE('',*,*,#2895,.F.);
#3779=ORIENTED_EDGE('',*,*,#2894,.F.);
#3780=ORIENTED_EDGE('',*,*,#2896,.F.);
#3781=ORIENTED_EDGE('',*,*,#2897,.T.);
#3782=ORIENTED_EDGE('',*,*,#2898,.F.);
#3783=ORIENTED_EDGE('',*,*,#2897,.F.);
#3784=ORIENTED_EDGE('',*,*,#2899,.F.);
#3785=ORIENTED_EDGE('',*,*,#2900,.T.);
#3786=ORIENTED_EDGE('',*,*,#2901,.F.);
#3787=ORIENTED_EDGE('',*,*,#2900,.F.);
#3788=ORIENTED_EDGE('',*,*,#2902,.F.);
#3789=ORIENTED_EDGE('',*,*,#2903,.T.);
#3790=ORIENTED_EDGE('',*,*,#2904,.F.);
#3791=ORIENTED_EDGE('',*,*,#2903,.F.);
#3792=ORIENTED_EDGE('',*,*,#2905,.F.);
#3793=ORIENTED_EDGE('',*,*,#2906,.T.);
#3794=ORIENTED_EDGE('',*,*,#2907,.F.);
#3795=ORIENTED_EDGE('',*,*,#2906,.F.);
#3796=ORIENTED_EDGE('',*,*,#2908,.F.);
#3797=ORIENTED_EDGE('',*,*,#2909,.T.);
#3798=ORIENTED_EDGE('',*,*,#2910,.F.);
#3799=ORIENTED_EDGE('',*,*,#2909,.F.);
#3800=ORIENTED_EDGE('',*,*,#2911,.F.);
#3801=ORIENTED_EDGE('',*,*,#2912,.T.);
#3802=ORIENTED_EDGE('',*,*,#2913,.F.);
#3803=ORIENTED_EDGE('',*,*,#2912,.F.);
#3804=ORIENTED_EDGE('',*,*,#2914,.F.);
#3805=ORIENTED_EDGE('',*,*,#2915,.T.);
#3806=ORIENTED_EDGE('',*,*,#2916,.F.);
#3807=ORIENTED_EDGE('',*,*,#2915,.F.);
#3808=ORIENTED_EDGE('',*,*,#2917,.F.);
#3809=ORIENTED_EDGE('',*,*,#2918,.T.);
#3810=ORIENTED_EDGE('',*,*,#2919,.F.);
#3811=ORIENTED_EDGE('',*,*,#2918,.F.);
#3812=ORIENTED_EDGE('',*,*,#2920,.F.);
#3813=ORIENTED_EDGE('',*,*,#2921,.T.);
#3814=ORIENTED_EDGE('',*,*,#2922,.F.);
#3815=ORIENTED_EDGE('',*,*,#2921,.F.);
#3816=ORIENTED_EDGE('',*,*,#2923,.F.);
#3817=ORIENTED_EDGE('',*,*,#2924,.T.);
#3818=ORIENTED_EDGE('',*,*,#2925,.F.);
#3819=ORIENTED_EDGE('',*,*,#2924,.F.);
#3820=ORIENTED_EDGE('',*,*,#2926,.F.);
#3821=ORIENTED_EDGE('',*,*,#2927,.T.);
#3822=ORIENTED_EDGE('',*,*,#2928,.F.);
#3823=ORIENTED_EDGE('',*,*,#2927,.F.);
#3824=ORIENTED_EDGE('',*,*,#2929,.F.);
#3825=ORIENTED_EDGE('',*,*,#2930,.T.);
#3826=ORIENTED_EDGE('',*,*,#2931,.F.);
#3827=ORIENTED_EDGE('',*,*,#2930,.F.);
#3828=ORIENTED_EDGE('',*,*,#2932,.F.);
#3829=ORIENTED_EDGE('',*,*,#2933,.T.);
#3830=ORIENTED_EDGE('',*,*,#2934,.F.);
#3831=ORIENTED_EDGE('',*,*,#2933,.F.);
#3832=ORIENTED_EDGE('',*,*,#2935,.F.);
#3833=ORIENTED_EDGE('',*,*,#2936,.T.);
#3834=ORIENTED_EDGE('',*,*,#2937,.F.);
#3835=ORIENTED_EDGE('',*,*,#2936,.F.);
#3836=ORIENTED_EDGE('',*,*,#2938,.F.);
#3837=ORIENTED_EDGE('',*,*,#2939,.T.);
#3838=ORIENTED_EDGE('',*,*,#2940,.F.);
#3839=ORIENTED_EDGE('',*,*,#2939,.F.);
#3840=ORIENTED_EDGE('',*,*,#2941,.F.);
#3841=ORIENTED_EDGE('',*,*,#2942,.T.);
#3842=ORIENTED_EDGE('',*,*,#2943,.F.);
#3843=ORIENTED_EDGE('',*,*,#2942,.F.);
#3844=ORIENTED_EDGE('',*,*,#2944,.F.);
#3845=ORIENTED_EDGE('',*,*,#2945,.T.);
#3846=ORIENTED_EDGE('',*,*,#2946,.F.);
#3847=ORIENTED_EDGE('',*,*,#2945,.F.);
#3848=ORIENTED_EDGE('',*,*,#2947,.F.);
#3849=ORIENTED_EDGE('',*,*,#2948,.T.);
#3850=ORIENTED_EDGE('',*,*,#2949,.F.);
#3851=ORIENTED_EDGE('',*,*,#2948,.F.);
#3852=ORIENTED_EDGE('',*,*,#2950,.F.);
#3853=ORIENTED_EDGE('',*,*,#2951,.T.);
#3854=ORIENTED_EDGE('',*,*,#2952,.F.);
#3855=ORIENTED_EDGE('',*,*,#2951,.F.);
#3856=ORIENTED_EDGE('',*,*,#2953,.F.);
#3857=ORIENTED_EDGE('',*,*,#2954,.T.);
#3858=ORIENTED_EDGE('',*,*,#2955,.F.);
#3859=ORIENTED_EDGE('',*,*,#2954,.F.);
#3860=ORIENTED_EDGE('',*,*,#2956,.F.);
#3861=ORIENTED_EDGE('',*,*,#2957,.T.);
#3862=ORIENTED_EDGE('',*,*,#2958,.F.);
#3863=ORIENTED_EDGE('',*,*,#2957,.F.);
#3864=ORIENTED_EDGE('',*,*,#2959,.F.);
#3865=ORIENTED_EDGE('',*,*,#2960,.T.);
#3866=ORIENTED_EDGE('',*,*,#2961,.F.);
#3867=ORIENTED_EDGE('',*,*,#2960,.F.);
#3868=ORIENTED_EDGE('',*,*,#2962,.F.);
#3869=ORIENTED_EDGE('',*,*,#2963,.T.);
#3870=ORIENTED_EDGE('',*,*,#2964,.F.);
#3871=ORIENTED_EDGE('',*,*,#2963,.F.);
#3872=ORIENTED_EDGE('',*,*,#2965,.F.);
#3873=ORIENTED_EDGE('',*,*,#2966,.T.);
#3874=ORIENTED_EDGE('',*,*,#2967,.F.);
#3875=ORIENTED_EDGE('',*,*,#2966,.F.);
#3876=ORIENTED_EDGE('',*,*,#2968,.F.);
#3877=ORIENTED_EDGE('',*,*,#2969,.T.);
#3878=ORIENTED_EDGE('',*,*,#2970,.F.);
#3879=ORIENTED_EDGE('',*,*,#2969,.F.);
#3880=ORIENTED_EDGE('',*,*,#2971,.F.);
#3881=ORIENTED_EDGE('',*,*,#2972,.T.);
#3882=ORIENTED_EDGE('',*,*,#2973,.F.);
#3883=ORIENTED_EDGE('',*,*,#2972,.F.);
#3884=ORIENTED_EDGE('',*,*,#2974,.F.);
#3885=ORIENTED_EDGE('',*,*,#2975,.T.);
#3886=ORIENTED_EDGE('',*,*,#2976,.F.);
#3887=ORIENTED_EDGE('',*,*,#2975,.F.);
#3888=ORIENTED_EDGE('',*,*,#2977,.F.);
#3889=ORIENTED_EDGE('',*,*,#2978,.T.);
#3890=ORIENTED_EDGE('',*,*,#2979,.F.);
#3891=ORIENTED_EDGE('',*,*,#2978,.F.);
#3892=ORIENTED_EDGE('',*,*,#2980,.F.);
#3893=ORIENTED_EDGE('',*,*,#2981,.T.);
#3894=ORIENTED_EDGE('',*,*,#2982,.F.);
#3895=ORIENTED_EDGE('',*,*,#2981,.F.);
#3896=ORIENTED_EDGE('',*,*,#2983,.F.);
#3897=ORIENTED_EDGE('',*,*,#2984,.T.);
#3898=ORIENTED_EDGE('',*,*,#2985,.F.);
#3899=ORIENTED_EDGE('',*,*,#2984,.F.);
#3900=ORIENTED_EDGE('',*,*,#2986,.F.);
#3901=ORIENTED_EDGE('',*,*,#2987,.T.);
#3902=ORIENTED_EDGE('',*,*,#2988,.F.);
#3903=ORIENTED_EDGE('',*,*,#2987,.F.);
#3904=ORIENTED_EDGE('',*,*,#2989,.F.);
#3905=ORIENTED_EDGE('',*,*,#2990,.T.);
#3906=ORIENTED_EDGE('',*,*,#2991,.F.);
#3907=ORIENTED_EDGE('',*,*,#2990,.F.);
#3908=ORIENTED_EDGE('',*,*,#2992,.F.);
#3909=ORIENTED_EDGE('',*,*,#2993,.T.);
#3910=ORIENTED_EDGE('',*,*,#2994,.F.);
#3911=ORIENTED_EDGE('',*,*,#2993,.F.);
#3912=ORIENTED_EDGE('',*,*,#2995,.F.);
#3913=ORIENTED_EDGE('',*,*,#2996,.T.);
#3914=ORIENTED_EDGE('',*,*,#2997,.F.);
#3915=ORIENTED_EDGE('',*,*,#2996,.F.);
#3916=ORIENTED_EDGE('',*,*,#2998,.F.);
#3917=ORIENTED_EDGE('',*,*,#2999,.T.);
#3918=ORIENTED_EDGE('',*,*,#3000,.F.);
#3919=ORIENTED_EDGE('',*,*,#2999,.F.);
#3920=ORIENTED_EDGE('',*,*,#3001,.F.);
#3921=ORIENTED_EDGE('',*,*,#3002,.T.);
#3922=ORIENTED_EDGE('',*,*,#3003,.F.);
#3923=ORIENTED_EDGE('',*,*,#3002,.F.);
#3924=ORIENTED_EDGE('',*,*,#3004,.F.);
#3925=ORIENTED_EDGE('',*,*,#3005,.T.);
#3926=ORIENTED_EDGE('',*,*,#3006,.F.);
#3927=ORIENTED_EDGE('',*,*,#3005,.F.);
#3928=ORIENTED_EDGE('',*,*,#3007,.F.);
#3929=ORIENTED_EDGE('',*,*,#3008,.T.);
#3930=ORIENTED_EDGE('',*,*,#3009,.F.);
#3931=ORIENTED_EDGE('',*,*,#3008,.F.);
#3932=ORIENTED_EDGE('',*,*,#3010,.F.);
#3933=ORIENTED_EDGE('',*,*,#3011,.T.);
#3934=ORIENTED_EDGE('',*,*,#3012,.F.);
#3935=ORIENTED_EDGE('',*,*,#3011,.F.);
#3936=ORIENTED_EDGE('',*,*,#3013,.F.);
#3937=ORIENTED_EDGE('',*,*,#3014,.T.);
#3938=ORIENTED_EDGE('',*,*,#3015,.F.);
#3939=ORIENTED_EDGE('',*,*,#3014,.F.);
#3940=ORIENTED_EDGE('',*,*,#3016,.F.);
#3941=ORIENTED_EDGE('',*,*,#3017,.T.);
#3942=ORIENTED_EDGE('',*,*,#3018,.F.);
#3943=ORIENTED_EDGE('',*,*,#3017,.F.);
#3944=ORIENTED_EDGE('',*,*,#3019,.F.);
#3945=ORIENTED_EDGE('',*,*,#3020,.T.);
#3946=ORIENTED_EDGE('',*,*,#3021,.F.);
#3947=ORIENTED_EDGE('',*,*,#3020,.F.);
#3948=ORIENTED_EDGE('',*,*,#3022,.F.);
#3949=ORIENTED_EDGE('',*,*,#3023,.T.);
#3950=ORIENTED_EDGE('',*,*,#3024,.F.);
#3951=ORIENTED_EDGE('',*,*,#3023,.F.);
#3952=ORIENTED_EDGE('',*,*,#3025,.F.);
#3953=ORIENTED_EDGE('',*,*,#3026,.T.);
#3954=ORIENTED_EDGE('',*,*,#3027,.F.);
#3955=ORIENTED_EDGE('',*,*,#3026,.F.);
#3956=ORIENTED_EDGE('',*,*,#3028,.F.);
#3957=ORIENTED_EDGE('',*,*,#3029,.T.);
#3958=ORIENTED_EDGE('',*,*,#3030,.F.);
#3959=ORIENTED_EDGE('',*,*,#3029,.F.);
#3960=ORIENTED_EDGE('',*,*,#3031,.F.);
#3961=ORIENTED_EDGE('',*,*,#3032,.T.);
#3962=ORIENTED_EDGE('',*,*,#3033,.F.);
#3963=ORIENTED_EDGE('',*,*,#3032,.F.);
#3964=ORIENTED_EDGE('',*,*,#3034,.F.);
#3965=ORIENTED_EDGE('',*,*,#3035,.T.);
#3966=ORIENTED_EDGE('',*,*,#3036,.F.);
#3967=ORIENTED_EDGE('',*,*,#3035,.F.);
#3968=ORIENTED_EDGE('',*,*,#3037,.F.);
#3969=ORIENTED_EDGE('',*,*,#3038,.T.);
#3970=ORIENTED_EDGE('',*,*,#3039,.F.);
#3971=ORIENTED_EDGE('',*,*,#3038,.F.);
#3972=ORIENTED_EDGE('',*,*,#3040,.F.);
#3973=ORIENTED_EDGE('',*,*,#3041,.T.);
#3974=ORIENTED_EDGE('',*,*,#3042,.F.);
#3975=ORIENTED_EDGE('',*,*,#3041,.F.);
#3976=ORIENTED_EDGE('',*,*,#3043,.F.);
#3977=ORIENTED_EDGE('',*,*,#3044,.T.);
#3978=ORIENTED_EDGE('',*,*,#3045,.F.);
#3979=ORIENTED_EDGE('',*,*,#3044,.F.);
#3980=ORIENTED_EDGE('',*,*,#3046,.F.);
#3981=ORIENTED_EDGE('',*,*,#3047,.T.);
#3982=ORIENTED_EDGE('',*,*,#3048,.F.);
#3983=ORIENTED_EDGE('',*,*,#3047,.F.);
#3984=ORIENTED_EDGE('',*,*,#3049,.F.);
#3985=ORIENTED_EDGE('',*,*,#3050,.T.);
#3986=ORIENTED_EDGE('',*,*,#3051,.F.);
#3987=ORIENTED_EDGE('',*,*,#3050,.F.);
#3988=ORIENTED_EDGE('',*,*,#3052,.F.);
#3989=ORIENTED_EDGE('',*,*,#3053,.T.);
#3990=ORIENTED_EDGE('',*,*,#3054,.F.);
#3991=ORIENTED_EDGE('',*,*,#3053,.F.);
#3992=ORIENTED_EDGE('',*,*,#3055,.F.);
#3993=ORIENTED_EDGE('',*,*,#3056,.T.);
#3994=ORIENTED_EDGE('',*,*,#3057,.F.);
#3995=ORIENTED_EDGE('',*,*,#3056,.F.);
#3996=ORIENTED_EDGE('',*,*,#3058,.F.);
#3997=ORIENTED_EDGE('',*,*,#3059,.T.);
#3998=ORIENTED_EDGE('',*,*,#3060,.F.);
#3999=ORIENTED_EDGE('',*,*,#3059,.F.);
#4000=ORIENTED_EDGE('',*,*,#3061,.F.);
#4001=ORIENTED_EDGE('',*,*,#3062,.T.);
#4002=ORIENTED_EDGE('',*,*,#3063,.F.);
#4003=ORIENTED_EDGE('',*,*,#3062,.F.);
#4004=ORIENTED_EDGE('',*,*,#3064,.F.);
#4005=ORIENTED_EDGE('',*,*,#3065,.T.);
#4006=ORIENTED_EDGE('',*,*,#3066,.F.);
#4007=ORIENTED_EDGE('',*,*,#3065,.F.);
#4008=ORIENTED_EDGE('',*,*,#3067,.F.);
#4009=ORIENTED_EDGE('',*,*,#3068,.T.);
#4010=ORIENTED_EDGE('',*,*,#3069,.F.);
#4011=ORIENTED_EDGE('',*,*,#3068,.F.);
#4012=ORIENTED_EDGE('',*,*,#3070,.F.);
#4013=ORIENTED_EDGE('',*,*,#3071,.T.);
#4014=ORIENTED_EDGE('',*,*,#3072,.F.);
#4015=ORIENTED_EDGE('',*,*,#3071,.F.);
#4016=ORIENTED_EDGE('',*,*,#3073,.F.);
#4017=ORIENTED_EDGE('',*,*,#3074,.T.);
#4018=ORIENTED_EDGE('',*,*,#3075,.F.);
#4019=ORIENTED_EDGE('',*,*,#3074,.F.);
#4020=ORIENTED_EDGE('',*,*,#3076,.F.);
#4021=ORIENTED_EDGE('',*,*,#3077,.T.);
#4022=ORIENTED_EDGE('',*,*,#3078,.F.);
#4023=ORIENTED_EDGE('',*,*,#3077,.F.);
#4024=ORIENTED_EDGE('',*,*,#3079,.F.);
#4025=ORIENTED_EDGE('',*,*,#3080,.T.);
#4026=ORIENTED_EDGE('',*,*,#3081,.F.);
#4027=ORIENTED_EDGE('',*,*,#3080,.F.);
#4028=ORIENTED_EDGE('',*,*,#3082,.F.);
#4029=ORIENTED_EDGE('',*,*,#3083,.T.);
#4030=ORIENTED_EDGE('',*,*,#3084,.F.);
#4031=ORIENTED_EDGE('',*,*,#3083,.F.);
#4032=ORIENTED_EDGE('',*,*,#3085,.F.);
#4033=ORIENTED_EDGE('',*,*,#3086,.T.);
#4034=ORIENTED_EDGE('',*,*,#3087,.F.);
#4035=ORIENTED_EDGE('',*,*,#3086,.F.);
#4036=ORIENTED_EDGE('',*,*,#3088,.F.);
#4037=ORIENTED_EDGE('',*,*,#3089,.T.);
#4038=ORIENTED_EDGE('',*,*,#3090,.F.);
#4039=ORIENTED_EDGE('',*,*,#3089,.F.);
#4040=ORIENTED_EDGE('',*,*,#3091,.F.);
#4041=ORIENTED_EDGE('',*,*,#3092,.T.);
#4042=ORIENTED_EDGE('',*,*,#3093,.F.);
#4043=ORIENTED_EDGE('',*,*,#3092,.F.);
#4044=ORIENTED_EDGE('',*,*,#3094,.F.);
#4045=ORIENTED_EDGE('',*,*,#3095,.T.);
#4046=ORIENTED_EDGE('',*,*,#3096,.F.);
#4047=ORIENTED_EDGE('',*,*,#3095,.F.);
#4048=ORIENTED_EDGE('',*,*,#3097,.F.);
#4049=ORIENTED_EDGE('',*,*,#3098,.T.);
#4050=ORIENTED_EDGE('',*,*,#3099,.F.);
#4051=ORIENTED_EDGE('',*,*,#3098,.F.);
#4052=ORIENTED_EDGE('',*,*,#3100,.T.);
#4053=ORIENTED_EDGE('',*,*,#3101,.T.);
#4054=ORIENTED_EDGE('',*,*,#3102,.T.);
#4055=ORIENTED_EDGE('',*,*,#3103,.T.);
#4056=ORIENTED_EDGE('',*,*,#3104,.T.);
#4057=ORIENTED_EDGE('',*,*,#3105,.T.);
#4058=ORIENTED_EDGE('',*,*,#3101,.F.);
#4059=ORIENTED_EDGE('',*,*,#3106,.T.);
#4060=ORIENTED_EDGE('',*,*,#3107,.F.);
#4061=ORIENTED_EDGE('',*,*,#3108,.T.);
#4062=ORIENTED_EDGE('',*,*,#3109,.T.);
#4063=ORIENTED_EDGE('',*,*,#3110,.T.);
#4064=ORIENTED_EDGE('',*,*,#3111,.T.);
#4065=ORIENTED_EDGE('',*,*,#3112,.T.);
#4066=ORIENTED_EDGE('',*,*,#3113,.T.);
#4067=ORIENTED_EDGE('',*,*,#3114,.T.);
#4068=ORIENTED_EDGE('',*,*,#3115,.T.);
#4069=ORIENTED_EDGE('',*,*,#3116,.T.);
#4070=ORIENTED_EDGE('',*,*,#3117,.T.);
#4071=ORIENTED_EDGE('',*,*,#3118,.T.);
#4072=ORIENTED_EDGE('',*,*,#3103,.F.);
#4073=ORIENTED_EDGE('',*,*,#3119,.T.);
#4074=ORIENTED_EDGE('',*,*,#3120,.T.);
#4075=ORIENTED_EDGE('',*,*,#3121,.T.);
#4076=ORIENTED_EDGE('',*,*,#3122,.T.);
#4077=ORIENTED_EDGE('',*,*,#3123,.T.);
#4078=ORIENTED_EDGE('',*,*,#3124,.T.);
#4079=ORIENTED_EDGE('',*,*,#3125,.T.);
#4080=ORIENTED_EDGE('',*,*,#3126,.T.);
#4081=ORIENTED_EDGE('',*,*,#3117,.F.);
#4082=ORIENTED_EDGE('',*,*,#3127,.T.);
#4083=ORIENTED_EDGE('',*,*,#3107,.T.);
#4084=ORIENTED_EDGE('',*,*,#3111,.F.);
#4085=ORIENTED_EDGE('',*,*,#3128,.F.);
#4086=ORIENTED_EDGE('',*,*,#3129,.F.);
#4087=ORIENTED_EDGE('',*,*,#3130,.T.);
#4088=ORIENTED_EDGE('',*,*,#3131,.F.);
#4089=ORIENTED_EDGE('',*,*,#3132,.F.);
#4090=ORIENTED_EDGE('',*,*,#3108,.F.);
#4091=ORIENTED_EDGE('',*,*,#3133,.T.);
#4092=ORIENTED_EDGE('',*,*,#3134,.F.);
#4093=ORIENTED_EDGE('',*,*,#3135,.F.);
#4094=ORIENTED_EDGE('',*,*,#3105,.F.);
#4095=ORIENTED_EDGE('',*,*,#3136,.T.);
#4096=ORIENTED_EDGE('',*,*,#3137,.F.);
#4097=ORIENTED_EDGE('',*,*,#3138,.F.);
#4098=ORIENTED_EDGE('',*,*,#3127,.F.);
#4099=ORIENTED_EDGE('',*,*,#3139,.T.);
#4100=ORIENTED_EDGE('',*,*,#3140,.F.);
#4101=ORIENTED_EDGE('',*,*,#3141,.F.);
#4102=ORIENTED_EDGE('',*,*,#3142,.F.);
#4103=ORIENTED_EDGE('',*,*,#3133,.F.);
#4104=ORIENTED_EDGE('',*,*,#3109,.F.);
#4105=ORIENTED_EDGE('',*,*,#3143,.T.);
#4106=ORIENTED_EDGE('',*,*,#3115,.F.);
#4107=ORIENTED_EDGE('',*,*,#3144,.T.);
#4108=ORIENTED_EDGE('',*,*,#3110,.F.);
#4109=ORIENTED_EDGE('',*,*,#3144,.F.);
#4110=ORIENTED_EDGE('',*,*,#3125,.F.);
#4111=ORIENTED_EDGE('',*,*,#3145,.T.);
#4112=ORIENTED_EDGE('',*,*,#3146,.F.);
#4113=ORIENTED_EDGE('',*,*,#3147,.T.);
#4114=ORIENTED_EDGE('',*,*,#3121,.F.);
#4115=ORIENTED_EDGE('',*,*,#3148,.F.);
#4116=ORIENTED_EDGE('',*,*,#3114,.F.);
#4117=ORIENTED_EDGE('',*,*,#3149,.T.);
#4118=ORIENTED_EDGE('',*,*,#3150,.F.);
#4119=ORIENTED_EDGE('',*,*,#3128,.T.);
#4120=ORIENTED_EDGE('',*,*,#3090,.T.);
#4121=ORIENTED_EDGE('',*,*,#3093,.T.);
#4122=ORIENTED_EDGE('',*,*,#3096,.T.);
#4123=ORIENTED_EDGE('',*,*,#3099,.T.);
#4124=ORIENTED_EDGE('',*,*,#3124,.F.);
#4125=ORIENTED_EDGE('',*,*,#3151,.T.);
#4126=ORIENTED_EDGE('',*,*,#3152,.F.);
#4127=ORIENTED_EDGE('',*,*,#3153,.F.);
#4128=ORIENTED_EDGE('',*,*,#3154,.F.);
#4129=ORIENTED_EDGE('',*,*,#3145,.F.);
#4130=ORIENTED_EDGE('',*,*,#3123,.F.);
#4131=ORIENTED_EDGE('',*,*,#3155,.T.);
#4132=ORIENTED_EDGE('',*,*,#3156,.F.);
#4133=ORIENTED_EDGE('',*,*,#3157,.F.);
#4134=ORIENTED_EDGE('',*,*,#3158,.F.);
#4135=ORIENTED_EDGE('',*,*,#3151,.F.);
#4136=ORIENTED_EDGE('',*,*,#2773,.T.);
#4137=ORIENTED_EDGE('',*,*,#2779,.T.);
#4138=ORIENTED_EDGE('',*,*,#2785,.T.);
#4139=ORIENTED_EDGE('',*,*,#2791,.T.);
#4140=ORIENTED_EDGE('',*,*,#2797,.T.);
#4141=ORIENTED_EDGE('',*,*,#2803,.T.);
#4142=ORIENTED_EDGE('',*,*,#2809,.T.);
#4143=ORIENTED_EDGE('',*,*,#2815,.T.);
#4144=ORIENTED_EDGE('',*,*,#2821,.T.);
#4145=ORIENTED_EDGE('',*,*,#2827,.T.);
#4146=ORIENTED_EDGE('',*,*,#2833,.T.);
#4147=ORIENTED_EDGE('',*,*,#2839,.T.);
#4148=ORIENTED_EDGE('',*,*,#2845,.T.);
#4149=ORIENTED_EDGE('',*,*,#2851,.T.);
#4150=ORIENTED_EDGE('',*,*,#2857,.T.);
#4151=ORIENTED_EDGE('',*,*,#2863,.T.);
#4152=ORIENTED_EDGE('',*,*,#2869,.T.);
#4153=ORIENTED_EDGE('',*,*,#2875,.T.);
#4154=ORIENTED_EDGE('',*,*,#2881,.T.);
#4155=ORIENTED_EDGE('',*,*,#2887,.T.);
#4156=ORIENTED_EDGE('',*,*,#2893,.T.);
#4157=ORIENTED_EDGE('',*,*,#2899,.T.);
#4158=ORIENTED_EDGE('',*,*,#2905,.T.);
#4159=ORIENTED_EDGE('',*,*,#2911,.T.);
#4160=ORIENTED_EDGE('',*,*,#2917,.T.);
#4161=ORIENTED_EDGE('',*,*,#2923,.T.);
#4162=ORIENTED_EDGE('',*,*,#2929,.T.);
#4163=ORIENTED_EDGE('',*,*,#2935,.T.);
#4164=ORIENTED_EDGE('',*,*,#2941,.T.);
#4165=ORIENTED_EDGE('',*,*,#2947,.T.);
#4166=ORIENTED_EDGE('',*,*,#2953,.T.);
#4167=ORIENTED_EDGE('',*,*,#2959,.T.);
#4168=ORIENTED_EDGE('',*,*,#2965,.T.);
#4169=ORIENTED_EDGE('',*,*,#2971,.T.);
#4170=ORIENTED_EDGE('',*,*,#2977,.T.);
#4171=ORIENTED_EDGE('',*,*,#2983,.T.);
#4172=ORIENTED_EDGE('',*,*,#2989,.T.);
#4173=ORIENTED_EDGE('',*,*,#2995,.T.);
#4174=ORIENTED_EDGE('',*,*,#3001,.T.);
#4175=ORIENTED_EDGE('',*,*,#3007,.T.);
#4176=ORIENTED_EDGE('',*,*,#3013,.T.);
#4177=ORIENTED_EDGE('',*,*,#3019,.T.);
#4178=ORIENTED_EDGE('',*,*,#3025,.T.);
#4179=ORIENTED_EDGE('',*,*,#3031,.T.);
#4180=ORIENTED_EDGE('',*,*,#3037,.T.);
#4181=ORIENTED_EDGE('',*,*,#3043,.T.);
#4182=ORIENTED_EDGE('',*,*,#3049,.T.);
#4183=ORIENTED_EDGE('',*,*,#3055,.T.);
#4184=ORIENTED_EDGE('',*,*,#3061,.T.);
#4185=ORIENTED_EDGE('',*,*,#3067,.T.);
#4186=ORIENTED_EDGE('',*,*,#3073,.T.);
#4187=ORIENTED_EDGE('',*,*,#3079,.T.);
#4188=ORIENTED_EDGE('',*,*,#3085,.T.);
#4189=ORIENTED_EDGE('',*,*,#3119,.F.);
#4190=ORIENTED_EDGE('',*,*,#3159,.T.);
#4191=ORIENTED_EDGE('',*,*,#3160,.F.);
#4192=ORIENTED_EDGE('',*,*,#3161,.F.);
#4193=ORIENTED_EDGE('',*,*,#3116,.F.);
#4194=ORIENTED_EDGE('',*,*,#3162,.T.);
#4195=ORIENTED_EDGE('',*,*,#3163,.F.);
#4196=ORIENTED_EDGE('',*,*,#3139,.F.);
#4197=ORIENTED_EDGE('',*,*,#3100,.F.);
#4198=ORIENTED_EDGE('',*,*,#3118,.F.);
#4199=ORIENTED_EDGE('',*,*,#3126,.F.);
#4200=ORIENTED_EDGE('',*,*,#3106,.F.);
#4201=ORIENTED_EDGE('',*,*,#3088,.T.);
#4202=ORIENTED_EDGE('',*,*,#3091,.T.);
#4203=ORIENTED_EDGE('',*,*,#3094,.T.);
#4204=ORIENTED_EDGE('',*,*,#3097,.T.);
#4205=ORIENTED_EDGE('',*,*,#3154,.T.);
#4206=ORIENTED_EDGE('',*,*,#3164,.T.);
#4207=ORIENTED_EDGE('',*,*,#3165,.T.);
#4208=ORIENTED_EDGE('',*,*,#3146,.T.);
#4209=ORIENTED_EDGE('',*,*,#3164,.F.);
#4210=ORIENTED_EDGE('',*,*,#3153,.T.);
#4211=ORIENTED_EDGE('',*,*,#3166,.F.);
#4212=ORIENTED_EDGE('',*,*,#3167,.F.);
#4213=ORIENTED_EDGE('',*,*,#3168,.F.);
#4214=ORIENTED_EDGE('',*,*,#3169,.F.);
#4215=ORIENTED_EDGE('',*,*,#2775,.T.);
#4216=ORIENTED_EDGE('',*,*,#2781,.T.);
#4217=ORIENTED_EDGE('',*,*,#2787,.T.);
#4218=ORIENTED_EDGE('',*,*,#2793,.T.);
#4219=ORIENTED_EDGE('',*,*,#2799,.T.);
#4220=ORIENTED_EDGE('',*,*,#2805,.T.);
#4221=ORIENTED_EDGE('',*,*,#2811,.T.);
#4222=ORIENTED_EDGE('',*,*,#2817,.T.);
#4223=ORIENTED_EDGE('',*,*,#2823,.T.);
#4224=ORIENTED_EDGE('',*,*,#2829,.T.);
#4225=ORIENTED_EDGE('',*,*,#2835,.T.);
#4226=ORIENTED_EDGE('',*,*,#2841,.T.);
#4227=ORIENTED_EDGE('',*,*,#2847,.T.);
#4228=ORIENTED_EDGE('',*,*,#2853,.T.);
#4229=ORIENTED_EDGE('',*,*,#2859,.T.);
#4230=ORIENTED_EDGE('',*,*,#2865,.T.);
#4231=ORIENTED_EDGE('',*,*,#2871,.T.);
#4232=ORIENTED_EDGE('',*,*,#2877,.T.);
#4233=ORIENTED_EDGE('',*,*,#2883,.T.);
#4234=ORIENTED_EDGE('',*,*,#2889,.T.);
#4235=ORIENTED_EDGE('',*,*,#2895,.T.);
#4236=ORIENTED_EDGE('',*,*,#2901,.T.);
#4237=ORIENTED_EDGE('',*,*,#2907,.T.);
#4238=ORIENTED_EDGE('',*,*,#2913,.T.);
#4239=ORIENTED_EDGE('',*,*,#2919,.T.);
#4240=ORIENTED_EDGE('',*,*,#2925,.T.);
#4241=ORIENTED_EDGE('',*,*,#2931,.T.);
#4242=ORIENTED_EDGE('',*,*,#2937,.T.);
#4243=ORIENTED_EDGE('',*,*,#2943,.T.);
#4244=ORIENTED_EDGE('',*,*,#2949,.T.);
#4245=ORIENTED_EDGE('',*,*,#2955,.T.);
#4246=ORIENTED_EDGE('',*,*,#2961,.T.);
#4247=ORIENTED_EDGE('',*,*,#2967,.T.);
#4248=ORIENTED_EDGE('',*,*,#2973,.T.);
#4249=ORIENTED_EDGE('',*,*,#2979,.T.);
#4250=ORIENTED_EDGE('',*,*,#2985,.T.);
#4251=ORIENTED_EDGE('',*,*,#2991,.T.);
#4252=ORIENTED_EDGE('',*,*,#2997,.T.);
#4253=ORIENTED_EDGE('',*,*,#3003,.T.);
#4254=ORIENTED_EDGE('',*,*,#3009,.T.);
#4255=ORIENTED_EDGE('',*,*,#3015,.T.);
#4256=ORIENTED_EDGE('',*,*,#3021,.T.);
#4257=ORIENTED_EDGE('',*,*,#3027,.T.);
#4258=ORIENTED_EDGE('',*,*,#3033,.T.);
#4259=ORIENTED_EDGE('',*,*,#3039,.T.);
#4260=ORIENTED_EDGE('',*,*,#3045,.T.);
#4261=ORIENTED_EDGE('',*,*,#3051,.T.);
#4262=ORIENTED_EDGE('',*,*,#3057,.T.);
#4263=ORIENTED_EDGE('',*,*,#3063,.T.);
#4264=ORIENTED_EDGE('',*,*,#3069,.T.);
#4265=ORIENTED_EDGE('',*,*,#3075,.T.);
#4266=ORIENTED_EDGE('',*,*,#3081,.T.);
#4267=ORIENTED_EDGE('',*,*,#3087,.T.);
#4268=ORIENTED_EDGE('',*,*,#3143,.F.);
#4269=ORIENTED_EDGE('',*,*,#3135,.T.);
#4270=ORIENTED_EDGE('',*,*,#3170,.F.);
#4271=ORIENTED_EDGE('',*,*,#3171,.F.);
#4272=ORIENTED_EDGE('',*,*,#3172,.F.);
#4273=ORIENTED_EDGE('',*,*,#3162,.F.);
#4274=ORIENTED_EDGE('',*,*,#3104,.F.);
#4275=ORIENTED_EDGE('',*,*,#3148,.T.);
#4276=ORIENTED_EDGE('',*,*,#3120,.F.);
#4277=ORIENTED_EDGE('',*,*,#3173,.T.);
#4278=ORIENTED_EDGE('',*,*,#3173,.F.);
#4279=ORIENTED_EDGE('',*,*,#3161,.T.);
#4280=ORIENTED_EDGE('',*,*,#3174,.F.);
#4281=ORIENTED_EDGE('',*,*,#3175,.F.);
#4282=ORIENTED_EDGE('',*,*,#3176,.F.);
#4283=ORIENTED_EDGE('',*,*,#3136,.F.);
#4284=ORIENTED_EDGE('',*,*,#3177,.T.);
#4285=ORIENTED_EDGE('',*,*,#3178,.T.);
#4286=ORIENTED_EDGE('',*,*,#3129,.T.);
#4287=ORIENTED_EDGE('',*,*,#3150,.T.);
#4288=ORIENTED_EDGE('',*,*,#3178,.F.);
#4289=ORIENTED_EDGE('',*,*,#3179,.T.);
#4290=ORIENTED_EDGE('',*,*,#3180,.F.);
#4291=ORIENTED_EDGE('',*,*,#3181,.F.);
#4292=ORIENTED_EDGE('',*,*,#3182,.F.);
#4293=ORIENTED_EDGE('',*,*,#3130,.F.);
#4294=ORIENTED_EDGE('',*,*,#2770,.T.);
#4295=ORIENTED_EDGE('',*,*,#2776,.T.);
#4296=ORIENTED_EDGE('',*,*,#2782,.T.);
#4297=ORIENTED_EDGE('',*,*,#2788,.T.);
#4298=ORIENTED_EDGE('',*,*,#2794,.T.);
#4299=ORIENTED_EDGE('',*,*,#2800,.T.);
#4300=ORIENTED_EDGE('',*,*,#2806,.T.);
#4301=ORIENTED_EDGE('',*,*,#2812,.T.);
#4302=ORIENTED_EDGE('',*,*,#2818,.T.);
#4303=ORIENTED_EDGE('',*,*,#2824,.T.);
#4304=ORIENTED_EDGE('',*,*,#2830,.T.);
#4305=ORIENTED_EDGE('',*,*,#2836,.T.);
#4306=ORIENTED_EDGE('',*,*,#2842,.T.);
#4307=ORIENTED_EDGE('',*,*,#2848,.T.);
#4308=ORIENTED_EDGE('',*,*,#2854,.T.);
#4309=ORIENTED_EDGE('',*,*,#2860,.T.);
#4310=ORIENTED_EDGE('',*,*,#2866,.T.);
#4311=ORIENTED_EDGE('',*,*,#2872,.T.);
#4312=ORIENTED_EDGE('',*,*,#2878,.T.);
#4313=ORIENTED_EDGE('',*,*,#2884,.T.);
#4314=ORIENTED_EDGE('',*,*,#2890,.T.);
#4315=ORIENTED_EDGE('',*,*,#2896,.T.);
#4316=ORIENTED_EDGE('',*,*,#2902,.T.);
#4317=ORIENTED_EDGE('',*,*,#2908,.T.);
#4318=ORIENTED_EDGE('',*,*,#2914,.T.);
#4319=ORIENTED_EDGE('',*,*,#2920,.T.);
#4320=ORIENTED_EDGE('',*,*,#2926,.T.);
#4321=ORIENTED_EDGE('',*,*,#2932,.T.);
#4322=ORIENTED_EDGE('',*,*,#2938,.T.);
#4323=ORIENTED_EDGE('',*,*,#2944,.T.);
#4324=ORIENTED_EDGE('',*,*,#2950,.T.);
#4325=ORIENTED_EDGE('',*,*,#2956,.T.);
#4326=ORIENTED_EDGE('',*,*,#2962,.T.);
#4327=ORIENTED_EDGE('',*,*,#2968,.T.);
#4328=ORIENTED_EDGE('',*,*,#2974,.T.);
#4329=ORIENTED_EDGE('',*,*,#2980,.T.);
#4330=ORIENTED_EDGE('',*,*,#2986,.T.);
#4331=ORIENTED_EDGE('',*,*,#2992,.T.);
#4332=ORIENTED_EDGE('',*,*,#2998,.T.);
#4333=ORIENTED_EDGE('',*,*,#3004,.T.);
#4334=ORIENTED_EDGE('',*,*,#3010,.T.);
#4335=ORIENTED_EDGE('',*,*,#3016,.T.);
#4336=ORIENTED_EDGE('',*,*,#3022,.T.);
#4337=ORIENTED_EDGE('',*,*,#3028,.T.);
#4338=ORIENTED_EDGE('',*,*,#3034,.T.);
#4339=ORIENTED_EDGE('',*,*,#3040,.T.);
#4340=ORIENTED_EDGE('',*,*,#3046,.T.);
#4341=ORIENTED_EDGE('',*,*,#3052,.T.);
#4342=ORIENTED_EDGE('',*,*,#3058,.T.);
#4343=ORIENTED_EDGE('',*,*,#3064,.T.);
#4344=ORIENTED_EDGE('',*,*,#3070,.T.);
#4345=ORIENTED_EDGE('',*,*,#3076,.T.);
#4346=ORIENTED_EDGE('',*,*,#3082,.T.);
#4347=ORIENTED_EDGE('',*,*,#3182,.T.);
#4348=ORIENTED_EDGE('',*,*,#3183,.T.);
#4349=ORIENTED_EDGE('',*,*,#3184,.T.);
#4350=ORIENTED_EDGE('',*,*,#3131,.T.);
#4351=ORIENTED_EDGE('',*,*,#3183,.F.);
#4352=ORIENTED_EDGE('',*,*,#3181,.T.);
#4353=ORIENTED_EDGE('',*,*,#3185,.F.);
#4354=ORIENTED_EDGE('',*,*,#3186,.T.);
#4355=ORIENTED_EDGE('',*,*,#3187,.T.);
#4356=ORIENTED_EDGE('',*,*,#3185,.T.);
#4357=ORIENTED_EDGE('',*,*,#3180,.T.);
#4358=ORIENTED_EDGE('',*,*,#3188,.T.);
#4359=ORIENTED_EDGE('',*,*,#3112,.F.);
#4360=ORIENTED_EDGE('',*,*,#3132,.T.);
#4361=ORIENTED_EDGE('',*,*,#3184,.F.);
#4362=ORIENTED_EDGE('',*,*,#3186,.F.);
#4363=ORIENTED_EDGE('',*,*,#3187,.F.);
#4364=ORIENTED_EDGE('',*,*,#3189,.F.);
#4365=ORIENTED_EDGE('',*,*,#2772,.T.);
#4366=ORIENTED_EDGE('',*,*,#2778,.T.);
#4367=ORIENTED_EDGE('',*,*,#2784,.T.);
#4368=ORIENTED_EDGE('',*,*,#2790,.T.);
#4369=ORIENTED_EDGE('',*,*,#2796,.T.);
#4370=ORIENTED_EDGE('',*,*,#2802,.T.);
#4371=ORIENTED_EDGE('',*,*,#2808,.T.);
#4372=ORIENTED_EDGE('',*,*,#2814,.T.);
#4373=ORIENTED_EDGE('',*,*,#2820,.T.);
#4374=ORIENTED_EDGE('',*,*,#2826,.T.);
#4375=ORIENTED_EDGE('',*,*,#2832,.T.);
#4376=ORIENTED_EDGE('',*,*,#2838,.T.);
#4377=ORIENTED_EDGE('',*,*,#2844,.T.);
#4378=ORIENTED_EDGE('',*,*,#2850,.T.);
#4379=ORIENTED_EDGE('',*,*,#2856,.T.);
#4380=ORIENTED_EDGE('',*,*,#2862,.T.);
#4381=ORIENTED_EDGE('',*,*,#2868,.T.);
#4382=ORIENTED_EDGE('',*,*,#2874,.T.);
#4383=ORIENTED_EDGE('',*,*,#2880,.T.);
#4384=ORIENTED_EDGE('',*,*,#2886,.T.);
#4385=ORIENTED_EDGE('',*,*,#2892,.T.);
#4386=ORIENTED_EDGE('',*,*,#2898,.T.);
#4387=ORIENTED_EDGE('',*,*,#2904,.T.);
#4388=ORIENTED_EDGE('',*,*,#2910,.T.);
#4389=ORIENTED_EDGE('',*,*,#2916,.T.);
#4390=ORIENTED_EDGE('',*,*,#2922,.T.);
#4391=ORIENTED_EDGE('',*,*,#2928,.T.);
#4392=ORIENTED_EDGE('',*,*,#2934,.T.);
#4393=ORIENTED_EDGE('',*,*,#2940,.T.);
#4394=ORIENTED_EDGE('',*,*,#2946,.T.);
#4395=ORIENTED_EDGE('',*,*,#2952,.T.);
#4396=ORIENTED_EDGE('',*,*,#2958,.T.);
#4397=ORIENTED_EDGE('',*,*,#2964,.T.);
#4398=ORIENTED_EDGE('',*,*,#2970,.T.);
#4399=ORIENTED_EDGE('',*,*,#2976,.T.);
#4400=ORIENTED_EDGE('',*,*,#2982,.T.);
#4401=ORIENTED_EDGE('',*,*,#2988,.T.);
#4402=ORIENTED_EDGE('',*,*,#2994,.T.);
#4403=ORIENTED_EDGE('',*,*,#3000,.T.);
#4404=ORIENTED_EDGE('',*,*,#3006,.T.);
#4405=ORIENTED_EDGE('',*,*,#3012,.T.);
#4406=ORIENTED_EDGE('',*,*,#3018,.T.);
#4407=ORIENTED_EDGE('',*,*,#3024,.T.);
#4408=ORIENTED_EDGE('',*,*,#3030,.T.);
#4409=ORIENTED_EDGE('',*,*,#3036,.T.);
#4410=ORIENTED_EDGE('',*,*,#3042,.T.);
#4411=ORIENTED_EDGE('',*,*,#3048,.T.);
#4412=ORIENTED_EDGE('',*,*,#3054,.T.);
#4413=ORIENTED_EDGE('',*,*,#3060,.T.);
#4414=ORIENTED_EDGE('',*,*,#3066,.T.);
#4415=ORIENTED_EDGE('',*,*,#3072,.T.);
#4416=ORIENTED_EDGE('',*,*,#3078,.T.);
#4417=ORIENTED_EDGE('',*,*,#3084,.T.);
#4418=ORIENTED_EDGE('',*,*,#3113,.F.);
#4419=ORIENTED_EDGE('',*,*,#3189,.T.);
#4420=ORIENTED_EDGE('',*,*,#3188,.F.);
#4421=ORIENTED_EDGE('',*,*,#3179,.F.);
#4422=ORIENTED_EDGE('',*,*,#3177,.F.);
#4423=ORIENTED_EDGE('',*,*,#3149,.F.);
#4424=ORIENTED_EDGE('',*,*,#3190,.T.);
#4425=ORIENTED_EDGE('',*,*,#3137,.T.);
#4426=ORIENTED_EDGE('',*,*,#3176,.T.);
#4427=ORIENTED_EDGE('',*,*,#3191,.T.);
#4428=ORIENTED_EDGE('',*,*,#3191,.F.);
#4429=ORIENTED_EDGE('',*,*,#3175,.T.);
#4430=ORIENTED_EDGE('',*,*,#3192,.F.);
#4431=ORIENTED_EDGE('',*,*,#3193,.T.);
#4432=ORIENTED_EDGE('',*,*,#3194,.T.);
#4433=ORIENTED_EDGE('',*,*,#3192,.T.);
#4434=ORIENTED_EDGE('',*,*,#3174,.T.);
#4435=ORIENTED_EDGE('',*,*,#3160,.T.);
#4436=ORIENTED_EDGE('',*,*,#3102,.F.);
#4437=ORIENTED_EDGE('',*,*,#3138,.T.);
#4438=ORIENTED_EDGE('',*,*,#3190,.F.);
#4439=ORIENTED_EDGE('',*,*,#3193,.F.);
#4440=ORIENTED_EDGE('',*,*,#3194,.F.);
#4441=ORIENTED_EDGE('',*,*,#3159,.F.);
#4442=ORIENTED_EDGE('',*,*,#3168,.T.);
#4443=ORIENTED_EDGE('',*,*,#3195,.T.);
#4444=ORIENTED_EDGE('',*,*,#3156,.T.);
#4445=ORIENTED_EDGE('',*,*,#3196,.T.);
#4446=ORIENTED_EDGE('',*,*,#3195,.F.);
#4447=ORIENTED_EDGE('',*,*,#3167,.T.);
#4448=ORIENTED_EDGE('',*,*,#3197,.F.);
#4449=ORIENTED_EDGE('',*,*,#3157,.T.);
#4450=ORIENTED_EDGE('',*,*,#3142,.T.);
#4451=ORIENTED_EDGE('',*,*,#3198,.T.);
#4452=ORIENTED_EDGE('',*,*,#3170,.T.);
#4453=ORIENTED_EDGE('',*,*,#3134,.T.);
#4454=ORIENTED_EDGE('',*,*,#3198,.F.);
#4455=ORIENTED_EDGE('',*,*,#3141,.T.);
#4456=ORIENTED_EDGE('',*,*,#3199,.F.);
#4457=ORIENTED_EDGE('',*,*,#3171,.T.);
#4458=ORIENTED_EDGE('',*,*,#3158,.T.);
#4459=ORIENTED_EDGE('',*,*,#3197,.T.);
#4460=ORIENTED_EDGE('',*,*,#3166,.T.);
#4461=ORIENTED_EDGE('',*,*,#3152,.T.);
#4462=ORIENTED_EDGE('',*,*,#3140,.T.);
#4463=ORIENTED_EDGE('',*,*,#3163,.T.);
#4464=ORIENTED_EDGE('',*,*,#3172,.T.);
#4465=ORIENTED_EDGE('',*,*,#3199,.T.);
#4466=ORIENTED_EDGE('',*,*,#3122,.F.);
#4467=ORIENTED_EDGE('',*,*,#3147,.F.);
#4468=ORIENTED_EDGE('',*,*,#3165,.F.);
#4469=ORIENTED_EDGE('',*,*,#3169,.T.);
#4470=ORIENTED_EDGE('',*,*,#3196,.F.);
#4471=ORIENTED_EDGE('',*,*,#3155,.F.);
#4472=ORIENTED_EDGE('',*,*,#3200,.F.);
#4473=ORIENTED_EDGE('',*,*,#3201,.T.);
#4474=ORIENTED_EDGE('',*,*,#3202,.F.);
#4475=ORIENTED_EDGE('',*,*,#3201,.F.);
#4476=ORIENTED_EDGE('',*,*,#3203,.F.);
#4477=ORIENTED_EDGE('',*,*,#3204,.T.);
#4478=ORIENTED_EDGE('',*,*,#3205,.F.);
#4479=ORIENTED_EDGE('',*,*,#3204,.F.);
#4480=ORIENTED_EDGE('',*,*,#3203,.T.);
#4481=ORIENTED_EDGE('',*,*,#3200,.T.);
#4482=ORIENTED_EDGE('',*,*,#3205,.T.);
#4483=ORIENTED_EDGE('',*,*,#3202,.T.);
#4484=ORIENTED_EDGE('',*,*,#3206,.F.);
#4485=ORIENTED_EDGE('',*,*,#3207,.T.);
#4486=ORIENTED_EDGE('',*,*,#3208,.F.);
#4487=ORIENTED_EDGE('',*,*,#3207,.F.);
#4488=ORIENTED_EDGE('',*,*,#3209,.F.);
#4489=ORIENTED_EDGE('',*,*,#3210,.T.);
#4490=ORIENTED_EDGE('',*,*,#3211,.F.);
#4491=ORIENTED_EDGE('',*,*,#3210,.F.);
#4492=ORIENTED_EDGE('',*,*,#3209,.T.);
#4493=ORIENTED_EDGE('',*,*,#3206,.T.);
#4494=ORIENTED_EDGE('',*,*,#3211,.T.);
#4495=ORIENTED_EDGE('',*,*,#3208,.T.);
#4496=ORIENTED_EDGE('',*,*,#3212,.F.);
#4497=ORIENTED_EDGE('',*,*,#3213,.T.);
#4498=ORIENTED_EDGE('',*,*,#3214,.T.);
#4499=ORIENTED_EDGE('',*,*,#3213,.F.);
#4500=ORIENTED_EDGE('',*,*,#3214,.F.);
#4501=ORIENTED_EDGE('',*,*,#3215,.F.);
#4502=ORIENTED_EDGE('',*,*,#3216,.F.);
#4503=ORIENTED_EDGE('',*,*,#3217,.T.);
#4504=ORIENTED_EDGE('',*,*,#3215,.T.);
#4505=ORIENTED_EDGE('',*,*,#3217,.F.);
#4506=ORIENTED_EDGE('',*,*,#3218,.F.);
#4507=ORIENTED_EDGE('',*,*,#3219,.T.);
#4508=ORIENTED_EDGE('',*,*,#3220,.F.);
#4509=ORIENTED_EDGE('',*,*,#3219,.F.);
#4510=ORIENTED_EDGE('',*,*,#3218,.T.);
#4511=ORIENTED_EDGE('',*,*,#3216,.T.);
#4512=ORIENTED_EDGE('',*,*,#3220,.T.);
#4513=ORIENTED_EDGE('',*,*,#3212,.T.);
#4514=ORIENTED_EDGE('',*,*,#3221,.F.);
#4515=ORIENTED_EDGE('',*,*,#3222,.T.);
#4516=ORIENTED_EDGE('',*,*,#3223,.F.);
#4517=ORIENTED_EDGE('',*,*,#3222,.F.);
#4518=ORIENTED_EDGE('',*,*,#3224,.F.);
#4519=ORIENTED_EDGE('',*,*,#3225,.F.);
#4520=ORIENTED_EDGE('',*,*,#3226,.T.);
#4521=ORIENTED_EDGE('',*,*,#3227,.F.);
#4522=ORIENTED_EDGE('',*,*,#3226,.F.);
#4523=ORIENTED_EDGE('',*,*,#3224,.T.);
#4524=ORIENTED_EDGE('',*,*,#3225,.T.);
#4525=ORIENTED_EDGE('',*,*,#3228,.T.);
#4526=ORIENTED_EDGE('',*,*,#3229,.T.);
#4527=ORIENTED_EDGE('',*,*,#3228,.F.);
#4528=ORIENTED_EDGE('',*,*,#3230,.F.);
#4529=ORIENTED_EDGE('',*,*,#3231,.T.);
#4530=ORIENTED_EDGE('',*,*,#3221,.T.);
#4531=ORIENTED_EDGE('',*,*,#3231,.F.);
#4532=ORIENTED_EDGE('',*,*,#3223,.T.);
#4533=ORIENTED_EDGE('',*,*,#3229,.F.);
#4534=ORIENTED_EDGE('',*,*,#3230,.T.);
#4535=ORIENTED_EDGE('',*,*,#3227,.T.);
#4536=ORIENTED_EDGE('',*,*,#3232,.F.);
#4537=ORIENTED_EDGE('',*,*,#3233,.F.);
#4538=ORIENTED_EDGE('',*,*,#3234,.F.);
#4539=ORIENTED_EDGE('',*,*,#3235,.F.);
#4540=ORIENTED_EDGE('',*,*,#3236,.F.);
#4541=ORIENTED_EDGE('',*,*,#3237,.F.);
#4542=ORIENTED_EDGE('',*,*,#3238,.F.);
#4543=ORIENTED_EDGE('',*,*,#3239,.F.);
#4544=ORIENTED_EDGE('',*,*,#3240,.F.);
#4545=ORIENTED_EDGE('',*,*,#3241,.F.);
#4546=ORIENTED_EDGE('',*,*,#3242,.F.);
#4547=ORIENTED_EDGE('',*,*,#3243,.F.);
#4548=ORIENTED_EDGE('',*,*,#3233,.T.);
#4549=ORIENTED_EDGE('',*,*,#3244,.F.);
#4550=ORIENTED_EDGE('',*,*,#3245,.F.);
#4551=ORIENTED_EDGE('',*,*,#3246,.T.);
#4552=ORIENTED_EDGE('',*,*,#3234,.T.);
#4553=ORIENTED_EDGE('',*,*,#3246,.F.);
#4554=ORIENTED_EDGE('',*,*,#3247,.F.);
#4555=ORIENTED_EDGE('',*,*,#3248,.T.);
#4556=ORIENTED_EDGE('',*,*,#3235,.T.);
#4557=ORIENTED_EDGE('',*,*,#3248,.F.);
#4558=ORIENTED_EDGE('',*,*,#3249,.F.);
#4559=ORIENTED_EDGE('',*,*,#3250,.T.);
#4560=ORIENTED_EDGE('',*,*,#3236,.T.);
#4561=ORIENTED_EDGE('',*,*,#3250,.F.);
#4562=ORIENTED_EDGE('',*,*,#3251,.F.);
#4563=ORIENTED_EDGE('',*,*,#3252,.T.);
#4564=ORIENTED_EDGE('',*,*,#3237,.T.);
#4565=ORIENTED_EDGE('',*,*,#3252,.F.);
#4566=ORIENTED_EDGE('',*,*,#3253,.F.);
#4567=ORIENTED_EDGE('',*,*,#3254,.T.);
#4568=ORIENTED_EDGE('',*,*,#3238,.T.);
#4569=ORIENTED_EDGE('',*,*,#3254,.F.);
#4570=ORIENTED_EDGE('',*,*,#3255,.F.);
#4571=ORIENTED_EDGE('',*,*,#3256,.T.);
#4572=ORIENTED_EDGE('',*,*,#3239,.T.);
#4573=ORIENTED_EDGE('',*,*,#3256,.F.);
#4574=ORIENTED_EDGE('',*,*,#3257,.F.);
#4575=ORIENTED_EDGE('',*,*,#3258,.T.);
#4576=ORIENTED_EDGE('',*,*,#3240,.T.);
#4577=ORIENTED_EDGE('',*,*,#3258,.F.);
#4578=ORIENTED_EDGE('',*,*,#3259,.F.);
#4579=ORIENTED_EDGE('',*,*,#3260,.T.);
#4580=ORIENTED_EDGE('',*,*,#3241,.T.);
#4581=ORIENTED_EDGE('',*,*,#3260,.F.);
#4582=ORIENTED_EDGE('',*,*,#3261,.F.);
#4583=ORIENTED_EDGE('',*,*,#3262,.T.);
#4584=ORIENTED_EDGE('',*,*,#3242,.T.);
#4585=ORIENTED_EDGE('',*,*,#3262,.F.);
#4586=ORIENTED_EDGE('',*,*,#3263,.F.);
#4587=ORIENTED_EDGE('',*,*,#3264,.T.);
#4588=ORIENTED_EDGE('',*,*,#3243,.T.);
#4589=ORIENTED_EDGE('',*,*,#3264,.F.);
#4590=ORIENTED_EDGE('',*,*,#3265,.F.);
#4591=ORIENTED_EDGE('',*,*,#3266,.T.);
#4592=ORIENTED_EDGE('',*,*,#3232,.T.);
#4593=ORIENTED_EDGE('',*,*,#3266,.F.);
#4594=ORIENTED_EDGE('',*,*,#3267,.F.);
#4595=ORIENTED_EDGE('',*,*,#3244,.T.);
#4596=ORIENTED_EDGE('',*,*,#3245,.T.);
#4597=ORIENTED_EDGE('',*,*,#3267,.T.);
#4598=ORIENTED_EDGE('',*,*,#3265,.T.);
#4599=ORIENTED_EDGE('',*,*,#3263,.T.);
#4600=ORIENTED_EDGE('',*,*,#3261,.T.);
#4601=ORIENTED_EDGE('',*,*,#3259,.T.);
#4602=ORIENTED_EDGE('',*,*,#3257,.T.);
#4603=ORIENTED_EDGE('',*,*,#3255,.T.);
#4604=ORIENTED_EDGE('',*,*,#3253,.T.);
#4605=ORIENTED_EDGE('',*,*,#3251,.T.);
#4606=ORIENTED_EDGE('',*,*,#3249,.T.);
#4607=ORIENTED_EDGE('',*,*,#3247,.T.);
#4608=CYLINDRICAL_SURFACE('',#5148,2.1);
#4609=CYLINDRICAL_SURFACE('',#5151,2.1);
#4610=CYLINDRICAL_SURFACE('',#5154,5.);
#4611=CYLINDRICAL_SURFACE('',#5162,5.);
#4612=CYLINDRICAL_SURFACE('',#5164,10.);
#4613=CYLINDRICAL_SURFACE('',#5170,10.);
#4614=CYLINDRICAL_SURFACE('',#5174,10.);
#4615=CYLINDRICAL_SURFACE('',#5179,10.);
#4616=CYLINDRICAL_SURFACE('',#5183,10.5);
#4617=CYLINDRICAL_SURFACE('',#5185,8.00000000000002);
#4618=CYLINDRICAL_SURFACE('',#5187,8.00000000000002);
#4619=CYLINDRICAL_SURFACE('',#5189,2.1);
#4620=CYLINDRICAL_SURFACE('',#5192,2.1);
#4621=CYLINDRICAL_SURFACE('',#5195,5.);
#4622=CYLINDRICAL_SURFACE('',#5203,5.);
#4623=CYLINDRICAL_SURFACE('',#5209,10.);
#4624=CYLINDRICAL_SURFACE('',#5213,10.);
#4625=CYLINDRICAL_SURFACE('',#5219,10.);
#4626=CYLINDRICAL_SURFACE('',#5221,10.);
#4627=CYLINDRICAL_SURFACE('',#5225,10.5);
#4628=CYLINDRICAL_SURFACE('',#5228,8.00000000000002);
#4629=CYLINDRICAL_SURFACE('',#5230,10.5);
#4630=CYLINDRICAL_SURFACE('',#5236,8.00000000000002);
#4631=CYLINDRICAL_SURFACE('',#5237,10.5);
#4632=CYLINDRICAL_SURFACE('',#5249,10.5);
#4633=CYLINDRICAL_SURFACE('',#5257,8.00000000000001);
#4634=CYLINDRICAL_SURFACE('',#5258,10.5);
#4635=CYLINDRICAL_SURFACE('',#5265,8.);
#4636=CYLINDRICAL_SURFACE('',#5271,1.5);
#4637=CYLINDRICAL_SURFACE('',#5274,1.5);
#4638=CYLINDRICAL_SURFACE('',#5277,1.5);
#4639=CYLINDRICAL_SURFACE('',#5280,1.5);
#4640=CYLINDRICAL_SURFACE('',#5283,1.5);
#4641=CYLINDRICAL_SURFACE('',#5286,1.5);
#4642=CYLINDRICAL_SURFACE('',#5289,1.5);
#4643=CYLINDRICAL_SURFACE('',#5292,1.5);
#4644=CYLINDRICAL_SURFACE('',#5295,1.5);
#4645=CYLINDRICAL_SURFACE('',#5298,1.5);
#4646=CYLINDRICAL_SURFACE('',#5301,1.5);
#4647=CYLINDRICAL_SURFACE('',#5304,1.5);
#4648=CYLINDRICAL_SURFACE('',#5307,1.5);
#4649=CYLINDRICAL_SURFACE('',#5310,1.5);
#4650=CYLINDRICAL_SURFACE('',#5313,1.5);
#4651=CYLINDRICAL_SURFACE('',#5316,1.5);
#4652=CYLINDRICAL_SURFACE('',#5319,1.5);
#4653=CYLINDRICAL_SURFACE('',#5322,1.5);
#4654=CYLINDRICAL_SURFACE('',#5325,1.5);
#4655=CYLINDRICAL_SURFACE('',#5328,1.5);
#4656=CYLINDRICAL_SURFACE('',#5331,1.5);
#4657=CYLINDRICAL_SURFACE('',#5334,1.5);
#4658=CYLINDRICAL_SURFACE('',#5337,1.5);
#4659=CYLINDRICAL_SURFACE('',#5340,1.5);
#4660=CYLINDRICAL_SURFACE('',#5343,1.5);
#4661=CYLINDRICAL_SURFACE('',#5346,1.5);
#4662=CYLINDRICAL_SURFACE('',#5349,1.5);
#4663=CYLINDRICAL_SURFACE('',#5352,1.5);
#4664=CYLINDRICAL_SURFACE('',#5355,1.5);
#4665=CYLINDRICAL_SURFACE('',#5358,1.5);
#4666=CYLINDRICAL_SURFACE('',#5361,1.5);
#4667=CYLINDRICAL_SURFACE('',#5364,1.5);
#4668=CYLINDRICAL_SURFACE('',#5367,1.5);
#4669=CYLINDRICAL_SURFACE('',#5370,1.5);
#4670=CYLINDRICAL_SURFACE('',#5373,1.5);
#4671=CYLINDRICAL_SURFACE('',#5376,1.5);
#4672=CYLINDRICAL_SURFACE('',#5379,1.5);
#4673=CYLINDRICAL_SURFACE('',#5382,1.5);
#4674=CYLINDRICAL_SURFACE('',#5385,1.5);
#4675=CYLINDRICAL_SURFACE('',#5388,1.5);
#4676=CYLINDRICAL_SURFACE('',#5391,1.5);
#4677=CYLINDRICAL_SURFACE('',#5394,1.5);
#4678=CYLINDRICAL_SURFACE('',#5397,1.5);
#4679=CYLINDRICAL_SURFACE('',#5400,1.5);
#4680=CYLINDRICAL_SURFACE('',#5403,1.5);
#4681=CYLINDRICAL_SURFACE('',#5406,1.5);
#4682=CYLINDRICAL_SURFACE('',#5409,1.5);
#4683=CYLINDRICAL_SURFACE('',#5412,1.5);
#4684=CYLINDRICAL_SURFACE('',#5415,1.5);
#4685=CYLINDRICAL_SURFACE('',#5418,1.5);
#4686=CYLINDRICAL_SURFACE('',#5421,1.5);
#4687=CYLINDRICAL_SURFACE('',#5424,1.5);
#4688=CYLINDRICAL_SURFACE('',#5427,1.5);
#4689=CYLINDRICAL_SURFACE('',#5430,1.5);
#4690=CYLINDRICAL_SURFACE('',#5433,1.5);
#4691=CYLINDRICAL_SURFACE('',#5436,1.5);
#4692=CYLINDRICAL_SURFACE('',#5439,1.5);
#4693=CYLINDRICAL_SURFACE('',#5442,1.5);
#4694=CYLINDRICAL_SURFACE('',#5445,1.5);
#4695=CYLINDRICAL_SURFACE('',#5448,1.5);
#4696=CYLINDRICAL_SURFACE('',#5451,1.5);
#4697=CYLINDRICAL_SURFACE('',#5454,1.5);
#4698=CYLINDRICAL_SURFACE('',#5457,1.5);
#4699=CYLINDRICAL_SURFACE('',#5460,1.5);
#4700=CYLINDRICAL_SURFACE('',#5463,1.5);
#4701=CYLINDRICAL_SURFACE('',#5466,1.5);
#4702=CYLINDRICAL_SURFACE('',#5469,1.5);
#4703=CYLINDRICAL_SURFACE('',#5472,1.5);
#4704=CYLINDRICAL_SURFACE('',#5475,1.5);
#4705=CYLINDRICAL_SURFACE('',#5478,1.5);
#4706=CYLINDRICAL_SURFACE('',#5481,1.5);
#4707=CYLINDRICAL_SURFACE('',#5484,1.5);
#4708=CYLINDRICAL_SURFACE('',#5487,1.5);
#4709=CYLINDRICAL_SURFACE('',#5490,1.5);
#4710=CYLINDRICAL_SURFACE('',#5493,1.5);
#4711=CYLINDRICAL_SURFACE('',#5496,1.5);
#4712=CYLINDRICAL_SURFACE('',#5499,1.5);
#4713=CYLINDRICAL_SURFACE('',#5502,1.5);
#4714=CYLINDRICAL_SURFACE('',#5505,1.5);
#4715=CYLINDRICAL_SURFACE('',#5508,1.5);
#4716=CYLINDRICAL_SURFACE('',#5511,1.5);
#4717=CYLINDRICAL_SURFACE('',#5514,1.5);
#4718=CYLINDRICAL_SURFACE('',#5517,1.5);
#4719=CYLINDRICAL_SURFACE('',#5520,1.5);
#4720=CYLINDRICAL_SURFACE('',#5523,1.5);
#4721=CYLINDRICAL_SURFACE('',#5526,1.5);
#4722=CYLINDRICAL_SURFACE('',#5529,1.5);
#4723=CYLINDRICAL_SURFACE('',#5532,1.5);
#4724=CYLINDRICAL_SURFACE('',#5535,1.5);
#4725=CYLINDRICAL_SURFACE('',#5538,1.5);
#4726=CYLINDRICAL_SURFACE('',#5541,1.5);
#4727=CYLINDRICAL_SURFACE('',#5544,1.5);
#4728=CYLINDRICAL_SURFACE('',#5547,1.5);
#4729=CYLINDRICAL_SURFACE('',#5550,1.5);
#4730=CYLINDRICAL_SURFACE('',#5553,1.5);
#4731=CYLINDRICAL_SURFACE('',#5556,1.5);
#4732=CYLINDRICAL_SURFACE('',#5559,1.5);
#4733=CYLINDRICAL_SURFACE('',#5562,1.5);
#4734=CYLINDRICAL_SURFACE('',#5565,1.5);
#4735=CYLINDRICAL_SURFACE('',#5568,1.5);
#4736=CYLINDRICAL_SURFACE('',#5571,1.5);
#4737=CYLINDRICAL_SURFACE('',#5574,1.5);
#4738=CYLINDRICAL_SURFACE('',#5577,1.5);
#4739=CYLINDRICAL_SURFACE('',#5580,1.5);
#4740=CYLINDRICAL_SURFACE('',#5583,1.5);
#4741=CYLINDRICAL_SURFACE('',#5586,1.5);
#4742=CYLINDRICAL_SURFACE('',#5589,1.2295);
#4743=CYLINDRICAL_SURFACE('',#5592,1.2295);
#4744=CYLINDRICAL_SURFACE('',#5595,1.2295);
#4745=CYLINDRICAL_SURFACE('',#5598,1.2295);
#4746=CYLINDRICAL_SURFACE('',#5601,1.8);
#4747=CYLINDRICAL_SURFACE('',#5604,1.8);
#4748=CYLINDRICAL_SURFACE('',#5608,1.8);
#4749=CYLINDRICAL_SURFACE('',#5612,1.8);
#4750=CYLINDRICAL_SURFACE('',#5620,0.3);
#4751=CYLINDRICAL_SURFACE('',#5630,0.3);
#4752=CYLINDRICAL_SURFACE('',#5638,0.3);
#4753=CYLINDRICAL_SURFACE('',#5642,0.3);
#4754=CYLINDRICAL_SURFACE('',#5647,8.);
#4755=CYLINDRICAL_SURFACE('',#5650,8.);
#4756=CYLINDRICAL_SURFACE('',#5654,8.);
#4757=CYLINDRICAL_SURFACE('',#5657,8.);
#4758=CYLINDRICAL_SURFACE('',#5660,8.);
#4759=CYLINDRICAL_SURFACE('',#5662,8.);
#4760=CYLINDRICAL_SURFACE('',#5664,8.);
#4761=CYLINDRICAL_SURFACE('',#5665,8.);
#4762=CYLINDRICAL_SURFACE('',#5668,1.75);
#4763=CYLINDRICAL_SURFACE('',#5671,9.);
#4764=CYLINDRICAL_SURFACE('',#5677,1.6);
#4765=CYLINDRICAL_SURFACE('',#5680,9.);
#4766=CYLINDRICAL_SURFACE('',#5686,3.7);
#4767=CYLINDRICAL_SURFACE('',#5691,1.75);
#4768=CYLINDRICAL_SURFACE('',#5693,7.5);
#4769=CYLINDRICAL_SURFACE('',#5706,3.);
#4770=CYLINDRICAL_SURFACE('',#5708,1.5);
#4771=ADVANCED_FACE('',(#445),#4608,.F.);
#4772=ADVANCED_FACE('',(#446),#4609,.F.);
#4773=ADVANCED_FACE('',(#447),#4610,.T.);
#4774=ADVANCED_FACE('',(#448,#125,#126),#362,.T.);
#4775=ADVANCED_FACE('',(#449),#363,.T.);
#4776=ADVANCED_FACE('',(#450),#4611,.T.);
#4777=ADVANCED_FACE('',(#451),#4612,.F.);
#4778=ADVANCED_FACE('',(#452),#364,.T.);
#4779=ADVANCED_FACE('',(#453),#4613,.F.);
#4780=ADVANCED_FACE('',(#454),#365,.T.);
#4781=ADVANCED_FACE('',(#455),#4614,.F.);
#4782=ADVANCED_FACE('',(#456),#366,.T.);
#4783=ADVANCED_FACE('',(#457),#4615,.F.);
#4784=ADVANCED_FACE('',(#458),#367,.F.);
#4785=ADVANCED_FACE('',(#459),#368,.F.);
#4786=ADVANCED_FACE('',(#460),#4616,.T.);
#4787=ADVANCED_FACE('',(#461),#4617,.F.);
#4788=ADVANCED_FACE('',(#462),#4618,.F.);
#4789=ADVANCED_FACE('',(#463),#4619,.F.);
#4790=ADVANCED_FACE('',(#464),#4620,.F.);
#4791=ADVANCED_FACE('',(#465),#4621,.T.);
#4792=ADVANCED_FACE('',(#466),#369,.T.);
#4793=ADVANCED_FACE('',(#467,#127,#128),#370,.T.);
#4794=ADVANCED_FACE('',(#468),#4622,.T.);
#4795=ADVANCED_FACE('',(#469),#371,.T.);
#4796=ADVANCED_FACE('',(#470,#129,#130),#372,.F.);
#4797=ADVANCED_FACE('',(#471),#4623,.F.);
#4798=ADVANCED_FACE('',(#472),#373,.F.);
#4799=ADVANCED_FACE('',(#473),#4624,.F.);
#4800=ADVANCED_FACE('',(#474),#374,.F.);
#4801=ADVANCED_FACE('',(#475),#4625,.F.);
#4802=ADVANCED_FACE('',(#476),#375,.T.);
#4803=ADVANCED_FACE('',(#477),#4626,.F.);
#4804=ADVANCED_FACE('',(#478),#376,.F.);
#4805=ADVANCED_FACE('',(#479),#4627,.T.);
#4806=ADVANCED_FACE('',(#480),#377,.T.);
#4807=ADVANCED_FACE('',(#481),#4628,.F.);
#4808=ADVANCED_FACE('',(#482),#4629,.T.);
#4809=ADVANCED_FACE('',(#483),#378,.T.);
#4810=ADVANCED_FACE('',(#484),#379,.T.);
#4811=ADVANCED_FACE('',(#485),#380,.T.);
#4812=ADVANCED_FACE('',(#486),#4630,.F.);
#4813=ADVANCED_FACE('',(#487),#4631,.T.);
#4814=ADVANCED_FACE('',(#488),#381,.T.);
#4815=ADVANCED_FACE('',(#489),#382,.T.);
#4816=ADVANCED_FACE('',(#490),#383,.T.);
#4817=ADVANCED_FACE('',(#491),#384,.T.);
#4818=ADVANCED_FACE('',(#492,#131,#132),#385,.F.);
#4819=ADVANCED_FACE('',(#493),#386,.T.);
#4820=ADVANCED_FACE('',(#494),#387,.T.);
#4821=ADVANCED_FACE('',(#495),#388,.T.);
#4822=ADVANCED_FACE('',(#496),#389,.T.);
#4823=ADVANCED_FACE('',(#497),#390,.T.);
#4824=ADVANCED_FACE('',(#498),#4632,.T.);
#4825=ADVANCED_FACE('',(#499),#391,.T.);
#4826=ADVANCED_FACE('',(#500),#392,.T.);
#4827=ADVANCED_FACE('',(#501),#393,.F.);
#4828=ADVANCED_FACE('',(#502),#4633,.F.);
#4829=ADVANCED_FACE('',(#503),#4634,.T.);
#4830=ADVANCED_FACE('',(#504),#394,.T.);
#4831=ADVANCED_FACE('',(#505),#395,.T.);
#4832=ADVANCED_FACE('',(#506),#4635,.F.);
#4833=ADVANCED_FACE('',(#507),#396,.T.);
#4834=ADVANCED_FACE('',(#508),#397,.F.);
#4835=ADVANCED_FACE('',(#509),#398,.T.);
#4836=ADVANCED_FACE('',(#510),#399,.T.);
#4837=ADVANCED_FACE('',(#511),#4636,.F.);
#4838=ADVANCED_FACE('',(#512),#4637,.F.);
#4839=ADVANCED_FACE('',(#513),#4638,.F.);
#4840=ADVANCED_FACE('',(#514),#4639,.F.);
#4841=ADVANCED_FACE('',(#515),#4640,.F.);
#4842=ADVANCED_FACE('',(#516),#4641,.F.);
#4843=ADVANCED_FACE('',(#517),#4642,.F.);
#4844=ADVANCED_FACE('',(#518),#4643,.F.);
#4845=ADVANCED_FACE('',(#519),#4644,.F.);
#4846=ADVANCED_FACE('',(#520),#4645,.F.);
#4847=ADVANCED_FACE('',(#521),#4646,.F.);
#4848=ADVANCED_FACE('',(#522),#4647,.F.);
#4849=ADVANCED_FACE('',(#523),#4648,.F.);
#4850=ADVANCED_FACE('',(#524),#4649,.F.);
#4851=ADVANCED_FACE('',(#525),#4650,.F.);
#4852=ADVANCED_FACE('',(#526),#4651,.F.);
#4853=ADVANCED_FACE('',(#527),#4652,.F.);
#4854=ADVANCED_FACE('',(#528),#4653,.F.);
#4855=ADVANCED_FACE('',(#529),#4654,.F.);
#4856=ADVANCED_FACE('',(#530),#4655,.F.);
#4857=ADVANCED_FACE('',(#531),#4656,.F.);
#4858=ADVANCED_FACE('',(#532),#4657,.F.);
#4859=ADVANCED_FACE('',(#533),#4658,.F.);
#4860=ADVANCED_FACE('',(#534),#4659,.F.);
#4861=ADVANCED_FACE('',(#535),#4660,.F.);
#4862=ADVANCED_FACE('',(#536),#4661,.F.);
#4863=ADVANCED_FACE('',(#537),#4662,.F.);
#4864=ADVANCED_FACE('',(#538),#4663,.F.);
#4865=ADVANCED_FACE('',(#539),#4664,.F.);
#4866=ADVANCED_FACE('',(#540),#4665,.F.);
#4867=ADVANCED_FACE('',(#541),#4666,.F.);
#4868=ADVANCED_FACE('',(#542),#4667,.F.);
#4869=ADVANCED_FACE('',(#543),#4668,.F.);
#4870=ADVANCED_FACE('',(#544),#4669,.F.);
#4871=ADVANCED_FACE('',(#545),#4670,.F.);
#4872=ADVANCED_FACE('',(#546),#4671,.F.);
#4873=ADVANCED_FACE('',(#547),#4672,.F.);
#4874=ADVANCED_FACE('',(#548),#4673,.F.);
#4875=ADVANCED_FACE('',(#549),#4674,.F.);
#4876=ADVANCED_FACE('',(#550),#4675,.F.);
#4877=ADVANCED_FACE('',(#551),#4676,.F.);
#4878=ADVANCED_FACE('',(#552),#4677,.F.);
#4879=ADVANCED_FACE('',(#553),#4678,.F.);
#4880=ADVANCED_FACE('',(#554),#4679,.F.);
#4881=ADVANCED_FACE('',(#555),#4680,.F.);
#4882=ADVANCED_FACE('',(#556),#4681,.F.);
#4883=ADVANCED_FACE('',(#557),#4682,.F.);
#4884=ADVANCED_FACE('',(#558),#4683,.F.);
#4885=ADVANCED_FACE('',(#559),#4684,.F.);
#4886=ADVANCED_FACE('',(#560),#4685,.F.);
#4887=ADVANCED_FACE('',(#561),#4686,.F.);
#4888=ADVANCED_FACE('',(#562),#4687,.F.);
#4889=ADVANCED_FACE('',(#563),#4688,.F.);
#4890=ADVANCED_FACE('',(#564),#4689,.F.);
#4891=ADVANCED_FACE('',(#565),#4690,.F.);
#4892=ADVANCED_FACE('',(#566),#4691,.F.);
#4893=ADVANCED_FACE('',(#567),#4692,.F.);
#4894=ADVANCED_FACE('',(#568),#4693,.F.);
#4895=ADVANCED_FACE('',(#569),#4694,.F.);
#4896=ADVANCED_FACE('',(#570),#4695,.F.);
#4897=ADVANCED_FACE('',(#571),#4696,.F.);
#4898=ADVANCED_FACE('',(#572),#4697,.F.);
#4899=ADVANCED_FACE('',(#573),#4698,.F.);
#4900=ADVANCED_FACE('',(#574),#4699,.F.);
#4901=ADVANCED_FACE('',(#575),#4700,.F.);
#4902=ADVANCED_FACE('',(#576),#4701,.F.);
#4903=ADVANCED_FACE('',(#577),#4702,.F.);
#4904=ADVANCED_FACE('',(#578),#4703,.F.);
#4905=ADVANCED_FACE('',(#579),#4704,.F.);
#4906=ADVANCED_FACE('',(#580),#4705,.F.);
#4907=ADVANCED_FACE('',(#581),#4706,.F.);
#4908=ADVANCED_FACE('',(#582),#4707,.F.);
#4909=ADVANCED_FACE('',(#583),#4708,.F.);
#4910=ADVANCED_FACE('',(#584),#4709,.F.);
#4911=ADVANCED_FACE('',(#585),#4710,.F.);
#4912=ADVANCED_FACE('',(#586),#4711,.F.);
#4913=ADVANCED_FACE('',(#587),#4712,.F.);
#4914=ADVANCED_FACE('',(#588),#4713,.F.);
#4915=ADVANCED_FACE('',(#589),#4714,.F.);
#4916=ADVANCED_FACE('',(#590),#4715,.F.);
#4917=ADVANCED_FACE('',(#591),#4716,.F.);
#4918=ADVANCED_FACE('',(#592),#4717,.F.);
#4919=ADVANCED_FACE('',(#593),#4718,.F.);
#4920=ADVANCED_FACE('',(#594),#4719,.F.);
#4921=ADVANCED_FACE('',(#595),#4720,.F.);
#4922=ADVANCED_FACE('',(#596),#4721,.F.);
#4923=ADVANCED_FACE('',(#597),#4722,.F.);
#4924=ADVANCED_FACE('',(#598),#4723,.F.);
#4925=ADVANCED_FACE('',(#599),#4724,.F.);
#4926=ADVANCED_FACE('',(#600),#4725,.F.);
#4927=ADVANCED_FACE('',(#601),#4726,.F.);
#4928=ADVANCED_FACE('',(#602),#4727,.F.);
#4929=ADVANCED_FACE('',(#603),#4728,.F.);
#4930=ADVANCED_FACE('',(#604),#4729,.F.);
#4931=ADVANCED_FACE('',(#605),#4730,.F.);
#4932=ADVANCED_FACE('',(#606),#4731,.F.);
#4933=ADVANCED_FACE('',(#607),#4732,.F.);
#4934=ADVANCED_FACE('',(#608),#4733,.F.);
#4935=ADVANCED_FACE('',(#609),#4734,.F.);
#4936=ADVANCED_FACE('',(#610),#4735,.F.);
#4937=ADVANCED_FACE('',(#611),#4736,.F.);
#4938=ADVANCED_FACE('',(#612),#4737,.F.);
#4939=ADVANCED_FACE('',(#613),#4738,.F.);
#4940=ADVANCED_FACE('',(#614),#4739,.F.);
#4941=ADVANCED_FACE('',(#615),#4740,.F.);
#4942=ADVANCED_FACE('',(#616),#4741,.F.);
#4943=ADVANCED_FACE('',(#617),#4742,.F.);
#4944=ADVANCED_FACE('',(#618),#4743,.F.);
#4945=ADVANCED_FACE('',(#619),#4744,.F.);
#4946=ADVANCED_FACE('',(#620),#4745,.F.);
#4947=ADVANCED_FACE('',(#621),#4746,.T.);
#4948=ADVANCED_FACE('',(#622),#4747,.T.);
#4949=ADVANCED_FACE('',(#623),#4748,.T.);
#4950=ADVANCED_FACE('',(#624),#4749,.T.);
#4951=ADVANCED_FACE('',(#625),#400,.T.);
#4952=ADVANCED_FACE('',(#626),#401,.T.);
#4953=ADVANCED_FACE('',(#627),#402,.T.);
#4954=ADVANCED_FACE('',(#628),#403,.T.);
#4955=ADVANCED_FACE('',(#629),#4750,.F.);
#4956=ADVANCED_FACE('',(#630,#133,#134,#135,#136),#404,.T.);
#4957=ADVANCED_FACE('',(#631),#405,.T.);
#4958=ADVANCED_FACE('',(#632,#137,#138,#139,#140,#141,#142,#143,#144,#145,
#146,#147,#148,#149,#150,#151,#152,#153,#154,#155,#156,#157,#158,#159,#160,
#161,#162,#163,#164,#165,#166,#167,#168,#169,#170,#171,#172,#173,#174,#175,
#176,#177,#178,#179,#180,#181,#182,#183,#184,#185,#186,#187,#188,#189),
#406,.T.);
#4959=ADVANCED_FACE('',(#633),#407,.T.);
#4960=ADVANCED_FACE('',(#634),#408,.T.);
#4961=ADVANCED_FACE('',(#635,#190,#191,#192,#193),#409,.F.);
#4962=ADVANCED_FACE('',(#636),#4751,.F.);
#4963=ADVANCED_FACE('',(#637,#194,#195,#196,#197,#198,#199,#200,#201,#202,
#203,#204,#205,#206,#207,#208,#209,#210,#211,#212,#213,#214,#215,#216,#217,
#218,#219,#220,#221,#222,#223,#224,#225,#226,#227,#228,#229,#230,#231,#232,
#233,#234,#235,#236,#237,#238,#239,#240,#241,#242,#243,#244,#245,#246),
#410,.T.);
#4964=ADVANCED_FACE('',(#638),#411,.T.);
#4965=ADVANCED_FACE('',(#639),#4752,.F.);
#4966=ADVANCED_FACE('',(#640),#412,.T.);
#4967=ADVANCED_FACE('',(#641),#4753,.F.);
#4968=ADVANCED_FACE('',(#642,#247,#248,#249,#250,#251,#252,#253,#254,#255,
#256,#257,#258,#259,#260,#261,#262,#263,#264,#265,#266,#267,#268,#269,#270,
#271,#272,#273,#274,#275,#276,#277,#278,#279,#280,#281,#282,#283,#284,#285,
#286,#287,#288,#289,#290,#291,#292,#293,#294,#295,#296,#297,#298,#299),
#413,.T.);
#4969=ADVANCED_FACE('',(#643),#4754,.T.);
#4970=ADVANCED_FACE('',(#644),#414,.T.);
#4971=ADVANCED_FACE('',(#645),#4755,.T.);
#4972=ADVANCED_FACE('',(#646,#300,#301,#302,#303,#304,#305,#306,#307,#308,
#309,#310,#311,#312,#313,#314,#315,#316,#317,#318,#319,#320,#321,#322,#323,
#324,#325,#326,#327,#328,#329,#330,#331,#332,#333,#334,#335,#336,#337,#338,
#339,#340,#341,#342,#343,#344,#345,#346,#347,#348,#349,#350,#351,#352),
#415,.T.);
#4973=ADVANCED_FACE('',(#647),#416,.T.);
#4974=ADVANCED_FACE('',(#648),#4756,.T.);
#4975=ADVANCED_FACE('',(#649),#417,.T.);
#4976=ADVANCED_FACE('',(#650),#4757,.T.);
#4977=ADVANCED_FACE('',(#651),#418,.T.);
#4978=ADVANCED_FACE('',(#652),#4758,.T.);
#4979=ADVANCED_FACE('',(#653),#419,.T.);
#4980=ADVANCED_FACE('',(#654),#4759,.T.);
#4981=ADVANCED_FACE('',(#655),#420,.T.);
#4982=ADVANCED_FACE('',(#656),#4760,.T.);
#4983=ADVANCED_FACE('',(#657),#4761,.T.);
#4984=ADVANCED_FACE('',(#658),#421,.T.);
#4985=ADVANCED_FACE('',(#659),#4762,.F.);
#4986=ADVANCED_FACE('',(#660),#4763,.T.);
#4987=ADVANCED_FACE('',(#661,#353),#422,.T.);
#4988=ADVANCED_FACE('',(#662,#354),#423,.F.);
#4989=ADVANCED_FACE('',(#663),#4764,.F.);
#4990=ADVANCED_FACE('',(#664),#4765,.T.);
#4991=ADVANCED_FACE('',(#665,#355),#424,.T.);
#4992=ADVANCED_FACE('',(#666,#356),#425,.F.);
#4993=ADVANCED_FACE('',(#667),#4766,.F.);
#4994=ADVANCED_FACE('',(#668,#357),#426,.F.);
#4995=ADVANCED_FACE('',(#669),#4767,.F.);
#4996=ADVANCED_FACE('',(#670),#4768,.T.);
#4997=ADVANCED_FACE('',(#671,#358),#427,.T.);
#4998=ADVANCED_FACE('',(#672,#359),#428,.F.);
#4999=ADVANCED_FACE('',(#673),#83,.T.);
#5000=ADVANCED_FACE('',(#674),#84,.T.);
#5001=ADVANCED_FACE('',(#675),#4769,.T.);
#5002=ADVANCED_FACE('',(#676),#4770,.T.);
#5003=ADVANCED_FACE('',(#677),#429,.F.);
#5004=ADVANCED_FACE('',(#678,#360),#430,.F.);
#5005=ADVANCED_FACE('',(#679,#361),#431,.F.);
#5006=ADVANCED_FACE('',(#680),#432,.F.);
#5007=ADVANCED_FACE('',(#681),#433,.F.);
#5008=ADVANCED_FACE('',(#682),#434,.F.);
#5009=ADVANCED_FACE('',(#683),#435,.F.);
#5010=ADVANCED_FACE('',(#684),#436,.F.);
#5011=ADVANCED_FACE('',(#685),#437,.F.);
#5012=ADVANCED_FACE('',(#686),#438,.F.);
#5013=ADVANCED_FACE('',(#687),#439,.F.);
#5014=ADVANCED_FACE('',(#688),#440,.F.);
#5015=ADVANCED_FACE('',(#689),#441,.F.);
#5016=ADVANCED_FACE('',(#690),#442,.F.);
#5017=ADVANCED_FACE('',(#691),#443,.F.);
#5018=ADVANCED_FACE('',(#692),#444,.T.);
#5019=CLOSED_SHELL('',(#4771,#4772,#4773,#4774,#4775,#4776,#4777,#4778,
#4779,#4780,#4781,#4782,#4783,#4784,#4785,#4786,#4787,#4788,#4789,#4790,
#4791,#4792,#4793,#4794,#4795,#4796,#4797,#4798,#4799,#4800,#4801,#4802,
#4803,#4804,#4805,#4806,#4807,#4808,#4809,#4810,#4811,#4812,#4813,#4814,
#4815,#4816,#4817,#4818,#4819,#4820,#4821,#4822,#4823,#4824,#4825,#4826,
#4827,#4828,#4829,#4830,#4831,#4832,#4833,#4834,#4835,#4836));
#5020=CLOSED_SHELL('',(#4837,#4838,#4839,#4840,#4841,#4842,#4843,#4844,
#4845,#4846,#4847,#4848,#4849,#4850,#4851,#4852,#4853,#4854,#4855,#4856,
#4857,#4858,#4859,#4860,#4861,#4862,#4863,#4864,#4865,#4866,#4867,#4868,
#4869,#4870,#4871,#4872,#4873,#4874,#4875,#4876,#4877,#4878,#4879,#4880,
#4881,#4882,#4883,#4884,#4885,#4886,#4887,#4888,#4889,#4890,#4891,#4892,
#4893,#4894,#4895,#4896,#4897,#4898,#4899,#4900,#4901,#4902,#4903,#4904,
#4905,#4906,#4907,#4908,#4909,#4910,#4911,#4912,#4913,#4914,#4915,#4916,
#4917,#4918,#4919,#4920,#4921,#4922,#4923,#4924,#4925,#4926,#4927,#4928,
#4929,#4930,#4931,#4932,#4933,#4934,#4935,#4936,#4937,#4938,#4939,#4940,
#4941,#4942,#4943,#4944,#4945,#4946,#4947,#4948,#4949,#4950,#4951,#4952,
#4953,#4954,#4955,#4956,#4957,#4958,#4959,#4960,#4961,#4962,#4963,#4964,
#4965,#4966,#4967,#4968,#4969,#4970,#4971,#4972,#4973,#4974,#4975,#4976,
#4977,#4978,#4979,#4980,#4981,#4982,#4983,#4984));
#5021=CLOSED_SHELL('',(#4985,#4986,#4987,#4988));
#5022=CLOSED_SHELL('',(#4989,#4990,#4991,#4992));
#5023=CLOSED_SHELL('',(#4993,#4994,#4995,#4996,#4997,#4998));
#5024=CLOSED_SHELL('',(#4999,#5000,#5001,#5002,#5003,#5004,#5005,#5006,
#5007,#5008,#5009,#5010,#5011,#5012,#5013,#5014,#5015,#5016,#5017,#5018));
#5025=DERIVED_UNIT_ELEMENT(#5038,1.);
#5026=DERIVED_UNIT_ELEMENT(#8774,-3.);
#5027=DERIVED_UNIT_ELEMENT(#5038,1.);
#5028=DERIVED_UNIT_ELEMENT(#8774,-3.);
#5029=DERIVED_UNIT_ELEMENT(#5038,1.);
#5030=DERIVED_UNIT_ELEMENT(#8774,-3.);
#5031=DERIVED_UNIT_ELEMENT(#5038,1.);
#5032=DERIVED_UNIT_ELEMENT(#8774,-3.);
#5033=DERIVED_UNIT_ELEMENT(#5038,1.);
#5034=DERIVED_UNIT_ELEMENT(#8774,-3.);
#5035=DERIVED_UNIT_ELEMENT(#5038,1.);
#5036=DERIVED_UNIT_ELEMENT(#8774,-3.);
#5037=DIMENSIONAL_EXPONENTS(0.,1.,0.,0.,0.,0.,0.);
#5038=(
CONVERSION_BASED_UNIT('gram',#5040)
MASS_UNIT()
NAMED_UNIT(#5037)
);
#5039=(
MASS_UNIT()
NAMED_UNIT(*)
SI_UNIT(.KILO.,.GRAM.)
);
#5040=MASS_MEASURE_WITH_UNIT(MASS_MEASURE(0.001),#5039);
#5041=DERIVED_UNIT((#5025,#5026));
#5042=DERIVED_UNIT((#5027,#5028));
#5043=DERIVED_UNIT((#5029,#5030));
#5044=DERIVED_UNIT((#5031,#5032));
#5045=DERIVED_UNIT((#5033,#5034));
#5046=DERIVED_UNIT((#5035,#5036));
#5047=MEASURE_REPRESENTATION_ITEM('density measure',
POSITIVE_RATIO_MEASURE(1.),#5041);
#5048=MEASURE_REPRESENTATION_ITEM('density measure',
POSITIVE_RATIO_MEASURE(1.),#5042);
#5049=MEASURE_REPRESENTATION_ITEM('density measure',
POSITIVE_RATIO_MEASURE(1.),#5043);
#5050=MEASURE_REPRESENTATION_ITEM('density measure',
POSITIVE_RATIO_MEASURE(1.),#5044);
#5051=MEASURE_REPRESENTATION_ITEM('density measure',
POSITIVE_RATIO_MEASURE(1.),#5045);
#5052=MEASURE_REPRESENTATION_ITEM('density measure',
POSITIVE_RATIO_MEASURE(1.),#5046);
#5053=PROPERTY_DEFINITION_REPRESENTATION(#5083,#5065);
#5054=PROPERTY_DEFINITION_REPRESENTATION(#5084,#5066);
#5055=PROPERTY_DEFINITION_REPRESENTATION(#5085,#5067);
#5056=PROPERTY_DEFINITION_REPRESENTATION(#5086,#5068);
#5057=PROPERTY_DEFINITION_REPRESENTATION(#5087,#5069);
#5058=PROPERTY_DEFINITION_REPRESENTATION(#5088,#5070);
#5059=PROPERTY_DEFINITION_REPRESENTATION(#5089,#5071);
#5060=PROPERTY_DEFINITION_REPRESENTATION(#5090,#5072);
#5061=PROPERTY_DEFINITION_REPRESENTATION(#5091,#5073);
#5062=PROPERTY_DEFINITION_REPRESENTATION(#5092,#5074);
#5063=PROPERTY_DEFINITION_REPRESENTATION(#5093,#5075);
#5064=PROPERTY_DEFINITION_REPRESENTATION(#5094,#5076);
#5065=REPRESENTATION('material name',(#5077),#8766);
#5066=REPRESENTATION('density',(#5047),#8766);
#5067=REPRESENTATION('material name',(#5078),#8767);
#5068=REPRESENTATION('density',(#5048),#8767);
#5069=REPRESENTATION('material name',(#5079),#8768);
#5070=REPRESENTATION('density',(#5049),#8768);
#5071=REPRESENTATION('material name',(#5080),#8769);
#5072=REPRESENTATION('density',(#5050),#8769);
#5073=REPRESENTATION('material name',(#5081),#8770);
#5074=REPRESENTATION('density',(#5051),#8770);
#5075=REPRESENTATION('material name',(#5082),#8771);
#5076=REPRESENTATION('density',(#5052),#8771);
#5077=DESCRIPTIVE_REPRESENTATION_ITEM('\X2\4E00822C\X0\','\X2\4E00822C\X0\');
#5078=DESCRIPTIVE_REPRESENTATION_ITEM('\X2\4E00822C\X0\','\X2\4E00822C\X0\');
#5079=DESCRIPTIVE_REPRESENTATION_ITEM('\X2\4E00822C\X0\','\X2\4E00822C\X0\');
#5080=DESCRIPTIVE_REPRESENTATION_ITEM('\X2\4E00822C\X0\','\X2\4E00822C\X0\');
#5081=DESCRIPTIVE_REPRESENTATION_ITEM('\X2\4E00822C\X0\','\X2\4E00822C\X0\');
#5082=DESCRIPTIVE_REPRESENTATION_ITEM('\X2\4E00822C\X0\','\X2\4E00822C\X0\');
#5083=PROPERTY_DEFINITION('material property','material name',#8818);
#5084=PROPERTY_DEFINITION('material property','density of part',#8818);
#5085=PROPERTY_DEFINITION('material property','material name',#8819);
#5086=PROPERTY_DEFINITION('material property','density of part',#8819);
#5087=PROPERTY_DEFINITION('material property','material name',#8820);
#5088=PROPERTY_DEFINITION('material property','density of part',#8820);
#5089=PROPERTY_DEFINITION('material property','material name',#8821);
#5090=PROPERTY_DEFINITION('material property','density of part',#8821);
#5091=PROPERTY_DEFINITION('material property','material name',#8822);
#5092=PROPERTY_DEFINITION('material property','density of part',#8822);
#5093=PROPERTY_DEFINITION('material property','material name',#8823);
#5094=PROPERTY_DEFINITION('material property','density of part',#8823);
#5095=PRESENTATION_STYLE_ASSIGNMENT((#5096));
#5096=SURFACE_STYLE_USAGE(.BOTH.,#5099);
#5097=SURFACE_STYLE_RENDERING_WITH_PROPERTIES($,#5103,(#5098));
#5098=SURFACE_STYLE_TRANSPARENT(0.);
#5099=SURFACE_SIDE_STYLE('',(#5100,#5097));
#5100=SURFACE_STYLE_FILL_AREA(#5101);
#5101=FILL_AREA_STYLE('',(#5102));
#5102=FILL_AREA_STYLE_COLOUR('',#5103);
#5103=COLOUR_RGB('',0.749019607843137,0.749019607843137,0.749019607843137);
#5104=DATE_TIME_ROLE('creation_date');
#5105=DATE_TIME_ROLE('creation_date');
#5106=DATE_TIME_ROLE('creation_date');
#5107=DATE_TIME_ROLE('creation_date');
#5108=DATE_TIME_ROLE('creation_date');
#5109=DATE_TIME_ROLE('creation_date');
#5110=DATE_TIME_ROLE('creation_date');
#5111=APPLIED_DATE_AND_TIME_ASSIGNMENT(#5118,#5104,(#8817));
#5112=APPLIED_DATE_AND_TIME_ASSIGNMENT(#5119,#5105,(#8818));
#5113=APPLIED_DATE_AND_TIME_ASSIGNMENT(#5120,#5106,(#8819));
#5114=APPLIED_DATE_AND_TIME_ASSIGNMENT(#5121,#5107,(#8820));
#5115=APPLIED_DATE_AND_TIME_ASSIGNMENT(#5122,#5108,(#8821));
#5116=APPLIED_DATE_AND_TIME_ASSIGNMENT(#5123,#5109,(#8822));
#5117=APPLIED_DATE_AND_TIME_ASSIGNMENT(#5124,#5110,(#8823));
#5118=DATE_AND_TIME(#5125,#5132);
#5119=DATE_AND_TIME(#5126,#5133);
#5120=DATE_AND_TIME(#5127,#5134);
#5121=DATE_AND_TIME(#5128,#5135);
#5122=DATE_AND_TIME(#5129,#5136);
#5123=DATE_AND_TIME(#5130,#5137);
#5124=DATE_AND_TIME(#5131,#5138);
#5125=CALENDAR_DATE(2018,29,3);
#5126=CALENDAR_DATE(2018,29,3);
#5127=CALENDAR_DATE(2018,29,3);
#5128=CALENDAR_DATE(2017,17,11);
#5129=CALENDAR_DATE(2017,17,11);
#5130=CALENDAR_DATE(2017,17,11);
#5131=CALENDAR_DATE(2017,17,11);
#5132=LOCAL_TIME(0,0,0.,#5139);
#5133=LOCAL_TIME(0,0,0.,#5140);
#5134=LOCAL_TIME(0,0,0.,#5141);
#5135=LOCAL_TIME(0,0,0.,#5142);
#5136=LOCAL_TIME(0,0,0.,#5143);
#5137=LOCAL_TIME(0,0,0.,#5144);
#5138=LOCAL_TIME(0,0,0.,#5145);
#5139=COORDINATED_UNIVERSAL_TIME_OFFSET(0,0,.BEHIND.);
#5140=COORDINATED_UNIVERSAL_TIME_OFFSET(0,0,.BEHIND.);
#5141=COORDINATED_UNIVERSAL_TIME_OFFSET(0,0,.BEHIND.);
#5142=COORDINATED_UNIVERSAL_TIME_OFFSET(0,0,.BEHIND.);
#5143=COORDINATED_UNIVERSAL_TIME_OFFSET(0,0,.BEHIND.);
#5144=COORDINATED_UNIVERSAL_TIME_OFFSET(0,0,.BEHIND.);
#5145=COORDINATED_UNIVERSAL_TIME_OFFSET(0,0,.BEHIND.);
#5146=AXIS2_PLACEMENT_3D('',#7273,#5744,#5745);
#5147=AXIS2_PLACEMENT_3D('',#7274,#5746,#5747);
#5148=AXIS2_PLACEMENT_3D('',#7275,#5748,#5749);
#5149=AXIS2_PLACEMENT_3D('',#7277,#5750,#5751);
#5150=AXIS2_PLACEMENT_3D('',#7280,#5753,#5754);
#5151=AXIS2_PLACEMENT_3D('',#7281,#5755,#5756);
#5152=AXIS2_PLACEMENT_3D('',#7283,#5757,#5758);
#5153=AXIS2_PLACEMENT_3D('',#7286,#5760,#5761);
#5154=AXIS2_PLACEMENT_3D('',#7287,#5762,#5763);
#5155=AXIS2_PLACEMENT_3D('',#7290,#5764,#5765);
#5156=AXIS2_PLACEMENT_3D('',#7294,#5767,#5768);
#5157=AXIS2_PLACEMENT_3D('',#7296,#5770,#5771);
#5158=AXIS2_PLACEMENT_3D('',#7300,#5773,#5774);
#5159=AXIS2_PLACEMENT_3D('',#7306,#5777,#5778);
#5160=AXIS2_PLACEMENT_3D('',#7310,#5780,#5781);
#5161=AXIS2_PLACEMENT_3D('',#7314,#5784,#5785);
#5162=AXIS2_PLACEMENT_3D('',#7318,#5788,#5789);
#5163=AXIS2_PLACEMENT_3D('',#7320,#5790,#5791);
#5164=AXIS2_PLACEMENT_3D('',#7322,#5793,#5794);
#5165=AXIS2_PLACEMENT_3D('',#7325,#5795,#5796);
#5166=AXIS2_PLACEMENT_3D('',#7329,#5798,#5799);
#5167=AXIS2_PLACEMENT_3D('',#7331,#5801,#5802);
#5168=AXIS2_PLACEMENT_3D('',#7335,#5804,#5805);
#5169=AXIS2_PLACEMENT_3D('',#7339,#5807,#5808);
#5170=AXIS2_PLACEMENT_3D('',#7341,#5810,#5811);
#5171=AXIS2_PLACEMENT_3D('',#7344,#5812,#5813);
#5172=AXIS2_PLACEMENT_3D('',#7348,#5815,#5816);
#5173=AXIS2_PLACEMENT_3D('',#7350,#5818,#5819);
#5174=AXIS2_PLACEMENT_3D('',#7353,#5822,#5823);
#5175=AXIS2_PLACEMENT_3D('',#7357,#5825,#5826);
#5176=AXIS2_PLACEMENT_3D('',#7381,#5828,#5829);
#5177=AXIS2_PLACEMENT_3D('',#7384,#5831,#5832);
#5178=AXIS2_PLACEMENT_3D('',#7386,#5833,#5834);
#5179=AXIS2_PLACEMENT_3D('',#7388,#5836,#5837);
#5180=AXIS2_PLACEMENT_3D('',#7391,#5838,#5839);
#5181=AXIS2_PLACEMENT_3D('',#7413,#5841,#5842);
#5182=AXIS2_PLACEMENT_3D('',#7415,#5844,#5845);
#5183=AXIS2_PLACEMENT_3D('',#7425,#5851,#5852);
#5184=AXIS2_PLACEMENT_3D('',#7428,#5854,#5855);
#5185=AXIS2_PLACEMENT_3D('',#7429,#5856,#5857);
#5186=AXIS2_PLACEMENT_3D('',#7432,#5859,#5860);
#5187=AXIS2_PLACEMENT_3D('',#7433,#5861,#5862);
#5188=AXIS2_PLACEMENT_3D('',#7435,#5863,#5864);
#5189=AXIS2_PLACEMENT_3D('',#7437,#5866,#5867);
#5190=AXIS2_PLACEMENT_3D('',#7439,#5868,#5869);
#5191=AXIS2_PLACEMENT_3D('',#7442,#5871,#5872);
#5192=AXIS2_PLACEMENT_3D('',#7443,#5873,#5874);
#5193=AXIS2_PLACEMENT_3D('',#7445,#5875,#5876);
#5194=AXIS2_PLACEMENT_3D('',#7448,#5878,#5879);
#5195=AXIS2_PLACEMENT_3D('',#7449,#5880,#5881);
#5196=AXIS2_PLACEMENT_3D('',#7452,#5882,#5883);
#5197=AXIS2_PLACEMENT_3D('',#7456,#5885,#5886);
#5198=AXIS2_PLACEMENT_3D('',#7458,#5888,#5889);
#5199=AXIS2_PLACEMENT_3D('',#7464,#5893,#5894);
#5200=AXIS2_PLACEMENT_3D('',#7468,#5896,#5897);
#5201=AXIS2_PLACEMENT_3D('',#7474,#5900,#5901);
#5202=AXIS2_PLACEMENT_3D('',#7478,#5903,#5904);
#5203=AXIS2_PLACEMENT_3D('',#7480,#5906,#5907);
#5204=AXIS2_PLACEMENT_3D('',#7484,#5909,#5910);
#5205=AXIS2_PLACEMENT_3D('',#7486,#5912,#5913);
#5206=AXIS2_PLACEMENT_3D('',#7490,#5916,#5917);
#5207=AXIS2_PLACEMENT_3D('',#7494,#5919,#5920);
#5208=AXIS2_PLACEMENT_3D('',#7498,#5922,#5923);
#5209=AXIS2_PLACEMENT_3D('',#7501,#5926,#5927);
#5210=AXIS2_PLACEMENT_3D('',#7504,#5928,#5929);
#5211=AXIS2_PLACEMENT_3D('',#7508,#5931,#5932);
#5212=AXIS2_PLACEMENT_3D('',#7510,#5934,#5935);
#5213=AXIS2_PLACEMENT_3D('',#7516,#5939,#5940);
#5214=AXIS2_PLACEMENT_3D('',#7518,#5941,#5942);
#5215=AXIS2_PLACEMENT_3D('',#7521,#5944,#5945);
#5216=AXIS2_PLACEMENT_3D('',#7522,#5946,#5947);
#5217=AXIS2_PLACEMENT_3D('',#7526,#5949,#5950);
#5218=AXIS2_PLACEMENT_3D('',#7530,#5952,#5953);
#5219=AXIS2_PLACEMENT_3D('',#7532,#5955,#5956);
#5220=AXIS2_PLACEMENT_3D('',#7554,#5958,#5959);
#5221=AXIS2_PLACEMENT_3D('',#7556,#5961,#5962);
#5222=AXIS2_PLACEMENT_3D('',#7580,#5964,#5965);
#5223=AXIS2_PLACEMENT_3D('',#7583,#5967,#5968);
#5224=AXIS2_PLACEMENT_3D('',#7585,#5969,#5970);
#5225=AXIS2_PLACEMENT_3D('',#7587,#5972,#5973);
#5226=AXIS2_PLACEMENT_3D('',#7590,#5975,#5976);
#5227=AXIS2_PLACEMENT_3D('',#7591,#5977,#5978);
#5228=AXIS2_PLACEMENT_3D('',#7601,#5984,#5985);
#5229=AXIS2_PLACEMENT_3D('',#7602,#5986,#5987);
#5230=AXIS2_PLACEMENT_3D('',#7603,#5988,#5989);
#5231=AXIS2_PLACEMENT_3D('',#7605,#5990,#5991);
#5232=AXIS2_PLACEMENT_3D('',#7607,#5993,#5994);
#5233=AXIS2_PLACEMENT_3D('',#7608,#5995,#5996);
#5234=AXIS2_PLACEMENT_3D('',#7610,#5998,#5999);
#5235=AXIS2_PLACEMENT_3D('',#7612,#6001,#6002);
#5236=AXIS2_PLACEMENT_3D('',#7613,#6003,#6004);
#5237=AXIS2_PLACEMENT_3D('',#7614,#6005,#6006);
#5238=AXIS2_PLACEMENT_3D('',#7616,#6007,#6008);
#5239=AXIS2_PLACEMENT_3D('',#7618,#6010,#6011);
#5240=AXIS2_PLACEMENT_3D('',#7621,#6014,#6015);
#5241=AXIS2_PLACEMENT_3D('',#7624,#6018,#6019);
#5242=AXIS2_PLACEMENT_3D('',#7626,#6021,#6022);
#5243=AXIS2_PLACEMENT_3D('',#7628,#6024,#6025);
#5244=AXIS2_PLACEMENT_3D('',#7629,#6026,#6027);
#5245=AXIS2_PLACEMENT_3D('',#7633,#6030,#6031);
#5246=AXIS2_PLACEMENT_3D('',#7637,#6034,#6035);
#5247=AXIS2_PLACEMENT_3D('',#7641,#6038,#6039);
#5248=AXIS2_PLACEMENT_3D('',#7645,#6042,#6043);
#5249=AXIS2_PLACEMENT_3D('',#7647,#6045,#6046);
#5250=AXIS2_PLACEMENT_3D('',#7650,#6048,#6049);
#5251=AXIS2_PLACEMENT_3D('',#7653,#6051,#6052);
#5252=AXIS2_PLACEMENT_3D('',#7654,#6053,#6054);
#5253=AXIS2_PLACEMENT_3D('',#7656,#6055,#6056);
#5254=AXIS2_PLACEMENT_3D('',#7658,#6058,#6059);
#5255=AXIS2_PLACEMENT_3D('',#7661,#6061,#6062);
#5256=AXIS2_PLACEMENT_3D('',#7662,#6063,#6064);
#5257=AXIS2_PLACEMENT_3D('',#7663,#6065,#6066);
#5258=AXIS2_PLACEMENT_3D('',#7665,#6068,#6069);
#5259=AXIS2_PLACEMENT_3D('',#7667,#6070,#6071);
#5260=AXIS2_PLACEMENT_3D('',#7670,#6073,#6074);
#5261=AXIS2_PLACEMENT_3D('',#7671,#6075,#6076);
#5262=AXIS2_PLACEMENT_3D('',#7673,#6077,#6078);
#5263=AXIS2_PLACEMENT_3D('',#7675,#6080,#6081);
#5264=AXIS2_PLACEMENT_3D('',#7678,#6083,#6084);
#5265=AXIS2_PLACEMENT_3D('',#7679,#6085,#6086);
#5266=AXIS2_PLACEMENT_3D('',#7681,#6088,#6089);
#5267=AXIS2_PLACEMENT_3D('',#7684,#6092,#6093);
#5268=AXIS2_PLACEMENT_3D('',#7686,#6095,#6096);
#5269=AXIS2_PLACEMENT_3D('',#7688,#6098,#6099);
#5270=AXIS2_PLACEMENT_3D('',#7689,#6100,#6101);
#5271=AXIS2_PLACEMENT_3D('',#7690,#6102,#6103);
#5272=AXIS2_PLACEMENT_3D('',#7692,#6104,#6105);
#5273=AXIS2_PLACEMENT_3D('',#7695,#6107,#6108);
#5274=AXIS2_PLACEMENT_3D('',#7696,#6109,#6110);
#5275=AXIS2_PLACEMENT_3D('',#7698,#6111,#6112);
#5276=AXIS2_PLACEMENT_3D('',#7701,#6114,#6115);
#5277=AXIS2_PLACEMENT_3D('',#7702,#6116,#6117);
#5278=AXIS2_PLACEMENT_3D('',#7704,#6118,#6119);
#5279=AXIS2_PLACEMENT_3D('',#7707,#6121,#6122);
#5280=AXIS2_PLACEMENT_3D('',#7708,#6123,#6124);
#5281=AXIS2_PLACEMENT_3D('',#7710,#6125,#6126);
#5282=AXIS2_PLACEMENT_3D('',#7713,#6128,#6129);
#5283=AXIS2_PLACEMENT_3D('',#7714,#6130,#6131);
#5284=AXIS2_PLACEMENT_3D('',#7716,#6132,#6133);
#5285=AXIS2_PLACEMENT_3D('',#7719,#6135,#6136);
#5286=AXIS2_PLACEMENT_3D('',#7720,#6137,#6138);
#5287=AXIS2_PLACEMENT_3D('',#7722,#6139,#6140);
#5288=AXIS2_PLACEMENT_3D('',#7725,#6142,#6143);
#5289=AXIS2_PLACEMENT_3D('',#7726,#6144,#6145);
#5290=AXIS2_PLACEMENT_3D('',#7728,#6146,#6147);
#5291=AXIS2_PLACEMENT_3D('',#7731,#6149,#6150);
#5292=AXIS2_PLACEMENT_3D('',#7732,#6151,#6152);
#5293=AXIS2_PLACEMENT_3D('',#7734,#6153,#6154);
#5294=AXIS2_PLACEMENT_3D('',#7737,#6156,#6157);
#5295=AXIS2_PLACEMENT_3D('',#7738,#6158,#6159);
#5296=AXIS2_PLACEMENT_3D('',#7740,#6160,#6161);
#5297=AXIS2_PLACEMENT_3D('',#7743,#6163,#6164);
#5298=AXIS2_PLACEMENT_3D('',#7744,#6165,#6166);
#5299=AXIS2_PLACEMENT_3D('',#7746,#6167,#6168);
#5300=AXIS2_PLACEMENT_3D('',#7749,#6170,#6171);
#5301=AXIS2_PLACEMENT_3D('',#7750,#6172,#6173);
#5302=AXIS2_PLACEMENT_3D('',#7752,#6174,#6175);
#5303=AXIS2_PLACEMENT_3D('',#7755,#6177,#6178);
#5304=AXIS2_PLACEMENT_3D('',#7756,#6179,#6180);
#5305=AXIS2_PLACEMENT_3D('',#7758,#6181,#6182);
#5306=AXIS2_PLACEMENT_3D('',#7761,#6184,#6185);
#5307=AXIS2_PLACEMENT_3D('',#7762,#6186,#6187);
#5308=AXIS2_PLACEMENT_3D('',#7764,#6188,#6189);
#5309=AXIS2_PLACEMENT_3D('',#7767,#6191,#6192);
#5310=AXIS2_PLACEMENT_3D('',#7768,#6193,#6194);
#5311=AXIS2_PLACEMENT_3D('',#7770,#6195,#6196);
#5312=AXIS2_PLACEMENT_3D('',#7773,#6198,#6199);
#5313=AXIS2_PLACEMENT_3D('',#7774,#6200,#6201);
#5314=AXIS2_PLACEMENT_3D('',#7776,#6202,#6203);
#5315=AXIS2_PLACEMENT_3D('',#7779,#6205,#6206);
#5316=AXIS2_PLACEMENT_3D('',#7780,#6207,#6208);
#5317=AXIS2_PLACEMENT_3D('',#7782,#6209,#6210);
#5318=AXIS2_PLACEMENT_3D('',#7785,#6212,#6213);
#5319=AXIS2_PLACEMENT_3D('',#7786,#6214,#6215);
#5320=AXIS2_PLACEMENT_3D('',#7788,#6216,#6217);
#5321=AXIS2_PLACEMENT_3D('',#7791,#6219,#6220);
#5322=AXIS2_PLACEMENT_3D('',#7792,#6221,#6222);
#5323=AXIS2_PLACEMENT_3D('',#7794,#6223,#6224);
#5324=AXIS2_PLACEMENT_3D('',#7797,#6226,#6227);
#5325=AXIS2_PLACEMENT_3D('',#7798,#6228,#6229);
#5326=AXIS2_PLACEMENT_3D('',#7800,#6230,#6231);
#5327=AXIS2_PLACEMENT_3D('',#7803,#6233,#6234);
#5328=AXIS2_PLACEMENT_3D('',#7804,#6235,#6236);
#5329=AXIS2_PLACEMENT_3D('',#7806,#6237,#6238);
#5330=AXIS2_PLACEMENT_3D('',#7809,#6240,#6241);
#5331=AXIS2_PLACEMENT_3D('',#7810,#6242,#6243);
#5332=AXIS2_PLACEMENT_3D('',#7812,#6244,#6245);
#5333=AXIS2_PLACEMENT_3D('',#7815,#6247,#6248);
#5334=AXIS2_PLACEMENT_3D('',#7816,#6249,#6250);
#5335=AXIS2_PLACEMENT_3D('',#7818,#6251,#6252);
#5336=AXIS2_PLACEMENT_3D('',#7821,#6254,#6255);
#5337=AXIS2_PLACEMENT_3D('',#7822,#6256,#6257);
#5338=AXIS2_PLACEMENT_3D('',#7824,#6258,#6259);
#5339=AXIS2_PLACEMENT_3D('',#7827,#6261,#6262);
#5340=AXIS2_PLACEMENT_3D('',#7828,#6263,#6264);
#5341=AXIS2_PLACEMENT_3D('',#7830,#6265,#6266);
#5342=AXIS2_PLACEMENT_3D('',#7833,#6268,#6269);
#5343=AXIS2_PLACEMENT_3D('',#7834,#6270,#6271);
#5344=AXIS2_PLACEMENT_3D('',#7836,#6272,#6273);
#5345=AXIS2_PLACEMENT_3D('',#7839,#6275,#6276);
#5346=AXIS2_PLACEMENT_3D('',#7840,#6277,#6278);
#5347=AXIS2_PLACEMENT_3D('',#7842,#6279,#6280);
#5348=AXIS2_PLACEMENT_3D('',#7845,#6282,#6283);
#5349=AXIS2_PLACEMENT_3D('',#7846,#6284,#6285);
#5350=AXIS2_PLACEMENT_3D('',#7848,#6286,#6287);
#5351=AXIS2_PLACEMENT_3D('',#7851,#6289,#6290);
#5352=AXIS2_PLACEMENT_3D('',#7852,#6291,#6292);
#5353=AXIS2_PLACEMENT_3D('',#7854,#6293,#6294);
#5354=AXIS2_PLACEMENT_3D('',#7857,#6296,#6297);
#5355=AXIS2_PLACEMENT_3D('',#7858,#6298,#6299);
#5356=AXIS2_PLACEMENT_3D('',#7860,#6300,#6301);
#5357=AXIS2_PLACEMENT_3D('',#7863,#6303,#6304);
#5358=AXIS2_PLACEMENT_3D('',#7864,#6305,#6306);
#5359=AXIS2_PLACEMENT_3D('',#7866,#6307,#6308);
#5360=AXIS2_PLACEMENT_3D('',#7869,#6310,#6311);
#5361=AXIS2_PLACEMENT_3D('',#7870,#6312,#6313);
#5362=AXIS2_PLACEMENT_3D('',#7872,#6314,#6315);
#5363=AXIS2_PLACEMENT_3D('',#7875,#6317,#6318);
#5364=AXIS2_PLACEMENT_3D('',#7876,#6319,#6320);
#5365=AXIS2_PLACEMENT_3D('',#7878,#6321,#6322);
#5366=AXIS2_PLACEMENT_3D('',#7881,#6324,#6325);
#5367=AXIS2_PLACEMENT_3D('',#7882,#6326,#6327);
#5368=AXIS2_PLACEMENT_3D('',#7884,#6328,#6329);
#5369=AXIS2_PLACEMENT_3D('',#7887,#6331,#6332);
#5370=AXIS2_PLACEMENT_3D('',#7888,#6333,#6334);
#5371=AXIS2_PLACEMENT_3D('',#7890,#6335,#6336);
#5372=AXIS2_PLACEMENT_3D('',#7893,#6338,#6339);
#5373=AXIS2_PLACEMENT_3D('',#7894,#6340,#6341);
#5374=AXIS2_PLACEMENT_3D('',#7896,#6342,#6343);
#5375=AXIS2_PLACEMENT_3D('',#7899,#6345,#6346);
#5376=AXIS2_PLACEMENT_3D('',#7900,#6347,#6348);
#5377=AXIS2_PLACEMENT_3D('',#7902,#6349,#6350);
#5378=AXIS2_PLACEMENT_3D('',#7905,#6352,#6353);
#5379=AXIS2_PLACEMENT_3D('',#7906,#6354,#6355);
#5380=AXIS2_PLACEMENT_3D('',#7908,#6356,#6357);
#5381=AXIS2_PLACEMENT_3D('',#7911,#6359,#6360);
#5382=AXIS2_PLACEMENT_3D('',#7912,#6361,#6362);
#5383=AXIS2_PLACEMENT_3D('',#7914,#6363,#6364);
#5384=AXIS2_PLACEMENT_3D('',#7917,#6366,#6367);
#5385=AXIS2_PLACEMENT_3D('',#7918,#6368,#6369);
#5386=AXIS2_PLACEMENT_3D('',#7920,#6370,#6371);
#5387=AXIS2_PLACEMENT_3D('',#7923,#6373,#6374);
#5388=AXIS2_PLACEMENT_3D('',#7924,#6375,#6376);
#5389=AXIS2_PLACEMENT_3D('',#7926,#6377,#6378);
#5390=AXIS2_PLACEMENT_3D('',#7929,#6380,#6381);
#5391=AXIS2_PLACEMENT_3D('',#7930,#6382,#6383);
#5392=AXIS2_PLACEMENT_3D('',#7932,#6384,#6385);
#5393=AXIS2_PLACEMENT_3D('',#7935,#6387,#6388);
#5394=AXIS2_PLACEMENT_3D('',#7936,#6389,#6390);
#5395=AXIS2_PLACEMENT_3D('',#7938,#6391,#6392);
#5396=AXIS2_PLACEMENT_3D('',#7941,#6394,#6395);
#5397=AXIS2_PLACEMENT_3D('',#7942,#6396,#6397);
#5398=AXIS2_PLACEMENT_3D('',#7944,#6398,#6399);
#5399=AXIS2_PLACEMENT_3D('',#7947,#6401,#6402);
#5400=AXIS2_PLACEMENT_3D('',#7948,#6403,#6404);
#5401=AXIS2_PLACEMENT_3D('',#7950,#6405,#6406);
#5402=AXIS2_PLACEMENT_3D('',#7953,#6408,#6409);
#5403=AXIS2_PLACEMENT_3D('',#7954,#6410,#6411);
#5404=AXIS2_PLACEMENT_3D('',#7956,#6412,#6413);
#5405=AXIS2_PLACEMENT_3D('',#7959,#6415,#6416);
#5406=AXIS2_PLACEMENT_3D('',#7960,#6417,#6418);
#5407=AXIS2_PLACEMENT_3D('',#7962,#6419,#6420);
#5408=AXIS2_PLACEMENT_3D('',#7965,#6422,#6423);
#5409=AXIS2_PLACEMENT_3D('',#7966,#6424,#6425);
#5410=AXIS2_PLACEMENT_3D('',#7968,#6426,#6427);
#5411=AXIS2_PLACEMENT_3D('',#7971,#6429,#6430);
#5412=AXIS2_PLACEMENT_3D('',#7972,#6431,#6432);
#5413=AXIS2_PLACEMENT_3D('',#7974,#6433,#6434);
#5414=AXIS2_PLACEMENT_3D('',#7977,#6436,#6437);
#5415=AXIS2_PLACEMENT_3D('',#7978,#6438,#6439);
#5416=AXIS2_PLACEMENT_3D('',#7980,#6440,#6441);
#5417=AXIS2_PLACEMENT_3D('',#7983,#6443,#6444);
#5418=AXIS2_PLACEMENT_3D('',#7984,#6445,#6446);
#5419=AXIS2_PLACEMENT_3D('',#7986,#6447,#6448);
#5420=AXIS2_PLACEMENT_3D('',#7989,#6450,#6451);
#5421=AXIS2_PLACEMENT_3D('',#7990,#6452,#6453);
#5422=AXIS2_PLACEMENT_3D('',#7992,#6454,#6455);
#5423=AXIS2_PLACEMENT_3D('',#7995,#6457,#6458);
#5424=AXIS2_PLACEMENT_3D('',#7996,#6459,#6460);
#5425=AXIS2_PLACEMENT_3D('',#7998,#6461,#6462);
#5426=AXIS2_PLACEMENT_3D('',#8001,#6464,#6465);
#5427=AXIS2_PLACEMENT_3D('',#8002,#6466,#6467);
#5428=AXIS2_PLACEMENT_3D('',#8004,#6468,#6469);
#5429=AXIS2_PLACEMENT_3D('',#8007,#6471,#6472);
#5430=AXIS2_PLACEMENT_3D('',#8008,#6473,#6474);
#5431=AXIS2_PLACEMENT_3D('',#8010,#6475,#6476);
#5432=AXIS2_PLACEMENT_3D('',#8013,#6478,#6479);
#5433=AXIS2_PLACEMENT_3D('',#8014,#6480,#6481);
#5434=AXIS2_PLACEMENT_3D('',#8016,#6482,#6483);
#5435=AXIS2_PLACEMENT_3D('',#8019,#6485,#6486);
#5436=AXIS2_PLACEMENT_3D('',#8020,#6487,#6488);
#5437=AXIS2_PLACEMENT_3D('',#8022,#6489,#6490);
#5438=AXIS2_PLACEMENT_3D('',#8025,#6492,#6493);
#5439=AXIS2_PLACEMENT_3D('',#8026,#6494,#6495);
#5440=AXIS2_PLACEMENT_3D('',#8028,#6496,#6497);
#5441=AXIS2_PLACEMENT_3D('',#8031,#6499,#6500);
#5442=AXIS2_PLACEMENT_3D('',#8032,#6501,#6502);
#5443=AXIS2_PLACEMENT_3D('',#8034,#6503,#6504);
#5444=AXIS2_PLACEMENT_3D('',#8037,#6506,#6507);
#5445=AXIS2_PLACEMENT_3D('',#8038,#6508,#6509);
#5446=AXIS2_PLACEMENT_3D('',#8040,#6510,#6511);
#5447=AXIS2_PLACEMENT_3D('',#8043,#6513,#6514);
#5448=AXIS2_PLACEMENT_3D('',#8044,#6515,#6516);
#5449=AXIS2_PLACEMENT_3D('',#8046,#6517,#6518);
#5450=AXIS2_PLACEMENT_3D('',#8049,#6520,#6521);
#5451=AXIS2_PLACEMENT_3D('',#8050,#6522,#6523);
#5452=AXIS2_PLACEMENT_3D('',#8052,#6524,#6525);
#5453=AXIS2_PLACEMENT_3D('',#8055,#6527,#6528);
#5454=AXIS2_PLACEMENT_3D('',#8056,#6529,#6530);
#5455=AXIS2_PLACEMENT_3D('',#8058,#6531,#6532);
#5456=AXIS2_PLACEMENT_3D('',#8061,#6534,#6535);
#5457=AXIS2_PLACEMENT_3D('',#8062,#6536,#6537);
#5458=AXIS2_PLACEMENT_3D('',#8064,#6538,#6539);
#5459=AXIS2_PLACEMENT_3D('',#8067,#6541,#6542);
#5460=AXIS2_PLACEMENT_3D('',#8068,#6543,#6544);
#5461=AXIS2_PLACEMENT_3D('',#8070,#6545,#6546);
#5462=AXIS2_PLACEMENT_3D('',#8073,#6548,#6549);
#5463=AXIS2_PLACEMENT_3D('',#8074,#6550,#6551);
#5464=AXIS2_PLACEMENT_3D('',#8076,#6552,#6553);
#5465=AXIS2_PLACEMENT_3D('',#8079,#6555,#6556);
#5466=AXIS2_PLACEMENT_3D('',#8080,#6557,#6558);
#5467=AXIS2_PLACEMENT_3D('',#8082,#6559,#6560);
#5468=AXIS2_PLACEMENT_3D('',#8085,#6562,#6563);
#5469=AXIS2_PLACEMENT_3D('',#8086,#6564,#6565);
#5470=AXIS2_PLACEMENT_3D('',#8088,#6566,#6567);
#5471=AXIS2_PLACEMENT_3D('',#8091,#6569,#6570);
#5472=AXIS2_PLACEMENT_3D('',#8092,#6571,#6572);
#5473=AXIS2_PLACEMENT_3D('',#8094,#6573,#6574);
#5474=AXIS2_PLACEMENT_3D('',#8097,#6576,#6577);
#5475=AXIS2_PLACEMENT_3D('',#8098,#6578,#6579);
#5476=AXIS2_PLACEMENT_3D('',#8100,#6580,#6581);
#5477=AXIS2_PLACEMENT_3D('',#8103,#6583,#6584);
#5478=AXIS2_PLACEMENT_3D('',#8104,#6585,#6586);
#5479=AXIS2_PLACEMENT_3D('',#8106,#6587,#6588);
#5480=AXIS2_PLACEMENT_3D('',#8109,#6590,#6591);
#5481=AXIS2_PLACEMENT_3D('',#8110,#6592,#6593);
#5482=AXIS2_PLACEMENT_3D('',#8112,#6594,#6595);
#5483=AXIS2_PLACEMENT_3D('',#8115,#6597,#6598);
#5484=AXIS2_PLACEMENT_3D('',#8116,#6599,#6600);
#5485=AXIS2_PLACEMENT_3D('',#8118,#6601,#6602);
#5486=AXIS2_PLACEMENT_3D('',#8121,#6604,#6605);
#5487=AXIS2_PLACEMENT_3D('',#8122,#6606,#6607);
#5488=AXIS2_PLACEMENT_3D('',#8124,#6608,#6609);
#5489=AXIS2_PLACEMENT_3D('',#8127,#6611,#6612);
#5490=AXIS2_PLACEMENT_3D('',#8128,#6613,#6614);
#5491=AXIS2_PLACEMENT_3D('',#8130,#6615,#6616);
#5492=AXIS2_PLACEMENT_3D('',#8133,#6618,#6619);
#5493=AXIS2_PLACEMENT_3D('',#8134,#6620,#6621);
#5494=AXIS2_PLACEMENT_3D('',#8136,#6622,#6623);
#5495=AXIS2_PLACEMENT_3D('',#8139,#6625,#6626);
#5496=AXIS2_PLACEMENT_3D('',#8140,#6627,#6628);
#5497=AXIS2_PLACEMENT_3D('',#8142,#6629,#6630);
#5498=AXIS2_PLACEMENT_3D('',#8145,#6632,#6633);
#5499=AXIS2_PLACEMENT_3D('',#8146,#6634,#6635);
#5500=AXIS2_PLACEMENT_3D('',#8148,#6636,#6637);
#5501=AXIS2_PLACEMENT_3D('',#8151,#6639,#6640);
#5502=AXIS2_PLACEMENT_3D('',#8152,#6641,#6642);
#5503=AXIS2_PLACEMENT_3D('',#8154,#6643,#6644);
#5504=AXIS2_PLACEMENT_3D('',#8157,#6646,#6647);
#5505=AXIS2_PLACEMENT_3D('',#8158,#6648,#6649);
#5506=AXIS2_PLACEMENT_3D('',#8160,#6650,#6651);
#5507=AXIS2_PLACEMENT_3D('',#8163,#6653,#6654);
#5508=AXIS2_PLACEMENT_3D('',#8164,#6655,#6656);
#5509=AXIS2_PLACEMENT_3D('',#8166,#6657,#6658);
#5510=AXIS2_PLACEMENT_3D('',#8169,#6660,#6661);
#5511=AXIS2_PLACEMENT_3D('',#8170,#6662,#6663);
#5512=AXIS2_PLACEMENT_3D('',#8172,#6664,#6665);
#5513=AXIS2_PLACEMENT_3D('',#8175,#6667,#6668);
#5514=AXIS2_PLACEMENT_3D('',#8176,#6669,#6670);
#5515=AXIS2_PLACEMENT_3D('',#8178,#6671,#6672);
#5516=AXIS2_PLACEMENT_3D('',#8181,#6674,#6675);
#5517=AXIS2_PLACEMENT_3D('',#8182,#6676,#6677);
#5518=AXIS2_PLACEMENT_3D('',#8184,#6678,#6679);
#5519=AXIS2_PLACEMENT_3D('',#8187,#6681,#6682);
#5520=AXIS2_PLACEMENT_3D('',#8188,#6683,#6684);
#5521=AXIS2_PLACEMENT_3D('',#8190,#6685,#6686);
#5522=AXIS2_PLACEMENT_3D('',#8193,#6688,#6689);
#5523=AXIS2_PLACEMENT_3D('',#8194,#6690,#6691);
#5524=AXIS2_PLACEMENT_3D('',#8196,#6692,#6693);
#5525=AXIS2_PLACEMENT_3D('',#8199,#6695,#6696);
#5526=AXIS2_PLACEMENT_3D('',#8200,#6697,#6698);
#5527=AXIS2_PLACEMENT_3D('',#8202,#6699,#6700);
#5528=AXIS2_PLACEMENT_3D('',#8205,#6702,#6703);
#5529=AXIS2_PLACEMENT_3D('',#8206,#6704,#6705);
#5530=AXIS2_PLACEMENT_3D('',#8208,#6706,#6707);
#5531=AXIS2_PLACEMENT_3D('',#8211,#6709,#6710);
#5532=AXIS2_PLACEMENT_3D('',#8212,#6711,#6712);
#5533=AXIS2_PLACEMENT_3D('',#8214,#6713,#6714);
#5534=AXIS2_PLACEMENT_3D('',#8217,#6716,#6717);
#5535=AXIS2_PLACEMENT_3D('',#8218,#6718,#6719);
#5536=AXIS2_PLACEMENT_3D('',#8220,#6720,#6721);
#5537=AXIS2_PLACEMENT_3D('',#8223,#6723,#6724);
#5538=AXIS2_PLACEMENT_3D('',#8224,#6725,#6726);
#5539=AXIS2_PLACEMENT_3D('',#8226,#6727,#6728);
#5540=AXIS2_PLACEMENT_3D('',#8229,#6730,#6731);
#5541=AXIS2_PLACEMENT_3D('',#8230,#6732,#6733);
#5542=AXIS2_PLACEMENT_3D('',#8232,#6734,#6735);
#5543=AXIS2_PLACEMENT_3D('',#8235,#6737,#6738);
#5544=AXIS2_PLACEMENT_3D('',#8236,#6739,#6740);
#5545=AXIS2_PLACEMENT_3D('',#8238,#6741,#6742);
#5546=AXIS2_PLACEMENT_3D('',#8241,#6744,#6745);
#5547=AXIS2_PLACEMENT_3D('',#8242,#6746,#6747);
#5548=AXIS2_PLACEMENT_3D('',#8244,#6748,#6749);
#5549=AXIS2_PLACEMENT_3D('',#8247,#6751,#6752);
#5550=AXIS2_PLACEMENT_3D('',#8248,#6753,#6754);
#5551=AXIS2_PLACEMENT_3D('',#8250,#6755,#6756);
#5552=AXIS2_PLACEMENT_3D('',#8253,#6758,#6759);
#5553=AXIS2_PLACEMENT_3D('',#8254,#6760,#6761);
#5554=AXIS2_PLACEMENT_3D('',#8256,#6762,#6763);
#5555=AXIS2_PLACEMENT_3D('',#8259,#6765,#6766);
#5556=AXIS2_PLACEMENT_3D('',#8260,#6767,#6768);
#5557=AXIS2_PLACEMENT_3D('',#8262,#6769,#6770);
#5558=AXIS2_PLACEMENT_3D('',#8265,#6772,#6773);
#5559=AXIS2_PLACEMENT_3D('',#8266,#6774,#6775);
#5560=AXIS2_PLACEMENT_3D('',#8268,#6776,#6777);
#5561=AXIS2_PLACEMENT_3D('',#8271,#6779,#6780);
#5562=AXIS2_PLACEMENT_3D('',#8272,#6781,#6782);
#5563=AXIS2_PLACEMENT_3D('',#8274,#6783,#6784);
#5564=AXIS2_PLACEMENT_3D('',#8277,#6786,#6787);
#5565=AXIS2_PLACEMENT_3D('',#8278,#6788,#6789);
#5566=AXIS2_PLACEMENT_3D('',#8280,#6790,#6791);
#5567=AXIS2_PLACEMENT_3D('',#8283,#6793,#6794);
#5568=AXIS2_PLACEMENT_3D('',#8284,#6795,#6796);
#5569=AXIS2_PLACEMENT_3D('',#8286,#6797,#6798);
#5570=AXIS2_PLACEMENT_3D('',#8289,#6800,#6801);
#5571=AXIS2_PLACEMENT_3D('',#8290,#6802,#6803);
#5572=AXIS2_PLACEMENT_3D('',#8292,#6804,#6805);
#5573=AXIS2_PLACEMENT_3D('',#8295,#6807,#6808);
#5574=AXIS2_PLACEMENT_3D('',#8296,#6809,#6810);
#5575=AXIS2_PLACEMENT_3D('',#8298,#6811,#6812);
#5576=AXIS2_PLACEMENT_3D('',#8301,#6814,#6815);
#5577=AXIS2_PLACEMENT_3D('',#8302,#6816,#6817);
#5578=AXIS2_PLACEMENT_3D('',#8304,#6818,#6819);
#5579=AXIS2_PLACEMENT_3D('',#8307,#6821,#6822);
#5580=AXIS2_PLACEMENT_3D('',#8308,#6823,#6824);
#5581=AXIS2_PLACEMENT_3D('',#8310,#6825,#6826);
#5582=AXIS2_PLACEMENT_3D('',#8313,#6828,#6829);
#5583=AXIS2_PLACEMENT_3D('',#8314,#6830,#6831);
#5584=AXIS2_PLACEMENT_3D('',#8316,#6832,#6833);
#5585=AXIS2_PLACEMENT_3D('',#8319,#6835,#6836);
#5586=AXIS2_PLACEMENT_3D('',#8320,#6837,#6838);
#5587=AXIS2_PLACEMENT_3D('',#8322,#6839,#6840);
#5588=AXIS2_PLACEMENT_3D('',#8325,#6842,#6843);
#5589=AXIS2_PLACEMENT_3D('',#8326,#6844,#6845);
#5590=AXIS2_PLACEMENT_3D('',#8328,#6846,#6847);
#5591=AXIS2_PLACEMENT_3D('',#8331,#6849,#6850);
#5592=AXIS2_PLACEMENT_3D('',#8332,#6851,#6852);
#5593=AXIS2_PLACEMENT_3D('',#8334,#6853,#6854);
#5594=AXIS2_PLACEMENT_3D('',#8337,#6856,#6857);
#5595=AXIS2_PLACEMENT_3D('',#8338,#6858,#6859);
#5596=AXIS2_PLACEMENT_3D('',#8340,#6860,#6861);
#5597=AXIS2_PLACEMENT_3D('',#8343,#6863,#6864);
#5598=AXIS2_PLACEMENT_3D('',#8344,#6865,#6866);
#5599=AXIS2_PLACEMENT_3D('',#8346,#6867,#6868);
#5600=AXIS2_PLACEMENT_3D('',#8349,#6870,#6871);
#5601=AXIS2_PLACEMENT_3D('',#8350,#6872,#6873);
#5602=AXIS2_PLACEMENT_3D('',#8355,#6875,#6876);
#5603=AXIS2_PLACEMENT_3D('',#8358,#6878,#6879);
#5604=AXIS2_PLACEMENT_3D('',#8359,#6880,#6881);
#5605=AXIS2_PLACEMENT_3D('',#8376,#6884,#6885);
#5606=AXIS2_PLACEMENT_3D('',#8393,#6888,#6889);
#5607=AXIS2_PLACEMENT_3D('',#8397,#6891,#6892);
#5608=AXIS2_PLACEMENT_3D('',#8399,#6894,#6895);
#5609=AXIS2_PLACEMENT_3D('',#8415,#6897,#6898);
#5610=AXIS2_PLACEMENT_3D('',#8433,#6902,#6903);
#5611=AXIS2_PLACEMENT_3D('',#8437,#6905,#6906);
#5612=AXIS2_PLACEMENT_3D('',#8439,#6908,#6909);
#5613=AXIS2_PLACEMENT_3D('',#8442,#6912,#6913);
#5614=AXIS2_PLACEMENT_3D('',#8446,#6915,#6916);
#5615=AXIS2_PLACEMENT_3D('',#8452,#6920,#6921);
#5616=AXIS2_PLACEMENT_3D('',#8458,#6925,#6926);
#5617=AXIS2_PLACEMENT_3D('',#8464,#6930,#6931);
#5618=AXIS2_PLACEMENT_3D('',#8468,#6933,#6934);
#5619=AXIS2_PLACEMENT_3D('',#8471,#6936,#6937);
#5620=AXIS2_PLACEMENT_3D('',#8472,#6938,#6939);
#5621=AXIS2_PLACEMENT_3D('',#8475,#6942,#6943);
#5622=AXIS2_PLACEMENT_3D('',#8485,#6950,#6951);
#5623=AXIS2_PLACEMENT_3D('',#8492,#6955,#6956);
#5624=AXIS2_PLACEMENT_3D('',#8493,#6957,#6958);
#5625=AXIS2_PLACEMENT_3D('',#8497,#6960,#6961);
#5626=AXIS2_PLACEMENT_3D('',#8500,#6963,#6964);
#5627=AXIS2_PLACEMENT_3D('',#8501,#6965,#6966);
#5628=AXIS2_PLACEMENT_3D('',#8507,#6970,#6971);
#5629=AXIS2_PLACEMENT_3D('',#8511,#6974,#6975);
#5630=AXIS2_PLACEMENT_3D('',#8512,#6976,#6977);
#5631=AXIS2_PLACEMENT_3D('',#8515,#6979,#6980);
#5632=AXIS2_PLACEMENT_3D('',#8516,#6981,#6982);
#5633=AXIS2_PLACEMENT_3D('',#8518,#6983,#6984);
#5634=AXIS2_PLACEMENT_3D('',#8522,#6986,#6987);
#5635=AXIS2_PLACEMENT_3D('',#8524,#6989,#6990);
#5636=AXIS2_PLACEMENT_3D('',#8526,#6991,#6992);
#5637=AXIS2_PLACEMENT_3D('',#8529,#6994,#6995);
#5638=AXIS2_PLACEMENT_3D('',#8530,#6996,#6997);
#5639=AXIS2_PLACEMENT_3D('',#8532,#6999,#7000);
#5640=AXIS2_PLACEMENT_3D('',#8534,#7001,#7002);
#5641=AXIS2_PLACEMENT_3D('',#8537,#7004,#7005);
#5642=AXIS2_PLACEMENT_3D('',#8538,#7006,#7007);
#5643=AXIS2_PLACEMENT_3D('',#8540,#7008,#7009);
#5644=AXIS2_PLACEMENT_3D('',#8542,#7011,#7012);
#5645=AXIS2_PLACEMENT_3D('',#8546,#7014,#7015);
#5646=AXIS2_PLACEMENT_3D('',#8549,#7017,#7018);
#5647=AXIS2_PLACEMENT_3D('',#8550,#7019,#7020);
#5648=AXIS2_PLACEMENT_3D('',#8553,#7022,#7023);
#5649=AXIS2_PLACEMENT_3D('',#8554,#7024,#7025);
#5650=AXIS2_PLACEMENT_3D('',#8558,#7028,#7029);
#5651=AXIS2_PLACEMENT_3D('',#8560,#7030,#7031);
#5652=AXIS2_PLACEMENT_3D('',#8562,#7033,#7034);
#5653=AXIS2_PLACEMENT_3D('',#8564,#7036,#7037);
#5654=AXIS2_PLACEMENT_3D('',#8565,#7038,#7039);
#5655=AXIS2_PLACEMENT_3D('',#8567,#7040,#7041);
#5656=AXIS2_PLACEMENT_3D('',#8569,#7043,#7044);
#5657=AXIS2_PLACEMENT_3D('',#8573,#7047,#7048);
#5658=AXIS2_PLACEMENT_3D('',#8574,#7049,#7050);
#5659=AXIS2_PLACEMENT_3D('',#8575,#7051,#7052);
#5660=AXIS2_PLACEMENT_3D('',#8576,#7053,#7054);
#5661=AXIS2_PLACEMENT_3D('',#8579,#7057,#7058);
#5662=AXIS2_PLACEMENT_3D('',#8581,#7060,#7061);
#5663=AXIS2_PLACEMENT_3D('',#8583,#7063,#7064);
#5664=AXIS2_PLACEMENT_3D('',#8585,#7066,#7067);
#5665=AXIS2_PLACEMENT_3D('',#8586,#7068,#7069);
#5666=AXIS2_PLACEMENT_3D('',#8587,#7070,#7071);
#5667=AXIS2_PLACEMENT_3D('',#8588,#7072,#7073);
#5668=AXIS2_PLACEMENT_3D('',#8589,#7074,#7075);
#5669=AXIS2_PLACEMENT_3D('',#8591,#7076,#7077);
#5670=AXIS2_PLACEMENT_3D('',#8594,#7079,#7080);
#5671=AXIS2_PLACEMENT_3D('',#8595,#7081,#7082);
#5672=AXIS2_PLACEMENT_3D('',#8597,#7083,#7084);
#5673=AXIS2_PLACEMENT_3D('',#8600,#7086,#7087);
#5674=AXIS2_PLACEMENT_3D('',#8601,#7088,#7089);
#5675=AXIS2_PLACEMENT_3D('',#8602,#7090,#7091);
#5676=AXIS2_PLACEMENT_3D('',#8603,#7092,#7093);
#5677=AXIS2_PLACEMENT_3D('',#8604,#7094,#7095);
#5678=AXIS2_PLACEMENT_3D('',#8606,#7096,#7097);
#5679=AXIS2_PLACEMENT_3D('',#8609,#7099,#7100);
#5680=AXIS2_PLACEMENT_3D('',#8610,#7101,#7102);
#5681=AXIS2_PLACEMENT_3D('',#8612,#7103,#7104);
#5682=AXIS2_PLACEMENT_3D('',#8615,#7106,#7107);
#5683=AXIS2_PLACEMENT_3D('',#8616,#7108,#7109);
#5684=AXIS2_PLACEMENT_3D('',#8617,#7110,#7111);
#5685=AXIS2_PLACEMENT_3D('',#8618,#7112,#7113);
#5686=AXIS2_PLACEMENT_3D('',#8619,#7114,#7115);
#5687=AXIS2_PLACEMENT_3D('',#8621,#7116,#7117);
#5688=AXIS2_PLACEMENT_3D('',#8624,#7119,#7120);
#5689=AXIS2_PLACEMENT_3D('',#8625,#7121,#7122);
#5690=AXIS2_PLACEMENT_3D('',#8627,#7123,#7124);
#5691=AXIS2_PLACEMENT_3D('',#8628,#7125,#7126);
#5692=AXIS2_PLACEMENT_3D('',#8630,#7127,#7128);
#5693=AXIS2_PLACEMENT_3D('',#8632,#7130,#7131);
#5694=AXIS2_PLACEMENT_3D('',#8634,#7132,#7133);
#5695=AXIS2_PLACEMENT_3D('',#8637,#7135,#7136);
#5696=AXIS2_PLACEMENT_3D('',#8638,#7137,#7138);
#5697=AXIS2_PLACEMENT_3D('',#8639,#7139,#7140);
#5698=AXIS2_PLACEMENT_3D('',#8640,#7141,#7142);
#5699=AXIS2_PLACEMENT_3D('',#8641,#7143,#7144);
#5700=AXIS2_PLACEMENT_3D('',#8643,#7145,#7146);
#5701=AXIS2_PLACEMENT_3D('',#8646,#7148,#7149);
#5702=AXIS2_PLACEMENT_3D('',#8647,#7150,#7151);
#5703=AXIS2_PLACEMENT_3D('',#8650,#7152,#7153);
#5704=AXIS2_PLACEMENT_3D('',#8651,#7154,#7155);
#5705=AXIS2_PLACEMENT_3D('',#8654,#7157,#7158);
#5706=AXIS2_PLACEMENT_3D('',#8655,#7159,#7160);
#5707=AXIS2_PLACEMENT_3D('',#8658,#7162,#7163);
#5708=AXIS2_PLACEMENT_3D('',#8659,#7164,#7165);
#5709=AXIS2_PLACEMENT_3D('',#8661,#7166,#7167);
#5710=AXIS2_PLACEMENT_3D('',#8663,#7169,#7170);
#5711=AXIS2_PLACEMENT_3D('',#8664,#7171,#7172);
#5712=AXIS2_PLACEMENT_3D('',#8665,#7173,#7174);
#5713=AXIS2_PLACEMENT_3D('',#8690,#7187,#7188);
#5714=AXIS2_PLACEMENT_3D('',#8696,#7192,#7193);
#5715=AXIS2_PLACEMENT_3D('',#8700,#7196,#7197);
#5716=AXIS2_PLACEMENT_3D('',#8704,#7200,#7201);
#5717=AXIS2_PLACEMENT_3D('',#8708,#7204,#7205);
#5718=AXIS2_PLACEMENT_3D('',#8712,#7208,#7209);
#5719=AXIS2_PLACEMENT_3D('',#8716,#7212,#7213);
#5720=AXIS2_PLACEMENT_3D('',#8720,#7216,#7217);
#5721=AXIS2_PLACEMENT_3D('',#8724,#7220,#7221);
#5722=AXIS2_PLACEMENT_3D('',#8728,#7224,#7225);
#5723=AXIS2_PLACEMENT_3D('',#8732,#7228,#7229);
#5724=AXIS2_PLACEMENT_3D('',#8736,#7232,#7233);
#5725=AXIS2_PLACEMENT_3D('',#8738,#7235,#7236);
#5726=AXIS2_PLACEMENT_3D('',#8739,#7237,#7238);
#5727=AXIS2_PLACEMENT_3D('',#8740,#7239,#7240);
#5728=AXIS2_PLACEMENT_3D('',#8741,#7241,#7242);
#5729=AXIS2_PLACEMENT_3D('',#8742,#7243,#7244);
#5730=AXIS2_PLACEMENT_3D('',#8743,#7245,#7246);
#5731=AXIS2_PLACEMENT_3D('',#8744,#7247,#7248);
#5732=AXIS2_PLACEMENT_3D('',#8745,#7249,#7250);
#5733=AXIS2_PLACEMENT_3D('',#8746,#7251,#7252);
#5734=AXIS2_PLACEMENT_3D('',#8747,#7253,#7254);
#5735=AXIS2_PLACEMENT_3D('',#8748,#7255,#7256);
#5736=AXIS2_PLACEMENT_3D('',#8749,#7257,#7258);
#5737=AXIS2_PLACEMENT_3D('',#8750,#7259,#7260);
#5738=AXIS2_PLACEMENT_3D('',#8751,#7261,#7262);
#5739=AXIS2_PLACEMENT_3D('',#8752,#7263,#7264);
#5740=AXIS2_PLACEMENT_3D('',#8753,#7265,#7266);
#5741=AXIS2_PLACEMENT_3D('',#8754,#7267,#7268);
#5742=AXIS2_PLACEMENT_3D('',#8755,#7269,#7270);
#5743=AXIS2_PLACEMENT_3D('',#8756,#7271,#7272);
#5744=DIRECTION('axis',(0.,0.,1.));
#5745=DIRECTION('refdir',(1.,0.,0.));
#5746=DIRECTION('axis',(0.,0.,1.));
#5747=DIRECTION('refdir',(1.,0.,0.));
#5748=DIRECTION('center_axis',(8.88178419700125E-16,0.,1.));
#5749=DIRECTION('ref_axis',(1.,-1.14603667058081E-15,-8.88178419700125E-16));
#5750=DIRECTION('center_axis',(-8.35201473687419E-16,2.0542514914737E-16,
-1.));
#5751=DIRECTION('ref_axis',(1.,-1.14603667058081E-15,-8.88178419700125E-16));
#5752=DIRECTION('',(-8.88178419700125E-16,0.,-1.));
#5753=DIRECTION('center_axis',(8.35201473687419E-16,-2.0542514914737E-16,
1.));
#5754=DIRECTION('ref_axis',(1.,-1.14603667058081E-15,-8.88178419700125E-16));
#5755=DIRECTION('center_axis',(8.88178419700125E-16,0.,1.));
#5756=DIRECTION('ref_axis',(1.,-1.14603667058081E-15,-8.88178419700125E-16));
#5757=DIRECTION('center_axis',(-8.35201473687419E-16,2.0542514914737E-16,
-1.));
#5758=DIRECTION('ref_axis',(1.,-1.14603667058081E-15,-8.88178419700125E-16));
#5759=DIRECTION('',(-8.88178419700125E-16,0.,-1.));
#5760=DIRECTION('center_axis',(8.35201473687419E-16,-2.0542514914737E-16,
1.));
#5761=DIRECTION('ref_axis',(1.,-1.14603667058081E-15,-8.88178419700125E-16));
#5762=DIRECTION('center_axis',(-6.12323399573676E-17,-6.77791834325712E-19,
1.));
#5763=DIRECTION('ref_axis',(0.707106781186547,0.707106781186547,0.));
#5764=DIRECTION('center_axis',(-8.35201473687419E-16,2.0542514914737E-16,
-1.));
#5765=DIRECTION('ref_axis',(0.707106781186547,0.707106781186547,0.));
#5766=DIRECTION('',(6.12323399573676E-17,6.77791834325712E-19,-1.));
#5767=DIRECTION('center_axis',(8.35201473687419E-16,-2.0542514914737E-16,
1.));
#5768=DIRECTION('ref_axis',(0.707106781186547,0.707106781186547,0.));
#5769=DIRECTION('',(-6.12323399573676E-17,-6.77791834325712E-19,1.));
#5770=DIRECTION('center_axis',(-8.35201473687419E-16,2.0542514914737E-16,
-1.));
#5771=DIRECTION('ref_axis',(-1.,-4.05346628600017E-16,8.35201473687419E-16));
#5772=DIRECTION('',(4.05346628600017E-16,-1.,-2.03690002051497E-16));
#5773=DIRECTION('center_axis',(8.35201473687419E-16,-2.0542514914737E-16,
1.));
#5774=DIRECTION('ref_axis',(0.707106781186547,-0.707106781186547,0.));
#5775=DIRECTION('',(-1.,-2.02334418382846E-16,6.43112886793299E-16));
#5776=DIRECTION('',(2.02334418382846E-16,-1.,-2.03012210217171E-16));
#5777=DIRECTION('center_axis',(-8.35201473687419E-16,2.0542514914737E-16,
-1.));
#5778=DIRECTION('ref_axis',(0.707106781186547,-0.707106781186548,-6.28036983473511E-16));
#5779=DIRECTION('',(1.52655665885959E-16,1.,2.0542514914737E-16));
#5780=DIRECTION('center_axis',(-8.35201473687419E-16,2.0542514914737E-16,
-1.));
#5781=DIRECTION('ref_axis',(0.707106781186547,0.707106781186547,0.));
#5782=DIRECTION('',(-2.02334418382846E-16,1.,2.0542514914737E-16));
#5783=DIRECTION('',(-1.,-2.02334418382846E-16,6.43112886793299E-16));
#5784=DIRECTION('center_axis',(1.,4.05346628600017E-16,6.12323399573676E-17));
#5785=DIRECTION('ref_axis',(6.12323399573676E-17,6.77791834325687E-19,-1.));
#5786=DIRECTION('',(4.05346628600017E-16,-1.,-2.03690002051497E-16));
#5787=DIRECTION('',(-6.12323399573676E-17,-6.77791834325712E-19,1.));
#5788=DIRECTION('center_axis',(-6.12323399573676E-17,-6.77791834325712E-19,
1.));
#5789=DIRECTION('ref_axis',(0.707106781186547,-0.707106781186547,0.));
#5790=DIRECTION('center_axis',(-8.35201473687419E-16,2.0542514914737E-16,
-1.));
#5791=DIRECTION('ref_axis',(0.707106781186547,-0.707106781186547,0.));
#5792=DIRECTION('',(6.12323399573676E-17,6.77791834325712E-19,-1.));
#5793=DIRECTION('center_axis',(1.,-5.9211894646675E-16,-5.9211894646675E-16));
#5794=DIRECTION('ref_axis',(-1.25607396694702E-15,-0.707106781186547,-0.707106781186548));
#5795=DIRECTION('center_axis',(-1.,-2.03690002051497E-16,7.77315669989747E-16));
#5796=DIRECTION('ref_axis',(-1.25607396694702E-15,-0.707106781186547,-0.707106781186548));
#5797=DIRECTION('',(1.,-5.9211894646675E-16,-5.9211894646675E-16));
#5798=DIRECTION('center_axis',(1.,2.02334418382846E-16,-7.77315669989747E-16));
#5799=DIRECTION('ref_axis',(-1.25607396694702E-15,-0.707106781186547,-0.707106781186548));
#5800=DIRECTION('',(-1.,5.9211894646675E-16,5.9211894646675E-16));
#5801=DIRECTION('center_axis',(5.9211894646675E-16,1.,1.48029736616687E-16));
#5802=DIRECTION('ref_axis',(7.76169431040263E-16,-1.48029736616688E-16,
1.));
#5803=DIRECTION('',(-7.77315669989747E-16,1.48029736616688E-16,-1.));
#5804=DIRECTION('center_axis',(-5.9211894646675E-16,-1.,-1.48029736616687E-16));
#5805=DIRECTION('ref_axis',(-1.,-2.02334418382846E-16,7.77315669989747E-16));
#5806=DIRECTION('',(7.7715611723761E-16,-1.48029736616688E-16,1.));
#5807=DIRECTION('center_axis',(5.9211894646675E-16,1.,1.48029736616687E-16));
#5808=DIRECTION('ref_axis',(-1.,-2.02334418382846E-16,7.77315669989747E-16));
#5809=DIRECTION('',(7.77315669989747E-16,-1.48029736616688E-16,1.));
#5810=DIRECTION('center_axis',(1.,-5.9211894646675E-16,-5.9211894646675E-16));
#5811=DIRECTION('ref_axis',(0.,0.707106781186547,-0.707106781186547));
#5812=DIRECTION('center_axis',(-1.,-2.03690002051497E-16,7.77315669989747E-16));
#5813=DIRECTION('ref_axis',(0.,0.707106781186547,-0.707106781186547));
#5814=DIRECTION('',(1.,-5.9211894646675E-16,-5.9211894646675E-16));
#5815=DIRECTION('center_axis',(1.,2.02334418382846E-16,-7.77315669989747E-16));
#5816=DIRECTION('ref_axis',(0.,0.707106781186547,-0.707106781186547));
#5817=DIRECTION('',(-1.,5.9211894646675E-16,5.9211894646675E-16));
#5818=DIRECTION('center_axis',(5.9211894646675E-16,-5.32907051820077E-17,
1.));
#5819=DIRECTION('ref_axis',(-3.15213870471414E-16,-1.,-5.32907051820075E-17));
#5820=DIRECTION('',(2.02334418382846E-16,-1.,-5.32907051820078E-17));
#5821=DIRECTION('',(-2.03690002051497E-16,1.,5.32907051820079E-17));
#5822=DIRECTION('center_axis',(-7.7715611723761E-16,2.76335011064021E-31,
-1.));
#5823=DIRECTION('ref_axis',(0.707106781186547,0.707106781186547,0.));
#5824=DIRECTION('',(7.7715611723761E-16,-2.76335011064021E-31,1.));
#5825=DIRECTION('center_axis',(8.35201473687419E-16,-2.0542514914737E-16,
1.));
#5826=DIRECTION('ref_axis',(0.707106781186547,0.707106781186547,0.));
#5827=DIRECTION('',(-7.7715611723761E-16,2.76335011064021E-31,-1.));
#5828=DIRECTION('center_axis',(-5.9211894646675E-16,-1.,1.83833850314903E-31));
#5829=DIRECTION('ref_axis',(-7.76169431040263E-16,2.75750775472355E-31,
-1.));
#5830=DIRECTION('',(-7.77315669989747E-16,2.76429485271522E-31,-1.));
#5831=DIRECTION('center_axis',(-5.9211894646675E-16,-1.,1.83833850314903E-31));
#5832=DIRECTION('ref_axis',(-1.,-2.02334418382846E-16,7.77315669989747E-16));
#5833=DIRECTION('center_axis',(5.9211894646675E-16,1.,-1.83833850314903E-31));
#5834=DIRECTION('ref_axis',(-1.,-2.02334418382846E-16,7.77315669989747E-16));
#5835=DIRECTION('',(7.77315669989747E-16,-2.76429485271522E-31,1.));
#5836=DIRECTION('center_axis',(7.7715611723761E-16,-1.48029736616688E-16,
1.));
#5837=DIRECTION('ref_axis',(0.707106781186547,-0.707106781186548,-6.28036983473511E-16));
#5838=DIRECTION('center_axis',(8.35201473687419E-16,-2.0542514914737E-16,
1.));
#5839=DIRECTION('ref_axis',(0.707106781186547,-0.707106781186548,-6.28036983473511E-16));
#5840=DIRECTION('',(-7.7715611723761E-16,1.48029736616688E-16,-1.));
#5841=DIRECTION('center_axis',(1.,-1.52655665885959E-16,-7.7715611723761E-16));
#5842=DIRECTION('ref_axis',(-7.7715611723761E-16,1.75162308040602E-46,-1.));
#5843=DIRECTION('',(-1.52655665885959E-16,-1.,-2.0542514914737E-16));
#5844=DIRECTION('center_axis',(1.,2.03690002051497E-16,-7.77315669989747E-16));
#5845=DIRECTION('ref_axis',(-7.77315669989747E-16,-2.03012210217172E-16,
-1.));
#5846=DIRECTION('',(-2.03690002051497E-16,1.,2.03012210217171E-16));
#5847=DIRECTION('',(8.26946079742758E-16,1.72563323017096E-31,1.));
#5848=DIRECTION('',(2.03690002051497E-16,-1.,-5.60497300277109E-34));
#5849=DIRECTION('',(-8.88178419700125E-16,2.03012210217171E-16,-1.));
#5850=DIRECTION('',(-2.03690002051497E-16,1.,2.03012210217171E-16));
#5851=DIRECTION('center_axis',(-2.02334418382846E-16,1.,2.03012210217171E-16));
#5852=DIRECTION('ref_axis',(-1.,-2.02334418382846E-16,7.77315669989747E-16));
#5853=DIRECTION('',(2.02334418382846E-16,-1.,-2.0542514914737E-16));
#5854=DIRECTION('center_axis',(-2.02334418382846E-16,1.,2.03012210217171E-16));
#5855=DIRECTION('ref_axis',(-1.,0.,0.));
#5856=DIRECTION('center_axis',(-2.02334418382846E-16,1.,2.03012210217171E-16));
#5857=DIRECTION('ref_axis',(-1.,-2.02334418382846E-16,7.77315669989747E-16));
#5858=DIRECTION('',(2.02334418382846E-16,-1.,-2.03012210217171E-16));
#5859=DIRECTION('center_axis',(2.02334418382846E-16,-1.,-2.03012210217171E-16));
#5860=DIRECTION('ref_axis',(1.11022302462515E-15,0.,1.));
#5861=DIRECTION('center_axis',(-2.02334418382846E-16,1.,2.03012210217171E-16));
#5862=DIRECTION('ref_axis',(-1.,-2.02334418382846E-16,7.77315669989747E-16));
#5863=DIRECTION('center_axis',(2.02334418382846E-16,-1.,-2.03012210217171E-16));
#5864=DIRECTION('ref_axis',(0.,0.,1.));
#5865=DIRECTION('',(2.02334418382846E-16,-1.,-2.03012210217171E-16));
#5866=DIRECTION('center_axis',(8.88178419700125E-16,0.,-1.));
#5867=DIRECTION('ref_axis',(-1.,-1.14603667058081E-15,-8.88178419700125E-16));
#5868=DIRECTION('center_axis',(8.37007382896135E-16,-2.93646534303176E-16,
-1.));
#5869=DIRECTION('ref_axis',(-1.,-1.14603667058081E-15,-8.88178419700125E-16));
#5870=DIRECTION('',(8.88178419700125E-16,0.,-1.));
#5871=DIRECTION('center_axis',(-8.33395564478703E-16,2.93646534303176E-16,
1.));
#5872=DIRECTION('ref_axis',(-1.,-1.14603667058081E-15,-8.88178419700125E-16));
#5873=DIRECTION('center_axis',(8.88178419700125E-16,0.,-1.));
#5874=DIRECTION('ref_axis',(-1.,-1.14603667058081E-15,-8.88178419700125E-16));
#5875=DIRECTION('center_axis',(8.37007382896135E-16,-2.93646534303176E-16,
-1.));
#5876=DIRECTION('ref_axis',(-1.,-1.14603667058081E-15,-8.88178419700125E-16));
#5877=DIRECTION('',(8.88178419700125E-16,0.,-1.));
#5878=DIRECTION('center_axis',(-8.33395564478703E-16,2.93646534303176E-16,
1.));
#5879=DIRECTION('ref_axis',(-1.,-1.14603667058081E-15,-8.88178419700125E-16));
#5880=DIRECTION('center_axis',(6.12323399573678E-17,-5.98896864810002E-17,
1.));
#5881=DIRECTION('ref_axis',(-0.707106781186547,0.707106781186547,0.));
#5882=DIRECTION('center_axis',(8.37007382896135E-16,-2.93646534303176E-16,
-1.));
#5883=DIRECTION('ref_axis',(-0.707106781186547,0.707106781186547,0.));
#5884=DIRECTION('',(-6.12323399573678E-17,5.98896864810002E-17,-1.));
#5885=DIRECTION('center_axis',(-8.33395564478703E-16,2.93646534303176E-16,
1.));
#5886=DIRECTION('ref_axis',(-0.707106781186547,0.707106781186547,0.));
#5887=DIRECTION('',(6.12323399573678E-17,-5.98896864810002E-17,1.));
#5888=DIRECTION('center_axis',(-3.13654949252465E-16,1.,5.98896864810002E-17));
#5889=DIRECTION('ref_axis',(-1.,-3.13654949252465E-16,6.12323399573678E-17));
#5890=DIRECTION('',(1.,3.13654949252465E-16,6.42373215008255E-16));
#5891=DIRECTION('',(7.15241953376892E-16,5.98896864810004E-17,-1.));
#5892=DIRECTION('',(1.,3.13654949252465E-16,6.42373215008255E-16));
#5893=DIRECTION('center_axis',(-8.37007382896135E-16,2.93646534303176E-16,
1.));
#5894=DIRECTION('ref_axis',(1.,5.67420212023929E-16,8.37007382896135E-16));
#5895=DIRECTION('',(-6.68926317132515E-16,1.,-3.46134733953343E-16));
#5896=DIRECTION('center_axis',(8.37007382896135E-16,-2.93646534303176E-16,
-1.));
#5897=DIRECTION('ref_axis',(-0.707106781186547,-0.707106781186547,0.));
#5898=DIRECTION('',(-1.,-1.0688499497976E-15,-7.15241953376892E-16));
#5899=DIRECTION('',(-3.13654949252464E-16,1.,-2.93646534303177E-16));
#5900=DIRECTION('center_axis',(-8.37007382896135E-16,2.93646534303176E-16,
1.));
#5901=DIRECTION('ref_axis',(-0.707106781186547,-0.707106781186548,-6.28036983473511E-16));
#5902=DIRECTION('',(-1.52655665885959E-16,1.,-2.93646534303176E-16));
#5903=DIRECTION('center_axis',(-8.37007382896135E-16,2.93646534303176E-16,
1.));
#5904=DIRECTION('ref_axis',(-0.707106781186547,0.707106781186547,0.));
#5905=DIRECTION('',(-3.13654949252464E-16,1.,-2.93646534303177E-16));
#5906=DIRECTION('center_axis',(6.12323399573678E-17,-5.98896864810002E-17,
1.));
#5907=DIRECTION('ref_axis',(-0.707106781186547,-0.707106781186547,0.));
#5908=DIRECTION('',(-6.12323399573678E-17,5.98896864810002E-17,-1.));
#5909=DIRECTION('center_axis',(-8.33395564478703E-16,2.93646534303176E-16,
1.));
#5910=DIRECTION('ref_axis',(-0.707106781186547,-0.707106781186547,0.));
#5911=DIRECTION('',(6.12323399573678E-17,-5.98896864810002E-17,1.));
#5912=DIRECTION('center_axis',(1.0688499497976E-15,-1.,-5.98896864810002E-17));
#5913=DIRECTION('ref_axis',(1.,1.0688499497976E-15,-6.12323399573677E-17));
#5914=DIRECTION('',(1.,3.13654949252465E-16,6.42373215008255E-16));
#5915=DIRECTION('',(-7.15241953376892E-16,-5.9889686481001E-17,1.));
#5916=DIRECTION('center_axis',(-8.33395564478703E-16,2.93646534303176E-16,
1.));
#5917=DIRECTION('ref_axis',(1.,5.67420212023929E-16,8.33395564478703E-16));
#5918=DIRECTION('',(-3.13654949252465E-16,1.,-2.53765262771464E-16));
#5919=DIRECTION('center_axis',(8.33395564478703E-16,-2.93646534303176E-16,
-1.));
#5920=DIRECTION('ref_axis',(-0.707106781186547,0.707106781186547,0.));
#5921=DIRECTION('',(1.52655665885959E-16,-1.,2.93646534303176E-16));
#5922=DIRECTION('center_axis',(8.33395564478703E-16,-2.93646534303176E-16,
-1.));
#5923=DIRECTION('ref_axis',(-0.707106781186547,-0.707106781186548,-6.28036983473511E-16));
#5924=DIRECTION('',(3.13654949252464E-16,-1.,2.93646534303177E-16));
#5925=DIRECTION('',(-6.68926317132515E-16,1.,-3.46134733953343E-16));
#5926=DIRECTION('center_axis',(-1.,-5.9211894646675E-16,-5.9211894646675E-16));
#5927=DIRECTION('ref_axis',(1.25607396694702E-15,-0.707106781186547,-0.707106781186547));
#5928=DIRECTION('center_axis',(1.,3.15213870471413E-16,7.76169431040263E-16));
#5929=DIRECTION('ref_axis',(1.25607396694702E-15,-0.707106781186547,-0.707106781186547));
#5930=DIRECTION('',(-1.,-5.9211894646675E-16,-5.9211894646675E-16));
#5931=DIRECTION('center_axis',(-1.,-3.13654949252465E-16,-7.7647429333426E-16));
#5932=DIRECTION('ref_axis',(1.25607396694702E-15,-0.707106781186547,-0.707106781186547));
#5933=DIRECTION('',(1.,5.9211894646675E-16,5.9211894646675E-16));
#5934=DIRECTION('center_axis',(5.9211894646675E-16,5.32907051820077E-17,
-1.));
#5935=DIRECTION('ref_axis',(3.15213870471414E-16,-1.,-5.32907051820075E-17));
#5936=DIRECTION('',(3.15213870471414E-16,-1.,-5.32907051820075E-17));
#5937=DIRECTION('',(1.,5.9211894646675E-16,5.9211894646675E-16));
#5938=DIRECTION('',(-3.13654949252465E-16,1.,5.32907051820075E-17));
#5939=DIRECTION('center_axis',(-1.,-5.9211894646675E-16,-5.9211894646675E-16));
#5940=DIRECTION('ref_axis',(0.,0.707106781186548,-0.707106781186547));
#5941=DIRECTION('center_axis',(1.,3.15213870471413E-16,7.76169431040263E-16));
#5942=DIRECTION('ref_axis',(0.,0.707106781186548,-0.707106781186547));
#5943=DIRECTION('',(-1.,-5.9211894646675E-16,-5.9211894646675E-16));
#5944=DIRECTION('center_axis',(-1.,-3.13654949252465E-16,-7.7647429333426E-16));
#5945=DIRECTION('ref_axis',(0.,0.707106781186548,-0.707106781186547));
#5946=DIRECTION('center_axis',(-5.9211894646675E-16,1.,-1.83833850314903E-31));
#5947=DIRECTION('ref_axis',(7.76169431040263E-16,2.75750775472355E-31,-1.));
#5948=DIRECTION('',(7.76169431040263E-16,2.75750775472355E-31,-1.));
#5949=DIRECTION('center_axis',(-5.9211894646675E-16,1.,-1.83833850314903E-31));
#5950=DIRECTION('ref_axis',(1.,3.13654949252465E-16,7.7647429333426E-16));
#5951=DIRECTION('',(-7.7715611723761E-16,-2.76335011064021E-31,1.));
#5952=DIRECTION('center_axis',(5.9211894646675E-16,-1.,1.83833850314903E-31));
#5953=DIRECTION('ref_axis',(1.,3.13654949252465E-16,7.7647429333426E-16));
#5954=DIRECTION('',(-7.7647429333426E-16,-2.75931290212693E-31,1.));
#5955=DIRECTION('center_axis',(7.7715611723761E-16,2.76335011064021E-31,
-1.));
#5956=DIRECTION('ref_axis',(-0.707106781186547,0.707106781186547,0.));
#5957=DIRECTION('',(7.7715611723761E-16,2.76335011064021E-31,-1.));
#5958=DIRECTION('center_axis',(1.,1.52655665885959E-16,7.7715611723761E-16));
#5959=DIRECTION('ref_axis',(7.7715611723761E-16,1.75162308040602E-46,-1.));
#5960=DIRECTION('',(-7.7715611723761E-16,-1.48029736616688E-16,1.));
#5961=DIRECTION('center_axis',(-7.7715611723761E-16,-1.48029736616688E-16,
1.));
#5962=DIRECTION('ref_axis',(-0.707106781186547,-0.707106781186548,-6.28036983473511E-16));
#5963=DIRECTION('',(7.7715611723761E-16,1.48029736616688E-16,-1.));
#5964=DIRECTION('center_axis',(5.9211894646675E-16,-1.,-1.48029736616687E-16));
#5965=DIRECTION('ref_axis',(-7.76169431040263E-16,-1.48029736616688E-16,
1.));
#5966=DIRECTION('',(7.7647429333426E-16,1.48029736616688E-16,-1.));
#5967=DIRECTION('center_axis',(-5.9211894646675E-16,1.,1.48029736616687E-16));
#5968=DIRECTION('ref_axis',(1.,3.13654949252465E-16,7.7647429333426E-16));
#5969=DIRECTION('center_axis',(5.9211894646675E-16,-1.,-1.48029736616687E-16));
#5970=DIRECTION('ref_axis',(1.,3.13654949252465E-16,7.7647429333426E-16));
#5971=DIRECTION('',(-7.76169431040263E-16,-1.48029736616688E-16,1.));
#5972=DIRECTION('center_axis',(3.13654949252465E-16,-1.,2.53765262771464E-16));
#5973=DIRECTION('ref_axis',(1.,3.13654949252465E-16,7.7647429333426E-16));
#5974=DIRECTION('',(3.15213870471413E-16,-1.,2.53765262771464E-16));
#5975=DIRECTION('center_axis',(-3.13654949252465E-16,1.,-2.53765262771464E-16));
#5976=DIRECTION('ref_axis',(0.,0.,1.));
#5977=DIRECTION('center_axis',(-1.,-3.13654949252465E-16,-7.7647429333426E-16));
#5978=DIRECTION('ref_axis',(-7.7647429333426E-16,-1.52259157662879E-16,
1.));
#5979=DIRECTION('',(-3.13654949252465E-16,1.,-2.53765262771464E-16));
#5980=DIRECTION('',(1.86419866112883E-15,-2.03012210217171E-16,-1.));
#5981=DIRECTION('',(3.13654949252465E-16,-1.,1.33465617141987E-31));
#5982=DIRECTION('',(-8.78418217285839E-17,-2.03012210217172E-16,-1.));
#5983=DIRECTION('',(-3.13654949252465E-16,1.,-2.53765262771464E-16));
#5984=DIRECTION('center_axis',(3.13654949252465E-16,-1.,2.53765262771464E-16));
#5985=DIRECTION('ref_axis',(1.,3.13654949252465E-16,7.7647429333426E-16));
#5986=DIRECTION('center_axis',(-3.13654949252465E-16,1.,-2.53765262771464E-16));
#5987=DIRECTION('ref_axis',(-1.11022302462515E-15,0.,1.));
#5988=DIRECTION('center_axis',(3.13654949252465E-16,-1.,2.53765262771464E-16));
#5989=DIRECTION('ref_axis',(1.,3.13654949252465E-16,7.7647429333426E-16));
#5990=DIRECTION('center_axis',(3.13654949252465E-16,-1.,2.53765262771464E-16));
#5991=DIRECTION('ref_axis',(1.,0.,8.45884209238212E-16));
#5992=DIRECTION('',(3.15213870471413E-16,-1.,2.53765262771464E-16));
#5993=DIRECTION('center_axis',(3.13654949252465E-16,-1.,2.53765262771464E-16));
#5994=DIRECTION('ref_axis',(0.,-2.53765262771464E-16,-1.));
#5995=DIRECTION('center_axis',(-3.13654949252465E-16,1.,-2.53765262771464E-16));
#5996=DIRECTION('ref_axis',(0.,0.,1.));
#5997=DIRECTION('',(-1.,-1.52259157662879E-16,3.86380851536822E-32));
#5998=DIRECTION('center_axis',(-3.13654949252465E-16,1.,-2.53765262771464E-16));
#5999=DIRECTION('ref_axis',(0.,2.53765262771464E-16,1.));
#6000=DIRECTION('',(1.,1.52259157662878E-16,-3.86380851536822E-32));
#6001=DIRECTION('center_axis',(-1.,-6.68926317132515E-16,6.12323399573678E-17));
#6002=DIRECTION('ref_axis',(6.12323399573678E-17,-5.98896864810002E-17,
1.));
#6003=DIRECTION('center_axis',(3.13654949252465E-16,-1.,2.53765262771464E-16));
#6004=DIRECTION('ref_axis',(1.,3.13654949252465E-16,7.7647429333426E-16));
#6005=DIRECTION('center_axis',(-2.02334418382846E-16,1.,2.03012210217171E-16));
#6006=DIRECTION('ref_axis',(-1.,-2.02334418382846E-16,7.77315669989747E-16));
#6007=DIRECTION('center_axis',(2.02334418382846E-16,-1.,-2.03012210217171E-16));
#6008=DIRECTION('ref_axis',(0.,0.,1.));
#6009=DIRECTION('',(2.02334418382846E-16,-1.,-2.0542514914737E-16));
#6010=DIRECTION('center_axis',(2.02334418382846E-16,-1.,-6.777918343257E-19));
#6011=DIRECTION('ref_axis',(-1.,-2.02334418382846E-16,-6.12323399573676E-17));
#6012=DIRECTION('',(-1.,-2.02334418382846E-16,6.43112886793299E-16));
#6013=DIRECTION('',(-7.1608333003238E-16,6.7779183432553E-19,-1.));
#6014=DIRECTION('center_axis',(-2.02334418382846E-16,1.,2.03012210217171E-16));
#6015=DIRECTION('ref_axis',(0.,-2.03012210217171E-16,1.));
#6016=DIRECTION('',(7.1608333003238E-16,-6.7779183432553E-19,1.));
#6017=DIRECTION('',(1.,2.03012210217171E-16,4.1213957497261E-32));
#6018=DIRECTION('center_axis',(2.02334418382846E-16,-1.,-2.03012210217171E-16));
#6019=DIRECTION('ref_axis',(0.,2.03012210217171E-16,-1.));
#6020=DIRECTION('',(-1.,-2.03012210217171E-16,-4.1213957497261E-32));
#6021=DIRECTION('center_axis',(-2.02334418382846E-16,1.,6.777918343257E-19));
#6022=DIRECTION('ref_axis',(1.,2.02334418382846E-16,6.12323399573676E-17));
#6023=DIRECTION('',(1.,2.02334418382846E-16,-7.1608333003238E-16));
#6024=DIRECTION('center_axis',(-8.35201473687419E-16,2.0542514914737E-16,
-1.));
#6025=DIRECTION('ref_axis',(-1.,-4.05346628600017E-16,8.35201473687419E-16));
#6026=DIRECTION('center_axis',(1.52259157662879E-16,-1.,0.));
#6027=DIRECTION('ref_axis',(1.,1.52259157662879E-16,8.26946079742758E-16));
#6028=DIRECTION('',(1.,1.52259157662879E-16,8.26946079742758E-16));
#6029=DIRECTION('',(-8.26946079742758E-16,-1.23259516440783E-31,1.));
#6030=DIRECTION('center_axis',(-1.52259157662878E-16,1.,-2.03012210217171E-16));
#6031=DIRECTION('ref_axis',(-1.,-1.52259157662879E-16,-8.26946079742758E-16));
#6032=DIRECTION('',(1.86419866112883E-15,-2.03012210217171E-16,-1.));
#6033=DIRECTION('',(-1.,-1.52259157662879E-16,-8.26946079742758E-16));
#6034=DIRECTION('center_axis',(-2.03012210217171E-16,1.,0.));
#6035=DIRECTION('ref_axis',(1.,2.03012210217171E-16,-8.26946079742758E-16));
#6036=DIRECTION('',(-8.88178419700125E-16,2.03012210217171E-16,-1.));
#6037=DIRECTION('',(-1.,-2.03012210217171E-16,8.26946079742758E-16));
#6038=DIRECTION('center_axis',(1.,2.02334418382846E-16,-7.77315669989747E-16));
#6039=DIRECTION('ref_axis',(-7.77315669989747E-16,-2.03012210217172E-16,
-1.));
#6040=DIRECTION('',(-8.88178419700125E-16,2.03012210217171E-16,-1.));
#6041=DIRECTION('',(-2.02334418382846E-16,1.,-5.60497300277128E-34));
#6042=DIRECTION('center_axis',(2.03012210217171E-16,-1.,-2.03012210217172E-16));
#6043=DIRECTION('ref_axis',(-1.,-2.03012210217171E-16,8.26946079742758E-16));
#6044=DIRECTION('',(1.,2.03012210217171E-16,-8.26946079742758E-16));
#6045=DIRECTION('center_axis',(1.52259157662879E-16,-1.,0.));
#6046=DIRECTION('ref_axis',(0.,0.,-1.));
#6047=DIRECTION('',(-3.15213870471413E-16,1.,-1.34754760932625E-31));
#6048=DIRECTION('center_axis',(1.52259157662879E-16,-1.,0.));
#6049=DIRECTION('ref_axis',(5.92118946466749E-15,0.,-1.));
#6050=DIRECTION('',(1.01506105108586E-16,-1.,0.));
#6051=DIRECTION('center_axis',(-1.52259157662879E-16,1.,0.));
#6052=DIRECTION('ref_axis',(1.,0.,0.));
#6053=DIRECTION('center_axis',(1.52259157662879E-16,-1.,0.));
#6054=DIRECTION('ref_axis',(0.,0.,-1.));
#6055=DIRECTION('center_axis',(-1.52259157662879E-16,1.,0.));
#6056=DIRECTION('ref_axis',(1.,0.,8.32667268468866E-16));
#6057=DIRECTION('',(0.,0.,1.));
#6058=DIRECTION('center_axis',(-1.52259157662879E-16,1.,0.));
#6059=DIRECTION('ref_axis',(0.,0.,1.));
#6060=DIRECTION('',(0.,0.,-1.));
#6061=DIRECTION('center_axis',(-1.52259157662879E-16,1.,0.));
#6062=DIRECTION('ref_axis',(1.,0.,0.));
#6063=DIRECTION('center_axis',(-1.,-3.15213870471413E-16,-7.76169431040263E-16));
#6064=DIRECTION('ref_axis',(-7.76169431040263E-16,-1.52259157662879E-16,
1.));
#6065=DIRECTION('center_axis',(1.52259157662879E-16,-1.,0.));
#6066=DIRECTION('ref_axis',(0.,0.,-1.));
#6067=DIRECTION('',(-1.01506105108586E-16,1.,0.));
#6068=DIRECTION('center_axis',(-2.03012210217171E-16,1.,0.));
#6069=DIRECTION('ref_axis',(0.,0.,-1.));
#6070=DIRECTION('center_axis',(-2.03012210217171E-16,1.,0.));
#6071=DIRECTION('ref_axis',(-5.07530525542929E-15,0.,-1.));
#6072=DIRECTION('',(-2.03012210217171E-16,1.,0.));
#6073=DIRECTION('center_axis',(2.03012210217171E-16,-1.,0.));
#6074=DIRECTION('ref_axis',(-1.,0.,0.));
#6075=DIRECTION('center_axis',(-2.03012210217171E-16,1.,0.));
#6076=DIRECTION('ref_axis',(0.,0.,1.));
#6077=DIRECTION('center_axis',(2.03012210217171E-16,-1.,0.));
#6078=DIRECTION('ref_axis',(-1.,0.,8.32667268468868E-16));
#6079=DIRECTION('',(0.,0.,1.));
#6080=DIRECTION('center_axis',(2.03012210217171E-16,-1.,0.));
#6081=DIRECTION('ref_axis',(0.,0.,-1.));
#6082=DIRECTION('',(0.,0.,-1.));
#6083=DIRECTION('center_axis',(2.03012210217171E-16,-1.,0.));
#6084=DIRECTION('ref_axis',(-1.,0.,0.));
#6085=DIRECTION('center_axis',(-2.03012210217171E-16,1.,0.));
#6086=DIRECTION('ref_axis',(0.,0.,-1.));
#6087=DIRECTION('',(2.03012210217171E-16,-1.,0.));
#6088=DIRECTION('center_axis',(0.,1.,0.));
#6089=DIRECTION('ref_axis',(0.,0.,1.));
#6090=DIRECTION('',(1.,0.,0.));
#6091=DIRECTION('',(1.,0.,0.));
#6092=DIRECTION('center_axis',(0.,0.,1.));
#6093=DIRECTION('ref_axis',(1.,0.,0.));
#6094=DIRECTION('',(-1.,0.,0.));
#6095=DIRECTION('center_axis',(0.,-1.,0.));
#6096=DIRECTION('ref_axis',(0.,0.,-1.));
#6097=DIRECTION('',(-1.,0.,0.));
#6098=DIRECTION('center_axis',(0.,0.,1.));
#6099=DIRECTION('ref_axis',(1.,0.,0.));
#6100=DIRECTION('axis',(0.,0.,1.));
#6101=DIRECTION('refdir',(1.,0.,0.));
#6102=DIRECTION('center_axis',(-1.,-5.6177713393983E-17,0.));
#6103=DIRECTION('ref_axis',(0.,0.,1.));
#6104=DIRECTION('center_axis',(-1.,-5.58602779685613E-17,0.));
#6105=DIRECTION('ref_axis',(0.,0.,1.));
#6106=DIRECTION('',(-1.,-5.6177713393983E-17,0.));
#6107=DIRECTION('center_axis',(1.,1.61486985400023E-16,0.));
#6108=DIRECTION('ref_axis',(0.,0.,1.));
#6109=DIRECTION('center_axis',(-1.,-5.6177713393983E-17,0.));
#6110=DIRECTION('ref_axis',(0.,0.,1.));
#6111=DIRECTION('center_axis',(-1.,-5.38289951333409E-17,0.));
#6112=DIRECTION('ref_axis',(0.,0.,1.));
#6113=DIRECTION('',(-1.,-5.6177713393983E-17,0.));
#6114=DIRECTION('center_axis',(1.,2.79301389842807E-16,0.));
#6115=DIRECTION('ref_axis',(0.,0.,1.));
#6116=DIRECTION('center_axis',(-1.,-5.6177713393983E-17,0.));
#6117=DIRECTION('ref_axis',(0.,0.,1.));
#6118=DIRECTION('center_axis',(-1.,-5.58602779685613E-17,0.));
#6119=DIRECTION('ref_axis',(0.,0.,1.));
#6120=DIRECTION('',(-1.,-5.6177713393983E-17,0.));
#6121=DIRECTION('center_axis',(1.,1.61486985400023E-16,0.));
#6122=DIRECTION('ref_axis',(0.,0.,1.));
#6123=DIRECTION('center_axis',(-1.,-5.6177713393983E-17,0.));
#6124=DIRECTION('ref_axis',(0.,0.,1.));
#6125=DIRECTION('center_axis',(-1.,-5.38289951333409E-17,0.));
#6126=DIRECTION('ref_axis',(0.,0.,1.));
#6127=DIRECTION('',(-1.,-5.6177713393983E-17,0.));
#6128=DIRECTION('center_axis',(1.,2.79301389842807E-16,0.));
#6129=DIRECTION('ref_axis',(0.,0.,1.));
#6130=DIRECTION('center_axis',(-1.,-5.6177713393983E-17,0.));
#6131=DIRECTION('ref_axis',(0.,0.,1.));
#6132=DIRECTION('center_axis',(-1.,-5.58602779685613E-17,0.));
#6133=DIRECTION('ref_axis',(0.,0.,1.));
#6134=DIRECTION('',(-1.,-5.6177713393983E-17,0.));
#6135=DIRECTION('center_axis',(1.,1.61486985400023E-16,0.));
#6136=DIRECTION('ref_axis',(0.,0.,1.));
#6137=DIRECTION('center_axis',(-1.,-5.6177713393983E-17,0.));
#6138=DIRECTION('ref_axis',(0.,0.,1.));
#6139=DIRECTION('center_axis',(-1.,-5.38289951333409E-17,0.));
#6140=DIRECTION('ref_axis',(0.,0.,1.));
#6141=DIRECTION('',(-1.,-5.6177713393983E-17,0.));
#6142=DIRECTION('center_axis',(1.,2.79301389842807E-16,0.));
#6143=DIRECTION('ref_axis',(0.,0.,1.));
#6144=DIRECTION('center_axis',(-1.,-5.6177713393983E-17,0.));
#6145=DIRECTION('ref_axis',(0.,0.,1.));
#6146=DIRECTION('center_axis',(-1.,-5.58602779685613E-17,0.));
#6147=DIRECTION('ref_axis',(0.,0.,1.));
#6148=DIRECTION('',(-1.,-5.6177713393983E-17,0.));
#6149=DIRECTION('center_axis',(1.,1.61486985400023E-16,0.));
#6150=DIRECTION('ref_axis',(0.,0.,1.));
#6151=DIRECTION('center_axis',(-1.,-5.6177713393983E-17,0.));
#6152=DIRECTION('ref_axis',(0.,0.,1.));
#6153=DIRECTION('center_axis',(-1.,-5.38289951333409E-17,0.));
#6154=DIRECTION('ref_axis',(0.,0.,1.));
#6155=DIRECTION('',(-1.,-5.6177713393983E-17,0.));
#6156=DIRECTION('center_axis',(1.,2.79301389842807E-16,0.));
#6157=DIRECTION('ref_axis',(0.,0.,1.));
#6158=DIRECTION('center_axis',(-1.,-5.6177713393983E-17,0.));
#6159=DIRECTION('ref_axis',(0.,0.,1.));
#6160=DIRECTION('center_axis',(-1.,-5.58602779685613E-17,0.));
#6161=DIRECTION('ref_axis',(0.,0.,1.));
#6162=DIRECTION('',(-1.,-5.6177713393983E-17,0.));
#6163=DIRECTION('center_axis',(1.,1.61486985400023E-16,0.));
#6164=DIRECTION('ref_axis',(0.,0.,1.));
#6165=DIRECTION('center_axis',(-1.,-5.6177713393983E-17,0.));
#6166=DIRECTION('ref_axis',(0.,0.,1.));
#6167=DIRECTION('center_axis',(-1.,-5.38289951333409E-17,0.));
#6168=DIRECTION('ref_axis',(0.,0.,1.));
#6169=DIRECTION('',(-1.,-5.6177713393983E-17,0.));
#6170=DIRECTION('center_axis',(1.,2.79301389842807E-16,0.));
#6171=DIRECTION('ref_axis',(0.,0.,1.));
#6172=DIRECTION('center_axis',(-1.,-5.6177713393983E-17,0.));
#6173=DIRECTION('ref_axis',(0.,0.,1.));
#6174=DIRECTION('center_axis',(-1.,-5.58602779685613E-17,0.));
#6175=DIRECTION('ref_axis',(0.,0.,1.));
#6176=DIRECTION('',(-1.,-5.6177713393983E-17,0.));
#6177=DIRECTION('center_axis',(1.,1.61486985400023E-16,0.));
#6178=DIRECTION('ref_axis',(0.,0.,1.));
#6179=DIRECTION('center_axis',(-1.,-5.6177713393983E-17,0.));
#6180=DIRECTION('ref_axis',(0.,0.,1.));
#6181=DIRECTION('center_axis',(-1.,-5.38289951333409E-17,0.));
#6182=DIRECTION('ref_axis',(0.,0.,1.));
#6183=DIRECTION('',(-1.,-5.6177713393983E-17,0.));
#6184=DIRECTION('center_axis',(1.,2.79301389842807E-16,0.));
#6185=DIRECTION('ref_axis',(0.,0.,1.));
#6186=DIRECTION('center_axis',(-1.,-5.6177713393983E-17,0.));
#6187=DIRECTION('ref_axis',(0.,0.,1.));
#6188=DIRECTION('center_axis',(-1.,-5.58602779685613E-17,0.));
#6189=DIRECTION('ref_axis',(0.,0.,1.));
#6190=DIRECTION('',(-1.,-5.6177713393983E-17,0.));
#6191=DIRECTION('center_axis',(1.,1.61486985400023E-16,0.));
#6192=DIRECTION('ref_axis',(0.,0.,1.));
#6193=DIRECTION('center_axis',(-1.,-5.6177713393983E-17,0.));
#6194=DIRECTION('ref_axis',(0.,0.,1.));
#6195=DIRECTION('center_axis',(-1.,-5.38289951333409E-17,0.));
#6196=DIRECTION('ref_axis',(0.,0.,1.));
#6197=DIRECTION('',(-1.,-5.6177713393983E-17,0.));
#6198=DIRECTION('center_axis',(1.,2.79301389842807E-16,0.));
#6199=DIRECTION('ref_axis',(0.,0.,1.));
#6200=DIRECTION('center_axis',(-1.,-5.6177713393983E-17,0.));
#6201=DIRECTION('ref_axis',(0.,0.,1.));
#6202=DIRECTION('center_axis',(-1.,-5.58602779685613E-17,0.));
#6203=DIRECTION('ref_axis',(0.,0.,1.));
#6204=DIRECTION('',(-1.,-5.6177713393983E-17,0.));
#6205=DIRECTION('center_axis',(1.,1.61486985400023E-16,0.));
#6206=DIRECTION('ref_axis',(0.,0.,1.));
#6207=DIRECTION('center_axis',(-1.,-5.6177713393983E-17,0.));
#6208=DIRECTION('ref_axis',(0.,0.,1.));
#6209=DIRECTION('center_axis',(-1.,-5.38289951333409E-17,0.));
#6210=DIRECTION('ref_axis',(0.,0.,1.));
#6211=DIRECTION('',(-1.,-5.6177713393983E-17,0.));
#6212=DIRECTION('center_axis',(1.,2.79301389842807E-16,0.));
#6213=DIRECTION('ref_axis',(0.,0.,1.));
#6214=DIRECTION('center_axis',(-1.,-5.2666606306859E-17,0.));
#6215=DIRECTION('ref_axis',(0.,0.,1.));
#6216=DIRECTION('center_axis',(-1.,-5.58602779685613E-17,0.));
#6217=DIRECTION('ref_axis',(0.,0.,1.));
#6218=DIRECTION('',(-1.,-5.2666606306859E-17,0.));
#6219=DIRECTION('center_axis',(1.,1.61486985400023E-16,0.));
#6220=DIRECTION('ref_axis',(0.,0.,1.));
#6221=DIRECTION('center_axis',(-1.,-5.2666606306859E-17,0.));
#6222=DIRECTION('ref_axis',(0.,0.,1.));
#6223=DIRECTION('center_axis',(-1.,-5.38289951333409E-17,0.));
#6224=DIRECTION('ref_axis',(0.,0.,1.));
#6225=DIRECTION('',(-1.,-5.2666606306859E-17,0.));
#6226=DIRECTION('center_axis',(1.,2.79301389842807E-16,0.));
#6227=DIRECTION('ref_axis',(0.,0.,1.));
#6228=DIRECTION('center_axis',(-1.,-5.6177713393983E-17,0.));
#6229=DIRECTION('ref_axis',(0.,0.,1.));
#6230=DIRECTION('center_axis',(-1.,-5.58602779685613E-17,0.));
#6231=DIRECTION('ref_axis',(0.,0.,1.));
#6232=DIRECTION('',(-1.,-5.6177713393983E-17,0.));
#6233=DIRECTION('center_axis',(1.,1.61486985400023E-16,0.));
#6234=DIRECTION('ref_axis',(0.,0.,1.));
#6235=DIRECTION('center_axis',(-1.,-5.6177713393983E-17,0.));
#6236=DIRECTION('ref_axis',(0.,0.,1.));
#6237=DIRECTION('center_axis',(-1.,-5.38289951333409E-17,0.));
#6238=DIRECTION('ref_axis',(0.,0.,1.));
#6239=DIRECTION('',(-1.,-5.6177713393983E-17,0.));
#6240=DIRECTION('center_axis',(1.,2.79301389842807E-16,0.));
#6241=DIRECTION('ref_axis',(0.,0.,1.));
#6242=DIRECTION('center_axis',(-1.,-5.6177713393983E-17,0.));
#6243=DIRECTION('ref_axis',(0.,0.,1.));
#6244=DIRECTION('center_axis',(-1.,-5.58602779685613E-17,0.));
#6245=DIRECTION('ref_axis',(0.,0.,1.));
#6246=DIRECTION('',(-1.,-5.6177713393983E-17,0.));
#6247=DIRECTION('center_axis',(1.,1.61486985400023E-16,0.));
#6248=DIRECTION('ref_axis',(0.,0.,1.));
#6249=DIRECTION('center_axis',(-1.,-5.6177713393983E-17,0.));
#6250=DIRECTION('ref_axis',(0.,0.,1.));
#6251=DIRECTION('center_axis',(-1.,-5.38289951333409E-17,0.));
#6252=DIRECTION('ref_axis',(0.,0.,1.));
#6253=DIRECTION('',(-1.,-5.6177713393983E-17,0.));
#6254=DIRECTION('center_axis',(1.,2.79301389842807E-16,0.));
#6255=DIRECTION('ref_axis',(0.,0.,1.));
#6256=DIRECTION('center_axis',(-1.,-5.6177713393983E-17,0.));
#6257=DIRECTION('ref_axis',(0.,0.,1.));
#6258=DIRECTION('center_axis',(-1.,-5.58602779685613E-17,0.));
#6259=DIRECTION('ref_axis',(0.,0.,1.));
#6260=DIRECTION('',(-1.,-5.6177713393983E-17,0.));
#6261=DIRECTION('center_axis',(1.,1.61486985400023E-16,0.));
#6262=DIRECTION('ref_axis',(0.,0.,1.));
#6263=DIRECTION('center_axis',(-1.,-5.6177713393983E-17,0.));
#6264=DIRECTION('ref_axis',(0.,0.,1.));
#6265=DIRECTION('center_axis',(-1.,-5.38289951333409E-17,0.));
#6266=DIRECTION('ref_axis',(0.,0.,1.));
#6267=DIRECTION('',(-1.,-5.6177713393983E-17,0.));
#6268=DIRECTION('center_axis',(1.,2.79301389842807E-16,0.));
#6269=DIRECTION('ref_axis',(0.,0.,1.));
#6270=DIRECTION('center_axis',(-1.,-5.6177713393983E-17,0.));
#6271=DIRECTION('ref_axis',(0.,0.,1.));
#6272=DIRECTION('center_axis',(-1.,-5.58602779685613E-17,0.));
#6273=DIRECTION('ref_axis',(0.,0.,1.));
#6274=DIRECTION('',(-1.,-5.6177713393983E-17,0.));
#6275=DIRECTION('center_axis',(1.,1.61486985400023E-16,0.));
#6276=DIRECTION('ref_axis',(0.,0.,1.));
#6277=DIRECTION('center_axis',(-1.,-5.6177713393983E-17,0.));
#6278=DIRECTION('ref_axis',(0.,0.,1.));
#6279=DIRECTION('center_axis',(-1.,-5.38289951333409E-17,0.));
#6280=DIRECTION('ref_axis',(0.,0.,1.));
#6281=DIRECTION('',(-1.,-5.6177713393983E-17,0.));
#6282=DIRECTION('center_axis',(1.,2.79301389842807E-16,0.));
#6283=DIRECTION('ref_axis',(0.,0.,1.));
#6284=DIRECTION('center_axis',(-1.,-5.6177713393983E-17,0.));
#6285=DIRECTION('ref_axis',(0.,0.,1.));
#6286=DIRECTION('center_axis',(-1.,-5.58602779685613E-17,0.));
#6287=DIRECTION('ref_axis',(0.,0.,1.));
#6288=DIRECTION('',(-1.,-5.6177713393983E-17,0.));
#6289=DIRECTION('center_axis',(1.,1.61486985400023E-16,0.));
#6290=DIRECTION('ref_axis',(0.,0.,1.));
#6291=DIRECTION('center_axis',(-1.,-5.6177713393983E-17,0.));
#6292=DIRECTION('ref_axis',(0.,0.,1.));
#6293=DIRECTION('center_axis',(-1.,-5.38289951333409E-17,0.));
#6294=DIRECTION('ref_axis',(0.,0.,1.));
#6295=DIRECTION('',(-1.,-5.6177713393983E-17,0.));
#6296=DIRECTION('center_axis',(1.,2.79301389842807E-16,0.));
#6297=DIRECTION('ref_axis',(0.,0.,1.));
#6298=DIRECTION('center_axis',(-1.,-5.6177713393983E-17,0.));
#6299=DIRECTION('ref_axis',(0.,0.,1.));
#6300=DIRECTION('center_axis',(-1.,-5.58602779685613E-17,0.));
#6301=DIRECTION('ref_axis',(0.,0.,1.));
#6302=DIRECTION('',(-1.,-5.6177713393983E-17,0.));
#6303=DIRECTION('center_axis',(1.,1.61486985400023E-16,0.));
#6304=DIRECTION('ref_axis',(0.,0.,1.));
#6305=DIRECTION('center_axis',(-1.,-5.6177713393983E-17,0.));
#6306=DIRECTION('ref_axis',(0.,0.,1.));
#6307=DIRECTION('center_axis',(-1.,-5.38289951333409E-17,0.));
#6308=DIRECTION('ref_axis',(0.,0.,1.));
#6309=DIRECTION('',(-1.,-5.6177713393983E-17,0.));
#6310=DIRECTION('center_axis',(1.,2.79301389842807E-16,0.));
#6311=DIRECTION('ref_axis',(0.,0.,1.));
#6312=DIRECTION('center_axis',(-1.,-5.6177713393983E-17,0.));
#6313=DIRECTION('ref_axis',(0.,0.,1.));
#6314=DIRECTION('center_axis',(-1.,-5.58602779685613E-17,0.));
#6315=DIRECTION('ref_axis',(0.,0.,1.));
#6316=DIRECTION('',(-1.,-5.6177713393983E-17,0.));
#6317=DIRECTION('center_axis',(1.,1.61486985400023E-16,0.));
#6318=DIRECTION('ref_axis',(0.,0.,1.));
#6319=DIRECTION('center_axis',(-1.,-5.6177713393983E-17,0.));
#6320=DIRECTION('ref_axis',(0.,0.,1.));
#6321=DIRECTION('center_axis',(-1.,-5.38289951333409E-17,0.));
#6322=DIRECTION('ref_axis',(0.,0.,1.));
#6323=DIRECTION('',(-1.,-5.6177713393983E-17,0.));
#6324=DIRECTION('center_axis',(1.,2.79301389842807E-16,0.));
#6325=DIRECTION('ref_axis',(0.,0.,1.));
#6326=DIRECTION('center_axis',(-1.,-5.6177713393983E-17,0.));
#6327=DIRECTION('ref_axis',(0.,0.,1.));
#6328=DIRECTION('center_axis',(-1.,-5.58602779685613E-17,0.));
#6329=DIRECTION('ref_axis',(0.,0.,1.));
#6330=DIRECTION('',(-1.,-5.6177713393983E-17,0.));
#6331=DIRECTION('center_axis',(1.,1.61486985400023E-16,0.));
#6332=DIRECTION('ref_axis',(0.,0.,1.));
#6333=DIRECTION('center_axis',(-1.,-5.6177713393983E-17,0.));
#6334=DIRECTION('ref_axis',(0.,0.,1.));
#6335=DIRECTION('center_axis',(-1.,-5.38289951333409E-17,0.));
#6336=DIRECTION('ref_axis',(0.,0.,1.));
#6337=DIRECTION('',(-1.,-5.6177713393983E-17,0.));
#6338=DIRECTION('center_axis',(1.,2.79301389842807E-16,0.));
#6339=DIRECTION('ref_axis',(0.,0.,1.));
#6340=DIRECTION('center_axis',(-1.,-5.6177713393983E-17,0.));
#6341=DIRECTION('ref_axis',(0.,0.,1.));
#6342=DIRECTION('center_axis',(-1.,-5.58602779685613E-17,0.));
#6343=DIRECTION('ref_axis',(0.,0.,1.));
#6344=DIRECTION('',(-1.,-5.6177713393983E-17,0.));
#6345=DIRECTION('center_axis',(1.,1.61486985400023E-16,0.));
#6346=DIRECTION('ref_axis',(0.,0.,1.));
#6347=DIRECTION('center_axis',(-1.,-5.6177713393983E-17,0.));
#6348=DIRECTION('ref_axis',(0.,0.,1.));
#6349=DIRECTION('center_axis',(-1.,-5.38289951333409E-17,0.));
#6350=DIRECTION('ref_axis',(0.,0.,1.));
#6351=DIRECTION('',(-1.,-5.6177713393983E-17,0.));
#6352=DIRECTION('center_axis',(1.,2.79301389842807E-16,0.));
#6353=DIRECTION('ref_axis',(0.,0.,1.));
#6354=DIRECTION('center_axis',(-1.,-5.6177713393983E-17,0.));
#6355=DIRECTION('ref_axis',(0.,0.,1.));
#6356=DIRECTION('center_axis',(-1.,-5.58602779685613E-17,0.));
#6357=DIRECTION('ref_axis',(0.,0.,1.));
#6358=DIRECTION('',(-1.,-5.6177713393983E-17,0.));
#6359=DIRECTION('center_axis',(1.,1.61486985400023E-16,0.));
#6360=DIRECTION('ref_axis',(0.,0.,1.));
#6361=DIRECTION('center_axis',(-1.,-5.6177713393983E-17,0.));
#6362=DIRECTION('ref_axis',(0.,0.,1.));
#6363=DIRECTION('center_axis',(-1.,-5.38289951333409E-17,0.));
#6364=DIRECTION('ref_axis',(0.,0.,1.));
#6365=DIRECTION('',(-1.,-5.6177713393983E-17,0.));
#6366=DIRECTION('center_axis',(1.,2.79301389842807E-16,0.));
#6367=DIRECTION('ref_axis',(0.,0.,1.));
#6368=DIRECTION('center_axis',(-1.,-5.6177713393983E-17,0.));
#6369=DIRECTION('ref_axis',(0.,0.,1.));
#6370=DIRECTION('center_axis',(-1.,-5.58602779685613E-17,0.));
#6371=DIRECTION('ref_axis',(0.,0.,1.));
#6372=DIRECTION('',(-1.,-5.6177713393983E-17,0.));
#6373=DIRECTION('center_axis',(1.,1.61486985400023E-16,0.));
#6374=DIRECTION('ref_axis',(0.,0.,1.));
#6375=DIRECTION('center_axis',(-1.,-5.6177713393983E-17,0.));
#6376=DIRECTION('ref_axis',(0.,0.,1.));
#6377=DIRECTION('center_axis',(-1.,-5.38289951333409E-17,0.));
#6378=DIRECTION('ref_axis',(0.,0.,1.));
#6379=DIRECTION('',(-1.,-5.6177713393983E-17,0.));
#6380=DIRECTION('center_axis',(1.,2.79301389842807E-16,0.));
#6381=DIRECTION('ref_axis',(0.,0.,1.));
#6382=DIRECTION('center_axis',(-1.,-5.6177713393983E-17,0.));
#6383=DIRECTION('ref_axis',(0.,0.,1.));
#6384=DIRECTION('center_axis',(-1.,-5.58602779685613E-17,0.));
#6385=DIRECTION('ref_axis',(0.,0.,1.));
#6386=DIRECTION('',(-1.,-5.6177713393983E-17,0.));
#6387=DIRECTION('center_axis',(1.,1.61486985400023E-16,0.));
#6388=DIRECTION('ref_axis',(0.,0.,1.));
#6389=DIRECTION('center_axis',(-1.,-5.6177713393983E-17,0.));
#6390=DIRECTION('ref_axis',(0.,0.,1.));
#6391=DIRECTION('center_axis',(-1.,-5.38289951333409E-17,0.));
#6392=DIRECTION('ref_axis',(0.,0.,1.));
#6393=DIRECTION('',(-1.,-5.6177713393983E-17,0.));
#6394=DIRECTION('center_axis',(1.,2.79301389842807E-16,0.));
#6395=DIRECTION('ref_axis',(0.,0.,1.));
#6396=DIRECTION('center_axis',(-1.,-5.2666606306859E-17,0.));
#6397=DIRECTION('ref_axis',(0.,0.,1.));
#6398=DIRECTION('center_axis',(-1.,-5.58602779685613E-17,0.));
#6399=DIRECTION('ref_axis',(0.,0.,1.));
#6400=DIRECTION('',(-1.,-5.2666606306859E-17,0.));
#6401=DIRECTION('center_axis',(1.,1.61486985400023E-16,0.));
#6402=DIRECTION('ref_axis',(0.,0.,1.));
#6403=DIRECTION('center_axis',(-1.,-5.2666606306859E-17,0.));
#6404=DIRECTION('ref_axis',(0.,0.,1.));
#6405=DIRECTION('center_axis',(-1.,-5.38289951333409E-17,0.));
#6406=DIRECTION('ref_axis',(0.,0.,1.));
#6407=DIRECTION('',(-1.,-5.2666606306859E-17,0.));
#6408=DIRECTION('center_axis',(1.,2.79301389842807E-16,0.));
#6409=DIRECTION('ref_axis',(0.,0.,1.));
#6410=DIRECTION('center_axis',(-1.,-5.6177713393983E-17,0.));
#6411=DIRECTION('ref_axis',(0.,0.,1.));
#6412=DIRECTION('center_axis',(-1.,-5.58602779685613E-17,0.));
#6413=DIRECTION('ref_axis',(0.,0.,1.));
#6414=DIRECTION('',(-1.,-5.6177713393983E-17,0.));
#6415=DIRECTION('center_axis',(1.,1.61486985400023E-16,0.));
#6416=DIRECTION('ref_axis',(0.,0.,1.));
#6417=DIRECTION('center_axis',(-1.,-5.6177713393983E-17,0.));
#6418=DIRECTION('ref_axis',(0.,0.,1.));
#6419=DIRECTION('center_axis',(-1.,-5.38289951333409E-17,0.));
#6420=DIRECTION('ref_axis',(0.,0.,1.));
#6421=DIRECTION('',(-1.,-5.6177713393983E-17,0.));
#6422=DIRECTION('center_axis',(1.,2.79301389842807E-16,0.));
#6423=DIRECTION('ref_axis',(0.,0.,1.));
#6424=DIRECTION('center_axis',(-1.,-5.6177713393983E-17,0.));
#6425=DIRECTION('ref_axis',(0.,0.,1.));
#6426=DIRECTION('center_axis',(-1.,-5.58602779685613E-17,0.));
#6427=DIRECTION('ref_axis',(0.,0.,1.));
#6428=DIRECTION('',(-1.,-5.6177713393983E-17,0.));
#6429=DIRECTION('center_axis',(1.,1.61486985400023E-16,0.));
#6430=DIRECTION('ref_axis',(0.,0.,1.));
#6431=DIRECTION('center_axis',(-1.,-5.6177713393983E-17,0.));
#6432=DIRECTION('ref_axis',(0.,0.,1.));
#6433=DIRECTION('center_axis',(-1.,-5.38289951333409E-17,0.));
#6434=DIRECTION('ref_axis',(0.,0.,1.));
#6435=DIRECTION('',(-1.,-5.6177713393983E-17,0.));
#6436=DIRECTION('center_axis',(1.,2.79301389842807E-16,0.));
#6437=DIRECTION('ref_axis',(0.,0.,1.));
#6438=DIRECTION('center_axis',(-1.,-5.6177713393983E-17,0.));
#6439=DIRECTION('ref_axis',(0.,0.,1.));
#6440=DIRECTION('center_axis',(-1.,-5.58602779685613E-17,0.));
#6441=DIRECTION('ref_axis',(0.,0.,1.));
#6442=DIRECTION('',(-1.,-5.6177713393983E-17,0.));
#6443=DIRECTION('center_axis',(1.,1.61486985400023E-16,0.));
#6444=DIRECTION('ref_axis',(0.,0.,1.));
#6445=DIRECTION('center_axis',(-1.,-5.6177713393983E-17,0.));
#6446=DIRECTION('ref_axis',(0.,0.,1.));
#6447=DIRECTION('center_axis',(-1.,-5.38289951333409E-17,0.));
#6448=DIRECTION('ref_axis',(0.,0.,1.));
#6449=DIRECTION('',(-1.,-5.6177713393983E-17,0.));
#6450=DIRECTION('center_axis',(1.,2.79301389842807E-16,0.));
#6451=DIRECTION('ref_axis',(0.,0.,1.));
#6452=DIRECTION('center_axis',(-1.,-5.6177713393983E-17,0.));
#6453=DIRECTION('ref_axis',(0.,0.,1.));
#6454=DIRECTION('center_axis',(-1.,-5.58602779685613E-17,0.));
#6455=DIRECTION('ref_axis',(0.,0.,1.));
#6456=DIRECTION('',(-1.,-5.6177713393983E-17,0.));
#6457=DIRECTION('center_axis',(1.,1.61486985400023E-16,0.));
#6458=DIRECTION('ref_axis',(0.,0.,1.));
#6459=DIRECTION('center_axis',(-1.,-5.6177713393983E-17,0.));
#6460=DIRECTION('ref_axis',(0.,0.,1.));
#6461=DIRECTION('center_axis',(-1.,-5.38289951333409E-17,0.));
#6462=DIRECTION('ref_axis',(0.,0.,1.));
#6463=DIRECTION('',(-1.,-5.6177713393983E-17,0.));
#6464=DIRECTION('center_axis',(1.,2.79301389842807E-16,0.));
#6465=DIRECTION('ref_axis',(0.,0.,1.));
#6466=DIRECTION('center_axis',(-1.,-5.6177713393983E-17,0.));
#6467=DIRECTION('ref_axis',(0.,0.,1.));
#6468=DIRECTION('center_axis',(-1.,-5.58602779685613E-17,0.));
#6469=DIRECTION('ref_axis',(0.,0.,1.));
#6470=DIRECTION('',(-1.,-5.6177713393983E-17,0.));
#6471=DIRECTION('center_axis',(1.,1.61486985400023E-16,0.));
#6472=DIRECTION('ref_axis',(0.,0.,1.));
#6473=DIRECTION('center_axis',(-1.,-5.6177713393983E-17,0.));
#6474=DIRECTION('ref_axis',(0.,0.,1.));
#6475=DIRECTION('center_axis',(-1.,-5.38289951333409E-17,0.));
#6476=DIRECTION('ref_axis',(0.,0.,1.));
#6477=DIRECTION('',(-1.,-5.6177713393983E-17,0.));
#6478=DIRECTION('center_axis',(1.,2.79301389842807E-16,0.));
#6479=DIRECTION('ref_axis',(0.,0.,1.));
#6480=DIRECTION('center_axis',(-1.,-5.6177713393983E-17,0.));
#6481=DIRECTION('ref_axis',(0.,0.,1.));
#6482=DIRECTION('center_axis',(-1.,-5.58602779685613E-17,0.));
#6483=DIRECTION('ref_axis',(0.,0.,1.));
#6484=DIRECTION('',(-1.,-5.6177713393983E-17,0.));
#6485=DIRECTION('center_axis',(1.,1.61486985400023E-16,0.));
#6486=DIRECTION('ref_axis',(0.,0.,1.));
#6487=DIRECTION('center_axis',(-1.,-5.6177713393983E-17,0.));
#6488=DIRECTION('ref_axis',(0.,0.,1.));
#6489=DIRECTION('center_axis',(-1.,-5.38289951333409E-17,0.));
#6490=DIRECTION('ref_axis',(0.,0.,1.));
#6491=DIRECTION('',(-1.,-5.6177713393983E-17,0.));
#6492=DIRECTION('center_axis',(1.,2.79301389842807E-16,0.));
#6493=DIRECTION('ref_axis',(0.,0.,1.));
#6494=DIRECTION('center_axis',(-1.,-5.6177713393983E-17,0.));
#6495=DIRECTION('ref_axis',(0.,0.,1.));
#6496=DIRECTION('center_axis',(-1.,-5.58602779685613E-17,0.));
#6497=DIRECTION('ref_axis',(0.,0.,1.));
#6498=DIRECTION('',(-1.,-5.6177713393983E-17,0.));
#6499=DIRECTION('center_axis',(1.,1.61486985400023E-16,0.));
#6500=DIRECTION('ref_axis',(0.,0.,1.));
#6501=DIRECTION('center_axis',(-1.,-5.6177713393983E-17,0.));
#6502=DIRECTION('ref_axis',(0.,0.,1.));
#6503=DIRECTION('center_axis',(-1.,-5.38289951333409E-17,0.));
#6504=DIRECTION('ref_axis',(0.,0.,1.));
#6505=DIRECTION('',(-1.,-5.6177713393983E-17,0.));
#6506=DIRECTION('center_axis',(1.,2.79301389842807E-16,0.));
#6507=DIRECTION('ref_axis',(0.,0.,1.));
#6508=DIRECTION('center_axis',(-1.,-5.6177713393983E-17,0.));
#6509=DIRECTION('ref_axis',(0.,0.,1.));
#6510=DIRECTION('center_axis',(-1.,-5.58602779685613E-17,0.));
#6511=DIRECTION('ref_axis',(0.,0.,1.));
#6512=DIRECTION('',(-1.,-5.6177713393983E-17,0.));
#6513=DIRECTION('center_axis',(1.,1.61486985400023E-16,0.));
#6514=DIRECTION('ref_axis',(0.,0.,1.));
#6515=DIRECTION('center_axis',(-1.,-5.6177713393983E-17,0.));
#6516=DIRECTION('ref_axis',(0.,0.,1.));
#6517=DIRECTION('center_axis',(-1.,-5.38289951333409E-17,0.));
#6518=DIRECTION('ref_axis',(0.,0.,1.));
#6519=DIRECTION('',(-1.,-5.6177713393983E-17,0.));
#6520=DIRECTION('center_axis',(1.,2.79301389842807E-16,0.));
#6521=DIRECTION('ref_axis',(0.,0.,1.));
#6522=DIRECTION('center_axis',(-1.,-5.2666606306859E-17,0.));
#6523=DIRECTION('ref_axis',(0.,0.,1.));
#6524=DIRECTION('center_axis',(-1.,-5.58602779685613E-17,0.));
#6525=DIRECTION('ref_axis',(0.,0.,1.));
#6526=DIRECTION('',(-1.,-5.2666606306859E-17,0.));
#6527=DIRECTION('center_axis',(1.,1.61486985400023E-16,0.));
#6528=DIRECTION('ref_axis',(0.,0.,1.));
#6529=DIRECTION('center_axis',(-1.,-5.2666606306859E-17,0.));
#6530=DIRECTION('ref_axis',(0.,0.,1.));
#6531=DIRECTION('center_axis',(-1.,-5.38289951333409E-17,0.));
#6532=DIRECTION('ref_axis',(0.,0.,1.));
#6533=DIRECTION('',(-1.,-5.2666606306859E-17,0.));
#6534=DIRECTION('center_axis',(1.,2.79301389842807E-16,0.));
#6535=DIRECTION('ref_axis',(0.,0.,1.));
#6536=DIRECTION('center_axis',(-1.,-5.6177713393983E-17,0.));
#6537=DIRECTION('ref_axis',(0.,0.,1.));
#6538=DIRECTION('center_axis',(-1.,-5.58602779685613E-17,0.));
#6539=DIRECTION('ref_axis',(0.,0.,1.));
#6540=DIRECTION('',(-1.,-5.6177713393983E-17,0.));
#6541=DIRECTION('center_axis',(1.,1.61486985400023E-16,0.));
#6542=DIRECTION('ref_axis',(0.,0.,1.));
#6543=DIRECTION('center_axis',(-1.,-5.6177713393983E-17,0.));
#6544=DIRECTION('ref_axis',(0.,0.,1.));
#6545=DIRECTION('center_axis',(-1.,-5.38289951333409E-17,0.));
#6546=DIRECTION('ref_axis',(0.,0.,1.));
#6547=DIRECTION('',(-1.,-5.6177713393983E-17,0.));
#6548=DIRECTION('center_axis',(1.,2.79301389842807E-16,0.));
#6549=DIRECTION('ref_axis',(0.,0.,1.));
#6550=DIRECTION('center_axis',(-1.,-5.6177713393983E-17,0.));
#6551=DIRECTION('ref_axis',(0.,0.,1.));
#6552=DIRECTION('center_axis',(-1.,-5.58602779685613E-17,0.));
#6553=DIRECTION('ref_axis',(0.,0.,1.));
#6554=DIRECTION('',(-1.,-5.6177713393983E-17,0.));
#6555=DIRECTION('center_axis',(1.,1.61486985400023E-16,0.));
#6556=DIRECTION('ref_axis',(0.,0.,1.));
#6557=DIRECTION('center_axis',(-1.,-5.6177713393983E-17,0.));
#6558=DIRECTION('ref_axis',(0.,0.,1.));
#6559=DIRECTION('center_axis',(-1.,-5.38289951333409E-17,0.));
#6560=DIRECTION('ref_axis',(0.,0.,1.));
#6561=DIRECTION('',(-1.,-5.6177713393983E-17,0.));
#6562=DIRECTION('center_axis',(1.,2.79301389842807E-16,0.));
#6563=DIRECTION('ref_axis',(0.,0.,1.));
#6564=DIRECTION('center_axis',(-1.,-5.6177713393983E-17,0.));
#6565=DIRECTION('ref_axis',(0.,0.,1.));
#6566=DIRECTION('center_axis',(-1.,-5.58602779685613E-17,0.));
#6567=DIRECTION('ref_axis',(0.,0.,1.));
#6568=DIRECTION('',(-1.,-5.6177713393983E-17,0.));
#6569=DIRECTION('center_axis',(1.,1.61486985400023E-16,0.));
#6570=DIRECTION('ref_axis',(0.,0.,1.));
#6571=DIRECTION('center_axis',(-1.,-5.6177713393983E-17,0.));
#6572=DIRECTION('ref_axis',(0.,0.,1.));
#6573=DIRECTION('center_axis',(-1.,-5.38289951333409E-17,0.));
#6574=DIRECTION('ref_axis',(0.,0.,1.));
#6575=DIRECTION('',(-1.,-5.6177713393983E-17,0.));
#6576=DIRECTION('center_axis',(1.,2.79301389842807E-16,0.));
#6577=DIRECTION('ref_axis',(0.,0.,1.));
#6578=DIRECTION('center_axis',(-1.,-5.6177713393983E-17,0.));
#6579=DIRECTION('ref_axis',(0.,0.,1.));
#6580=DIRECTION('center_axis',(-1.,-5.58602779685613E-17,0.));
#6581=DIRECTION('ref_axis',(0.,0.,1.));
#6582=DIRECTION('',(-1.,-5.6177713393983E-17,0.));
#6583=DIRECTION('center_axis',(1.,1.61486985400023E-16,0.));
#6584=DIRECTION('ref_axis',(0.,0.,1.));
#6585=DIRECTION('center_axis',(-1.,-5.6177713393983E-17,0.));
#6586=DIRECTION('ref_axis',(0.,0.,1.));
#6587=DIRECTION('center_axis',(-1.,-5.38289951333409E-17,0.));
#6588=DIRECTION('ref_axis',(0.,0.,1.));
#6589=DIRECTION('',(-1.,-5.6177713393983E-17,0.));
#6590=DIRECTION('center_axis',(1.,2.79301389842807E-16,0.));
#6591=DIRECTION('ref_axis',(0.,0.,1.));
#6592=DIRECTION('center_axis',(-1.,-5.38289951333409E-17,0.));
#6593=DIRECTION('ref_axis',(0.,0.,1.));
#6594=DIRECTION('center_axis',(-1.,-5.58602779685613E-17,0.));
#6595=DIRECTION('ref_axis',(0.,0.,1.));
#6596=DIRECTION('',(-1.,-5.38289951333409E-17,0.));
#6597=DIRECTION('center_axis',(1.,1.61486985400023E-16,0.));
#6598=DIRECTION('ref_axis',(0.,0.,1.));
#6599=DIRECTION('center_axis',(-1.,-5.38289951333409E-17,0.));
#6600=DIRECTION('ref_axis',(0.,0.,1.));
#6601=DIRECTION('center_axis',(-1.,-5.38289951333409E-17,0.));
#6602=DIRECTION('ref_axis',(0.,0.,1.));
#6603=DIRECTION('',(-1.,-5.38289951333409E-17,0.));
#6604=DIRECTION('center_axis',(1.,2.79301389842807E-16,0.));
#6605=DIRECTION('ref_axis',(0.,0.,1.));
#6606=DIRECTION('center_axis',(-1.,-5.6177713393983E-17,0.));
#6607=DIRECTION('ref_axis',(0.,0.,1.));
#6608=DIRECTION('center_axis',(-1.,-5.58602779685613E-17,0.));
#6609=DIRECTION('ref_axis',(0.,0.,1.));
#6610=DIRECTION('',(-1.,-5.6177713393983E-17,0.));
#6611=DIRECTION('center_axis',(1.,1.61486985400023E-16,0.));
#6612=DIRECTION('ref_axis',(0.,0.,1.));
#6613=DIRECTION('center_axis',(-1.,-5.6177713393983E-17,0.));
#6614=DIRECTION('ref_axis',(0.,0.,1.));
#6615=DIRECTION('center_axis',(-1.,-5.38289951333409E-17,0.));
#6616=DIRECTION('ref_axis',(0.,0.,1.));
#6617=DIRECTION('',(-1.,-5.6177713393983E-17,0.));
#6618=DIRECTION('center_axis',(1.,2.79301389842807E-16,0.));
#6619=DIRECTION('ref_axis',(0.,0.,1.));
#6620=DIRECTION('center_axis',(-1.,-5.6177713393983E-17,0.));
#6621=DIRECTION('ref_axis',(0.,0.,1.));
#6622=DIRECTION('center_axis',(-1.,-5.58602779685613E-17,0.));
#6623=DIRECTION('ref_axis',(0.,0.,1.));
#6624=DIRECTION('',(-1.,-5.6177713393983E-17,0.));
#6625=DIRECTION('center_axis',(1.,1.61486985400023E-16,0.));
#6626=DIRECTION('ref_axis',(0.,0.,1.));
#6627=DIRECTION('center_axis',(-1.,-5.6177713393983E-17,0.));
#6628=DIRECTION('ref_axis',(0.,0.,1.));
#6629=DIRECTION('center_axis',(-1.,-5.38289951333409E-17,0.));
#6630=DIRECTION('ref_axis',(0.,0.,1.));
#6631=DIRECTION('',(-1.,-5.6177713393983E-17,0.));
#6632=DIRECTION('center_axis',(1.,2.79301389842807E-16,0.));
#6633=DIRECTION('ref_axis',(0.,0.,1.));
#6634=DIRECTION('center_axis',(-1.,-5.6177713393983E-17,0.));
#6635=DIRECTION('ref_axis',(0.,0.,1.));
#6636=DIRECTION('center_axis',(-1.,-5.58602779685613E-17,0.));
#6637=DIRECTION('ref_axis',(0.,0.,1.));
#6638=DIRECTION('',(-1.,-5.6177713393983E-17,0.));
#6639=DIRECTION('center_axis',(1.,1.61486985400023E-16,0.));
#6640=DIRECTION('ref_axis',(0.,0.,1.));
#6641=DIRECTION('center_axis',(-1.,-5.6177713393983E-17,0.));
#6642=DIRECTION('ref_axis',(0.,0.,1.));
#6643=DIRECTION('center_axis',(-1.,-5.38289951333409E-17,0.));
#6644=DIRECTION('ref_axis',(0.,0.,1.));
#6645=DIRECTION('',(-1.,-5.6177713393983E-17,0.));
#6646=DIRECTION('center_axis',(1.,2.79301389842807E-16,0.));
#6647=DIRECTION('ref_axis',(0.,0.,1.));
#6648=DIRECTION('center_axis',(-1.,-5.6177713393983E-17,0.));
#6649=DIRECTION('ref_axis',(0.,0.,1.));
#6650=DIRECTION('center_axis',(-1.,-5.58602779685613E-17,0.));
#6651=DIRECTION('ref_axis',(0.,0.,1.));
#6652=DIRECTION('',(-1.,-5.6177713393983E-17,0.));
#6653=DIRECTION('center_axis',(1.,1.61486985400023E-16,0.));
#6654=DIRECTION('ref_axis',(0.,0.,1.));
#6655=DIRECTION('center_axis',(-1.,-5.6177713393983E-17,0.));
#6656=DIRECTION('ref_axis',(0.,0.,1.));
#6657=DIRECTION('center_axis',(-1.,-5.38289951333409E-17,0.));
#6658=DIRECTION('ref_axis',(0.,0.,1.));
#6659=DIRECTION('',(-1.,-5.6177713393983E-17,0.));
#6660=DIRECTION('center_axis',(1.,2.79301389842807E-16,0.));
#6661=DIRECTION('ref_axis',(0.,0.,1.));
#6662=DIRECTION('center_axis',(-1.,-5.6177713393983E-17,0.));
#6663=DIRECTION('ref_axis',(0.,0.,1.));
#6664=DIRECTION('center_axis',(-1.,-5.58602779685613E-17,0.));
#6665=DIRECTION('ref_axis',(0.,0.,1.));
#6666=DIRECTION('',(-1.,-5.6177713393983E-17,0.));
#6667=DIRECTION('center_axis',(1.,1.61486985400023E-16,0.));
#6668=DIRECTION('ref_axis',(0.,0.,1.));
#6669=DIRECTION('center_axis',(-1.,-5.6177713393983E-17,0.));
#6670=DIRECTION('ref_axis',(0.,0.,1.));
#6671=DIRECTION('center_axis',(-1.,-5.38289951333409E-17,0.));
#6672=DIRECTION('ref_axis',(0.,0.,1.));
#6673=DIRECTION('',(-1.,-5.6177713393983E-17,0.));
#6674=DIRECTION('center_axis',(1.,2.79301389842807E-16,0.));
#6675=DIRECTION('ref_axis',(0.,0.,1.));
#6676=DIRECTION('center_axis',(-1.,-5.6177713393983E-17,0.));
#6677=DIRECTION('ref_axis',(0.,0.,1.));
#6678=DIRECTION('center_axis',(-1.,-5.58602779685613E-17,0.));
#6679=DIRECTION('ref_axis',(0.,0.,1.));
#6680=DIRECTION('',(-1.,-5.6177713393983E-17,0.));
#6681=DIRECTION('center_axis',(1.,1.61486985400023E-16,0.));
#6682=DIRECTION('ref_axis',(0.,0.,1.));
#6683=DIRECTION('center_axis',(-1.,-5.6177713393983E-17,0.));
#6684=DIRECTION('ref_axis',(0.,0.,1.));
#6685=DIRECTION('center_axis',(-1.,-5.38289951333409E-17,0.));
#6686=DIRECTION('ref_axis',(0.,0.,1.));
#6687=DIRECTION('',(-1.,-5.6177713393983E-17,0.));
#6688=DIRECTION('center_axis',(1.,2.79301389842807E-16,0.));
#6689=DIRECTION('ref_axis',(0.,0.,1.));
#6690=DIRECTION('center_axis',(-1.,-5.6177713393983E-17,0.));
#6691=DIRECTION('ref_axis',(0.,0.,1.));
#6692=DIRECTION('center_axis',(-1.,-5.58602779685613E-17,0.));
#6693=DIRECTION('ref_axis',(0.,0.,1.));
#6694=DIRECTION('',(-1.,-5.6177713393983E-17,0.));
#6695=DIRECTION('center_axis',(1.,1.61486985400023E-16,0.));
#6696=DIRECTION('ref_axis',(0.,0.,1.));
#6697=DIRECTION('center_axis',(-1.,-5.6177713393983E-17,0.));
#6698=DIRECTION('ref_axis',(0.,0.,1.));
#6699=DIRECTION('center_axis',(-1.,-5.38289951333409E-17,0.));
#6700=DIRECTION('ref_axis',(0.,0.,1.));
#6701=DIRECTION('',(-1.,-5.6177713393983E-17,0.));
#6702=DIRECTION('center_axis',(1.,2.79301389842807E-16,0.));
#6703=DIRECTION('ref_axis',(0.,0.,1.));
#6704=DIRECTION('center_axis',(-1.,-5.6177713393983E-17,0.));
#6705=DIRECTION('ref_axis',(0.,0.,1.));
#6706=DIRECTION('center_axis',(-1.,-5.58602779685613E-17,0.));
#6707=DIRECTION('ref_axis',(0.,0.,1.));
#6708=DIRECTION('',(-1.,-5.6177713393983E-17,0.));
#6709=DIRECTION('center_axis',(1.,1.61486985400023E-16,0.));
#6710=DIRECTION('ref_axis',(0.,0.,1.));
#6711=DIRECTION('center_axis',(-1.,-5.6177713393983E-17,0.));
#6712=DIRECTION('ref_axis',(0.,0.,1.));
#6713=DIRECTION('center_axis',(-1.,-5.38289951333409E-17,0.));
#6714=DIRECTION('ref_axis',(0.,0.,1.));
#6715=DIRECTION('',(-1.,-5.6177713393983E-17,0.));
#6716=DIRECTION('center_axis',(1.,2.79301389842807E-16,0.));
#6717=DIRECTION('ref_axis',(0.,0.,1.));
#6718=DIRECTION('center_axis',(-1.,-5.6177713393983E-17,0.));
#6719=DIRECTION('ref_axis',(0.,0.,1.));
#6720=DIRECTION('center_axis',(-1.,-5.58602779685613E-17,0.));
#6721=DIRECTION('ref_axis',(0.,0.,1.));
#6722=DIRECTION('',(-1.,-5.6177713393983E-17,0.));
#6723=DIRECTION('center_axis',(1.,1.61486985400023E-16,0.));
#6724=DIRECTION('ref_axis',(0.,0.,1.));
#6725=DIRECTION('center_axis',(-1.,-5.6177713393983E-17,0.));
#6726=DIRECTION('ref_axis',(0.,0.,1.));
#6727=DIRECTION('center_axis',(-1.,-5.38289951333409E-17,0.));
#6728=DIRECTION('ref_axis',(0.,0.,1.));
#6729=DIRECTION('',(-1.,-5.6177713393983E-17,0.));
#6730=DIRECTION('center_axis',(1.,2.79301389842807E-16,0.));
#6731=DIRECTION('ref_axis',(0.,0.,1.));
#6732=DIRECTION('center_axis',(-1.,-5.6177713393983E-17,0.));
#6733=DIRECTION('ref_axis',(0.,0.,1.));
#6734=DIRECTION('center_axis',(-1.,-5.58602779685613E-17,0.));
#6735=DIRECTION('ref_axis',(0.,0.,1.));
#6736=DIRECTION('',(-1.,-5.6177713393983E-17,0.));
#6737=DIRECTION('center_axis',(1.,1.61486985400023E-16,0.));
#6738=DIRECTION('ref_axis',(0.,0.,1.));
#6739=DIRECTION('center_axis',(-1.,-5.6177713393983E-17,0.));
#6740=DIRECTION('ref_axis',(0.,0.,1.));
#6741=DIRECTION('center_axis',(-1.,-5.38289951333409E-17,0.));
#6742=DIRECTION('ref_axis',(0.,0.,1.));
#6743=DIRECTION('',(-1.,-5.6177713393983E-17,0.));
#6744=DIRECTION('center_axis',(1.,2.79301389842807E-16,0.));
#6745=DIRECTION('ref_axis',(0.,0.,1.));
#6746=DIRECTION('center_axis',(-1.,-5.6177713393983E-17,0.));
#6747=DIRECTION('ref_axis',(0.,0.,1.));
#6748=DIRECTION('center_axis',(-1.,-5.58602779685613E-17,0.));
#6749=DIRECTION('ref_axis',(0.,0.,1.));
#6750=DIRECTION('',(-1.,-5.6177713393983E-17,0.));
#6751=DIRECTION('center_axis',(1.,1.61486985400023E-16,0.));
#6752=DIRECTION('ref_axis',(0.,0.,1.));
#6753=DIRECTION('center_axis',(-1.,-5.6177713393983E-17,0.));
#6754=DIRECTION('ref_axis',(0.,0.,1.));
#6755=DIRECTION('center_axis',(-1.,-5.38289951333409E-17,0.));
#6756=DIRECTION('ref_axis',(0.,0.,1.));
#6757=DIRECTION('',(-1.,-5.6177713393983E-17,0.));
#6758=DIRECTION('center_axis',(1.,2.79301389842807E-16,0.));
#6759=DIRECTION('ref_axis',(0.,0.,1.));
#6760=DIRECTION('center_axis',(-1.,-5.6177713393983E-17,0.));
#6761=DIRECTION('ref_axis',(0.,0.,1.));
#6762=DIRECTION('center_axis',(-1.,-5.58602779685613E-17,0.));
#6763=DIRECTION('ref_axis',(0.,0.,1.));
#6764=DIRECTION('',(-1.,-5.6177713393983E-17,0.));
#6765=DIRECTION('center_axis',(1.,1.61486985400023E-16,0.));
#6766=DIRECTION('ref_axis',(0.,0.,1.));
#6767=DIRECTION('center_axis',(-1.,-5.6177713393983E-17,0.));
#6768=DIRECTION('ref_axis',(0.,0.,1.));
#6769=DIRECTION('center_axis',(-1.,-5.38289951333409E-17,0.));
#6770=DIRECTION('ref_axis',(0.,0.,1.));
#6771=DIRECTION('',(-1.,-5.6177713393983E-17,0.));
#6772=DIRECTION('center_axis',(1.,2.79301389842807E-16,0.));
#6773=DIRECTION('ref_axis',(0.,0.,1.));
#6774=DIRECTION('center_axis',(-1.,-5.2666606306859E-17,0.));
#6775=DIRECTION('ref_axis',(0.,0.,1.));
#6776=DIRECTION('center_axis',(-1.,-5.58602779685613E-17,0.));
#6777=DIRECTION('ref_axis',(0.,0.,1.));
#6778=DIRECTION('',(-1.,-5.2666606306859E-17,0.));
#6779=DIRECTION('center_axis',(1.,1.61486985400023E-16,0.));
#6780=DIRECTION('ref_axis',(0.,0.,1.));
#6781=DIRECTION('center_axis',(-1.,-5.2666606306859E-17,0.));
#6782=DIRECTION('ref_axis',(0.,0.,1.));
#6783=DIRECTION('center_axis',(-1.,-5.38289951333409E-17,0.));
#6784=DIRECTION('ref_axis',(0.,0.,1.));
#6785=DIRECTION('',(-1.,-5.2666606306859E-17,0.));
#6786=DIRECTION('center_axis',(1.,2.79301389842807E-16,0.));
#6787=DIRECTION('ref_axis',(0.,0.,1.));
#6788=DIRECTION('center_axis',(-1.,-5.6177713393983E-17,0.));
#6789=DIRECTION('ref_axis',(0.,0.,1.));
#6790=DIRECTION('center_axis',(-1.,-5.58602779685613E-17,0.));
#6791=DIRECTION('ref_axis',(0.,0.,1.));
#6792=DIRECTION('',(-1.,-5.6177713393983E-17,0.));
#6793=DIRECTION('center_axis',(1.,1.61486985400023E-16,0.));
#6794=DIRECTION('ref_axis',(0.,0.,1.));
#6795=DIRECTION('center_axis',(-1.,-5.6177713393983E-17,0.));
#6796=DIRECTION('ref_axis',(0.,0.,1.));
#6797=DIRECTION('center_axis',(-1.,-5.38289951333409E-17,0.));
#6798=DIRECTION('ref_axis',(0.,0.,1.));
#6799=DIRECTION('',(-1.,-5.6177713393983E-17,0.));
#6800=DIRECTION('center_axis',(1.,2.79301389842807E-16,0.));
#6801=DIRECTION('ref_axis',(0.,0.,1.));
#6802=DIRECTION('center_axis',(-1.,-5.6177713393983E-17,0.));
#6803=DIRECTION('ref_axis',(0.,0.,1.));
#6804=DIRECTION('center_axis',(-1.,-5.58602779685613E-17,0.));
#6805=DIRECTION('ref_axis',(0.,0.,1.));
#6806=DIRECTION('',(-1.,-5.6177713393983E-17,0.));
#6807=DIRECTION('center_axis',(1.,1.61486985400023E-16,0.));
#6808=DIRECTION('ref_axis',(0.,0.,1.));
#6809=DIRECTION('center_axis',(-1.,-5.6177713393983E-17,0.));
#6810=DIRECTION('ref_axis',(0.,0.,1.));
#6811=DIRECTION('center_axis',(-1.,-5.38289951333409E-17,0.));
#6812=DIRECTION('ref_axis',(0.,0.,1.));
#6813=DIRECTION('',(-1.,-5.6177713393983E-17,0.));
#6814=DIRECTION('center_axis',(1.,2.79301389842807E-16,0.));
#6815=DIRECTION('ref_axis',(0.,0.,1.));
#6816=DIRECTION('center_axis',(-1.,-5.6177713393983E-17,0.));
#6817=DIRECTION('ref_axis',(0.,0.,1.));
#6818=DIRECTION('center_axis',(-1.,-5.58602779685613E-17,0.));
#6819=DIRECTION('ref_axis',(0.,0.,1.));
#6820=DIRECTION('',(-1.,-5.6177713393983E-17,0.));
#6821=DIRECTION('center_axis',(1.,1.61486985400023E-16,0.));
#6822=DIRECTION('ref_axis',(0.,0.,1.));
#6823=DIRECTION('center_axis',(-1.,-5.6177713393983E-17,0.));
#6824=DIRECTION('ref_axis',(0.,0.,1.));
#6825=DIRECTION('center_axis',(-1.,-5.38289951333409E-17,0.));
#6826=DIRECTION('ref_axis',(0.,0.,1.));
#6827=DIRECTION('',(-1.,-5.6177713393983E-17,0.));
#6828=DIRECTION('center_axis',(1.,2.79301389842807E-16,0.));
#6829=DIRECTION('ref_axis',(0.,0.,1.));
#6830=DIRECTION('center_axis',(-1.,-5.6177713393983E-17,0.));
#6831=DIRECTION('ref_axis',(0.,0.,1.));
#6832=DIRECTION('center_axis',(-1.,-5.58602779685613E-17,0.));
#6833=DIRECTION('ref_axis',(0.,0.,1.));
#6834=DIRECTION('',(-1.,-5.6177713393983E-17,0.));
#6835=DIRECTION('center_axis',(1.,1.61486985400023E-16,0.));
#6836=DIRECTION('ref_axis',(0.,0.,1.));
#6837=DIRECTION('center_axis',(-1.,-5.6177713393983E-17,0.));
#6838=DIRECTION('ref_axis',(0.,0.,1.));
#6839=DIRECTION('center_axis',(-1.,-5.38289951333409E-17,0.));
#6840=DIRECTION('ref_axis',(0.,0.,1.));
#6841=DIRECTION('',(-1.,-5.6177713393983E-17,0.));
#6842=DIRECTION('center_axis',(1.,2.79301389842807E-16,0.));
#6843=DIRECTION('ref_axis',(0.,0.,1.));
#6844=DIRECTION('center_axis',(0.,0.,-1.));
#6845=DIRECTION('ref_axis',(-1.,0.,0.));
#6846=DIRECTION('center_axis',(0.,0.,1.));
#6847=DIRECTION('ref_axis',(-1.,0.,0.));
#6848=DIRECTION('',(0.,0.,1.));
#6849=DIRECTION('center_axis',(0.,0.,-1.));
#6850=DIRECTION('ref_axis',(-1.,0.,0.));
#6851=DIRECTION('center_axis',(0.,0.,-1.));
#6852=DIRECTION('ref_axis',(-1.,0.,0.));
#6853=DIRECTION('center_axis',(0.,0.,1.));
#6854=DIRECTION('ref_axis',(-1.,0.,0.));
#6855=DIRECTION('',(0.,0.,1.));
#6856=DIRECTION('center_axis',(0.,0.,-1.));
#6857=DIRECTION('ref_axis',(-1.,0.,0.));
#6858=DIRECTION('center_axis',(0.,0.,-1.));
#6859=DIRECTION('ref_axis',(-1.,0.,0.));
#6860=DIRECTION('center_axis',(0.,0.,1.));
#6861=DIRECTION('ref_axis',(-1.,0.,0.));
#6862=DIRECTION('',(0.,0.,1.));
#6863=DIRECTION('center_axis',(0.,0.,-1.));
#6864=DIRECTION('ref_axis',(-1.,0.,0.));
#6865=DIRECTION('center_axis',(0.,0.,-1.));
#6866=DIRECTION('ref_axis',(-1.,0.,0.));
#6867=DIRECTION('center_axis',(0.,0.,1.));
#6868=DIRECTION('ref_axis',(-1.,0.,0.));
#6869=DIRECTION('',(0.,0.,1.));
#6870=DIRECTION('center_axis',(0.,0.,-1.));
#6871=DIRECTION('ref_axis',(-1.,0.,0.));
#6872=DIRECTION('center_axis',(1.,0.,0.));
#6873=DIRECTION('ref_axis',(0.,0.707106781186547,-0.707106781186548));
#6874=DIRECTION('',(-1.,0.,0.));
#6875=DIRECTION('center_axis',(0.707106781186548,0.707106781186548,0.));
#6876=DIRECTION('ref_axis',(-0.707106781186547,0.707106781186547,0.));
#6877=DIRECTION('',(1.,0.,0.));
#6878=DIRECTION('center_axis',(-0.707106781186548,0.707106781186548,0.));
#6879=DIRECTION('ref_axis',(-0.707106781186547,-0.707106781186547,0.));
#6880=DIRECTION('center_axis',(-1.61486985400023E-16,1.,0.));
#6881=DIRECTION('ref_axis',(-0.707106781186547,0.,-0.707106781186548));
#6882=DIRECTION('',(-1.61486985400023E-16,1.,0.));
#6883=DIRECTION('',(1.61486985400023E-16,-1.,0.));
#6884=DIRECTION('center_axis',(0.707106781186548,-0.707106781186548,0.));
#6885=DIRECTION('ref_axis',(0.707106781186547,0.707106781186547,0.));
#6886=DIRECTION('',(-1.61486985400023E-16,1.,0.));
#6887=DIRECTION('',(-1.61486985400023E-16,1.,0.));
#6888=DIRECTION('center_axis',(-5.92118946466752E-15,1.,0.));
#6889=DIRECTION('ref_axis',(-0.707106781186547,0.,-0.707106781186548));
#6890=DIRECTION('',(-1.61486985400023E-16,1.,0.));
#6891=DIRECTION('center_axis',(1.77635683940024E-14,-1.,0.));
#6892=DIRECTION('ref_axis',(-0.707106781186547,0.,-0.707106781186548));
#6893=DIRECTION('',(-1.61486985400023E-16,1.,0.));
#6894=DIRECTION('center_axis',(5.38289951333409E-17,-1.,0.));
#6895=DIRECTION('ref_axis',(0.707106781186547,0.,-0.707106781186548));
#6896=DIRECTION('',(5.38289951333409E-17,-1.,0.));
#6897=DIRECTION('center_axis',(0.707106781186548,0.707106781186548,0.));
#6898=DIRECTION('ref_axis',(-0.707106781186547,0.707106781186547,0.));
#6899=DIRECTION('',(-5.38289951333409E-17,1.,0.));
#6900=DIRECTION('',(5.38289951333409E-17,-1.,0.));
#6901=DIRECTION('',(5.38289951333409E-17,-1.,0.));
#6902=DIRECTION('center_axis',(0.,-1.,0.));
#6903=DIRECTION('ref_axis',(0.707106781186547,0.,-0.707106781186548));
#6904=DIRECTION('',(5.38289951333409E-17,-1.,0.));
#6905=DIRECTION('center_axis',(5.92118946466745E-15,1.,0.));
#6906=DIRECTION('ref_axis',(0.707106781186547,0.,-0.707106781186548));
#6907=DIRECTION('',(5.38289951333409E-17,-1.,0.));
#6908=DIRECTION('center_axis',(-1.,0.,0.));
#6909=DIRECTION('ref_axis',(0.,-0.707106781186547,-0.707106781186548));
#6910=DIRECTION('',(1.,0.,0.));
#6911=DIRECTION('',(-1.,0.,0.));
#6912=DIRECTION('center_axis',(5.92118946466752E-15,-1.,0.));
#6913=DIRECTION('ref_axis',(1.,5.92118946466752E-15,0.));
#6914=DIRECTION('',(-1.,-5.92118946466752E-15,0.));
#6915=DIRECTION('center_axis',(5.92118946466752E-15,-1.,0.));
#6916=DIRECTION('ref_axis',(-0.707106781186561,0.,-0.707106781186534));
#6917=DIRECTION('',(0.,0.,1.));
#6918=DIRECTION('',(1.,5.92118946466752E-15,0.));
#6919=DIRECTION('',(0.,0.,1.));
#6920=DIRECTION('center_axis',(-1.,-1.61486985400023E-16,0.));
#6921=DIRECTION('ref_axis',(0.,0.,1.));
#6922=DIRECTION('',(0.,0.,1.));
#6923=DIRECTION('',(1.61486985400023E-16,-1.,0.));
#6924=DIRECTION('',(0.,0.,1.));
#6925=DIRECTION('center_axis',(-1.,-1.61486985400023E-16,0.));
#6926=DIRECTION('ref_axis',(0.,0.,1.));
#6927=DIRECTION('',(0.,0.,1.));
#6928=DIRECTION('',(1.61486985400023E-16,-1.,0.));
#6929=DIRECTION('',(0.,0.,1.));
#6930=DIRECTION('center_axis',(0.,-1.,0.));
#6931=DIRECTION('ref_axis',(0.,0.,-1.));
#6932=DIRECTION('',(0.,0.,1.));
#6933=DIRECTION('center_axis',(0.,1.,0.));
#6934=DIRECTION('ref_axis',(0.707106781186547,3.6799042000401E-17,0.707106781186548));
#6935=DIRECTION('',(1.,0.,0.));
#6936=DIRECTION('center_axis',(0.,1.,0.));
#6937=DIRECTION('ref_axis',(-0.707106781186547,0.,0.707106781186548));
#6938=DIRECTION('center_axis',(1.,-1.68534804497177E-16,0.));
#6939=DIRECTION('ref_axis',(0.,-0.707106781186561,-0.707106781186534));
#6940=DIRECTION('',(1.,-1.68534804497177E-16,0.));
#6941=DIRECTION('',(-1.,1.68534804497177E-16,0.));
#6942=DIRECTION('center_axis',(0.,0.,1.));
#6943=DIRECTION('ref_axis',(1.,0.,0.));
#6944=DIRECTION('',(-1.,5.92118946466745E-15,0.));
#6945=DIRECTION('',(2.79301389842807E-16,-1.,0.));
#6946=DIRECTION('',(1.,0.,0.));
#6947=DIRECTION('',(1.,0.,0.));
#6948=DIRECTION('',(1.,1.77635683940024E-14,0.));
#6949=DIRECTION('',(-5.58602779685613E-17,1.,0.));
#6950=DIRECTION('center_axis',(-5.92118946466745E-15,-1.,0.));
#6951=DIRECTION('ref_axis',(1.,-5.92118946466745E-15,0.));
#6952=DIRECTION('',(0.,0.,1.));
#6953=DIRECTION('',(1.,-5.92118946466745E-15,0.));
#6954=DIRECTION('',(0.,0.,1.));
#6955=DIRECTION('center_axis',(-5.92118946466745E-15,-1.,0.));
#6956=DIRECTION('ref_axis',(0.707106781186561,0.,-0.707106781186534));
#6957=DIRECTION('center_axis',(1.,5.38289951333409E-17,0.));
#6958=DIRECTION('ref_axis',(0.,0.,-1.));
#6959=DIRECTION('',(0.,0.,1.));
#6960=DIRECTION('center_axis',(-1.,-5.38289951333409E-17,0.));
#6961=DIRECTION('ref_axis',(0.,0.707106781186547,0.707106781186548));
#6962=DIRECTION('',(-2.23441111874245E-16,1.,0.));
#6963=DIRECTION('center_axis',(-1.,-5.38289951333409E-17,0.));
#6964=DIRECTION('ref_axis',(-4.71027737605133E-15,-0.707106781186547,0.707106781186548));
#6965=DIRECTION('center_axis',(1.,5.38289951333409E-17,0.));
#6966=DIRECTION('ref_axis',(0.,0.,-1.));
#6967=DIRECTION('',(0.,0.,1.));
#6968=DIRECTION('',(-5.38289951333409E-17,1.,0.));
#6969=DIRECTION('',(0.,0.,1.));
#6970=DIRECTION('center_axis',(1.,5.38289951333409E-17,0.));
#6971=DIRECTION('ref_axis',(0.,0.,-1.));
#6972=DIRECTION('',(0.,0.,1.));
#6973=DIRECTION('',(-5.38289951333409E-17,1.,0.));
#6974=DIRECTION('center_axis',(0.,0.,1.));
#6975=DIRECTION('ref_axis',(1.,0.,0.));
#6976=DIRECTION('center_axis',(-2.79301389842807E-16,1.,0.));
#6977=DIRECTION('ref_axis',(0.707106781186561,0.,-0.707106781186534));
#6978=DIRECTION('',(-2.79301389842807E-16,1.,0.));
#6979=DIRECTION('center_axis',(0.,1.,0.));
#6980=DIRECTION('ref_axis',(0.707106781186561,0.,-0.707106781186534));
#6981=DIRECTION('center_axis',(-1.,-2.79301389842807E-16,0.));
#6982=DIRECTION('ref_axis',(2.79301389842807E-16,-1.,0.));
#6983=DIRECTION('center_axis',(1.,2.79301389842807E-16,0.));
#6984=DIRECTION('ref_axis',(-4.71027737605133E-15,-0.707106781186547,0.707106781186548));
#6985=DIRECTION('',(2.79301389842807E-16,-1.,0.));
#6986=DIRECTION('center_axis',(1.,2.79301389842807E-16,0.));
#6987=DIRECTION('ref_axis',(0.,0.707106781186547,0.707106781186548));
#6988=DIRECTION('',(0.,0.,1.));
#6989=DIRECTION('center_axis',(1.68534804497177E-16,1.,0.));
#6990=DIRECTION('ref_axis',(-1.,1.68534804497177E-16,0.));
#6991=DIRECTION('center_axis',(-1.68534804497177E-16,-1.,0.));
#6992=DIRECTION('ref_axis',(-0.707106781186547,0.,0.707106781186548));
#6993=DIRECTION('',(-1.,1.68534804497177E-16,0.));
#6994=DIRECTION('center_axis',(-1.68534804497177E-16,-1.,0.));
#6995=DIRECTION('ref_axis',(0.707106781186547,3.6799042000401E-17,0.707106781186548));
#6996=DIRECTION('center_axis',(-1.,0.,0.));
#6997=DIRECTION('ref_axis',(0.,0.707106781186561,-0.707106781186534));
#6998=DIRECTION('',(-1.,0.,0.));
#6999=DIRECTION('center_axis',(0.,-1.,0.));
#7000=DIRECTION('ref_axis',(1.,0.,0.));
#7001=DIRECTION('center_axis',(0.,1.,0.));
#7002=DIRECTION('ref_axis',(0.707106781186547,0.,0.707106781186548));
#7003=DIRECTION('',(1.,0.,0.));
#7004=DIRECTION('center_axis',(0.,1.,0.));
#7005=DIRECTION('ref_axis',(-0.707106781186548,-1.2266347333467E-16,0.707106781186547));
#7006=DIRECTION('center_axis',(5.58602779685613E-17,-1.,0.));
#7007=DIRECTION('ref_axis',(-0.707106781186561,0.,-0.707106781186534));
#7008=DIRECTION('center_axis',(-1.77635683940024E-14,1.,0.));
#7009=DIRECTION('ref_axis',(-0.707106781186561,0.,-0.707106781186534));
#7010=DIRECTION('',(5.58602779685613E-17,-1.,0.));
#7011=DIRECTION('center_axis',(1.,5.58602779685613E-17,0.));
#7012=DIRECTION('ref_axis',(-5.58602779685613E-17,1.,0.));
#7013=DIRECTION('',(0.,0.,1.));
#7014=DIRECTION('center_axis',(-1.,-5.58602779685613E-17,0.));
#7015=DIRECTION('ref_axis',(-1.25607396694702E-14,0.707106781186547,0.707106781186548));
#7016=DIRECTION('',(-5.58602779685613E-17,1.,0.));
#7017=DIRECTION('center_axis',(-1.,-5.58602779685613E-17,0.));
#7018=DIRECTION('ref_axis',(3.14018491736755E-15,-0.707106781186548,0.707106781186547));
#7019=DIRECTION('center_axis',(1.,5.92118946466752E-15,0.));
#7020=DIRECTION('ref_axis',(3.14018491736755E-15,-0.707106781186548,0.707106781186547));
#7021=DIRECTION('',(-1.,-5.92118946466752E-15,0.));
#7022=DIRECTION('center_axis',(1.,1.61486985400023E-16,0.));
#7023=DIRECTION('ref_axis',(3.14018491736755E-15,-0.707106781186548,0.707106781186547));
#7024=DIRECTION('center_axis',(0.,0.,1.));
#7025=DIRECTION('ref_axis',(1.,0.,0.));
#7026=DIRECTION('',(1.,1.77635683940024E-14,0.));
#7027=DIRECTION('',(1.67580833905684E-16,-1.,0.));
#7028=DIRECTION('center_axis',(-1.,-1.77635683940024E-14,0.));
#7029=DIRECTION('ref_axis',(-1.25607396694702E-14,0.707106781186547,0.707106781186548));
#7030=DIRECTION('center_axis',(1.,1.61486985400023E-16,0.));
#7031=DIRECTION('ref_axis',(-1.25607396694702E-14,0.707106781186547,0.707106781186548));
#7032=DIRECTION('',(-1.,-1.77635683940024E-14,0.));
#7033=DIRECTION('center_axis',(-1.,-1.61486985400023E-16,0.));
#7034=DIRECTION('ref_axis',(0.,0.,1.));
#7035=DIRECTION('',(0.,0.,1.));
#7036=DIRECTION('center_axis',(-1.77635683940024E-14,1.,0.));
#7037=DIRECTION('ref_axis',(-1.,-1.77635683940024E-14,0.));
#7038=DIRECTION('center_axis',(1.61486985400023E-16,-1.,0.));
#7039=DIRECTION('ref_axis',(-0.707106781186548,-1.2266347333467E-16,0.707106781186547));
#7040=DIRECTION('center_axis',(0.,-1.,0.));
#7041=DIRECTION('ref_axis',(-0.707106781186548,-1.2266347333467E-16,0.707106781186547));
#7042=DIRECTION('',(-1.61486985400023E-16,1.,0.));
#7043=DIRECTION('center_axis',(0.,0.,1.));
#7044=DIRECTION('ref_axis',(1.,0.,0.));
#7045=DIRECTION('',(5.38289951333409E-17,-1.,0.));
#7046=DIRECTION('',(-1.,0.,0.));
#7047=DIRECTION('center_axis',(-5.38289951333409E-17,1.,0.));
#7048=DIRECTION('ref_axis',(0.707106781186547,0.,0.707106781186548));
#7049=DIRECTION('center_axis',(0.,-1.,0.));
#7050=DIRECTION('ref_axis',(0.707106781186547,0.,0.707106781186548));
#7051=DIRECTION('center_axis',(0.,1.,0.));
#7052=DIRECTION('ref_axis',(0.,0.,1.));
#7053=DIRECTION('center_axis',(-1.,0.,0.));
#7054=DIRECTION('ref_axis',(0.,0.707106781186547,0.707106781186548));
#7055=DIRECTION('',(1.,0.,0.));
#7056=DIRECTION('',(-1.,0.,0.));
#7057=DIRECTION('center_axis',(0.,0.,1.));
#7058=DIRECTION('ref_axis',(1.,0.,0.));
#7059=DIRECTION('',(-1.,5.92118946466745E-15,0.));
#7060=DIRECTION('center_axis',(1.61486985400023E-16,-1.,0.));
#7061=DIRECTION('ref_axis',(-0.707106781186547,0.,0.707106781186548));
#7062=DIRECTION('',(-1.61486985400023E-16,1.,0.));
#7063=DIRECTION('center_axis',(0.,0.,1.));
#7064=DIRECTION('ref_axis',(1.,0.,0.));
#7065=DIRECTION('',(5.38289951333409E-17,-1.,0.));
#7066=DIRECTION('center_axis',(1.,-5.92118946466745E-15,0.));
#7067=DIRECTION('ref_axis',(-4.71027737605133E-15,-0.707106781186547,0.707106781186548));
#7068=DIRECTION('center_axis',(-5.38289951333409E-17,1.,0.));
#7069=DIRECTION('ref_axis',(0.707106781186547,3.6799042000401E-17,0.707106781186548));
#7070=DIRECTION('center_axis',(0.,1.,0.));
#7071=DIRECTION('ref_axis',(-1.,0.,0.));
#7072=DIRECTION('axis',(0.,0.,1.));
#7073=DIRECTION('refdir',(1.,0.,0.));
#7074=DIRECTION('center_axis',(0.,0.,-1.));
#7075=DIRECTION('ref_axis',(-1.,0.,0.));
#7076=DIRECTION('center_axis',(0.,0.,-1.));
#7077=DIRECTION('ref_axis',(-1.,0.,0.));
#7078=DIRECTION('',(0.,0.,-1.));
#7079=DIRECTION('center_axis',(0.,0.,1.));
#7080=DIRECTION('ref_axis',(-1.,0.,0.));
#7081=DIRECTION('center_axis',(0.,0.,1.));
#7082=DIRECTION('ref_axis',(-1.,0.,0.));
#7083=DIRECTION('center_axis',(0.,0.,1.));
#7084=DIRECTION('ref_axis',(-1.,0.,0.));
#7085=DIRECTION('',(0.,0.,-1.));
#7086=DIRECTION('center_axis',(0.,0.,-1.));
#7087=DIRECTION('ref_axis',(-1.,0.,0.));
#7088=DIRECTION('center_axis',(0.,0.,1.));
#7089=DIRECTION('ref_axis',(1.,0.,0.));
#7090=DIRECTION('center_axis',(0.,0.,1.));
#7091=DIRECTION('ref_axis',(1.,0.,0.));
#7092=DIRECTION('axis',(0.,0.,1.));
#7093=DIRECTION('refdir',(1.,0.,0.));
#7094=DIRECTION('center_axis',(0.,0.,-1.));
#7095=DIRECTION('ref_axis',(-1.,0.,0.));
#7096=DIRECTION('center_axis',(0.,0.,-1.));
#7097=DIRECTION('ref_axis',(-1.,0.,0.));
#7098=DIRECTION('',(0.,0.,-1.));
#7099=DIRECTION('center_axis',(0.,0.,1.));
#7100=DIRECTION('ref_axis',(-1.,0.,0.));
#7101=DIRECTION('center_axis',(0.,0.,1.));
#7102=DIRECTION('ref_axis',(-1.,0.,0.));
#7103=DIRECTION('center_axis',(0.,0.,1.));
#7104=DIRECTION('ref_axis',(-1.,0.,0.));
#7105=DIRECTION('',(0.,0.,-1.));
#7106=DIRECTION('center_axis',(0.,0.,-1.));
#7107=DIRECTION('ref_axis',(-1.,0.,0.));
#7108=DIRECTION('center_axis',(0.,0.,1.));
#7109=DIRECTION('ref_axis',(1.,0.,0.));
#7110=DIRECTION('center_axis',(0.,0.,1.));
#7111=DIRECTION('ref_axis',(1.,0.,0.));
#7112=DIRECTION('axis',(0.,0.,1.));
#7113=DIRECTION('refdir',(1.,0.,0.));
#7114=DIRECTION('center_axis',(0.,0.,1.));
#7115=DIRECTION('ref_axis',(1.,0.,0.));
#7116=DIRECTION('center_axis',(0.,0.,1.));
#7117=DIRECTION('ref_axis',(1.,0.,0.));
#7118=DIRECTION('',(0.,0.,1.));
#7119=DIRECTION('center_axis',(0.,0.,1.));
#7120=DIRECTION('ref_axis',(1.,0.,0.));
#7121=DIRECTION('center_axis',(0.,0.,1.));
#7122=DIRECTION('ref_axis',(1.,0.,0.));
#7123=DIRECTION('center_axis',(0.,0.,-1.));
#7124=DIRECTION('ref_axis',(-1.,0.,0.));
#7125=DIRECTION('center_axis',(0.,0.,-1.));
#7126=DIRECTION('ref_axis',(-1.,0.,0.));
#7127=DIRECTION('center_axis',(0.,0.,-1.));
#7128=DIRECTION('ref_axis',(-1.,0.,0.));
#7129=DIRECTION('',(0.,0.,-1.));
#7130=DIRECTION('center_axis',(0.,0.,1.));
#7131=DIRECTION('ref_axis',(-1.,0.,0.));
#7132=DIRECTION('center_axis',(0.,0.,1.));
#7133=DIRECTION('ref_axis',(-1.,0.,0.));
#7134=DIRECTION('',(0.,0.,-1.));
#7135=DIRECTION('center_axis',(0.,0.,-1.));
#7136=DIRECTION('ref_axis',(-1.,0.,0.));
#7137=DIRECTION('center_axis',(0.,0.,1.));
#7138=DIRECTION('ref_axis',(1.,0.,0.));
#7139=DIRECTION('center_axis',(0.,0.,1.));
#7140=DIRECTION('ref_axis',(1.,0.,0.));
#7141=DIRECTION('axis',(0.,0.,1.));
#7142=DIRECTION('refdir',(1.,0.,0.));
#7143=DIRECTION('center_axis',(0.,0.,1.));
#7144=DIRECTION('ref_axis',(1.,0.,0.));
#7145=DIRECTION('center_axis',(0.,0.,1.));
#7146=DIRECTION('ref_axis',(1.,0.,0.));
#7147=DIRECTION('',(0.707106781186548,8.65956056235494E-17,-0.707106781186547));
#7148=DIRECTION('center_axis',(0.,0.,-1.));
#7149=DIRECTION('ref_axis',(1.,0.,0.));
#7150=DIRECTION('center_axis',(0.,0.,-1.));
#7151=DIRECTION('ref_axis',(-1.,0.,0.));
#7152=DIRECTION('center_axis',(0.,0.,-1.));
#7153=DIRECTION('ref_axis',(-1.,0.,0.));
#7154=DIRECTION('center_axis',(0.,0.,-1.));
#7155=DIRECTION('ref_axis',(-1.,0.,0.));
#7156=DIRECTION('',(-0.866025403784438,1.06057523872491E-16,0.500000000000002));
#7157=DIRECTION('center_axis',(0.,0.,1.));
#7158=DIRECTION('ref_axis',(-1.,0.,0.));
#7159=DIRECTION('center_axis',(0.,0.,1.));
#7160=DIRECTION('ref_axis',(1.,0.,0.));
#7161=DIRECTION('',(0.,0.,-1.));
#7162=DIRECTION('center_axis',(0.,0.,1.));
#7163=DIRECTION('ref_axis',(1.,0.,0.));
#7164=DIRECTION('center_axis',(0.,0.,1.));
#7165=DIRECTION('ref_axis',(1.,0.,0.));
#7166=DIRECTION('center_axis',(0.,0.,1.));
#7167=DIRECTION('ref_axis',(1.,0.,0.));
#7168=DIRECTION('',(0.,0.,-1.));
#7169=DIRECTION('center_axis',(0.,0.,1.));
#7170=DIRECTION('ref_axis',(1.,0.,0.));
#7171=DIRECTION('center_axis',(0.,0.,1.));
#7172=DIRECTION('ref_axis',(1.,0.,0.));
#7173=DIRECTION('center_axis',(0.,0.,-1.));
#7174=DIRECTION('ref_axis',(-1.,0.,0.));
#7175=DIRECTION('',(0.,-1.,0.));
#7176=DIRECTION('',(-1.,0.,0.));
#7177=DIRECTION('',(0.,-1.,0.));
#7178=DIRECTION('',(-1.,0.,0.));
#7179=DIRECTION('',(0.,1.,0.));
#7180=DIRECTION('',(-1.,0.,0.));
#7181=DIRECTION('',(0.,1.,0.));
#7182=DIRECTION('',(1.,0.,0.));
#7183=DIRECTION('',(0.,1.,0.));
#7184=DIRECTION('',(1.,0.,0.));
#7185=DIRECTION('',(0.,-1.,0.));
#7186=DIRECTION('',(1.,0.,0.));
#7187=DIRECTION('center_axis',(0.,1.,0.));
#7188=DIRECTION('ref_axis',(0.,0.,1.));
#7189=DIRECTION('',(0.,0.,1.));
#7190=DIRECTION('',(-1.,0.,0.));
#7191=DIRECTION('',(0.,0.,1.));
#7192=DIRECTION('center_axis',(-1.,0.,0.));
#7193=DIRECTION('ref_axis',(0.,0.,1.));
#7194=DIRECTION('',(0.,-1.,0.));
#7195=DIRECTION('',(0.,0.,1.));
#7196=DIRECTION('center_axis',(0.,1.,0.));
#7197=DIRECTION('ref_axis',(0.,0.,1.));
#7198=DIRECTION('',(-1.,0.,0.));
#7199=DIRECTION('',(0.,0.,1.));
#7200=DIRECTION('center_axis',(1.,0.,0.));
#7201=DIRECTION('ref_axis',(0.,0.,-1.));
#7202=DIRECTION('',(0.,1.,0.));
#7203=DIRECTION('',(0.,0.,1.));
#7204=DIRECTION('center_axis',(0.,1.,0.));
#7205=DIRECTION('ref_axis',(0.,0.,1.));
#7206=DIRECTION('',(-1.,0.,0.));
#7207=DIRECTION('',(0.,0.,1.));
#7208=DIRECTION('center_axis',(1.,0.,0.));
#7209=DIRECTION('ref_axis',(0.,0.,-1.));
#7210=DIRECTION('',(0.,1.,0.));
#7211=DIRECTION('',(0.,0.,1.));
#7212=DIRECTION('center_axis',(0.,-1.,0.));
#7213=DIRECTION('ref_axis',(0.,0.,-1.));
#7214=DIRECTION('',(1.,0.,0.));
#7215=DIRECTION('',(0.,0.,1.));
#7216=DIRECTION('center_axis',(1.,0.,0.));
#7217=DIRECTION('ref_axis',(0.,0.,-1.));
#7218=DIRECTION('',(0.,1.,0.));
#7219=DIRECTION('',(0.,0.,1.));
#7220=DIRECTION('center_axis',(0.,-1.,0.));
#7221=DIRECTION('ref_axis',(0.,0.,-1.));
#7222=DIRECTION('',(1.,0.,0.));
#7223=DIRECTION('',(0.,0.,1.));
#7224=DIRECTION('center_axis',(-1.,0.,0.));
#7225=DIRECTION('ref_axis',(0.,0.,1.));
#7226=DIRECTION('',(0.,-1.,0.));
#7227=DIRECTION('',(0.,0.,1.));
#7228=DIRECTION('center_axis',(0.,-1.,0.));
#7229=DIRECTION('ref_axis',(0.,0.,-1.));
#7230=DIRECTION('',(1.,0.,0.));
#7231=DIRECTION('',(0.,0.,1.));
#7232=DIRECTION('center_axis',(-1.,0.,0.));
#7233=DIRECTION('ref_axis',(0.,0.,1.));
#7234=DIRECTION('',(0.,-1.,0.));
#7235=DIRECTION('center_axis',(0.,0.,1.));
#7236=DIRECTION('ref_axis',(1.,0.,0.));
#7237=DIRECTION('',(0.,-1.,0.));
#7238=DIRECTION('',(1.,0.,0.));
#7239=DIRECTION('',(2.00242973152192E-32,1.,7.16880524548658E-16));
#7240=DIRECTION('',(1.,-1.84889274661175E-32,-2.141737425589E-18));
#7241=DIRECTION('',(0.,-1.,-7.16880524548658E-16));
#7242=DIRECTION('',(1.,0.,0.));
#7243=DIRECTION('',(0.,-1.,-7.16880524548658E-16));
#7244=DIRECTION('',(1.,0.,0.));
#7245=DIRECTION('',(0.,-1.,-7.16880524548658E-16));
#7246=DIRECTION('',(1.,0.,0.));
#7247=DIRECTION('',(0.,-1.,-7.16880524548658E-16));
#7248=DIRECTION('',(1.,0.,0.));
#7249=DIRECTION('',(0.,-1.,-7.16880524548658E-16));
#7250=DIRECTION('',(1.,0.,0.));
#7251=DIRECTION('',(0.,-1.,-7.16880524548658E-16));
#7252=DIRECTION('',(1.,0.,0.));
#7253=DIRECTION('',(0.,-1.,-7.16880524548658E-16));
#7254=DIRECTION('',(1.,0.,0.));
#7255=DIRECTION('',(0.,-1.,-7.16880524548658E-16));
#7256=DIRECTION('',(1.,0.,0.));
#7257=DIRECTION('',(-8.88178419700125E-16,1.,2.0542514914737E-16));
#7258=DIRECTION('',(1.,8.88178419700126E-16,-2.66453525910038E-15));
#7259=DIRECTION('',(8.88178419700126E-16,1.,-2.93646534303176E-16));
#7260=DIRECTION('',(1.,-8.88178419700125E-16,2.66453525910038E-15));
#7261=DIRECTION('',(8.88178419700126E-16,1.,-2.93646534303176E-16));
#7262=DIRECTION('',(1.,-8.88178419700125E-16,2.66453525910038E-15));
#7263=DIRECTION('',(-8.88178419700125E-16,1.,2.0542514914737E-16));
#7264=DIRECTION('',(1.,8.88178419700126E-16,-2.66453525910038E-15));
#7265=DIRECTION('',(8.88178419700125E-16,-1.,-2.0542514914737E-16));
#7266=DIRECTION('',(1.,8.88178419700125E-16,-8.88178419700125E-16));
#7267=DIRECTION('',(8.88178419700125E-16,-1.,-2.0542514914737E-16));
#7268=DIRECTION('',(1.,8.88178419700125E-16,-8.88178419700125E-16));
#7269=DIRECTION('',(-8.88178419700126E-16,-1.,2.93646534303176E-16));
#7270=DIRECTION('',(1.,-8.88178419700125E-16,8.88178419700125E-16));
#7271=DIRECTION('',(-8.88178419700126E-16,-1.,2.93646534303176E-16));
#7272=DIRECTION('',(1.,-8.88178419700125E-16,8.88178419700125E-16));
#7273=CARTESIAN_POINT('',(0.,0.,0.));
#7274=CARTESIAN_POINT('',(0.,0.,0.));
#7275=CARTESIAN_POINT('Origin',(-35.5,72.5,50.));
#7276=CARTESIAN_POINT('',(-37.6,72.5,50.));
#7277=CARTESIAN_POINT('Origin',(-35.5,72.5,50.));
#7278=CARTESIAN_POINT('',(-37.6,72.5,47.5));
#7279=CARTESIAN_POINT('',(-37.6,72.5,50.));
#7280=CARTESIAN_POINT('Origin',(-35.5,72.5,47.5));
#7281=CARTESIAN_POINT('Origin',(-35.5000000000001,-72.5,50.0000000000001));
#7282=CARTESIAN_POINT('',(-37.6000000000001,-72.5,50.0000000000001));
#7283=CARTESIAN_POINT('Origin',(-35.5000000000001,-72.5,50.));
#7284=CARTESIAN_POINT('',(-37.6000000000001,-72.5,47.5));
#7285=CARTESIAN_POINT('',(-37.6000000000001,-72.5,50.0000000000001));
#7286=CARTESIAN_POINT('Origin',(-35.5000000000001,-72.5,47.5));
#7287=CARTESIAN_POINT('Origin',(-29.5,82.5,47.5000000000001));
#7288=CARTESIAN_POINT('',(-29.5,87.5,50.));
#7289=CARTESIAN_POINT('',(-24.5,82.5,50.));
#7290=CARTESIAN_POINT('Origin',(-29.5,82.5,50.));
#7291=CARTESIAN_POINT('',(-24.5,82.5,47.5));
#7292=CARTESIAN_POINT('',(-24.5,82.5,47.5000000000001));
#7293=CARTESIAN_POINT('',(-29.5,87.5,47.5000000000001));
#7294=CARTESIAN_POINT('Origin',(-29.5,82.5,47.5));
#7295=CARTESIAN_POINT('',(-29.5,87.5,47.5000000000001));
#7296=CARTESIAN_POINT('Origin',(-41.8971232869167,-4.17244781441031E-15,
47.5));
#7297=CARTESIAN_POINT('',(-24.4999999999999,-82.5,47.5));
#7298=CARTESIAN_POINT('',(-24.5,87.5,47.5));
#7299=CARTESIAN_POINT('',(-29.4999999999999,-87.5,47.5));
#7300=CARTESIAN_POINT('Origin',(-29.4999999999999,-82.5,47.5));
#7301=CARTESIAN_POINT('',(-44.9999999999999,-87.5,47.5));
#7302=CARTESIAN_POINT('',(-73.588493147667,-87.5,47.5));
#7303=CARTESIAN_POINT('',(-44.9999999999999,-60.851646544245,47.5));
#7304=CARTESIAN_POINT('',(-44.9999999999999,2.17145525546527E-16,47.5));
#7305=CARTESIAN_POINT('',(-40.5,-52.5,47.5));
#7306=CARTESIAN_POINT('Origin',(-50.5,-52.5,47.5));
#7307=CARTESIAN_POINT('',(-40.4999999999999,52.5,47.5));
#7308=CARTESIAN_POINT('',(-40.4999999999999,1.96690370303809E-15,47.5));
#7309=CARTESIAN_POINT('',(-44.9999999999999,60.851646544245,47.5));
#7310=CARTESIAN_POINT('Origin',(-50.5,52.5,47.5));
#7311=CARTESIAN_POINT('',(-44.9999999999999,87.5,47.5000000000001));
#7312=CARTESIAN_POINT('',(-44.9999999999999,-2.29023340554797E-15,47.5));
#7313=CARTESIAN_POINT('',(-73.5884931476671,87.5,47.5000000000001));
#7314=CARTESIAN_POINT('Origin',(-24.5,87.5,47.5));
#7315=CARTESIAN_POINT('',(-24.4999999999999,-82.5,50.));
#7316=CARTESIAN_POINT('',(-24.5,87.5,50.));
#7317=CARTESIAN_POINT('',(-24.4999999999999,-82.5,47.5));
#7318=CARTESIAN_POINT('Origin',(-29.4999999999999,-82.5,47.5));
#7319=CARTESIAN_POINT('',(-29.4999999999999,-87.5,50.));
#7320=CARTESIAN_POINT('Origin',(-29.4999999999999,-82.5,50.));
#7321=CARTESIAN_POINT('',(-29.4999999999999,-87.5,47.5));
#7322=CARTESIAN_POINT('Origin',(-55.5,-52.5,30.));
#7323=CARTESIAN_POINT('',(-55.5,-52.5,20.));
#7324=CARTESIAN_POINT('',(-55.5,-62.5,30.));
#7325=CARTESIAN_POINT('Origin',(-55.5,-52.5,30.));
#7326=CARTESIAN_POINT('',(-53.,-62.5,30.));
#7327=CARTESIAN_POINT('',(-55.5,-62.5,30.));
#7328=CARTESIAN_POINT('',(-53.,-52.5,20.));
#7329=CARTESIAN_POINT('Origin',(-53.,-52.5,30.));
#7330=CARTESIAN_POINT('',(-55.5,-52.5,20.));
#7331=CARTESIAN_POINT('Origin',(-55.5,-62.5,20.));
#7332=CARTESIAN_POINT('',(-55.5,-62.5,39.5));
#7333=CARTESIAN_POINT('',(-55.5,-62.5,21.5514383565416));
#7334=CARTESIAN_POINT('',(-50.5,-62.5,48.4442719099992));
#7335=CARTESIAN_POINT('Origin',(-44.9999999999999,-62.5,39.5));
#7336=CARTESIAN_POINT('',(-50.5,-62.5,45.3094750193112));
#7337=CARTESIAN_POINT('',(-50.5,-62.5,27.5));
#7338=CARTESIAN_POINT('',(-53.,-62.5,39.5));
#7339=CARTESIAN_POINT('Origin',(-44.9999999999999,-62.5,39.5));
#7340=CARTESIAN_POINT('',(-53.,-62.5,21.5514383565416));
#7341=CARTESIAN_POINT('Origin',(-55.5,52.5,30.0000000000001));
#7342=CARTESIAN_POINT('',(-55.5,62.5,30.0000000000001));
#7343=CARTESIAN_POINT('',(-55.5,52.5,20.0000000000001));
#7344=CARTESIAN_POINT('Origin',(-55.4999999999999,52.5,30.0000000000001));
#7345=CARTESIAN_POINT('',(-53.,52.5,20.));
#7346=CARTESIAN_POINT('',(-55.5,52.5,20.0000000000001));
#7347=CARTESIAN_POINT('',(-53.,62.5,30.0000000000001));
#7348=CARTESIAN_POINT('Origin',(-52.9999999999999,52.5,30.0000000000001));
#7349=CARTESIAN_POINT('',(-55.5,62.5,30.0000000000001));
#7350=CARTESIAN_POINT('Origin',(-55.5,62.5,20.0000000000001));
#7351=CARTESIAN_POINT('',(-53.,31.25,20.));
#7352=CARTESIAN_POINT('',(-55.5,31.25,20.0000000000001));
#7353=CARTESIAN_POINT('Origin',(-50.5,52.5,42.5000000000001));
#7354=CARTESIAN_POINT('',(-40.4999999999999,52.5,50.));
#7355=CARTESIAN_POINT('',(-40.5,52.5,42.5));
#7356=CARTESIAN_POINT('',(-45.0000000000377,60.8516465442699,50.0000000000001));
#7357=CARTESIAN_POINT('Origin',(-50.4999999999999,52.5,50.));
#7358=CARTESIAN_POINT('',(-50.4999999999999,62.5,48.4442719099992));
#7359=CARTESIAN_POINT('Ctrl Pts',(-45.0000000000377,60.8516465442699,50.0000000000001));
#7360=CARTESIAN_POINT('Ctrl Pts',(-45.1661048816646,60.9610353748555,49.9999999999995));
#7361=CARTESIAN_POINT('Ctrl Pts',(-45.3332373343164,61.0639735679212,49.9960385798522));
#7362=CARTESIAN_POINT('Ctrl Pts',(-46.2287563684904,61.581001723366,49.9533463850001));
#7363=CARTESIAN_POINT('Ctrl Pts',(-47.0679521033266,61.9326896964503,49.8313041248474));
#7364=CARTESIAN_POINT('Ctrl Pts',(-48.7458644317919,62.3831975746173,49.3478816192798));
#7365=CARTESIAN_POINT('Ctrl Pts',(-49.5833186857322,62.4843713899714,48.9843197073582));
#7366=CARTESIAN_POINT('Ctrl Pts',(-50.373598280801,62.4994046506714,48.521081365126));
#7367=CARTESIAN_POINT('Ctrl Pts',(-50.4370008099619,62.5,48.4830112896487));
#7368=CARTESIAN_POINT('Ctrl Pts',(-50.4999999999999,62.5,48.4442719099992));
#7369=CARTESIAN_POINT('',(-50.4999999999999,62.5,45.3094750193112));
#7370=CARTESIAN_POINT('',(-50.4999999999999,62.5,42.5000000000001));
#7371=CARTESIAN_POINT('Ctrl Pts',(-50.4999999999999,62.5,45.3094750193112));
#7372=CARTESIAN_POINT('Ctrl Pts',(-50.2319941516541,62.5,45.5632039984362));
#7373=CARTESIAN_POINT('Ctrl Pts',(-49.9300479060769,62.4888376776576,45.812352993061));
#7374=CARTESIAN_POINT('Ctrl Pts',(-49.22038526578,62.4255959466154,46.3131123888723));
#7375=CARTESIAN_POINT('Ctrl Pts',(-48.8039645364983,62.3632714006667,46.5510759832497));
#7376=CARTESIAN_POINT('Ctrl Pts',(-47.7639407287386,62.1412174531555,47.0414823249681));
#7377=CARTESIAN_POINT('Ctrl Pts',(-47.0381548855124,61.9134963091591,47.2688213913243));
#7378=CARTESIAN_POINT('Ctrl Pts',(-45.8723462028002,61.3793997319111,47.4661247665568));
#7379=CARTESIAN_POINT('Ctrl Pts',(-45.4190165723299,61.127591070346,47.5000000000001));
#7380=CARTESIAN_POINT('Ctrl Pts',(-44.9999999999999,60.851646544245,47.5000000000001));
#7381=CARTESIAN_POINT('Origin',(-55.4999999999999,62.5,50.0000000000001));
#7382=CARTESIAN_POINT('',(-53.,62.5,39.5));
#7383=CARTESIAN_POINT('',(-53.,62.5,36.5514383565416));
#7384=CARTESIAN_POINT('Origin',(-45.,62.5,39.5));
#7385=CARTESIAN_POINT('',(-55.4999999999999,62.5,39.5));
#7386=CARTESIAN_POINT('Origin',(-45.,62.5,39.5));
#7387=CARTESIAN_POINT('',(-55.5,62.5,36.5514383565416));
#7388=CARTESIAN_POINT('Origin',(-50.5,-52.5,27.5));
#7389=CARTESIAN_POINT('',(-40.5,-52.5,50.));
#7390=CARTESIAN_POINT('',(-45.0000000000377,-60.8516465442698,50.));
#7391=CARTESIAN_POINT('Origin',(-50.5,-52.5,50.));
#7392=CARTESIAN_POINT('',(-40.5,-52.5,27.5));
#7393=CARTESIAN_POINT('Ctrl Pts',(-44.9999999999999,-60.851646544245,47.5));
#7394=CARTESIAN_POINT('Ctrl Pts',(-45.4190165723299,-61.127591070346,47.5));
#7395=CARTESIAN_POINT('Ctrl Pts',(-45.8723462028001,-61.3793997319111,47.4661247665568));
#7396=CARTESIAN_POINT('Ctrl Pts',(-47.0381548855123,-61.913496309159,47.2688213913242));
#7397=CARTESIAN_POINT('Ctrl Pts',(-47.7639407287386,-62.1412174531555,47.041482324968));
#7398=CARTESIAN_POINT('Ctrl Pts',(-48.8039645364983,-62.3632714006667,46.5510759832497));
#7399=CARTESIAN_POINT('Ctrl Pts',(-49.22038526578,-62.4255959466154,46.3131123888722));
#7400=CARTESIAN_POINT('Ctrl Pts',(-49.9300479060769,-62.4888376776576,45.8123529930609));
#7401=CARTESIAN_POINT('Ctrl Pts',(-50.2319941516541,-62.5,45.5632039984362));
#7402=CARTESIAN_POINT('Ctrl Pts',(-50.5,-62.5,45.3094750193112));
#7403=CARTESIAN_POINT('Ctrl Pts',(-50.5,-62.5,48.4442719099992));
#7404=CARTESIAN_POINT('Ctrl Pts',(-50.4370008099619,-62.5,48.4830112896486));
#7405=CARTESIAN_POINT('Ctrl Pts',(-50.373598280801,-62.4994046506713,48.521081365126));
#7406=CARTESIAN_POINT('Ctrl Pts',(-49.5833186857321,-62.4843713899714,48.9843197073581));
#7407=CARTESIAN_POINT('Ctrl Pts',(-48.7458644317919,-62.3831975746173,49.3478816192798));
#7408=CARTESIAN_POINT('Ctrl Pts',(-47.0679521033266,-61.9326896964503,49.8313041248474));
#7409=CARTESIAN_POINT('Ctrl Pts',(-46.2287563684904,-61.581001723366,49.953346385));
#7410=CARTESIAN_POINT('Ctrl Pts',(-45.3332373343164,-61.0639735679212,49.9960385798522));
#7411=CARTESIAN_POINT('Ctrl Pts',(-45.1661048816646,-60.9610353748554,49.9999999999994));
#7412=CARTESIAN_POINT('Ctrl Pts',(-45.0000000000377,-60.8516465442698,50.));
#7413=CARTESIAN_POINT('Origin',(-40.5,1.08873483705177E-14,35.));
#7414=CARTESIAN_POINT('',(-40.4999999999999,1.43171927065468E-15,50.));
#7415=CARTESIAN_POINT('Origin',(-55.5,1.10837019043012E-15,23.1028767130832));
#7416=CARTESIAN_POINT('',(-55.5,87.5,39.5));
#7417=CARTESIAN_POINT('',(-55.5,-43.75,39.5));
#7418=CARTESIAN_POINT('',(-55.5,87.5,10.5));
#7419=CARTESIAN_POINT('',(-55.5,87.5,10.5));
#7420=CARTESIAN_POINT('',(-55.5,-87.5,10.5));
#7421=CARTESIAN_POINT('',(-55.5,-9.39388765971037E-15,10.5));
#7422=CARTESIAN_POINT('',(-55.5,-87.5,39.5));
#7423=CARTESIAN_POINT('',(-55.5,-87.5,-18.0884931476671));
#7424=CARTESIAN_POINT('',(-55.5,-43.75,39.5));
#7425=CARTESIAN_POINT('Origin',(-44.9999999999999,1.8412432072839E-15,39.5));
#7426=CARTESIAN_POINT('',(-44.9999999999999,87.5,50.0000000000001));
#7427=CARTESIAN_POINT('',(-44.9999999999999,-2.82541783793137E-15,50.));
#7428=CARTESIAN_POINT('Origin',(-45.,87.5,39.5));
#7429=CARTESIAN_POINT('Origin',(-44.9999999999999,1.8412432072839E-15,39.5));
#7430=CARTESIAN_POINT('',(-53.,87.5,39.5));
#7431=CARTESIAN_POINT('',(-53.,-43.75,39.5));
#7432=CARTESIAN_POINT('Origin',(-45.,87.5,39.5));
#7433=CARTESIAN_POINT('Origin',(-44.9999999999999,1.8412432072839E-15,39.5));
#7434=CARTESIAN_POINT('',(-53.,-87.5,39.5));
#7435=CARTESIAN_POINT('Origin',(-44.9999999999999,-87.5,39.5));
#7436=CARTESIAN_POINT('',(-53.,-43.75,39.5));
#7437=CARTESIAN_POINT('Origin',(35.5,72.5,50.));
#7438=CARTESIAN_POINT('',(37.6,72.5,50.));
#7439=CARTESIAN_POINT('Origin',(35.5,72.5,50.));
#7440=CARTESIAN_POINT('',(37.6,72.5,47.5));
#7441=CARTESIAN_POINT('',(37.6,72.5,50.));
#7442=CARTESIAN_POINT('Origin',(35.5,72.5,47.5));
#7443=CARTESIAN_POINT('Origin',(35.5000000000001,-72.5,50.0000000000001));
#7444=CARTESIAN_POINT('',(37.6000000000001,-72.5,50.0000000000001));
#7445=CARTESIAN_POINT('Origin',(35.5000000000001,-72.5,50.));
#7446=CARTESIAN_POINT('',(37.6000000000001,-72.5,47.5));
#7447=CARTESIAN_POINT('',(37.6000000000001,-72.5,50.0000000000001));
#7448=CARTESIAN_POINT('Origin',(35.5000000000001,-72.5,47.5));
#7449=CARTESIAN_POINT('Origin',(29.4999999999999,82.5,47.5));
#7450=CARTESIAN_POINT('',(24.4999999999999,82.5,50.));
#7451=CARTESIAN_POINT('',(29.4999999999999,87.5,50.));
#7452=CARTESIAN_POINT('Origin',(29.4999999999999,82.5,50.));
#7453=CARTESIAN_POINT('',(29.4999999999999,87.5,47.5));
#7454=CARTESIAN_POINT('',(29.4999999999999,87.5,47.5));
#7455=CARTESIAN_POINT('',(24.4999999999999,82.5,47.5));
#7456=CARTESIAN_POINT('Origin',(29.4999999999999,82.5,47.5));
#7457=CARTESIAN_POINT('',(24.4999999999999,82.5,47.5));
#7458=CARTESIAN_POINT('Origin',(44.9999999999999,87.5,47.5));
#7459=CARTESIAN_POINT('',(44.9999999999999,87.5,50.));
#7460=CARTESIAN_POINT('',(73.588493147667,87.5,50.));
#7461=CARTESIAN_POINT('',(44.9999999999999,87.5,47.5));
#7462=CARTESIAN_POINT('',(44.9999999999999,87.5,48.05));
#7463=CARTESIAN_POINT('',(73.588493147667,87.5,47.5));
#7464=CARTESIAN_POINT('Origin',(41.8971232869167,5.64048185016288E-15,50.));
#7465=CARTESIAN_POINT('',(24.5,-82.5,50.0000000000001));
#7466=CARTESIAN_POINT('',(24.5,-87.5,50.0000000000001));
#7467=CARTESIAN_POINT('',(29.5,-87.5,50.0000000000001));
#7468=CARTESIAN_POINT('Origin',(29.5,-82.5,50.));
#7469=CARTESIAN_POINT('',(45.,-87.5,50.0000000000001));
#7470=CARTESIAN_POINT('',(45.,-87.5,50.0000000000001));
#7471=CARTESIAN_POINT('',(45.0000000000377,-60.8516465442699,50.0000000000001));
#7472=CARTESIAN_POINT('',(44.9999999999999,1.21216959415957E-14,50.));
#7473=CARTESIAN_POINT('',(40.5,-52.5,50.0000000000001));
#7474=CARTESIAN_POINT('Origin',(50.5,-52.5,50.));
#7475=CARTESIAN_POINT('',(40.4999999999999,52.5,50.));
#7476=CARTESIAN_POINT('',(40.4999999999999,1.03596247247696E-14,50.));
#7477=CARTESIAN_POINT('',(45.0000000000376,60.8516465442699,50.));
#7478=CARTESIAN_POINT('Origin',(50.4999999999999,52.5,50.));
#7479=CARTESIAN_POINT('',(44.9999999999999,1.21216959415957E-14,50.));
#7480=CARTESIAN_POINT('Origin',(29.5,-82.5,47.5000000000001));
#7481=CARTESIAN_POINT('',(24.5,-82.5,47.5000000000001));
#7482=CARTESIAN_POINT('',(24.5,-82.5,47.5000000000001));
#7483=CARTESIAN_POINT('',(29.5,-87.5,47.5000000000001));
#7484=CARTESIAN_POINT('Origin',(29.5,-82.5,47.5));
#7485=CARTESIAN_POINT('',(29.5,-87.5,47.5000000000001));
#7486=CARTESIAN_POINT('Origin',(45.,-87.5,47.5000000000001));
#7487=CARTESIAN_POINT('',(45.,-87.5,47.5000000000001));
#7488=CARTESIAN_POINT('',(73.5884931476671,-87.5,47.5000000000001));
#7489=CARTESIAN_POINT('',(45.,-87.5,48.05));
#7490=CARTESIAN_POINT('Origin',(41.8971232869167,5.79020606636537E-15,47.5));
#7491=CARTESIAN_POINT('',(44.9999999999999,60.851646544245,47.5));
#7492=CARTESIAN_POINT('',(44.9999999999999,1.69394304579768E-14,47.5));
#7493=CARTESIAN_POINT('',(40.4999999999999,52.5,47.5));
#7494=CARTESIAN_POINT('Origin',(50.4999999999999,52.5,47.5));
#7495=CARTESIAN_POINT('',(40.5,-52.5,47.5000000000001));
#7496=CARTESIAN_POINT('',(40.4999999999999,1.00674286649918E-14,47.5));
#7497=CARTESIAN_POINT('',(45.,-60.851646544245,47.5));
#7498=CARTESIAN_POINT('Origin',(50.5,-52.5,47.5));
#7499=CARTESIAN_POINT('',(44.9999999999999,1.1829499881818E-14,47.5));
#7500=CARTESIAN_POINT('',(24.5,-87.5,47.5000000000001));
#7501=CARTESIAN_POINT('Origin',(55.5,-52.5,30.));
#7502=CARTESIAN_POINT('',(55.5,-62.5,30.));
#7503=CARTESIAN_POINT('',(55.5,-52.5,20.));
#7504=CARTESIAN_POINT('Origin',(55.5,-52.5,30.));
#7505=CARTESIAN_POINT('',(53.,-52.5,20.));
#7506=CARTESIAN_POINT('',(55.5,-52.5,20.));
#7507=CARTESIAN_POINT('',(53.,-62.5,30.));
#7508=CARTESIAN_POINT('Origin',(53.,-52.5,30.));
#7509=CARTESIAN_POINT('',(55.5,-62.5,30.));
#7510=CARTESIAN_POINT('Origin',(55.5,62.5,20.0000000000001));
#7511=CARTESIAN_POINT('',(55.5,52.5,20.0000000000001));
#7512=CARTESIAN_POINT('',(55.5,31.25,20.0000000000001));
#7513=CARTESIAN_POINT('',(53.,52.5,20.));
#7514=CARTESIAN_POINT('',(55.5,52.5,20.0000000000001));
#7515=CARTESIAN_POINT('',(53.,31.25,20.));
#7516=CARTESIAN_POINT('Origin',(55.5,52.5,30.));
#7517=CARTESIAN_POINT('',(55.5,62.5,30.));
#7518=CARTESIAN_POINT('Origin',(55.4999999999999,52.5,30.));
#7519=CARTESIAN_POINT('',(53.,62.5,30.));
#7520=CARTESIAN_POINT('',(55.5,62.5,30.));
#7521=CARTESIAN_POINT('Origin',(52.9999999999999,52.5,30.));
#7522=CARTESIAN_POINT('Origin',(55.4999999999999,62.5,50.0000000000001));
#7523=CARTESIAN_POINT('',(55.4999999999999,62.5,39.5));
#7524=CARTESIAN_POINT('',(55.5,62.5,36.5514383565417));
#7525=CARTESIAN_POINT('',(50.4999999999999,62.5,48.4442719099992));
#7526=CARTESIAN_POINT('Origin',(44.9999999999999,62.5,39.5));
#7527=CARTESIAN_POINT('',(50.4999999999999,62.5,45.3094750193112));
#7528=CARTESIAN_POINT('',(50.4999999999999,62.5,42.5000000000001));
#7529=CARTESIAN_POINT('',(52.9999999999999,62.5,39.5));
#7530=CARTESIAN_POINT('Origin',(44.9999999999999,62.5,39.5));
#7531=CARTESIAN_POINT('',(53.,62.5,36.5514383565417));
#7532=CARTESIAN_POINT('Origin',(50.4999999999999,52.5,42.5000000000001));
#7533=CARTESIAN_POINT('Ctrl Pts',(44.9999999999999,60.851646544245,47.5));
#7534=CARTESIAN_POINT('Ctrl Pts',(45.4190165723299,61.127591070346,47.5));
#7535=CARTESIAN_POINT('Ctrl Pts',(45.8723462028001,61.3793997319111,47.4661247665568));
#7536=CARTESIAN_POINT('Ctrl Pts',(47.0381548855123,61.913496309159,47.2688213913243));
#7537=CARTESIAN_POINT('Ctrl Pts',(47.7639407287385,62.1412174531555,47.041482324968));
#7538=CARTESIAN_POINT('Ctrl Pts',(48.8039645364982,62.3632714006667,46.5510759832497));
#7539=CARTESIAN_POINT('Ctrl Pts',(49.22038526578,62.4255959466154,46.3131123888722));
#7540=CARTESIAN_POINT('Ctrl Pts',(49.9300479060769,62.4888376776576,45.8123529930609));
#7541=CARTESIAN_POINT('Ctrl Pts',(50.2319941516541,62.5,45.5632039984362));
#7542=CARTESIAN_POINT('Ctrl Pts',(50.4999999999999,62.5,45.3094750193112));
#7543=CARTESIAN_POINT('Ctrl Pts',(50.4999999999999,62.5,48.4442719099992));
#7544=CARTESIAN_POINT('Ctrl Pts',(50.4370008099619,62.5,48.4830112896486));
#7545=CARTESIAN_POINT('Ctrl Pts',(50.373598280801,62.4994046506714,48.521081365126));
#7546=CARTESIAN_POINT('Ctrl Pts',(49.5833186857321,62.4843713899714,48.9843197073581));
#7547=CARTESIAN_POINT('Ctrl Pts',(48.7458644317919,62.3831975746173,49.3478816192798));
#7548=CARTESIAN_POINT('Ctrl Pts',(47.0679521033265,61.9326896964503,49.8313041248474));
#7549=CARTESIAN_POINT('Ctrl Pts',(46.2287563684904,61.581001723366,49.953346385));
#7550=CARTESIAN_POINT('Ctrl Pts',(45.3332373343163,61.0639735679212,49.9960385798521));
#7551=CARTESIAN_POINT('Ctrl Pts',(45.1661048816645,60.9610353748554,49.9999999999994));
#7552=CARTESIAN_POINT('Ctrl Pts',(45.0000000000376,60.8516465442699,50.));
#7553=CARTESIAN_POINT('',(40.5,52.5,42.5));
#7554=CARTESIAN_POINT('Origin',(40.5,1.08873483705177E-14,35.));
#7555=CARTESIAN_POINT('',(40.5,-52.5,27.5));
#7556=CARTESIAN_POINT('Origin',(50.5,-52.5,27.5));
#7557=CARTESIAN_POINT('',(50.5,-62.5,48.4442719099992));
#7558=CARTESIAN_POINT('Ctrl Pts',(45.0000000000377,-60.8516465442699,50.0000000000001));
#7559=CARTESIAN_POINT('Ctrl Pts',(45.1661048816646,-60.9610353748554,49.9999999999995));
#7560=CARTESIAN_POINT('Ctrl Pts',(45.3332373343164,-61.0639735679212,49.9960385798522));
#7561=CARTESIAN_POINT('Ctrl Pts',(46.2287563684904,-61.581001723366,49.9533463850001));
#7562=CARTESIAN_POINT('Ctrl Pts',(47.0679521033266,-61.9326896964503,49.8313041248474));
#7563=CARTESIAN_POINT('Ctrl Pts',(48.7458644317919,-62.3831975746173,49.3478816192798));
#7564=CARTESIAN_POINT('Ctrl Pts',(49.5833186857322,-62.4843713899714,48.9843197073582));
#7565=CARTESIAN_POINT('Ctrl Pts',(50.3735982808011,-62.4994046506714,48.521081365126));
#7566=CARTESIAN_POINT('Ctrl Pts',(50.4370008099619,-62.5,48.4830112896487));
#7567=CARTESIAN_POINT('Ctrl Pts',(50.5,-62.5,48.4442719099992));
#7568=CARTESIAN_POINT('',(50.5,-62.5,45.3094750193112));
#7569=CARTESIAN_POINT('',(50.5,-62.5,27.5));
#7570=CARTESIAN_POINT('Ctrl Pts',(50.5,-62.5,45.3094750193112));
#7571=CARTESIAN_POINT('Ctrl Pts',(50.2319941516542,-62.5,45.5632039984362));
#7572=CARTESIAN_POINT('Ctrl Pts',(49.9300479060769,-62.4888376776576,45.8123529930609));
#7573=CARTESIAN_POINT('Ctrl Pts',(49.22038526578,-62.4255959466154,46.3131123888723));
#7574=CARTESIAN_POINT('Ctrl Pts',(48.8039645364983,-62.3632714006667,46.5510759832497));
#7575=CARTESIAN_POINT('Ctrl Pts',(47.7639407287386,-62.1412174531555,47.0414823249681));
#7576=CARTESIAN_POINT('Ctrl Pts',(47.0381548855124,-61.913496309159,47.2688213913243));
#7577=CARTESIAN_POINT('Ctrl Pts',(45.8723462028002,-61.3793997319111,47.4661247665568));
#7578=CARTESIAN_POINT('Ctrl Pts',(45.4190165723299,-61.127591070346,47.5000000000001));
#7579=CARTESIAN_POINT('Ctrl Pts',(45.,-60.851646544245,47.5000000000001));
#7580=CARTESIAN_POINT('Origin',(55.5,-62.5,20.));
#7581=CARTESIAN_POINT('',(53.,-62.5,39.5));
#7582=CARTESIAN_POINT('',(53.,-62.5,21.5514383565416));
#7583=CARTESIAN_POINT('Origin',(45.,-62.5,39.5));
#7584=CARTESIAN_POINT('',(55.5,-62.5,39.5));
#7585=CARTESIAN_POINT('Origin',(45.,-62.5,39.5));
#7586=CARTESIAN_POINT('',(55.5,-62.5,21.5514383565416));
#7587=CARTESIAN_POINT('Origin',(44.9999999999999,1.49093083558051E-14,39.5));
#7588=CARTESIAN_POINT('',(55.4999999999999,87.5,39.5));
#7589=CARTESIAN_POINT('',(55.5,43.75,39.5));
#7590=CARTESIAN_POINT('Origin',(44.9999999999999,87.5,39.5));
#7591=CARTESIAN_POINT('Origin',(53.,-2.87726007391752E-15,23.1028767130832));
#7592=CARTESIAN_POINT('',(52.9999999999999,87.5,39.5));
#7593=CARTESIAN_POINT('',(53.,43.75,39.5));
#7594=CARTESIAN_POINT('',(53.,87.5,10.5));
#7595=CARTESIAN_POINT('',(53.,87.5,-18.0884931476671));
#7596=CARTESIAN_POINT('',(53.,-87.5,10.5));
#7597=CARTESIAN_POINT('',(53.,-9.18361091681517E-16,10.5));
#7598=CARTESIAN_POINT('',(53.,-87.5,39.5));
#7599=CARTESIAN_POINT('',(53.,-87.5,-18.0884931476671));
#7600=CARTESIAN_POINT('',(53.,43.75,39.5));
#7601=CARTESIAN_POINT('Origin',(44.9999999999999,1.49093083558051E-14,39.5));
#7602=CARTESIAN_POINT('Origin',(44.9999999999999,87.5,39.5));
#7603=CARTESIAN_POINT('Origin',(44.9999999999999,1.49093083558051E-14,39.5));
#7604=CARTESIAN_POINT('',(55.5,-87.5,39.5));
#7605=CARTESIAN_POINT('Origin',(45.,-87.5,39.5));
#7606=CARTESIAN_POINT('',(55.5,43.75,39.5));
#7607=CARTESIAN_POINT('Origin',(45.,-87.5,47.5000000000001));
#7608=CARTESIAN_POINT('Origin',(45.,-87.5,39.5));
#7609=CARTESIAN_POINT('',(53.,-87.5,39.5));
#7610=CARTESIAN_POINT('Origin',(44.9999999999999,87.5,50.));
#7611=CARTESIAN_POINT('',(53.,87.5,39.5));
#7612=CARTESIAN_POINT('Origin',(24.5,-87.5,47.5000000000001));
#7613=CARTESIAN_POINT('Origin',(44.9999999999999,1.49093083558051E-14,39.5));
#7614=CARTESIAN_POINT('Origin',(-44.9999999999999,1.8412432072839E-15,39.5));
#7615=CARTESIAN_POINT('',(-44.9999999999999,-87.5,50.));
#7616=CARTESIAN_POINT('Origin',(-44.9999999999999,-87.5,39.5));
#7617=CARTESIAN_POINT('',(-44.9999999999999,-2.82541783793137E-15,50.));
#7618=CARTESIAN_POINT('Origin',(-44.9999999999999,-87.5,47.5));
#7619=CARTESIAN_POINT('',(-73.588493147667,-87.5,50.));
#7620=CARTESIAN_POINT('',(-44.9999999999999,-87.5,48.05));
#7621=CARTESIAN_POINT('Origin',(-45.,87.5,47.5000000000001));
#7622=CARTESIAN_POINT('',(-44.9999999999999,87.5,48.05));
#7623=CARTESIAN_POINT('',(-53.,87.5,39.5));
#7624=CARTESIAN_POINT('Origin',(-44.9999999999999,-87.5,50.));
#7625=CARTESIAN_POINT('',(-53.,-87.5,39.5));
#7626=CARTESIAN_POINT('Origin',(-44.9999999999999,87.5,47.5000000000001));
#7627=CARTESIAN_POINT('',(-45.,87.5,50.0000000000001));
#7628=CARTESIAN_POINT('Origin',(-41.8971232869167,-4.7292538063087E-15,
50.));
#7629=CARTESIAN_POINT('Origin',(53.,-87.5,10.5000000000001));
#7630=CARTESIAN_POINT('',(55.5,-87.5,10.5));
#7631=CARTESIAN_POINT('',(53.55,-87.5,10.5));
#7632=CARTESIAN_POINT('',(55.5,-87.5,10.5000000000001));
#7633=CARTESIAN_POINT('Origin',(53.,87.5,10.5));
#7634=CARTESIAN_POINT('',(55.5,87.5,10.5));
#7635=CARTESIAN_POINT('',(55.5,87.5,-18.0884931476671));
#7636=CARTESIAN_POINT('',(53.55,87.5,10.5));
#7637=CARTESIAN_POINT('Origin',(-53.,87.5,10.5));
#7638=CARTESIAN_POINT('',(-53.,87.5,10.5));
#7639=CARTESIAN_POINT('',(-53.,87.5,-18.0884931476671));
#7640=CARTESIAN_POINT('',(-53.55,87.5,10.5));
#7641=CARTESIAN_POINT('Origin',(-53.,2.7261237405982E-15,23.1028767130832));
#7642=CARTESIAN_POINT('',(-53.,-87.5,10.5));
#7643=CARTESIAN_POINT('',(-53.,-87.5,-18.0884931476671));
#7644=CARTESIAN_POINT('',(-53.,-8.33114395307972E-15,10.5));
#7645=CARTESIAN_POINT('Origin',(-53.,-87.5,10.5));
#7646=CARTESIAN_POINT('',(-53.55,-87.5,10.5));
#7647=CARTESIAN_POINT('Origin',(45.,0.,10.5));
#7648=CARTESIAN_POINT('',(55.5,-8.89988725496652E-16,10.5));
#7649=CARTESIAN_POINT('',(45.,-87.5,0.));
#7650=CARTESIAN_POINT('Origin',(45.,-87.5,10.5));
#7651=CARTESIAN_POINT('',(45.,87.5,0.));
#7652=CARTESIAN_POINT('',(45.,43.75,0.));
#7653=CARTESIAN_POINT('Origin',(45.,87.5,10.5));
#7654=CARTESIAN_POINT('Origin',(53.,-87.5,10.5));
#7655=CARTESIAN_POINT('',(45.,-87.5,2.5));
#7656=CARTESIAN_POINT('Origin',(45.,-87.5,10.5));
#7657=CARTESIAN_POINT('',(45.,-87.5,1.25));
#7658=CARTESIAN_POINT('Origin',(55.5,87.5,10.5));
#7659=CARTESIAN_POINT('',(45.,87.5,2.5));
#7660=CARTESIAN_POINT('',(45.,87.5,1.25));
#7661=CARTESIAN_POINT('Origin',(45.,87.5,10.5));
#7662=CARTESIAN_POINT('Origin',(55.5,-3.60683520438548E-15,23.1028767130832));
#7663=CARTESIAN_POINT('Origin',(45.,0.,10.5));
#7664=CARTESIAN_POINT('',(45.,43.75,2.5));
#7665=CARTESIAN_POINT('Origin',(-45.,-1.77635683940025E-14,10.5));
#7666=CARTESIAN_POINT('',(-45.,87.5,0.));
#7667=CARTESIAN_POINT('Origin',(-45.,87.5,10.5));
#7668=CARTESIAN_POINT('',(-45.,-87.5,0.));
#7669=CARTESIAN_POINT('',(-45.,-43.75,0.));
#7670=CARTESIAN_POINT('Origin',(-45.,-87.5,10.5));
#7671=CARTESIAN_POINT('Origin',(-53.,87.5,10.5));
#7672=CARTESIAN_POINT('',(-45.,87.5,2.5));
#7673=CARTESIAN_POINT('Origin',(-45.,87.5,10.5));
#7674=CARTESIAN_POINT('',(-45.,87.5,1.25));
#7675=CARTESIAN_POINT('Origin',(-55.5,-87.5,10.5));
#7676=CARTESIAN_POINT('',(-45.,-87.5,2.5));
#7677=CARTESIAN_POINT('',(-45.,-87.5,1.25));
#7678=CARTESIAN_POINT('Origin',(-45.,-87.5,10.5));
#7679=CARTESIAN_POINT('Origin',(-45.,-1.77635683940025E-14,10.5));
#7680=CARTESIAN_POINT('',(-45.,-43.75,2.5));
#7681=CARTESIAN_POINT('Origin',(-55.5,87.5,0.));
#7682=CARTESIAN_POINT('',(-55.5,87.5,0.));
#7683=CARTESIAN_POINT('',(-55.5,87.5,2.5));
#7684=CARTESIAN_POINT('Origin',(2.22044604925031E-15,0.,0.));
#7685=CARTESIAN_POINT('',(55.5,-87.5,0.));
#7686=CARTESIAN_POINT('Origin',(55.5,-87.5,0.));
#7687=CARTESIAN_POINT('',(55.5,-87.5,2.5));
#7688=CARTESIAN_POINT('Origin',(2.22044604925031E-15,0.,2.5));
#7689=CARTESIAN_POINT('',(0.,0.,0.));
#7690=CARTESIAN_POINT('Origin',(52.7,68.,16.));
#7691=CARTESIAN_POINT('',(-51.2,68.,14.5));
#7692=CARTESIAN_POINT('Origin',(-51.2,68.,16.));
#7693=CARTESIAN_POINT('',(-52.7,68.,14.5));
#7694=CARTESIAN_POINT('',(52.7,68.,14.5));
#7695=CARTESIAN_POINT('Origin',(-52.7,68.,16.));
#7696=CARTESIAN_POINT('Origin',(52.7,68.,16.));
#7697=CARTESIAN_POINT('',(52.7,68.,14.5));
#7698=CARTESIAN_POINT('Origin',(52.7,68.,16.));
#7699=CARTESIAN_POINT('',(51.2,68.,14.5));
#7700=CARTESIAN_POINT('',(52.7,68.,14.5));
#7701=CARTESIAN_POINT('Origin',(51.2,68.,16.));
#7702=CARTESIAN_POINT('Origin',(52.7,44.,16.));
#7703=CARTESIAN_POINT('',(-51.2,44.,14.5));
#7704=CARTESIAN_POINT('Origin',(-51.2,44.,16.));
#7705=CARTESIAN_POINT('',(-52.7,44.,14.5));
#7706=CARTESIAN_POINT('',(52.7,44.,14.5));
#7707=CARTESIAN_POINT('Origin',(-52.7,44.,16.));
#7708=CARTESIAN_POINT('Origin',(52.7,44.,16.));
#7709=CARTESIAN_POINT('',(52.7,44.,14.5));
#7710=CARTESIAN_POINT('Origin',(52.7,44.,16.));
#7711=CARTESIAN_POINT('',(51.2,44.,14.5));
#7712=CARTESIAN_POINT('',(52.7,44.,14.5));
#7713=CARTESIAN_POINT('Origin',(51.2,44.,16.));
#7714=CARTESIAN_POINT('Origin',(52.7,28.,16.));
#7715=CARTESIAN_POINT('',(-51.2,28.,14.5));
#7716=CARTESIAN_POINT('Origin',(-51.2,28.,16.));
#7717=CARTESIAN_POINT('',(-52.7,28.,14.5));
#7718=CARTESIAN_POINT('',(52.7,28.,14.5));
#7719=CARTESIAN_POINT('Origin',(-52.7,28.,16.));
#7720=CARTESIAN_POINT('Origin',(52.7,28.,16.));
#7721=CARTESIAN_POINT('',(52.7,28.,14.5));
#7722=CARTESIAN_POINT('Origin',(52.7,28.,16.));
#7723=CARTESIAN_POINT('',(51.2,28.,14.5));
#7724=CARTESIAN_POINT('',(52.7,28.,14.5));
#7725=CARTESIAN_POINT('Origin',(51.2,28.,16.));
#7726=CARTESIAN_POINT('Origin',(52.7,12.,16.));
#7727=CARTESIAN_POINT('',(-51.2,12.,14.5));
#7728=CARTESIAN_POINT('Origin',(-51.2,12.,16.));
#7729=CARTESIAN_POINT('',(-52.7,12.,14.5));
#7730=CARTESIAN_POINT('',(52.7,12.,14.5));
#7731=CARTESIAN_POINT('Origin',(-52.7,12.,16.));
#7732=CARTESIAN_POINT('Origin',(52.7,12.,16.));
#7733=CARTESIAN_POINT('',(52.7,12.,14.5));
#7734=CARTESIAN_POINT('Origin',(52.7,12.,16.));
#7735=CARTESIAN_POINT('',(51.2,12.,14.5));
#7736=CARTESIAN_POINT('',(52.7,12.,14.5));
#7737=CARTESIAN_POINT('Origin',(51.2,12.,16.));
#7738=CARTESIAN_POINT('Origin',(52.7,-60.,16.));
#7739=CARTESIAN_POINT('',(-51.2,-60.,14.5));
#7740=CARTESIAN_POINT('Origin',(-51.2,-60.,16.));
#7741=CARTESIAN_POINT('',(-52.7,-60.,14.5));
#7742=CARTESIAN_POINT('',(52.7,-60.,14.5));
#7743=CARTESIAN_POINT('Origin',(-52.7,-60.,16.));
#7744=CARTESIAN_POINT('Origin',(52.7,-60.,16.));
#7745=CARTESIAN_POINT('',(52.7,-60.,14.5));
#7746=CARTESIAN_POINT('Origin',(52.7,-60.,16.));
#7747=CARTESIAN_POINT('',(51.2,-60.,14.5));
#7748=CARTESIAN_POINT('',(52.7,-60.,14.5));
#7749=CARTESIAN_POINT('Origin',(51.2,-60.,16.));
#7750=CARTESIAN_POINT('Origin',(52.7,-52.,16.));
#7751=CARTESIAN_POINT('',(-51.2,-52.,14.5));
#7752=CARTESIAN_POINT('Origin',(-51.2,-52.,16.));
#7753=CARTESIAN_POINT('',(-52.7,-52.,14.5));
#7754=CARTESIAN_POINT('',(52.7,-52.,14.5));
#7755=CARTESIAN_POINT('Origin',(-52.7,-52.,16.));
#7756=CARTESIAN_POINT('Origin',(52.7,-52.,16.));
#7757=CARTESIAN_POINT('',(52.7,-52.,14.5));
#7758=CARTESIAN_POINT('Origin',(52.7,-52.,16.));
#7759=CARTESIAN_POINT('',(51.2,-52.,14.5));
#7760=CARTESIAN_POINT('',(52.7,-52.,14.5));
#7761=CARTESIAN_POINT('Origin',(51.2,-52.,16.));
#7762=CARTESIAN_POINT('Origin',(52.7,-36.,16.));
#7763=CARTESIAN_POINT('',(-51.2,-36.,14.5));
#7764=CARTESIAN_POINT('Origin',(-51.2,-36.,16.));
#7765=CARTESIAN_POINT('',(-52.7,-36.,14.5));
#7766=CARTESIAN_POINT('',(52.7,-36.,14.5));
#7767=CARTESIAN_POINT('Origin',(-52.7,-36.,16.));
#7768=CARTESIAN_POINT('Origin',(52.7,-36.,16.));
#7769=CARTESIAN_POINT('',(52.7,-36.,14.5));
#7770=CARTESIAN_POINT('Origin',(52.7,-36.,16.));
#7771=CARTESIAN_POINT('',(51.2,-36.,14.5));
#7772=CARTESIAN_POINT('',(52.7,-36.,14.5));
#7773=CARTESIAN_POINT('Origin',(51.2,-36.,16.));
#7774=CARTESIAN_POINT('Origin',(52.7,-20.,16.));
#7775=CARTESIAN_POINT('',(-51.2,-20.,14.5));
#7776=CARTESIAN_POINT('Origin',(-51.2,-20.,16.));
#7777=CARTESIAN_POINT('',(-52.7,-20.,14.5));
#7778=CARTESIAN_POINT('',(52.7,-20.,14.5));
#7779=CARTESIAN_POINT('Origin',(-52.7,-20.,16.));
#7780=CARTESIAN_POINT('Origin',(52.7,-20.,16.));
#7781=CARTESIAN_POINT('',(52.7,-20.,14.5));
#7782=CARTESIAN_POINT('Origin',(52.7,-20.,16.));
#7783=CARTESIAN_POINT('',(51.2,-20.,14.5));
#7784=CARTESIAN_POINT('',(52.7,-20.,14.5));
#7785=CARTESIAN_POINT('Origin',(51.2,-20.,16.));
#7786=CARTESIAN_POINT('Origin',(52.7,-4.,16.));
#7787=CARTESIAN_POINT('',(-51.2,-4.00000000000001,14.5));
#7788=CARTESIAN_POINT('Origin',(-51.2,-4.00000000000001,16.));
#7789=CARTESIAN_POINT('',(-52.7,-4.00000000000001,14.5));
#7790=CARTESIAN_POINT('',(52.7,-4.,14.5));
#7791=CARTESIAN_POINT('Origin',(-52.7,-4.00000000000001,16.));
#7792=CARTESIAN_POINT('Origin',(52.7,-4.,16.));
#7793=CARTESIAN_POINT('',(52.7,-4.,14.5));
#7794=CARTESIAN_POINT('Origin',(52.7,-4.,16.));
#7795=CARTESIAN_POINT('',(51.2,-4.,14.5));
#7796=CARTESIAN_POINT('',(52.7,-4.,14.5));
#7797=CARTESIAN_POINT('Origin',(51.2,-4.,16.));
#7798=CARTESIAN_POINT('Origin',(52.7,56.,12.));
#7799=CARTESIAN_POINT('',(-51.2,56.,10.5));
#7800=CARTESIAN_POINT('Origin',(-51.2,56.,12.));
#7801=CARTESIAN_POINT('',(-52.7,56.,10.5));
#7802=CARTESIAN_POINT('',(52.7,56.,10.5));
#7803=CARTESIAN_POINT('Origin',(-52.7,56.,12.));
#7804=CARTESIAN_POINT('Origin',(52.7,56.,12.));
#7805=CARTESIAN_POINT('',(52.7,56.,10.5));
#7806=CARTESIAN_POINT('Origin',(52.7,56.,12.));
#7807=CARTESIAN_POINT('',(51.2,56.,10.5));
#7808=CARTESIAN_POINT('',(52.7,56.,10.5));
#7809=CARTESIAN_POINT('Origin',(51.2,56.,12.));
#7810=CARTESIAN_POINT('Origin',(52.7,40.,12.));
#7811=CARTESIAN_POINT('',(-51.2,40.,10.5));
#7812=CARTESIAN_POINT('Origin',(-51.2,40.,12.));
#7813=CARTESIAN_POINT('',(-52.7,40.,10.5));
#7814=CARTESIAN_POINT('',(52.7,40.,10.5));
#7815=CARTESIAN_POINT('Origin',(-52.7,40.,12.));
#7816=CARTESIAN_POINT('Origin',(52.7,40.,12.));
#7817=CARTESIAN_POINT('',(52.7,40.,10.5));
#7818=CARTESIAN_POINT('Origin',(52.7,40.,12.));
#7819=CARTESIAN_POINT('',(51.2,40.,10.5));
#7820=CARTESIAN_POINT('',(52.7,40.,10.5));
#7821=CARTESIAN_POINT('Origin',(51.2,40.,12.));
#7822=CARTESIAN_POINT('Origin',(52.7,24.,12.));
#7823=CARTESIAN_POINT('',(-51.2,24.,10.5));
#7824=CARTESIAN_POINT('Origin',(-51.2,24.,12.));
#7825=CARTESIAN_POINT('',(-52.7,24.,10.5));
#7826=CARTESIAN_POINT('',(52.7,24.,10.5));
#7827=CARTESIAN_POINT('Origin',(-52.7,24.,12.));
#7828=CARTESIAN_POINT('Origin',(52.7,24.,12.));
#7829=CARTESIAN_POINT('',(52.7,24.,10.5));
#7830=CARTESIAN_POINT('Origin',(52.7,24.,12.));
#7831=CARTESIAN_POINT('',(51.2,24.,10.5));
#7832=CARTESIAN_POINT('',(52.7,24.,10.5));
#7833=CARTESIAN_POINT('Origin',(51.2,24.,12.));
#7834=CARTESIAN_POINT('Origin',(52.7,7.99999999999999,12.));
#7835=CARTESIAN_POINT('',(-51.2,7.99999999999998,10.5));
#7836=CARTESIAN_POINT('Origin',(-51.2,7.99999999999998,12.));
#7837=CARTESIAN_POINT('',(-52.7,7.99999999999998,10.5));
#7838=CARTESIAN_POINT('',(52.7,7.99999999999999,10.5));
#7839=CARTESIAN_POINT('Origin',(-52.7,7.99999999999998,12.));
#7840=CARTESIAN_POINT('Origin',(52.7,7.99999999999999,12.));
#7841=CARTESIAN_POINT('',(52.7,7.99999999999999,10.5));
#7842=CARTESIAN_POINT('Origin',(52.7,7.99999999999999,12.));
#7843=CARTESIAN_POINT('',(51.2,7.99999999999999,10.5));
#7844=CARTESIAN_POINT('',(52.7,7.99999999999999,10.5));
#7845=CARTESIAN_POINT('Origin',(51.2,7.99999999999999,12.));
#7846=CARTESIAN_POINT('Origin',(52.7,-64.,12.));
#7847=CARTESIAN_POINT('',(-51.2,-64.,10.5));
#7848=CARTESIAN_POINT('Origin',(-51.2,-64.,12.));
#7849=CARTESIAN_POINT('',(-52.7,-64.,10.5));
#7850=CARTESIAN_POINT('',(52.7,-64.,10.5));
#7851=CARTESIAN_POINT('Origin',(-52.7,-64.,12.));
#7852=CARTESIAN_POINT('Origin',(52.7,-64.,12.));
#7853=CARTESIAN_POINT('',(52.7,-64.,10.5));
#7854=CARTESIAN_POINT('Origin',(52.7,-64.,12.));
#7855=CARTESIAN_POINT('',(51.2,-64.,10.5));
#7856=CARTESIAN_POINT('',(52.7,-64.,10.5));
#7857=CARTESIAN_POINT('Origin',(51.2,-64.,12.));
#7858=CARTESIAN_POINT('Origin',(52.7,-40.,12.));
#7859=CARTESIAN_POINT('',(-51.2,-40.,10.5));
#7860=CARTESIAN_POINT('Origin',(-51.2,-40.,12.));
#7861=CARTESIAN_POINT('',(-52.7,-40.,10.5));
#7862=CARTESIAN_POINT('',(52.7,-40.,10.5));
#7863=CARTESIAN_POINT('Origin',(-52.7,-40.,12.));
#7864=CARTESIAN_POINT('Origin',(52.7,-40.,12.));
#7865=CARTESIAN_POINT('',(52.7,-40.,10.5));
#7866=CARTESIAN_POINT('Origin',(52.7,-40.,12.));
#7867=CARTESIAN_POINT('',(51.2,-40.,10.5));
#7868=CARTESIAN_POINT('',(52.7,-40.,10.5));
#7869=CARTESIAN_POINT('Origin',(51.2,-40.,12.));
#7870=CARTESIAN_POINT('Origin',(52.7,-24.,12.));
#7871=CARTESIAN_POINT('',(-51.2,-24.,10.5));
#7872=CARTESIAN_POINT('Origin',(-51.2,-24.,12.));
#7873=CARTESIAN_POINT('',(-52.7,-24.,10.5));
#7874=CARTESIAN_POINT('',(52.7,-24.,10.5));
#7875=CARTESIAN_POINT('Origin',(-52.7,-24.,12.));
#7876=CARTESIAN_POINT('Origin',(52.7,-24.,12.));
#7877=CARTESIAN_POINT('',(52.7,-24.,10.5));
#7878=CARTESIAN_POINT('Origin',(52.7,-24.,12.));
#7879=CARTESIAN_POINT('',(51.2,-24.,10.5));
#7880=CARTESIAN_POINT('',(52.7,-24.,10.5));
#7881=CARTESIAN_POINT('Origin',(51.2,-24.,12.));
#7882=CARTESIAN_POINT('Origin',(52.7,-8.00000000000001,12.));
#7883=CARTESIAN_POINT('',(-51.2,-8.00000000000001,10.5));
#7884=CARTESIAN_POINT('Origin',(-51.2,-8.00000000000001,12.));
#7885=CARTESIAN_POINT('',(-52.7,-8.00000000000001,10.5));
#7886=CARTESIAN_POINT('',(52.7,-8.00000000000001,10.5));
#7887=CARTESIAN_POINT('Origin',(-52.7,-8.00000000000001,12.));
#7888=CARTESIAN_POINT('Origin',(52.7,-8.00000000000001,12.));
#7889=CARTESIAN_POINT('',(52.7,-8.00000000000001,10.5));
#7890=CARTESIAN_POINT('Origin',(52.7,-8.00000000000001,12.));
#7891=CARTESIAN_POINT('',(51.2,-8.00000000000001,10.5));
#7892=CARTESIAN_POINT('',(52.7,-8.00000000000001,10.5));
#7893=CARTESIAN_POINT('Origin',(51.2,-8.00000000000001,12.));
#7894=CARTESIAN_POINT('Origin',(52.7,68.,8.));
#7895=CARTESIAN_POINT('',(-51.2,68.,6.5));
#7896=CARTESIAN_POINT('Origin',(-51.2,68.,8.));
#7897=CARTESIAN_POINT('',(-52.7,68.,6.5));
#7898=CARTESIAN_POINT('',(52.7,68.,6.5));
#7899=CARTESIAN_POINT('Origin',(-52.7,68.,8.));
#7900=CARTESIAN_POINT('Origin',(52.7,68.,8.));
#7901=CARTESIAN_POINT('',(52.7,68.,6.5));
#7902=CARTESIAN_POINT('Origin',(52.7,68.,8.));
#7903=CARTESIAN_POINT('',(51.2,68.,6.5));
#7904=CARTESIAN_POINT('',(52.7,68.,6.5));
#7905=CARTESIAN_POINT('Origin',(51.2,68.,8.));
#7906=CARTESIAN_POINT('Origin',(52.7,28.,8.));
#7907=CARTESIAN_POINT('',(-51.2,28.,6.5));
#7908=CARTESIAN_POINT('Origin',(-51.2,28.,8.));
#7909=CARTESIAN_POINT('',(-52.7,28.,6.5));
#7910=CARTESIAN_POINT('',(52.7,28.,6.5));
#7911=CARTESIAN_POINT('Origin',(-52.7,28.,8.));
#7912=CARTESIAN_POINT('Origin',(52.7,28.,8.));
#7913=CARTESIAN_POINT('',(52.7,28.,6.5));
#7914=CARTESIAN_POINT('Origin',(52.7,28.,8.));
#7915=CARTESIAN_POINT('',(51.2,28.,6.5));
#7916=CARTESIAN_POINT('',(52.7,28.,6.5));
#7917=CARTESIAN_POINT('Origin',(51.2,28.,8.));
#7918=CARTESIAN_POINT('Origin',(52.7,44.,8.));
#7919=CARTESIAN_POINT('',(-51.2,44.,6.5));
#7920=CARTESIAN_POINT('Origin',(-51.2,44.,8.));
#7921=CARTESIAN_POINT('',(-52.7,44.,6.5));
#7922=CARTESIAN_POINT('',(52.7,44.,6.5));
#7923=CARTESIAN_POINT('Origin',(-52.7,44.,8.));
#7924=CARTESIAN_POINT('Origin',(52.7,44.,8.));
#7925=CARTESIAN_POINT('',(52.7,44.,6.5));
#7926=CARTESIAN_POINT('Origin',(52.7,44.,8.));
#7927=CARTESIAN_POINT('',(51.2,44.,6.5));
#7928=CARTESIAN_POINT('',(52.7,44.,6.5));
#7929=CARTESIAN_POINT('Origin',(51.2,44.,8.));
#7930=CARTESIAN_POINT('Origin',(52.7,20.,8.));
#7931=CARTESIAN_POINT('',(-51.2,20.,6.5));
#7932=CARTESIAN_POINT('Origin',(-51.2,20.,8.));
#7933=CARTESIAN_POINT('',(-52.7,20.,6.5));
#7934=CARTESIAN_POINT('',(52.7,20.,6.5));
#7935=CARTESIAN_POINT('Origin',(-52.7,20.,8.));
#7936=CARTESIAN_POINT('Origin',(52.7,20.,8.));
#7937=CARTESIAN_POINT('',(52.7,20.,6.5));
#7938=CARTESIAN_POINT('Origin',(52.7,20.,8.));
#7939=CARTESIAN_POINT('',(51.2,20.,6.5));
#7940=CARTESIAN_POINT('',(52.7,20.,6.5));
#7941=CARTESIAN_POINT('Origin',(51.2,20.,8.));
#7942=CARTESIAN_POINT('Origin',(52.7,3.99999999999999,8.));
#7943=CARTESIAN_POINT('',(-51.2,3.99999999999999,6.5));
#7944=CARTESIAN_POINT('Origin',(-51.2,3.99999999999999,8.));
#7945=CARTESIAN_POINT('',(-52.7,3.99999999999999,6.5));
#7946=CARTESIAN_POINT('',(52.7,3.99999999999999,6.5));
#7947=CARTESIAN_POINT('Origin',(-52.7,3.99999999999999,8.));
#7948=CARTESIAN_POINT('Origin',(52.7,3.99999999999999,8.));
#7949=CARTESIAN_POINT('',(52.7,3.99999999999999,6.5));
#7950=CARTESIAN_POINT('Origin',(52.7,3.99999999999999,8.));
#7951=CARTESIAN_POINT('',(51.2,3.99999999999999,6.5));
#7952=CARTESIAN_POINT('',(52.7,3.99999999999999,6.5));
#7953=CARTESIAN_POINT('Origin',(51.2,3.99999999999999,8.));
#7954=CARTESIAN_POINT('Origin',(52.7,-12.,8.));
#7955=CARTESIAN_POINT('',(-51.2,-12.,6.5));
#7956=CARTESIAN_POINT('Origin',(-51.2,-12.,8.));
#7957=CARTESIAN_POINT('',(-52.7,-12.,6.5));
#7958=CARTESIAN_POINT('',(52.7,-12.,6.5));
#7959=CARTESIAN_POINT('Origin',(-52.7,-12.,8.));
#7960=CARTESIAN_POINT('Origin',(52.7,-12.,8.));
#7961=CARTESIAN_POINT('',(52.7,-12.,6.5));
#7962=CARTESIAN_POINT('Origin',(52.7,-12.,8.));
#7963=CARTESIAN_POINT('',(51.2,-12.,6.5));
#7964=CARTESIAN_POINT('',(52.7,-12.,6.5));
#7965=CARTESIAN_POINT('Origin',(51.2,-12.,8.));
#7966=CARTESIAN_POINT('Origin',(52.7,-28.,8.));
#7967=CARTESIAN_POINT('',(-51.2,-28.,6.5));
#7968=CARTESIAN_POINT('Origin',(-51.2,-28.,8.));
#7969=CARTESIAN_POINT('',(-52.7,-28.,6.5));
#7970=CARTESIAN_POINT('',(52.7,-28.,6.5));
#7971=CARTESIAN_POINT('Origin',(-52.7,-28.,8.));
#7972=CARTESIAN_POINT('Origin',(52.7,-28.,8.));
#7973=CARTESIAN_POINT('',(52.7,-28.,6.5));
#7974=CARTESIAN_POINT('Origin',(52.7,-28.,8.));
#7975=CARTESIAN_POINT('',(51.2,-28.,6.5));
#7976=CARTESIAN_POINT('',(52.7,-28.,6.5));
#7977=CARTESIAN_POINT('Origin',(51.2,-28.,8.));
#7978=CARTESIAN_POINT('Origin',(52.7,-44.,8.));
#7979=CARTESIAN_POINT('',(-51.2,-44.,6.5));
#7980=CARTESIAN_POINT('Origin',(-51.2,-44.,8.));
#7981=CARTESIAN_POINT('',(-52.7,-44.,6.5));
#7982=CARTESIAN_POINT('',(52.7,-44.,6.5));
#7983=CARTESIAN_POINT('Origin',(-52.7,-44.,8.));
#7984=CARTESIAN_POINT('Origin',(52.7,-44.,8.));
#7985=CARTESIAN_POINT('',(52.7,-44.,6.5));
#7986=CARTESIAN_POINT('Origin',(52.7,-44.,8.));
#7987=CARTESIAN_POINT('',(51.2,-44.,6.5));
#7988=CARTESIAN_POINT('',(52.7,-44.,6.5));
#7989=CARTESIAN_POINT('Origin',(51.2,-44.,8.));
#7990=CARTESIAN_POINT('Origin',(52.7,-60.,8.));
#7991=CARTESIAN_POINT('',(-51.2,-60.,6.5));
#7992=CARTESIAN_POINT('Origin',(-51.2,-60.,8.));
#7993=CARTESIAN_POINT('',(-52.7,-60.,6.5));
#7994=CARTESIAN_POINT('',(52.7,-60.,6.5));
#7995=CARTESIAN_POINT('Origin',(-52.7,-60.,8.));
#7996=CARTESIAN_POINT('Origin',(52.7,-60.,8.));
#7997=CARTESIAN_POINT('',(52.7,-60.,6.5));
#7998=CARTESIAN_POINT('Origin',(52.7,-60.,8.));
#7999=CARTESIAN_POINT('',(51.2,-60.,6.5));
#8000=CARTESIAN_POINT('',(52.7,-60.,6.5));
#8001=CARTESIAN_POINT('Origin',(51.2,-60.,8.));
#8002=CARTESIAN_POINT('Origin',(52.7,-68.,8.));
#8003=CARTESIAN_POINT('',(-51.2,-68.,6.5));
#8004=CARTESIAN_POINT('Origin',(-51.2,-68.,8.));
#8005=CARTESIAN_POINT('',(-52.7,-68.,6.5));
#8006=CARTESIAN_POINT('',(52.7,-68.,6.5));
#8007=CARTESIAN_POINT('Origin',(-52.7,-68.,8.));
#8008=CARTESIAN_POINT('Origin',(52.7,-68.,8.));
#8009=CARTESIAN_POINT('',(52.7,-68.,6.5));
#8010=CARTESIAN_POINT('Origin',(52.7,-68.,8.));
#8011=CARTESIAN_POINT('',(51.2,-68.,6.5));
#8012=CARTESIAN_POINT('',(52.7,-68.,6.5));
#8013=CARTESIAN_POINT('Origin',(51.2,-68.,8.));
#8014=CARTESIAN_POINT('Origin',(52.7,-52.,8.));
#8015=CARTESIAN_POINT('',(-51.2,-52.,6.5));
#8016=CARTESIAN_POINT('Origin',(-51.2,-52.,8.));
#8017=CARTESIAN_POINT('',(-52.7,-52.,6.5));
#8018=CARTESIAN_POINT('',(52.7,-52.,6.5));
#8019=CARTESIAN_POINT('Origin',(-52.7,-52.,8.));
#8020=CARTESIAN_POINT('Origin',(52.7,-52.,8.));
#8021=CARTESIAN_POINT('',(52.7,-52.,6.5));
#8022=CARTESIAN_POINT('Origin',(52.7,-52.,8.));
#8023=CARTESIAN_POINT('',(51.2,-52.,6.5));
#8024=CARTESIAN_POINT('',(52.7,-52.,6.5));
#8025=CARTESIAN_POINT('Origin',(51.2,-52.,8.));
#8026=CARTESIAN_POINT('Origin',(52.7,-36.,8.));
#8027=CARTESIAN_POINT('',(-51.2,-36.,6.5));
#8028=CARTESIAN_POINT('Origin',(-51.2,-36.,8.));
#8029=CARTESIAN_POINT('',(-52.7,-36.,6.5));
#8030=CARTESIAN_POINT('',(52.7,-36.,6.5));
#8031=CARTESIAN_POINT('Origin',(-52.7,-36.,8.));
#8032=CARTESIAN_POINT('Origin',(52.7,-36.,8.));
#8033=CARTESIAN_POINT('',(52.7,-36.,6.5));
#8034=CARTESIAN_POINT('Origin',(52.7,-36.,8.));
#8035=CARTESIAN_POINT('',(51.2,-36.,6.5));
#8036=CARTESIAN_POINT('',(52.7,-36.,6.5));
#8037=CARTESIAN_POINT('Origin',(51.2,-36.,8.));
#8038=CARTESIAN_POINT('Origin',(52.7,-20.,8.));
#8039=CARTESIAN_POINT('',(-51.2,-20.,6.5));
#8040=CARTESIAN_POINT('Origin',(-51.2,-20.,8.));
#8041=CARTESIAN_POINT('',(-52.7,-20.,6.5));
#8042=CARTESIAN_POINT('',(52.7,-20.,6.5));
#8043=CARTESIAN_POINT('Origin',(-52.7,-20.,8.));
#8044=CARTESIAN_POINT('Origin',(52.7,-20.,8.));
#8045=CARTESIAN_POINT('',(52.7,-20.,6.5));
#8046=CARTESIAN_POINT('Origin',(52.7,-20.,8.));
#8047=CARTESIAN_POINT('',(51.2,-20.,6.5));
#8048=CARTESIAN_POINT('',(52.7,-20.,6.5));
#8049=CARTESIAN_POINT('Origin',(51.2,-20.,8.));
#8050=CARTESIAN_POINT('Origin',(52.7,-4.,8.));
#8051=CARTESIAN_POINT('',(-51.2,-4.00000000000001,6.5));
#8052=CARTESIAN_POINT('Origin',(-51.2,-4.00000000000001,8.));
#8053=CARTESIAN_POINT('',(-52.7,-4.00000000000001,6.5));
#8054=CARTESIAN_POINT('',(52.7,-4.,6.5));
#8055=CARTESIAN_POINT('Origin',(-52.7,-4.00000000000001,8.));
#8056=CARTESIAN_POINT('Origin',(52.7,-4.,8.));
#8057=CARTESIAN_POINT('',(52.7,-4.,6.5));
#8058=CARTESIAN_POINT('Origin',(52.7,-4.,8.));
#8059=CARTESIAN_POINT('',(51.2,-4.,6.5));
#8060=CARTESIAN_POINT('',(52.7,-4.,6.5));
#8061=CARTESIAN_POINT('Origin',(51.2,-4.,8.));
#8062=CARTESIAN_POINT('Origin',(52.7,12.,8.));
#8063=CARTESIAN_POINT('',(-51.2,12.,6.5));
#8064=CARTESIAN_POINT('Origin',(-51.2,12.,8.));
#8065=CARTESIAN_POINT('',(-52.7,12.,6.5));
#8066=CARTESIAN_POINT('',(52.7,12.,6.5));
#8067=CARTESIAN_POINT('Origin',(-52.7,12.,8.));
#8068=CARTESIAN_POINT('Origin',(52.7,12.,8.));
#8069=CARTESIAN_POINT('',(52.7,12.,6.5));
#8070=CARTESIAN_POINT('Origin',(52.7,12.,8.));
#8071=CARTESIAN_POINT('',(51.2,12.,6.5));
#8072=CARTESIAN_POINT('',(52.7,12.,6.5));
#8073=CARTESIAN_POINT('Origin',(51.2,12.,8.));
#8074=CARTESIAN_POINT('Origin',(52.7,36.,8.));
#8075=CARTESIAN_POINT('',(-51.2,36.,6.5));
#8076=CARTESIAN_POINT('Origin',(-51.2,36.,8.));
#8077=CARTESIAN_POINT('',(-52.7,36.,6.5));
#8078=CARTESIAN_POINT('',(52.7,36.,6.5));
#8079=CARTESIAN_POINT('Origin',(-52.7,36.,8.));
#8080=CARTESIAN_POINT('Origin',(52.7,36.,8.));
#8081=CARTESIAN_POINT('',(52.7,36.,6.5));
#8082=CARTESIAN_POINT('Origin',(52.7,36.,8.));
#8083=CARTESIAN_POINT('',(51.2,36.,6.5));
#8084=CARTESIAN_POINT('',(52.7,36.,6.5));
#8085=CARTESIAN_POINT('Origin',(51.2,36.,8.));
#8086=CARTESIAN_POINT('Origin',(52.7,52.,8.));
#8087=CARTESIAN_POINT('',(-51.2,52.,6.5));
#8088=CARTESIAN_POINT('Origin',(-51.2,52.,8.));
#8089=CARTESIAN_POINT('',(-52.7,52.,6.5));
#8090=CARTESIAN_POINT('',(52.7,52.,6.5));
#8091=CARTESIAN_POINT('Origin',(-52.7,52.,8.));
#8092=CARTESIAN_POINT('Origin',(52.7,52.,8.));
#8093=CARTESIAN_POINT('',(52.7,52.,6.5));
#8094=CARTESIAN_POINT('Origin',(52.7,52.,8.));
#8095=CARTESIAN_POINT('',(51.2,52.,6.5));
#8096=CARTESIAN_POINT('',(52.7,52.,6.5));
#8097=CARTESIAN_POINT('Origin',(51.2,52.,8.));
#8098=CARTESIAN_POINT('Origin',(52.7,60.,8.));
#8099=CARTESIAN_POINT('',(-51.2,60.,6.5));
#8100=CARTESIAN_POINT('Origin',(-51.2,60.,8.));
#8101=CARTESIAN_POINT('',(-52.7,60.,6.5));
#8102=CARTESIAN_POINT('',(52.7,60.,6.5));
#8103=CARTESIAN_POINT('Origin',(-52.7,60.,8.));
#8104=CARTESIAN_POINT('Origin',(52.7,60.,8.));
#8105=CARTESIAN_POINT('',(52.7,60.,6.5));
#8106=CARTESIAN_POINT('Origin',(52.7,60.,8.));
#8107=CARTESIAN_POINT('',(51.2,60.,6.5));
#8108=CARTESIAN_POINT('',(52.7,60.,6.5));
#8109=CARTESIAN_POINT('Origin',(51.2,60.,8.));
#8110=CARTESIAN_POINT('Origin',(52.7,-8.88178419700125E-15,12.));
#8111=CARTESIAN_POINT('',(-51.2,-1.46583138112275E-14,10.5));
#8112=CARTESIAN_POINT('Origin',(-51.2,-1.44746167913554E-14,12.));
#8113=CARTESIAN_POINT('',(-52.7,-1.43716632641833E-14,10.5));
#8114=CARTESIAN_POINT('',(52.7,-9.06548121687336E-15,10.5));
#8115=CARTESIAN_POINT('Origin',(-52.7,-1.45553602840554E-14,12.));
#8116=CARTESIAN_POINT('Origin',(52.7,-8.88178419700125E-15,12.));
#8117=CARTESIAN_POINT('',(52.7,-8.69808717712915E-15,10.5));
#8118=CARTESIAN_POINT('Origin',(52.7,-8.88178419700125E-15,12.));
#8119=CARTESIAN_POINT('',(51.2,-8.77883066982916E-15,10.5));
#8120=CARTESIAN_POINT('',(52.7,-9.06548121687336E-15,10.5));
#8121=CARTESIAN_POINT('Origin',(51.2,-8.96252768970127E-15,12.));
#8122=CARTESIAN_POINT('Origin',(52.7,-16.,12.));
#8123=CARTESIAN_POINT('',(-51.2,-16.,10.5));
#8124=CARTESIAN_POINT('Origin',(-51.2,-16.,12.));
#8125=CARTESIAN_POINT('',(-52.7,-16.,10.5));
#8126=CARTESIAN_POINT('',(52.7,-16.,10.5));
#8127=CARTESIAN_POINT('Origin',(-52.7,-16.,12.));
#8128=CARTESIAN_POINT('Origin',(52.7,-16.,12.));
#8129=CARTESIAN_POINT('',(52.7,-16.,10.5));
#8130=CARTESIAN_POINT('Origin',(52.7,-16.,12.));
#8131=CARTESIAN_POINT('',(51.2,-16.,10.5));
#8132=CARTESIAN_POINT('',(52.7,-16.,10.5));
#8133=CARTESIAN_POINT('Origin',(51.2,-16.,12.));
#8134=CARTESIAN_POINT('Origin',(52.7,-32.,12.));
#8135=CARTESIAN_POINT('',(-51.2,-32.,10.5));
#8136=CARTESIAN_POINT('Origin',(-51.2,-32.,12.));
#8137=CARTESIAN_POINT('',(-52.7,-32.,10.5));
#8138=CARTESIAN_POINT('',(52.7,-32.,10.5));
#8139=CARTESIAN_POINT('Origin',(-52.7,-32.,12.));
#8140=CARTESIAN_POINT('Origin',(52.7,-32.,12.));
#8141=CARTESIAN_POINT('',(52.7,-32.,10.5));
#8142=CARTESIAN_POINT('Origin',(52.7,-32.,12.));
#8143=CARTESIAN_POINT('',(51.2,-32.,10.5));
#8144=CARTESIAN_POINT('',(52.7,-32.,10.5));
#8145=CARTESIAN_POINT('Origin',(51.2,-32.,12.));
#8146=CARTESIAN_POINT('Origin',(52.7,-48.,12.));
#8147=CARTESIAN_POINT('',(-51.2,-48.,10.5));
#8148=CARTESIAN_POINT('Origin',(-51.2,-48.,12.));
#8149=CARTESIAN_POINT('',(-52.7,-48.,10.5));
#8150=CARTESIAN_POINT('',(52.7,-48.,10.5));
#8151=CARTESIAN_POINT('Origin',(-52.7,-48.,12.));
#8152=CARTESIAN_POINT('Origin',(52.7,-48.,12.));
#8153=CARTESIAN_POINT('',(52.7,-48.,10.5));
#8154=CARTESIAN_POINT('Origin',(52.7,-48.,12.));
#8155=CARTESIAN_POINT('',(51.2,-48.,10.5));
#8156=CARTESIAN_POINT('',(52.7,-48.,10.5));
#8157=CARTESIAN_POINT('Origin',(51.2,-48.,12.));
#8158=CARTESIAN_POINT('Origin',(52.7,-56.,12.));
#8159=CARTESIAN_POINT('',(-51.2,-56.,10.5));
#8160=CARTESIAN_POINT('Origin',(-51.2,-56.,12.));
#8161=CARTESIAN_POINT('',(-52.7,-56.,10.5));
#8162=CARTESIAN_POINT('',(52.7,-56.,10.5));
#8163=CARTESIAN_POINT('Origin',(-52.7,-56.,12.));
#8164=CARTESIAN_POINT('Origin',(52.7,-56.,12.));
#8165=CARTESIAN_POINT('',(52.7,-56.,10.5));
#8166=CARTESIAN_POINT('Origin',(52.7,-56.,12.));
#8167=CARTESIAN_POINT('',(51.2,-56.,10.5));
#8168=CARTESIAN_POINT('',(52.7,-56.,10.5));
#8169=CARTESIAN_POINT('Origin',(51.2,-56.,12.));
#8170=CARTESIAN_POINT('Origin',(52.7,16.,12.));
#8171=CARTESIAN_POINT('',(-51.2,16.,10.5));
#8172=CARTESIAN_POINT('Origin',(-51.2,16.,12.));
#8173=CARTESIAN_POINT('',(-52.7,16.,10.5));
#8174=CARTESIAN_POINT('',(52.7,16.,10.5));
#8175=CARTESIAN_POINT('Origin',(-52.7,16.,12.));
#8176=CARTESIAN_POINT('Origin',(52.7,16.,12.));
#8177=CARTESIAN_POINT('',(52.7,16.,10.5));
#8178=CARTESIAN_POINT('Origin',(52.7,16.,12.));
#8179=CARTESIAN_POINT('',(51.2,16.,10.5));
#8180=CARTESIAN_POINT('',(52.7,16.,10.5));
#8181=CARTESIAN_POINT('Origin',(51.2,16.,12.));
#8182=CARTESIAN_POINT('Origin',(52.7,32.,12.));
#8183=CARTESIAN_POINT('',(-51.2,32.,10.5));
#8184=CARTESIAN_POINT('Origin',(-51.2,32.,12.));
#8185=CARTESIAN_POINT('',(-52.7,32.,10.5));
#8186=CARTESIAN_POINT('',(52.7,32.,10.5));
#8187=CARTESIAN_POINT('Origin',(-52.7,32.,12.));
#8188=CARTESIAN_POINT('Origin',(52.7,32.,12.));
#8189=CARTESIAN_POINT('',(52.7,32.,10.5));
#8190=CARTESIAN_POINT('Origin',(52.7,32.,12.));
#8191=CARTESIAN_POINT('',(51.2,32.,10.5));
#8192=CARTESIAN_POINT('',(52.7,32.,10.5));
#8193=CARTESIAN_POINT('Origin',(51.2,32.,12.));
#8194=CARTESIAN_POINT('Origin',(52.7,48.,12.));
#8195=CARTESIAN_POINT('',(-51.2,48.,10.5));
#8196=CARTESIAN_POINT('Origin',(-51.2,48.,12.));
#8197=CARTESIAN_POINT('',(-52.7,48.,10.5));
#8198=CARTESIAN_POINT('',(52.7,48.,10.5));
#8199=CARTESIAN_POINT('Origin',(-52.7,48.,12.));
#8200=CARTESIAN_POINT('Origin',(52.7,48.,12.));
#8201=CARTESIAN_POINT('',(52.7,48.,10.5));
#8202=CARTESIAN_POINT('Origin',(52.7,48.,12.));
#8203=CARTESIAN_POINT('',(51.2,48.,10.5));
#8204=CARTESIAN_POINT('',(52.7,48.,10.5));
#8205=CARTESIAN_POINT('Origin',(51.2,48.,12.));
#8206=CARTESIAN_POINT('Origin',(52.7,64.,12.));
#8207=CARTESIAN_POINT('',(-51.2,64.,10.5));
#8208=CARTESIAN_POINT('Origin',(-51.2,64.,12.));
#8209=CARTESIAN_POINT('',(-52.7,64.,10.5));
#8210=CARTESIAN_POINT('',(52.7,64.,10.5));
#8211=CARTESIAN_POINT('Origin',(-52.7,64.,12.));
#8212=CARTESIAN_POINT('Origin',(52.7,64.,12.));
#8213=CARTESIAN_POINT('',(52.7,64.,10.5));
#8214=CARTESIAN_POINT('Origin',(52.7,64.,12.));
#8215=CARTESIAN_POINT('',(51.2,64.,10.5));
#8216=CARTESIAN_POINT('',(52.7,64.,10.5));
#8217=CARTESIAN_POINT('Origin',(51.2,64.,12.));
#8218=CARTESIAN_POINT('Origin',(52.7,-12.,16.));
#8219=CARTESIAN_POINT('',(-51.2,-12.,14.5));
#8220=CARTESIAN_POINT('Origin',(-51.2,-12.,16.));
#8221=CARTESIAN_POINT('',(-52.7,-12.,14.5));
#8222=CARTESIAN_POINT('',(52.7,-12.,14.5));
#8223=CARTESIAN_POINT('Origin',(-52.7,-12.,16.));
#8224=CARTESIAN_POINT('Origin',(52.7,-12.,16.));
#8225=CARTESIAN_POINT('',(52.7,-12.,14.5));
#8226=CARTESIAN_POINT('Origin',(52.7,-12.,16.));
#8227=CARTESIAN_POINT('',(51.2,-12.,14.5));
#8228=CARTESIAN_POINT('',(52.7,-12.,14.5));
#8229=CARTESIAN_POINT('Origin',(51.2,-12.,16.));
#8230=CARTESIAN_POINT('Origin',(52.7,-28.,16.));
#8231=CARTESIAN_POINT('',(-51.2,-28.,14.5));
#8232=CARTESIAN_POINT('Origin',(-51.2,-28.,16.));
#8233=CARTESIAN_POINT('',(-52.7,-28.,14.5));
#8234=CARTESIAN_POINT('',(52.7,-28.,14.5));
#8235=CARTESIAN_POINT('Origin',(-52.7,-28.,16.));
#8236=CARTESIAN_POINT('Origin',(52.7,-28.,16.));
#8237=CARTESIAN_POINT('',(52.7,-28.,14.5));
#8238=CARTESIAN_POINT('Origin',(52.7,-28.,16.));
#8239=CARTESIAN_POINT('',(51.2,-28.,14.5));
#8240=CARTESIAN_POINT('',(52.7,-28.,14.5));
#8241=CARTESIAN_POINT('Origin',(51.2,-28.,16.));
#8242=CARTESIAN_POINT('Origin',(52.7,-44.,16.));
#8243=CARTESIAN_POINT('',(-51.2,-44.,14.5));
#8244=CARTESIAN_POINT('Origin',(-51.2,-44.,16.));
#8245=CARTESIAN_POINT('',(-52.7,-44.,14.5));
#8246=CARTESIAN_POINT('',(52.7,-44.,14.5));
#8247=CARTESIAN_POINT('Origin',(-52.7,-44.,16.));
#8248=CARTESIAN_POINT('Origin',(52.7,-44.,16.));
#8249=CARTESIAN_POINT('',(52.7,-44.,14.5));
#8250=CARTESIAN_POINT('Origin',(52.7,-44.,16.));
#8251=CARTESIAN_POINT('',(51.2,-44.,14.5));
#8252=CARTESIAN_POINT('',(52.7,-44.,14.5));
#8253=CARTESIAN_POINT('Origin',(51.2,-44.,16.));
#8254=CARTESIAN_POINT('Origin',(52.7,-68.,16.));
#8255=CARTESIAN_POINT('',(-51.2,-68.,14.5));
#8256=CARTESIAN_POINT('Origin',(-51.2,-68.,16.));
#8257=CARTESIAN_POINT('',(-52.7,-68.,14.5));
#8258=CARTESIAN_POINT('',(52.7,-68.,14.5));
#8259=CARTESIAN_POINT('Origin',(-52.7,-68.,16.));
#8260=CARTESIAN_POINT('Origin',(52.7,-68.,16.));
#8261=CARTESIAN_POINT('',(52.7,-68.,14.5));
#8262=CARTESIAN_POINT('Origin',(52.7,-68.,16.));
#8263=CARTESIAN_POINT('',(51.2,-68.,14.5));
#8264=CARTESIAN_POINT('',(52.7,-68.,14.5));
#8265=CARTESIAN_POINT('Origin',(51.2,-68.,16.));
#8266=CARTESIAN_POINT('Origin',(52.7,3.99999999999999,16.));
#8267=CARTESIAN_POINT('',(-51.2,3.99999999999999,14.5));
#8268=CARTESIAN_POINT('Origin',(-51.2,3.99999999999999,16.));
#8269=CARTESIAN_POINT('',(-52.7,3.99999999999999,14.5));
#8270=CARTESIAN_POINT('',(52.7,3.99999999999999,14.5));
#8271=CARTESIAN_POINT('Origin',(-52.7,3.99999999999999,16.));
#8272=CARTESIAN_POINT('Origin',(52.7,3.99999999999999,16.));
#8273=CARTESIAN_POINT('',(52.7,3.99999999999999,14.5));
#8274=CARTESIAN_POINT('Origin',(52.7,3.99999999999999,16.));
#8275=CARTESIAN_POINT('',(51.2,3.99999999999999,14.5));
#8276=CARTESIAN_POINT('',(52.7,3.99999999999999,14.5));
#8277=CARTESIAN_POINT('Origin',(51.2,3.99999999999999,16.));
#8278=CARTESIAN_POINT('Origin',(52.7,20.,16.));
#8279=CARTESIAN_POINT('',(-51.2,20.,14.5));
#8280=CARTESIAN_POINT('Origin',(-51.2,20.,16.));
#8281=CARTESIAN_POINT('',(-52.7,20.,14.5));
#8282=CARTESIAN_POINT('',(52.7,20.,14.5));
#8283=CARTESIAN_POINT('Origin',(-52.7,20.,16.));
#8284=CARTESIAN_POINT('Origin',(52.7,20.,16.));
#8285=CARTESIAN_POINT('',(52.7,20.,14.5));
#8286=CARTESIAN_POINT('Origin',(52.7,20.,16.));
#8287=CARTESIAN_POINT('',(51.2,20.,14.5));
#8288=CARTESIAN_POINT('',(52.7,20.,14.5));
#8289=CARTESIAN_POINT('Origin',(51.2,20.,16.));
#8290=CARTESIAN_POINT('Origin',(52.7,36.,16.));
#8291=CARTESIAN_POINT('',(-51.2,36.,14.5));
#8292=CARTESIAN_POINT('Origin',(-51.2,36.,16.));
#8293=CARTESIAN_POINT('',(-52.7,36.,14.5));
#8294=CARTESIAN_POINT('',(52.7,36.,14.5));
#8295=CARTESIAN_POINT('Origin',(-52.7,36.,16.));
#8296=CARTESIAN_POINT('Origin',(52.7,36.,16.));
#8297=CARTESIAN_POINT('',(52.7,36.,14.5));
#8298=CARTESIAN_POINT('Origin',(52.7,36.,16.));
#8299=CARTESIAN_POINT('',(51.2,36.,14.5));
#8300=CARTESIAN_POINT('',(52.7,36.,14.5));
#8301=CARTESIAN_POINT('Origin',(51.2,36.,16.));
#8302=CARTESIAN_POINT('Origin',(52.7,52.,16.));
#8303=CARTESIAN_POINT('',(-51.2,52.,14.5));
#8304=CARTESIAN_POINT('Origin',(-51.2,52.,16.));
#8305=CARTESIAN_POINT('',(-52.7,52.,14.5));
#8306=CARTESIAN_POINT('',(52.7,52.,14.5));
#8307=CARTESIAN_POINT('Origin',(-52.7,52.,16.));
#8308=CARTESIAN_POINT('Origin',(52.7,52.,16.));
#8309=CARTESIAN_POINT('',(52.7,52.,14.5));
#8310=CARTESIAN_POINT('Origin',(52.7,52.,16.));
#8311=CARTESIAN_POINT('',(51.2,52.,14.5));
#8312=CARTESIAN_POINT('',(52.7,52.,14.5));
#8313=CARTESIAN_POINT('Origin',(51.2,52.,16.));
#8314=CARTESIAN_POINT('Origin',(52.7,60.,16.));
#8315=CARTESIAN_POINT('',(-51.2,60.,14.5));
#8316=CARTESIAN_POINT('Origin',(-51.2,60.,16.));
#8317=CARTESIAN_POINT('',(-52.7,60.,14.5));
#8318=CARTESIAN_POINT('',(52.7,60.,14.5));
#8319=CARTESIAN_POINT('Origin',(-52.7,60.,16.));
#8320=CARTESIAN_POINT('Origin',(52.7,60.,16.));
#8321=CARTESIAN_POINT('',(52.7,60.,14.5));
#8322=CARTESIAN_POINT('Origin',(52.7,60.,16.));
#8323=CARTESIAN_POINT('',(51.2,60.,14.5));
#8324=CARTESIAN_POINT('',(52.7,60.,14.5));
#8325=CARTESIAN_POINT('Origin',(51.2,60.,16.));
#8326=CARTESIAN_POINT('Origin',(35.5,72.5,0.75));
#8327=CARTESIAN_POINT('',(36.7295,72.5,0.));
#8328=CARTESIAN_POINT('Origin',(35.5,72.5,0.));
#8329=CARTESIAN_POINT('',(36.7295,72.5,1.5));
#8330=CARTESIAN_POINT('',(36.7295,72.5,0.75));
#8331=CARTESIAN_POINT('Origin',(35.5,72.5,1.5));
#8332=CARTESIAN_POINT('Origin',(-35.5,-72.5,0.75));
#8333=CARTESIAN_POINT('',(-34.2705,-72.5,0.));
#8334=CARTESIAN_POINT('Origin',(-35.5,-72.5,0.));
#8335=CARTESIAN_POINT('',(-34.2705,-72.5,1.5));
#8336=CARTESIAN_POINT('',(-34.2705,-72.5,0.75));
#8337=CARTESIAN_POINT('Origin',(-35.5,-72.5,1.5));
#8338=CARTESIAN_POINT('Origin',(35.5,-72.5,0.75));
#8339=CARTESIAN_POINT('',(36.7295,-72.5,0.));
#8340=CARTESIAN_POINT('Origin',(35.5,-72.5,0.));
#8341=CARTESIAN_POINT('',(36.7295,-72.5,1.5));
#8342=CARTESIAN_POINT('',(36.7295,-72.5,0.75));
#8343=CARTESIAN_POINT('Origin',(35.5,-72.5,1.5));
#8344=CARTESIAN_POINT('Origin',(-35.5,72.5,0.75));
#8345=CARTESIAN_POINT('',(-34.2705,72.5,0.));
#8346=CARTESIAN_POINT('Origin',(-35.5,72.5,0.));
#8347=CARTESIAN_POINT('',(-34.2705,72.5,1.5));
#8348=CARTESIAN_POINT('',(-34.2705,72.5,0.75));
#8349=CARTESIAN_POINT('Origin',(-35.5,72.5,1.5));
#8350=CARTESIAN_POINT('Origin',(-26.35,80.7,1.8));
#8351=CARTESIAN_POINT('',(50.9,80.7,0.));
#8352=CARTESIAN_POINT('',(-50.9,80.7,0.));
#8353=CARTESIAN_POINT('',(-26.35,80.7,0.));
#8354=CARTESIAN_POINT('',(-52.7,82.5,1.8));
#8355=CARTESIAN_POINT('Origin',(-50.9,80.7,1.8));
#8356=CARTESIAN_POINT('',(52.7,82.5,1.8));
#8357=CARTESIAN_POINT('',(-26.35,82.5,1.8));
#8358=CARTESIAN_POINT('Origin',(50.9,80.7,1.8));
#8359=CARTESIAN_POINT('Origin',(-50.9,-41.25,1.8));
#8360=CARTESIAN_POINT('',(-52.6748239349299,80.7,1.5));
#8361=CARTESIAN_POINT('',(-52.7,81.,1.8));
#8362=CARTESIAN_POINT('Ctrl Pts',(-52.6748239349299,80.7,1.5));
#8363=CARTESIAN_POINT('Ctrl Pts',(-52.6748239349299,80.7377449625946,1.5));
#8364=CARTESIAN_POINT('Ctrl Pts',(-52.6761525609418,80.7779566442907,1.50755778869235));
#8365=CARTESIAN_POINT('Ctrl Pts',(-52.6809263843537,80.8518489758853,1.53819553613897));
#8366=CARTESIAN_POINT('Ctrl Pts',(-52.6842999008332,80.8855357997666,1.56127173105465));
#8367=CARTESIAN_POINT('Ctrl Pts',(-52.690612601207,80.9387275585894,1.61446348987747));
#8368=CARTESIAN_POINT('Ctrl Pts',(-52.6939655538852,80.9618043106871,1.64815061872738));
#8369=CARTESIAN_POINT('Ctrl Pts',(-52.6986921651037,80.9924424627,1.72204399798051));
#8370=CARTESIAN_POINT('Ctrl Pts',(-52.7,81.,1.76225604553158));
#8371=CARTESIAN_POINT('Ctrl Pts',(-52.7,81.,1.8));
#8372=CARTESIAN_POINT('',(-52.7,-41.25,1.8));
#8373=CARTESIAN_POINT('',(-50.9,-80.7,0.));
#8374=CARTESIAN_POINT('',(-50.9,-41.25,0.));
#8375=CARTESIAN_POINT('',(-52.7,-82.5,1.8));
#8376=CARTESIAN_POINT('Origin',(-50.9,-80.7,1.8));
#8377=CARTESIAN_POINT('',(-52.7,-81.,1.8));
#8378=CARTESIAN_POINT('',(-52.7,-41.25,1.8));
#8379=CARTESIAN_POINT('',(-52.6748239349299,-80.7,1.5));
#8380=CARTESIAN_POINT('Ctrl Pts',(-52.7,-81.,1.8));
#8381=CARTESIAN_POINT('Ctrl Pts',(-52.7,-81.,1.76225604553158));
#8382=CARTESIAN_POINT('Ctrl Pts',(-52.6986921651036,-80.9924424627,1.72204399798051));
#8383=CARTESIAN_POINT('Ctrl Pts',(-52.6939655538852,-80.9618043106871,1.64815061872738));
#8384=CARTESIAN_POINT('Ctrl Pts',(-52.690612601207,-80.9387275585894,1.61446348987747));
#8385=CARTESIAN_POINT('Ctrl Pts',(-52.6842999008332,-80.8855357997665,1.56127173105464));
#8386=CARTESIAN_POINT('Ctrl Pts',(-52.6809263843537,-80.8518489758853,1.53819553613896));
#8387=CARTESIAN_POINT('Ctrl Pts',(-52.6761525609418,-80.7779566442906,1.50755778869235));
#8388=CARTESIAN_POINT('Ctrl Pts',(-52.6748239349299,-80.7377449625945,1.5));
#8389=CARTESIAN_POINT('Ctrl Pts',(-52.6748239349299,-80.7,1.5));
#8390=CARTESIAN_POINT('',(-52.6748239349299,-79.5,1.5));
#8391=CARTESIAN_POINT('',(-52.6748239349299,-41.25,1.5));
#8392=CARTESIAN_POINT('',(-52.7,-79.5,1.8));
#8393=CARTESIAN_POINT('Origin',(-50.9,-79.5,1.8));
#8394=CARTESIAN_POINT('',(-52.7,79.5,1.8));
#8395=CARTESIAN_POINT('',(-52.7,-41.25,1.8));
#8396=CARTESIAN_POINT('',(-52.6748239349299,79.5,1.5));
#8397=CARTESIAN_POINT('Origin',(-50.9,79.5,1.8));
#8398=CARTESIAN_POINT('',(-52.6748239349299,-41.25,1.5));
#8399=CARTESIAN_POINT('Origin',(50.9,41.25,1.8));
#8400=CARTESIAN_POINT('',(52.6748239349299,-80.7,1.5));
#8401=CARTESIAN_POINT('',(52.7,-81.,1.8));
#8402=CARTESIAN_POINT('Ctrl Pts',(52.6748239349299,-80.7,1.5));
#8403=CARTESIAN_POINT('Ctrl Pts',(52.6748239349299,-80.7377449625946,1.5));
#8404=CARTESIAN_POINT('Ctrl Pts',(52.6761525609418,-80.7779566442907,1.50755778869235));
#8405=CARTESIAN_POINT('Ctrl Pts',(52.6809263843537,-80.8518489758853,1.53819553613897));
#8406=CARTESIAN_POINT('Ctrl Pts',(52.6842999008332,-80.8855357997666,1.56127173105464));
#8407=CARTESIAN_POINT('Ctrl Pts',(52.690612601207,-80.9387275585894,1.61446348987747));
#8408=CARTESIAN_POINT('Ctrl Pts',(52.6939655538852,-80.9618043106871,1.64815061872738));
#8409=CARTESIAN_POINT('Ctrl Pts',(52.6986921651036,-80.9924424627,1.72204399798051));
#8410=CARTESIAN_POINT('Ctrl Pts',(52.7,-81.,1.76225604553158));
#8411=CARTESIAN_POINT('Ctrl Pts',(52.7,-81.,1.8));
#8412=CARTESIAN_POINT('',(52.7,-82.5,1.8));
#8413=CARTESIAN_POINT('',(52.7,41.25,1.8));
#8414=CARTESIAN_POINT('',(50.9,-80.7,0.));
#8415=CARTESIAN_POINT('Origin',(50.9,-80.7,1.8));
#8416=CARTESIAN_POINT('',(50.9,41.25,0.));
#8417=CARTESIAN_POINT('',(52.7,81.,1.8));
#8418=CARTESIAN_POINT('',(52.7,41.25,1.8));
#8419=CARTESIAN_POINT('',(52.6748239349299,80.7,1.5));
#8420=CARTESIAN_POINT('Ctrl Pts',(52.7,81.,1.8));
#8421=CARTESIAN_POINT('Ctrl Pts',(52.7,81.,1.76225604553158));
#8422=CARTESIAN_POINT('Ctrl Pts',(52.6986921651036,80.9924424627,1.72204399798051));
#8423=CARTESIAN_POINT('Ctrl Pts',(52.6939655538852,80.9618043106871,1.64815061872738));
#8424=CARTESIAN_POINT('Ctrl Pts',(52.690612601207,80.9387275585894,1.61446348987747));
#8425=CARTESIAN_POINT('Ctrl Pts',(52.6842999008332,80.8855357997666,1.56127173105464));
#8426=CARTESIAN_POINT('Ctrl Pts',(52.6809263843537,80.8518489758853,1.53819553613897));
#8427=CARTESIAN_POINT('Ctrl Pts',(52.6761525609418,80.7779566442907,1.50755778869235));
#8428=CARTESIAN_POINT('Ctrl Pts',(52.6748239349299,80.7377449625946,1.5));
#8429=CARTESIAN_POINT('Ctrl Pts',(52.6748239349299,80.7,1.5));
#8430=CARTESIAN_POINT('',(52.6748239349299,79.5,1.5));
#8431=CARTESIAN_POINT('',(52.6748239349299,41.25,1.5));
#8432=CARTESIAN_POINT('',(52.7,79.5,1.8));
#8433=CARTESIAN_POINT('Origin',(50.9,79.5,1.8));
#8434=CARTESIAN_POINT('',(52.7,-79.5,1.8));
#8435=CARTESIAN_POINT('',(52.7,41.25,1.8));
#8436=CARTESIAN_POINT('',(52.6748239349299,-79.5,1.5));
#8437=CARTESIAN_POINT('Origin',(50.9,-79.5,1.8));
#8438=CARTESIAN_POINT('',(52.6748239349299,41.25,1.5));
#8439=CARTESIAN_POINT('Origin',(26.35,-80.7,1.8));
#8440=CARTESIAN_POINT('',(26.35,-80.7,0.));
#8441=CARTESIAN_POINT('',(26.35,-82.5,1.8));
#8442=CARTESIAN_POINT('Origin',(-52.7,-79.5,1.5));
#8443=CARTESIAN_POINT('',(-50.9,-79.5,1.5));
#8444=CARTESIAN_POINT('',(-26.3499999999998,-79.4999999999999,1.5));
#8445=CARTESIAN_POINT('',(-51.2,-79.5,1.8));
#8446=CARTESIAN_POINT('Origin',(-50.9,-79.5,1.8));
#8447=CARTESIAN_POINT('',(-51.2,-79.5,17.));
#8448=CARTESIAN_POINT('',(-51.2,-79.5,1.5));
#8449=CARTESIAN_POINT('',(-52.7,-79.5,17.));
#8450=CARTESIAN_POINT('',(-52.3249999999998,-79.5,17.));
#8451=CARTESIAN_POINT('',(-52.7,-79.5,1.5));
#8452=CARTESIAN_POINT('Origin',(-52.7,-82.5,0.));
#8453=CARTESIAN_POINT('',(-52.7,-82.5,27.));
#8454=CARTESIAN_POINT('',(-52.7,-82.5,0.));
#8455=CARTESIAN_POINT('',(-52.7,-81.,27.));
#8456=CARTESIAN_POINT('',(-52.7,-82.125,27.));
#8457=CARTESIAN_POINT('',(-52.7,-81.,1.5));
#8458=CARTESIAN_POINT('Origin',(-52.7,-82.5,0.));
#8459=CARTESIAN_POINT('',(-52.7,81.,27.));
#8460=CARTESIAN_POINT('',(-52.7,81.,1.5));
#8461=CARTESIAN_POINT('',(-52.7,82.5,27.));
#8462=CARTESIAN_POINT('',(-52.7,-0.375000000000001,27.));
#8463=CARTESIAN_POINT('',(-52.7,82.5,0.));
#8464=CARTESIAN_POINT('Origin',(52.7,-82.5,0.));
#8465=CARTESIAN_POINT('',(52.7,-82.5,27.));
#8466=CARTESIAN_POINT('',(52.7,-82.5,0.));
#8467=CARTESIAN_POINT('',(44.7,-82.5,35.));
#8468=CARTESIAN_POINT('Origin',(44.7,-82.5,27.));
#8469=CARTESIAN_POINT('',(-44.7,-82.5,35.));
#8470=CARTESIAN_POINT('',(-52.7,-82.5,35.));
#8471=CARTESIAN_POINT('Origin',(-44.7,-82.5,27.));
#8472=CARTESIAN_POINT('Origin',(26.35,-80.7,1.8));
#8473=CARTESIAN_POINT('',(26.35,-81.,1.8));
#8474=CARTESIAN_POINT('',(26.35,-80.7,1.5));
#8475=CARTESIAN_POINT('Origin',(0.,5.9189996756643E-15,1.5));
#8476=CARTESIAN_POINT('',(50.9,-79.5,1.5));
#8477=CARTESIAN_POINT('',(25.5999999999998,-79.4999999999999,1.5));
#8478=CARTESIAN_POINT('',(50.9,79.5,1.5));
#8479=CARTESIAN_POINT('',(50.9,39.75,1.5));
#8480=CARTESIAN_POINT('',(26.35,79.5,1.5));
#8481=CARTESIAN_POINT('',(-26.35,80.7,1.5));
#8482=CARTESIAN_POINT('',(-50.9,79.5,1.5));
#8483=CARTESIAN_POINT('',(-25.6000000000007,79.5000000000005,1.5));
#8484=CARTESIAN_POINT('',(-50.9,-39.75,1.5));
#8485=CARTESIAN_POINT('Origin',(51.2,-79.5,1.5));
#8486=CARTESIAN_POINT('',(52.7,-79.5,17.));
#8487=CARTESIAN_POINT('',(52.7,-79.5,1.5));
#8488=CARTESIAN_POINT('',(51.2,-79.5,17.));
#8489=CARTESIAN_POINT('',(51.5749999999998,-79.5,17.));
#8490=CARTESIAN_POINT('',(51.2,-79.5,1.8));
#8491=CARTESIAN_POINT('',(51.2,-79.5,1.5));
#8492=CARTESIAN_POINT('Origin',(50.9,-79.5,1.8));
#8493=CARTESIAN_POINT('Origin',(52.7,82.5,0.));
#8494=CARTESIAN_POINT('',(52.7,79.5,17.));
#8495=CARTESIAN_POINT('',(52.7,79.5,1.5));
#8496=CARTESIAN_POINT('',(52.7,71.5,25.));
#8497=CARTESIAN_POINT('Origin',(52.7,71.5,17.));
#8498=CARTESIAN_POINT('',(52.7,-71.5,25.));
#8499=CARTESIAN_POINT('',(52.7,-79.5,25.));
#8500=CARTESIAN_POINT('Origin',(52.6999999999991,-71.5,17.));
#8501=CARTESIAN_POINT('Origin',(52.7,82.5,0.));
#8502=CARTESIAN_POINT('',(52.7,82.5,27.));
#8503=CARTESIAN_POINT('',(52.7,82.5,0.));
#8504=CARTESIAN_POINT('',(52.7,81.,27.));
#8505=CARTESIAN_POINT('',(52.7,82.125,27.));
#8506=CARTESIAN_POINT('',(52.7,81.,1.5));
#8507=CARTESIAN_POINT('Origin',(52.7,82.5,0.));
#8508=CARTESIAN_POINT('',(52.7,-81.,27.));
#8509=CARTESIAN_POINT('',(52.7,-81.,1.5));
#8510=CARTESIAN_POINT('',(52.7,0.374999999999998,27.));
#8511=CARTESIAN_POINT('Origin',(0.,7.40367661983758E-15,0.));
#8512=CARTESIAN_POINT('Origin',(50.9,39.75,1.8));
#8513=CARTESIAN_POINT('',(51.2,79.5,1.8));
#8514=CARTESIAN_POINT('',(51.2,39.75,1.8));
#8515=CARTESIAN_POINT('Origin',(50.9,79.5,1.8));
#8516=CARTESIAN_POINT('Origin',(51.2,79.5,1.5));
#8517=CARTESIAN_POINT('',(51.2,-71.5,25.));
#8518=CARTESIAN_POINT('Origin',(51.1999999999991,-71.5,17.));
#8519=CARTESIAN_POINT('',(51.2,71.5,25.));
#8520=CARTESIAN_POINT('',(51.2,79.5,25.));
#8521=CARTESIAN_POINT('',(51.2,79.5,17.));
#8522=CARTESIAN_POINT('Origin',(51.2,71.5,17.));
#8523=CARTESIAN_POINT('',(51.2,79.5,1.5));
#8524=CARTESIAN_POINT('Origin',(52.7,-81.,1.5));
#8525=CARTESIAN_POINT('',(-44.7,-81.,35.));
#8526=CARTESIAN_POINT('Origin',(-44.7,-81.,27.));
#8527=CARTESIAN_POINT('',(44.7,-81.,35.));
#8528=CARTESIAN_POINT('',(52.7,-81.,35.));
#8529=CARTESIAN_POINT('Origin',(44.7,-81.,27.));
#8530=CARTESIAN_POINT('Origin',(-26.35,80.7,1.8));
#8531=CARTESIAN_POINT('',(-26.35,81.,1.8));
#8532=CARTESIAN_POINT('Origin',(-52.7,81.,1.5));
#8533=CARTESIAN_POINT('',(44.7,81.,35.));
#8534=CARTESIAN_POINT('Origin',(44.7,81.,27.));
#8535=CARTESIAN_POINT('',(-44.7,81.,35.));
#8536=CARTESIAN_POINT('',(-52.7,81.,35.));
#8537=CARTESIAN_POINT('Origin',(-44.7,81.,27.));
#8538=CARTESIAN_POINT('Origin',(-50.9,-39.75,1.8));
#8539=CARTESIAN_POINT('',(-51.2,79.5,1.8));
#8540=CARTESIAN_POINT('Origin',(-50.9,79.5,1.8));
#8541=CARTESIAN_POINT('',(-51.2,-39.75,1.8));
#8542=CARTESIAN_POINT('Origin',(-51.2,-79.5,1.5));
#8543=CARTESIAN_POINT('',(-51.2,79.5,17.));
#8544=CARTESIAN_POINT('',(-51.2,79.5,1.5));
#8545=CARTESIAN_POINT('',(-51.2,71.5,25.));
#8546=CARTESIAN_POINT('Origin',(-51.2000000000027,71.5,17.));
#8547=CARTESIAN_POINT('',(-51.2,-71.5,25.));
#8548=CARTESIAN_POINT('',(-51.2,-79.5,25.));
#8549=CARTESIAN_POINT('Origin',(-51.2,-71.5,17.));
#8550=CARTESIAN_POINT('Origin',(-52.3249999999998,-71.5,17.));
#8551=CARTESIAN_POINT('',(-52.7,-71.5,25.));
#8552=CARTESIAN_POINT('',(-52.3249999999998,-71.5,25.));
#8553=CARTESIAN_POINT('Origin',(-52.7000000000001,-71.5,17.));
#8554=CARTESIAN_POINT('Origin',(-51.95,2.23082196536831E-15,25.));
#8555=CARTESIAN_POINT('',(-52.7,71.5,25.));
#8556=CARTESIAN_POINT('',(-51.5750000000006,71.5,25.));
#8557=CARTESIAN_POINT('',(-52.7,79.5,25.));
#8558=CARTESIAN_POINT('Origin',(-51.5750000000006,71.5,17.));
#8559=CARTESIAN_POINT('',(-52.7,79.5,17.));
#8560=CARTESIAN_POINT('Origin',(-52.7000000000027,71.5,17.));
#8561=CARTESIAN_POINT('',(-51.5750000000007,79.5,17.));
#8562=CARTESIAN_POINT('Origin',(-52.7,-82.5,0.));
#8563=CARTESIAN_POINT('',(-52.7,79.5,1.5));
#8564=CARTESIAN_POINT('Origin',(-51.2,79.5,1.5));
#8565=CARTESIAN_POINT('Origin',(-44.7,-0.375,27.));
#8566=CARTESIAN_POINT('',(-44.7,82.5,35.));
#8567=CARTESIAN_POINT('Origin',(-44.7,82.5,27.));
#8568=CARTESIAN_POINT('',(-44.7,-0.375,35.));
#8569=CARTESIAN_POINT('Origin',(-1.33444861023467E-14,81.75,35.));
#8570=CARTESIAN_POINT('',(44.7,82.5,35.));
#8571=CARTESIAN_POINT('',(44.7,82.125,35.));
#8572=CARTESIAN_POINT('',(52.7,82.5,35.));
#8573=CARTESIAN_POINT('Origin',(44.7,82.125,27.));
#8574=CARTESIAN_POINT('Origin',(44.7,82.5,27.));
#8575=CARTESIAN_POINT('Origin',(-52.7,82.5,0.));
#8576=CARTESIAN_POINT('Origin',(52.325,71.5,17.));
#8577=CARTESIAN_POINT('',(52.325,71.5,25.));
#8578=CARTESIAN_POINT('',(52.325,79.5,17.));
#8579=CARTESIAN_POINT('Origin',(51.95,-6.73396956057688E-15,25.));
#8580=CARTESIAN_POINT('',(51.5749999999998,-71.5,25.));
#8581=CARTESIAN_POINT('Origin',(-44.7,-82.125,27.));
#8582=CARTESIAN_POINT('',(-44.7,-82.125,35.));
#8583=CARTESIAN_POINT('Origin',(7.78921673029811E-17,-81.75,35.));
#8584=CARTESIAN_POINT('',(44.7,0.374999999999998,35.));
#8585=CARTESIAN_POINT('Origin',(51.5749999999998,-71.5,17.));
#8586=CARTESIAN_POINT('Origin',(44.7,0.374999999999998,27.));
#8587=CARTESIAN_POINT('Origin',(52.7,79.5,1.5));
#8588=CARTESIAN_POINT('',(0.,0.,0.));
#8589=CARTESIAN_POINT('Origin',(0.,0.,1.));
#8590=CARTESIAN_POINT('',(1.75,2.14313189850787E-16,1.));
#8591=CARTESIAN_POINT('Origin',(0.,0.,1.));
#8592=CARTESIAN_POINT('',(1.75,2.14313189850787E-16,0.));
#8593=CARTESIAN_POINT('',(1.75,-2.14313189850787E-16,1.));
#8594=CARTESIAN_POINT('Origin',(0.,0.,0.));
#8595=CARTESIAN_POINT('Origin',(0.,0.,0.));
#8596=CARTESIAN_POINT('',(9.,1.10218211923262E-15,1.));
#8597=CARTESIAN_POINT('Origin',(0.,0.,1.));
#8598=CARTESIAN_POINT('',(9.,1.10218211923262E-15,0.));
#8599=CARTESIAN_POINT('',(9.,1.10218211923262E-15,0.));
#8600=CARTESIAN_POINT('Origin',(0.,0.,0.));
#8601=CARTESIAN_POINT('Origin',(-5.03042222760184E-16,2.05596856412066E-16,
1.));
#8602=CARTESIAN_POINT('Origin',(-5.03042222760184E-16,2.05596856412066E-16,
0.));
#8603=CARTESIAN_POINT('',(0.,0.,0.));
#8604=CARTESIAN_POINT('Origin',(0.,0.,9.));
#8605=CARTESIAN_POINT('',(1.6,1.95943487863577E-16,9.));
#8606=CARTESIAN_POINT('Origin',(0.,0.,9.));
#8607=CARTESIAN_POINT('',(1.6,1.95943487863577E-16,0.));
#8608=CARTESIAN_POINT('',(1.6,-1.95943487863577E-16,9.));
#8609=CARTESIAN_POINT('Origin',(0.,0.,0.));
#8610=CARTESIAN_POINT('Origin',(0.,0.,0.));
#8611=CARTESIAN_POINT('',(9.,1.10218211923262E-15,9.));
#8612=CARTESIAN_POINT('Origin',(0.,0.,9.));
#8613=CARTESIAN_POINT('',(9.,1.10218211923262E-15,0.));
#8614=CARTESIAN_POINT('',(9.,1.10218211923262E-15,0.));
#8615=CARTESIAN_POINT('Origin',(0.,0.,0.));
#8616=CARTESIAN_POINT('Origin',(-5.03042222760184E-16,2.05596856412066E-16,
9.));
#8617=CARTESIAN_POINT('Origin',(-5.03042222760184E-16,2.05596856412066E-16,
0.));
#8618=CARTESIAN_POINT('',(0.,0.,0.));
#8619=CARTESIAN_POINT('Origin',(0.,0.,0.));
#8620=CARTESIAN_POINT('',(-3.7,4.53119315684521E-16,0.));
#8621=CARTESIAN_POINT('Origin',(0.,0.,0.));
#8622=CARTESIAN_POINT('',(-3.7,4.53119315684521E-16,1.8));
#8623=CARTESIAN_POINT('',(-3.7,-4.53119315684521E-16,0.));
#8624=CARTESIAN_POINT('Origin',(0.,0.,1.8));
#8625=CARTESIAN_POINT('Origin',(1.62785058359426E-16,6.25125576928579E-17,
1.8));
#8626=CARTESIAN_POINT('',(1.75,2.14313189850787E-16,1.8));
#8627=CARTESIAN_POINT('Origin',(0.,0.,1.8));
#8628=CARTESIAN_POINT('Origin',(0.,0.,4.));
#8629=CARTESIAN_POINT('',(1.75,2.14313189850787E-16,4.));
#8630=CARTESIAN_POINT('Origin',(0.,0.,4.));
#8631=CARTESIAN_POINT('',(1.75,-2.14313189850787E-16,4.));
#8632=CARTESIAN_POINT('Origin',(0.,0.,0.));
#8633=CARTESIAN_POINT('',(7.5,9.18485099360515E-16,4.));
#8634=CARTESIAN_POINT('Origin',(0.,0.,4.));
#8635=CARTESIAN_POINT('',(7.5,9.18485099360515E-16,0.));
#8636=CARTESIAN_POINT('',(7.5,9.18485099360515E-16,0.));
#8637=CARTESIAN_POINT('Origin',(0.,0.,0.));
#8638=CARTESIAN_POINT('Origin',(-3.23256652641189E-16,1.2335811384724E-16,
4.));
#8639=CARTESIAN_POINT('Origin',(-3.23256652641189E-16,1.2335811384724E-16,
0.));
#8640=CARTESIAN_POINT('',(0.,0.,0.));
#8641=CARTESIAN_POINT('Origin',(0.,0.,-15.75));
#8642=CARTESIAN_POINT('',(-1.5,-1.83697019872103E-16,-15.75));
#8643=CARTESIAN_POINT('Origin',(0.,0.,-15.75));
#8644=CARTESIAN_POINT('',(-1.25,-1.53080849893419E-16,-16.));
#8645=CARTESIAN_POINT('',(-1.5,-1.83697019872103E-16,-15.75));
#8646=CARTESIAN_POINT('Origin',(0.,0.,-16.));
#8647=CARTESIAN_POINT('Origin',(0.,0.,0.8));
#8648=CARTESIAN_POINT('',(-3.,3.67381906146713E-16,0.499999999999999));
#8649=CARTESIAN_POINT('',(3.,-3.67394039744206E-16,0.499999999999998));
#8650=CARTESIAN_POINT('Origin',(0.,0.,0.499999999999999));
#8651=CARTESIAN_POINT('Origin',(0.,0.,0.499999999999999));
#8652=CARTESIAN_POINT('',(2.48038475772934,-3.03759525420711E-16,0.8));
#8653=CARTESIAN_POINT('',(2.48038475772934,-3.03759525420711E-16,0.8));
#8654=CARTESIAN_POINT('Origin',(0.,0.,0.8));
#8655=CARTESIAN_POINT('Origin',(0.,0.,15.3346424974824));
#8656=CARTESIAN_POINT('',(-3.,-3.67394039744206E-16,0.));
#8657=CARTESIAN_POINT('',(-3.,-3.67394039744206E-16,15.3346424974824));
#8658=CARTESIAN_POINT('Origin',(0.,0.,0.));
#8659=CARTESIAN_POINT('Origin',(0.,0.,15.3346424974824));
#8660=CARTESIAN_POINT('',(-1.5,-1.83697019872103E-16,0.));
#8661=CARTESIAN_POINT('Origin',(0.,0.,0.));
#8662=CARTESIAN_POINT('',(-1.5,-1.83697019872103E-16,15.3346424974824));
#8663=CARTESIAN_POINT('Origin',(0.,1.5,-16.));
#8664=CARTESIAN_POINT('Origin',(0.,3.,-2.07285902852072E-16));
#8665=CARTESIAN_POINT('Origin',(0.,-1.07765359136369E-15,0.8));
#8666=CARTESIAN_POINT('',(-1.,0.25,0.8));
#8667=CARTESIAN_POINT('',(-1.,-0.25,0.8));
#8668=CARTESIAN_POINT('',(-1.,0.25,0.8));
#8669=CARTESIAN_POINT('',(-0.25,0.25,0.8));
#8670=CARTESIAN_POINT('',(-0.25,0.25,0.8));
#8671=CARTESIAN_POINT('',(-0.25,1.,0.8));
#8672=CARTESIAN_POINT('',(-0.25,1.,0.8));
#8673=CARTESIAN_POINT('',(0.25,1.,0.8));
#8674=CARTESIAN_POINT('',(0.25,1.,0.8));
#8675=CARTESIAN_POINT('',(0.25,0.25,0.8));
#8676=CARTESIAN_POINT('',(0.25,0.25,0.8));
#8677=CARTESIAN_POINT('',(1.,0.25,0.8));
#8678=CARTESIAN_POINT('',(1.,0.25,0.8));
#8679=CARTESIAN_POINT('',(1.,-0.25,0.8));
#8680=CARTESIAN_POINT('',(1.,-0.25,0.8));
#8681=CARTESIAN_POINT('',(0.25,-0.25,0.8));
#8682=CARTESIAN_POINT('',(0.25,-0.25,0.8));
#8683=CARTESIAN_POINT('',(0.25,-1.,0.8));
#8684=CARTESIAN_POINT('',(0.25,-1.,0.8));
#8685=CARTESIAN_POINT('',(-0.25,-1.,0.8));
#8686=CARTESIAN_POINT('',(-0.25,-1.,0.8));
#8687=CARTESIAN_POINT('',(-0.25,-0.25,0.8));
#8688=CARTESIAN_POINT('',(-0.25,-0.25,0.8));
#8689=CARTESIAN_POINT('',(-1.,-0.25,0.8));
#8690=CARTESIAN_POINT('Origin',(-0.25,0.25,-0.2));
#8691=CARTESIAN_POINT('',(-1.,0.25,-0.2));
#8692=CARTESIAN_POINT('',(-1.,0.25,-0.2));
#8693=CARTESIAN_POINT('',(-0.25,0.25,-0.2));
#8694=CARTESIAN_POINT('',(-0.25,0.25,-0.2));
#8695=CARTESIAN_POINT('',(-0.25,0.25,-0.2));
#8696=CARTESIAN_POINT('Origin',(-0.25,1.,-0.2));
#8697=CARTESIAN_POINT('',(-0.25,1.,-0.2));
#8698=CARTESIAN_POINT('',(-0.25,1.,-0.2));
#8699=CARTESIAN_POINT('',(-0.25,1.,-0.2));
#8700=CARTESIAN_POINT('Origin',(0.25,1.,-0.2));
#8701=CARTESIAN_POINT('',(0.25,1.,-0.2));
#8702=CARTESIAN_POINT('',(0.25,1.,-0.2));
#8703=CARTESIAN_POINT('',(0.25,1.,-0.2));
#8704=CARTESIAN_POINT('Origin',(0.25,0.25,-0.2));
#8705=CARTESIAN_POINT('',(0.25,0.25,-0.2));
#8706=CARTESIAN_POINT('',(0.25,0.25,-0.2));
#8707=CARTESIAN_POINT('',(0.25,0.25,-0.2));
#8708=CARTESIAN_POINT('Origin',(1.,0.25,-0.2));
#8709=CARTESIAN_POINT('',(1.,0.25,-0.2));
#8710=CARTESIAN_POINT('',(1.,0.25,-0.2));
#8711=CARTESIAN_POINT('',(1.,0.25,-0.2));
#8712=CARTESIAN_POINT('Origin',(1.,-0.25,-0.2));
#8713=CARTESIAN_POINT('',(1.,-0.25,-0.2));
#8714=CARTESIAN_POINT('',(1.,-0.25,-0.2));
#8715=CARTESIAN_POINT('',(1.,-0.25,-0.2));
#8716=CARTESIAN_POINT('Origin',(0.25,-0.25,-0.2));
#8717=CARTESIAN_POINT('',(0.25,-0.25,-0.2));
#8718=CARTESIAN_POINT('',(0.25,-0.25,-0.2));
#8719=CARTESIAN_POINT('',(0.25,-0.25,-0.2));
#8720=CARTESIAN_POINT('Origin',(0.25,-1.,-0.2));
#8721=CARTESIAN_POINT('',(0.25,-1.,-0.2));
#8722=CARTESIAN_POINT('',(0.25,-1.,-0.2));
#8723=CARTESIAN_POINT('',(0.25,-1.,-0.2));
#8724=CARTESIAN_POINT('Origin',(-0.25,-1.,-0.2));
#8725=CARTESIAN_POINT('',(-0.25,-1.,-0.2));
#8726=CARTESIAN_POINT('',(-0.25,-1.,-0.2));
#8727=CARTESIAN_POINT('',(-0.25,-1.,-0.2));
#8728=CARTESIAN_POINT('Origin',(-0.25,-0.25,-0.2));
#8729=CARTESIAN_POINT('',(-0.25,-0.25,-0.2));
#8730=CARTESIAN_POINT('',(-0.25,-0.25,-0.2));
#8731=CARTESIAN_POINT('',(-0.25,-0.25,-0.2));
#8732=CARTESIAN_POINT('Origin',(-1.,-0.25,-0.2));
#8733=CARTESIAN_POINT('',(-1.,-0.25,-0.2));
#8734=CARTESIAN_POINT('',(-1.,-0.25,-0.2));
#8735=CARTESIAN_POINT('',(-1.,-0.25,-0.2));
#8736=CARTESIAN_POINT('Origin',(-1.,0.25,-0.2));
#8737=CARTESIAN_POINT('',(-1.,0.25,-0.2));
#8738=CARTESIAN_POINT('Origin',(-1.,0.25,-0.2));
#8739=CARTESIAN_POINT('',(0.,0.,0.));
#8740=CARTESIAN_POINT('',(-7.10973224982644E-14,-37.6000000000001,-4.44089209850063E-14));
#8741=CARTESIAN_POINT('',(-35.5,-37.6000000000002,72.5));
#8742=CARTESIAN_POINT('',(-35.5,-37.6000000000001,-72.5000000000001));
#8743=CARTESIAN_POINT('',(35.4999999999998,-37.6000000000001,-72.5000000000001));
#8744=CARTESIAN_POINT('',(35.4999999999999,-37.6000000000002,72.5));
#8745=CARTESIAN_POINT('',(-35.5,-38.6000000000002,72.5));
#8746=CARTESIAN_POINT('',(-35.5,-38.6000000000001,-72.5000000000001));
#8747=CARTESIAN_POINT('',(35.4999999999998,-38.6000000000001,-72.5000000000001));
#8748=CARTESIAN_POINT('',(35.4999999999999,-38.6000000000002,72.5));
#8749=CARTESIAN_POINT('',(-35.5,-54.,72.5));
#8750=CARTESIAN_POINT('',(35.5000000000001,-54.,-72.5));
#8751=CARTESIAN_POINT('',(35.5,-54.,72.5));
#8752=CARTESIAN_POINT('',(-35.5000000000001,-54.,-72.5));
#8753=CARTESIAN_POINT('',(-35.5,-52.2,72.5));
#8754=CARTESIAN_POINT('',(-35.5000000000001,-52.2,-72.5));
#8755=CARTESIAN_POINT('',(35.5000000000001,-52.2,-72.5));
#8756=CARTESIAN_POINT('',(35.5,-52.2,72.5));
#8757=UNCERTAINTY_MEASURE_WITH_UNIT(LENGTH_MEASURE(0.01),#8773,
'DISTANCE_ACCURACY_VALUE',
'Maximum model space distance between geometric entities at asserted c
onnectivities');
#8758=UNCERTAINTY_MEASURE_WITH_UNIT(LENGTH_MEASURE(0.01),#8773,
'DISTANCE_ACCURACY_VALUE',
'Maximum model space distance between geometric entities at asserted c
onnectivities');
#8759=UNCERTAINTY_MEASURE_WITH_UNIT(LENGTH_MEASURE(0.01),#8773,
'DISTANCE_ACCURACY_VALUE',
'Maximum model space distance between geometric entities at asserted c
onnectivities');
#8760=UNCERTAINTY_MEASURE_WITH_UNIT(LENGTH_MEASURE(0.01),#8773,
'DISTANCE_ACCURACY_VALUE',
'Maximum model space distance between geometric entities at asserted c
onnectivities');
#8761=UNCERTAINTY_MEASURE_WITH_UNIT(LENGTH_MEASURE(0.01),#8773,
'DISTANCE_ACCURACY_VALUE',
'Maximum model space distance between geometric entities at asserted c
onnectivities');
#8762=UNCERTAINTY_MEASURE_WITH_UNIT(LENGTH_MEASURE(0.01),#8773,
'DISTANCE_ACCURACY_VALUE',
'Maximum model space distance between geometric entities at asserted c
onnectivities');
#8763=UNCERTAINTY_MEASURE_WITH_UNIT(LENGTH_MEASURE(0.01),#8773,
'DISTANCE_ACCURACY_VALUE',
'Maximum model space distance between geometric entities at asserted c
onnectivities');
#8764=UNCERTAINTY_MEASURE_WITH_UNIT(LENGTH_MEASURE(0.01),#8773,
'DISTANCE_ACCURACY_VALUE',
'Maximum model space distance between geometric entities at asserted c
onnectivities');
#8765=(
GEOMETRIC_REPRESENTATION_CONTEXT(3)
GLOBAL_UNCERTAINTY_ASSIGNED_CONTEXT((#8757))
GLOBAL_UNIT_ASSIGNED_CONTEXT((#8773,#8775,#8776))
REPRESENTATION_CONTEXT('','3D')
);
#8766=(
GEOMETRIC_REPRESENTATION_CONTEXT(3)
GLOBAL_UNCERTAINTY_ASSIGNED_CONTEXT((#8758))
GLOBAL_UNIT_ASSIGNED_CONTEXT((#8773,#8775,#8776))
REPRESENTATION_CONTEXT('','3D')
);
#8767=(
GEOMETRIC_REPRESENTATION_CONTEXT(3)
GLOBAL_UNCERTAINTY_ASSIGNED_CONTEXT((#8759))
GLOBAL_UNIT_ASSIGNED_CONTEXT((#8773,#8775,#8776))
REPRESENTATION_CONTEXT('','3D')
);
#8768=(
GEOMETRIC_REPRESENTATION_CONTEXT(3)
GLOBAL_UNCERTAINTY_ASSIGNED_CONTEXT((#8760))
GLOBAL_UNIT_ASSIGNED_CONTEXT((#8773,#8775,#8776))
REPRESENTATION_CONTEXT('','3D')
);
#8769=(
GEOMETRIC_REPRESENTATION_CONTEXT(3)
GLOBAL_UNCERTAINTY_ASSIGNED_CONTEXT((#8761))
GLOBAL_UNIT_ASSIGNED_CONTEXT((#8773,#8775,#8776))
REPRESENTATION_CONTEXT('','3D')
);
#8770=(
GEOMETRIC_REPRESENTATION_CONTEXT(3)
GLOBAL_UNCERTAINTY_ASSIGNED_CONTEXT((#8762))
GLOBAL_UNIT_ASSIGNED_CONTEXT((#8773,#8775,#8776))
REPRESENTATION_CONTEXT('','3D')
);
#8771=(
GEOMETRIC_REPRESENTATION_CONTEXT(3)
GLOBAL_UNCERTAINTY_ASSIGNED_CONTEXT((#8763))
GLOBAL_UNIT_ASSIGNED_CONTEXT((#8773,#8775,#8776))
REPRESENTATION_CONTEXT('','3D')
);
#8772=(
GEOMETRIC_REPRESENTATION_CONTEXT(3)
GLOBAL_UNCERTAINTY_ASSIGNED_CONTEXT((#8764))
GLOBAL_UNIT_ASSIGNED_CONTEXT((#8773,#8775,#8776))
REPRESENTATION_CONTEXT('','3D')
);
#8773=(
LENGTH_UNIT()
NAMED_UNIT(*)
SI_UNIT(.MILLI.,.METRE.)
);
#8774=(
LENGTH_UNIT()
NAMED_UNIT(*)
SI_UNIT(.CENTI.,.METRE.)
);
#8775=(
NAMED_UNIT(*)
PLANE_ANGLE_UNIT()
SI_UNIT($,.RADIAN.)
);
#8776=(
NAMED_UNIT(*)
SI_UNIT($,.STERADIAN.)
SOLID_ANGLE_UNIT()
);
#8777=SHAPE_DEFINITION_REPRESENTATION(#8784,#8809);
#8778=SHAPE_DEFINITION_REPRESENTATION(#8785,#8810);
#8779=SHAPE_DEFINITION_REPRESENTATION(#8786,#8811);
#8780=SHAPE_DEFINITION_REPRESENTATION(#8787,#8812);
#8781=SHAPE_DEFINITION_REPRESENTATION(#8788,#8813);
#8782=SHAPE_DEFINITION_REPRESENTATION(#8789,#8814);
#8783=SHAPE_DEFINITION_REPRESENTATION(#8790,#8815);
#8784=PRODUCT_DEFINITION_SHAPE('',$,#8817);
#8785=PRODUCT_DEFINITION_SHAPE('',$,#8818);
#8786=PRODUCT_DEFINITION_SHAPE('',$,#8819);
#8787=PRODUCT_DEFINITION_SHAPE('',$,#8820);
#8788=PRODUCT_DEFINITION_SHAPE('',$,#8821);
#8789=PRODUCT_DEFINITION_SHAPE('',$,#8822);
#8790=PRODUCT_DEFINITION_SHAPE('',$,#8823);
#8791=PRODUCT_DEFINITION_SHAPE($,$,#65);
#8792=PRODUCT_DEFINITION_SHAPE($,$,#66);
#8793=PRODUCT_DEFINITION_SHAPE($,$,#67);
#8794=PRODUCT_DEFINITION_SHAPE($,$,#68);
#8795=PRODUCT_DEFINITION_SHAPE($,$,#69);
#8796=PRODUCT_DEFINITION_SHAPE($,$,#70);
#8797=PRODUCT_DEFINITION_SHAPE($,$,#71);
#8798=PRODUCT_DEFINITION_SHAPE($,$,#72);
#8799=PRODUCT_DEFINITION_SHAPE($,$,#73);
#8800=PRODUCT_DEFINITION_SHAPE($,$,#74);
#8801=PRODUCT_DEFINITION_SHAPE($,$,#75);
#8802=PRODUCT_DEFINITION_SHAPE($,$,#76);
#8803=PRODUCT_DEFINITION_SHAPE($,$,#77);
#8804=PRODUCT_DEFINITION_SHAPE($,$,#78);
#8805=PRODUCT_DEFINITION_SHAPE($,$,#79);
#8806=PRODUCT_DEFINITION_SHAPE($,$,#80);
#8807=PRODUCT_DEFINITION_SHAPE($,$,#81);
#8808=PRODUCT_DEFINITION_SHAPE($,$,#82);
#8809=SHAPE_REPRESENTATION('',(#5146,#5726,#5727,#5728,#5729,#5730,#5731,
#5732,#5733,#5734,#5735,#5736,#5737,#5738,#5739,#5740,#5741,#5742,#5743),
#8765);
#8810=SHAPE_REPRESENTATION('',(#5147),#8766);
#8811=SHAPE_REPRESENTATION('',(#5270),#8767);
#8812=SHAPE_REPRESENTATION('',(#5667),#8768);
#8813=SHAPE_REPRESENTATION('',(#5676),#8769);
#8814=SHAPE_REPRESENTATION('',(#5685),#8770);
#8815=SHAPE_REPRESENTATION('',(#5698),#8771);
#8816=PRODUCT_DEFINITION_CONTEXT('part definition',#8839,'design');
#8817=PRODUCT_DEFINITION('HD11-5-18S','HD11-5-18S',#8824,#8816);
#8818=PRODUCT_DEFINITION('HD11-5-18S \X2\30AB30D030FC\X0\',
'HD11-5-18S \X2\30AB30D030FC\X0\',#8825,#8816);
#8819=PRODUCT_DEFINITION('HD11-5-18S \X2\30B730E330FC30B7\X0\',
'HD11-5-18S \X2\30B730E330FC30B7\X0\',#8826,#8816);
#8820=PRODUCT_DEFINITION('\X2\652F67F18DB3752830B930DD30F330B8\X0\',
'\X2\652F67F18DB3752830B930DD30F330B8\X0\',#8827,#8816);
#8821=PRODUCT_DEFINITION('\X2\652F67F18DB3\X0\','\X2\652F67F18DB3\X0\',
#8828,#8816);
#8822=PRODUCT_DEFINITION('\X2\30B430E08DB3\X0\(B-P1M)',
'\X2\30B430E08DB3\X0\(B-P1M)',#8829,#8816);
#8823=PRODUCT_DEFINITION('CSPSL-ST3W-M3-16_203',
'\X2\30B930EA30E030D830C330C9\X0\ M3\X\D716',#8830,#8816);
#8824=PRODUCT_DEFINITION_FORMATION('',$,#8841);
#8825=PRODUCT_DEFINITION_FORMATION('',$,#8842);
#8826=PRODUCT_DEFINITION_FORMATION('',$,#8843);
#8827=PRODUCT_DEFINITION_FORMATION('',$,#8844);
#8828=PRODUCT_DEFINITION_FORMATION('',$,#8845);
#8829=PRODUCT_DEFINITION_FORMATION('',$,#8846);
#8830=PRODUCT_DEFINITION_FORMATION('',$,#8847);
#8831=PRODUCT_RELATED_PRODUCT_CATEGORY('HD11-5-18S','HD11-5-18S',(#8841));
#8832=PRODUCT_RELATED_PRODUCT_CATEGORY('HD11-5-18S \X2\30AB30D030FC\X0\',
'HD11-5-18S \X2\30AB30D030FC\X0\',(#8842));
#8833=PRODUCT_RELATED_PRODUCT_CATEGORY('HD11-5-18S \X2\30B730E330FC30B7\X0\',
'HD11-5-18S \X2\30B730E330FC30B7\X0\',(#8843));
#8834=PRODUCT_RELATED_PRODUCT_CATEGORY('\X2\652F67F18DB3752830B930DD30F330B8\X0\',
'\X2\652F67F18DB3752830B930DD30F330B8\X0\',(#8844));
#8835=PRODUCT_RELATED_PRODUCT_CATEGORY('\X2\652F67F18DB3\X0\',
'\X2\652F67F18DB3\X0\',(#8845));
#8836=PRODUCT_RELATED_PRODUCT_CATEGORY('\X2\30B430E08DB3\X0\(B-P1M)',
'\X2\30B430E08DB3\X0\(B-P1M)',(#8846));
#8837=PRODUCT_RELATED_PRODUCT_CATEGORY('\X2\30B930EA30E030D830C330C9\X0\ 
M3\X\D716','\X2\30B930EA30E030D830C330C9\X0\ M3\X\D716',(#8847));
#8838=APPLICATION_PROTOCOL_DEFINITION('international standard',
'automotive_design',2009,#8839);
#8839=APPLICATION_CONTEXT(
'Core Data for Automotive Mechanical Design Process');
#8840=PRODUCT_CONTEXT('part definition',#8839,'mechanical');
#8841=PRODUCT('HD11-5-18S','HD11-5-18S',$,(#8840));
#8842=PRODUCT('HD11-5-18S \X2\30AB30D030FC\X0\','HD11-5-18S \X2\30AB30D030FC\X0\',
$,(#8840));
#8843=PRODUCT('HD11-5-18S \X2\30B730E330FC30B7\X0\',
'HD11-5-18S \X2\30B730E330FC30B7\X0\',$,(#8840));
#8844=PRODUCT('\X2\652F67F18DB3752830B930DD30F330B8\X0\',
'\X2\652F67F18DB3752830B930DD30F330B8\X0\',$,(#8840));
#8845=PRODUCT('\X2\652F67F18DB3\X0\','\X2\652F67F18DB3\X0\',$,(#8840));
#8846=PRODUCT('\X2\30B430E08DB3\X0\(B-P1M)','\X2\30B430E08DB3\X0\(B-P1
M)',$,(#8840));
#8847=PRODUCT('CSPSL-ST3W-M3-16_203','\X2\30B930EA30E030D830C330C9\X0\ 
M3\X\D716',$,(#8840));
ENDSEC;
END-ISO-10303-21;
