ISO-10303-21;
HEADER;
FILE_DESCRIPTION (( 'STEP AP214' ),
    '1' );
FILE_NAME ('K48-100.STEP',
    '2024-07-02T06:20:04',
    ( '微软用户' ),
    ( '微软中国' ),
    'SwSTEP 2.0',
    'SolidWorks 2021',
    '' );
FILE_SCHEMA (( 'AUTOMOTIVE_DESIGN' ));
ENDSEC;

DATA;
#1 =( GEOMETRIC_REPRESENTATION_CONTEXT ( 3 ) GLOBAL_UNCERTAINTY_ASSIGNED_CONTEXT ( ( #812 ) ) GLOBAL_UNIT_ASSIGNED_CONTEXT ( ( #2495, #87, #1814 ) ) REPRESENTATION_CONTEXT ( 'NONE', 'WORKASPACE' ) );
#2 = PRODUCT ( 'K48-1', 'K48-1', '', ( #334 ) ) ;
#3 = VECTOR ( 'NONE', #826, 1000.000000000000000 ) ;
#4 = AXIS2_PLACEMENT_3D ( 'NONE', #366, #153, #2131 ) ;
#5 = ORIENTED_EDGE ( 'NONE', *, *, #1031, .F. ) ;
#6 = LINE ( 'NONE', #1142, #761 ) ;
#7 = VERTEX_POINT ( 'NONE', #141 ) ;
#8 = AXIS2_PLACEMENT_3D ( 'NONE', #1208, #365, #105 ) ;
#9 = LINE ( 'NONE', #892, #342 ) ;
#10 = EDGE_LOOP ( 'NONE', ( #2019, #713, #1370, #2160 ) ) ;
#11 = DIRECTION ( 'NONE',  ( 1.000000000000000000, 9.773090005503139098E-17, -0.0000000000000000000 ) ) ;
#12 = DIRECTION ( 'NONE',  ( 1.156482317317876655E-14, 1.000000000000000000, 0.0000000000000000000 ) ) ;
#13 =( NAMED_UNIT ( * ) PLANE_ANGLE_UNIT ( ) SI_UNIT ( $, .RADIAN. ) );
#14 = CARTESIAN_POINT ( 'NONE',  ( 31.97107282626558700, -4.499581521747835211, 50.00000000000000000 ) ) ;
#15 = CARTESIAN_POINT ( 'NONE',  ( 34.65000000000004832, -12.39999999999997904, 50.00000000000000000 ) ) ;
#16 = AXIS2_PLACEMENT_3D ( 'NONE', #487, #677, #2012 ) ;
#17 = VERTEX_POINT ( 'NONE', #791 ) ;
#18 = EDGE_CURVE ( 'NONE', #242, #1803, #588, .T. ) ;
#19 = CARTESIAN_POINT ( 'NONE',  ( -30.29999999999999005, -3.644930773009886327, 50.00000000000000000 ) ) ;
#20 = EDGE_CURVE ( 'NONE', #593, #548, #2822, .T. ) ;
#21 = ADVANCED_FACE ( 'NONE', ( #1200 ), #982, .F. ) ;
#22 = ORIENTED_EDGE ( 'NONE', *, *, #958, .F. ) ;
#23 = CARTESIAN_POINT ( 'NONE',  ( 35.50000000000000000, 12.50000000000000355, 0.7500000000000000000 ) ) ;
#24 = ORIENTED_EDGE ( 'NONE', *, *, #2538, .F. ) ;
#25 = DIRECTION ( 'NONE',  ( -0.0000000000000000000, -0.0000000000000000000, 1.000000000000000000 ) ) ;
#26 = CARTESIAN_POINT ( 'NONE',  ( -30.49999999999998579, -4.999999999999997335, -49.99999999999992184 ) ) ;
#27 = DIRECTION ( 'NONE',  ( -0.0000000000000000000, -6.842277657836029970E-49, -1.000000000000000000 ) ) ;
#28 = ORIENTED_EDGE ( 'NONE', *, *, #149, .T. ) ;
#29 =( LENGTH_UNIT ( ) NAMED_UNIT ( * ) SI_UNIT ( .MILLI., .METRE. ) );
#30 = EDGE_CURVE ( 'NONE', #1547, #720, #1995, .T. ) ;
#31 = DIRECTION ( 'NONE',  ( -0.0000000000000000000, 6.842277657836029970E-49, 1.000000000000000000 ) ) ;
#32 = VERTEX_POINT ( 'NONE', #426 ) ;
#33 = CARTESIAN_POINT ( 'NONE',  ( 31.99999999999999289, -9.000000000000003553, -0.7500000000000000000 ) ) ;
#34 = AXIS2_PLACEMENT_3D ( 'NONE', #1362, #2536, #2744 ) ;
#35 = DIRECTION ( 'NONE',  ( 1.000000000000000000, 7.222014475772601661E-15, 0.0000000000000000000 ) ) ;
#36 = ORIENTED_EDGE ( 'NONE', *, *, #750, .F. ) ;
#37 = CYLINDRICAL_SURFACE ( 'NONE', #2385, 0.3000000000000016542 ) ;
#38 = DIRECTION ( 'NONE',  ( 1.000000000000000000, 0.0000000000000000000, 0.0000000000000000000 ) ) ;
#39 = CYLINDRICAL_SURFACE ( 'NONE', #1683, 1.000000000000000888 ) ;
#40 = EDGE_LOOP ( 'NONE', ( #865, #80, #2514, #198 ) ) ;
#41 = FILL_AREA_STYLE ('',( #305 ) ) ;
#42 = LINE ( 'NONE', #467, #1823 ) ;
#43 = CONICAL_SURFACE ( 'NONE', #2478, 1.399999999999998579, 0.7853981633974524978 ) ;
#44 = CARTESIAN_POINT ( 'NONE',  ( -35.49999999999995026, -11.99999999999997868, 50.00000000000000000 ) ) ;
#45 = AXIS2_PLACEMENT_3D ( 'NONE', #927, #757, #1404 ) ;
#46 = EDGE_CURVE ( 'NONE', #1455, #1596, #730, .T. ) ;
#47 = ORIENTED_EDGE ( 'NONE', *, *, #173, .F. ) ;
#48 = CARTESIAN_POINT ( 'NONE',  ( -31.99999999999995381, -7.599999999999994316, 50.00000000000000000 ) ) ;
#49 = CONICAL_SURFACE ( 'NONE', #416, 1.399999999999998579, 0.7853981633974524978 ) ;
#50 = VECTOR ( 'NONE', #2380, 1000.000000000000000 ) ;
#51 = VERTEX_POINT ( 'NONE', #847 ) ;
#52 = LINE ( 'NONE', #473, #1794 ) ;
#53 = VERTEX_POINT ( 'NONE', #1773 ) ;
#54 = LINE ( 'NONE', #2092, #1767 ) ;
#55 = CARTESIAN_POINT ( 'NONE',  ( -32.00000000000000711, 8.999999999999998224, -0.3500000000000011435 ) ) ;
#56 = DIRECTION ( 'NONE',  ( -0.0000000000000000000, 6.842277657836029970E-49, 1.000000000000000000 ) ) ;
#57 = ORIENTED_EDGE ( 'NONE', *, *, #582, .T. ) ;
#58 = DIRECTION ( 'NONE',  ( 1.000000000000000000, 0.0000000000000000000, 0.0000000000000000000 ) ) ;
#59 = DIRECTION ( 'NONE',  ( -1.000000000000000000, 0.0000000000000000000, 0.0000000000000000000 ) ) ;
#60 = VECTOR ( 'NONE', #1428, 1000.000000000000114 ) ;
#61 = VECTOR ( 'NONE', #2457, 1000.000000000000000 ) ;
#62 = ORIENTED_EDGE ( 'NONE', *, *, #2374, .F. ) ;
#63 = PLANE ( 'NONE',  #2593 ) ;
#64 = ORIENTED_EDGE ( 'NONE', *, *, #1533, .T. ) ;
#65 = CIRCLE ( 'NONE', #391, 1.399999999999998579 ) ;
#66 = LINE ( 'NONE', #1852, #2499 ) ;
#67 = ORIENTED_EDGE ( 'NONE', *, *, #2613, .T. ) ;
#68 = CARTESIAN_POINT ( 'NONE',  ( -31.77468446926073753, -5.499999999999993783, 50.00000000000000000 ) ) ;
#69 = EDGE_CURVE ( 'NONE', #1945, #263, #871, .T. ) ;
#70 = DIRECTION ( 'NONE',  ( 1.000000000000000000, 0.0000000000000000000, 0.0000000000000000000 ) ) ;
#71 = DIRECTION ( 'NONE',  ( 1.000000000000000000, 1.228762462150235565E-16, 0.0000000000000000000 ) ) ;
#72 = ORIENTED_EDGE ( 'NONE', *, *, #496, .F. ) ;
#73 = EDGE_CURVE ( 'NONE', #2569, #2427, #1856, .T. ) ;
#74 = CARTESIAN_POINT ( 'NONE',  ( -32.99999999999995026, -3.499999999999999556, 50.00000000000000000 ) ) ;
#75 = EDGE_CURVE ( 'NONE', #2866, #1335, #1552, .T. ) ;
#76 = ORIENTED_EDGE ( 'NONE', *, *, #2318, .T. ) ;
#77 = VERTEX_POINT ( 'NONE', #1045 ) ;
#78 = DIRECTION ( 'NONE',  ( -0.0000000000000000000, -0.0000000000000000000, 1.000000000000000000 ) ) ;
#79 =( REPRESENTATION_RELATIONSHIP ('NONE','NONE', #1618, #503 ) REPRESENTATION_RELATIONSHIP_WITH_TRANSFORMATION ( #86 )SHAPE_REPRESENTATION_RELATIONSHIP( ) );
#80 = ORIENTED_EDGE ( 'NONE', *, *, #1913, .F. ) ;
#81 = ORIENTED_EDGE ( 'NONE', *, *, #2684, .T. ) ;
#82 = FACE_BOUND ( 'NONE', #1441, .T. ) ;
#83 = DIRECTION ( 'NONE',  ( 1.000000000000000000, 3.758567531283061422E-14, 0.0000000000000000000 ) ) ;
#84 = EDGE_CURVE ( 'NONE', #51, #2544, #2896, .T. ) ;
#85 = ORIENTED_EDGE ( 'NONE', *, *, #454, .F. ) ;
#86 = ITEM_DEFINED_TRANSFORMATION ( 'NONE', 'NONE', #1725,  #1871 ) ;
#87 =( NAMED_UNIT ( * ) PLANE_ANGLE_UNIT ( ) SI_UNIT ( $, .RADIAN. ) );
#88 = DIRECTION ( 'NONE',  ( -1.000000000000000000, 0.0000000000000000000, 0.0000000000000000000 ) ) ;
#89 = AXIS2_PLACEMENT_3D ( 'NONE', #2486, #693, #257 ) ;
#90 = CIRCLE ( 'NONE', #1630, 1.399999999999998579 ) ;
#91 = ORIENTED_EDGE ( 'NONE', *, *, #101, .F. ) ;
#92 = DIRECTION ( 'NONE',  ( -0.0000000000000000000, -0.0000000000000000000, 1.000000000000000000 ) ) ;
#93 = VERTEX_POINT ( 'NONE', #1260 ) ;
#94 = VECTOR ( 'NONE', #2635, 1000.000000000000000 ) ;
#95 = AXIS2_PLACEMENT_3D ( 'NONE', #2691, #2415, #1983 ) ;
#96 = ORIENTED_EDGE ( 'NONE', *, *, #2039, .T. ) ;
#97 = FACE_OUTER_BOUND ( 'NONE', #676, .T. ) ;
#98 = FACE_OUTER_BOUND ( 'NONE', #796, .T. ) ;
#99 = DIRECTION ( 'NONE',  ( 0.7071067811865504593, 0.0000000000000000000, 0.7071067811865445751 ) ) ;
#100 = ORIENTED_EDGE ( 'NONE', *, *, #378, .F. ) ;
#101 = EDGE_CURVE ( 'NONE', #2378, #1221, #660, .T. ) ;
#102 = VECTOR ( 'NONE', #1280, 1000.000000000000000 ) ;
#103 = DIRECTION ( 'NONE',  ( -0.9999999999999998890, -5.551115123125781470E-17, -2.775557561562887653E-17 ) ) ;
#104 = ORIENTED_EDGE ( 'NONE', *, *, #2145, .T. ) ;
#105 = DIRECTION ( 'NONE',  ( 1.000000000000000000, 0.0000000000000000000, 0.0000000000000000000 ) ) ;
#106 = CARTESIAN_POINT ( 'NONE',  ( 32.65000000000005542, -12.99999999999997691, 50.00000000000000000 ) ) ;
#107 = CARTESIAN_POINT ( 'NONE',  ( 33.65000000000003411, -5.799999999999993605, 50.00000000000000000 ) ) ;
#108 = VERTEX_POINT ( 'NONE', #1742 ) ;
#109 = FACE_OUTER_BOUND ( 'NONE', #685, .T. ) ;
#110 = ORIENTED_EDGE ( 'NONE', *, *, #748, .T. ) ;
#111 = EDGE_CURVE ( 'NONE', #1596, #499, #2195, .T. ) ;
#112 = ORIENTED_EDGE ( 'NONE', *, *, #1698, .F. ) ;
#113 = EDGE_CURVE ( 'NONE', #355, #1985, #1740, .T. ) ;
#114 = AXIS2_PLACEMENT_3D ( 'NONE', #253, #2043, #2240 ) ;
#115 = DIRECTION ( 'NONE',  ( 1.000000000000000000, 1.051347561198063430E-15, 0.0000000000000000000 ) ) ;
#116 = VERTEX_POINT ( 'NONE', #2610 ) ;
#117 = CARTESIAN_POINT ( 'NONE',  ( 33.39999999999999147, 9.000000000000003553, -0.3500000000000039746 ) ) ;
#118 = DIRECTION ( 'NONE',  ( 0.0000000000000000000, -6.842277657836029970E-49, -1.000000000000000000 ) ) ;
#119 = ORIENTED_EDGE ( 'NONE', *, *, #1153, .T. ) ;
#120 = CYLINDRICAL_SURFACE ( 'NONE', #2116, 1.399999999999998579 ) ;
#121 = CARTESIAN_POINT ( 'NONE',  ( -31.99999999999995381, -7.799999999999993605, 50.00000000000000000 ) ) ;
#122 = EDGE_CURVE ( 'NONE', #438, #666, #2836, .T. ) ;
#123 = DIRECTION ( 'NONE',  ( 9.243224568560359079E-50, -1.000000000000000000, -2.736911063134411988E-48 ) ) ;
#124 = DIRECTION ( 'NONE',  ( 1.000000000000000000, 0.0000000000000000000, 0.0000000000000000000 ) ) ;
#125 = ORIENTED_EDGE ( 'NONE', *, *, #2374, .T. ) ;
#126 = EDGE_LOOP ( 'NONE', ( #185, #296, #2795, #2339 ) ) ;
#127 = VERTEX_POINT ( 'NONE', #1498 ) ;
#128 = VECTOR ( 'NONE', #2586, 1000.000000000000000 ) ;
#129 = LINE ( 'NONE', #1917, #1220 ) ;
#130 = CARTESIAN_POINT ( 'NONE',  ( 31.99999999999999289, -7.599999999999994316, -49.99999999999992184 ) ) ;
#131 = ORIENTED_EDGE ( 'NONE', *, *, #404, .F. ) ;
#132 = CARTESIAN_POINT ( 'NONE',  ( 32.00000000000004974, -3.499999999999992895, 50.00000000000000000 ) ) ;
#133 = LINE ( 'NONE', #1504, #2340 ) ;
#134 = VERTEX_POINT ( 'NONE', #631 ) ;
#135 = CARTESIAN_POINT ( 'NONE',  ( -31.99999999999999289, -3.499999999999999556, -49.99999999999992184 ) ) ;
#136 = DIRECTION ( 'NONE',  ( -1.000000000000000000, 0.0000000000000000000, 0.0000000000000000000 ) ) ;
#137 = AXIS2_PLACEMENT_3D ( 'NONE', #668, #638, #907 ) ;
#138 = ORIENTED_EDGE ( 'NONE', *, *, #372, .T. ) ;
#139 = VECTOR ( 'NONE', #1583, 1000.000000000000000 ) ;
#140 = VERTEX_POINT ( 'NONE', #1102 ) ;
#141 = CARTESIAN_POINT ( 'NONE',  ( 34.85000000000005116, -12.99999999999997691, 50.00000000000000000 ) ) ;
#142 = CARTESIAN_POINT ( 'NONE',  ( 35.50000000000002132, -5.000000000000000888, 50.00000000000000000 ) ) ;
#143 = CARTESIAN_POINT ( 'NONE',  ( 31.99999999999999289, -9.000000000000003553, -0.3500000000000039746 ) ) ;
#144 = VECTOR ( 'NONE', #2615, 1000.000000000000000 ) ;
#145 = VECTOR ( 'NONE', #1826, 1000.000000000000000 ) ;
#146 = CARTESIAN_POINT ( 'NONE',  ( -33.40000000000000568, -9.000000000000001776, -0.7500000000000000000 ) ) ;
#147 = DIRECTION ( 'NONE',  ( 1.000000000000000000, 0.0000000000000000000, 0.0000000000000000000 ) ) ;
#148 = ORIENTED_EDGE ( 'NONE', *, *, #2053, .T. ) ;
#149 = EDGE_CURVE ( 'NONE', #1886, #2485, #1273, .T. ) ;
#150 = ADVANCED_FACE ( 'NONE', ( #619 ), #1954, .T. ) ;
#151 = DIRECTION ( 'NONE',  ( 0.0000000000000000000, 6.842277657836029970E-49, 1.000000000000000000 ) ) ;
#152 = AXIS2_PLACEMENT_3D ( 'NONE', #2711, #2085, #59 ) ;
#153 = DIRECTION ( 'NONE',  ( -0.0000000000000000000, 0.0000000000000000000, -1.000000000000000000 ) ) ;
#154 = ORIENTED_EDGE ( 'NONE', *, *, #2892, .F. ) ;
#155 = ORIENTED_EDGE ( 'NONE', *, *, #792, .T. ) ;
#156 = DIRECTION ( 'NONE',  ( 1.000000000000000000, 0.0000000000000000000, 0.0000000000000000000 ) ) ;
#157 = DIRECTION ( 'NONE',  ( 1.000000000000000000, 0.0000000000000000000, 0.0000000000000000000 ) ) ;
#158 = VECTOR ( 'NONE', #738, 1000.000000000000114 ) ;
#159 = EDGE_CURVE ( 'NONE', #2398, #544, #829, .T. ) ;
#160 = AXIS2_PLACEMENT_3D ( 'NONE', #1820, #1425, #1146 ) ;
#161 = CARTESIAN_POINT ( 'NONE',  ( -32.00000000000000711, 8.999999999999998224, 0.7500000000000000000 ) ) ;
#162 = CARTESIAN_POINT ( 'NONE',  ( 30.70054402172781138, -3.537605325854798810, -49.99999999999992184 ) ) ;
#163 = DIRECTION ( 'NONE',  ( -9.243224568560359079E-50, 1.000000000000000000, 2.736911063134411988E-48 ) ) ;
#164 = EDGE_CURVE ( 'NONE', #1686, #127, #2409, .T. ) ;
#165 = LINE ( 'NONE', #842, #1121 ) ;
#166 = CARTESIAN_POINT ( 'NONE',  ( 31.99999999999999289, 9.000000000000003553, -0.7500000000000000000 ) ) ;
#167 = EDGE_CURVE ( 'NONE', #427, #2383, #718, .T. ) ;
#168 = EDGE_CURVE ( 'NONE', #194, #1472, #1086, .T. ) ;
#169 = ORIENTED_EDGE ( 'NONE', *, *, #1265, .F. ) ;
#170 = CARTESIAN_POINT ( 'NONE',  ( 30.49999999999999645, 12.50000000000000355, 0.7500000000000000000 ) ) ;
#171 = PLANE ( 'NONE',  #1724 ) ;
#172 = ORIENTED_EDGE ( 'NONE', *, *, #292, .F. ) ;
#173 = EDGE_CURVE ( 'NONE', #299, #2496, #855, .T. ) ;
#174 = LINE ( 'NONE', #579, #1674 ) ;
#175 =( REPRESENTATION_RELATIONSHIP ('NONE','NONE', #1618, #1830 ) REPRESENTATION_RELATIONSHIP_WITH_TRANSFORMATION ( #1222 )SHAPE_REPRESENTATION_RELATIONSHIP( ) );
#176 = CARTESIAN_POINT ( 'NONE',  ( 34.10000000000004405, -12.39999999999997904, 50.00000000000000000 ) ) ;
#177 = FACE_OUTER_BOUND ( 'NONE', #2149, .T. ) ;
#178 = CARTESIAN_POINT ( 'NONE',  ( -32.99999999999995026, -3.499999999999999556, 50.00000000000000000 ) ) ;
#179 = CARTESIAN_POINT ( 'NONE',  ( 35.50000000000002132, 0.0000000000000000000, 50.00000000000000000 ) ) ;
#180 = ORIENTED_EDGE ( 'NONE', *, *, #1375, .T. ) ;
#181 = CARTESIAN_POINT ( 'NONE',  ( -31.77468446926078016, -5.499999999999993783, -49.99999999999992184 ) ) ;
#182 = PLANE ( 'NONE',  #976 ) ;
#183 = CIRCLE ( 'NONE', #459, 0.1999999999999987899 ) ;
#184 = EDGE_LOOP ( 'NONE', ( #2355, #967 ) ) ;
#185 = ORIENTED_EDGE ( 'NONE', *, *, #1847, .F. ) ;
#186 = CARTESIAN_POINT ( 'NONE',  ( -30.49999999999999289, -7.500000000000003553, 0.7500000000000000000 ) ) ;
#187 = DIRECTION ( 'NONE',  ( -1.000000000000000000, 9.243224568560364777E-50, 0.0000000000000000000 ) ) ;
#188 = CIRCLE ( 'NONE', #558, 1.399999999999998579 ) ;
#189 = CIRCLE ( 'NONE', #1505, 2.500000000000009326 ) ;
#190 = PRESENTATION_LAYER_ASSIGNMENT (  '', '', ( #1164 ) ) ;
#191 = CARTESIAN_POINT ( 'NONE',  ( 31.99999999999999289, -9.000000000000003553, -0.3500000000000039746 ) ) ;
#192 = CARTESIAN_POINT ( 'NONE',  ( -31.99999999999999289, -7.599999999999994316, -49.99999999999992184 ) ) ;
#193 = ADVANCED_FACE ( 'NONE', ( #1608 ), #453, .T. ) ;
#194 = VERTEX_POINT ( 'NONE', #890 ) ;
#195 = DIRECTION ( 'NONE',  ( 0.0000000000000000000, -6.842277657836029970E-49, -1.000000000000000000 ) ) ;
#196 = VECTOR ( 'NONE', #2792, 1000.000000000000000 ) ;
#197 = VECTOR ( 'NONE', #1766, 1000.000000000000000 ) ;
#198 = ORIENTED_EDGE ( 'NONE', *, *, #1484, .T. ) ;
#199 = ADVANCED_FACE ( 'NONE', ( #1344 ), #932, .F. ) ;
#200 = CARTESIAN_POINT ( 'NONE',  ( 33.65000000000003411, -5.799999999999993605, 50.00000000000000000 ) ) ;
#201 = ORIENTED_EDGE ( 'NONE', *, *, #1406, .T. ) ;
#202 = CARTESIAN_POINT ( 'NONE',  ( -29.99999999999998934, -3.644930773009886327, 50.00000000000000000 ) ) ;
#203 = DIRECTION ( 'NONE',  ( 1.000000000000000000, 0.0000000000000000000, 0.0000000000000000000 ) ) ;
#204 = CARTESIAN_POINT ( 'NONE',  ( 30.00000000000000711, -1.799999999999999600, -49.99999999999992184 ) ) ;
#205 = DIRECTION ( 'NONE',  ( 0.0000000000000000000, -6.842277657836029970E-49, -1.000000000000000000 ) ) ;
#206 = ORIENTED_EDGE ( 'NONE', *, *, #1689, .F. ) ;
#207 = CIRCLE ( 'NONE', #485, 1.000000000000000888 ) ;
#208 = CARTESIAN_POINT ( 'NONE',  ( 30.00000000000000711, -1.799999999999999600, -49.99999999999992184 ) ) ;
#209 = CYLINDRICAL_SURFACE ( 'NONE', #2716, 0.1999999999999987899 ) ;
#210 = CYLINDRICAL_SURFACE ( 'NONE', #2444, 0.3000000000000016542 ) ;
#211 = ADVANCED_FACE ( 'NONE', ( #1117 ), #63, .F. ) ;
#212 = VERTEX_POINT ( 'NONE', #1132 ) ;
#213 = CARTESIAN_POINT ( 'NONE',  ( -31.99999999999995381, -3.499999999999999556, 50.00000000000000000 ) ) ;
#214 = VERTEX_POINT ( 'NONE', #2481 ) ;
#215 = DIRECTION ( 'NONE',  ( 1.000000000000000000, 0.0000000000000000000, 0.0000000000000000000 ) ) ;
#216 = VERTEX_POINT ( 'NONE', #2253 ) ;
#217 = LINE ( 'NONE', #2245, #872 ) ;
#218 = CARTESIAN_POINT ( 'NONE',  ( -32.00000000000000711, -9.000000000000001776, -0.7500000000000000000 ) ) ;
#219 = CYLINDRICAL_SURFACE ( 'NONE', #2250, 0.1999999999999987899 ) ;
#220 = CARTESIAN_POINT ( 'NONE',  ( 33.39999999999999147, 9.000000000000003553, -0.7500000000000000000 ) ) ;
#221 = EDGE_CURVE ( 'NONE', #632, #720, #6, .T. ) ;
#222 = ORIENTED_EDGE ( 'NONE', *, *, #2705, .F. ) ;
#223 =( NAMED_UNIT ( * ) PLANE_ANGLE_UNIT ( ) SI_UNIT ( $, .RADIAN. ) );
#224 = ORIENTED_EDGE ( 'NONE', *, *, #624, .F. ) ;
#225 = DIRECTION ( 'NONE',  ( 0.0000000000000000000, -6.842277657836029970E-49, -1.000000000000000000 ) ) ;
#226 = VERTEX_POINT ( 'NONE', #1804 ) ;
#227 = CARTESIAN_POINT ( 'NONE',  ( 34.65000000000000568, -12.39999999999997904, -49.99999999999992184 ) ) ;
#228 = EDGE_LOOP ( 'NONE', ( #1122, #2526, #529, #347 ) ) ;
#229 = APPLICATION_CONTEXT ( 'automotive_design' ) ;
#230 = DIRECTION ( 'NONE',  ( -0.0000000000000000000, -0.0000000000000000000, 1.000000000000000000 ) ) ;
#231 = AXIS2_PLACEMENT_3D ( 'NONE', #1041, #2659, #2644 ) ;
#232 = DIRECTION ( 'NONE',  ( -9.773090005503139098E-17, 1.000000000000000000, 0.0000000000000000000 ) ) ;
#233 = STYLED_ITEM ( 'NONE', ( #2646 ), #2504 ) ;
#234 = ORIENTED_EDGE ( 'NONE', *, *, #845, .F. ) ;
#235 = AXIS2_PLACEMENT_3D ( 'NONE', #1432, #319, #1021 ) ;
#236 = VECTOR ( 'NONE', #2859, 1000.000000000000000 ) ;
#237 = EDGE_CURVE ( 'NONE', #77, #576, #65, .T. ) ;
#238 = EDGE_CURVE ( 'NONE', #775, #1699, #732, .T. ) ;
#239 = FACE_OUTER_BOUND ( 'NONE', #2252, .T. ) ;
#240 = ORIENTED_EDGE ( 'NONE', *, *, #1662, .F. ) ;
#241 = PLANE ( 'NONE',  #1892 ) ;
#242 = VERTEX_POINT ( 'NONE', #280 ) ;
#243 = AXIS2_PLACEMENT_3D ( 'NONE', #731, #930, #2055 ) ;
#244 = DIRECTION ( 'NONE',  ( 1.000000000000000000, 0.0000000000000000000, 0.0000000000000000000 ) ) ;
#245 = ORIENTED_EDGE ( 'NONE', *, *, #1770, .F. ) ;
#246 = AXIS2_PLACEMENT_3D ( 'NONE', #1935, #1733, #1691 ) ;
#247 = DIRECTION ( 'NONE',  ( 0.0000000000000000000, -6.842277657836029970E-49, -1.000000000000000000 ) ) ;
#248 = CYLINDRICAL_SURFACE ( 'NONE', #1444, 0.1999999999999987899 ) ;
#249 = EDGE_CURVE ( 'NONE', #698, #350, #2781, .T. ) ;
#250 = ORIENTED_EDGE ( 'NONE', *, *, #2556, .F. ) ;
#251 = SURFACE_STYLE_USAGE ( .BOTH. , #1848 ) ;
#252 = ORIENTED_EDGE ( 'NONE', *, *, #719, .F. ) ;
#253 = CARTESIAN_POINT ( 'NONE',  ( -31.77468446926078016, -5.499999999999993783, -49.99999999999992184 ) ) ;
#254 = ORIENTED_EDGE ( 'NONE', *, *, #1999, .F. ) ;
#255 = EDGE_CURVE ( 'NONE', #1899, #1057, #2512, .T. ) ;
#256 = ORIENTED_EDGE ( 'NONE', *, *, #2738, .T. ) ;
#257 = DIRECTION ( 'NONE',  ( -1.000000000000000000, 0.0000000000000000000, 0.0000000000000000000 ) ) ;
#258 = DIRECTION ( 'NONE',  ( 0.0000000000000000000, -0.0000000000000000000, 1.000000000000000000 ) ) ;
#259 = FACE_OUTER_BOUND ( 'NONE', #475, .T. ) ;
#260 = VERTEX_POINT ( 'NONE', #1366 ) ;
#261 = ADVANCED_FACE ( 'NONE', ( #721 ), #241, .F. ) ;
#262 = DIRECTION ( 'NONE',  ( 1.000000000000000000, 0.0000000000000000000, 0.0000000000000000000 ) ) ;
#263 = VERTEX_POINT ( 'NONE', #500 ) ;
#264 = DIRECTION ( 'NONE',  ( -0.0000000000000000000, -6.842277657836029970E-49, -1.000000000000000000 ) ) ;
#265 = VERTEX_POINT ( 'NONE', #2294 ) ;
#266 = DIRECTION ( 'NONE',  ( -0.0000000000000000000, 6.842277657836029970E-49, 1.000000000000000000 ) ) ;
#267 = ORIENTED_EDGE ( 'NONE', *, *, #806, .F. ) ;
#268 = DIRECTION ( 'NONE',  ( 1.000000000000000000, 0.0000000000000000000, 0.0000000000000000000 ) ) ;
#269 = FACE_BOUND ( 'NONE', #2640, .T. ) ;
#270 = AXIS2_PLACEMENT_3D ( 'NONE', #218, #230, #1987 ) ;
#271 = DIRECTION ( 'NONE',  ( -0.0000000000000000000, 6.842277657836029970E-49, 1.000000000000000000 ) ) ;
#272 = ORIENTED_EDGE ( 'NONE', *, *, #1932, .T. ) ;
#273 = APPLICATION_PROTOCOL_DEFINITION ( 'draft international standard', 'automotive_design', 1998, #229 ) ;
#274 = AXIS2_PLACEMENT_3D ( 'NONE', #1063, #1236, #566 ) ;
#275 = EDGE_CURVE ( 'NONE', #1513, #260, #207, .T. ) ;
#276 = CARTESIAN_POINT ( 'NONE',  ( -30.70054402172779362, -3.537605325854807692, 50.00000000000000000 ) ) ;
#277 = AXIS2_PLACEMENT_3D ( 'NONE', #1860, #2785, #1635 ) ;
#278 = ORIENTED_EDGE ( 'NONE', *, *, #984, .T. ) ;
#279 = EDGE_CURVE ( 'NONE', #707, #355, #1092, .T. ) ;
#280 = CARTESIAN_POINT ( 'NONE',  ( 33.55000000000000426, -12.39999999999997904, -49.99999999999992184 ) ) ;
#281 = VECTOR ( 'NONE', #2602, 1000.000000000000000 ) ;
#282 = AXIS2_PLACEMENT_3D ( 'NONE', #1181, #993, #745 ) ;
#283 = VERTEX_POINT ( 'NONE', #945 ) ;
#284 = DIRECTION ( 'NONE',  ( 1.000000000000000000, 0.0000000000000000000, 0.0000000000000000000 ) ) ;
#285 = VERTEX_POINT ( 'NONE', #2497 ) ;
#286 = FACE_OUTER_BOUND ( 'NONE', #2135, .T. ) ;
#287 = ADVANCED_FACE ( 'NONE', ( #1621 ), #2030, .F. ) ;
#288 = PLANE ( 'NONE',  #670 ) ;
#289 = EDGE_CURVE ( 'NONE', #2378, #1903, #2715, .T. ) ;
#290 = LINE ( 'NONE', #1176, #1211 ) ;
#291 = ORIENTED_EDGE ( 'NONE', *, *, #84, .T. ) ;
#292 = EDGE_CURVE ( 'NONE', #1340, #2089, #2270, .T. ) ;
#293 = APPLICATION_PROTOCOL_DEFINITION ( 'draft international standard', 'automotive_design', 1998, #2086 ) ;
#294 = FACE_OUTER_BOUND ( 'NONE', #2671, .T. ) ;
#295 = CIRCLE ( 'NONE', #1940, 0.3000000000000016542 ) ;
#296 = ORIENTED_EDGE ( 'NONE', *, *, #1077, .F. ) ;
#297 = ADVANCED_FACE ( 'NONE', ( #1182 ), #1213, .F. ) ;
#298 = VERTEX_POINT ( 'NONE', #2804 ) ;
#299 = VERTEX_POINT ( 'NONE', #309 ) ;
#300 = DIRECTION ( 'NONE',  ( 1.000000000000000000, -9.243224568560364777E-50, 0.0000000000000000000 ) ) ;
#301 = FACE_BOUND ( 'NONE', #2821, .T. ) ;
#302 = CARTESIAN_POINT ( 'NONE',  ( 33.65000000000003411, -9.099999999999981881, 50.00000000000000000 ) ) ;
#303 = ORIENTED_EDGE ( 'NONE', *, *, #1084, .F. ) ;
#304 = ADVANCED_BREP_SHAPE_REPRESENTATION ( '', ( #1508, #1871 ), #2256 ) ;
#305 = FILL_AREA_STYLE_COLOUR ( '', #1825 ) ;
#306 = PLANE ( 'NONE',  #515 ) ;
#307 = ORIENTED_EDGE ( 'NONE', *, *, #2753, .T. ) ;
#308 = DIRECTION ( 'NONE',  ( 0.0000000000000000000, 6.842277657836029970E-49, 1.000000000000000000 ) ) ;
#309 = CARTESIAN_POINT ( 'NONE',  ( 31.48490672137407032, -5.422354286469238893, -49.99999999999992184 ) ) ;
#310 = ORIENTED_EDGE ( 'NONE', *, *, #2625, .F. ) ;
#311 = ADVANCED_FACE ( 'NONE', ( #1198 ), #2077, .F. ) ;
#312 = LINE ( 'NONE', #1385, #1769 ) ;
#313 = FACE_OUTER_BOUND ( 'NONE', #1309, .T. ) ;
#314 = CARTESIAN_POINT ( 'NONE',  ( 31.99999999999999289, 9.000000000000003553, -0.3500000000000039746 ) ) ;
#315 = ORIENTED_EDGE ( 'NONE', *, *, #279, .F. ) ;
#316 = ITEM_DEFINED_TRANSFORMATION ( 'NONE', 'NONE', #329,  #1871 ) ;
#317 = ORIENTED_EDGE ( 'NONE', *, *, #921, .T. ) ;
#318 = DIRECTION ( 'NONE',  ( -1.000000000000000000, 0.0000000000000000000, 0.0000000000000000000 ) ) ;
#319 = DIRECTION ( 'NONE',  ( 0.0000000000000000000, 0.0000000000000000000, 1.000000000000000000 ) ) ;
#320 = VECTOR ( 'NONE', #2146, 1000.000000000000000 ) ;
#321 = EDGE_CURVE ( 'NONE', #1333, #17, #1419, .T. ) ;
#322 = DIRECTION ( 'NONE',  ( 1.000000000000000000, -1.051347561198063430E-15, 0.0000000000000000000 ) ) ;
#323 = AXIS2_PLACEMENT_3D ( 'NONE', #2707, #480, #908 ) ;
#324 = ORIENTED_EDGE ( 'NONE', *, *, #1999, .T. ) ;
#325 = AXIS2_PLACEMENT_3D ( 'NONE', #1962, #997, #1269 ) ;
#326 = CARTESIAN_POINT ( 'NONE',  ( -31.97107282626553015, -4.499581521747844981, -49.99999999999992184 ) ) ;
#327 = ORIENTED_EDGE ( 'NONE', *, *, #1178, .T. ) ;
#328 = CIRCLE ( 'NONE', #2392, 0.3000000000000016542 ) ;
#329 = AXIS2_PLACEMENT_3D ( 'NONE', #1651, #2551, #103 ) ;
#330 = ORIENTED_EDGE ( 'NONE', *, *, #1949, .T. ) ;
#331 = CARTESIAN_POINT ( 'NONE',  ( -31.99999999999995381, -3.499999999999999556, 50.00000000000000000 ) ) ;
#332 = LINE ( 'NONE', #375, #1832 ) ;
#333 = ORIENTED_EDGE ( 'NONE', *, *, #2807, .F. ) ;
#334 = PRODUCT_CONTEXT ( 'NONE', #2183, 'mechanical' ) ;
#335 = ADVANCED_FACE ( 'NONE', ( #2311 ), #1159, .F. ) ;
#336 = DIRECTION ( 'NONE',  ( 1.000000000000000000, 0.0000000000000000000, 0.0000000000000000000 ) ) ;
#337 = LINE ( 'NONE', #2553, #1584 ) ;
#338 = CARTESIAN_POINT ( 'NONE',  ( -34.09999999999995168, -12.54999999999997762, 50.00000000000000000 ) ) ;
#339 = ORIENTED_EDGE ( 'NONE', *, *, #378, .T. ) ;
#340 = DIRECTION ( 'NONE',  ( 0.0000000000000000000, 0.0000000000000000000, 1.000000000000000000 ) ) ;
#341 = ORIENTED_EDGE ( 'NONE', *, *, #811, .F. ) ;
#342 = VECTOR ( 'NONE', #2897, 1000.000000000000000 ) ;
#343 = ORIENTED_EDGE ( 'NONE', *, *, #563, .F. ) ;
#344 = ORIENTED_EDGE ( 'NONE', *, *, #801, .T. ) ;
#345 = DIRECTION ( 'NONE',  ( 1.000000000000000000, 0.0000000000000000000, 0.0000000000000000000 ) ) ;
#346 = CARTESIAN_POINT ( 'NONE',  ( -30.49999999999998579, 0.0000000000000000000, -49.99999999999992184 ) ) ;
#347 = ORIENTED_EDGE ( 'NONE', *, *, #2656, .T. ) ;
#348 = DIRECTION ( 'NONE',  ( -1.000000000000000000, 1.156482317317876655E-14, 0.0000000000000000000 ) ) ;
#349 = DIRECTION ( 'NONE',  ( -1.156482317317876655E-14, 1.000000000000000000, 0.0000000000000000000 ) ) ;
#350 = VERTEX_POINT ( 'NONE', #2088 ) ;
#351 = EDGE_CURVE ( 'NONE', #93, #1670, #66, .T. ) ;
#352 = DIRECTION ( 'NONE',  ( -0.0000000000000000000, -6.842277657836029970E-49, -1.000000000000000000 ) ) ;
#353 = DIRECTION ( 'NONE',  ( 0.0000000000000000000, -6.842277657836029970E-49, -1.000000000000000000 ) ) ;
#354 = LINE ( 'NONE', #1879, #1447 ) ;
#355 = VERTEX_POINT ( 'NONE', #935 ) ;
#356 = ORIENTED_EDGE ( 'NONE', *, *, #1622, .T. ) ;
#357 = EDGE_LOOP ( 'NONE', ( #1900, #1013, #672, #1611 ) ) ;
#358 = AXIS2_PLACEMENT_3D ( 'NONE', #2211, #2181, #2171 ) ;
#359 = DIRECTION ( 'NONE',  ( -1.000000000000000000, 0.0000000000000000000, 0.0000000000000000000 ) ) ;
#360 = EDGE_CURVE ( 'NONE', #134, #1919, #52, .T. ) ;
#361 = DIRECTION ( 'NONE',  ( 9.243224568560359079E-50, -1.000000000000000000, -2.736911063134411988E-48 ) ) ;
#362 = DIRECTION ( 'NONE',  ( 0.0000000000000000000, -6.842277657836029970E-49, -1.000000000000000000 ) ) ;
#363 = DIRECTION ( 'NONE',  ( 1.000000000000000000, -9.243224568560364777E-50, 0.0000000000000000000 ) ) ;
#364 = ORIENTED_EDGE ( 'NONE', *, *, #534, .F. ) ;
#365 = DIRECTION ( 'NONE',  ( 0.0000000000000000000, 0.0000000000000000000, 1.000000000000000000 ) ) ;
#366 = CARTESIAN_POINT ( 'NONE',  ( 31.99999999999999289, 9.000000000000003553, 0.7500000000000000000 ) ) ;
#367 = EDGE_CURVE ( 'NONE', #298, #1919, #2872, .T. ) ;
#368 = VECTOR ( 'NONE', #1782, 1000.000000000000000 ) ;
#369 = FACE_OUTER_BOUND ( 'NONE', #1275, .T. ) ;
#370 = ORIENTED_EDGE ( 'NONE', *, *, #2058, .T. ) ;
#371 = VECTOR ( 'NONE', #822, 1000.000000000000000 ) ;
#372 = EDGE_CURVE ( 'NONE', #127, #2293, #1625, .T. ) ;
#373 = ORIENTED_EDGE ( 'NONE', *, *, #2848, .F. ) ;
#374 = VECTOR ( 'NONE', #2484, 1000.000000000000000 ) ;
#375 = CARTESIAN_POINT ( 'NONE',  ( -35.50000000000000000, -12.50000000000000355, -0.7500000000000000000 ) ) ;
#376 = VECTOR ( 'NONE', #2379, 1000.000000000000000 ) ;
#377 = AXIS2_PLACEMENT_3D ( 'NONE', #815, #1682, #2639 ) ;
#378 = EDGE_CURVE ( 'NONE', #593, #1827, #1397, .T. ) ;
#379 = DIRECTION ( 'NONE',  ( -9.243224568560360978E-50, 1.000000000000000000, -6.842277657836029970E-49 ) ) ;
#380 = PRODUCT_DEFINITION_CONTEXT ( 'detailed design', #1372, 'design' ) ;
#381 = ORIENTED_EDGE ( 'NONE', *, *, #238, .F. ) ;
#382 = CARTESIAN_POINT ( 'NONE',  ( 31.77468446926083701, -5.499999999999993783, 50.00000000000000000 ) ) ;
#383 = VECTOR ( 'NONE', #163, 1000.000000000000000 ) ;
#384 = CYLINDRICAL_SURFACE ( 'NONE', #325, 0.1999999999999987899 ) ;
#385 = LINE ( 'NONE', #1465, #604 ) ;
#386 = VERTEX_POINT ( 'NONE', #2515 ) ;
#387 = DIRECTION ( 'NONE',  ( 0.0000000000000000000, 0.0000000000000000000, -1.000000000000000000 ) ) ;
#388 = ADVANCED_FACE ( 'NONE', ( #2271 ), #489, .F. ) ;
#389 = CARTESIAN_POINT ( 'NONE',  ( 32.65000000000005542, -12.99999999999997691, 50.00000000000000000 ) ) ;
#390 = ORIENTED_EDGE ( 'NONE', *, *, #1115, .F. ) ;
#391 = AXIS2_PLACEMENT_3D ( 'NONE', #33, #1790, #902 ) ;
#392 = CARTESIAN_POINT ( 'NONE',  ( -30.60000000000000853, 8.999999999999998224, -0.3500000000000011435 ) ) ;
#393 = DIRECTION ( 'NONE',  ( 0.2588190451025177419, -0.9659258262890690894, 0.0000000000000000000 ) ) ;
#394 = CARTESIAN_POINT ( 'NONE',  ( 30.49999999999997868, -4.999999999999997335, -49.99999999999992184 ) ) ;
#395 = CARTESIAN_POINT ( 'NONE',  ( 30.49999999999999645, 12.50000000000000355, -0.7500000000000000000 ) ) ;
#396 = CARTESIAN_POINT ( 'NONE',  ( -35.49999999999995026, -11.99999999999997868, 50.00000000000000000 ) ) ;
#397 = DIRECTION ( 'NONE',  ( 9.243224568560359079E-50, -1.000000000000000000, -2.736911063134411988E-48 ) ) ;
#398 = ORIENTED_EDGE ( 'NONE', *, *, #1065, .T. ) ;
#399 = CARTESIAN_POINT ( 'NONE',  ( -33.40000000000000568, -9.000000000000001776, -0.3500000000000009215 ) ) ;
#400 = DIRECTION ( 'NONE',  ( 0.0000000000000000000, -6.842277657836029970E-49, -1.000000000000000000 ) ) ;
#401 = VERTEX_POINT ( 'NONE', #734 ) ;
#402 = PLANE ( 'NONE',  #2630 ) ;
#403 = SURFACE_STYLE_FILL_AREA ( #460 ) ;
#404 = EDGE_CURVE ( 'NONE', #764, #2520, #1642, .T. ) ;
#405 = CARTESIAN_POINT ( 'NONE',  ( -35.50000000000000000, -7.500000000000003553, 0.7500000000000000000 ) ) ;
#406 = CARTESIAN_POINT ( 'NONE',  ( 33.39999999999999147, -9.000000000000003553, -0.7500000000000000000 ) ) ;
#407 = DIRECTION ( 'NONE',  ( 0.0000000000000000000, -6.842277657836029970E-49, -1.000000000000000000 ) ) ;
#408 = ORIENTED_EDGE ( 'NONE', *, *, #2662, .T. ) ;
#409 = DIRECTION ( 'NONE',  ( 0.0000000000000000000, 0.0000000000000000000, -1.000000000000000000 ) ) ;
#410 = CARTESIAN_POINT ( 'NONE',  ( 31.77468446926079437, -5.799999999999993605, -49.99999999999992184 ) ) ;
#411 = AXIS2_PLACEMENT_3D ( 'NONE', #1704, #2797, #349 ) ;
#412 = ORIENTED_EDGE ( 'NONE', *, *, #1783, .F. ) ;
#413 = FACE_OUTER_BOUND ( 'NONE', #2006, .T. ) ;
#414 = FACE_OUTER_BOUND ( 'NONE', #1434, .T. ) ;
#415 = AXIS2_PLACEMENT_3D ( 'NONE', #2101, #35, #1580 ) ;
#416 = AXIS2_PLACEMENT_3D ( 'NONE', #191, #1975, #437 ) ;
#417 = VECTOR ( 'NONE', #696, 1000.000000000000000 ) ;
#418 = DIRECTION ( 'NONE',  ( 1.000000000000000000, 2.602085213965212219E-15, 0.0000000000000000000 ) ) ;
#419 = ORIENTED_EDGE ( 'NONE', *, *, #2570, .F. ) ;
#420 = ADVANCED_FACE ( 'NONE', ( #2720 ), #1597, .F. ) ;
#421 = DIRECTION ( 'NONE',  ( 0.0000000000000000000, -6.842277657836029970E-49, -1.000000000000000000 ) ) ;
#422 = AXIS2_PLACEMENT_3D ( 'NONE', #2258, #1565, #244 ) ;
#423 = FACE_OUTER_BOUND ( 'NONE', #2147, .T. ) ;
#424 = PLANE ( 'NONE',  #1305 ) ;
#425 = ORIENTED_EDGE ( 'NONE', *, *, #1111, .F. ) ;
#426 = CARTESIAN_POINT ( 'NONE',  ( -30.60000000000000853, -9.000000000000001776, -0.3500000000000009215 ) ) ;
#427 = VERTEX_POINT ( 'NONE', #2763 ) ;
#428 = DIRECTION ( 'NONE',  ( 1.000000000000000000, 1.465963500825470926E-16, 0.0000000000000000000 ) ) ;
#429 = ORIENTED_EDGE ( 'NONE', *, *, #159, .F. ) ;
#430 = EDGE_LOOP ( 'NONE', ( #62, #807, #1396, #782 ) ) ;
#431 = CARTESIAN_POINT ( 'NONE',  ( 35.50000000000000000, -7.499999999999998224, -0.7500000000000000000 ) ) ;
#432 = LINE ( 'NONE', #2261, #507 ) ;
#433 = CARTESIAN_POINT ( 'NONE',  ( 32.00000000000000711, -3.499999999999992895, -49.99999999999992184 ) ) ;
#434 = VECTOR ( 'NONE', #115, 1000.000000000000000 ) ;
#435 = UNCERTAINTY_MEASURE_WITH_UNIT (LENGTH_MEASURE( 1.000000000000000082E-05 ), #29, 'distance_accuracy_value', 'NONE');
#436 = ADVANCED_FACE ( 'NONE', ( #2542 ), #2325, .F. ) ;
#437 = DIRECTION ( 'NONE',  ( 1.000000000000000000, 0.0000000000000000000, 0.0000000000000000000 ) ) ;
#438 = VERTEX_POINT ( 'NONE', #1806 ) ;
#439 = CARTESIAN_POINT ( 'NONE',  ( 33.64999999999999147, -5.799999999999993605, -49.99999999999992184 ) ) ;
#440 = VERTEX_POINT ( 'NONE', #2701 ) ;
#441 = DIRECTION ( 'NONE',  ( 0.0000000000000000000, -6.842277657836029970E-49, -1.000000000000000000 ) ) ;
#442 = PRODUCT_DEFINITION_SHAPE ( 'NONE', 'NONE',  #2906 ) ;
#443 = CARTESIAN_POINT ( 'NONE',  ( 34.10000000000000853, -12.39999999999997904, -49.99999999999992184 ) ) ;
#444 = EDGE_LOOP ( 'NONE', ( #1663, #1116, #915, #2787 ) ) ;
#445 = CARTESIAN_POINT ( 'NONE',  ( -33.40000000000000568, 8.999999999999998224, -0.7500000000000000000 ) ) ;
#446 = CYLINDRICAL_SURFACE ( 'NONE', #869, 1.000000000000000888 ) ;
#447 = EDGE_CURVE ( 'NONE', #2648, #1500, #1383, .T. ) ;
#448 = CARTESIAN_POINT ( 'NONE',  ( 31.67261692625848823, -4.721810264741433727, -49.99999999999992184 ) ) ;
#449 = CYLINDRICAL_SURFACE ( 'NONE', #974, 0.5500000000000018208 ) ;
#450 = DIRECTION ( 'NONE',  ( 0.0000000000000000000, -6.842277657836029970E-49, -1.000000000000000000 ) ) ;
#451 = CARTESIAN_POINT ( 'NONE',  ( 32.20000000000003126, -9.099999999999983658, 50.00000000000000000 ) ) ;
#452 = ORIENTED_EDGE ( 'NONE', *, *, #1284, .F. ) ;
#453 = CYLINDRICAL_SURFACE ( 'NONE', #1271, 0.3000000000000016542 ) ;
#454 = EDGE_CURVE ( 'NONE', #2598, #2485, #691, .T. ) ;
#455 = CARTESIAN_POINT ( 'NONE',  ( -29.99999999999999289, -1.800000000000006484, -49.99999999999992184 ) ) ;
#456 = ORIENTED_EDGE ( 'NONE', *, *, #2789, .F. ) ;
#457 = CYLINDRICAL_SURFACE ( 'NONE', #89, 5.000000000000000888 ) ;
#458 = DIRECTION ( 'NONE',  ( 1.156482317317876655E-14, 1.000000000000000000, 0.0000000000000000000 ) ) ;
#459 = AXIS2_PLACEMENT_3D ( 'NONE', #1091, #2047, #1124 ) ;
#460 = FILL_AREA_STYLE ('',( #1324 ) ) ;
#461 = AXIS2_PLACEMENT_3D ( 'NONE', #2885, #232, #1762 ) ;
#462 = ADVANCED_FACE ( 'NONE', ( #2736 ), #2389, .F. ) ;
#463 = VECTOR ( 'NONE', #266, 1000.000000000000000 ) ;
#464 = ORIENTED_EDGE ( 'NONE', *, *, #1885, .F. ) ;
#465 = STYLED_ITEM ( 'NONE', ( #1592 ), #1508 ) ;
#466 = AXIS2_PLACEMENT_3D ( 'NONE', #1758, #1554, #1089 ) ;
#467 = CARTESIAN_POINT ( 'NONE',  ( 32.00000000000003553, -7.799999999999993605, 50.00000000000000000 ) ) ;
#468 = ORIENTED_EDGE ( 'NONE', *, *, #1969, .T. ) ;
#469 = CARTESIAN_POINT ( 'NONE',  ( 0.0000000000000000000, 0.0000000000000000000, 0.7500000000000000000 ) ) ;
#470 = DIRECTION ( 'NONE',  ( 1.000000000000000000, -8.673617379884087537E-15, 0.0000000000000000000 ) ) ;
#471 = EDGE_LOOP ( 'NONE', ( #2416, #1634, #870, #2749 ) ) ;
#472 = CIRCLE ( 'NONE', #243, 0.3000000000000016542 ) ;
#473 = CARTESIAN_POINT ( 'NONE',  ( -33.64999999999994884, -12.54999999999997762, 50.00000000000000000 ) ) ;
#474 = AXIS2_PLACEMENT_3D ( 'NONE', #1000, #2124, #562 ) ;
#475 = EDGE_LOOP ( 'NONE', ( #658, #621, #1456, #1684 ) ) ;
#476 = AXIS2_PLACEMENT_3D ( 'NONE', #1977, #643, #2873 ) ;
#477 = EDGE_CURVE ( 'NONE', #1886, #1853, #165, .T. ) ;
#478 = CARTESIAN_POINT ( 'NONE',  ( -29.50000000000000355, -9.000000000000001776, 0.7500000000000000000 ) ) ;
#479 = DIRECTION ( 'NONE',  ( 0.0000000000000000000, 6.842277657836029970E-49, 1.000000000000000000 ) ) ;
#480 = DIRECTION ( 'NONE',  ( 0.0000000000000000000, -6.842277657836029970E-49, -1.000000000000000000 ) ) ;
#481 = VECTOR ( 'NONE', #2881, 1000.000000000000000 ) ;
#482 = ORIENTED_EDGE ( 'NONE', *, *, #1759, .F. ) ;
#483 = DIRECTION ( 'NONE',  ( 0.0000000000000000000, -6.842277657836029970E-49, -1.000000000000000000 ) ) ;
#484 = LINE ( 'NONE', #2308, #521 ) ;
#485 = AXIS2_PLACEMENT_3D ( 'NONE', #1170, #441, #2074 ) ;
#486 = ORIENTED_EDGE ( 'NONE', *, *, #2405, .F. ) ;
#487 = CARTESIAN_POINT ( 'NONE',  ( -34.09999999999999432, -12.54999999999997762, -49.99999999999992184 ) ) ;
#488 = ORIENTED_EDGE ( 'NONE', *, *, #2023, .F. ) ;
#489 = PLANE ( 'NONE',  #2062 ) ;
#490 = ORIENTED_EDGE ( 'NONE', *, *, #1960, .T. ) ;
#491 = CARTESIAN_POINT ( 'NONE',  ( -30.49999999999999645, 7.499999999999992895, 0.7500000000000000000 ) ) ;
#492 = DIRECTION ( 'NONE',  ( -0.0000000000000000000, -6.842277657836029970E-49, -1.000000000000000000 ) ) ;
#493 = ADVANCED_FACE ( 'NONE', ( #1669 ), #384, .T. ) ;
#494 = LINE ( 'NONE', #2771, #2811 ) ;
#495 = ORIENTED_EDGE ( 'NONE', *, *, #2868, .F. ) ;
#496 = EDGE_CURVE ( 'NONE', #2654, #298, #1506, .T. ) ;
#497 = VECTOR ( 'NONE', #2414, 1000.000000000000000 ) ;
#498 = CARTESIAN_POINT ( 'NONE',  ( -34.50000000000001421, 8.999999999999998224, 0.7500000000000000000 ) ) ;
#499 = VERTEX_POINT ( 'NONE', #1066 ) ;
#500 = CARTESIAN_POINT ( 'NONE',  ( -34.50000000000000711, -9.000000000000001776, 0.7500000000000000000 ) ) ;
#501 = VERTEX_POINT ( 'NONE', #326 ) ;
#502 = CARTESIAN_POINT ( 'NONE',  ( 30.59999999999999787, 9.000000000000003553, -0.7500000000000000000 ) ) ;
#503 = SHAPE_REPRESENTATION ( 'K48-B', ( #1871 ), #2256 ) ;
#504 = ORIENTED_EDGE ( 'NONE', *, *, #553, .F. ) ;
#505 = DIRECTION ( 'NONE',  ( 0.0000000000000000000, 0.0000000000000000000, 1.000000000000000000 ) ) ;
#506 = CARTESIAN_POINT ( 'NONE',  ( 32.65000000000004832, -12.39999999999997904, 50.00000000000000000 ) ) ;
#507 = VECTOR ( 'NONE', #2233, 1000.000000000000000 ) ;
#508 = DIRECTION ( 'NONE',  ( -0.0000000000000000000, -6.842277657836029970E-49, -1.000000000000000000 ) ) ;
#509 = VECTOR ( 'NONE', #2159, 1000.000000000000000 ) ;
#510 = CARTESIAN_POINT ( 'NONE',  ( 0.1534982613015257180, -12.87173041894284253, 100.0000000000000568 ) ) ;
#511 = CIRCLE ( 'NONE', #2343, 1.000000000000000888 ) ;
#512 = EDGE_CURVE ( 'NONE', #2383, #401, #1656, .T. ) ;
#513 = CARTESIAN_POINT ( 'NONE',  ( 32.00000000000003553, -7.599999999999994316, 50.00000000000000000 ) ) ;
#514 = AXIS2_PLACEMENT_3D ( 'NONE', #338, #2366, #1227 ) ;
#515 = AXIS2_PLACEMENT_3D ( 'NONE', #469, #2582, #569 ) ;
#516 = CONICAL_SURFACE ( 'NONE', #1927, 1.399999999999998579, 0.7853981633974524978 ) ;
#517 = ORIENTED_EDGE ( 'NONE', *, *, #2407, .T. ) ;
#518 = DIRECTION ( 'NONE',  ( 1.000000000000000000, -9.243224568560364777E-50, 0.0000000000000000000 ) ) ;
#519 = EDGE_LOOP ( 'NONE', ( #252, #803, #2491, #1980 ) ) ;
#520 = ORIENTED_EDGE ( 'NONE', *, *, #2283, .T. ) ;
#521 = VECTOR ( 'NONE', #31, 1000.000000000000000 ) ;
#522 = FACE_OUTER_BOUND ( 'NONE', #2104, .T. ) ;
#523 = DIRECTION ( 'NONE',  ( -1.000000000000000000, 0.0000000000000000000, 0.0000000000000000000 ) ) ;
#524 = EDGE_LOOP ( 'NONE', ( #452, #148, #2305, #1189 ) ) ;
#525 = DIRECTION ( 'NONE',  ( 0.0000000000000000000, 0.0000000000000000000, 1.000000000000000000 ) ) ;
#526 = CARTESIAN_POINT ( 'NONE',  ( -31.99999999999995381, -3.499999999999999556, 50.00000000000000000 ) ) ;
#527 = DIRECTION ( 'NONE',  ( -0.9659258262890682012, -0.2588190451025210725, 0.0000000000000000000 ) ) ;
#528 = VECTOR ( 'NONE', #1660, 1000.000000000000000 ) ;
#529 = ORIENTED_EDGE ( 'NONE', *, *, #636, .F. ) ;
#530 = VERTEX_POINT ( 'NONE', #1215 ) ;
#531 = ORIENTED_EDGE ( 'NONE', *, *, #1571, .T. ) ;
#532 = DIRECTION ( 'NONE',  ( 1.000000000000000000, -9.243224568560366676E-50, 6.324470895182166803E-98 ) ) ;
#533 = DIRECTION ( 'NONE',  ( -1.156482317317876655E-14, 1.000000000000000000, 0.0000000000000000000 ) ) ;
#534 = EDGE_CURVE ( 'NONE', #1285, #1141, #2410, .T. ) ;
#535 = EDGE_CURVE ( 'NONE', #1990, #1685, #1435, .T. ) ;
#536 = ORIENTED_EDGE ( 'NONE', *, *, #1836, .F. ) ;
#537 =( LENGTH_UNIT ( ) NAMED_UNIT ( * ) SI_UNIT ( .MILLI., .METRE. ) );
#538 = ORIENTED_EDGE ( 'NONE', *, *, #1941, .T. ) ;
#539 = DIRECTION ( 'NONE',  ( -0.0000000000000000000, 6.842277657836029970E-49, 1.000000000000000000 ) ) ;
#540 = DIRECTION ( 'NONE',  ( -0.0000000000000000000, -0.0000000000000000000, 1.000000000000000000 ) ) ;
#541 = ORIENTED_EDGE ( 'NONE', *, *, #1723, .T. ) ;
#542 = LINE ( 'NONE', #2777, #830 ) ;
#543 = ORIENTED_EDGE ( 'NONE', *, *, #2650, .F. ) ;
#544 = VERTEX_POINT ( 'NONE', #395 ) ;
#545 = CARTESIAN_POINT ( 'NONE',  ( 34.85000000000005116, -12.99999999999997691, 50.00000000000000000 ) ) ;
#546 = ADVANCED_FACE ( 'NONE', ( #2120 ), #2788, .T. ) ;
#547 = CARTESIAN_POINT ( 'NONE',  ( 32.00000000000004974, -3.499999999999992895, 50.00000000000000000 ) ) ;
#548 = VERTEX_POINT ( 'NONE', #2844 ) ;
#549 = CARTESIAN_POINT ( 'NONE',  ( 30.49999999999999645, -12.49999999999999645, -0.7500000000000000000 ) ) ;
#550 = CARTESIAN_POINT ( 'NONE',  ( 31.77468446926083701, -5.799999999999993605, 50.00000000000000000 ) ) ;
#551 = DIRECTION ( 'NONE',  ( 0.0000000000000000000, -6.842277657836029970E-49, -1.000000000000000000 ) ) ;
#552 = VECTOR ( 'NONE', #2035, 1000.000000000000000 ) ;
#553 = EDGE_CURVE ( 'NONE', #401, #1915, #555, .T. ) ;
#554 = ORIENTED_EDGE ( 'NONE', *, *, #1204, .F. ) ;
#555 = CIRCLE ( 'NONE', #1869, 5.000000000000000888 ) ;
#556 = CARTESIAN_POINT ( 'NONE',  ( -32.19999999999995310, -8.899999999999984368, 50.00000000000000000 ) ) ;
#557 = ORIENTED_EDGE ( 'NONE', *, *, #957, .T. ) ;
#558 = AXIS2_PLACEMENT_3D ( 'NONE', #816, #340, #1479 ) ;
#559 = CIRCLE ( 'NONE', #466, 1.000000000000000888 ) ;
#560 = AXIS2_PLACEMENT_3D ( 'NONE', #166, #1942, #136 ) ;
#561 = ORIENTED_EDGE ( 'NONE', *, *, #1815, .F. ) ;
#562 = DIRECTION ( 'NONE',  ( -5.337610695313261245E-16, -1.000000000000000000, -6.842277657836030578E-48 ) ) ;
#563 = EDGE_CURVE ( 'NONE', #544, #2383, #2649, .T. ) ;
#564 = ORIENTED_EDGE ( 'NONE', *, *, #1111, .T. ) ;
#565 = CARTESIAN_POINT ( 'NONE',  ( -31.97107282626549107, -4.499581521747844981, 50.00000000000000000 ) ) ;
#566 = DIRECTION ( 'NONE',  ( 1.000000000000000000, -1.445602896647331225E-15, 0.0000000000000000000 ) ) ;
#567 = DIRECTION ( 'NONE',  ( 1.000000000000000000, 0.0000000000000000000, 0.0000000000000000000 ) ) ;
#568 = CYLINDRICAL_SURFACE ( 'NONE', #514, 0.4499999999999990119 ) ;
#569 = DIRECTION ( 'NONE',  ( 1.000000000000000000, 0.0000000000000000000, -0.0000000000000000000 ) ) ;
#570 = EDGE_LOOP ( 'NONE', ( #245, #1690, #1016, #2614 ) ) ;
#571 = AXIS2_PLACEMENT_3D ( 'NONE', #2081, #711, #1602 ) ;
#572 = ORIENTED_EDGE ( 'NONE', *, *, #2365, .T. ) ;
#573 = ORIENTED_EDGE ( 'NONE', *, *, #73, .F. ) ;
#574 = AXIS2_PLACEMENT_3D ( 'NONE', #2399, #387, #2424 ) ;
#575 = DIRECTION ( 'NONE',  ( -1.000000000000000000, 0.0000000000000000000, 0.0000000000000000000 ) ) ;
#576 = VERTEX_POINT ( 'NONE', #406 ) ;
#577 = EDGE_CURVE ( 'NONE', #226, #1481, #2713, .T. ) ;
#578 = LINE ( 'NONE', #609, #1593 ) ;
#579 = CARTESIAN_POINT ( 'NONE',  ( 31.48490672137407032, -5.422354286469239781, -49.99999999999992184 ) ) ;
#580 = VERTEX_POINT ( 'NONE', #1882 ) ;
#581 = DIRECTION ( 'NONE',  ( 0.0000000000000000000, -6.842277657836029970E-49, -1.000000000000000000 ) ) ;
#582 = EDGE_CURVE ( 'NONE', #134, #2249, #542, .T. ) ;
#583 = CARTESIAN_POINT ( 'NONE',  ( -35.49999999999999289, -11.99999999999997868, -49.99999999999992184 ) ) ;
#584 = DIRECTION ( 'NONE',  ( 0.0000000000000000000, 0.0000000000000000000, 1.000000000000000000 ) ) ;
#585 = ORIENTED_EDGE ( 'NONE', *, *, #1749, .F. ) ;
#586 = EDGE_CURVE ( 'NONE', #1221, #1155, #1350, .T. ) ;
#587 = CARTESIAN_POINT ( 'NONE',  ( 30.49999999999998224, 0.0000000000000000000, 50.00000000000000000 ) ) ;
#588 = CIRCLE ( 'NONE', #2138, 0.5500000000000018208 ) ;
#589 = FACE_OUTER_BOUND ( 'NONE', #2791, .T. ) ;
#590 = CARTESIAN_POINT ( 'NONE',  ( 34.65000000000004832, -12.39999999999997904, 50.00000000000000000 ) ) ;
#591 = DIRECTION ( 'NONE',  ( 1.000000000000000000, 0.0000000000000000000, 0.0000000000000000000 ) ) ;
#592 = CARTESIAN_POINT ( 'NONE',  ( 30.59999999999999787, 9.000000000000003553, -0.3500000000000039746 ) ) ;
#593 = VERTEX_POINT ( 'NONE', #2189 ) ;
#594 = DIRECTION ( 'NONE',  ( -0.0000000000000000000, -0.0000000000000000000, 1.000000000000000000 ) ) ;
#595 = CARTESIAN_POINT ( 'NONE',  ( -31.99999999999995381, -9.099999999999983658, 50.00000000000000000 ) ) ;
#596 = ADVANCED_FACE ( 'NONE', ( #177 ), #1737, .F. ) ;
#597 = AXIS2_PLACEMENT_3D ( 'NONE', #2814, #2605, #2141 ) ;
#598 = ORIENTED_EDGE ( 'NONE', *, *, #1502, .F. ) ;
#599 =( GEOMETRIC_REPRESENTATION_CONTEXT ( 3 ) GLOBAL_UNCERTAINTY_ASSIGNED_CONTEXT ( ( #640 ) ) GLOBAL_UNIT_ASSIGNED_CONTEXT ( ( #895, #13, #1748 ) ) REPRESENTATION_CONTEXT ( 'NONE', 'WORKASPACE' ) );
#600 = DIRECTION ( 'NONE',  ( -0.0000000000000000000, -0.0000000000000000000, 1.000000000000000000 ) ) ;
#601 = DIRECTION ( 'NONE',  ( -9.243224568560359079E-50, 1.000000000000000000, 2.736911063134411988E-48 ) ) ;
#602 = AXIS2_PLACEMENT_3D ( 'NONE', #394, #1051, #418 ) ;
#603 = VECTOR ( 'NONE', #2865, 1000.000000000000000 ) ;
#604 = VECTOR ( 'NONE', #2581, 1000.000000000000000 ) ;
#605 = EDGE_LOOP ( 'NONE', ( #1607, #333, #1002, #688 ) ) ;
#606 = LINE ( 'NONE', #1997, #1777 ) ;
#607 = ORIENTED_EDGE ( 'NONE', *, *, #1847, .T. ) ;
#608 = AXIS2_PLACEMENT_3D ( 'NONE', #1844, #2488, #83 ) ;
#609 = CARTESIAN_POINT ( 'NONE',  ( 33.65000000000003411, -9.099999999999981881, 50.00000000000000000 ) ) ;
#610 = ADVANCED_FACE ( 'NONE', ( #109 ), #1082, .F. ) ;
#611 = DIRECTION ( 'NONE',  ( -0.0000000000000000000, -1.000000000000000000, -0.0000000000000000000 ) ) ;
#612 = UNCERTAINTY_MEASURE_WITH_UNIT (LENGTH_MEASURE( 1.000000000000000082E-05 ), #970, 'distance_accuracy_value', 'NONE');
#613 = AXIS2_PLACEMENT_3D ( 'NONE', #1763, #2857, #1720 ) ;
#614 = DIRECTION ( 'NONE',  ( 1.000000000000000000, 0.0000000000000000000, 0.0000000000000000000 ) ) ;
#615 = DIRECTION ( 'NONE',  ( -1.000000000000000000, 9.243224568560364777E-50, 0.0000000000000000000 ) ) ;
#616 = AXIS2_PLACEMENT_3D ( 'NONE', #2828, #1703, #2604 ) ;
#617 = PLANE ( 'NONE',  #2069 ) ;
#618 = VERTEX_POINT ( 'NONE', #1530 ) ;
#619 = FACE_OUTER_BOUND ( 'NONE', #963, .T. ) ;
#620 = LINE ( 'NONE', #1134, #2208 ) ;
#621 = ORIENTED_EDGE ( 'NONE', *, *, #404, .T. ) ;
#622 = AXIS2_PLACEMENT_3D ( 'NONE', #914, #264, #470 ) ;
#623 = CARTESIAN_POINT ( 'NONE',  ( 33.65000000000003411, -5.799999999999993605, 50.00000000000000000 ) ) ;
#624 = EDGE_CURVE ( 'NONE', #1903, #212, #866, .T. ) ;
#625 = ADVANCED_FACE ( 'NONE', ( #1097 ), #1991, .F. ) ;
#626 = ADVANCED_FACE ( 'NONE', ( #2617 ), #1290, .F. ) ;
#627 = DIRECTION ( 'NONE',  ( 1.000000000000000000, 0.0000000000000000000, 0.0000000000000000000 ) ) ;
#628 = CARTESIAN_POINT ( 'NONE',  ( 31.99999999999999289, 9.000000000000003553, -0.7500000000000000000 ) ) ;
#629 = DIRECTION ( 'NONE',  ( 0.0000000000000000000, 6.842277657836029970E-49, 1.000000000000000000 ) ) ;
#630 = VERTEX_POINT ( 'NONE', #2418 ) ;
#631 = CARTESIAN_POINT ( 'NONE',  ( -33.64999999999994884, -12.54999999999997762, 50.00000000000000000 ) ) ;
#632 = VERTEX_POINT ( 'NONE', #837 ) ;
#633 = LINE ( 'NONE', #227, #61 ) ;
#634 = ORIENTED_EDGE ( 'NONE', *, *, #1672, .F. ) ;
#635 = ORIENTED_EDGE ( 'NONE', *, *, #662, .F. ) ;
#636 = EDGE_CURVE ( 'NONE', #996, #618, #578, .T. ) ;
#637 = DIRECTION ( 'NONE',  ( -0.7071067811865504593, 8.659560562354968603E-17, 0.7071067811865445751 ) ) ;
#638 = DIRECTION ( 'NONE',  ( -9.243224568560360978E-50, 1.000000000000000000, -6.842277657836029970E-49 ) ) ;
#639 = LINE ( 'NONE', #2869, #1120 ) ;
#640 = UNCERTAINTY_MEASURE_WITH_UNIT (LENGTH_MEASURE( 1.000000000000000082E-05 ), #895, 'distance_accuracy_value', 'NONE');
#641 = DIRECTION ( 'NONE',  ( 0.0000000000000000000, 6.842277657836029970E-49, 1.000000000000000000 ) ) ;
#642 = ORIENTED_EDGE ( 'NONE', *, *, #2172, .T. ) ;
#643 = DIRECTION ( 'NONE',  ( -0.0000000000000000000, -0.0000000000000000000, 1.000000000000000000 ) ) ;
#644 = PRESENTATION_STYLE_ASSIGNMENT (( #1812 ) ) ;
#645 = VECTOR ( 'NONE', #458, 1000.000000000000000 ) ;
#646 = ORIENTED_EDGE ( 'NONE', *, *, #1560, .F. ) ;
#647 = DIRECTION ( 'NONE',  ( 9.243224568560359079E-50, -1.000000000000000000, -2.736911063134411988E-48 ) ) ;
#648 = ORIENTED_EDGE ( 'NONE', *, *, #2058, .F. ) ;
#649 = DIRECTION ( 'NONE',  ( 1.156482317317876655E-14, -1.000000000000000000, 0.0000000000000000000 ) ) ;
#650 = AXIS2_PLACEMENT_3D ( 'NONE', #1201, #938, #1600 ) ;
#651 = ORIENTED_EDGE ( 'NONE', *, *, #2774, .F. ) ;
#652 = DIRECTION ( 'NONE',  ( -1.000000000000000000, 0.0000000000000000000, 0.0000000000000000000 ) ) ;
#653 = DIRECTION ( 'NONE',  ( 9.243224568560359079E-50, -1.000000000000000000, -2.736911063134411988E-48 ) ) ;
#654 = VECTOR ( 'NONE', #1060, 1000.000000000000000 ) ;
#655 = CIRCLE ( 'NONE', #1778, 0.1999999999999987899 ) ;
#656 = PLANE ( 'NONE',  #613 ) ;
#657 = ORIENTED_EDGE ( 'NONE', *, *, #2730, .F. ) ;
#658 = ORIENTED_EDGE ( 'NONE', *, *, #1313, .F. ) ;
#659 = FACE_BOUND ( 'NONE', #2368, .T. ) ;
#660 = LINE ( 'NONE', #2641, #2603 ) ;
#661 = AXIS2_PLACEMENT_3D ( 'NONE', #1901, #1014, #2373 ) ;
#662 = EDGE_CURVE ( 'NONE', #2520, #108, #2186, .T. ) ;
#663 = ADVANCED_FACE ( 'NONE', ( #1485 ), #1062, .F. ) ;
#664 = ORIENTED_EDGE ( 'NONE', *, *, #2482, .F. ) ;
#665 = DIRECTION ( 'NONE',  ( 1.000000000000000000, 0.0000000000000000000, 0.0000000000000000000 ) ) ;
#666 = VERTEX_POINT ( 'NONE', #392 ) ;
#667 = CARTESIAN_POINT ( 'NONE',  ( -32.19999999999995310, -7.599999999999994316, 50.00000000000000000 ) ) ;
#668 = CARTESIAN_POINT ( 'NONE',  ( -33.64999999999994884, -5.799999999999993605, 50.00000000000000000 ) ) ;
#669 = CARTESIAN_POINT ( 'NONE',  ( -30.49999999999999289, -12.50000000000000355, -0.7500000000000000000 ) ) ;
#670 = AXIS2_PLACEMENT_3D ( 'NONE', #2302, #964, #725 ) ;
#671 = DIRECTION ( 'NONE',  ( 0.0000000000000000000, 0.0000000000000000000, 1.000000000000000000 ) ) ;
#672 = ORIENTED_EDGE ( 'NONE', *, *, #149, .F. ) ;
#673 = DIRECTION ( 'NONE',  ( 0.0000000000000000000, 0.0000000000000000000, 1.000000000000000000 ) ) ;
#674 = CARTESIAN_POINT ( 'NONE',  ( 30.59999999999999787, 9.000000000000003553, -0.3500000000000039746 ) ) ;
#675 = ADVANCED_FACE ( 'NONE', ( #1717 ), #2375, .F. ) ;
#676 = EDGE_LOOP ( 'NONE', ( #504, #1276, #2779, #169 ) ) ;
#677 = DIRECTION ( 'NONE',  ( 6.324470895182165503E-98, 6.842277657836029970E-49, 1.000000000000000000 ) ) ;
#678 = ORIENTED_EDGE ( 'NONE', *, *, #321, .F. ) ;
#679 = CYLINDRICAL_SURFACE ( 'NONE', #422, 1.399999999999998579 ) ;
#680 = VERTEX_POINT ( 'NONE', #146 ) ;
#681 = CARTESIAN_POINT ( 'NONE',  ( 30.49999999999998224, -4.999999999999997335, 50.00000000000000000 ) ) ;
#682 = CYLINDRICAL_SURFACE ( 'NONE', #270, 1.399999999999998579 ) ;
#683 = DIRECTION ( 'NONE',  ( -1.000000000000000000, 0.0000000000000000000, 0.0000000000000000000 ) ) ;
#684 = ADVANCED_FACE ( 'NONE', ( #1514 ), #1263, .T. ) ;
#685 = EDGE_LOOP ( 'NONE', ( #1183, #2268, #1859, #2718 ) ) ;
#686 = CARTESIAN_POINT ( 'NONE',  ( -35.50000000000000000, -7.500000000000005329, -0.7500000000000000000 ) ) ;
#687 = EDGE_CURVE ( 'NONE', #2899, #630, #1881, .T. ) ;
#688 = ORIENTED_EDGE ( 'NONE', *, *, #957, .F. ) ;
#689 = CARTESIAN_POINT ( 'NONE',  ( 31.77468446926083701, -5.499999999999993783, 50.00000000000000000 ) ) ;
#690 = ORIENTED_EDGE ( 'NONE', *, *, #1177, .T. ) ;
#691 = LINE ( 'NONE', #706, #463 ) ;
#692 = ORIENTED_EDGE ( 'NONE', *, *, #30, .F. ) ;
#693 = DIRECTION ( 'NONE',  ( 0.0000000000000000000, -6.842277657836029970E-49, -1.000000000000000000 ) ) ;
#694 = LINE ( 'NONE', #1093, #2898 ) ;
#695 = VECTOR ( 'NONE', #1218, 1000.000000000000000 ) ;
#696 = DIRECTION ( 'NONE',  ( -9.243224568560359079E-50, 1.000000000000000000, 2.736911063134411988E-48 ) ) ;
#697 = VECTOR ( 'NONE', #611, 1000.000000000000000 ) ;
#698 = VERTEX_POINT ( 'NONE', #2577 ) ;
#699 = VECTOR ( 'NONE', #899, 1000.000000000000000 ) ;
#700 = DIRECTION ( 'NONE',  ( -0.0000000000000000000, -0.0000000000000000000, 1.000000000000000000 ) ) ;
#701 = DIRECTION ( 'NONE',  ( -1.000000000000000000, 0.0000000000000000000, 0.0000000000000000000 ) ) ;
#702 = VERTEX_POINT ( 'NONE', #117 ) ;
#703 = DIRECTION ( 'NONE',  ( -1.000000000000000000, 9.243224568560366676E-50, -6.324470895182166803E-98 ) ) ;
#704 = EDGE_CURVE ( 'NONE', #1481, #226, #2264, .T. ) ;
#705 = EDGE_LOOP ( 'NONE', ( #2784, #1589 ) ) ;
#706 = CARTESIAN_POINT ( 'NONE',  ( 32.20000000000003126, -7.599999999999994316, 50.00000000000000000 ) ) ;
#707 = VERTEX_POINT ( 'NONE', #1676 ) ;
#708 = AXIS2_PLACEMENT_3D ( 'NONE', #1003, #379, #1035 ) ;
#709 = CARTESIAN_POINT ( 'NONE',  ( 30.49999999999999645, -12.49999999999999645, 0.7500000000000000000 ) ) ;
#710 = ADVANCED_FACE ( 'NONE', ( #1957 ), #402, .F. ) ;
#711 = DIRECTION ( 'NONE',  ( 0.0000000000000000000, -6.842277657836029970E-49, -1.000000000000000000 ) ) ;
#712 = CARTESIAN_POINT ( 'NONE',  ( 31.77468446926079437, -5.499999999999993783, -49.99999999999992184 ) ) ;
#713 = ORIENTED_EDGE ( 'NONE', *, *, #2184, .T. ) ;
#714 = EDGE_CURVE ( 'NONE', #77, #2516, #2852, .T. ) ;
#715 =( NAMED_UNIT ( * ) SI_UNIT ( $, .STERADIAN. ) SOLID_ANGLE_UNIT ( ) );
#716 = EDGE_CURVE ( 'NONE', #140, #698, #2403, .T. ) ;
#717 = LINE ( 'NONE', #1167, #1632 ) ;
#718 = CIRCLE ( 'NONE', #1376, 5.000000000000000888 ) ;
#719 = EDGE_CURVE ( 'NONE', #1649, #1256, #1278, .T. ) ;
#720 = VERTEX_POINT ( 'NONE', #780 ) ;
#721 = FACE_OUTER_BOUND ( 'NONE', #1044, .T. ) ;
#722 = ORIENTED_EDGE ( 'NONE', *, *, #1941, .F. ) ;
#723 = EDGE_LOOP ( 'NONE', ( #1529, #1237, #1930, #1377 ) ) ;
#724 = CARTESIAN_POINT ( 'NONE',  ( -33.64999999999994884, -9.099999999999981881, 50.00000000000000000 ) ) ;
#725 = DIRECTION ( 'NONE',  ( 1.000000000000000000, 0.0000000000000000000, -0.0000000000000000000 ) ) ;
#726 = DIRECTION ( 'NONE',  ( -9.243224568560359079E-50, 1.000000000000000000, 2.736911063134411988E-48 ) ) ;
#727 = EDGE_CURVE ( 'NONE', #1409, #501, #1018, .T. ) ;
#728 = ORIENTED_EDGE ( 'NONE', *, *, #991, .T. ) ;
#729 = DIRECTION ( 'NONE',  ( 1.000000000000000000, 0.0000000000000000000, 0.0000000000000000000 ) ) ;
#730 = CIRCLE ( 'NONE', #2238, 1.000000000000000888 ) ;
#731 = CARTESIAN_POINT ( 'NONE',  ( 31.96239467414520874, -4.799455978272190393, -49.99999999999992184 ) ) ;
#732 = LINE ( 'NONE', #2282, #2362 ) ;
#733 = ORIENTED_EDGE ( 'NONE', *, *, #2381, .T. ) ;
#734 = CARTESIAN_POINT ( 'NONE',  ( -30.49999999999999289, 12.49999999999999289, 0.7500000000000000000 ) ) ;
#735 = DIRECTION ( 'NONE',  ( 0.0000000000000000000, -6.842277657836029970E-49, -1.000000000000000000 ) ) ;
#736 = VERTEX_POINT ( 'NONE', #1920 ) ;
#737 = ORIENTED_EDGE ( 'NONE', *, *, #168, .F. ) ;
#738 = DIRECTION ( 'NONE',  ( -0.7071067811865504593, 8.659560562354967371E-17, 0.7071067811865445751 ) ) ;
#739 = CARTESIAN_POINT ( 'NONE',  ( 32.65000000000001279, -12.99999999999997691, -49.99999999999992184 ) ) ;
#740 = CONICAL_SURFACE ( 'NONE', #1818, 1.399999999999998579, 0.7853981633974507215 ) ;
#741 = EDGE_LOOP ( 'NONE', ( #1347, #763, #1573, #1509 ) ) ;
#742 = AXIS2_PLACEMENT_3D ( 'NONE', #2830, #1735, #1988 ) ;
#743 = CARTESIAN_POINT ( 'NONE',  ( -32.19999999999999574, -7.599999999999994316, -49.99999999999992184 ) ) ;
#744 = AXIS2_PLACEMENT_3D ( 'NONE', #1225, #2799, #783 ) ;
#745 = DIRECTION ( 'NONE',  ( -1.000000000000000000, 0.0000000000000000000, 0.0000000000000000000 ) ) ;
#746 = CIRCLE ( 'NONE', #790, 0.3000000000000016542 ) ;
#747 = VERTEX_POINT ( 'NONE', #2813 ) ;
#748 = EDGE_CURVE ( 'NONE', #2293, #702, #1734, .T. ) ;
#749 = ORIENTED_EDGE ( 'NONE', *, *, #1330, .T. ) ;
#750 = EDGE_CURVE ( 'NONE', #2903, #2133, #862, .T. ) ;
#751 = ORIENTED_EDGE ( 'NONE', *, *, #882, .T. ) ;
#752 = EDGE_CURVE ( 'NONE', #720, #1931, #2054, .T. ) ;
#753 = FACE_OUTER_BOUND ( 'NONE', #1382, .T. ) ;
#754 = CARTESIAN_POINT ( 'NONE',  ( -33.64999999999999147, -7.599999999999994316, -49.99999999999992184 ) ) ;
#755 = PLANE ( 'NONE',  #2441 ) ;
#756 = ORIENTED_EDGE ( 'NONE', *, *, #1698, .T. ) ;
#757 = DIRECTION ( 'NONE',  ( 0.0000000000000000000, 0.0000000000000000000, 1.000000000000000000 ) ) ;
#758 = DIRECTION ( 'NONE',  ( -0.9659258262890690894, -0.2588190451025177419, 0.0000000000000000000 ) ) ;
#759 = FACE_OUTER_BOUND ( 'NONE', #1160, .T. ) ;
#760 = EDGE_CURVE ( 'NONE', #2520, #1912, #2522, .T. ) ;
#761 = VECTOR ( 'NONE', #1381, 1000.000000000000000 ) ;
#762 = VERTEX_POINT ( 'NONE', #1543 ) ;
#763 = ORIENTED_EDGE ( 'NONE', *, *, #477, .F. ) ;
#764 = VERTEX_POINT ( 'NONE', #2217 ) ;
#765 = DIRECTION ( 'NONE',  ( 0.0000000000000000000, 1.000000000000000000, 0.0000000000000000000 ) ) ;
#766 = LINE ( 'NONE', #939, #1418 ) ;
#767 = ORIENTED_EDGE ( 'NONE', *, *, #2260, .F. ) ;
#768 = PLANE ( 'NONE',  #411 ) ;
#769 = FACE_OUTER_BOUND ( 'NONE', #2584, .T. ) ;
#770 = LINE ( 'NONE', #2117, #1074 ) ;
#771 = ORIENTED_EDGE ( 'NONE', *, *, #1267, .T. ) ;
#772 = ADVANCED_FACE ( 'NONE', ( #2680 ), #446, .F. ) ;
#773 = CARTESIAN_POINT ( 'NONE',  ( -34.54999999999994742, -12.54999999999997762, 50.00000000000000000 ) ) ;
#774 = CARTESIAN_POINT ( 'NONE',  ( 33.65000000000003411, -7.599999999999994316, 50.00000000000000000 ) ) ;
#775 = VERTEX_POINT ( 'NONE', #1079 ) ;
#776 = ORIENTED_EDGE ( 'NONE', *, *, #164, .T. ) ;
#777 = DIRECTION ( 'NONE',  ( 1.000000000000000000, 0.0000000000000000000, 0.0000000000000000000 ) ) ;
#778 = CARTESIAN_POINT ( 'NONE',  ( 31.97107282626554436, -4.499581521747835211, -49.99999999999992184 ) ) ;
#779 = ORIENTED_EDGE ( 'NONE', *, *, #714, .F. ) ;
#780 = CARTESIAN_POINT ( 'NONE',  ( 33.00000000000000711, -3.499999999999992895, -49.99999999999992184 ) ) ;
#781 = DIRECTION ( 'NONE',  ( 1.000000000000000000, 0.0000000000000000000, 0.0000000000000000000 ) ) ;
#782 = ORIENTED_EDGE ( 'NONE', *, *, #111, .T. ) ;
#783 = DIRECTION ( 'NONE',  ( 1.000000000000000000, -2.312964634635729960E-14, 0.0000000000000000000 ) ) ;
#784 = CARTESIAN_POINT ( 'NONE',  ( -30.70054402172779362, -3.537605325854807692, 50.00000000000000000 ) ) ;
#785 = LINE ( 'NONE', #1242, #1966 ) ;
#786 = ORIENTED_EDGE ( 'NONE', *, *, #1077, .T. ) ;
#787 = AXIS2_PLACEMENT_3D ( 'NONE', #2411, #2165, #1252 ) ;
#788 = ORIENTED_EDGE ( 'NONE', *, *, #1617, .T. ) ;
#789 = VECTOR ( 'NONE', #450, 1000.000000000000000 ) ;
#790 = AXIS2_PLACEMENT_3D ( 'NONE', #712, #508, #1374 ) ;
#791 = CARTESIAN_POINT ( 'NONE',  ( 31.47468446926083274, -5.499999999999993783, 50.00000000000000000 ) ) ;
#792 = EDGE_CURVE ( 'NONE', #1061, #593, #2428, .T. ) ;
#793 = CYLINDRICAL_SURFACE ( 'NONE', #2620, 4.999999999999997335 ) ;
#794 = VECTOR ( 'NONE', #1329, 1000.000000000000000 ) ;
#795 = ADVANCED_FACE ( 'NONE', ( #2645 ), #1525, .F. ) ;
#796 = EDGE_LOOP ( 'NONE', ( #100, #2296, #2327, #2632 ) ) ;
#797 = CARTESIAN_POINT ( 'NONE',  ( 31.99999999999999289, 9.000000000000003553, -0.3500000000000039746 ) ) ;
#798 = CARTESIAN_POINT ( 'NONE',  ( -32.00000000000000711, -9.000000000000001776, 0.7500000000000000000 ) ) ;
#799 = CIRCLE ( 'NONE', #1458, 1.000000000000000888 ) ;
#800 = DIRECTION ( 'NONE',  ( 1.000000000000000000, 0.0000000000000000000, 0.0000000000000000000 ) ) ;
#801 = EDGE_CURVE ( 'NONE', #1303, #1135, #694, .T. ) ;
#802 = FACE_OUTER_BOUND ( 'NONE', #2272, .T. ) ;
#803 = ORIENTED_EDGE ( 'NONE', *, *, #2032, .T. ) ;
#804 = CIRCLE ( 'NONE', #2080, 5.000000000000000888 ) ;
#805 = CIRCLE ( 'NONE', #2827, 5.000000000000000888 ) ;
#806 = EDGE_CURVE ( 'NONE', #212, #1221, #1973, .T. ) ;
#807 = ORIENTED_EDGE ( 'NONE', *, *, #1560, .T. ) ;
#808 = ORIENTED_EDGE ( 'NONE', *, *, #2613, .F. ) ;
#809 = CARTESIAN_POINT ( 'NONE',  ( 33.65000000000004832, -11.02159512479095582, 50.00000000000000000 ) ) ;
#810 = DIRECTION ( 'NONE',  ( 0.0000000000000000000, -6.842277657836029970E-49, -1.000000000000000000 ) ) ;
#811 = EDGE_CURVE ( 'NONE', #140, #1644, #2695, .T. ) ;
#812 = UNCERTAINTY_MEASURE_WITH_UNIT (LENGTH_MEASURE( 1.000000000000000082E-05 ), #2495, 'distance_accuracy_value', 'NONE');
#813 = ORIENTED_EDGE ( 'NONE', *, *, #727, .F. ) ;
#814 = CARTESIAN_POINT ( 'NONE',  ( 32.00000000000004974, -3.499999999999992895, 50.00000000000000000 ) ) ;
#815 = CARTESIAN_POINT ( 'NONE',  ( -32.19999999999995310, -8.899999999999984368, 50.00000000000000000 ) ) ;
#816 = CARTESIAN_POINT ( 'NONE',  ( 31.99999999999999289, -9.000000000000003553, -0.3500000000000039746 ) ) ;
#817 = ORIENTED_EDGE ( 'NONE', *, *, #1015, .T. ) ;
#818 = CARTESIAN_POINT ( 'NONE',  ( -30.60000000000000853, 8.999999999999998224, -0.7500000000000000000 ) ) ;
#819 = ORIENTED_EDGE ( 'NONE', *, *, #958, .T. ) ;
#820 = CARTESIAN_POINT ( 'NONE',  ( 34.50000000000000000, 9.000000000000003553, 0.7500000000000000000 ) ) ;
#821 = DIRECTION ( 'NONE',  ( -0.0000000000000000000, 0.0000000000000000000, -1.000000000000000000 ) ) ;
#822 = DIRECTION ( 'NONE',  ( 0.0000000000000000000, -6.842277657836029970E-49, -1.000000000000000000 ) ) ;
#823 = ADVANCED_FACE ( 'NONE', ( #414 ), #2449, .F. ) ;
#824 = DIRECTION ( 'NONE',  ( 0.0000000000000000000, -6.842277657836029970E-49, -1.000000000000000000 ) ) ;
#825 = CARTESIAN_POINT ( 'NONE',  ( 30.30000000000001137, -3.644930773009877889, 50.00000000000000000 ) ) ;
#826 = DIRECTION ( 'NONE',  ( 1.000000000000000000, -9.243224568560364777E-50, 0.0000000000000000000 ) ) ;
#827 = ORIENTED_EDGE ( 'NONE', *, *, #2046, .T. ) ;
#828 = CIRCLE ( 'NONE', #1253, 1.399999999999998579 ) ;
#829 = LINE ( 'NONE', #170, #896 ) ;
#830 = VECTOR ( 'NONE', #2354, 1000.000000000000000 ) ;
#831 = CARTESIAN_POINT ( 'NONE',  ( 35.49999999999998579, -5.000000000000000888, -49.99999999999992184 ) ) ;
#832 = VECTOR ( 'NONE', #1861, 1000.000000000000000 ) ;
#833 = STYLED_ITEM ( 'NONE', ( #2332 ), #304 ) ;
#834 = EDGE_CURVE ( 'NONE', #1807, #2541, #432, .T. ) ;
#835 = ADVANCED_FACE ( 'NONE', ( #2487 ), #682, .F. ) ;
#836 = ORIENTED_EDGE ( 'NONE', *, *, #2467, .F. ) ;
#837 = CARTESIAN_POINT ( 'NONE',  ( 33.00000000000004974, -3.499999999999992895, 50.00000000000000000 ) ) ;
#838 = CARTESIAN_POINT ( 'NONE',  ( 30.77818973525857160, -3.827383073741520203, 50.00000000000000000 ) ) ;
#839 = PRODUCT_DEFINITION_CONTEXT ( 'detailed design', #2723, 'design' ) ;
#840 = LINE ( 'NONE', #405, #2263 ) ;
#841 = VECTOR ( 'NONE', #1939, 1000.000000000000000 ) ;
#842 = CARTESIAN_POINT ( 'NONE',  ( 33.65000000000003411, -7.599999999999994316, 50.00000000000000000 ) ) ;
#843 = PLANE ( 'NONE',  #2161 ) ;
#844 = VECTOR ( 'NONE', #1904, 1000.000000000000000 ) ;
#845 = EDGE_CURVE ( 'NONE', #1135, #2654, #1761, .T. ) ;
#846 = ORIENTED_EDGE ( 'NONE', *, *, #553, .T. ) ;
#847 = CARTESIAN_POINT ( 'NONE',  ( -31.67261692625843139, -4.721810264741440832, 50.00000000000000000 ) ) ;
#848 = DIRECTION ( 'NONE',  ( -9.243224568560359079E-50, 1.000000000000000000, 2.736911063134411988E-48 ) ) ;
#849 = AXIS2_PLACEMENT_3D ( 'NONE', #2102, #1838, #1410 ) ;
#850 = CARTESIAN_POINT ( 'NONE',  ( 30.00000000000001066, -3.644930773009877889, 50.00000000000000000 ) ) ;
#851 = LINE ( 'NONE', #1559, #1258 ) ;
#852 = ORIENTED_EDGE ( 'NONE', *, *, #2746, .T. ) ;
#853 = CARTESIAN_POINT ( 'NONE',  ( -29.99999999999999289, -1.800000000000006484, -49.99999999999992184 ) ) ;
#854 = ORIENTED_EDGE ( 'NONE', *, *, #1845, .F. ) ;
#855 = LINE ( 'NONE', #2733, #2735 ) ;
#856 = EDGE_CURVE ( 'NONE', #1985, #1670, #1808, .T. ) ;
#857 = ORIENTED_EDGE ( 'NONE', *, *, #806, .T. ) ;
#858 = AXIS2_PLACEMENT_3D ( 'NONE', #868, #2667, #1549 ) ;
#859 = CARTESIAN_POINT ( 'NONE',  ( 30.70054402172781494, -3.537605325854798810, 50.00000000000000000 ) ) ;
#860 = ORIENTED_EDGE ( 'NONE', *, *, #496, .T. ) ;
#861 = CARTESIAN_POINT ( 'NONE',  ( 31.96239467414525137, -4.799455978272190393, 50.00000000000000000 ) ) ;
#862 = LINE ( 'NONE', #2461, #2657 ) ;
#863 = DIRECTION ( 'NONE',  ( 1.000000000000000000, 1.228762462150235565E-16, 0.0000000000000000000 ) ) ;
#864 = DIRECTION ( 'NONE',  ( -1.000000000000000000, 0.0000000000000000000, 0.0000000000000000000 ) ) ;
#865 = ORIENTED_EDGE ( 'NONE', *, *, #2892, .T. ) ;
#866 = LINE ( 'NONE', #208, #197 ) ;
#867 = CARTESIAN_POINT ( 'NONE',  ( -30.70054402172779362, -3.537605325854807692, 50.00000000000000000 ) ) ;
#868 = CARTESIAN_POINT ( 'NONE',  ( 31.99999999999999289, 9.000000000000003553, -0.3500000000000039746 ) ) ;
#869 = AXIS2_PLACEMENT_3D ( 'NONE', #2474, #894, #2036 ) ;
#870 = ORIENTED_EDGE ( 'NONE', *, *, #1979, .T. ) ;
#871 = LINE ( 'NONE', #399, #2748 ) ;
#872 = VECTOR ( 'NONE', #1524, 1000.000000000000000 ) ;
#873 = EDGE_LOOP ( 'NONE', ( #1470, #468, #913, #317 ) ) ;
#874 = CARTESIAN_POINT ( 'NONE',  ( -31.67261692625847402, -4.721810264741440832, -49.99999999999992184 ) ) ;
#875 = COLOUR_RGB ( '',1.000000000000000000, 1.000000000000000000, 1.000000000000000000 ) ;
#876 = EDGE_CURVE ( 'NONE', #530, #2812, #1764, .T. ) ;
#877 = DIRECTION ( 'NONE',  ( -1.000000000000000000, 0.0000000000000000000, 0.0000000000000000000 ) ) ;
#878 = PRODUCT_DEFINITION_SHAPE ( 'NONE', 'NONE',  #2905 ) ;
#879 = DIRECTION ( 'NONE',  ( -0.0000000000000000000, -6.842277657836029970E-49, -1.000000000000000000 ) ) ;
#880 = COLOUR_RGB ( '',1.000000000000000000, 1.000000000000000000, 1.000000000000000000 ) ;
#881 = DIRECTION ( 'NONE',  ( 0.0000000000000000000, -6.842277657836029970E-49, -1.000000000000000000 ) ) ;
#882 = EDGE_CURVE ( 'NONE', #698, #242, #2021, .T. ) ;
#883 = CIRCLE ( 'NONE', #2530, 1.399999999999998579 ) ;
#884 = ORIENTED_EDGE ( 'NONE', *, *, #2372, .F. ) ;
#885 = CARTESIAN_POINT ( 'NONE',  ( 32.00000000000003553, -9.099999999999983658, 50.00000000000000000 ) ) ;
#886 = EDGE_CURVE ( 'NONE', #632, #386, #2151, .T. ) ;
#887 = CIRCLE ( 'NONE', #235, 1.399999999999998579 ) ;
#888 = EDGE_CURVE ( 'NONE', #1037, #2398, #804, .T. ) ;
#889 = ORIENTED_EDGE ( 'NONE', *, *, #2550, .T. ) ;
#890 = CARTESIAN_POINT ( 'NONE',  ( 33.39999999999999147, -9.000000000000003553, -0.3500000000000039746 ) ) ;
#891 = EDGE_LOOP ( 'NONE', ( #771, #180, #1078, #1229 ) ) ;
#892 = CARTESIAN_POINT ( 'NONE',  ( -35.49999999999995026, -11.99999999999997868, 50.00000000000000000 ) ) ;
#893 = ORIENTED_EDGE ( 'NONE', *, *, #360, .T. ) ;
#894 = DIRECTION ( 'NONE',  ( 0.0000000000000000000, -6.842277657836029970E-49, -1.000000000000000000 ) ) ;
#895 =( LENGTH_UNIT ( ) NAMED_UNIT ( * ) SI_UNIT ( .MILLI., .METRE. ) );
#896 = VECTOR ( 'NONE', #409, 1000.000000000000000 ) ;
#897 = ORIENTED_EDGE ( 'NONE', *, *, #1100, .T. ) ;
#898 = ADVANCED_FACE ( 'NONE', ( #522 ), #2048, .F. ) ;
#899 = DIRECTION ( 'NONE',  ( 0.0000000000000000000, -6.842277657836029970E-49, -1.000000000000000000 ) ) ;
#900 = DIRECTION ( 'NONE',  ( 1.156482317317876655E-14, -1.000000000000000000, 0.0000000000000000000 ) ) ;
#901 = ORIENTED_EDGE ( 'NONE', *, *, #1526, .F. ) ;
#902 = DIRECTION ( 'NONE',  ( 1.000000000000000000, 0.0000000000000000000, 0.0000000000000000000 ) ) ;
#903 = ORIENTED_EDGE ( 'NONE', *, *, #1414, .F. ) ;
#904 = DIRECTION ( 'NONE',  ( 0.0000000000000000000, 6.842277657836029970E-49, 1.000000000000000000 ) ) ;
#905 = ORIENTED_EDGE ( 'NONE', *, *, #1153, .F. ) ;
#906 = CYLINDRICAL_SURFACE ( 'NONE', #1719, 5.000000000000000888 ) ;
#907 = DIRECTION ( 'NONE',  ( 0.0000000000000000000, 6.842277657836029970E-49, 1.000000000000000000 ) ) ;
#908 = DIRECTION ( 'NONE',  ( -1.000000000000000000, 0.0000000000000000000, 0.0000000000000000000 ) ) ;
#909 = ORIENTED_EDGE ( 'NONE', *, *, #586, .T. ) ;
#910 = SURFACE_SIDE_STYLE ('',( #2007 ) ) ;
#911 = CARTESIAN_POINT ( 'NONE',  ( 31.99999999999999289, -9.000000000000003553, -0.7500000000000000000 ) ) ;
#912 = FACE_OUTER_BOUND ( 'NONE', #430, .T. ) ;
#913 = ORIENTED_EDGE ( 'NONE', *, *, #2494, .T. ) ;
#914 = CARTESIAN_POINT ( 'NONE',  ( 33.34999999999999432, -12.79999999999997584, -49.99999999999992184 ) ) ;
#915 = ORIENTED_EDGE ( 'NONE', *, *, #563, .T. ) ;
#916 = DIRECTION ( 'NONE',  ( 0.0000000000000000000, -6.842277657836029970E-49, -1.000000000000000000 ) ) ;
#917 = ORIENTED_EDGE ( 'NONE', *, *, #1452, .F. ) ;
#918 = LINE ( 'NONE', #545, #2434 ) ;
#919 = LINE ( 'NONE', #1373, #1694 ) ;
#920 = CIRCLE ( 'NONE', #1440, 2.500000000000002220 ) ;
#921 = EDGE_CURVE ( 'NONE', #2324, #2265, #919, .T. ) ;
#922 = ADVANCED_FACE ( 'NONE', ( #2106 ), #1824, .F. ) ;
#923 = PLANE ( 'NONE',  #1405 ) ;
#924 = AXIS2_PLACEMENT_3D ( 'NONE', #1368, #308, #2044 ) ;
#925 = CARTESIAN_POINT ( 'NONE',  ( -29.99999999999998934, -1.800000000000006484, 50.00000000000000000 ) ) ;
#926 = ORIENTED_EDGE ( 'NONE', *, *, #1662, .T. ) ;
#927 = CARTESIAN_POINT ( 'NONE',  ( 0.0000000000000000000, 0.0000000000000000000, 0.0000000000000000000 ) ) ;
#928 = AXIS2_PLACEMENT_3D ( 'NONE', #1152, #1591, #1359 ) ;
#929 = CARTESIAN_POINT ( 'NONE',  ( 33.65000000000003411, -7.599999999999994316, 50.00000000000000000 ) ) ;
#930 = DIRECTION ( 'NONE',  ( -0.0000000000000000000, -6.842277657836029970E-49, -1.000000000000000000 ) ) ;
#931 = ORIENTED_EDGE ( 'NONE', *, *, #2328, .F. ) ;
#932 = PLANE ( 'NONE',  #16 ) ;
#933 = EDGE_LOOP ( 'NONE', ( #1234, #1321, #104, #2727, #2696, #1085, #278, #846 ) ) ;
#934 = ADVANCED_FACE ( 'NONE', ( #98 ), #1161, .F. ) ;
#935 = CARTESIAN_POINT ( 'NONE',  ( -31.47468446926077945, -5.499999999999993783, -49.99999999999992184 ) ) ;
#936 = CIRCLE ( 'NONE', #2351, 1.000000000000000888 ) ;
#937 = ORIENTED_EDGE ( 'NONE', *, *, #1123, .F. ) ;
#938 = DIRECTION ( 'NONE',  ( 0.0000000000000000000, -6.842277657836029970E-49, -1.000000000000000000 ) ) ;
#939 = CARTESIAN_POINT ( 'NONE',  ( 35.50000000000000000, 12.50000000000000355, 0.7500000000000000000 ) ) ;
#940 = FACE_OUTER_BOUND ( 'NONE', #2755, .T. ) ;
#941 = AXIS2_PLACEMENT_3D ( 'NONE', #2093, #2503, #70 ) ;
#942 = DIRECTION ( 'NONE',  ( -0.0000000000000000000, 6.842277657836029970E-49, 1.000000000000000000 ) ) ;
#943 = VECTOR ( 'NONE', #2653, 1000.000000000000000 ) ;
#944 = CARTESIAN_POINT ( 'NONE',  ( -33.64999999999994884, -5.799999999999993605, 50.00000000000000000 ) ) ;
#945 = CARTESIAN_POINT ( 'NONE',  ( -31.99999999999995381, -8.899999999999984368, 50.00000000000000000 ) ) ;
#946 = ORIENTED_EDGE ( 'NONE', *, *, #2203, .F. ) ;
#947 = CARTESIAN_POINT ( 'NONE',  ( -33.64999999999994884, -9.099999999999981881, 50.00000000000000000 ) ) ;
#948 = DIRECTION ( 'NONE',  ( 9.243224568560360978E-50, -1.000000000000000000, 6.842277657836029970E-49 ) ) ;
#949 = ORIENTED_EDGE ( 'NONE', *, *, #1177, .F. ) ;
#950 = EDGE_CURVE ( 'NONE', #1147, #2038, #1793, .T. ) ;
#951 = PLANE ( 'NONE',  #2588 ) ;
#952 = CARTESIAN_POINT ( 'NONE',  ( 32.00000000000003553, -8.899999999999984368, 50.00000000000000000 ) ) ;
#953 = ORIENTED_EDGE ( 'NONE', *, *, #1104, .T. ) ;
#954 =( NAMED_UNIT ( * ) SI_UNIT ( $, .STERADIAN. ) SOLID_ANGLE_UNIT ( ) );
#955 = VECTOR ( 'NONE', #2673, 1000.000000000000114 ) ;
#956 = SURFACE_STYLE_FILL_AREA ( #2698 ) ;
#957 = EDGE_CURVE ( 'NONE', #1500, #1596, #1553, .T. ) ;
#958 = EDGE_CURVE ( 'NONE', #51, #1409, #295, .T. ) ;
#959 = AXIS2_PLACEMENT_3D ( 'NONE', #1154, #1606, #1391 ) ;
#960 = ORIENTED_EDGE ( 'NONE', *, *, #2381, .F. ) ;
#961 = DIRECTION ( 'NONE',  ( -1.000000000000000000, 9.243224568560366676E-50, -6.324470895182166803E-98 ) ) ;
#962 = ORIENTED_EDGE ( 'NONE', *, *, #886, .T. ) ;
#963 = EDGE_LOOP ( 'NONE', ( #1327, #648, #2352, #429 ) ) ;
#964 = DIRECTION ( 'NONE',  ( 0.0000000000000000000, -0.0000000000000000000, 1.000000000000000000 ) ) ;
#965 = LINE ( 'NONE', #2094, #2010 ) ;
#966 =( REPRESENTATION_RELATIONSHIP ('NONE','NONE', #1618, #1830 ) REPRESENTATION_RELATIONSHIP_WITH_TRANSFORMATION ( #2591 )SHAPE_REPRESENTATION_RELATIONSHIP( ) );
#967 = ORIENTED_EDGE ( 'NONE', *, *, #2774, .T. ) ;
#968 = CONTEXT_DEPENDENT_SHAPE_REPRESENTATION ( #175, #2460 ) ;
#969 = EDGE_CURVE ( 'NONE', #666, #1880, #1043, .T. ) ;
#970 =( LENGTH_UNIT ( ) NAMED_UNIT ( * ) SI_UNIT ( .MILLI., .METRE. ) );
#971 = VECTOR ( 'NONE', #1936, 1000.000000000000000 ) ;
#972 = VECTOR ( 'NONE', #1052, 1000.000000000000000 ) ;
#973 = CARTESIAN_POINT ( 'NONE',  ( -29.99999999999999289, -3.644930773009886327, -49.99999999999992184 ) ) ;
#974 = AXIS2_PLACEMENT_3D ( 'NONE', #176, #1339, #1064 ) ;
#975 = DIRECTION ( 'NONE',  ( 1.000000000000000000, 0.0000000000000000000, 0.0000000000000000000 ) ) ;
#976 = AXIS2_PLACEMENT_3D ( 'NONE', #23, #1744, #428 ) ;
#977 = PRODUCT_RELATED_PRODUCT_CATEGORY ( 'part', '', ( #2666 ) ) ;
#978 = ADVANCED_FACE ( 'NONE', ( #301, #269, #1202, #82, #313 ), #288, .F. ) ;
#979 = EDGE_LOOP ( 'NONE', ( #1984, #2244 ) ) ;
#980 = DIRECTION ( 'NONE',  ( 0.0000000000000000000, 0.0000000000000000000, 1.000000000000000000 ) ) ;
#981 = ORIENTED_EDGE ( 'NONE', *, *, #1885, .T. ) ;
#982 = PLANE ( 'NONE',  #358 ) ;
#983 = LINE ( 'NONE', #1840, #1627 ) ;
#984 = EDGE_CURVE ( 'NONE', #2398, #401, #766, .T. ) ;
#985 = AXIS2_PLACEMENT_3D ( 'NONE', #1951, #2420, #2887 ) ;
#986 = CARTESIAN_POINT ( 'NONE',  ( 33.65000000000003411, -5.799999999999993605, 50.00000000000000000 ) ) ;
#987 = CARTESIAN_POINT ( 'NONE',  ( 32.00000000000003553, -7.599999999999994316, 50.00000000000000000 ) ) ;
#988 = AXIS2_PLACEMENT_3D ( 'NONE', #161, #821, #591 ) ;
#989 = ORIENTED_EDGE ( 'NONE', *, *, #372, .F. ) ;
#990 = ORIENTED_EDGE ( 'NONE', *, *, #1579, .T. ) ;
#991 = EDGE_CURVE ( 'NONE', #1880, #1481, #2740, .T. ) ;
#992 = CARTESIAN_POINT ( 'NONE',  ( -33.64999999999994884, -9.099999999999981881, 50.00000000000000000 ) ) ;
#993 = DIRECTION ( 'NONE',  ( 0.0000000000000000000, 0.0000000000000000000, -1.000000000000000000 ) ) ;
#994 = AXIS2_PLACEMENT_3D ( 'NONE', #1024, #1640, #2540 ) ;
#995 = LINE ( 'NONE', #2802, #320 ) ;
#996 = VERTEX_POINT ( 'NONE', #1612 ) ;
#997 = DIRECTION ( 'NONE',  ( 0.0000000000000000000, -6.842277657836029970E-49, -1.000000000000000000 ) ) ;
#998 = ORIENTED_EDGE ( 'NONE', *, *, #687, .T. ) ;
#999 = EDGE_LOOP ( 'NONE', ( #390, #2776, #2347, #2423 ) ) ;
#1000 = CARTESIAN_POINT ( 'NONE',  ( 35.50000000000002132, 0.0000000000000000000, 50.00000000000000000 ) ) ;
#1001 = CARTESIAN_POINT ( 'NONE',  ( 30.00000000000000711, -1.799999999999999600, -49.99999999999992184 ) ) ;
#1002 = ORIENTED_EDGE ( 'NONE', *, *, #111, .F. ) ;
#1003 = CARTESIAN_POINT ( 'NONE',  ( 33.65000000000003411, -5.799999999999993605, 50.00000000000000000 ) ) ;
#1004 = FACE_OUTER_BOUND ( 'NONE', #891, .T. ) ;
#1005 = LINE ( 'NONE', #130, #2810 ) ;
#1006 = LINE ( 'NONE', #2817, #2855 ) ;
#1007 = DIRECTION ( 'NONE',  ( 1.000000000000000000, 0.0000000000000000000, 0.0000000000000000000 ) ) ;
#1008 = EDGE_CURVE ( 'NONE', #2285, #1807, #2518, .T. ) ;
#1009 = LINE ( 'NONE', #107, #1865 ) ;
#1010 = ORIENTED_EDGE ( 'NONE', *, *, #2482, .T. ) ;
#1011 = ADVANCED_FACE ( 'NONE', ( #1187 ), #951, .F. ) ;
#1012 = ORIENTED_EDGE ( 'NONE', *, *, #2550, .F. ) ;
#1013 = ORIENTED_EDGE ( 'NONE', *, *, #454, .T. ) ;
#1014 = DIRECTION ( 'NONE',  ( 0.0000000000000000000, -0.0000000000000000000, 1.000000000000000000 ) ) ;
#1015 = EDGE_CURVE ( 'NONE', #1427, #265, #2531, .T. ) ;
#1016 = ORIENTED_EDGE ( 'NONE', *, *, #1266, .T. ) ;
#1017 = AXIS2_PLACEMENT_3D ( 'NONE', #797, #2590, #2199 ) ;
#1018 = LINE ( 'NONE', #565, #2864 ) ;
#1019 = LINE ( 'NONE', #1442, #1069 ) ;
#1020 = EDGE_LOOP ( 'NONE', ( #572, #2331 ) ) ;
#1021 = DIRECTION ( 'NONE',  ( 1.000000000000000000, 0.0000000000000000000, 0.0000000000000000000 ) ) ;
#1022 = CARTESIAN_POINT ( 'NONE',  ( 31.99999999999999289, -9.000000000000003553, -0.7500000000000000000 ) ) ;
#1023 = CIRCLE ( 'NONE', #597, 2.500000000000009326 ) ;
#1024 = CARTESIAN_POINT ( 'NONE',  ( 31.99999999999999289, -9.000000000000003553, -0.7500000000000000000 ) ) ;
#1025 = VERTEX_POINT ( 'NONE', #1646 ) ;
#1026 = AXIS2_PLACEMENT_3D ( 'NONE', #2307, #525, #58 ) ;
#1027 = ORIENTED_EDGE ( 'NONE', *, *, #2163, .F. ) ;
#1028 = CIRCLE ( 'NONE', #2440, 2.500000000000002220 ) ;
#1029 = CIRCLE ( 'NONE', #608, 0.3000000000000016542 ) ;
#1030 = ORIENTED_EDGE ( 'NONE', *, *, #2193, .F. ) ;
#1031 = EDGE_CURVE ( 'NONE', #666, #226, #1889, .T. ) ;
#1032 = DIRECTION ( 'NONE',  ( -0.0000000000000000000, -1.000000000000000000, -0.0000000000000000000 ) ) ;
#1033 = DIRECTION ( 'NONE',  ( 0.0000000000000000000, 0.0000000000000000000, 1.000000000000000000 ) ) ;
#1034 = AXIS2_PLACEMENT_3D ( 'NONE', #1705, #2564, #2607 ) ;
#1035 = DIRECTION ( 'NONE',  ( 0.0000000000000000000, 6.842277657836029970E-49, 1.000000000000000000 ) ) ;
#1036 = CARTESIAN_POINT ( 'NONE',  ( -32.19999999999999574, -8.899999999999984368, -49.99999999999992184 ) ) ;
#1037 = VERTEX_POINT ( 'NONE', #2782 ) ;
#1038 = AXIS2_PLACEMENT_3D ( 'NONE', #2571, #2357, #157 ) ;
#1039 = DIRECTION ( 'NONE',  ( 1.000000000000000000, 0.0000000000000000000, 0.0000000000000000000 ) ) ;
#1040 = LINE ( 'NONE', #1963, #2439 ) ;
#1041 = CARTESIAN_POINT ( 'NONE',  ( 32.00000000000000711, -3.499999999999992895, -49.99999999999992184 ) ) ;
#1042 = EDGE_LOOP ( 'NONE', ( #1185, #488, #482, #2511 ) ) ;
#1043 = CIRCLE ( 'NONE', #2686, 1.399999999999998579 ) ;
#1044 = EDGE_LOOP ( 'NONE', ( #2871, #857, #91, #1365 ) ) ;
#1045 = CARTESIAN_POINT ( 'NONE',  ( 30.59999999999999787, -9.000000000000003553, -0.7500000000000000000 ) ) ;
#1046 = CARTESIAN_POINT ( 'NONE',  ( -31.99999999999995381, -3.499999999999999556, 50.00000000000000000 ) ) ;
#1047 = EDGE_CURVE ( 'NONE', #2899, #1025, #2173, .T. ) ;
#1048 = LINE ( 'NONE', #2793, #281 ) ;
#1049 = DIRECTION ( 'NONE',  ( -0.0000000000000000000, -0.0000000000000000000, 1.000000000000000000 ) ) ;
#1050 = LINE ( 'NONE', #2578, #971 ) ;
#1051 = DIRECTION ( 'NONE',  ( -0.0000000000000000000, -6.842277657836029970E-49, -1.000000000000000000 ) ) ;
#1052 = DIRECTION ( 'NONE',  ( 1.000000000000000000, -9.243224568560364777E-50, 0.0000000000000000000 ) ) ;
#1053 = DIRECTION ( 'NONE',  ( 1.051347561198063430E-15, 1.000000000000000000, -1.642146637880647193E-47 ) ) ;
#1054 = ADVANCED_FACE ( 'NONE', ( #589 ), #1245, .F. ) ;
#1055 = EDGE_CURVE ( 'NONE', #1409, #1513, #799, .T. ) ;
#1056 = EDGE_CURVE ( 'NONE', #2265, #2903, #2819, .T. ) ;
#1057 = VERTEX_POINT ( 'NONE', #831 ) ;
#1058 = DIRECTION ( 'NONE',  ( -1.000000000000000000, 0.0000000000000000000, 0.0000000000000000000 ) ) ;
#1059 = DIRECTION ( 'NONE',  ( 0.0000000000000000000, 6.842277657836029970E-49, 1.000000000000000000 ) ) ;
#1060 = DIRECTION ( 'NONE',  ( 0.0000000000000000000, -6.842277657836029970E-49, -1.000000000000000000 ) ) ;
#1061 = VERTEX_POINT ( 'NONE', #142 ) ;
#1062 = PLANE ( 'NONE',  #708 ) ;
#1063 = CARTESIAN_POINT ( 'NONE',  ( 30.30000000000000782, -3.644930773009877889, -49.99999999999992184 ) ) ;
#1064 = DIRECTION ( 'NONE',  ( -1.000000000000000000, 0.0000000000000000000, 0.0000000000000000000 ) ) ;
#1065 = EDGE_CURVE ( 'NONE', #618, #580, #2136, .T. ) ;
#1066 = CARTESIAN_POINT ( 'NONE',  ( -31.00041847825214347, -3.528927173734467182, 50.00000000000000000 ) ) ;
#1067 = DIRECTION ( 'NONE',  ( -1.000000000000000000, 1.051347561198063430E-15, 0.0000000000000000000 ) ) ;
#1068 = DIRECTION ( 'NONE',  ( 5.337610695313260259E-16, 1.000000000000000000, 6.842277657836030578E-48 ) ) ;
#1069 = VECTOR ( 'NONE', #2348, 1000.000000000000000 ) ;
#1070 = EDGE_LOOP ( 'NONE', ( #779, #1118, #2031, #272 ) ) ;
#1071 = VECTOR ( 'NONE', #187, 1000.000000000000000 ) ;
#1072 = DIRECTION ( 'NONE',  ( 0.0000000000000000000, 6.842277657836029970E-49, 1.000000000000000000 ) ) ;
#1073 = CARTESIAN_POINT ( 'NONE',  ( 31.99999999999999289, -9.000000000000003553, 0.7500000000000000000 ) ) ;
#1074 = VECTOR ( 'NONE', #540, 1000.000000000000000 ) ;
#1075 = VECTOR ( 'NONE', #2611, 1000.000000000000000 ) ;
#1076 = AXIS2_PLACEMENT_3D ( 'NONE', #1022, #2845, #1007 ) ;
#1077 = EDGE_CURVE ( 'NONE', #775, #2289, #936, .T. ) ;
#1078 = ORIENTED_EDGE ( 'NONE', *, *, #1406, .F. ) ;
#1079 = CARTESIAN_POINT ( 'NONE',  ( 31.00041847825216479, -3.528927173734458300, 50.00000000000000000 ) ) ;
#1080 = DIRECTION ( 'NONE',  ( 1.000000000000000000, 0.0000000000000000000, 0.0000000000000000000 ) ) ;
#1081 = CARTESIAN_POINT ( 'NONE',  ( -32.00000000000000711, -9.000000000000001776, -0.3500000000000009215 ) ) ;
#1082 = CYLINDRICAL_SURFACE ( 'NONE', #476, 1.399999999999998579 ) ;
#1083 =( LENGTH_UNIT ( ) NAMED_UNIT ( * ) SI_UNIT ( .MILLI., .METRE. ) );
#1084 = EDGE_CURVE ( 'NONE', #1919, #2413, #2152, .T. ) ;
#1085 = ORIENTED_EDGE ( 'NONE', *, *, #888, .T. ) ;
#1086 = LINE ( 'NONE', #2628, #1138 ) ;
#1087 = ORIENTED_EDGE ( 'NONE', *, *, #1706, .T. ) ;
#1088 = CIRCLE ( 'NONE', #1841, 1.449999999999999956 ) ;
#1089 = DIRECTION ( 'NONE',  ( 1.000000000000000000, 0.0000000000000000000, 0.0000000000000000000 ) ) ;
#1090 = VERTEX_POINT ( 'NONE', #2400 ) ;
#1091 = CARTESIAN_POINT ( 'NONE',  ( -32.19999999999999574, -7.799999999999993605, -49.99999999999992184 ) ) ;
#1092 = CIRCLE ( 'NONE', #114, 0.3000000000000016542 ) ;
#1093 = CARTESIAN_POINT ( 'NONE',  ( -35.49999999999995026, -11.99999999999997868, 50.00000000000000000 ) ) ;
#1094 = CARTESIAN_POINT ( 'NONE',  ( -35.49999999999998579, -4.999999999999997335, -49.99999999999992184 ) ) ;
#1095 = CARTESIAN_POINT ( 'NONE',  ( -31.99999999999999289, -7.799999999999993605, -49.99999999999992184 ) ) ;
#1096 = ORIENTED_EDGE ( 'NONE', *, *, #30, .T. ) ;
#1097 = FACE_OUTER_BOUND ( 'NONE', #2839, .T. ) ;
#1098 = CARTESIAN_POINT ( 'NONE',  ( -33.40000000000000568, 8.999999999999998224, -0.3500000000000011435 ) ) ;
#1099 = CARTESIAN_POINT ( 'NONE',  ( -30.37764571353074672, -3.934708520896605499, 50.00000000000000000 ) ) ;
#1100 = EDGE_CURVE ( 'NONE', #1333, #762, #1233, .T. ) ;
#1101 = VERTEX_POINT ( 'NONE', #1673 ) ;
#1102 = CARTESIAN_POINT ( 'NONE',  ( 33.55000000000003979, -12.79999999999997762, 50.00000000000000000 ) ) ;
#1103 = EDGE_LOOP ( 'NONE', ( #1668, #827, #2851, #737 ) ) ;
#1104 = EDGE_CURVE ( 'NONE', #427, #1872, #332, .T. ) ;
#1105 = DIRECTION ( 'NONE',  ( -0.0000000000000000000, 0.0000000000000000000, -1.000000000000000000 ) ) ;
#1106 = AXIS2_PLACEMENT_3D ( 'NONE', #2226, #1520, #1981 ) ;
#1107 = ORIENTED_EDGE ( 'NONE', *, *, #792, .F. ) ;
#1108 = CARTESIAN_POINT ( 'NONE',  ( 35.50000000000000000, -12.49999999999999645, 0.7500000000000000000 ) ) ;
#1109 = DIRECTION ( 'NONE',  ( 0.0000000000000000000, -6.842277657836029970E-49, -1.000000000000000000 ) ) ;
#1110 = CARTESIAN_POINT ( 'NONE',  ( -33.64999999999999147, -9.099999999999981881, -49.99999999999992184 ) ) ;
#1111 = EDGE_CURVE ( 'NONE', #1670, #1675, #2583, .T. ) ;
#1112 = DIRECTION ( 'NONE',  ( 0.0000000000000000000, 6.842277657836029970E-49, 1.000000000000000000 ) ) ;
#1113 = ORIENTED_EDGE ( 'NONE', *, *, #2650, .T. ) ;
#1114 = CARTESIAN_POINT ( 'NONE',  ( -30.49999999999998224, 0.0000000000000000000, 50.00000000000000000 ) ) ;
#1115 = EDGE_CURVE ( 'NONE', #1131, #7, #1732, .T. ) ;
#1116 = ORIENTED_EDGE ( 'NONE', *, *, #159, .T. ) ;
#1117 = FACE_OUTER_BOUND ( 'NONE', #1173, .T. ) ;
#1118 = ORIENTED_EDGE ( 'NONE', *, *, #2880, .F. ) ;
#1119 = DIRECTION ( 'NONE',  ( 1.000000000000000000, 0.0000000000000000000, 0.0000000000000000000 ) ) ;
#1120 = VECTOR ( 'NONE', #1292, 1000.000000000000000 ) ;
#1121 = VECTOR ( 'NONE', #2178, 1000.000000000000000 ) ;
#1122 = ORIENTED_EDGE ( 'NONE', *, *, #1934, .T. ) ;
#1123 = EDGE_CURVE ( 'NONE', #548, #1912, #129, .T. ) ;
#1124 = DIRECTION ( 'NONE',  ( 1.000000000000000000, 0.0000000000000000000, 0.0000000000000000000 ) ) ;
#1125 = AXIS2_PLACEMENT_3D ( 'NONE', #2162, #151, #1039 ) ;
#1126 = DIRECTION ( 'NONE',  ( 0.0000000000000000000, 6.842277657836029970E-49, 1.000000000000000000 ) ) ;
#1127 = LINE ( 'NONE', #2022, #2107 ) ;
#1128 = VECTOR ( 'NONE', #1194, 1000.000000000000000 ) ;
#1129 =( LENGTH_UNIT ( ) NAMED_UNIT ( * ) SI_UNIT ( .MILLI., .METRE. ) );
#1130 =( REPRESENTATION_RELATIONSHIP ('NONE','NONE', #1618, #503 ) REPRESENTATION_RELATIONSHIP_WITH_TRANSFORMATION ( #316 )SHAPE_REPRESENTATION_RELATIONSHIP( ) );
#1131 = VERTEX_POINT ( 'NONE', #2342 ) ;
#1132 = CARTESIAN_POINT ( 'NONE',  ( 30.00000000000000711, -3.644930773009877889, -49.99999999999992184 ) ) ;
#1133 = EDGE_LOOP ( 'NONE', ( #112, #543, #2063, #2095 ) ) ;
#1134 = CARTESIAN_POINT ( 'NONE',  ( 32.65000000000004832, -12.39999999999997904, 50.00000000000000000 ) ) ;
#1135 = VERTEX_POINT ( 'NONE', #1947 ) ;
#1136 = DIRECTION ( 'NONE',  ( -1.000000000000000000, 0.0000000000000000000, 0.0000000000000000000 ) ) ;
#1137 = LINE ( 'NONE', #2661, #2156 ) ;
#1138 = VECTOR ( 'NONE', #2878, 1000.000000000000000 ) ;
#1139 = VERTEX_POINT ( 'NONE', #1701 ) ;
#1140 =( NAMED_UNIT ( * ) SI_UNIT ( $, .STERADIAN. ) SOLID_ANGLE_UNIT ( ) );
#1141 = VERTEX_POINT ( 'NONE', #2601 ) ;
#1142 = CARTESIAN_POINT ( 'NONE',  ( 33.00000000000004974, -3.499999999999992895, 50.00000000000000000 ) ) ;
#1143 = ADVANCED_FACE ( 'NONE', ( #2808 ), #793, .T. ) ;
#1144 = EDGE_CURVE ( 'NONE', #576, #194, #1471, .T. ) ;
#1145 = VERTEX_POINT ( 'NONE', #389 ) ;
#1146 = DIRECTION ( 'NONE',  ( -1.000000000000000000, -1.228762462150235565E-16, 0.0000000000000000000 ) ) ;
#1147 = VERTEX_POINT ( 'NONE', #820 ) ;
#1148 = FACE_OUTER_BOUND ( 'NONE', #2230, .T. ) ;
#1149 = CARTESIAN_POINT ( 'NONE',  ( -35.49999999999994316, 0.0000000000000000000, 50.00000000000000000 ) ) ;
#1150 = DIRECTION ( 'NONE',  ( 0.0000000000000000000, 1.368455531567206298E-48, -1.000000000000000000 ) ) ;
#1151 = ORIENTED_EDGE ( 'NONE', *, *, #1571, .F. ) ;
#1152 = CARTESIAN_POINT ( 'NONE',  ( 34.85000000000001563, -12.79999999999997584, -49.99999999999992184 ) ) ;
#1153 = EDGE_CURVE ( 'NONE', #440, #298, #1713, .T. ) ;
#1154 = CARTESIAN_POINT ( 'NONE',  ( -32.00000000000000711, -9.000000000000001776, -0.3500000000000009215 ) ) ;
#1155 = VERTEX_POINT ( 'NONE', #1274 ) ;
#1156 = DIRECTION ( 'NONE',  ( 0.0000000000000000000, 6.842277657836029970E-49, 1.000000000000000000 ) ) ;
#1157 = VECTOR ( 'NONE', #12, 1000.000000000000000 ) ;
#1158 = ORIENTED_EDGE ( 'NONE', *, *, #2113, .T. ) ;
#1159 = PLANE ( 'NONE',  #160 ) ;
#1160 = EDGE_LOOP ( 'NONE', ( #222, #981, #2341, #2220 ) ) ;
#1161 = PLANE ( 'NONE',  #2825 ) ;
#1162 = AXIS2_PLACEMENT_3D ( 'NONE', #1249, #118, #147 ) ;
#1163 = FACE_OUTER_BOUND ( 'NONE', #2070, .T. ) ;
#1164 = STYLED_ITEM ( 'NONE', ( #644 ), #2168 ) ;
#1165 = ORIENTED_EDGE ( 'NONE', *, *, #2886, .F. ) ;
#1166 = SURFACE_STYLE_USAGE ( .BOTH. , #2071 ) ;
#1167 = CARTESIAN_POINT ( 'NONE',  ( -30.49999999999998224, 0.0000000000000000000, 50.00000000000000000 ) ) ;
#1168 = CARTESIAN_POINT ( 'NONE',  ( 31.99999999999999289, 9.000000000000003553, -0.3500000000000039746 ) ) ;
#1169 = ADVANCED_FACE ( 'NONE', ( #2182 ), #171, .T. ) ;
#1170 = CARTESIAN_POINT ( 'NONE',  ( -31.99999999999995381, -3.499999999999999556, 50.00000000000000000 ) ) ;
#1171 = ORIENTED_EDGE ( 'NONE', *, *, #704, .F. ) ;
#1172 = CARTESIAN_POINT ( 'NONE',  ( -31.00054402172779433, -3.537605325854807692, 50.00000000000000000 ) ) ;
#1173 = EDGE_LOOP ( 'NONE', ( #808, #1403, #2627, #1113 ) ) ;
#1174 = CARTESIAN_POINT ( 'NONE',  ( 35.50000000000000000, -12.49999999999999645, 0.7500000000000000000 ) ) ;
#1175 = CARTESIAN_POINT ( 'NONE',  ( -33.40000000000000568, 8.999999999999998224, -0.3500000000000009215 ) ) ;
#1176 = CARTESIAN_POINT ( 'NONE',  ( 30.00000000000001066, -1.799999999999999600, 50.00000000000000000 ) ) ;
#1177 = EDGE_CURVE ( 'NONE', #2483, #775, #1210, .T. ) ;
#1178 = EDGE_CURVE ( 'NONE', #2285, #1145, #620, .T. ) ;
#1179 = ORIENTED_EDGE ( 'NONE', *, *, #2746, .F. ) ;
#1180 = CARTESIAN_POINT ( 'NONE',  ( -30.99999999999999289, -3.499999999999999556, -49.99999999999992184 ) ) ;
#1181 = CARTESIAN_POINT ( 'NONE',  ( 30.49999999999999645, -7.499999999999998224, 0.7500000000000000000 ) ) ;
#1182 = FACE_OUTER_BOUND ( 'NONE', #471, .T. ) ;
#1183 = ORIENTED_EDGE ( 'NONE', *, *, #2053, .F. ) ;
#1184 = ORIENTED_EDGE ( 'NONE', *, *, #1905, .F. ) ;
#1185 = ORIENTED_EDGE ( 'NONE', *, *, #18, .T. ) ;
#1186 = ADVANCED_FACE ( 'NONE', ( #2033 ), #182, .F. ) ;
#1187 = FACE_OUTER_BOUND ( 'NONE', #741, .T. ) ;
#1188 = DIRECTION ( 'NONE',  ( 1.000000000000000000, 0.0000000000000000000, 0.0000000000000000000 ) ) ;
#1189 = ORIENTED_EDGE ( 'NONE', *, *, #122, .F. ) ;
#1190 = EDGE_CURVE ( 'NONE', #1643, #1455, #559, .T. ) ;
#1191 =( NAMED_UNIT ( * ) PLANE_ANGLE_UNIT ( ) SI_UNIT ( $, .RADIAN. ) );
#1192 = EDGE_CURVE ( 'NONE', #1675, #2544, #1354, .T. ) ;
#1193 = CARTESIAN_POINT ( 'NONE',  ( -30.37764571353075027, -3.934708520896605499, -49.99999999999992184 ) ) ;
#1194 = DIRECTION ( 'NONE',  ( 1.000000000000000000, -9.243224568560364777E-50, 0.0000000000000000000 ) ) ;
#1195 = CIRCLE ( 'NONE', #34, 1.399999999999998579 ) ;
#1196 = ORIENTED_EDGE ( 'NONE', *, *, #1056, .F. ) ;
#1197 = CARTESIAN_POINT ( 'NONE',  ( 31.99999999999999289, 9.000000000000003553, -0.7500000000000000000 ) ) ;
#1198 = FACE_OUTER_BOUND ( 'NONE', #357, .T. ) ;
#1199 = EDGE_LOOP ( 'NONE', ( #250, #678, #884, #310 ) ) ;
#1200 = FACE_OUTER_BOUND ( 'NONE', #1576, .T. ) ;
#1201 = CARTESIAN_POINT ( 'NONE',  ( -31.99999999999999289, -3.499999999999999556, -49.99999999999992184 ) ) ;
#1202 = FACE_BOUND ( 'NONE', #705, .T. ) ;
#1203 = LINE ( 'NONE', #987, #2575 ) ;
#1204 = EDGE_CURVE ( 'NONE', #1686, #702, #2196, .T. ) ;
#1205 = CIRCLE ( 'NONE', #650, 1.000000000000000888 ) ;
#1206 = EDGE_LOOP ( 'NONE', ( #1289, #2498, #1523, #2760 ) ) ;
#1207 = AXIS2_PLACEMENT_3D ( 'NONE', #2276, #27, #2304 ) ;
#1208 = CARTESIAN_POINT ( 'NONE',  ( -32.00000000000000711, 8.999999999999998224, -0.3500000000000009215 ) ) ;
#1209 = AXIS2_PLACEMENT_3D ( 'NONE', #135, #758, #1681 ) ;
#1210 = CIRCLE ( 'NONE', #1449, 0.3000000000000016542 ) ;
#1211 = VECTOR ( 'NONE', #71, 1000.000000000000000 ) ;
#1212 = CARTESIAN_POINT ( 'NONE',  ( -31.77468446926078016, -5.799999999999993605, -49.99999999999992184 ) ) ;
#1213 = CYLINDRICAL_SURFACE ( 'NONE', #994, 1.399999999999998579 ) ;
#1214 = ORIENTED_EDGE ( 'NONE', *, *, #1599, .F. ) ;
#1215 = CARTESIAN_POINT ( 'NONE',  ( -35.50000000000000000, -7.500000000000005329, 0.7500000000000000000 ) ) ;
#1216 = ORIENTED_EDGE ( 'NONE', *, *, #367, .T. ) ;
#1217 = ORIENTED_EDGE ( 'NONE', *, *, #2662, .F. ) ;
#1218 = DIRECTION ( 'NONE',  ( -0.9659258262890680902, 0.2588190451025213501, 0.0000000000000000000 ) ) ;
#1219 = DIRECTION ( 'NONE',  ( 0.0000000000000000000, -6.842277657836029970E-49, -1.000000000000000000 ) ) ;
#1220 = VECTOR ( 'NONE', #2823, 1000.000000000000000 ) ;
#1221 = VERTEX_POINT ( 'NONE', #1537 ) ;
#1222 = ITEM_DEFINED_TRANSFORMATION ( 'NONE', 'NONE', #277,  #1871 ) ;
#1223 = CARTESIAN_POINT ( 'NONE',  ( 32.00000000000003553, -9.099999999999983658, 50.00000000000000000 ) ) ;
#1224 = ORIENTED_EDGE ( 'NONE', *, *, #1475, .F. ) ;
#1225 = CARTESIAN_POINT ( 'NONE',  ( -31.96239467414519453, -4.799455978272196610, -49.99999999999992184 ) ) ;
#1226 = ADVANCED_FACE ( 'NONE', ( #2017 ), #1512, .T. ) ;
#1227 = DIRECTION ( 'NONE',  ( -1.000000000000000000, 0.0000000000000000000, 0.0000000000000000000 ) ) ;
#1228 = CARTESIAN_POINT ( 'NONE',  ( 34.65000000000001279, -12.99999999999997691, -49.99999999999992184 ) ) ;
#1229 = ORIENTED_EDGE ( 'NONE', *, *, #2023, .T. ) ;
#1230 = ORIENTED_EDGE ( 'NONE', *, *, #1622, .F. ) ;
#1231 = ORIENTED_EDGE ( 'NONE', *, *, #1190, .T. ) ;
#1232 = EDGE_CURVE ( 'NONE', #1472, #2436, #189, .T. ) ;
#1233 = LINE ( 'NONE', #1457, #196 ) ;
#1234 = ORIENTED_EDGE ( 'NONE', *, *, #2406, .T. ) ;
#1235 = DIRECTION ( 'NONE',  ( 7.222014475772601661E-15, -1.000000000000000000, 0.0000000000000000000 ) ) ;
#1236 = DIRECTION ( 'NONE',  ( -0.0000000000000000000, -6.842277657836029970E-49, -1.000000000000000000 ) ) ;
#1237 = ORIENTED_EDGE ( 'NONE', *, *, #1451, .F. ) ;
#1238 = FACE_OUTER_BOUND ( 'NONE', #723, .T. ) ;
#1239 = VECTOR ( 'NONE', #1068, 1000.000000000000000 ) ;
#1240 = CARTESIAN_POINT ( 'NONE',  ( -30.49999999999999289, -12.50000000000000355, 0.7500000000000000000 ) ) ;
#1241 = EDGE_CURVE ( 'NONE', #1644, #242, #2213, .T. ) ;
#1242 = CARTESIAN_POINT ( 'NONE',  ( -30.49999999999999289, -12.50000000000000355, 0.7500000000000000000 ) ) ;
#1243 = ORIENTED_EDGE ( 'NONE', *, *, #2570, .T. ) ;
#1244 = CARTESIAN_POINT ( 'NONE',  ( 34.10000000000000853, -12.39999999999997904, -49.99999999999992184 ) ) ;
#1245 = PLANE ( 'NONE',  #474 ) ;
#1246 = AXIS2_PLACEMENT_3D ( 'NONE', #2246, #1109, #1798 ) ;
#1247 = CARTESIAN_POINT ( 'NONE',  ( -35.49999999999999289, -11.99999999999997868, -49.99999999999992184 ) ) ;
#1248 = APPLICATION_PROTOCOL_DEFINITION ( 'draft international standard', 'automotive_design', 1998, #2183 ) ;
#1249 = CARTESIAN_POINT ( 'NONE',  ( -31.99999999999995381, -3.499999999999999556, 50.00000000000000000 ) ) ;
#1250 = AXIS2_PLACEMENT_3D ( 'NONE', #2123, #505, #2722 ) ;
#1251 = FACE_OUTER_BOUND ( 'NONE', #1710, .T. ) ;
#1252 = DIRECTION ( 'NONE',  ( -0.9659258262890680902, 0.2588190451025212946, 0.0000000000000000000 ) ) ;
#1253 = AXIS2_PLACEMENT_3D ( 'NONE', #314, #2049, #2741 ) ;
#1254 = VECTOR ( 'NONE', #78, 1000.000000000000000 ) ;
#1255 = CIRCLE ( 'NONE', #2773, 1.399999999999998579 ) ;
#1256 = VERTEX_POINT ( 'NONE', #200 ) ;
#1257 = ORIENTED_EDGE ( 'NONE', *, *, #1192, .F. ) ;
#1258 = VECTOR ( 'NONE', #1326, 1000.000000000000000 ) ;
#1259 = CIRCLE ( 'NONE', #4, 2.500000000000009326 ) ;
#1260 = CARTESIAN_POINT ( 'NONE',  ( -33.64999999999994884, -5.799999999999993605, 50.00000000000000000 ) ) ;
#1261 = CARTESIAN_POINT ( 'NONE',  ( 33.39999999999999147, -9.000000000000003553, -0.7500000000000000000 ) ) ;
#1262 = CIRCLE ( 'NONE', #1639, 0.1999999999999987899 ) ;
#1263 = CYLINDRICAL_SURFACE ( 'NONE', #246, 1.449999999999999956 ) ;
#1264 = LINE ( 'NONE', #1223, #509 ) ;
#1265 = EDGE_CURVE ( 'NONE', #1915, #427, #1970, .T. ) ;
#1266 = EDGE_CURVE ( 'NONE', #1616, #1335, #1320, .T. ) ;
#1267 = EDGE_CURVE ( 'NONE', #1803, #1796, #633, .T. ) ;
#1268 = DIRECTION ( 'NONE',  ( 0.0000000000000000000, 6.842277657836029970E-49, 1.000000000000000000 ) ) ;
#1269 = DIRECTION ( 'NONE',  ( -1.000000000000000000, 0.0000000000000000000, 0.0000000000000000000 ) ) ;
#1270 = LINE ( 'NONE', #583, #3 ) ;
#1271 = AXIS2_PLACEMENT_3D ( 'NONE', #689, #2700, #1835 ) ;
#1272 = ORIENTED_EDGE ( 'NONE', *, *, #249, .T. ) ;
#1273 = LINE ( 'NONE', #1727, #943 ) ;
#1274 = CARTESIAN_POINT ( 'NONE',  ( 30.37764571353076803, -3.934708520896598838, 50.00000000000000000 ) ) ;
#1275 = EDGE_LOOP ( 'NONE', ( #47, #2121, #897, #1652 ) ) ;
#1276 = ORIENTED_EDGE ( 'NONE', *, *, #512, .F. ) ;
#1277 = EDGE_CURVE ( 'NONE', #580, #1807, #1088, .T. ) ;
#1278 = LINE ( 'NONE', #623, #2490 ) ;
#1279 = CARTESIAN_POINT ( 'NONE',  ( 31.00000000000004974, -3.499999999999992895, 50.00000000000000000 ) ) ;
#1280 = DIRECTION ( 'NONE',  ( 0.0000000000000000000, -6.842277657836029970E-49, -1.000000000000000000 ) ) ;
#1281 = DIRECTION ( 'NONE',  ( 1.000000000000000000, 0.0000000000000000000, 0.0000000000000000000 ) ) ;
#1282 = PLANE ( 'NONE',  #2018 ) ;
#1283 = CARTESIAN_POINT ( 'NONE',  ( -31.97107282626549107, -4.499581521747844981, 50.00000000000000000 ) ) ;
#1284 = EDGE_CURVE ( 'NONE', #1982, #438, #1648, .T. ) ;
#1285 = VERTEX_POINT ( 'NONE', #410 ) ;
#1286 = CARTESIAN_POINT ( 'NONE',  ( 32.20000000000003126, -8.899999999999984368, 50.00000000000000000 ) ) ;
#1287 = DIRECTION ( 'NONE',  ( -0.0000000000000000000, 0.0000000000000000000, -1.000000000000000000 ) ) ;
#1288 = EDGE_LOOP ( 'NONE', ( #1726, #2879, #1928, #1357 ) ) ;
#1289 = ORIENTED_EDGE ( 'NONE', *, *, #1802, .F. ) ;
#1290 = CYLINDRICAL_SURFACE ( 'NONE', #2726, 1.000000000000000888 ) ;
#1291 = EDGE_CURVE ( 'NONE', #2133, #2324, #805, .T. ) ;
#1292 = DIRECTION ( 'NONE',  ( 1.000000000000000000, 9.773090005503139098E-17, -0.0000000000000000000 ) ) ;
#1293 = CARTESIAN_POINT ( 'NONE',  ( 31.47468446926079366, -5.499999999999993783, -49.99999999999992184 ) ) ;
#1294 = DIRECTION ( 'NONE',  ( -0.0000000000000000000, -0.0000000000000000000, 1.000000000000000000 ) ) ;
#1295 = CARTESIAN_POINT ( 'NONE',  ( 0.0000000000000000000, 0.0000000000000000000, 0.0000000000000000000 ) ) ;
#1296 = VECTOR ( 'NONE', #1797, 1000.000000000000000 ) ;
#1297 = ORIENTED_EDGE ( 'NONE', *, *, #321, .T. ) ;
#1298 = CARTESIAN_POINT ( 'NONE',  ( -30.49999999999999645, 7.499999999999992895, -0.7500000000000000000 ) ) ;
#1299 = EDGE_LOOP ( 'NONE', ( #1430, #1297, #531, #1765, #1443, #28, #408, #2034, #1598, #520, #2429, #852, #327, #307, #1534, #1388, #1678, #201, #1412, #76, #2241, #155, #339, #2016, #2083, #344, #1411, #541, #57, #330, #1437, #67, #756, #1780, #2555, #2690, #564, #1671, #2142, #819, #2333, #2239, #125, #2125, #1751, #2609, #2888, #2370, #889, #1519, #909, #240, #690, #786, #2737, #962, #1851 ) ) ;
#1300 = CARTESIAN_POINT ( 'NONE',  ( 30.49999999999999645, -7.499999999999998224, -0.7500000000000000000 ) ) ;
#1301 = VECTOR ( 'NONE', #2685, 1000.000000000000000 ) ;
#1302 = VECTOR ( 'NONE', #551, 1000.000000000000000 ) ;
#1303 = VERTEX_POINT ( 'NONE', #2000 ) ;
#1304 = DIRECTION ( 'NONE',  ( -1.000000000000000000, 0.0000000000000000000, 0.0000000000000000000 ) ) ;
#1305 = AXIS2_PLACEMENT_3D ( 'NONE', #885, #1788, #1314 ) ;
#1306 = CARTESIAN_POINT ( 'NONE',  ( 30.49999999999998224, -4.999999999999997335, 50.00000000000000000 ) ) ;
#1307 = DIRECTION ( 'NONE',  ( 0.0000000000000000000, -6.842277657836029970E-49, -1.000000000000000000 ) ) ;
#1308 = DIRECTION ( 'NONE',  ( 1.000000000000000000, 0.0000000000000000000, 0.0000000000000000000 ) ) ;
#1309 = EDGE_LOOP ( 'NONE', ( #1864, #2134, #2284, #2180, #343, #1657, #24, #2761 ) ) ;
#1310 = DIRECTION ( 'NONE',  ( -0.0000000000000000000, 0.0000000000000000000, -1.000000000000000000 ) ) ;
#1311 = AXIS2_PLACEMENT_3D ( 'NONE', #1933, #1059, #345 ) ;
#1312 = DIRECTION ( 'NONE',  ( 1.000000000000000000, 0.0000000000000000000, 0.0000000000000000000 ) ) ;
#1313 = EDGE_CURVE ( 'NONE', #764, #1303, #9, .T. ) ;
#1314 = DIRECTION ( 'NONE',  ( -1.000000000000000000, -1.051347561198063430E-15, 0.0000000000000000000 ) ) ;
#1315 = VERTEX_POINT ( 'NONE', #874 ) ;
#1316 = DIRECTION ( 'NONE',  ( -0.7071067811865492381, 8.659560562354953812E-17, 0.7071067811865457964 ) ) ;
#1317 = ORIENTED_EDGE ( 'NONE', *, *, #351, .F. ) ;
#1318 = VECTOR ( 'NONE', #2560, 1000.000000000000000 ) ;
#1319 = ADVANCED_FACE ( 'NONE', ( #1776 ), #679, .F. ) ;
#1320 = LINE ( 'NONE', #455, #1976 ) ;
#1321 = ORIENTED_EDGE ( 'NONE', *, *, #876, .T. ) ;
#1322 = VECTOR ( 'NONE', #2059, 1000.000000000000000 ) ;
#1323 = CARTESIAN_POINT ( 'NONE',  ( 33.55000000000004690, -12.39999999999997904, 50.00000000000000000 ) ) ;
#1324 = FILL_AREA_STYLE_COLOUR ( '', #875 ) ;
#1325 = ADVANCED_FACE ( 'NONE', ( #2677 ), #2861, .F. ) ;
#1326 = DIRECTION ( 'NONE',  ( -0.9659258262890680902, 0.2588190451025213501, 0.0000000000000000000 ) ) ;
#1327 = ORIENTED_EDGE ( 'NONE', *, *, #888, .F. ) ;
#1328 = PRODUCT_DEFINITION_SHAPE ( 'NONE', 'NONE',  #1883 ) ;
#1329 = DIRECTION ( 'NONE',  ( -0.0000000000000000000, 6.842277657836029970E-49, 1.000000000000000000 ) ) ;
#1330 = EDGE_CURVE ( 'NONE', #2427, #2899, #1978, .T. ) ;
#1331 = ORIENTED_EDGE ( 'NONE', *, *, #2768, .T. ) ;
#1332 = CARTESIAN_POINT ( 'NONE',  ( 30.00000000000001066, -1.799999999999999600, 50.00000000000000000 ) ) ;
#1333 = VERTEX_POINT ( 'NONE', #2875 ) ;
#1334 = DIRECTION ( 'NONE',  ( 1.000000000000000000, 0.0000000000000000000, 0.0000000000000000000 ) ) ;
#1335 = VERTEX_POINT ( 'NONE', #853 ) ;
#1336 = CARTESIAN_POINT ( 'NONE',  ( -31.47468446926073682, -5.499999999999993783, 50.00000000000000000 ) ) ;
#1337 = DIRECTION ( 'NONE',  ( 1.000000000000000000, 0.0000000000000000000, 0.0000000000000000000 ) ) ;
#1338 = PLANE ( 'NONE',  #461 ) ;
#1339 = DIRECTION ( 'NONE',  ( 0.0000000000000000000, -6.842277657836029970E-49, -1.000000000000000000 ) ) ;
#1340 = VERTEX_POINT ( 'NONE', #1099 ) ;
#1341 = CARTESIAN_POINT ( 'NONE',  ( 31.00000000000004974, -3.499999999999992895, 50.00000000000000000 ) ) ;
#1342 = DIRECTION ( 'NONE',  ( 0.0000000000000000000, 0.0000000000000000000, -1.000000000000000000 ) ) ;
#1343 = EDGE_LOOP ( 'NONE', ( #2011, #1158, #425, #2798 ) ) ;
#1344 = FACE_OUTER_BOUND ( 'NONE', #1536, .T. ) ;
#1345 = VECTOR ( 'NONE', #25, 1000.000000000000000 ) ;
#1346 = ADVANCED_FACE ( 'NONE', ( #2412 ), #617, .F. ) ;
#1347 = ORIENTED_EDGE ( 'NONE', *, *, #1407, .T. ) ;
#1348 = CARTESIAN_POINT ( 'NONE',  ( 33.55000000000004690, -12.39999999999997904, 50.00000000000000000 ) ) ;
#1349 = AXIS2_PLACEMENT_3D ( 'NONE', #2562, #1463, #2363 ) ;
#1350 = CIRCLE ( 'NONE', #1821, 0.3000000000000016542 ) ;
#1351 = EDGE_LOOP ( 'NONE', ( #456, #664, #2452, #1866 ) ) ;
#1352 = LINE ( 'NONE', #445, #552 ) ;
#1353 = CIRCLE ( 'NONE', #2109, 5.000000000000000888 ) ;
#1354 = CIRCLE ( 'NONE', #1585, 0.3000000000000016542 ) ;
#1355 = CARTESIAN_POINT ( 'NONE',  ( 32.00000000000004974, -3.499999999999992895, 50.00000000000000000 ) ) ;
#1356 = FACE_OUTER_BOUND ( 'NONE', #999, .T. ) ;
#1357 = ORIENTED_EDGE ( 'NONE', *, *, #1845, .T. ) ;
#1358 = PRODUCT_RELATED_PRODUCT_CATEGORY ( 'part', '', ( #2 ) ) ;
#1359 = DIRECTION ( 'NONE',  ( 1.000000000000000000, 0.0000000000000000000, 0.0000000000000000000 ) ) ;
#1360 = ADVANCED_FACE ( 'NONE', ( #1753 ), #424, .F. ) ;
#1361 = ADVANCED_FACE ( 'NONE', ( #239 ), #210, .T. ) ;
#1362 = CARTESIAN_POINT ( 'NONE',  ( -32.00000000000000711, -9.000000000000001776, -0.7500000000000000000 ) ) ;
#1363 = AXIS2_PLACEMENT_3D ( 'NONE', #526, #1619, #701 ) ;
#1364 = VECTOR ( 'NONE', #1049, 1000.000000000000000 ) ;
#1365 = ORIENTED_EDGE ( 'NONE', *, *, #289, .T. ) ;
#1366 = CARTESIAN_POINT ( 'NONE',  ( -30.99999999999995026, -3.499999999999999556, 50.00000000000000000 ) ) ;
#1367 = ORIENTED_EDGE ( 'NONE', *, *, #1008, .F. ) ;
#1368 = CARTESIAN_POINT ( 'NONE',  ( -34.09999999999999432, -12.54999999999997762, -49.99999999999992184 ) ) ;
#1369 = VECTOR ( 'NONE', #400, 1000.000000000000000 ) ;
#1370 = ORIENTED_EDGE ( 'NONE', *, *, #2431, .T. ) ;
#1371 = CARTESIAN_POINT ( 'NONE',  ( 29.49999999999998579, 9.000000000000003553, 0.7500000000000000000 ) ) ;
#1372 = APPLICATION_CONTEXT ( 'automotive_design' ) ;
#1373 = CARTESIAN_POINT ( 'NONE',  ( 30.49999999999999645, -12.49999999999999645, 0.7500000000000000000 ) ) ;
#1374 = DIRECTION ( 'NONE',  ( 1.000000000000000000, 0.0000000000000000000, 0.0000000000000000000 ) ) ;
#1375 = EDGE_CURVE ( 'NONE', #1796, #1131, #2026, .T. ) ;
#1376 = AXIS2_PLACEMENT_3D ( 'NONE', #1298, #1510, #2847 ) ;
#1377 = ORIENTED_EDGE ( 'NONE', *, *, #1715, .T. ) ;
#1378 = DIRECTION ( 'NONE',  ( -1.000000000000000000, 0.0000000000000000000, 0.0000000000000000000 ) ) ;
#1379 = CARTESIAN_POINT ( 'NONE',  ( -30.49999999999998224, -4.999999999999997335, 50.00000000000000000 ) ) ;
#1380 = ORIENTED_EDGE ( 'NONE', *, *, #1277, .T. ) ;
#1381 = DIRECTION ( 'NONE',  ( 0.0000000000000000000, -6.842277657836029970E-49, -1.000000000000000000 ) ) ;
#1382 = EDGE_LOOP ( 'NONE', ( #2534, #1564, #1771, #931 ) ) ;
#1383 = LINE ( 'NONE', #1172, #374 ) ;
#1384 = ORIENTED_EDGE ( 'NONE', *, *, #447, .T. ) ;
#1385 = CARTESIAN_POINT ( 'NONE',  ( -30.77818973525855384, -3.827383073741526864, -49.99999999999992184 ) ) ;
#1386 = DIRECTION ( 'NONE',  ( 9.243224568560360978E-50, -1.000000000000000000, 6.842277657836029970E-49 ) ) ;
#1387 = DIRECTION ( 'NONE',  ( 0.0000000000000000000, -6.842277657836029970E-49, -1.000000000000000000 ) ) ;
#1388 = ORIENTED_EDGE ( 'NONE', *, *, #811, .T. ) ;
#1389 = ADVANCED_FACE ( 'NONE', ( #2651 ), #2137, .F. ) ;
#1390 = SHAPE_DEFINITION_REPRESENTATION ( #2694, #1618 ) ;
#1391 = DIRECTION ( 'NONE',  ( 1.000000000000000000, 0.0000000000000000000, 0.0000000000000000000 ) ) ;
#1392 = DIRECTION ( 'NONE',  ( 1.000000000000000000, -9.243224568560366676E-50, 6.324470895182166803E-98 ) ) ;
#1393 = ORIENTED_EDGE ( 'NONE', *, *, #2407, .F. ) ;
#1394 = DIRECTION ( 'NONE',  ( -1.000000000000000000, 9.243224568560366676E-50, -6.324470895182166803E-98 ) ) ;
#1395 = VECTOR ( 'NONE', #653, 1000.000000000000000 ) ;
#1396 = ORIENTED_EDGE ( 'NONE', *, *, #46, .T. ) ;
#1397 = LINE ( 'NONE', #2297, #2853 ) ;
#1398 = ORIENTED_EDGE ( 'NONE', *, *, #2369, .T. ) ;
#1399 = DIRECTION ( 'NONE',  ( -1.000000000000000000, 0.0000000000000000000, 0.0000000000000000000 ) ) ;
#1400 = CARTESIAN_POINT ( 'NONE',  ( -31.96239467414515545, -4.799455978272196610, 50.00000000000000000 ) ) ;
#1401 = AXIS2_PLACEMENT_3D ( 'NONE', #2679, #1557, #1304 ) ;
#1402 = CARTESIAN_POINT ( 'NONE',  ( -31.99999999999995381, -7.799999999999993605, 50.00000000000000000 ) ) ;
#1403 = ORIENTED_EDGE ( 'NONE', *, *, #2319, .T. ) ;
#1404 = DIRECTION ( 'NONE',  ( 1.000000000000000000, 0.0000000000000000000, 0.0000000000000000000 ) ) ;
#1405 = AXIS2_PLACEMENT_3D ( 'NONE', #1868, #1631, #2533 ) ;
#1406 = EDGE_CURVE ( 'NONE', #1922, #1131, #2454, .T. ) ;
#1407 = EDGE_CURVE ( 'NONE', #1141, #1853, #2624, .T. ) ;
#1408 = AXIS2_PLACEMENT_3D ( 'NONE', #2364, #352, #2595 ) ;
#1409 = VERTEX_POINT ( 'NONE', #1283 ) ;
#1410 = DIRECTION ( 'NONE',  ( 1.000000000000000000, 0.0000000000000000000, 0.0000000000000000000 ) ) ;
#1411 = ORIENTED_EDGE ( 'NONE', *, *, #845, .T. ) ;
#1412 = ORIENTED_EDGE ( 'NONE', *, *, #1115, .T. ) ;
#1413 = DIRECTION ( 'NONE',  ( 0.0000000000000000000, 0.0000000000000000000, -1.000000000000000000 ) ) ;
#1414 = EDGE_CURVE ( 'NONE', #116, #1061, #2191, .T. ) ;
#1415 = DIRECTION ( 'NONE',  ( 1.000000000000000000, 0.0000000000000000000, 0.0000000000000000000 ) ) ;
#1416 = CARTESIAN_POINT ( 'NONE',  ( -31.00054402172779433, -3.537605325854807692, 50.00000000000000000 ) ) ;
#1417 = ORIENTED_EDGE ( 'NONE', *, *, #20, .F. ) ;
#1418 = VECTOR ( 'NONE', #1843, 1000.000000000000000 ) ;
#1419 = CIRCLE ( 'NONE', #849, 0.3000000000000016542 ) ;
#1420 = PRODUCT_CONTEXT ( 'NONE', #229, 'mechanical' ) ;
#1421 = DIRECTION ( 'NONE',  ( 0.0000000000000000000, 6.842277657836029970E-49, 1.000000000000000000 ) ) ;
#1422 = LINE ( 'NONE', #944, #1302 ) ;
#1423 = ORIENTED_EDGE ( 'NONE', *, *, #1723, .F. ) ;
#1424 = ADVANCED_FACE ( 'NONE', ( #294 ), #2334, .F. ) ;
#1425 = DIRECTION ( 'NONE',  ( -1.228762462150235565E-16, 1.000000000000000000, 1.368455531567205994E-48 ) ) ;
#1426 = VERTEX_POINT ( 'NONE', #1193 ) ;
#1427 = VERTEX_POINT ( 'NONE', #743 ) ;
#1428 = DIRECTION ( 'NONE',  ( 0.7071067811865504593, 0.0000000000000000000, 0.7071067811865445751 ) ) ;
#1429 = DIRECTION ( 'NONE',  ( 0.0000000000000000000, 1.000000000000000000, 0.0000000000000000000 ) ) ;
#1430 = ORIENTED_EDGE ( 'NONE', *, *, #1100, .F. ) ;
#1431 = ORIENTED_EDGE ( 'NONE', *, *, #1266, .F. ) ;
#1432 = CARTESIAN_POINT ( 'NONE',  ( -32.00000000000000711, 8.999999999999998224, -0.7500000000000000000 ) ) ;
#1433 = CARTESIAN_POINT ( 'NONE',  ( -32.00000000000000711, -9.000000000000001776, -0.7500000000000000000 ) ) ;
#1434 = EDGE_LOOP ( 'NONE', ( #119, #72, #234, #2313 ) ) ;
#1435 = LINE ( 'NONE', #192, #1581 ) ;
#1436 = ORIENTED_EDGE ( 'NONE', *, *, #2684, .F. ) ;
#1437 = ORIENTED_EDGE ( 'NONE', *, *, #2789, .T. ) ;
#1438 = LINE ( 'NONE', #331, #695 ) ;
#1439 = DIRECTION ( 'NONE',  ( 6.324470895182165503E-98, 6.842277657836029970E-49, 1.000000000000000000 ) ) ;
#1440 = AXIS2_PLACEMENT_3D ( 'NONE', #798, #2175, #781 ) ;
#1441 = EDGE_LOOP ( 'NONE', ( #1944, #1741 ) ) ;
#1442 = CARTESIAN_POINT ( 'NONE',  ( -31.99999999999995381, -8.899999999999984368, 50.00000000000000000 ) ) ;
#1443 = ORIENTED_EDGE ( 'NONE', *, *, #2009, .T. ) ;
#1444 = AXIS2_PLACEMENT_3D ( 'NONE', #1515, #2634, #683 ) ;
#1445 = AXIS2_PLACEMENT_3D ( 'NONE', #1610, #980, #2622 ) ;
#1446 = CYLINDRICAL_SURFACE ( 'NONE', #1125, 0.3000000000000016542 ) ;
#1447 = VECTOR ( 'NONE', #322, 1000.000000000000000 ) ;
#1448 = LINE ( 'NONE', #1477, #50 ) ;
#1449 = AXIS2_PLACEMENT_3D ( 'NONE', #859, #2655, #2631 ) ;
#1450 = MECHANICAL_DESIGN_GEOMETRIC_PRESENTATION_REPRESENTATION (  '', ( #833 ), #1494 ) ;
#1451 = EDGE_CURVE ( 'NONE', #1090, #680, #1195, .T. ) ;
#1452 = EDGE_CURVE ( 'NONE', #2544, #707, #2757, .T. ) ;
#1453 = ORIENTED_EDGE ( 'NONE', *, *, #2283, .F. ) ;
#1454 = DIRECTION ( 'NONE',  ( -1.000000000000000000, -1.465963500825470926E-16, 0.0000000000000000000 ) ) ;
#1455 = VERTEX_POINT ( 'NONE', #1180 ) ;
#1456 = ORIENTED_EDGE ( 'NONE', *, *, #662, .T. ) ;
#1457 = CARTESIAN_POINT ( 'NONE',  ( 32.00000000000004974, -3.499999999999992895, 50.00000000000000000 ) ) ;
#1458 = AXIS2_PLACEMENT_3D ( 'NONE', #1046, #1483, #777 ) ;
#1459 = VECTOR ( 'NONE', #2633, 1000.000000000000000 ) ;
#1460 = ORIENTED_EDGE ( 'NONE', *, *, #1277, .F. ) ;
#1461 = DIRECTION ( 'NONE',  ( 0.0000000000000000000, -6.842277657836029970E-49, -1.000000000000000000 ) ) ;
#1462 = ADVANCED_FACE ( 'NONE', ( #1831 ), #2292, .T. ) ;
#1463 = DIRECTION ( 'NONE',  ( 0.0000000000000000000, 6.842277657836029970E-49, 1.000000000000000000 ) ) ;
#1464 = LINE ( 'NONE', #2349, #2676 ) ;
#1465 = CARTESIAN_POINT ( 'NONE',  ( 32.65000000000001279, -12.99999999999997691, -49.99999999999992184 ) ) ;
#1466 = AXIS2_PLACEMENT_3D ( 'NONE', #181, #2456, #1946 ) ;
#1467 = DIRECTION ( 'NONE',  ( 1.000000000000000000, 0.0000000000000000000, 0.0000000000000000000 ) ) ;
#1468 = EDGE_LOOP ( 'NONE', ( #767, #728, #2087, #5 ) ) ;
#1469 = ORIENTED_EDGE ( 'NONE', *, *, #2636, .F. ) ;
#1470 = ORIENTED_EDGE ( 'NONE', *, *, #2145, .F. ) ;
#1471 = LINE ( 'NONE', #1261, #2255 ) ;
#1472 = VERTEX_POINT ( 'NONE', #2041 ) ;
#1473 = DIRECTION ( 'NONE',  ( -1.000000000000000000, 0.0000000000000000000, 0.0000000000000000000 ) ) ;
#1474 = DIRECTION ( 'NONE',  ( -0.0000000000000000000, 6.842277657836029970E-49, 1.000000000000000000 ) ) ;
#1475 = EDGE_CURVE ( 'NONE', #2496, #1931, #472, .T. ) ;
#1476 = CARTESIAN_POINT ( 'NONE',  ( 30.77818973525856805, -3.827383073741520203, -49.99999999999992184 ) ) ;
#1477 = CARTESIAN_POINT ( 'NONE',  ( -31.67261692625847402, -4.721810264741440832, -49.99999999999992184 ) ) ;
#1478 = VECTOR ( 'NONE', #1968, 1000.000000000000000 ) ;
#1479 = DIRECTION ( 'NONE',  ( 1.000000000000000000, 0.0000000000000000000, 0.0000000000000000000 ) ) ;
#1480 = VERTEX_POINT ( 'NONE', #2072 ) ;
#1481 = VERTEX_POINT ( 'NONE', #498 ) ;
#1482 = ORIENTED_EDGE ( 'NONE', *, *, #1934, .F. ) ;
#1483 = DIRECTION ( 'NONE',  ( 0.0000000000000000000, -6.842277657836029970E-49, -1.000000000000000000 ) ) ;
#1484 = EDGE_CURVE ( 'NONE', #1303, #108, #2509, .T. ) ;
#1485 = FACE_OUTER_BOUND ( 'NONE', #519, .T. ) ;
#1486 = CARTESIAN_POINT ( 'NONE',  ( 33.65000000000003411, -5.799999999999993605, 50.00000000000000000 ) ) ;
#1487 = UNCERTAINTY_MEASURE_WITH_UNIT (LENGTH_MEASURE( 1.000000000000000082E-05 ), #537, 'distance_accuracy_value', 'NONE');
#1488 = CIRCLE ( 'NONE', #2710, 5.000000000000000888 ) ;
#1489 = CARTESIAN_POINT ( 'NONE',  ( -33.64999999999994884, -7.599999999999994316, 50.00000000000000000 ) ) ;
#1490 = CYLINDRICAL_SURFACE ( 'NONE', #1680, 0.3000000000000016542 ) ;
#1491 = VECTOR ( 'NONE', #863, 1000.000000000000000 ) ;
#1492 = VECTOR ( 'NONE', #1752, 1000.000000000000000 ) ;
#1493 = CIRCLE ( 'NONE', #2619, 0.5500000000000018208 ) ;
#1494 =( GEOMETRIC_REPRESENTATION_CONTEXT ( 3 ) GLOBAL_UNCERTAINTY_ASSIGNED_CONTEXT ( ( #612 ) ) GLOBAL_UNIT_ASSIGNED_CONTEXT ( ( #970, #1191, #954 ) ) REPRESENTATION_CONTEXT ( 'NONE', 'WORKASPACE' ) );
#1495 = ADVANCED_FACE ( 'NONE', ( #912 ), #2267, .F. ) ;
#1496 = ORIENTED_EDGE ( 'NONE', *, *, #2636, .T. ) ;
#1497 = AXIS2_PLACEMENT_3D ( 'NONE', #1909, #629, #1707 ) ;
#1498 = CARTESIAN_POINT ( 'NONE',  ( 30.59999999999999787, 9.000000000000003553, -0.7500000000000000000 ) ) ;
#1499 = CARTESIAN_POINT ( 'NONE',  ( -34.54999999999999005, -11.99999999999997868, -49.99999999999992184 ) ) ;
#1500 = VERTEX_POINT ( 'NONE', #2731 ) ;
#1501 = EDGE_CURVE ( 'NONE', #2648, #1101, #2306, .T. ) ;
#1502 = EDGE_CURVE ( 'NONE', #1912, #1827, #717, .T. ) ;
#1503 = DIRECTION ( 'NONE',  ( 0.0000000000000000000, 6.842277657836029970E-49, 1.000000000000000000 ) ) ;
#1504 = CARTESIAN_POINT ( 'NONE',  ( 34.65000000000005542, -12.99999999999997691, 50.00000000000000000 ) ) ;
#1505 = AXIS2_PLACEMENT_3D ( 'NONE', #1073, #1287, #2643 ) ;
#1506 = LINE ( 'NONE', #773, #2762 ) ;
#1507 = FACE_OUTER_BOUND ( 'NONE', #40, .T. ) ;
#1508 = MANIFOLD_SOLID_BREP ( '倒角1', #1613 ) ;
#1509 = ORIENTED_EDGE ( 'NONE', *, *, #2336, .T. ) ;
#1510 = DIRECTION ( 'NONE',  ( -0.0000000000000000000, 0.0000000000000000000, -1.000000000000000000 ) ) ;
#1511 = EDGE_CURVE ( 'NONE', #1426, #1340, #484, .T. ) ;
#1512 = CYLINDRICAL_SURFACE ( 'NONE', #95, 0.3000000000000016542 ) ;
#1513 = VERTEX_POINT ( 'NONE', #74 ) ;
#1514 = FACE_OUTER_BOUND ( 'NONE', #2227, .T. ) ;
#1515 = CARTESIAN_POINT ( 'NONE',  ( 34.85000000000005116, -12.79999999999997584, 50.00000000000000000 ) ) ;
#1516 = LINE ( 'NONE', #1546, #102 ) ;
#1517 = DIRECTION ( 'NONE',  ( 0.0000000000000000000, -6.842277657836029970E-49, -1.000000000000000000 ) ) ;
#1518 = LINE ( 'NONE', #2608, #2393 ) ;
#1519 = ORIENTED_EDGE ( 'NONE', *, *, #101, .T. ) ;
#1520 = DIRECTION ( 'NONE',  ( 0.0000000000000000000, -6.842277657836029970E-49, -1.000000000000000000 ) ) ;
#1521 = ORIENTED_EDGE ( 'NONE', *, *, #876, .F. ) ;
#1522 = CARTESIAN_POINT ( 'NONE',  ( -32.00000000000000711, 8.999999999999998224, -0.7500000000000000000 ) ) ;
#1523 = ORIENTED_EDGE ( 'NONE', *, *, #2242, .T. ) ;
#1524 = DIRECTION ( 'NONE',  ( 0.0000000000000000000, -6.842277657836029970E-49, -1.000000000000000000 ) ) ;
#1525 = PLANE ( 'NONE',  #137 ) ;
#1526 = EDGE_CURVE ( 'NONE', #1827, #764, #1353, .T. ) ;
#1528 = AXIS2_PLACEMENT_3D ( 'NONE', #186, #2901, #1337 ) ;
#1527 = DIRECTION ( 'NONE',  ( 1.000000000000000000, 0.0000000000000000000, 0.0000000000000000000 ) ) ;
#1529 = ORIENTED_EDGE ( 'NONE', *, *, #2184, .F. ) ;
#1530 = CARTESIAN_POINT ( 'NONE',  ( 33.65000000000004832, -11.02159512479095582, 50.00000000000000000 ) ) ;
#1531 = DIRECTION ( 'NONE',  ( 1.000000000000000000, 0.0000000000000000000, 0.0000000000000000000 ) ) ;
#1532 = CIRCLE ( 'NONE', #274, 0.3000000000000016542 ) ;
#1533 = EDGE_CURVE ( 'NONE', #116, #1899, #337, .T. ) ;
#1534 = ORIENTED_EDGE ( 'NONE', *, *, #2405, .T. ) ;
#1535 = CARTESIAN_POINT ( 'NONE',  ( 31.99999999999999289, 9.000000000000003553, -0.7500000000000000000 ) ) ;
#1536 = EDGE_LOOP ( 'NONE', ( #364, #1496, #2356, #1658, #2837, #2103, #692, #2599, #1398, #2299, #733, #224, #836, #1431, #517, #1655, #2734, #557, #2139, #1779, #2665, #2445, #2042, #2402, #1862, #1030, #2170, #1891, #2708, #1811, #1540, #1184, #303, #2764, #905, #154, #635, #2197, #937, #1816, #2678, #254, #2862, #2835, #1897, #2061, #1272, #495, #2045, #1460, #1482, #2310, #998, #2674, #1243, #2658, #2468 ) ) ;
#1537 = CARTESIAN_POINT ( 'NONE',  ( 30.00000000000001066, -3.644930773009877889, 50.00000000000000000 ) ) ;
#1538 = AXIS2_PLACEMENT_3D ( 'NONE', #911, #700, #1312 ) ;
#1539 = AXIS2_PLACEMENT_3D ( 'NONE', #513, #1392, #2554 ) ;
#1540 = ORIENTED_EDGE ( 'NONE', *, *, #2345, .T. ) ;
#1541 = CARTESIAN_POINT ( 'NONE',  ( 31.99999999999999289, -7.799999999999993605, -49.99999999999992184 ) ) ;
#1542 = VECTOR ( 'NONE', #407, 1000.000000000000000 ) ;
#1543 = CARTESIAN_POINT ( 'NONE',  ( 31.67261692625852731, -4.721810264741433727, 50.00000000000000000 ) ) ;
#1544 = CARTESIAN_POINT ( 'NONE',  ( 29.49999999999998579, -9.000000000000003553, 0.7500000000000000000 ) ) ;
#1545 = CIRCLE ( 'NONE', #602, 4.999999999999997335 ) ;
#1546 = CARTESIAN_POINT ( 'NONE',  ( 31.67261692625848823, -4.721810264741433727, -49.99999999999992184 ) ) ;
#1547 = VERTEX_POINT ( 'NONE', #1876 ) ;
#1548 = ADVANCED_FACE ( 'NONE', ( #1238 ), #120, .F. ) ;
#1549 = DIRECTION ( 'NONE',  ( 1.000000000000000000, 0.0000000000000000000, 0.0000000000000000000 ) ) ;
#1550 = ORIENTED_EDGE ( 'NONE', *, *, #2365, .F. ) ;
#1551 = FACE_BOUND ( 'NONE', #184, .T. ) ;
#1552 = LINE ( 'NONE', #1998, #1478 ) ;
#1553 = CIRCLE ( 'NONE', #2315, 0.3000000000000016542 ) ;
#1554 = DIRECTION ( 'NONE',  ( 0.0000000000000000000, -6.842277657836029970E-49, -1.000000000000000000 ) ) ;
#1555 = VERTEX_POINT ( 'NONE', #2579 ) ;
#1556 = ADVANCED_FACE ( 'NONE', ( #2335 ), #2775, .F. ) ;
#1557 = DIRECTION ( 'NONE',  ( 0.0000000000000000000, -6.842277657836029970E-49, -1.000000000000000000 ) ) ;
#1558 = CARTESIAN_POINT ( 'NONE',  ( -34.54999999999994742, -11.99999999999997868, 50.00000000000000000 ) ) ;
#1559 = CARTESIAN_POINT ( 'NONE',  ( -31.99999999999999289, -3.499999999999999556, -49.99999999999992184 ) ) ;
#1560 = EDGE_CURVE ( 'NONE', #260, #1455, #1006, .T. ) ;
#1561 = DIRECTION ( 'NONE',  ( 0.0000000000000000000, 1.368455531567206298E-48, -1.000000000000000000 ) ) ;
#1562 = ORIENTED_EDGE ( 'NONE', *, *, #1232, .T. ) ;
#1563 = CARTESIAN_POINT ( 'NONE',  ( 30.00000000000001066, -1.799999999999999600, 50.00000000000000000 ) ) ;
#1564 = ORIENTED_EDGE ( 'NONE', *, *, #1932, .F. ) ;
#1565 = DIRECTION ( 'NONE',  ( -0.0000000000000000000, -0.0000000000000000000, 1.000000000000000000 ) ) ;
#1566 = EDGE_LOOP ( 'NONE', ( #949, #1230, #2567, #381 ) ) ;
#1567 = CARTESIAN_POINT ( 'NONE',  ( 30.59999999999999787, -9.000000000000003553, -0.3500000000000039746 ) ) ;
#1568 = ADVANCED_FACE ( 'NONE', ( #1653 ), #1908, .T. ) ;
#1569 = CARTESIAN_POINT ( 'NONE',  ( 33.55000000000000426, -12.39999999999997904, -49.99999999999992184 ) ) ;
#1570 = EDGE_CURVE ( 'NONE', #501, #1315, #1878, .T. ) ;
#1571 = EDGE_CURVE ( 'NONE', #17, #1649, #328, .T. ) ;
#1572 = SURFACE_STYLE_USAGE ( .BOTH. , #2432 ) ;
#1573 = ORIENTED_EDGE ( 'NONE', *, *, #2009, .F. ) ;
#1574 =( NAMED_UNIT ( * ) PLANE_ANGLE_UNIT ( ) SI_UNIT ( $, .RADIAN. ) );
#1575 = LINE ( 'NONE', #1341, #699 ) ;
#1576 = EDGE_LOOP ( 'NONE', ( #2463, #1907, #324, #2425 ) ) ;
#1577 = CARTESIAN_POINT ( 'NONE',  ( 35.49999999999998579, 0.0000000000000000000, -49.99999999999992184 ) ) ;
#1578 = AXIS2_PLACEMENT_3D ( 'NONE', #491, #1413, #1399 ) ;
#1579 = EDGE_CURVE ( 'NONE', #350, #1139, #1464, .T. ) ;
#1580 = DIRECTION ( 'NONE',  ( -7.222014475772601661E-15, 1.000000000000000000, 0.0000000000000000000 ) ) ;
#1581 = VECTOR ( 'NONE', #1898, 1000.000000000000000 ) ;
#1582 = VERTEX_POINT ( 'NONE', #2143 ) ;
#1583 = DIRECTION ( 'NONE',  ( 0.0000000000000000000, 6.842277657836029970E-49, 1.000000000000000000 ) ) ;
#1584 = VECTOR ( 'NONE', #1665, 1000.000000000000000 ) ;
#1585 = AXIS2_PLACEMENT_3D ( 'NONE', #2243, #904, #1119 ) ;
#1586 = DIRECTION ( 'NONE',  ( 0.0000000000000000000, -6.842277657836029970E-49, -1.000000000000000000 ) ) ;
#1587 = PRESENTATION_LAYER_ASSIGNMENT (  '', '', ( #833 ) ) ;
#1588 = CARTESIAN_POINT ( 'NONE',  ( -31.99999999999995381, -7.599999999999994316, 50.00000000000000000 ) ) ;
#1589 = ORIENTED_EDGE ( 'NONE', *, *, #237, .T. ) ;
#1590 = CARTESIAN_POINT ( 'NONE',  ( 0.1534982613015482833, -0.3717304189428315975, 150.7500000000000284 ) ) ;
#1591 = DIRECTION ( 'NONE',  ( -0.0000000000000000000, -6.842277657836029970E-49, -1.000000000000000000 ) ) ;
#1592 = PRESENTATION_STYLE_ASSIGNMENT (( #251 ) ) ;
#1593 = VECTOR ( 'NONE', #1235, 1000.000000000000000 ) ;
#1594 = ORIENTED_EDGE ( 'NONE', *, *, #921, .F. ) ;
#1595 = DIRECTION ( 'NONE',  ( 0.0000000000000000000, 6.842277657836029970E-49, 1.000000000000000000 ) ) ;
#1596 = VERTEX_POINT ( 'NONE', #2114 ) ;
#1597 = PLANE ( 'NONE',  #415 ) ;
#1598 = ORIENTED_EDGE ( 'NONE', *, *, #73, .T. ) ;
#1599 = EDGE_CURVE ( 'NONE', #2249, #2413, #1693, .T. ) ;
#1600 = DIRECTION ( 'NONE',  ( 1.000000000000000000, 0.0000000000000000000, 0.0000000000000000000 ) ) ;
#1601 = AXIS2_PLACEMENT_3D ( 'NONE', #1522, #2426, #215 ) ;
#1602 = DIRECTION ( 'NONE',  ( -1.000000000000000000, 0.0000000000000000000, 0.0000000000000000000 ) ) ;
#1603 = LINE ( 'NONE', #302, #145 ) ;
#1604 = ORIENTED_EDGE ( 'NONE', *, *, #249, .F. ) ;
#1605 = SURFACE_STYLE_FILL_AREA ( #41 ) ;
#1606 = DIRECTION ( 'NONE',  ( 0.0000000000000000000, 0.0000000000000000000, 1.000000000000000000 ) ) ;
#1607 = ORIENTED_EDGE ( 'NONE', *, *, #447, .F. ) ;
#1608 = FACE_OUTER_BOUND ( 'NONE', #1199, .T. ) ;
#1609 = EDGE_LOOP ( 'NONE', ( #172, #1805, #1393, #2057 ) ) ;
#1610 = CARTESIAN_POINT ( 'NONE',  ( -32.00000000000000711, 8.999999999999998224, -0.3500000000000009215 ) ) ;
#1611 = ORIENTED_EDGE ( 'NONE', *, *, #477, .T. ) ;
#1612 = CARTESIAN_POINT ( 'NONE',  ( 33.65000000000003411, -9.099999999999981881, 50.00000000000000000 ) ) ;
#1613 = CLOSED_SHELL ( 'NONE', ( #462, #2729, #1791, #1424, #596, #835, #297, #1319, #1346, #2521, #898, #1186, #1943, #978, #1143, #2719, #150, #2192, #610, #1873, #1548, #436, #2148, #2155, #1389, #1637 ) ) ;
#1614 = EDGE_CURVE ( 'NONE', #1555, #1500, #1929, .T. ) ;
#1615 = LINE ( 'NONE', #1402, #2670 ) ;
#1616 = VERTEX_POINT ( 'NONE', #973 ) ;
#1617 = EDGE_CURVE ( 'NONE', #53, #265, #2394, .T. ) ;
#1618 = SHAPE_REPRESENTATION ( 'K48-100', ( #1026, #277, #2298, #1725, #329 ), #1923 ) ;
#1619 = DIRECTION ( 'NONE',  ( 0.0000000000000000000, -6.842277657836029970E-49, -1.000000000000000000 ) ) ;
#1620 = EDGE_CURVE ( 'NONE', #438, #1982, #887, .T. ) ;
#1621 = FACE_OUTER_BOUND ( 'NONE', #570, .T. ) ;
#1622 = EDGE_CURVE ( 'NONE', #2561, #2483, #1924, .T. ) ;
#1623 = AXIS2_PLACEMENT_3D ( 'NONE', #1306, #479, #203 ) ;
#1624 = EDGE_LOOP ( 'NONE', ( #1822, #2455, #96, #561 ) ) ;
#1625 = LINE ( 'NONE', #502, #1254 ) ;
#1626 = ORIENTED_EDGE ( 'NONE', *, *, #856, .T. ) ;
#1627 = VECTOR ( 'NONE', #300, 1000.000000000000000 ) ;
#1628 = ORIENTED_EDGE ( 'NONE', *, *, #275, .F. ) ;
#1629 = DIRECTION ( 'NONE',  ( 0.0000000000000000000, 0.0000000000000000000, 1.000000000000000000 ) ) ;
#1630 = AXIS2_PLACEMENT_3D ( 'NONE', #2262, #2621, #1080 ) ;
#1631 = DIRECTION ( 'NONE',  ( 1.000000000000000000, -5.782411586589365527E-16, 0.0000000000000000000 ) ) ;
#1632 = VECTOR ( 'NONE', #942, 1000.000000000000000 ) ;
#1633 = MECHANICAL_DESIGN_GEOMETRIC_PRESENTATION_REPRESENTATION (  '', ( #1164 ), #2209 ) ;
#1634 = ORIENTED_EDGE ( 'NONE', *, *, #714, .T. ) ;
#1635 = DIRECTION ( 'NONE',  ( 1.000000000000000000, 0.0000000000000000000, 0.0000000000000000000 ) ) ;
#1636 = CIRCLE ( 'NONE', #377, 0.1999999999999987899 ) ;
#1637 = ADVANCED_FACE ( 'NONE', ( #769 ), #2013, .F. ) ;
#1638 = CARTESIAN_POINT ( 'NONE',  ( -31.48490672137405610, -5.422354286469238005, -49.99999999999992184 ) ) ;
#1639 = AXIS2_PLACEMENT_3D ( 'NONE', #2188, #1112, #1308 ) ;
#1640 = DIRECTION ( 'NONE',  ( -0.0000000000000000000, -0.0000000000000000000, 1.000000000000000000 ) ) ;
#1641 = ORIENTED_EDGE ( 'NONE', *, *, #2278, .F. ) ;
#1642 = LINE ( 'NONE', #1863, #1679 ) ;
#1643 = VERTEX_POINT ( 'NONE', #1893 ) ;
#1644 = VERTEX_POINT ( 'NONE', #2786 ) ;
#1645 = DIRECTION ( 'NONE',  ( 0.0000000000000000000, 0.0000000000000000000, 1.000000000000000000 ) ) ;
#1646 = CARTESIAN_POINT ( 'NONE',  ( 33.64999999999999147, -9.099999999999981881, -49.99999999999992184 ) ) ;
#1647 = CARTESIAN_POINT ( 'NONE',  ( 32.65000000000004832, -12.39999999999997904, 50.00000000000000000 ) ) ;
#1648 = CIRCLE ( 'NONE', #1601, 1.399999999999998579 ) ;
#1649 = VERTEX_POINT ( 'NONE', #550 ) ;
#1650 = VECTOR ( 'NONE', #600, 1000.000000000000000 ) ;
#1651 = CARTESIAN_POINT ( 'NONE',  ( 0.1534982613015378750, -0.3717304189428337624, 49.25000000000001421 ) ) ;
#1652 = ORIENTED_EDGE ( 'NONE', *, *, #1689, .T. ) ;
#1653 = FACE_OUTER_BOUND ( 'NONE', #1343, .T. ) ;
#1654 = LINE ( 'NONE', #2537, #2166 ) ;
#1655 = ORIENTED_EDGE ( 'NONE', *, *, #1802, .T. ) ;
#1656 = LINE ( 'NONE', #2338, #1492 ) ;
#1657 = ORIENTED_EDGE ( 'NONE', *, *, #2214, .T. ) ;
#1658 = ORIENTED_EDGE ( 'NONE', *, *, #173, .T. ) ;
#1659 = CARTESIAN_POINT ( 'NONE',  ( 30.49999999999999645, 7.500000000000003553, -0.7500000000000000000 ) ) ;
#1660 = DIRECTION ( 'NONE',  ( 0.0000000000000000000, -6.842277657836029970E-49, -1.000000000000000000 ) ) ;
#1661 = ADVANCED_FACE ( 'NONE', ( #1251 ), #1446, .T. ) ;
#1662 = EDGE_CURVE ( 'NONE', #2483, #1155, #2831, .T. ) ;
#1663 = ORIENTED_EDGE ( 'NONE', *, *, #984, .F. ) ;
#1664 = DIRECTION ( 'NONE',  ( -0.0000000000000000000, 0.0000000000000000000, -1.000000000000000000 ) ) ;
#1665 = DIRECTION ( 'NONE',  ( 0.0000000000000000000, -6.842277657836029970E-49, -1.000000000000000000 ) ) ;
#1666 = CYLINDRICAL_SURFACE ( 'NONE', #1875, 0.1999999999999987899 ) ;
#1667 = CARTESIAN_POINT ( 'NONE',  ( -33.40000000000000568, 8.999999999999998224, -0.7500000000000000000 ) ) ;
#1668 = ORIENTED_EDGE ( 'NONE', *, *, #1979, .F. ) ;
#1669 = FACE_OUTER_BOUND ( 'NONE', #1133, .T. ) ;
#1670 = VERTEX_POINT ( 'NONE', #1750 ) ;
#1671 = ORIENTED_EDGE ( 'NONE', *, *, #1192, .T. ) ;
#1672 = EDGE_CURVE ( 'NONE', #548, #1057, #1545, .T. ) ;
#1673 = CARTESIAN_POINT ( 'NONE',  ( -30.77818973525855029, -3.827383073741526864, 50.00000000000000000 ) ) ;
#1674 = VECTOR ( 'NONE', #1474, 1000.000000000000000 ) ;
#1675 = VERTEX_POINT ( 'NONE', #2408 ) ;
#1676 = CARTESIAN_POINT ( 'NONE',  ( -31.48490672137405610, -5.422354286469238005, -49.99999999999992184 ) ) ;
#1677 = CARTESIAN_POINT ( 'NONE',  ( 30.00000000000001066, -1.799999999999999600, 50.00000000000000000 ) ) ;
#1678 = ORIENTED_EDGE ( 'NONE', *, *, #1759, .T. ) ;
#1679 = VECTOR ( 'NONE', #916, 1000.000000000000000 ) ;
#1680 = AXIS2_PLACEMENT_3D ( 'NONE', #784, #2800, #2144 ) ;
#1681 = DIRECTION ( 'NONE',  ( 0.2588190451025177419, -0.9659258262890690894, 0.0000000000000000000 ) ) ;
#1682 = DIRECTION ( 'NONE',  ( 0.0000000000000000000, 6.842277657836029970E-49, 1.000000000000000000 ) ) ;
#1683 = AXIS2_PLACEMENT_3D ( 'NONE', #2288, #1387, #523 ) ;
#1684 = ORIENTED_EDGE ( 'NONE', *, *, #1484, .F. ) ;
#1685 = VERTEX_POINT ( 'NONE', #1095 ) ;
#1686 = VERTEX_POINT ( 'NONE', #220 ) ;
#1687 = DIRECTION ( 'NONE',  ( 1.000000000000000000, 0.0000000000000000000, 0.0000000000000000000 ) ) ;
#1688 = CARTESIAN_POINT ( 'NONE',  ( -33.64999999999999147, -9.099999999999981881, -49.99999999999992184 ) ) ;
#1689 = EDGE_CURVE ( 'NONE', #762, #2496, #1516, .T. ) ;
#1690 = ORIENTED_EDGE ( 'NONE', *, *, #1842, .T. ) ;
#1691 = DIRECTION ( 'NONE',  ( -1.000000000000000000, 0.0000000000000000000, 0.0000000000000000000 ) ) ;
#1692 = DIRECTION ( 'NONE',  ( -0.0000000000000000000, -6.842277657836029970E-49, -1.000000000000000000 ) ) ;
#1693 = LINE ( 'NONE', #992, #841 ) ;
#1694 = VECTOR ( 'NONE', #2752, 1000.000000000000000 ) ;
#1695 = AXIS2_PLACEMENT_3D ( 'NONE', #19, #1595, #1467 ) ;
#1696 = EDGE_LOOP ( 'NONE', ( #2111, #2877, #607, #1096 ) ) ;
#1697 = EDGE_CURVE ( 'NONE', #2289, #632, #2626, .T. ) ;
#1698 = EDGE_CURVE ( 'NONE', #2772, #214, #1262, .T. ) ;
#1699 = VERTEX_POINT ( 'NONE', #2202 ) ;
#1700 = EDGE_LOOP ( 'NONE', ( #1165, #1967, #1716, #642 ) ) ;
#1701 = CARTESIAN_POINT ( 'NONE',  ( 33.35000000000003695, -12.99999999999997691, 50.00000000000000000 ) ) ;
#1702 = CARTESIAN_POINT ( 'NONE',  ( -35.50000000000000000, 7.499999999999985789, 0.7500000000000000000 ) ) ;
#1703 = DIRECTION ( 'NONE',  ( -0.0000000000000000000, -6.842277657836029970E-49, -1.000000000000000000 ) ) ;
#1704 = CARTESIAN_POINT ( 'NONE',  ( 34.65000000000004832, -12.39999999999997904, 50.00000000000000000 ) ) ;
#1705 = CARTESIAN_POINT ( 'NONE',  ( -31.77468446926073753, -5.499999999999993783, 50.00000000000000000 ) ) ;
#1706 = EDGE_CURVE ( 'NONE', #265, #747, #2664, .T. ) ;
#1707 = DIRECTION ( 'NONE',  ( 1.000000000000000000, 0.0000000000000000000, 0.0000000000000000000 ) ) ;
#1708 = DIRECTION ( 'NONE',  ( 1.000000000000000000, -9.243224568560364777E-50, 0.0000000000000000000 ) ) ;
#1709 = PRODUCT_DEFINITION ( '未知', '', #2717, #1937 ) ;
#1710 = EDGE_LOOP ( 'NONE', ( #960, #2714, #2742, #267 ) ) ;
#1711 = CARTESIAN_POINT ( 'NONE',  ( -31.00041847825214347, -3.528927173734467182, 50.00000000000000000 ) ) ;
#1712 = EDGE_LOOP ( 'NONE', ( #989, #2225, #2115, #2447 ) ) ;
#1713 = LINE ( 'NONE', #1499, #1075 ) ;
#1714 = CARTESIAN_POINT ( 'NONE',  ( 33.64999999999999147, -9.099999999999981881, -49.99999999999992184 ) ) ;
#1715 = EDGE_CURVE ( 'NONE', #32, #1945, #1255, .T. ) ;
#1716 = ORIENTED_EDGE ( 'NONE', *, *, #727, .T. ) ;
#1717 = FACE_OUTER_BOUND ( 'NONE', #2470, .T. ) ;
#1718 = DIRECTION ( 'NONE',  ( -0.0000000000000000000, -6.842277657836029970E-49, -1.000000000000000000 ) ) ;
#1719 = AXIS2_PLACEMENT_3D ( 'NONE', #681, #2273, #877 ) ;
#1720 = DIRECTION ( 'NONE',  ( -0.9659258262890682012, -0.2588190451025211836, 0.0000000000000000000 ) ) ;
#1721 = DIRECTION ( 'NONE',  ( 0.0000000000000000000, 6.842277657836029970E-49, 1.000000000000000000 ) ) ;
#1722 = DIRECTION ( 'NONE',  ( 0.0000000000000000000, 6.842277657836029970E-49, 1.000000000000000000 ) ) ;
#1723 = EDGE_CURVE ( 'NONE', #2654, #134, #2254, .T. ) ;
#1724 = AXIS2_PLACEMENT_3D ( 'NONE', #1955, #1439, #2471 ) ;
#1725 = AXIS2_PLACEMENT_3D ( 'NONE', #1590, #2492, #729 ) ;
#1726 = ORIENTED_EDGE ( 'NONE', *, *, #886, .F. ) ;
#1727 = CARTESIAN_POINT ( 'NONE',  ( 33.65000000000003411, -7.599999999999994316, 50.00000000000000000 ) ) ;
#1728 = CARTESIAN_POINT ( 'NONE',  ( -30.49999999999999289, -7.500000000000003553, 0.7500000000000000000 ) ) ;
#1729 = LINE ( 'NONE', #1902, #654 ) ;
#1730 = ORIENTED_EDGE ( 'NONE', *, *, #2656, .F. ) ;
#1731 = COLOUR_RGB ( '',1.000000000000000000, 1.000000000000000000, 1.000000000000000000 ) ;
#1732 = CIRCLE ( 'NONE', #1311, 0.1999999999999987899 ) ;
#1733 = DIRECTION ( 'NONE',  ( 0.0000000000000000000, -6.842277657836029970E-49, -1.000000000000000000 ) ) ;
#1734 = CIRCLE ( 'NONE', #1017, 1.399999999999998579 ) ;
#1735 = DIRECTION ( 'NONE',  ( -0.0000000000000000000, -6.842277657836029970E-49, -1.000000000000000000 ) ) ;
#1736 = DIRECTION ( 'NONE',  ( 1.000000000000000000, 0.0000000000000000000, 0.0000000000000000000 ) ) ;
#1737 = CYLINDRICAL_SURFACE ( 'NONE', #1974, 1.399999999999998579 ) ;
#1738 = FACE_OUTER_BOUND ( 'NONE', #2458, .T. ) ;
#1739 = ADVANCED_FACE ( 'NONE', ( #2462 ), #449, .F. ) ;
#1740 = CIRCLE ( 'NONE', #1466, 0.3000000000000016542 ) ;
#1741 = ORIENTED_EDGE ( 'NONE', *, *, #1284, .T. ) ;
#1742 = CARTESIAN_POINT ( 'NONE',  ( -35.49999999999999289, -11.99999999999997868, -49.99999999999992184 ) ) ;
#1743 = ADVANCED_FACE ( 'NONE', ( #1961 ), #656, .F. ) ;
#1744 = DIRECTION ( 'NONE',  ( 1.465963500825470926E-16, -1.000000000000000000, 0.0000000000000000000 ) ) ;
#1745 = ORIENTED_EDGE ( 'NONE', *, *, #1451, .T. ) ;
#1746 = LINE ( 'NONE', #667, #1918 ) ;
#1747 = DIRECTION ( 'NONE',  ( 1.000000000000000000, -9.243224568560366676E-50, 6.324470895182166803E-98 ) ) ;
#1748 =( NAMED_UNIT ( * ) SI_UNIT ( $, .STERADIAN. ) SOLID_ANGLE_UNIT ( ) );
#1749 = EDGE_CURVE ( 'NONE', #1872, #530, #840, .T. ) ;
#1750 = CARTESIAN_POINT ( 'NONE',  ( -31.77468446926073753, -5.799999999999993605, 50.00000000000000000 ) ) ;
#1751 = ORIENTED_EDGE ( 'NONE', *, *, #1501, .T. ) ;
#1752 = DIRECTION ( 'NONE',  ( -0.0000000000000000000, -0.0000000000000000000, 1.000000000000000000 ) ) ;
#1753 = FACE_OUTER_BOUND ( 'NONE', #1996, .T. ) ;
#1754 = AXIS2_PLACEMENT_3D ( 'NONE', #1286, #1072, #156 ) ;
#1755 = ORIENTED_EDGE ( 'NONE', *, *, #1241, .F. ) ;
#1756 = DIRECTION ( 'NONE',  ( 1.000000000000000000, 0.0000000000000000000, 0.0000000000000000000 ) ) ;
#1757 = ORIENTED_EDGE ( 'NONE', *, *, #2032, .F. ) ;
#1758 = CARTESIAN_POINT ( 'NONE',  ( -31.99999999999999289, -3.499999999999999556, -49.99999999999992184 ) ) ;
#1759 = EDGE_CURVE ( 'NONE', #1644, #1922, #1493, .T. ) ;
#1760 = DIRECTION ( 'NONE',  ( 0.0000000000000000000, -6.842277657836029970E-49, -1.000000000000000000 ) ) ;
#1761 = LINE ( 'NONE', #2660, #1395 ) ;
#1762 = DIRECTION ( 'NONE',  ( -1.000000000000000000, -9.773090005503139098E-17, 0.0000000000000000000 ) ) ;
#1764 = CIRCLE ( 'NONE', #1528, 5.000000000000000888 ) ;
#1763 = CARTESIAN_POINT ( 'NONE',  ( 32.00000000000000711, -3.499999999999992895, -49.99999999999992184 ) ) ;
#1765 = ORIENTED_EDGE ( 'NONE', *, *, #719, .T. ) ;
#1766 = DIRECTION ( 'NONE',  ( 9.243224568560359079E-50, -1.000000000000000000, -2.736911063134411988E-48 ) ) ;
#1767 = VECTOR ( 'NONE', #2105, 1000.000000000000000 ) ;
#1768 = DIRECTION ( 'NONE',  ( -9.243224568560360978E-50, 1.000000000000000000, -6.842277657836029970E-49 ) ) ;
#1769 = VECTOR ( 'NONE', #2314, 1000.000000000000000 ) ;
#1770 = EDGE_CURVE ( 'NONE', #2089, #2866, #2005, .T. ) ;
#1771 = ORIENTED_EDGE ( 'NONE', *, *, #168, .T. ) ;
#1772 = DIRECTION ( 'NONE',  ( -0.0000000000000000000, 6.842277657836029970E-49, 1.000000000000000000 ) ) ;
#1773 = CARTESIAN_POINT ( 'NONE',  ( -33.64999999999994884, -7.599999999999994316, 50.00000000000000000 ) ) ;
#1774 = PRODUCT_DEFINITION_SHAPE ( 'NONE', 'NONE',  #2027 ) ;
#1775 = ORIENTED_EDGE ( 'NONE', *, *, #2113, .F. ) ;
#1776 = FACE_OUTER_BOUND ( 'NONE', #524, .T. ) ;
#1777 = VECTOR ( 'NONE', #1772, 1000.000000000000000 ) ;
#1778 = AXIS2_PLACEMENT_3D ( 'NONE', #2068, #2505, #1188 ) ;
#1779 = ORIENTED_EDGE ( 'NONE', *, *, #1190, .F. ) ;
#1780 = ORIENTED_EDGE ( 'NONE', *, *, #2417, .T. ) ;
#1781 = CARTESIAN_POINT ( 'NONE',  ( -30.60000000000000853, -9.000000000000001776, -0.3500000000000009215 ) ) ;
#1782 = DIRECTION ( 'NONE',  ( 0.0000000000000000000, 6.842277657836029970E-49, 1.000000000000000000 ) ) ;
#1783 = EDGE_CURVE ( 'NONE', #386, #762, #1925, .T. ) ;
#1784 = DIRECTION ( 'NONE',  ( -1.000000000000000000, 0.0000000000000000000, 0.0000000000000000000 ) ) ;
#1785 = AXIS2_PLACEMENT_3D ( 'NONE', #276, #1421, #2321 ) ;
#1786 = EDGE_LOOP ( 'NONE', ( #2090, #2549, #1012, #1884 ) ) ;
#1787 = DIRECTION ( 'NONE',  ( -0.7071067811865504593, 8.659560562354968603E-17, 0.7071067811865445751 ) ) ;
#1788 = DIRECTION ( 'NONE',  ( -1.051347561198063430E-15, 1.000000000000000000, -1.642146637880647193E-47 ) ) ;
#1789 = VERTEX_POINT ( 'NONE', #1293 ) ;
#1790 = DIRECTION ( 'NONE',  ( 0.0000000000000000000, 0.0000000000000000000, 1.000000000000000000 ) ) ;
#1791 = ADVANCED_FACE ( 'NONE', ( #2435 ), #49, .F. ) ;
#1792 = ORIENTED_EDGE ( 'NONE', *, *, #1949, .F. ) ;
#1793 = CIRCLE ( 'NONE', #941, 2.500000000000009326 ) ;
#1794 = VECTOR ( 'NONE', #2500, 1000.000000000000000 ) ;
#1795 = CARTESIAN_POINT ( 'NONE',  ( -35.50000000000000000, 7.499999999999992895, 0.7500000000000000000 ) ) ;
#1796 = VERTEX_POINT ( 'NONE', #2870 ) ;
#1797 = DIRECTION ( 'NONE',  ( 0.7071067811865492381, 0.0000000000000000000, 0.7071067811865457964 ) ) ;
#1798 = DIRECTION ( 'NONE',  ( -1.000000000000000000, 0.0000000000000000000, 0.0000000000000000000 ) ) ;
#1799 = CARTESIAN_POINT ( 'NONE',  ( 32.20000000000003126, -7.599999999999994316, 50.00000000000000000 ) ) ;
#1800 = EDGE_LOOP ( 'NONE', ( #2702, #1214, #2312, #893 ) ) ;
#1801 = CARTESIAN_POINT ( 'NONE',  ( 33.64999999999999147, -7.599999999999994316, -49.99999999999992184 ) ) ;
#1802 = EDGE_CURVE ( 'NONE', #1426, #1555, #851, .T. ) ;
#1803 = VERTEX_POINT ( 'NONE', #2235 ) ;
#1804 = CARTESIAN_POINT ( 'NONE',  ( -29.50000000000000000, 8.999999999999998224, 0.7500000000000000000 ) ) ;
#1805 = ORIENTED_EDGE ( 'NONE', *, *, #1511, .F. ) ;
#1806 = CARTESIAN_POINT ( 'NONE',  ( -30.60000000000000853, 8.999999999999998224, -0.7500000000000000000 ) ) ;
#1807 = VERTEX_POINT ( 'NONE', #2025 ) ;
#1808 = LINE ( 'NONE', #2003, #1916 ) ;
#1809 = CARTESIAN_POINT ( 'NONE',  ( -33.64999999999994884, -5.799999999999993605, 50.00000000000000000 ) ) ;
#1810 = EDGE_CURVE ( 'NONE', #1480, #1796, #2574, .T. ) ;
#1811 = ORIENTED_EDGE ( 'NONE', *, *, #535, .F. ) ;
#1812 = SURFACE_STYLE_USAGE ( .BOTH. , #910 ) ;
#1813 = CARTESIAN_POINT ( 'NONE',  ( -32.00000000000000711, -9.000000000000001776, 0.7500000000000000000 ) ) ;
#1814 =( NAMED_UNIT ( * ) SI_UNIT ( $, .STERADIAN. ) SOLID_ANGLE_UNIT ( ) );
#1815 = EDGE_CURVE ( 'NONE', #263, #2118, #1028, .T. ) ;
#1816 = ORIENTED_EDGE ( 'NONE', *, *, #1672, .T. ) ;
#1817 = DIRECTION ( 'NONE',  ( 0.0000000000000000000, -6.842277657836029970E-49, -1.000000000000000000 ) ) ;
#1818 = AXIS2_PLACEMENT_3D ( 'NONE', #2064, #2767, #268 ) ;
#1819 = ORIENTED_EDGE ( 'NONE', *, *, #1579, .F. ) ;
#1820 = CARTESIAN_POINT ( 'NONE',  ( 30.00000000000001066, -1.799999999999999600, 50.00000000000000000 ) ) ;
#1821 = AXIS2_PLACEMENT_3D ( 'NONE', #825, #1721, #614 ) ;
#1822 = ORIENTED_EDGE ( 'NONE', *, *, #69, .F. ) ;
#1823 = VECTOR ( 'NONE', #483, 1000.000000000000000 ) ;
#1824 = CYLINDRICAL_SURFACE ( 'NONE', #571, 1.000000000000000888 ) ;
#1825 = COLOUR_RGB ( '',1.000000000000000000, 1.000000000000000000, 1.000000000000000000 ) ;
#1826 = DIRECTION ( 'NONE',  ( 0.0000000000000000000, -6.842277657836029970E-49, -1.000000000000000000 ) ) ;
#1827 = VERTEX_POINT ( 'NONE', #1114 ) ;
#1828 = APPLICATION_PROTOCOL_DEFINITION ( 'draft international standard', 'automotive_design', 1998, #1938 ) ;
#1829 = DIRECTION ( 'NONE',  ( -0.0000000000000000000, 0.0000000000000000000, -1.000000000000000000 ) ) ;
#1830 = SHAPE_REPRESENTATION ( 'K48-1', ( #1871 ), #2110 ) ;
#1831 = FACE_OUTER_BOUND ( 'NONE', #1609, .T. ) ;
#1832 = VECTOR ( 'NONE', #1032, 1000.000000000000000 ) ;
#1833 = FACE_OUTER_BOUND ( 'NONE', #2100, .T. ) ;
#1834 = ORIENTED_EDGE ( 'NONE', *, *, #1178, .F. ) ;
#1835 = DIRECTION ( 'NONE',  ( -1.000000000000000000, 0.0000000000000000000, 0.0000000000000000000 ) ) ;
#1836 = EDGE_CURVE ( 'NONE', #2293, #2038, #2493, .T. ) ;
#1837 = ORIENTED_EDGE ( 'NONE', *, *, #2431, .F. ) ;
#1838 = DIRECTION ( 'NONE',  ( 0.0000000000000000000, 6.842277657836029970E-49, 1.000000000000000000 ) ) ;
#1839 = EDGE_LOOP ( 'NONE', ( #2778, #990, #2576, #2699 ) ) ;
#1840 = CARTESIAN_POINT ( 'NONE',  ( -33.64999999999999147, -5.799999999999993605, -49.99999999999992184 ) ) ;
#1841 = AXIS2_PLACEMENT_3D ( 'NONE', #443, #2446, #665 ) ;
#1842 = EDGE_CURVE ( 'NONE', #2089, #1616, #2728, .T. ) ;
#1843 = DIRECTION ( 'NONE',  ( -1.000000000000000000, -1.465963500825470926E-16, 0.0000000000000000000 ) ) ;
#1844 = CARTESIAN_POINT ( 'NONE',  ( 31.77468446926079437, -5.499999999999993783, -49.99999999999992184 ) ) ;
#1845 = EDGE_CURVE ( 'NONE', #1931, #386, #2040, .T. ) ;
#1846 = APPLICATION_PROTOCOL_DEFINITION ( 'draft international standard', 'automotive_design', 1998, #2723 ) ;
#1847 = EDGE_CURVE ( 'NONE', #2289, #1547, #1575, .T. ) ;
#1848 = SURFACE_SIDE_STYLE ('',( #956 ) ) ;
#1849 = CARTESIAN_POINT ( 'NONE',  ( 34.10000000000004405, -12.39999999999997904, 50.00000000000000000 ) ) ;
#1850 = CARTESIAN_POINT ( 'NONE',  ( -29.99999999999998934, -1.800000000000006484, 50.00000000000000000 ) ) ;
#1851 = ORIENTED_EDGE ( 'NONE', *, *, #1783, .T. ) ;
#1852 = CARTESIAN_POINT ( 'NONE',  ( -33.64999999999994884, -5.799999999999993605, 50.00000000000000000 ) ) ;
#1853 = VERTEX_POINT ( 'NONE', #1801 ) ;
#1854 = DIRECTION ( 'NONE',  ( 0.0000000000000000000, 6.842277657836029970E-49, 1.000000000000000000 ) ) ;
#1855 = DIRECTION ( 'NONE',  ( 0.0000000000000000000, -6.842277657836029970E-49, -1.000000000000000000 ) ) ;
#1856 = CIRCLE ( 'NONE', #1754, 0.1999999999999987899 ) ;
#1857 = CARTESIAN_POINT ( 'NONE',  ( 32.19999999999999574, -7.599999999999994316, -49.99999999999992184 ) ) ;
#1858 = ADVANCED_FACE ( 'NONE', ( #423 ), #209, .T. ) ;
#1859 = ORIENTED_EDGE ( 'NONE', *, *, #122, .T. ) ;
#1860 = CARTESIAN_POINT ( 'NONE',  ( 0.1534982613015517527, 12.12826958105716102, 100.0000000000000000 ) ) ;
#1861 = DIRECTION ( 'NONE',  ( 0.0000000000000000000, -6.842277657836029970E-49, -1.000000000000000000 ) ) ;
#1862 = ORIENTED_EDGE ( 'NONE', *, *, #113, .T. ) ;
#1863 = CARTESIAN_POINT ( 'NONE',  ( -35.49999999999994316, -4.999999999999997335, 50.00000000000000000 ) ) ;
#1864 = ORIENTED_EDGE ( 'NONE', *, *, #2494, .F. ) ;
#1865 = VECTOR ( 'NONE', #123, 1000.000000000000000 ) ;
#1866 = ORIENTED_EDGE ( 'NONE', *, *, #2319, .F. ) ;
#1867 = DIRECTION ( 'NONE',  ( 1.000000000000000000, 0.0000000000000000000, 0.0000000000000000000 ) ) ;
#1868 = CARTESIAN_POINT ( 'NONE',  ( -35.49999999999995026, -11.99999999999997868, 50.00000000000000000 ) ) ;
#1869 = AXIS2_PLACEMENT_3D ( 'NONE', #2858, #2421, #1281 ) ;
#1870 = PRESENTATION_LAYER_ASSIGNMENT (  '', '', ( #465 ) ) ;
#1871 = AXIS2_PLACEMENT_3D ( 'NONE', #1295, #673, #2237 ) ;
#1872 = VERTEX_POINT ( 'NONE', #686 ) ;
#1873 = ADVANCED_FACE ( 'NONE', ( #2052 ), #2438, .F. ) ;
#1874 = SHAPE_REPRESENTATION_RELATIONSHIP ( 'NONE' , 'NONE' ,  #503, #304 ) ;
#1875 = AXIS2_PLACEMENT_3D ( 'NONE', #2565, #2097, #88 ) ;
#1876 = CARTESIAN_POINT ( 'NONE',  ( 31.00000000000000711, -3.499999999999992895, -49.99999999999992184 ) ) ;
#1877 = LINE ( 'NONE', #106, #1128 ) ;
#1878 = CIRCLE ( 'NONE', #744, 0.3000000000000016542 ) ;
#1879 = CARTESIAN_POINT ( 'NONE',  ( -31.99999999999995381, -9.099999999999983658, 50.00000000000000000 ) ) ;
#1880 = VERTEX_POINT ( 'NONE', #1098 ) ;
#1881 = CIRCLE ( 'NONE', #616, 0.1999999999999987899 ) ;
#1882 = CARTESIAN_POINT ( 'NONE',  ( 33.65000000000000568, -11.02159512479095582, -49.99999999999992184 ) ) ;
#1883 = PRODUCT_DEFINITION ( '未知', '', #2572, #380 ) ;
#1884 = ORIENTED_EDGE ( 'NONE', *, *, #75, .T. ) ;
#1885 = EDGE_CURVE ( 'NONE', #736, #2132, #42, .T. ) ;
#1886 = VERTEX_POINT ( 'NONE', #929 ) ;
#1887 = ADVANCED_FACE ( 'NONE', ( #1992 ), #2891, .T. ) ;
#1888 = CARTESIAN_POINT ( 'NONE',  ( 31.99999999999999289, -9.000000000000003553, -0.3500000000000039746 ) ) ;
#1889 = LINE ( 'NONE', #2546, #60 ) ;
#1890 = LINE ( 'NONE', #2783, #2396 ) ;
#1891 = ORIENTED_EDGE ( 'NONE', *, *, #1015, .F. ) ;
#1892 = AXIS2_PLACEMENT_3D ( 'NONE', #1563, #2469, #1817 ) ;
#1893 = CARTESIAN_POINT ( 'NONE',  ( -32.99999999999999289, -3.499999999999999556, -49.99999999999992184 ) ) ;
#1894 = FACE_OUTER_BOUND ( 'NONE', #2600, .T. ) ;
#1895 = EDGE_CURVE ( 'NONE', #2132, #630, #1005, .T. ) ;
#1896 = PLANE ( 'NONE',  #231 ) ;
#1897 = ORIENTED_EDGE ( 'NONE', *, *, #18, .F. ) ;
#1898 = DIRECTION ( 'NONE',  ( -9.243224568560359079E-50, 1.000000000000000000, 2.736911063134411988E-48 ) ) ;
#1899 = VERTEX_POINT ( 'NONE', #2826 ) ;
#1900 = ORIENTED_EDGE ( 'NONE', *, *, #2834, .T. ) ;
#1901 = CARTESIAN_POINT ( 'NONE',  ( 30.49999999999999645, -7.499999999999998224, 0.7500000000000000000 ) ) ;
#1902 = CARTESIAN_POINT ( 'NONE',  ( -34.54999999999994742, -11.99999999999997868, 50.00000000000000000 ) ) ;
#1903 = VERTEX_POINT ( 'NONE', #1001 ) ;
#1904 = DIRECTION ( 'NONE',  ( 0.0000000000000000000, -6.842277657836029970E-49, -1.000000000000000000 ) ) ;
#1905 = EDGE_CURVE ( 'NONE', #2413, #285, #1048, .T. ) ;
#1906 = CARTESIAN_POINT ( 'NONE',  ( -30.49999999999999289, 12.49999999999999289, -0.7500000000000000000 ) ) ;
#1907 = ORIENTED_EDGE ( 'NONE', *, *, #2222, .T. ) ;
#1908 = CYLINDRICAL_SURFACE ( 'NONE', #1034, 0.3000000000000016542 ) ;
#1909 = CARTESIAN_POINT ( 'NONE',  ( -30.70054402172779362, -3.537605325854807692, 50.00000000000000000 ) ) ;
#1910 = ORIENTED_EDGE ( 'NONE', *, *, #1501, .F. ) ;
#1911 = DIRECTION ( 'NONE',  ( -1.000000000000000000, 0.0000000000000000000, 0.0000000000000000000 ) ) ;
#1912 = VERTEX_POINT ( 'NONE', #346 ) ;
#1913 = EDGE_CURVE ( 'NONE', #1135, #440, #1729, .T. ) ;
#1914 = EDGE_LOOP ( 'NONE', ( #1217, #85, #419, #464 ) ) ;
#1915 = VERTEX_POINT ( 'NONE', #1702 ) ;
#1916 = VECTOR ( 'NONE', #1126, 1000.000000000000000 ) ;
#1917 = CARTESIAN_POINT ( 'NONE',  ( -35.49999999999998579, 0.0000000000000000000, -49.99999999999992184 ) ) ;
#1918 = VECTOR ( 'NONE', #2448, 1000.000000000000000 ) ;
#1919 = VERTEX_POINT ( 'NONE', #2154 ) ;
#1920 = CARTESIAN_POINT ( 'NONE',  ( 32.00000000000003553, -7.799999999999993605, 50.00000000000000000 ) ) ;
#1921 = CARTESIAN_POINT ( 'NONE',  ( -31.99999999999999289, -3.499999999999999556, -49.99999999999992184 ) ) ;
#1922 = VERTEX_POINT ( 'NONE', #590 ) ;
#1923 =( GEOMETRIC_REPRESENTATION_CONTEXT ( 3 ) GLOBAL_UNCERTAINTY_ASSIGNED_CONTEXT ( ( #1487 ) ) GLOBAL_UNIT_ASSIGNED_CONTEXT ( ( #537, #2508, #715 ) ) REPRESENTATION_CONTEXT ( 'NONE', 'WORKASPACE' ) );
#1924 = LINE ( 'NONE', #1476, #376 ) ;
#1925 = CIRCLE ( 'NONE', #2669, 0.3000000000000016542 ) ;
#1926 = CARTESIAN_POINT ( 'NONE',  ( 32.19999999999999574, -9.099999999999983658, -49.99999999999992184 ) ) ;
#1927 = AXIS2_PLACEMENT_3D ( 'NONE', #1168, #2073, #975 ) ;
#1928 = ORIENTED_EDGE ( 'NONE', *, *, #752, .T. ) ;
#1929 = CIRCLE ( 'NONE', #1408, 0.3000000000000016542 ) ;
#1930 = ORIENTED_EDGE ( 'NONE', *, *, #1971, .T. ) ;
#1931 = VERTEX_POINT ( 'NONE', #778 ) ;
#1932 = EDGE_CURVE ( 'NONE', #194, #2516, #2301, .T. ) ;
#1933 = CARTESIAN_POINT ( 'NONE',  ( 34.85000000000005116, -12.79999999999997584, 50.00000000000000000 ) ) ;
#1934 = EDGE_CURVE ( 'NONE', #1025, #580, #2401, .T. ) ;
#1935 = CARTESIAN_POINT ( 'NONE',  ( 34.10000000000004405, -12.39999999999997904, 50.00000000000000000 ) ) ;
#1936 = DIRECTION ( 'NONE',  ( -0.0000000000000000000, -6.842277657836029970E-49, -1.000000000000000000 ) ) ;
#1937 = PRODUCT_DEFINITION_CONTEXT ( 'detailed design', #2086, 'design' ) ;
#1938 = APPLICATION_CONTEXT ( 'automotive_design' ) ;
#1939 = DIRECTION ( 'NONE',  ( 0.0000000000000000000, -6.842277657836029970E-49, -1.000000000000000000 ) ) ;
#1940 = AXIS2_PLACEMENT_3D ( 'NONE', #1400, #2287, #1415 ) ;
#1941 = EDGE_CURVE ( 'NONE', #1057, #1061, #606, .T. ) ;
#1942 = DIRECTION ( 'NONE',  ( 0.0000000000000000000, 0.0000000000000000000, 1.000000000000000000 ) ) ;
#1943 = ADVANCED_FACE ( 'NONE', ( #2672, #659, #1551, #2539, #2323 ), #306, .T. ) ;
#1944 = ORIENTED_EDGE ( 'NONE', *, *, #1620, .T. ) ;
#1945 = VERTEX_POINT ( 'NONE', #2367 ) ;
#1946 = DIRECTION ( 'NONE',  ( 1.000000000000000000, 0.0000000000000000000, 0.0000000000000000000 ) ) ;
#1947 = CARTESIAN_POINT ( 'NONE',  ( -34.54999999999994742, -11.99999999999997868, 50.00000000000000000 ) ) ;
#1948 = CARTESIAN_POINT ( 'NONE',  ( 33.55000000000003979, -12.79999999999997762, 50.00000000000000000 ) ) ;
#1949 = EDGE_CURVE ( 'NONE', #2249, #2358, #354, .T. ) ;
#1950 = CARTESIAN_POINT ( 'NONE',  ( -35.50000000000000000, -12.50000000000000355, 0.7500000000000000000 ) ) ;
#1951 = CARTESIAN_POINT ( 'NONE',  ( -34.09999999999995168, -12.54999999999997762, 50.00000000000000000 ) ) ;
#1952 = DIRECTION ( 'NONE',  ( -1.000000000000000000, 0.0000000000000000000, 0.0000000000000000000 ) ) ;
#1953 = CARTESIAN_POINT ( 'NONE',  ( -29.99999999999998934, -1.800000000000006484, 50.00000000000000000 ) ) ;
#1954 = CYLINDRICAL_SURFACE ( 'NONE', #574, 5.000000000000000888 ) ;
#1955 = CARTESIAN_POINT ( 'NONE',  ( -34.09999999999995168, -12.54999999999997762, 50.00000000000000000 ) ) ;
#1956 = ORIENTED_EDGE ( 'NONE', *, *, #2417, .F. ) ;
#1957 = FACE_OUTER_BOUND ( 'NONE', #2194, .T. ) ;
#1958 = CARTESIAN_POINT ( 'NONE',  ( 30.49999999999999645, 12.50000000000000355, 0.7500000000000000000 ) ) ;
#1959 = CIRCLE ( 'NONE', #2524, 5.000000000000000888 ) ;
#1960 = EDGE_CURVE ( 'NONE', #680, #1090, #883, .T. ) ;
#1961 = FACE_OUTER_BOUND ( 'NONE', #2281, .T. ) ;
#1962 = CARTESIAN_POINT ( 'NONE',  ( -32.19999999999995310, -7.799999999999993605, 50.00000000000000000 ) ) ;
#1963 = CARTESIAN_POINT ( 'NONE',  ( 32.65000000000005542, -12.99999999999997691, 50.00000000000000000 ) ) ;
#1964 = AXIS2_PLACEMENT_3D ( 'NONE', #556, #1517, #1952 ) ;
#1965 = DIRECTION ( 'NONE',  ( 0.0000000000000000000, 6.842277657836029970E-49, 1.000000000000000000 ) ) ;
#1966 = VECTOR ( 'NONE', #2597, 1000.000000000000000 ) ;
#1967 = ORIENTED_EDGE ( 'NONE', *, *, #1055, .F. ) ;
#1968 = DIRECTION ( 'NONE',  ( 0.0000000000000000000, -6.842277657836029970E-49, -1.000000000000000000 ) ) ;
#1969 = EDGE_CURVE ( 'NONE', #2812, #2529, #785, .T. ) ;
#1970 = LINE ( 'NONE', #1795, #481 ) ;
#1971 = EDGE_CURVE ( 'NONE', #1090, #32, #770, .T. ) ;
#1972 = ORIENTED_EDGE ( 'NONE', *, *, #360, .F. ) ;
#1973 = LINE ( 'NONE', #850, #368 ) ;
#1974 = AXIS2_PLACEMENT_3D ( 'NONE', #628, #1294, #2204 ) ;
#1975 = DIRECTION ( 'NONE',  ( 0.0000000000000000000, 0.0000000000000000000, 1.000000000000000000 ) ) ;
#1976 = VECTOR ( 'NONE', #848, 1000.000000000000000 ) ;
#1977 = CARTESIAN_POINT ( 'NONE',  ( -32.00000000000000711, 8.999999999999998224, -0.7500000000000000000 ) ) ;
#1978 = LINE ( 'NONE', #451, #1542 ) ;
#1979 = EDGE_CURVE ( 'NONE', #2516, #194, #188, .T. ) ;
#1980 = ORIENTED_EDGE ( 'NONE', *, *, #2336, .F. ) ;
#1981 = DIRECTION ( 'NONE',  ( -1.000000000000000000, 0.0000000000000000000, 0.0000000000000000000 ) ) ;
#1982 = VERTEX_POINT ( 'NONE', #1667 ) ;
#1983 = DIRECTION ( 'NONE',  ( -1.000000000000000000, 0.0000000000000000000, 0.0000000000000000000 ) ) ;
#1984 = ORIENTED_EDGE ( 'NONE', *, *, #577, .T. ) ;
#1985 = VERTEX_POINT ( 'NONE', #1212 ) ;
#1986 = LINE ( 'NONE', #2883, #1345 ) ;
#1987 = DIRECTION ( 'NONE',  ( 1.000000000000000000, 0.0000000000000000000, 0.0000000000000000000 ) ) ;
#1988 = DIRECTION ( 'NONE',  ( 1.000000000000000000, 0.0000000000000000000, 0.0000000000000000000 ) ) ;
#1989 = CARTESIAN_POINT ( 'NONE',  ( -33.64999999999999147, -5.799999999999993605, -49.99999999999992184 ) ) ;
#1990 = VERTEX_POINT ( 'NONE', #2833 ) ;
#1991 = PLANE ( 'NONE',  #2119 ) ;
#1992 = FACE_OUTER_BOUND ( 'NONE', #605, .T. ) ;
#1993 = VECTOR ( 'NONE', #900, 1000.000000000000000 ) ;
#1994 = DIRECTION ( 'NONE',  ( -1.000000000000000000, 0.0000000000000000000, 0.0000000000000000000 ) ) ;
#1995 = CIRCLE ( 'NONE', #1106, 1.000000000000000888 ) ;
#1996 = EDGE_LOOP ( 'NONE', ( #1453, #749, #2229, #1730 ) ) ;
#1997 = CARTESIAN_POINT ( 'NONE',  ( 35.50000000000002132, -5.000000000000000888, 50.00000000000000000 ) ) ;
#1998 = CARTESIAN_POINT ( 'NONE',  ( -29.99999999999998934, -1.800000000000006484, 50.00000000000000000 ) ) ;
#1999 = EDGE_CURVE ( 'NONE', #1480, #1899, #2350, .T. ) ;
#2000 = CARTESIAN_POINT ( 'NONE',  ( -35.49999999999995026, -11.99999999999997868, 50.00000000000000000 ) ) ;
#2001 = ORIENTED_EDGE ( 'NONE', *, *, #1969, .F. ) ;
#2002 = LINE ( 'NONE', #1781, #1296 ) ;
#2003 = CARTESIAN_POINT ( 'NONE',  ( -31.77468446926073753, -5.799999999999993605, 50.00000000000000000 ) ) ;
#2004 = CARTESIAN_POINT ( 'NONE',  ( 32.20000000000003126, -7.799999999999993605, 50.00000000000000000 ) ) ;
#2005 = LINE ( 'NONE', #925, #94 ) ;
#2006 = EDGE_LOOP ( 'NONE', ( #1107, #722, #634, #1417 ) ) ;
#2007 = SURFACE_STYLE_FILL_AREA ( #2874 ) ;
#2008 = VECTOR ( 'NONE', #11, 1000.000000000000000 ) ;
#2009 = EDGE_CURVE ( 'NONE', #1256, #1886, #1009, .T. ) ;
#2010 = VECTOR ( 'NONE', #1150, 1000.000000000000000 ) ;
#2011 = ORIENTED_EDGE ( 'NONE', *, *, #113, .F. ) ;
#2012 = DIRECTION ( 'NONE',  ( 1.000000000000000000, -9.243224568560364777E-50, 0.0000000000000000000 ) ) ;
#2013 = CONICAL_SURFACE ( 'NONE', #8, 1.399999999999998579, 0.7853981633974523868 ) ;
#2014 = PRODUCT_DEFINITION_SHAPE ( 'NONE', 'NONE',  #2907 ) ;
#2015 = CIRCLE ( 'NONE', #1076, 1.399999999999998579 ) ;
#2016 = ORIENTED_EDGE ( 'NONE', *, *, #1526, .T. ) ;
#2017 = FACE_OUTER_BOUND ( 'NONE', #1566, .T. ) ;
#2018 = AXIS2_PLACEMENT_3D ( 'NONE', #595, #1053, #1067 ) ;
#2019 = ORIENTED_EDGE ( 'NONE', *, *, #1960, .F. ) ;
#2020 = FACE_OUTER_BOUND ( 'NONE', #2589, .T. ) ;
#2021 = LINE ( 'NONE', #1569, #645 ) ;
#2022 = CARTESIAN_POINT ( 'NONE',  ( 35.50000000000000000, -12.49999999999999645, -0.7500000000000000000 ) ) ;
#2023 = EDGE_CURVE ( 'NONE', #1922, #1803, #995, .T. ) ;
#2024 = MECHANICAL_DESIGN_GEOMETRIC_PRESENTATION_REPRESENTATION (  '', ( #465 ), #1 ) ;
#2025 = CARTESIAN_POINT ( 'NONE',  ( 32.65000000000000568, -12.39999999999997904, -49.99999999999992184 ) ) ;
#2026 = LINE ( 'NONE', #2466, #794 ) ;
#2027 = PRODUCT_DEFINITION ( '未知', '', #2856, #839 ) ;
#2028 = ADVANCED_FACE ( 'NONE', ( #369 ), #1896, .F. ) ;
#2029 = ORIENTED_EDGE ( 'NONE', *, *, #2099, .T. ) ;
#2030 = PLANE ( 'NONE',  #2126 ) ;
#2031 = ORIENTED_EDGE ( 'NONE', *, *, #1144, .T. ) ;
#2032 = EDGE_CURVE ( 'NONE', #1649, #1285, #217, .T. ) ;
#2033 = FACE_OUTER_BOUND ( 'NONE', #444, .T. ) ;
#2034 = ORIENTED_EDGE ( 'NONE', *, *, #2705, .T. ) ;
#2035 = DIRECTION ( 'NONE',  ( -0.0000000000000000000, -0.0000000000000000000, 1.000000000000000000 ) ) ;
#2036 = DIRECTION ( 'NONE',  ( -1.000000000000000000, 0.0000000000000000000, 0.0000000000000000000 ) ) ;
#2037 = CARTESIAN_POINT ( 'NONE',  ( 30.77818973525856805, -3.827383073741520203, -49.99999999999992184 ) ) ;
#2038 = VERTEX_POINT ( 'NONE', #1371 ) ;
#2039 = EDGE_CURVE ( 'NONE', #32, #2118, #2002, .T. ) ;
#2040 = LINE ( 'NONE', #14, #1301 ) ;
#2041 = CARTESIAN_POINT ( 'NONE',  ( 34.50000000000000000, -9.000000000000003553, 0.7500000000000000000 ) ) ;
#2042 = ORIENTED_EDGE ( 'NONE', *, *, #2278, .T. ) ;
#2043 = DIRECTION ( 'NONE',  ( -0.0000000000000000000, -6.842277657836029970E-49, -1.000000000000000000 ) ) ;
#2044 = DIRECTION ( 'NONE',  ( 1.000000000000000000, 0.0000000000000000000, 0.0000000000000000000 ) ) ;
#2045 = ORIENTED_EDGE ( 'NONE', *, *, #834, .F. ) ;
#2046 = EDGE_CURVE ( 'NONE', #2516, #2436, #2693, .T. ) ;
#2047 = DIRECTION ( 'NONE',  ( -0.0000000000000000000, -6.842277657836029970E-49, -1.000000000000000000 ) ) ;
#2048 = PLANE ( 'NONE',  #2223 ) ;
#2049 = DIRECTION ( 'NONE',  ( 0.0000000000000000000, 0.0000000000000000000, 1.000000000000000000 ) ) ;
#2050 = ADVANCED_FACE ( 'NONE', ( #413 ), #906, .T. ) ;
#2051 = ORIENTED_EDGE ( 'NONE', *, *, #716, .F. ) ;
#2052 = FACE_OUTER_BOUND ( 'NONE', #1070, .T. ) ;
#2053 = EDGE_CURVE ( 'NONE', #1982, #1880, #1352, .T. ) ;
#2054 = CIRCLE ( 'NONE', #1246, 1.000000000000000888 ) ;
#2055 = DIRECTION ( 'NONE',  ( 1.000000000000000000, -2.023844055306263794E-14, 0.0000000000000000000 ) ) ;
#2056 = PLANE ( 'NONE',  #1539 ) ;
#2057 = ORIENTED_EDGE ( 'NONE', *, *, #1842, .F. ) ;
#2058 = EDGE_CURVE ( 'NONE', #1582, #1037, #1986, .T. ) ;
#2059 = DIRECTION ( 'NONE',  ( 5.337610695313260259E-16, 1.000000000000000000, 6.842277657836030578E-48 ) ) ;
#2060 = CIRCLE ( 'NONE', #1162, 1.000000000000000888 ) ;
#2061 = ORIENTED_EDGE ( 'NONE', *, *, #882, .F. ) ;
#2062 = AXIS2_PLACEMENT_3D ( 'NONE', #947, #961, #2750 ) ;
#2063 = ORIENTED_EDGE ( 'NONE', *, *, #2098, .F. ) ;
#2064 = CARTESIAN_POINT ( 'NONE',  ( -32.00000000000000711, -9.000000000000001776, -0.3500000000000009215 ) ) ;
#2065 = VECTOR ( 'NONE', #1787, 1000.000000000000000 ) ;
#2066 = DIRECTION ( 'NONE',  ( 1.000000000000000000, 0.0000000000000000000, 0.0000000000000000000 ) ) ;
#2067 = VECTOR ( 'NONE', #726, 1000.000000000000000 ) ;
#2068 = CARTESIAN_POINT ( 'NONE',  ( 32.20000000000003126, -7.799999999999993605, 50.00000000000000000 ) ) ;
#2069 = AXIS2_PLACEMENT_3D ( 'NONE', #2893, #1531, #1342 ) ;
#2070 = EDGE_LOOP ( 'NONE', ( #2472, #2337, #1834, #2732 ) ) ;
#2071 = SURFACE_SIDE_STYLE ('',( #1605 ) ) ;
#2072 = CARTESIAN_POINT ( 'NONE',  ( 34.85000000000001563, -12.99999999999997691, -49.99999999999992184 ) ) ;
#2073 = DIRECTION ( 'NONE',  ( 0.0000000000000000000, 0.0000000000000000000, 1.000000000000000000 ) ) ;
#2074 = DIRECTION ( 'NONE',  ( 1.000000000000000000, 0.0000000000000000000, 0.0000000000000000000 ) ) ;
#2075 = ORIENTED_EDGE ( 'NONE', *, *, #2668, .F. ) ;
#2076 = ADVANCED_FACE ( 'NONE', ( #2703 ), #2473, .F. ) ;
#2077 = PLANE ( 'NONE',  #2637 ) ;
#2078 = ORIENTED_EDGE ( 'NONE', *, *, #2193, .T. ) ;
#2079 = CYLINDRICAL_SURFACE ( 'NONE', #2201, 0.3000000000000016542 ) ;
#2080 = AXIS2_PLACEMENT_3D ( 'NONE', #2704, #258, #38 ) ;
#2081 = CARTESIAN_POINT ( 'NONE',  ( -31.99999999999995381, -3.499999999999999556, 50.00000000000000000 ) ) ;
#2082 = CARTESIAN_POINT ( 'NONE',  ( -31.48490672137401702, -5.422354286469238005, 50.00000000000000000 ) ) ;
#2083 = ORIENTED_EDGE ( 'NONE', *, *, #1313, .T. ) ;
#2084 = DIRECTION ( 'NONE',  ( 2.775557561562891043E-17, -4.870966573323409795E-33, 0.9999999999999998890 ) ) ;
#2085 = DIRECTION ( 'NONE',  ( 0.0000000000000000000, -6.842277657836029970E-49, -1.000000000000000000 ) ) ;
#2086 = APPLICATION_CONTEXT ( 'automotive_design' ) ;
#2087 = ORIENTED_EDGE ( 'NONE', *, *, #577, .F. ) ;
#2088 = CARTESIAN_POINT ( 'NONE',  ( 33.34999999999999432, -12.99999999999997691, -49.99999999999992184 ) ) ;
#2089 = VERTEX_POINT ( 'NONE', #202 ) ;
#2090 = ORIENTED_EDGE ( 'NONE', *, *, #2467, .T. ) ;
#2091 = ADVANCED_FACE ( 'NONE', ( #1148 ), #457, .T. ) ;
#2092 = CARTESIAN_POINT ( 'NONE',  ( -33.40000000000000568, -9.000000000000001776, -0.7500000000000000000 ) ) ;
#2093 = CARTESIAN_POINT ( 'NONE',  ( 31.99999999999999289, 9.000000000000003553, 0.7500000000000000000 ) ) ;
#2094 = CARTESIAN_POINT ( 'NONE',  ( 31.47468446926083274, -5.499999999999993783, 50.00000000000000000 ) ) ;
#2095 = ORIENTED_EDGE ( 'NONE', *, *, #2099, .F. ) ;
#2096 = FILL_AREA_STYLE_COLOUR ( '', #1731 ) ;
#2097 = DIRECTION ( 'NONE',  ( 0.0000000000000000000, -6.842277657836029970E-49, -1.000000000000000000 ) ) ;
#2098 = EDGE_CURVE ( 'NONE', #1427, #1685, #183, .T. ) ;
#2099 = EDGE_CURVE ( 'NONE', #214, #1427, #1746, .T. ) ;
#2100 = EDGE_LOOP ( 'NONE', ( #1196, #1594, #2480, #36 ) ) ;
#2101 = CARTESIAN_POINT ( 'NONE',  ( 33.65000000000003411, -9.099999999999981881, 50.00000000000000000 ) ) ;
#2102 = CARTESIAN_POINT ( 'NONE',  ( 31.77468446926083701, -5.499999999999993783, 50.00000000000000000 ) ) ;
#2103 = ORIENTED_EDGE ( 'NONE', *, *, #752, .F. ) ;
#2104 = EDGE_LOOP ( 'NONE', ( #946, #2820, #2721, #370 ) ) ;
#2105 = DIRECTION ( 'NONE',  ( -0.0000000000000000000, -0.0000000000000000000, 1.000000000000000000 ) ) ;
#2106 = FACE_OUTER_BOUND ( 'NONE', #1700, .T. ) ;
#2107 = VECTOR ( 'NONE', #1429, 1000.000000000000000 ) ;
#2108 = DIRECTION ( 'NONE',  ( 9.243224568560359079E-50, -1.000000000000000000, -2.736911063134411988E-48 ) ) ;
#2109 = AXIS2_PLACEMENT_3D ( 'NONE', #1379, #2280, #262 ) ;
#2110 =( GEOMETRIC_REPRESENTATION_CONTEXT ( 3 ) GLOBAL_UNCERTAINTY_ASSIGNED_CONTEXT ( ( #435 ) ) GLOBAL_UNIT_ASSIGNED_CONTEXT ( ( #29, #1574, #2464 ) ) REPRESENTATION_CONTEXT ( 'NONE', 'WORKASPACE' ) );
#2111 = ORIENTED_EDGE ( 'NONE', *, *, #221, .F. ) ;
#2112 = CONTEXT_DEPENDENT_SHAPE_REPRESENTATION ( #1130, #2014 ) ;
#2113 = EDGE_CURVE ( 'NONE', #355, #1675, #2459, .T. ) ;
#2114 = CARTESIAN_POINT ( 'NONE',  ( -31.00041847825214703, -3.528927173734467182, -49.99999999999992184 ) ) ;
#2115 = ORIENTED_EDGE ( 'NONE', *, *, #1204, .T. ) ;
#2116 = AXIS2_PLACEMENT_3D ( 'NONE', #2130, #594, #800 ) ;
#2117 = CARTESIAN_POINT ( 'NONE',  ( -30.60000000000000853, -9.000000000000001776, -0.7500000000000000000 ) ) ;
#2118 = VERTEX_POINT ( 'NONE', #478 ) ;
#2119 = AXIS2_PLACEMENT_3D ( 'NONE', #2889, #2157, #362 ) ;
#2120 = FACE_OUTER_BOUND ( 'NONE', #1351, .T. ) ;
#2121 = ORIENTED_EDGE ( 'NONE', *, *, #2372, .T. ) ;
#2122 = EDGE_LOOP ( 'NONE', ( #1910, #1384, #2683, #1027 ) ) ;
#2123 = CARTESIAN_POINT ( 'NONE',  ( -32.00000000000000711, 8.999999999999998224, -0.3500000000000011435 ) ) ;
#2124 = DIRECTION ( 'NONE',  ( -1.000000000000000000, 5.337610695313261245E-16, 1.295425283264166694E-77 ) ) ;
#2125 = ORIENTED_EDGE ( 'NONE', *, *, #2807, .T. ) ;
#2126 = AXIS2_PLACEMENT_3D ( 'NONE', #1850, #703, #2747 ) ;
#2127 = CARTESIAN_POINT ( 'NONE',  ( -30.49999999999999289, -7.500000000000003553, -0.7500000000000000000 ) ) ;
#2128 = DIRECTION ( 'NONE',  ( 0.0000000000000000000, -6.842277657836029970E-49, -1.000000000000000000 ) ) ;
#2129 = ADVANCED_FACE ( 'NONE', ( #2020 ), #37, .T. ) ;
#2130 = CARTESIAN_POINT ( 'NONE',  ( -32.00000000000000711, -9.000000000000001776, -0.7500000000000000000 ) ) ;
#2131 = DIRECTION ( 'NONE',  ( 1.000000000000000000, 0.0000000000000000000, 0.0000000000000000000 ) ) ;
#2132 = VERTEX_POINT ( 'NONE', #1541 ) ;
#2133 = VERTEX_POINT ( 'NONE', #431 ) ;
#2134 = ORIENTED_EDGE ( 'NONE', *, *, #2359, .T. ) ;
#2135 = EDGE_LOOP ( 'NONE', ( #1775, #315, #917, #1257 ) ) ;
#2136 = LINE ( 'NONE', #809, #2216 ) ;
#2137 = CONICAL_SURFACE ( 'NONE', #858, 1.399999999999998579, 0.7853981633974524978 ) ;
#2138 = AXIS2_PLACEMENT_3D ( 'NONE', #1244, #2806, #1687 ) ;
#2139 = ORIENTED_EDGE ( 'NONE', *, *, #46, .F. ) ;
#2140 = DIRECTION ( 'NONE',  ( -1.156482317317876655E-14, -1.000000000000000000, 0.0000000000000000000 ) ) ;
#2141 = DIRECTION ( 'NONE',  ( 1.000000000000000000, 0.0000000000000000000, 0.0000000000000000000 ) ) ;
#2142 = ORIENTED_EDGE ( 'NONE', *, *, #84, .F. ) ;
#2143 = CARTESIAN_POINT ( 'NONE',  ( 35.50000000000000000, 7.500000000000003553, -0.7500000000000000000 ) ) ;
#2144 = DIRECTION ( 'NONE',  ( -1.000000000000000000, 0.0000000000000000000, 0.0000000000000000000 ) ) ;
#2145 = EDGE_CURVE ( 'NONE', #2812, #2265, #2231, .T. ) ;
#2146 = DIRECTION ( 'NONE',  ( 0.0000000000000000000, -6.842277657836029970E-49, -1.000000000000000000 ) ) ;
#2147 = EDGE_LOOP ( 'NONE', ( #486, #1819, #1604, #2051 ) ) ;
#2148 = ADVANCED_FACE ( 'NONE', ( #2502 ), #740, .F. ) ;
#2149 = EDGE_LOOP ( 'NONE', ( #373, #138, #110, #554 ) ) ;
#2150 = ORIENTED_EDGE ( 'NONE', *, *, #2359, .F. ) ;
#2151 = CIRCLE ( 'NONE', #2177, 1.000000000000000888 ) ;
#2152 = LINE ( 'NONE', #1688, #2629 ) ;
#2153 = VECTOR ( 'NONE', #637, 1000.000000000000000 ) ;
#2154 = CARTESIAN_POINT ( 'NONE',  ( -33.64999999999999147, -12.54999999999997762, -49.99999999999992184 ) ) ;
#2155 = ADVANCED_FACE ( 'NONE', ( #753 ), #43, .F. ) ;
#2156 = VECTOR ( 'NONE', #2475, 1000.000000000000000 ) ;
#2157 = DIRECTION ( 'NONE',  ( 9.243224568560360978E-50, -1.000000000000000000, 6.842277657836029970E-49 ) ) ;
#2158 = CONTEXT_DEPENDENT_SHAPE_REPRESENTATION ( #79, #442 ) ;
#2159 = DIRECTION ( 'NONE',  ( 1.000000000000000000, 1.051347561198063430E-15, 0.0000000000000000000 ) ) ;
#2160 = ORIENTED_EDGE ( 'NONE', *, *, #1971, .F. ) ;
#2161 = AXIS2_PLACEMENT_3D ( 'NONE', #396, #2179, #1722 ) ;
#2162 = CARTESIAN_POINT ( 'NONE',  ( 30.30000000000001137, -3.644930773009877889, 50.00000000000000000 ) ) ;
#2163 = EDGE_CURVE ( 'NONE', #1101, #1555, #312, .T. ) ;
#2164 = AXIS2_PLACEMENT_3D ( 'NONE', #143, #1033, #2386 ) ;
#2165 = DIRECTION ( 'NONE',  ( 0.2588190451025213501, 0.9659258262890682012, 0.0000000000000000000 ) ) ;
#2166 = VECTOR ( 'NONE', #527, 1000.000000000000227 ) ;
#2167 = ORIENTED_EDGE ( 'NONE', *, *, #1265, .T. ) ;
#2168 = ADVANCED_BREP_SHAPE_REPRESENTATION ( '', ( #2504, #1871 ), #2110 ) ;
#2169 = VECTOR ( 'NONE', #2176, 1000.000000000000000 ) ;
#2170 = ORIENTED_EDGE ( 'NONE', *, *, #1706, .F. ) ;
#2171 = DIRECTION ( 'NONE',  ( 0.0000000000000000000, 6.842277657836029970E-49, 1.000000000000000000 ) ) ;
#2172 = EDGE_CURVE ( 'NONE', #501, #1643, #1205, .T. ) ;
#2173 = LINE ( 'NONE', #2849, #434 ) ;
#2174 = CARTESIAN_POINT ( 'NONE',  ( 30.59999999999999787, -9.000000000000003553, -0.7500000000000000000 ) ) ;
#2175 = DIRECTION ( 'NONE',  ( -0.0000000000000000000, 0.0000000000000000000, -1.000000000000000000 ) ) ;
#2176 = DIRECTION ( 'NONE',  ( 0.0000000000000000000, -6.842277657836029970E-49, -1.000000000000000000 ) ) ;
#2177 = AXIS2_PLACEMENT_3D ( 'NONE', #1355, #247, #1136 ) ;
#2178 = DIRECTION ( 'NONE',  ( 0.0000000000000000000, -6.842277657836029970E-49, -1.000000000000000000 ) ) ;
#2179 = DIRECTION ( 'NONE',  ( -9.243224568560360978E-50, 1.000000000000000000, -6.842277657836029970E-49 ) ) ;
#2180 = ORIENTED_EDGE ( 'NONE', *, *, #167, .T. ) ;
#2181 = DIRECTION ( 'NONE',  ( -9.243224568560360978E-50, 1.000000000000000000, -6.842277657836029970E-49 ) ) ;
#2182 = FACE_OUTER_BOUND ( 'NONE', #1299, .T. ) ;
#2183 = APPLICATION_CONTEXT ( 'automotive_design' ) ;
#2184 = EDGE_CURVE ( 'NONE', #680, #1945, #54, .T. ) ;
#2185 = EDGE_LOOP ( 'NONE', ( #536, #2751, #81, #651 ) ) ;
#2186 = LINE ( 'NONE', #1247, #1459 ) ;
#2187 = LINE ( 'NONE', #1486, #371 ) ;
#2188 = CARTESIAN_POINT ( 'NONE',  ( -32.19999999999995310, -7.799999999999993605, 50.00000000000000000 ) ) ;
#2189 = CARTESIAN_POINT ( 'NONE',  ( 30.49999999999998224, 0.0000000000000000000, 50.00000000000000000 ) ) ;
#2190 = FACE_OUTER_BOUND ( 'NONE', #1206, .T. ) ;
#2191 = LINE ( 'NONE', #179, #1239 ) ;
#2192 = ADVANCED_FACE ( 'NONE', ( #97 ), #2300, .T. ) ;
#2193 = EDGE_CURVE ( 'NONE', #747, #1985, #983, .T. ) ;
#2194 = EDGE_LOOP ( 'NONE', ( #341, #2442, #751, #1755 ) ) ;
#2195 = LINE ( 'NONE', #1711, #497 ) ;
#2196 = LINE ( 'NONE', #2228, #603 ) ;
#2197 = ORIENTED_EDGE ( 'NONE', *, *, #760, .T. ) ;
#2198 = ORIENTED_EDGE ( 'NONE', *, *, #969, .F. ) ;
#2199 = DIRECTION ( 'NONE',  ( 1.000000000000000000, 0.0000000000000000000, 0.0000000000000000000 ) ) ;
#2200 = CARTESIAN_POINT ( 'NONE',  ( 30.59999999999999787, -9.000000000000003553, -0.3500000000000039746 ) ) ;
#2201 = AXIS2_PLACEMENT_3D ( 'NONE', #68, #1854, #124 ) ;
#2202 = CARTESIAN_POINT ( 'NONE',  ( 31.00041847825216124, -3.528927173734458300, -49.99999999999992184 ) ) ;
#2203 = EDGE_CURVE ( 'NONE', #2903, #1037, #2780, .T. ) ;
#2204 = DIRECTION ( 'NONE',  ( 1.000000000000000000, 0.0000000000000000000, 0.0000000000000000000 ) ) ;
#2205 = SHAPE_REPRESENTATION_RELATIONSHIP ( 'NONE' , 'NONE' ,  #1830, #2168 ) ;
#2206 = AXIS2_PLACEMENT_3D ( 'NONE', #1197, #92, #284 ) ;
#2207 = VECTOR ( 'NONE', #1708, 1000.000000000000000 ) ;
#2208 = VECTOR ( 'NONE', #649, 1000.000000000000000 ) ;
#2209 =( GEOMETRIC_REPRESENTATION_CONTEXT ( 3 ) GLOBAL_UNCERTAINTY_ASSIGNED_CONTEXT ( ( #2433 ) ) GLOBAL_UNIT_ASSIGNED_CONTEXT ( ( #1083, #223, #2890 ) ) REPRESENTATION_CONTEXT ( 'NONE', 'WORKASPACE' ) );
#2210 = ORIENTED_EDGE ( 'NONE', *, *, #950, .F. ) ;
#2211 = CARTESIAN_POINT ( 'NONE',  ( 34.65000000000005542, -12.99999999999997691, 50.00000000000000000 ) ) ;
#2212 = ORIENTED_EDGE ( 'NONE', *, *, #1031, .T. ) ;
#2213 = LINE ( 'NONE', #1348, #1369 ) ;
#2214 = EDGE_CURVE ( 'NONE', #544, #1582, #1959, .T. ) ;
#2215 = ORIENTED_EDGE ( 'NONE', *, *, #1570, .F. ) ;
#2216 = VECTOR ( 'NONE', #1219, 1000.000000000000000 ) ;
#2217 = CARTESIAN_POINT ( 'NONE',  ( -35.49999999999994316, -4.999999999999997335, 50.00000000000000000 ) ) ;
#2218 = FACE_OUTER_BOUND ( 'NONE', #873, .T. ) ;
#2219 = CARTESIAN_POINT ( 'NONE',  ( 34.10000000000004405, -12.39999999999997904, 50.00000000000000000 ) ) ;
#2220 = ORIENTED_EDGE ( 'NONE', *, *, #2668, .T. ) ;
#2221 = DIRECTION ( 'NONE',  ( 1.000000000000000000, 0.0000000000000000000, 0.0000000000000000000 ) ) ;
#2222 = EDGE_CURVE ( 'NONE', #7, #1480, #918, .T. ) ;
#2223 = AXIS2_PLACEMENT_3D ( 'NONE', #2724, #2329, #1629 ) ;
#2224 = VECTOR ( 'NONE', #225, 1000.000000000000000 ) ;
#2225 = ORIENTED_EDGE ( 'NONE', *, *, #164, .F. ) ;
#2226 = CARTESIAN_POINT ( 'NONE',  ( 32.00000000000000711, -3.499999999999992895, -49.99999999999992184 ) ) ;
#2227 = EDGE_LOOP ( 'NONE', ( #1380, #1367, #1179, #398 ) ) ;
#2228 = CARTESIAN_POINT ( 'NONE',  ( 33.39999999999999147, 9.000000000000003553, -0.7500000000000000000 ) ) ;
#2229 = ORIENTED_EDGE ( 'NONE', *, *, #1047, .T. ) ;
#2230 = EDGE_LOOP ( 'NONE', ( #901, #598, #2507, #131 ) ) ;
#2231 = LINE ( 'NONE', #1108, #2008 ) ;
#2232 = PRODUCT ( 'K48-100', 'K48-100', '', ( #2535 ) ) ;
#2233 = DIRECTION ( 'NONE',  ( 1.156482317317876655E-14, -1.000000000000000000, 0.0000000000000000000 ) ) ;
#2234 = FACE_OUTER_BOUND ( 'NONE', #1914, .T. ) ;
#2235 = CARTESIAN_POINT ( 'NONE',  ( 34.65000000000000568, -12.39999999999997904, -49.99999999999992184 ) ) ;
#2236 = ORIENTED_EDGE ( 'NONE', *, *, #2738, .F. ) ;
#2237 = DIRECTION ( 'NONE',  ( 1.000000000000000000, 0.0000000000000000000, 0.0000000000000000000 ) ) ;
#2238 = AXIS2_PLACEMENT_3D ( 'NONE', #2863, #195, #1756 ) ;
#2239 = ORIENTED_EDGE ( 'NONE', *, *, #275, .T. ) ;
#2240 = DIRECTION ( 'NONE',  ( 1.000000000000000000, 1.416690838714384719E-13, 0.0000000000000000000 ) ) ;
#2241 = ORIENTED_EDGE ( 'NONE', *, *, #1414, .T. ) ;
#2242 = EDGE_CURVE ( 'NONE', #1340, #1101, #1438, .T. ) ;
#2243 = CARTESIAN_POINT ( 'NONE',  ( -31.77468446926073753, -5.499999999999993783, 50.00000000000000000 ) ) ;
#2244 = ORIENTED_EDGE ( 'NONE', *, *, #704, .T. ) ;
#2245 = CARTESIAN_POINT ( 'NONE',  ( 31.77468446926083701, -5.799999999999993605, 50.00000000000000000 ) ) ;
#2246 = CARTESIAN_POINT ( 'NONE',  ( 32.00000000000000711, -3.499999999999992895, -49.99999999999992184 ) ) ;
#2247 = DIRECTION ( 'NONE',  ( -1.000000000000000000, 0.0000000000000000000, 0.0000000000000000000 ) ) ;
#2248 = PRODUCT_RELATED_PRODUCT_CATEGORY ( 'part', '', ( #2232 ) ) ;
#2249 = VERTEX_POINT ( 'NONE', #724 ) ;
#2250 = AXIS2_PLACEMENT_3D ( 'NONE', #2004, #881, #1784 ) ;
#2251 = AXIS2_PLACEMENT_3D ( 'NONE', #2437, #1310, #2221 ) ;
#2252 = EDGE_LOOP ( 'NONE', ( #1151, #2552, #1469, #1757 ) ) ;
#2253 = CARTESIAN_POINT ( 'NONE',  ( 30.37764571353076448, -3.934708520896598838, -49.99999999999992184 ) ) ;
#2254 = CIRCLE ( 'NONE', #985, 0.4499999999999990119 ) ;
#2255 = VECTOR ( 'NONE', #2838, 1000.000000000000000 ) ;
#2256 =( GEOMETRIC_REPRESENTATION_CONTEXT ( 3 ) GLOBAL_UNCERTAINTY_ASSIGNED_CONTEXT ( ( #2606 ) ) GLOBAL_UNIT_ASSIGNED_CONTEXT ( ( #1129, #2477, #1140 ) ) REPRESENTATION_CONTEXT ( 'NONE', 'WORKASPACE' ) );
#2257 = ORIENTED_EDGE ( 'NONE', *, *, #1330, .F. ) ;
#2258 = CARTESIAN_POINT ( 'NONE',  ( -32.00000000000000711, 8.999999999999998224, -0.7500000000000000000 ) ) ;
#2259 = ORIENTED_EDGE ( 'NONE', *, *, #2406, .F. ) ;
#2260 = EDGE_CURVE ( 'NONE', #1880, #666, #2759, .T. ) ;
#2261 = CARTESIAN_POINT ( 'NONE',  ( 32.65000000000000568, -12.39999999999997904, -49.99999999999992184 ) ) ;
#2262 = CARTESIAN_POINT ( 'NONE',  ( -32.00000000000000711, -9.000000000000001776, -0.3500000000000009215 ) ) ;
#2263 = VECTOR ( 'NONE', #2842, 1000.000000000000000 ) ;
#2264 = CIRCLE ( 'NONE', #988, 2.500000000000009326 ) ;
#2265 = VERTEX_POINT ( 'NONE', #709 ) ;
#2266 = FILL_AREA_STYLE_COLOUR ( '', #880 ) ;
#2267 = CYLINDRICAL_SURFACE ( 'NONE', #1363, 1.000000000000000888 ) ;
#2268 = ORIENTED_EDGE ( 'NONE', *, *, #1620, .F. ) ;
#2269 = DIRECTION ( 'NONE',  ( 0.2588190451025166317, 0.9659258262890694224, 0.0000000000000000000 ) ) ;
#2270 = CIRCLE ( 'NONE', #1695, 0.3000000000000016542 ) ;
#2271 = FACE_OUTER_BOUND ( 'NONE', #1800, .T. ) ;
#2272 = EDGE_LOOP ( 'NONE', ( #2815, #1010, #1792, #2895 ) ) ;
#2273 = DIRECTION ( 'NONE',  ( 0.0000000000000000000, -6.842277657836029970E-49, -1.000000000000000000 ) ) ;
#2274 = CARTESIAN_POINT ( 'NONE',  ( -30.70054402172779717, -3.537605325854807692, -49.99999999999992184 ) ) ;
#2275 = ADVANCED_FACE ( 'NONE', ( #286 ), #2079, .T. ) ;
#2276 = CARTESIAN_POINT ( 'NONE',  ( 32.19999999999999574, -7.799999999999993605, -49.99999999999992184 ) ) ;
#2277 = ORIENTED_EDGE ( 'NONE', *, *, #1749, .T. ) ;
#2278 = EDGE_CURVE ( 'NONE', #1315, #707, #2841, .T. ) ;
#2279 = DIRECTION ( 'NONE',  ( 0.0000000000000000000, -6.842277657836029970E-49, -1.000000000000000000 ) ) ;
#2280 = DIRECTION ( 'NONE',  ( 0.0000000000000000000, 6.842277657836029970E-49, 1.000000000000000000 ) ) ;
#2281 = EDGE_LOOP ( 'NONE', ( #926, #2803, #657, #356 ) ) ;
#2282 = CARTESIAN_POINT ( 'NONE',  ( 31.00041847825216479, -3.528927173734458300, 50.00000000000000000 ) ) ;
#2283 = EDGE_CURVE ( 'NONE', #2427, #996, #1264, .T. ) ;
#2284 = ORIENTED_EDGE ( 'NONE', *, *, #1104, .F. ) ;
#2285 = VERTEX_POINT ( 'NONE', #2377 ) ;
#2286 = DIRECTION ( 'NONE',  ( 1.000000000000000000, 0.0000000000000000000, 0.0000000000000000000 ) ) ;
#2287 = DIRECTION ( 'NONE',  ( 0.0000000000000000000, 6.842277657836029970E-49, 1.000000000000000000 ) ) ;
#2288 = CARTESIAN_POINT ( 'NONE',  ( 32.00000000000004974, -3.499999999999992895, 50.00000000000000000 ) ) ;
#2289 = VERTEX_POINT ( 'NONE', #1279 ) ;
#2290 = AXIS2_PLACEMENT_3D ( 'NONE', #26, #879, #2884 ) ;
#2291 = ADVANCED_FACE ( 'NONE', ( #1004 ), #768, .F. ) ;
#2292 = CYLINDRICAL_SURFACE ( 'NONE', #152, 0.3000000000000016542 ) ;
#2293 = VERTEX_POINT ( 'NONE', #592 ) ;
#2294 = CARTESIAN_POINT ( 'NONE',  ( -33.64999999999999147, -7.599999999999994316, -49.99999999999992184 ) ) ;
#2295 = VECTOR ( 'NONE', #393, 1000.000000000000114 ) ;
#2296 = ORIENTED_EDGE ( 'NONE', *, *, #20, .T. ) ;
#2297 = CARTESIAN_POINT ( 'NONE',  ( -35.49999999999994316, 0.0000000000000000000, 50.00000000000000000 ) ) ;
#2298 = AXIS2_PLACEMENT_3D ( 'NONE', #510, #2084, #2743 ) ;
#2299 = ORIENTED_EDGE ( 'NONE', *, *, #2730, .T. ) ;
#2300 = CYLINDRICAL_SURFACE ( 'NONE', #1578, 5.000000000000000888 ) ;
#2301 = CIRCLE ( 'NONE', #2164, 1.399999999999998579 ) ;
#2302 = CARTESIAN_POINT ( 'NONE',  ( 0.0000000000000000000, 0.0000000000000000000, -0.7500000000000000000 ) ) ;
#2303 = CIRCLE ( 'NONE', #2532, 1.449999999999999956 ) ;
#2304 = DIRECTION ( 'NONE',  ( 1.000000000000000000, 0.0000000000000000000, 0.0000000000000000000 ) ) ;
#2305 = ORIENTED_EDGE ( 'NONE', *, *, #2260, .T. ) ;
#2306 = CIRCLE ( 'NONE', #1785, 0.3000000000000016542 ) ;
#2307 = CARTESIAN_POINT ( 'NONE',  ( 0.0000000000000000000, 0.0000000000000000000, 0.0000000000000000000 ) ) ;
#2308 = CARTESIAN_POINT ( 'NONE',  ( -30.37764571353075027, -3.934708520896605499, -49.99999999999992184 ) ) ;
#2309 = CYLINDRICAL_SURFACE ( 'NONE', #282, 5.000000000000000888 ) ;
#2310 = ORIENTED_EDGE ( 'NONE', *, *, #1047, .F. ) ;
#2311 = FACE_OUTER_BOUND ( 'NONE', #1786, .T. ) ;
#2312 = ORIENTED_EDGE ( 'NONE', *, *, #582, .F. ) ;
#2313 = ORIENTED_EDGE ( 'NONE', *, *, #1913, .T. ) ;
#2314 = DIRECTION ( 'NONE',  ( 0.0000000000000000000, -6.842277657836029970E-49, -1.000000000000000000 ) ) ;
#2315 = AXIS2_PLACEMENT_3D ( 'NONE', #2274, #492, #2066 ) ;
#2316 = DIRECTION ( 'NONE',  ( 0.0000000000000000000, 0.0000000000000000000, 1.000000000000000000 ) ) ;
#2317 = CARTESIAN_POINT ( 'NONE',  ( -34.54999999999994742, -12.54999999999997762, 50.00000000000000000 ) ) ;
#2318 = EDGE_CURVE ( 'NONE', #7, #116, #133, .T. ) ;
#2319 = EDGE_CURVE ( 'NONE', #283, #1990, #1019, .T. ) ;
#2320 = EDGE_LOOP ( 'NONE', ( #2078, #1626, #1317, #256 ) ) ;
#2321 = DIRECTION ( 'NONE',  ( 1.000000000000000000, 0.0000000000000000000, 0.0000000000000000000 ) ) ;
#2322 = DIRECTION ( 'NONE',  ( 1.000000000000000000, 0.0000000000000000000, 0.0000000000000000000 ) ) ;
#2323 = FACE_OUTER_BOUND ( 'NONE', #933, .T. ) ;
#2324 = VERTEX_POINT ( 'NONE', #549 ) ;
#2325 = CYLINDRICAL_SURFACE ( 'NONE', #2206, 1.399999999999998579 ) ;
#2326 = ORIENTED_EDGE ( 'NONE', *, *, #2328, .T. ) ;
#2327 = ORIENTED_EDGE ( 'NONE', *, *, #1123, .T. ) ;
#2328 = EDGE_CURVE ( 'NONE', #2436, #1472, #1023, .T. ) ;
#2329 = DIRECTION ( 'NONE',  ( -1.000000000000000000, 0.0000000000000000000, 0.0000000000000000000 ) ) ;
#2330 = LINE ( 'NONE', #1809, #417 ) ;
#2331 = ORIENTED_EDGE ( 'NONE', *, *, #1815, .T. ) ;
#2332 = PRESENTATION_STYLE_ASSIGNMENT (( #1166 ) ) ;
#2333 = ORIENTED_EDGE ( 'NONE', *, *, #1055, .T. ) ;
#2334 = CONICAL_SURFACE ( 'NONE', #959, 1.399999999999998579, 0.7853981633974507215 ) ;
#2335 = FACE_OUTER_BOUND ( 'NONE', #2476, .T. ) ;
#2336 = EDGE_CURVE ( 'NONE', #1256, #1141, #2187, .T. ) ;
#2337 = ORIENTED_EDGE ( 'NONE', *, *, #2843, .F. ) ;
#2338 = CARTESIAN_POINT ( 'NONE',  ( -30.49999999999999289, 12.49999999999999289, 0.7500000000000000000 ) ) ;
#2339 = ORIENTED_EDGE ( 'NONE', *, *, #2506, .T. ) ;
#2340 = VECTOR ( 'NONE', #363, 1000.000000000000000 ) ;
#2341 = ORIENTED_EDGE ( 'NONE', *, *, #1895, .T. ) ;
#2342 = CARTESIAN_POINT ( 'NONE',  ( 34.65000000000005542, -12.79999999999997762, 50.00000000000000000 ) ) ;
#2343 = AXIS2_PLACEMENT_3D ( 'NONE', #433, #1307, #2247 ) ;
#2344 = VECTOR ( 'NONE', #1454, 1000.000000000000000 ) ;
#2345 = EDGE_CURVE ( 'NONE', #1990, #285, #2902, .T. ) ;
#2346 = AXIS2_PLACEMENT_3D ( 'NONE', #867, #2128, #318 ) ;
#2347 = ORIENTED_EDGE ( 'NONE', *, *, #1810, .F. ) ;
#2348 = DIRECTION ( 'NONE',  ( 0.0000000000000000000, -6.842277657836029970E-49, -1.000000000000000000 ) ) ;
#2349 = CARTESIAN_POINT ( 'NONE',  ( 33.35000000000003695, -12.99999999999997691, 50.00000000000000000 ) ) ;
#2350 = LINE ( 'NONE', #1228, #2207 ) ;
#2351 = AXIS2_PLACEMENT_3D ( 'NONE', #547, #2384, #359 ) ;
#2352 = ORIENTED_EDGE ( 'NONE', *, *, #2214, .F. ) ;
#2353 = AXIS2_PLACEMENT_3D ( 'NONE', #2840, #2360, #1503 ) ;
#2354 = DIRECTION ( 'NONE',  ( -9.243224568560359079E-50, 1.000000000000000000, 2.736911063134411988E-48 ) ) ;
#2355 = ORIENTED_EDGE ( 'NONE', *, *, #950, .T. ) ;
#2356 = ORIENTED_EDGE ( 'NONE', *, *, #2625, .T. ) ;
#2357 = DIRECTION ( 'NONE',  ( 0.0000000000000000000, 6.842277657836029970E-49, 1.000000000000000000 ) ) ;
#2358 = VERTEX_POINT ( 'NONE', #2390 ) ;
#2359 = EDGE_CURVE ( 'NONE', #2529, #1872, #1488, .T. ) ;
#2360 = DIRECTION ( 'NONE',  ( -1.000000000000000000, 9.243224568560366676E-50, -6.324470895182166803E-98 ) ) ;
#2361 = SHAPE_DEFINITION_REPRESENTATION ( #1328, #1830 ) ;
#2362 = VECTOR ( 'NONE', #2689, 1000.000000000000000 ) ;
#2363 = DIRECTION ( 'NONE',  ( 1.000000000000000000, 0.0000000000000000000, 0.0000000000000000000 ) ) ;
#2364 = CARTESIAN_POINT ( 'NONE',  ( -30.70054402172779717, -3.537605325854807692, -49.99999999999992184 ) ) ;
#2365 = EDGE_CURVE ( 'NONE', #2118, #263, #920, .T. ) ;
#2366 = DIRECTION ( 'NONE',  ( 0.0000000000000000000, -6.842277657836029970E-49, -1.000000000000000000 ) ) ;
#2367 = CARTESIAN_POINT ( 'NONE',  ( -33.40000000000000568, -9.000000000000001776, -0.3500000000000009215 ) ) ;
#2368 = EDGE_LOOP ( 'NONE', ( #1562, #2326 ) ) ;
#2369 = EDGE_CURVE ( 'NONE', #1699, #2561, #2663, .T. ) ;
#2370 = ORIENTED_EDGE ( 'NONE', *, *, #1770, .T. ) ;
#2371 = ORIENTED_EDGE ( 'NONE', *, *, #1617, .F. ) ;
#2372 = EDGE_CURVE ( 'NONE', #299, #1333, #174, .T. ) ;
#2373 = DIRECTION ( 'NONE',  ( 1.000000000000000000, 0.0000000000000000000, 0.0000000000000000000 ) ) ;
#2374 = EDGE_CURVE ( 'NONE', #260, #499, #2060, .T. ) ;
#2375 = PLANE ( 'NONE',  #2353 ) ;
#2376 = APPLICATION_PROTOCOL_DEFINITION ( 'draft international standard', 'automotive_design', 1998, #1372 ) ;
#2377 = CARTESIAN_POINT ( 'NONE',  ( 32.65000000000004832, -12.39999999999997904, 50.00000000000000000 ) ) ;
#2378 = VERTEX_POINT ( 'NONE', #1677 ) ;
#2379 = DIRECTION ( 'NONE',  ( -0.0000000000000000000, 6.842277657836029970E-49, 1.000000000000000000 ) ) ;
#2380 = DIRECTION ( 'NONE',  ( -0.0000000000000000000, 6.842277657836029970E-49, 1.000000000000000000 ) ) ;
#2381 = EDGE_CURVE ( 'NONE', #216, #212, #1532, .T. ) ;
#2382 = ORIENTED_EDGE ( 'NONE', *, *, #2886, .T. ) ;
#2383 = VERTEX_POINT ( 'NONE', #1906 ) ;
#2384 = DIRECTION ( 'NONE',  ( 0.0000000000000000000, -6.842277657836029970E-49, -1.000000000000000000 ) ) ;
#2385 = AXIS2_PLACEMENT_3D ( 'NONE', #861, #1760, #652 ) ;
#2386 = DIRECTION ( 'NONE',  ( 1.000000000000000000, 0.0000000000000000000, 0.0000000000000000000 ) ) ;
#2387 = CIRCLE ( 'NONE', #1349, 0.1999999999999987899 ) ;
#2388 = CARTESIAN_POINT ( 'NONE',  ( 33.55000000000004690, -12.39999999999997904, 50.00000000000000000 ) ) ;
#2389 = CONICAL_SURFACE ( 'NONE', #1445, 1.399999999999998579, 0.7853981633974523868 ) ;
#2390 = CARTESIAN_POINT ( 'NONE',  ( -32.19999999999995310, -9.099999999999983658, 50.00000000000000000 ) ) ;
#2391 = ORIENTED_EDGE ( 'NONE', *, *, #2039, .F. ) ;
#2392 = AXIS2_PLACEMENT_3D ( 'NONE', #382, #1268, #567 ) ;
#2393 = VECTOR ( 'NONE', #615, 1000.000000000000000 ) ;
#2394 = LINE ( 'NONE', #1489, #2169 ) ;
#2395 = LINE ( 'NONE', #178, #236 ) ;
#2396 = VECTOR ( 'NONE', #99, 1000.000000000000000 ) ;
#2397 = EDGE_CURVE ( 'NONE', #1155, #216, #1050, .T. ) ;
#2398 = VERTEX_POINT ( 'NONE', #1958 ) ;
#2399 = CARTESIAN_POINT ( 'NONE',  ( 30.49999999999999645, 7.500000000000003553, 0.7500000000000000000 ) ) ;
#2400 = CARTESIAN_POINT ( 'NONE',  ( -30.60000000000000853, -9.000000000000001776, -0.7500000000000000000 ) ) ;
#2401 = LINE ( 'NONE', #1714, #144 ) ;
#2402 = ORIENTED_EDGE ( 'NONE', *, *, #279, .T. ) ;
#2403 = LINE ( 'NONE', #1948, #844 ) ;
#2404 = DIRECTION ( 'NONE',  ( 1.000000000000000000, 0.0000000000000000000, 0.0000000000000000000 ) ) ;
#2405 = EDGE_CURVE ( 'NONE', #1139, #140, #2387, .T. ) ;
#2406 = EDGE_CURVE ( 'NONE', #1915, #530, #2618, .T. ) ;
#2407 = EDGE_CURVE ( 'NONE', #1616, #1426, #2712, .T. ) ;
#2408 = CARTESIAN_POINT ( 'NONE',  ( -31.47468446926073682, -5.499999999999993783, 50.00000000000000000 ) ) ;
#2409 = CIRCLE ( 'NONE', #2545, 1.399999999999995026 ) ;
#2410 = LINE ( 'NONE', #2557, #972 ) ;
#2411 = CARTESIAN_POINT ( 'NONE',  ( -31.99999999999999289, -3.499999999999999556, -49.99999999999992184 ) ) ;
#2412 = FACE_OUTER_BOUND ( 'NONE', #2790, .T. ) ;
#2413 = VERTEX_POINT ( 'NONE', #1110 ) ;
#2414 = DIRECTION ( 'NONE',  ( -0.0000000000000000000, 6.842277657836029970E-49, 1.000000000000000000 ) ) ;
#2415 = DIRECTION ( 'NONE',  ( 0.0000000000000000000, -6.842277657836029970E-49, -1.000000000000000000 ) ) ;
#2416 = ORIENTED_EDGE ( 'NONE', *, *, #237, .F. ) ;
#2417 = EDGE_CURVE ( 'NONE', #214, #53, #2419, .T. ) ;
#2418 = CARTESIAN_POINT ( 'NONE',  ( 31.99999999999999289, -8.899999999999984368, -49.99999999999992184 ) ) ;
#2419 = LINE ( 'NONE', #2450, #1071 ) ;
#2420 = DIRECTION ( 'NONE',  ( 0.0000000000000000000, 6.842277657836029970E-49, 1.000000000000000000 ) ) ;
#2421 = DIRECTION ( 'NONE',  ( 0.0000000000000000000, -0.0000000000000000000, 1.000000000000000000 ) ) ;
#2422 = CARTESIAN_POINT ( 'NONE',  ( 32.65000000000005542, -12.99999999999997691, 50.00000000000000000 ) ) ;
#2423 = ORIENTED_EDGE ( 'NONE', *, *, #2222, .F. ) ;
#2424 = DIRECTION ( 'NONE',  ( -1.000000000000000000, 0.0000000000000000000, 0.0000000000000000000 ) ) ;
#2425 = ORIENTED_EDGE ( 'NONE', *, *, #1533, .F. ) ;
#2426 = DIRECTION ( 'NONE',  ( 0.0000000000000000000, 0.0000000000000000000, 1.000000000000000000 ) ) ;
#2427 = VERTEX_POINT ( 'NONE', #2854 ) ;
#2428 = CIRCLE ( 'NONE', #1623, 5.000000000000000888 ) ;
#2429 = ORIENTED_EDGE ( 'NONE', *, *, #636, .T. ) ;
#2430 = DIRECTION ( 'NONE',  ( 1.000000000000000000, -9.243224568560364777E-50, 0.0000000000000000000 ) ) ;
#2431 = EDGE_CURVE ( 'NONE', #1945, #32, #90, .T. ) ;
#2432 = SURFACE_SIDE_STYLE ('',( #403 ) ) ;
#2433 = UNCERTAINTY_MEASURE_WITH_UNIT (LENGTH_MEASURE( 1.000000000000000082E-05 ), #1083, 'distance_accuracy_value', 'NONE');
#2434 = VECTOR ( 'NONE', #2739, 1000.000000000000000 ) ;
#2435 = FACE_OUTER_BOUND ( 'NONE', #1103, .T. ) ;
#2436 = VERTEX_POINT ( 'NONE', #1544 ) ;
#2437 = CARTESIAN_POINT ( 'NONE',  ( -32.00000000000000711, 8.999999999999998224, 0.7500000000000000000 ) ) ;
#2438 = CYLINDRICAL_SURFACE ( 'NONE', #1538, 1.399999999999998579 ) ;
#2439 = VECTOR ( 'NONE', #353, 1000.000000000000000 ) ;
#2440 = AXIS2_PLACEMENT_3D ( 'NONE', #1813, #1829, #2709 ) ;
#2441 = AXIS2_PLACEMENT_3D ( 'NONE', #1647, #2548, #533 ) ;
#2442 = ORIENTED_EDGE ( 'NONE', *, *, #716, .T. ) ;
#2443 = DIRECTION ( 'NONE',  ( 0.0000000000000000000, 0.0000000000000000000, 1.000000000000000000 ) ) ;
#2444 = AXIS2_PLACEMENT_3D ( 'NONE', #2687, #1561, #1994 ) ;
#2445 = ORIENTED_EDGE ( 'NONE', *, *, #1570, .T. ) ;
#2446 = DIRECTION ( 'NONE',  ( 0.0000000000000000000, 6.842277657836029970E-49, 1.000000000000000000 ) ) ;
#2447 = ORIENTED_EDGE ( 'NONE', *, *, #2547, .T. ) ;
#2448 = DIRECTION ( 'NONE',  ( 0.0000000000000000000, -6.842277657836029970E-49, -1.000000000000000000 ) ) ;
#2449 = PLANE ( 'NONE',  #2801 ) ;
#2450 = CARTESIAN_POINT ( 'NONE',  ( -33.64999999999994884, -7.599999999999994316, 50.00000000000000000 ) ) ;
#2451 = CARTESIAN_POINT ( 'NONE',  ( 31.96239467414525137, -4.799455978272190393, 50.00000000000000000 ) ) ;
#2452 = ORIENTED_EDGE ( 'NONE', *, *, #2345, .F. ) ;
#2453 = ADVANCED_FACE ( 'NONE', ( #1356 ), #248, .T. ) ;
#2454 = LINE ( 'NONE', #15, #1993 ) ;
#2455 = ORIENTED_EDGE ( 'NONE', *, *, #1715, .F. ) ;
#2456 = DIRECTION ( 'NONE',  ( -0.0000000000000000000, -6.842277657836029970E-49, -1.000000000000000000 ) ) ;
#2457 = DIRECTION ( 'NONE',  ( 1.156482317317876655E-14, -1.000000000000000000, 0.0000000000000000000 ) ) ;
#2458 = EDGE_LOOP ( 'NONE', ( #1216, #1972, #1423, #860 ) ) ;
#2459 = LINE ( 'NONE', #1336, #139 ) ;
#2460 = PRODUCT_DEFINITION_SHAPE ( 'NONE', 'NONE',  #2904 ) ;
#2461 = CARTESIAN_POINT ( 'NONE',  ( 35.50000000000000000, -7.499999999999998224, 0.7500000000000000000 ) ) ;
#2462 = FACE_OUTER_BOUND ( 'NONE', #1042, .T. ) ;
#2463 = ORIENTED_EDGE ( 'NONE', *, *, #2318, .F. ) ;
#2464 =( NAMED_UNIT ( * ) SI_UNIT ( $, .STERADIAN. ) SOLID_ANGLE_UNIT ( ) );
#2465 = CARTESIAN_POINT ( 'NONE',  ( -29.99999999999998934, -3.644930773009886327, 50.00000000000000000 ) ) ;
#2466 = CARTESIAN_POINT ( 'NONE',  ( 34.65000000000005542, -12.79999999999997762, 50.00000000000000000 ) ) ;
#2467 = EDGE_CURVE ( 'NONE', #1335, #1903, #2681, .T. ) ;
#2468 = ORIENTED_EDGE ( 'NONE', *, *, #1407, .F. ) ;
#2469 = DIRECTION ( 'NONE',  ( 1.000000000000000000, -9.243224568560366676E-50, 6.324470895182166803E-98 ) ) ;
#2470 = EDGE_LOOP ( 'NONE', ( #1087, #2236, #2563, #788 ) ) ;
#2471 = DIRECTION ( 'NONE',  ( 1.000000000000000000, -9.243224568560364777E-50, 0.0000000000000000000 ) ) ;
#2472 = ORIENTED_EDGE ( 'NONE', *, *, #834, .T. ) ;
#2473 = CYLINDRICAL_SURFACE ( 'NONE', #1401, 1.000000000000000888 ) ;
#2474 = CARTESIAN_POINT ( 'NONE',  ( 32.00000000000004974, -3.499999999999992895, 50.00000000000000000 ) ) ;
#2475 = DIRECTION ( 'NONE',  ( -0.0000000000000000000, 6.842277657836029970E-49, 1.000000000000000000 ) ) ;
#2476 = EDGE_LOOP ( 'NONE', ( #291, #2846, #1641, #1331 ) ) ;
#2477 =( NAMED_UNIT ( * ) PLANE_ANGLE_UNIT ( ) SI_UNIT ( $, .RADIAN. ) );
#2478 = AXIS2_PLACEMENT_3D ( 'NONE', #1888, #1645, #2286 ) ;
#2479 = CIRCLE ( 'NONE', #1207, 0.1999999999999987899 ) ;
#2480 = ORIENTED_EDGE ( 'NONE', *, *, #1291, .F. ) ;
#2481 = CARTESIAN_POINT ( 'NONE',  ( -32.19999999999995310, -7.599999999999994316, 50.00000000000000000 ) ) ;
#2482 = EDGE_CURVE ( 'NONE', #285, #2358, #1137, .T. ) ;
#2483 = VERTEX_POINT ( 'NONE', #838 ) ;
#2484 = DIRECTION ( 'NONE',  ( 0.0000000000000000000, -6.842277657836029970E-49, -1.000000000000000000 ) ) ;
#2485 = VERTEX_POINT ( 'NONE', #1799 ) ;
#2486 = CARTESIAN_POINT ( 'NONE',  ( -30.49999999999998224, -4.999999999999997335, 50.00000000000000000 ) ) ;
#2487 = FACE_OUTER_BOUND ( 'NONE', #10, .T. ) ;
#2488 = DIRECTION ( 'NONE',  ( -0.0000000000000000000, -6.842277657836029970E-49, -1.000000000000000000 ) ) ;
#2489 = AXIS2_PLACEMENT_3D ( 'NONE', #2647, #205, #864 ) ;
#2490 = VECTOR ( 'NONE', #2796, 1000.000000000000000 ) ;
#2491 = ORIENTED_EDGE ( 'NONE', *, *, #534, .T. ) ;
#2492 = DIRECTION ( 'NONE',  ( 0.0000000000000000000, 0.0000000000000000000, 1.000000000000000000 ) ) ;
#2493 = LINE ( 'NONE', #674, #2065 ) ;
#2494 = EDGE_CURVE ( 'NONE', #2529, #2324, #639, .T. ) ;
#2495 =( LENGTH_UNIT ( ) NAMED_UNIT ( * ) SI_UNIT ( .MILLI., .METRE. ) );
#2496 = VERTEX_POINT ( 'NONE', #448 ) ;
#2497 = CARTESIAN_POINT ( 'NONE',  ( -32.19999999999999574, -9.099999999999983658, -49.99999999999992184 ) ) ;
#2498 = ORIENTED_EDGE ( 'NONE', *, *, #1511, .T. ) ;
#2499 = VECTOR ( 'NONE', #518, 1000.000000000000000 ) ;
#2500 = DIRECTION ( 'NONE',  ( 0.0000000000000000000, -6.842277657836029970E-49, -1.000000000000000000 ) ) ;
#2501 = ORIENTED_EDGE ( 'NONE', *, *, #748, .F. ) ;
#2502 = FACE_OUTER_BOUND ( 'NONE', #1624, .T. ) ;
#2503 = DIRECTION ( 'NONE',  ( -0.0000000000000000000, 0.0000000000000000000, -1.000000000000000000 ) ) ;
#2504 = MANIFOLD_SOLID_BREP ( '圆角5', #2513 ) ;
#2505 = DIRECTION ( 'NONE',  ( 0.0000000000000000000, 6.842277657836029970E-49, 1.000000000000000000 ) ) ;
#2506 = EDGE_CURVE ( 'NONE', #1699, #1547, #511, .T. ) ;
#2507 = ORIENTED_EDGE ( 'NONE', *, *, #760, .F. ) ;
#2508 =( NAMED_UNIT ( * ) PLANE_ANGLE_UNIT ( ) SI_UNIT ( $, .RADIAN. ) );
#2509 = LINE ( 'NONE', #44, #832 ) ;
#2510 = VECTOR ( 'NONE', #397, 1000.000000000000000 ) ;
#2511 = ORIENTED_EDGE ( 'NONE', *, *, #1241, .T. ) ;
#2512 = LINE ( 'NONE', #1577, #1322 ) ;
#2513 = CLOSED_SHELL ( 'NONE', ( #2860, #1568, #1361, #772, #626, #1495, #2076, #2900, #823, #2876, #388, #2794, #211, #625, #675, #795, #922, #287, #335, #261, #2580, #663, #1011, #311, #2706, #1360, #420, #684, #2675, #1325, #710, #1739, #2291, #21, #1054, #934, #2642, #1169, #199, #2050, #2091, #2453, #1858, #2528, #2756, #546, #493, #1743, #2028, #2824, #1556, #193, #2129, #1661, #1226, #1462, #2275, #2573, #1887 ) ) ;
#2514 = ORIENTED_EDGE ( 'NONE', *, *, #801, .F. ) ;
#2515 = CARTESIAN_POINT ( 'NONE',  ( 31.97107282626558700, -4.499581521747835211, 50.00000000000000000 ) ) ;
#2516 = VERTEX_POINT ( 'NONE', #2200 ) ;
#2517 = DIRECTION ( 'NONE',  ( -0.0000000000000000000, 0.0000000000000000000, -1.000000000000000000 ) ) ;
#2518 = LINE ( 'NONE', #506, #528 ) ;
#2519 = FACE_OUTER_BOUND ( 'NONE', #126, .T. ) ;
#2520 = VERTEX_POINT ( 'NONE', #1094 ) ;
#2521 = ADVANCED_FACE ( 'NONE', ( #2218 ), #1338, .F. ) ;
#2522 = CIRCLE ( 'NONE', #2290, 5.000000000000000888 ) ;
#2523 = DIRECTION ( 'NONE',  ( -0.0000000000000000000, -6.842277657836029970E-49, -1.000000000000000000 ) ) ;
#2524 = AXIS2_PLACEMENT_3D ( 'NONE', #1659, #2517, #2559 ) ;
#2525 = PRESENTATION_LAYER_ASSIGNMENT (  '', '', ( #233 ) ) ;
#2526 = ORIENTED_EDGE ( 'NONE', *, *, #1065, .F. ) ;
#2527 = DIRECTION ( 'NONE',  ( -1.000000000000000000, 9.243224568560364777E-50, 0.0000000000000000000 ) ) ;
#2528 = ADVANCED_FACE ( 'NONE', ( #2234 ), #219, .T. ) ;
#2529 = VERTEX_POINT ( 'NONE', #669 ) ;
#2530 = AXIS2_PLACEMENT_3D ( 'NONE', #1433, #584, #1911 ) ;
#2531 = LINE ( 'NONE', #754, #1318 ) ;
#2532 = AXIS2_PLACEMENT_3D ( 'NONE', #1849, #2745, #2322 ) ;
#2533 = DIRECTION ( 'NONE',  ( 5.782411586589365527E-16, 1.000000000000000000, 0.0000000000000000000 ) ) ;
#2534 = ORIENTED_EDGE ( 'NONE', *, *, #2046, .F. ) ;
#2535 = PRODUCT_CONTEXT ( 'NONE', #1938, 'mechanical' ) ;
#2536 = DIRECTION ( 'NONE',  ( 0.0000000000000000000, 0.0000000000000000000, 1.000000000000000000 ) ) ;
#2537 = CARTESIAN_POINT ( 'NONE',  ( 32.00000000000000711, -3.499999999999992895, -49.99999999999992184 ) ) ;
#2538 = EDGE_CURVE ( 'NONE', #2133, #1582, #1127, .T. ) ;
#2539 = FACE_BOUND ( 'NONE', #979, .T. ) ;
#2540 = DIRECTION ( 'NONE',  ( 1.000000000000000000, 0.0000000000000000000, 0.0000000000000000000 ) ) ;
#2541 = VERTEX_POINT ( 'NONE', #739 ) ;
#2542 = FACE_OUTER_BOUND ( 'NONE', #1712, .T. ) ;
#2543 = ORIENTED_EDGE ( 'NONE', *, *, #255, .T. ) ;
#2544 = VERTEX_POINT ( 'NONE', #2082 ) ;
#2545 = AXIS2_PLACEMENT_3D ( 'NONE', #1535, #2443, #1058 ) ;
#2546 = CARTESIAN_POINT ( 'NONE',  ( -30.60000000000000853, 8.999999999999998224, -0.3500000000000009215 ) ) ;
#2547 = EDGE_CURVE ( 'NONE', #702, #2293, #828, .T. ) ;
#2548 = DIRECTION ( 'NONE',  ( 1.000000000000000000, 1.156482317317876655E-14, 0.0000000000000000000 ) ) ;
#2549 = ORIENTED_EDGE ( 'NONE', *, *, #289, .F. ) ;
#2550 = EDGE_CURVE ( 'NONE', #2866, #2378, #290, .T. ) ;
#2551 = DIRECTION ( 'NONE',  ( 2.775557561562887653E-17, 3.081487911019572575E-33, -0.9999999999999998890 ) ) ;
#2552 = ORIENTED_EDGE ( 'NONE', *, *, #2556, .T. ) ;
#2553 = CARTESIAN_POINT ( 'NONE',  ( 35.50000000000001421, -12.99999999999997691, 50.00000000000000000 ) ) ;
#2554 = DIRECTION ( 'NONE',  ( 0.0000000000000000000, -6.842277657836029970E-49, -1.000000000000000000 ) ) ;
#2555 = ORIENTED_EDGE ( 'NONE', *, *, #2592, .T. ) ;
#2556 = EDGE_CURVE ( 'NONE', #17, #1789, #965, .T. ) ;
#2557 = CARTESIAN_POINT ( 'NONE',  ( 33.64999999999999147, -5.799999999999993605, -49.99999999999992184 ) ) ;
#2558 = ORIENTED_EDGE ( 'NONE', *, *, #2768, .F. ) ;
#2559 = DIRECTION ( 'NONE',  ( 1.000000000000000000, 0.0000000000000000000, 0.0000000000000000000 ) ) ;
#2560 = DIRECTION ( 'NONE',  ( -1.000000000000000000, 9.243224568560364777E-50, 0.0000000000000000000 ) ) ;
#2561 = VERTEX_POINT ( 'NONE', #2037 ) ;
#2562 = CARTESIAN_POINT ( 'NONE',  ( 33.35000000000003695, -12.79999999999997584, 50.00000000000000000 ) ) ;
#2563 = ORIENTED_EDGE ( 'NONE', *, *, #2592, .F. ) ;
#2564 = DIRECTION ( 'NONE',  ( 0.0000000000000000000, 6.842277657836029970E-49, 1.000000000000000000 ) ) ;
#2565 = CARTESIAN_POINT ( 'NONE',  ( 32.20000000000003126, -8.899999999999984368, 50.00000000000000000 ) ) ;
#2566 = ORIENTED_EDGE ( 'NONE', *, *, #2848, .T. ) ;
#2567 = ORIENTED_EDGE ( 'NONE', *, *, #2369, .F. ) ;
#2568 = AXIS2_PLACEMENT_3D ( 'NONE', #162, #1718, #2594 ) ;
#2569 = VERTEX_POINT ( 'NONE', #952 ) ;
#2570 = EDGE_CURVE ( 'NONE', #2132, #2598, #2479, .T. ) ;
#2571 = CARTESIAN_POINT ( 'NONE',  ( -31.77468446926073753, -5.499999999999993783, 50.00000000000000000 ) ) ;
#2572 = PRODUCT_DEFINITION_FORMATION_WITH_SPECIFIED_SOURCE ( '任何', '', #2, .NOT_KNOWN. ) ;
#2573 = ADVANCED_FACE ( 'NONE', ( #940 ), #2725, .T. ) ;
#2574 = CIRCLE ( 'NONE', #928, 0.1999999999999987899 ) ;
#2575 = VECTOR ( 'NONE', #2108, 1000.000000000000000 ) ;
#2576 = ORIENTED_EDGE ( 'NONE', *, *, #2753, .F. ) ;
#2577 = CARTESIAN_POINT ( 'NONE',  ( 33.54999999999999716, -12.79999999999997762, -49.99999999999992184 ) ) ;
#2578 = CARTESIAN_POINT ( 'NONE',  ( 30.37764571353076448, -3.934708520896598838, -49.99999999999992184 ) ) ;
#2579 = CARTESIAN_POINT ( 'NONE',  ( -30.77818973525855384, -3.827383073741526864, -49.99999999999992184 ) ) ;
#2580 = ADVANCED_FACE ( 'NONE', ( #2519 ), #39, .F. ) ;
#2581 = DIRECTION ( 'NONE',  ( 1.000000000000000000, -9.243224568560364777E-50, 0.0000000000000000000 ) ) ;
#2582 = DIRECTION ( 'NONE',  ( 0.0000000000000000000, -0.0000000000000000000, 1.000000000000000000 ) ) ;
#2583 = CIRCLE ( 'NONE', #1038, 0.3000000000000016542 ) ;
#2584 = EDGE_LOOP ( 'NONE', ( #2766, #2198, #2212, #1171 ) ) ;
#2585 = EDGE_LOOP ( 'NONE', ( #2501, #2882, #2210, #1436 ) ) ;
#2586 = DIRECTION ( 'NONE',  ( 0.0000000000000000000, -6.842277657836029970E-49, -1.000000000000000000 ) ) ;
#2587 = DIRECTION ( 'NONE',  ( 0.0000000000000000000, 0.0000000000000000000, -1.000000000000000000 ) ) ;
#2588 = AXIS2_PLACEMENT_3D ( 'NONE', #986, #532, #2769 ) ;
#2589 = EDGE_LOOP ( 'NONE', ( #1224, #206, #412, #854 ) ) ;
#2590 = DIRECTION ( 'NONE',  ( 0.0000000000000000000, 0.0000000000000000000, 1.000000000000000000 ) ) ;
#2591 = ITEM_DEFINED_TRANSFORMATION ( 'NONE', 'NONE', #2298,  #1871 ) ;
#2592 = EDGE_CURVE ( 'NONE', #53, #93, #2330, .T. ) ;
#2593 = AXIS2_PLACEMENT_3D ( 'NONE', #48, #1394, #1156 ) ;
#2594 = DIRECTION ( 'NONE',  ( 1.000000000000000000, 2.891205793294662451E-15, 0.0000000000000000000 ) ) ;
#2595 = DIRECTION ( 'NONE',  ( 1.000000000000000000, -1.445602896647331225E-15, 0.0000000000000000000 ) ) ;
#2596 = SHAPE_DEFINITION_REPRESENTATION ( #1774, #503 ) ;
#2597 = DIRECTION ( 'NONE',  ( 0.0000000000000000000, 0.0000000000000000000, -1.000000000000000000 ) ) ;
#2598 = VERTEX_POINT ( 'NONE', #1857 ) ;
#2599 = ORIENTED_EDGE ( 'NONE', *, *, #2506, .F. ) ;
#2600 = EDGE_LOOP ( 'NONE', ( #573, #2075, #2805, #2257 ) ) ;
#2601 = CARTESIAN_POINT ( 'NONE',  ( 33.64999999999999147, -5.799999999999993605, -49.99999999999992184 ) ) ;
#2602 = DIRECTION ( 'NONE',  ( 1.000000000000000000, -1.051347561198063430E-15, 0.0000000000000000000 ) ) ;
#2603 = VECTOR ( 'NONE', #647, 1000.000000000000000 ) ;
#2604 = DIRECTION ( 'NONE',  ( 1.000000000000000000, 0.0000000000000000000, 0.0000000000000000000 ) ) ;
#2605 = DIRECTION ( 'NONE',  ( -0.0000000000000000000, 0.0000000000000000000, -1.000000000000000000 ) ) ;
#2606 = UNCERTAINTY_MEASURE_WITH_UNIT (LENGTH_MEASURE( 1.000000000000000082E-05 ), #1129, 'distance_accuracy_value', 'NONE');
#2607 = DIRECTION ( 'NONE',  ( 1.000000000000000000, 0.0000000000000000000, 0.0000000000000000000 ) ) ;
#2608 = CARTESIAN_POINT ( 'NONE',  ( 33.64999999999999147, -7.599999999999994316, -49.99999999999992184 ) ) ;
#2609 = ORIENTED_EDGE ( 'NONE', *, *, #2242, .F. ) ;
#2610 = CARTESIAN_POINT ( 'NONE',  ( 35.50000000000001421, -12.99999999999997691, 50.00000000000000000 ) ) ;
#2611 = DIRECTION ( 'NONE',  ( 9.243224568560359079E-50, -1.000000000000000000, -2.736911063134411988E-48 ) ) ;
#2612 = AXIS2_PLACEMENT_3D ( 'NONE', #1036, #1692, #2404 ) ;
#2613 = EDGE_CURVE ( 'NONE', #283, #2772, #2754, .T. ) ;
#2614 = ORIENTED_EDGE ( 'NONE', *, *, #75, .F. ) ;
#2615 = DIRECTION ( 'NONE',  ( 7.222014475772601661E-15, -1.000000000000000000, 0.0000000000000000000 ) ) ;
#2616 = MECHANICAL_DESIGN_GEOMETRIC_PRESENTATION_REPRESENTATION (  '', ( #233 ), #599 ) ;
#2617 = FACE_OUTER_BOUND ( 'NONE', #1696, .T. ) ;
#2618 = LINE ( 'NONE', #1950, #697 ) ;
#2619 = AXIS2_PLACEMENT_3D ( 'NONE', #2219, #824, #627 ) ;
#2620 = AXIS2_PLACEMENT_3D ( 'NONE', #1728, #2587, #575 ) ;
#2621 = DIRECTION ( 'NONE',  ( 0.0000000000000000000, 0.0000000000000000000, 1.000000000000000000 ) ) ;
#2622 = DIRECTION ( 'NONE',  ( 1.000000000000000000, 0.0000000000000000000, 0.0000000000000000000 ) ) ;
#2623 = PLANE ( 'NONE',  #787 ) ;
#2624 = LINE ( 'NONE', #439, #2510 ) ;
#2625 = EDGE_CURVE ( 'NONE', #1789, #299, #1029, .T. ) ;
#2626 = CIRCLE ( 'NONE', #2489, 1.000000000000000888 ) ;
#2627 = ORIENTED_EDGE ( 'NONE', *, *, #535, .T. ) ;
#2628 = CARTESIAN_POINT ( 'NONE',  ( 33.39999999999999147, -9.000000000000003553, -0.3500000000000039746 ) ) ;
#2629 = VECTOR ( 'NONE', #601, 1000.000000000000000 ) ;
#2630 = AXIS2_PLACEMENT_3D ( 'NONE', #2388, #348, #2140 ) ;
#2631 = DIRECTION ( 'NONE',  ( 1.000000000000000000, 0.0000000000000000000, 0.0000000000000000000 ) ) ;
#2632 = ORIENTED_EDGE ( 'NONE', *, *, #1502, .T. ) ;
#2633 = DIRECTION ( 'NONE',  ( -5.782411586589364541E-16, -1.000000000000000000, 2.736911063134411988E-48 ) ) ;
#2634 = DIRECTION ( 'NONE',  ( 0.0000000000000000000, -6.842277657836029970E-49, -1.000000000000000000 ) ) ;
#2635 = DIRECTION ( 'NONE',  ( -9.243224568560359079E-50, 1.000000000000000000, 2.736911063134411988E-48 ) ) ;
#2636 = EDGE_CURVE ( 'NONE', #1285, #1789, #746, .T. ) ;
#2637 = AXIS2_PLACEMENT_3D ( 'NONE', #774, #948, #735 ) ;
#2638 = CARTESIAN_POINT ( 'NONE',  ( 35.50000000000000000, 12.50000000000000355, -0.7500000000000000000 ) ) ;
#2639 = DIRECTION ( 'NONE',  ( 1.000000000000000000, 0.0000000000000000000, 0.0000000000000000000 ) ) ;
#2640 = EDGE_LOOP ( 'NONE', ( #1745, #490 ) ) ;
#2641 = CARTESIAN_POINT ( 'NONE',  ( 30.00000000000001066, -1.799999999999999600, 50.00000000000000000 ) ) ;
#2642 = ADVANCED_FACE ( 'NONE', ( #259 ), #923, .F. ) ;
#2643 = DIRECTION ( 'NONE',  ( 1.000000000000000000, 0.0000000000000000000, 0.0000000000000000000 ) ) ;
#2644 = DIRECTION ( 'NONE',  ( 0.2588190451025165761, 0.9659258262890694224, 0.0000000000000000000 ) ) ;
#2645 = FACE_OUTER_BOUND ( 'NONE', #2320, .T. ) ;
#2646 = PRESENTATION_STYLE_ASSIGNMENT (( #1572 ) ) ;
#2647 = CARTESIAN_POINT ( 'NONE',  ( 32.00000000000004974, -3.499999999999992895, 50.00000000000000000 ) ) ;
#2648 = VERTEX_POINT ( 'NONE', #1416 ) ;
#2649 = LINE ( 'NONE', #2638, #2344 ) ;
#2650 = EDGE_CURVE ( 'NONE', #1685, #2772, #1615, .T. ) ;
#2651 = FACE_OUTER_BOUND ( 'NONE', #2185, .T. ) ;
#2652 = ORIENTED_EDGE ( 'NONE', *, *, #69, .T. ) ;
#2653 = DIRECTION ( 'NONE',  ( -1.000000000000000000, 9.243224568560364777E-50, 0.0000000000000000000 ) ) ;
#2654 = VERTEX_POINT ( 'NONE', #2317 ) ;
#2655 = DIRECTION ( 'NONE',  ( 0.0000000000000000000, 6.842277657836029970E-49, 1.000000000000000000 ) ) ;
#2656 = EDGE_CURVE ( 'NONE', #996, #1025, #1603, .T. ) ;
#2657 = VECTOR ( 'NONE', #2867, 1000.000000000000000 ) ;
#2658 = ORIENTED_EDGE ( 'NONE', *, *, #2834, .F. ) ;
#2659 = DIRECTION ( 'NONE',  ( 0.9659258262890694224, -0.2588190451025165761, 0.0000000000000000000 ) ) ;
#2660 = CARTESIAN_POINT ( 'NONE',  ( -34.54999999999994742, -11.99999999999997868, 50.00000000000000000 ) ) ;
#2661 = CARTESIAN_POINT ( 'NONE',  ( -32.19999999999995310, -9.099999999999983658, 50.00000000000000000 ) ) ;
#2662 = EDGE_CURVE ( 'NONE', #2485, #736, #655, .T. ) ;
#2663 = CIRCLE ( 'NONE', #2568, 0.3000000000000016542 ) ;
#2664 = LINE ( 'NONE', #1989, #383 ) ;
#2665 = ORIENTED_EDGE ( 'NONE', *, *, #2172, .F. ) ;
#2666 = PRODUCT ( 'K48-B', 'K48-B', '', ( #1420 ) ) ;
#2667 = DIRECTION ( 'NONE',  ( 0.0000000000000000000, 0.0000000000000000000, 1.000000000000000000 ) ) ;
#2668 = EDGE_CURVE ( 'NONE', #630, #2569, #494, .T. ) ;
#2669 = AXIS2_PLACEMENT_3D ( 'NONE', #2451, #641, #1527 ) ;
#2670 = VECTOR ( 'NONE', #56, 1000.000000000000000 ) ;
#2671 = EDGE_LOOP ( 'NONE', ( #1837, #2652, #1550, #2391 ) ) ;
#2672 = FACE_BOUND ( 'NONE', #1020, .T. ) ;
#2673 = DIRECTION ( 'NONE',  ( 0.2588190451025177419, -0.9659258262890690894, 0.0000000000000000000 ) ) ;
#2674 = ORIENTED_EDGE ( 'NONE', *, *, #1895, .F. ) ;
#2675 = ADVANCED_FACE ( 'NONE', ( #1163 ), #755, .F. ) ;
#2676 = VECTOR ( 'NONE', #539, 1000.000000000000000 ) ;
#2677 = FACE_OUTER_BOUND ( 'NONE', #1839, .T. ) ;
#2678 = ORIENTED_EDGE ( 'NONE', *, *, #255, .F. ) ;
#2679 = CARTESIAN_POINT ( 'NONE',  ( -31.99999999999995381, -3.499999999999999556, 50.00000000000000000 ) ) ;
#2680 = FACE_OUTER_BOUND ( 'NONE', #1288, .T. ) ;
#2681 = LINE ( 'NONE', #204, #1491 ) ;
#2682 = DIRECTION ( 'NONE',  ( -0.9659258262890682012, -0.2588190451025210725, 0.0000000000000000000 ) ) ;
#2683 = ORIENTED_EDGE ( 'NONE', *, *, #1614, .F. ) ;
#2684 = EDGE_CURVE ( 'NONE', #702, #1147, #1890, .T. ) ;
#2685 = DIRECTION ( 'NONE',  ( -0.0000000000000000000, 6.842277657836029970E-49, 1.000000000000000000 ) ) ;
#2686 = AXIS2_PLACEMENT_3D ( 'NONE', #55, #2316, #1867 ) ;
#2687 = CARTESIAN_POINT ( 'NONE',  ( 31.77468446926083701, -5.499999999999993783, 50.00000000000000000 ) ) ;
#2688 = EDGE_LOOP ( 'NONE', ( #646, #1628, #2382, #1231 ) ) ;
#2689 = DIRECTION ( 'NONE',  ( 0.0000000000000000000, -6.842277657836029970E-49, -1.000000000000000000 ) ) ;
#2690 = ORIENTED_EDGE ( 'NONE', *, *, #351, .T. ) ;
#2691 = CARTESIAN_POINT ( 'NONE',  ( 30.70054402172781494, -3.537605325854798810, 50.00000000000000000 ) ) ;
#2692 = EDGE_LOOP ( 'NONE', ( #1521, #585, #2150, #2001 ) ) ;
#2693 = LINE ( 'NONE', #1567, #2153 ) ;
#2694 = PRODUCT_DEFINITION_SHAPE ( 'NONE', 'NONE',  #1709 ) ;
#2695 = LINE ( 'NONE', #1323, #1157 ) ;
#2696 = ORIENTED_EDGE ( 'NONE', *, *, #2203, .T. ) ;
#2697 = CARTESIAN_POINT ( 'NONE',  ( 33.35000000000003695, -12.79999999999997584, 50.00000000000000000 ) ) ;
#2698 = FILL_AREA_STYLE ('',( #2096 ) ) ;
#2699 = ORIENTED_EDGE ( 'NONE', *, *, #2843, .T. ) ;
#2700 = DIRECTION ( 'NONE',  ( 0.0000000000000000000, 1.368455531567206298E-48, -1.000000000000000000 ) ) ;
#2701 = CARTESIAN_POINT ( 'NONE',  ( -34.54999999999999005, -11.99999999999997868, -49.99999999999992184 ) ) ;
#2702 = ORIENTED_EDGE ( 'NONE', *, *, #1084, .T. ) ;
#2703 = FACE_OUTER_BOUND ( 'NONE', #2688, .T. ) ;
#2704 = CARTESIAN_POINT ( 'NONE',  ( 30.49999999999999645, 7.500000000000003553, 0.7500000000000000000 ) ) ;
#2705 = EDGE_CURVE ( 'NONE', #736, #2569, #1203, .T. ) ;
#2706 = ADVANCED_FACE ( 'NONE', ( #759 ), #2056, .F. ) ;
#2707 = CARTESIAN_POINT ( 'NONE',  ( -31.96239467414515545, -4.799455978272196610, 50.00000000000000000 ) ) ;
#2708 = ORIENTED_EDGE ( 'NONE', *, *, #2098, .T. ) ;
#2709 = DIRECTION ( 'NONE',  ( 1.000000000000000000, 0.0000000000000000000, 0.0000000000000000000 ) ) ;
#2710 = AXIS2_PLACEMENT_3D ( 'NONE', #2127, #1664, #336 ) ;
#2711 = CARTESIAN_POINT ( 'NONE',  ( -30.29999999999999005, -3.644930773009886327, 50.00000000000000000 ) ) ;
#2712 = CIRCLE ( 'NONE', #742, 0.3000000000000016542 ) ;
#2713 = CIRCLE ( 'NONE', #2251, 2.500000000000009326 ) ;
#2714 = ORIENTED_EDGE ( 'NONE', *, *, #2397, .F. ) ;
#2715 = LINE ( 'NONE', #1332, #2224 ) ;
#2716 = AXIS2_PLACEMENT_3D ( 'NONE', #2697, #2279, #1378 ) ;
#2717 = PRODUCT_DEFINITION_FORMATION_WITH_SPECIFIED_SOURCE ( '任何', '', #2232, .NOT_KNOWN. ) ;
#2718 = ORIENTED_EDGE ( 'NONE', *, *, #969, .T. ) ;
#2719 = ADVANCED_FACE ( 'NONE', ( #1833 ), #2309, .T. ) ;
#2720 = FACE_OUTER_BOUND ( 'NONE', #228, .T. ) ;
#2721 = ORIENTED_EDGE ( 'NONE', *, *, #2538, .T. ) ;
#2722 = DIRECTION ( 'NONE',  ( 1.000000000000000000, 0.0000000000000000000, 0.0000000000000000000 ) ) ;
#2723 = APPLICATION_CONTEXT ( 'automotive_design' ) ;
#2724 = CARTESIAN_POINT ( 'NONE',  ( 35.50000000000000000, -12.49999999999999645, 0.7500000000000000000 ) ) ;
#2725 = CYLINDRICAL_SURFACE ( 'NONE', #323, 0.3000000000000016542 ) ;
#2726 = AXIS2_PLACEMENT_3D ( 'NONE', #132, #810, #1473 ) ;
#2727 = ORIENTED_EDGE ( 'NONE', *, *, #1056, .T. ) ;
#2728 = LINE ( 'NONE', #2465, #789 ) ;
#2729 = ADVANCED_FACE ( 'NONE', ( #2758 ), #516, .F. ) ;
#2730 = EDGE_CURVE ( 'NONE', #2561, #216, #1654, .T. ) ;
#2731 = CARTESIAN_POINT ( 'NONE',  ( -31.00054402172779788, -3.537605325854807692, -49.99999999999992184 ) ) ;
#2732 = ORIENTED_EDGE ( 'NONE', *, *, #1008, .T. ) ;
#2733 = CARTESIAN_POINT ( 'NONE',  ( 32.00000000000000711, -3.499999999999992895, -49.99999999999992184 ) ) ;
#2734 = ORIENTED_EDGE ( 'NONE', *, *, #1614, .T. ) ;
#2735 = VECTOR ( 'NONE', #2269, 1000.000000000000000 ) ;
#2736 = FACE_OUTER_BOUND ( 'NONE', #1468, .T. ) ;
#2737 = ORIENTED_EDGE ( 'NONE', *, *, #1697, .T. ) ;
#2738 = EDGE_CURVE ( 'NONE', #93, #747, #1422, .T. ) ;
#2739 = DIRECTION ( 'NONE',  ( 0.0000000000000000000, -6.842277657836029970E-49, -1.000000000000000000 ) ) ;
#2740 = LINE ( 'NONE', #1175, #158 ) ;
#2741 = DIRECTION ( 'NONE',  ( 1.000000000000000000, 0.0000000000000000000, 0.0000000000000000000 ) ) ;
#2742 = ORIENTED_EDGE ( 'NONE', *, *, #586, .F. ) ;
#2743 = DIRECTION ( 'NONE',  ( -1.000000000000000000, 5.551115123125780237E-17, 2.775557561562891351E-17 ) ) ;
#2744 = DIRECTION ( 'NONE',  ( -1.000000000000000000, 0.0000000000000000000, 0.0000000000000000000 ) ) ;
#2745 = DIRECTION ( 'NONE',  ( 0.0000000000000000000, 6.842277657836029970E-49, 1.000000000000000000 ) ) ;
#2746 = EDGE_CURVE ( 'NONE', #618, #2285, #2303, .T. ) ;
#2747 = DIRECTION ( 'NONE',  ( 0.0000000000000000000, 6.842277657836029970E-49, 1.000000000000000000 ) ) ;
#2748 = VECTOR ( 'NONE', #1316, 1000.000000000000000 ) ;
#2749 = ORIENTED_EDGE ( 'NONE', *, *, #1144, .F. ) ;
#2750 = DIRECTION ( 'NONE',  ( 0.0000000000000000000, 6.842277657836029970E-49, 1.000000000000000000 ) ) ;
#2751 = ORIENTED_EDGE ( 'NONE', *, *, #2547, .F. ) ;
#2752 = DIRECTION ( 'NONE',  ( -0.0000000000000000000, -0.0000000000000000000, 1.000000000000000000 ) ) ;
#2753 = EDGE_CURVE ( 'NONE', #1145, #1139, #1877, .T. ) ;
#2754 = LINE ( 'NONE', #1588, #2067 ) ;
#2755 = EDGE_LOOP ( 'NONE', ( #22, #2558, #2215, #813 ) ) ;
#2756 = ADVANCED_FACE ( 'NONE', ( #1894 ), #1666, .T. ) ;
#2757 = LINE ( 'NONE', #1638, #2894 ) ;
#2758 = FACE_OUTER_BOUND ( 'NONE', #2585, .T. ) ;
#2759 = CIRCLE ( 'NONE', #1250, 1.399999999999998579 ) ;
#2760 = ORIENTED_EDGE ( 'NONE', *, *, #2163, .T. ) ;
#2761 = ORIENTED_EDGE ( 'NONE', *, *, #1291, .T. ) ;
#2762 = VECTOR ( 'NONE', #421, 1000.000000000000000 ) ;
#2763 = CARTESIAN_POINT ( 'NONE',  ( -35.50000000000000000, 7.499999999999985789, -0.7500000000000000000 ) ) ;
#2764 = ORIENTED_EDGE ( 'NONE', *, *, #367, .F. ) ;
#2765 = VECTOR ( 'NONE', #2682, 1000.000000000000227 ) ;
#2766 = ORIENTED_EDGE ( 'NONE', *, *, #991, .F. ) ;
#2767 = DIRECTION ( 'NONE',  ( 0.0000000000000000000, 0.0000000000000000000, 1.000000000000000000 ) ) ;
#2768 = EDGE_CURVE ( 'NONE', #1315, #51, #1448, .T. ) ;
#2769 = DIRECTION ( 'NONE',  ( 0.0000000000000000000, -6.842277657836029970E-49, -1.000000000000000000 ) ) ;
#2770 = CIRCLE ( 'NONE', #1497, 0.3000000000000016542 ) ;
#2771 = CARTESIAN_POINT ( 'NONE',  ( 32.00000000000003553, -8.899999999999984368, 50.00000000000000000 ) ) ;
#2772 = VERTEX_POINT ( 'NONE', #121 ) ;
#2773 = AXIS2_PLACEMENT_3D ( 'NONE', #1081, #671, #1736 ) ;
#2774 = EDGE_CURVE ( 'NONE', #2038, #1147, #1259, .T. ) ;
#2775 = PLANE ( 'NONE',  #1209 ) ;
#2776 = ORIENTED_EDGE ( 'NONE', *, *, #1375, .F. ) ;
#2777 = CARTESIAN_POINT ( 'NONE',  ( -33.64999999999994884, -9.099999999999981881, 50.00000000000000000 ) ) ;
#2778 = ORIENTED_EDGE ( 'NONE', *, *, #2868, .T. ) ;
#2779 = ORIENTED_EDGE ( 'NONE', *, *, #167, .F. ) ;
#2780 = LINE ( 'NONE', #1174, #2850 ) ;
#2781 = CIRCLE ( 'NONE', #622, 0.1999999999999987899 ) ;
#2782 = CARTESIAN_POINT ( 'NONE',  ( 35.50000000000000000, 7.500000000000003553, 0.7500000000000000000 ) ) ;
#2783 = CARTESIAN_POINT ( 'NONE',  ( 33.39999999999999147, 9.000000000000003553, -0.3500000000000039746 ) ) ;
#2784 = ORIENTED_EDGE ( 'NONE', *, *, #2880, .T. ) ;
#2785 = DIRECTION ( 'NONE',  ( 0.0000000000000000000, 0.0000000000000000000, 1.000000000000000000 ) ) ;
#2786 = CARTESIAN_POINT ( 'NONE',  ( 33.55000000000004690, -12.39999999999997904, 50.00000000000000000 ) ) ;
#2787 = ORIENTED_EDGE ( 'NONE', *, *, #512, .T. ) ;
#2788 = CYLINDRICAL_SURFACE ( 'NONE', #1964, 0.1999999999999987899 ) ;
#2789 = EDGE_CURVE ( 'NONE', #2358, #283, #1636, .T. ) ;
#2790 = EDGE_LOOP ( 'NONE', ( #953, #2277, #2259, #2167 ) ) ;
#2791 = EDGE_LOOP ( 'NONE', ( #2543, #538, #903, #64 ) ) ;
#2792 = DIRECTION ( 'NONE',  ( 0.2588190451025166317, 0.9659258262890694224, 0.0000000000000000000 ) ) ;
#2793 = CARTESIAN_POINT ( 'NONE',  ( -31.99999999999999289, -9.099999999999983658, -49.99999999999992184 ) ) ;
#2794 = ADVANCED_FACE ( 'NONE', ( #802 ), #1282, .F. ) ;
#2795 = ORIENTED_EDGE ( 'NONE', *, *, #238, .T. ) ;
#2796 = DIRECTION ( 'NONE',  ( 1.000000000000000000, -9.243224568560364777E-50, 0.0000000000000000000 ) ) ;
#2797 = DIRECTION ( 'NONE',  ( 1.000000000000000000, 1.156482317317876655E-14, 0.0000000000000000000 ) ) ;
#2798 = ORIENTED_EDGE ( 'NONE', *, *, #856, .F. ) ;
#2799 = DIRECTION ( 'NONE',  ( -0.0000000000000000000, -6.842277657836029970E-49, -1.000000000000000000 ) ) ;
#2800 = DIRECTION ( 'NONE',  ( 0.0000000000000000000, -6.842277657836029970E-49, -1.000000000000000000 ) ) ;
#2801 = AXIS2_PLACEMENT_3D ( 'NONE', #1558, #1747, #1586 ) ;
#2802 = CARTESIAN_POINT ( 'NONE',  ( 34.65000000000004832, -12.39999999999997904, 50.00000000000000000 ) ) ;
#2803 = ORIENTED_EDGE ( 'NONE', *, *, #2397, .T. ) ;
#2804 = CARTESIAN_POINT ( 'NONE',  ( -34.54999999999999005, -12.54999999999997762, -49.99999999999992184 ) ) ;
#2805 = ORIENTED_EDGE ( 'NONE', *, *, #687, .F. ) ;
#2806 = DIRECTION ( 'NONE',  ( 0.0000000000000000000, -6.842277657836029970E-49, -1.000000000000000000 ) ) ;
#2807 = EDGE_CURVE ( 'NONE', #499, #2648, #2770, .T. ) ;
#2808 = FACE_OUTER_BOUND ( 'NONE', #2692, .T. ) ;
#2809 = CIRCLE ( 'NONE', #560, 1.399999999999995026 ) ;
#2810 = VECTOR ( 'NONE', #361, 1000.000000000000000 ) ;
#2811 = VECTOR ( 'NONE', #271, 1000.000000000000000 ) ;
#2812 = VERTEX_POINT ( 'NONE', #1240 ) ;
#2813 = CARTESIAN_POINT ( 'NONE',  ( -33.64999999999999147, -5.799999999999993605, -49.99999999999992184 ) ) ;
#2814 = CARTESIAN_POINT ( 'NONE',  ( 31.99999999999999289, -9.000000000000003553, 0.7500000000000000000 ) ) ;
#2815 = ORIENTED_EDGE ( 'NONE', *, *, #1905, .T. ) ;
#2816 = AXIS2_PLACEMENT_3D ( 'NONE', #2422, #1768, #1965 ) ;
#2817 = CARTESIAN_POINT ( 'NONE',  ( -30.99999999999995026, -3.499999999999999556, 50.00000000000000000 ) ) ;
#2818 = CARTESIAN_POINT ( 'NONE',  ( 35.50000000000000000, -7.499999999999998224, 0.7500000000000000000 ) ) ;
#2819 = CIRCLE ( 'NONE', #661, 5.000000000000000888 ) ;
#2820 = ORIENTED_EDGE ( 'NONE', *, *, #750, .T. ) ;
#2821 = EDGE_LOOP ( 'NONE', ( #776, #2566 ) ) ;
#2822 = LINE ( 'NONE', #587, #128 ) ;
#2823 = DIRECTION ( 'NONE',  ( -1.000000000000000000, 9.243224568560364777E-50, 0.0000000000000000000 ) ) ;
#2824 = ADVANCED_FACE ( 'NONE', ( #2190 ), #2623, .F. ) ;
#2825 = AXIS2_PLACEMENT_3D ( 'NONE', #1149, #1386, #1855 ) ;
#2826 = CARTESIAN_POINT ( 'NONE',  ( 35.49999999999997868, -12.99999999999997691, -49.99999999999992184 ) ) ;
#2827 = AXIS2_PLACEMENT_3D ( 'NONE', #1300, #1105, #1334 ) ;
#2828 = CARTESIAN_POINT ( 'NONE',  ( 32.19999999999999574, -8.899999999999984368, -49.99999999999992184 ) ) ;
#2829 = CONTEXT_DEPENDENT_SHAPE_REPRESENTATION ( #966, #878 ) ;
#2830 = CARTESIAN_POINT ( 'NONE',  ( -30.29999999999999361, -3.644930773009886327, -49.99999999999992184 ) ) ;
#2831 = LINE ( 'NONE', #814, #2765 ) ;
#2832 = FACE_OUTER_BOUND ( 'NONE', #2122, .T. ) ;
#2833 = CARTESIAN_POINT ( 'NONE',  ( -31.99999999999999289, -8.899999999999984368, -49.99999999999992184 ) ) ;
#2834 = EDGE_CURVE ( 'NONE', #1853, #2598, #1518, .T. ) ;
#2835 = ORIENTED_EDGE ( 'NONE', *, *, #1267, .F. ) ;
#2836 = LINE ( 'NONE', #818, #1650 ) ;
#2837 = ORIENTED_EDGE ( 'NONE', *, *, #1475, .T. ) ;
#2838 = DIRECTION ( 'NONE',  ( -0.0000000000000000000, -0.0000000000000000000, 1.000000000000000000 ) ) ;
#2839 = EDGE_LOOP ( 'NONE', ( #1956, #2029, #817, #2371 ) ) ;
#2840 = CARTESIAN_POINT ( 'NONE',  ( -33.64999999999994884, -5.799999999999993605, 50.00000000000000000 ) ) ;
#2841 = LINE ( 'NONE', #1921, #2295 ) ;
#2842 = DIRECTION ( 'NONE',  ( -0.0000000000000000000, -0.0000000000000000000, 1.000000000000000000 ) ) ;
#2843 = EDGE_CURVE ( 'NONE', #1145, #2541, #1040, .T. ) ;
#2844 = CARTESIAN_POINT ( 'NONE',  ( 30.49999999999997868, 0.0000000000000000000, -49.99999999999992184 ) ) ;
#2845 = DIRECTION ( 'NONE',  ( 0.0000000000000000000, 0.0000000000000000000, 1.000000000000000000 ) ) ;
#2846 = ORIENTED_EDGE ( 'NONE', *, *, #1452, .T. ) ;
#2847 = DIRECTION ( 'NONE',  ( 1.000000000000000000, 8.673617379884033500E-16, 0.0000000000000000000 ) ) ;
#2848 = EDGE_CURVE ( 'NONE', #127, #1686, #2809, .T. ) ;
#2849 = CARTESIAN_POINT ( 'NONE',  ( 31.99999999999999289, -9.099999999999983658, -49.99999999999992184 ) ) ;
#2850 = VECTOR ( 'NONE', #765, 1000.000000000000000 ) ;
#2851 = ORIENTED_EDGE ( 'NONE', *, *, #1232, .F. ) ;
#2852 = LINE ( 'NONE', #2174, #1364 ) ;
#2853 = VECTOR ( 'NONE', #2527, 1000.000000000000000 ) ;
#2854 = CARTESIAN_POINT ( 'NONE',  ( 32.20000000000003126, -9.099999999999983658, 50.00000000000000000 ) ) ;
#2855 = VECTOR ( 'NONE', #581, 1000.000000000000000 ) ;
#2856 = PRODUCT_DEFINITION_FORMATION_WITH_SPECIFIED_SOURCE ( '任何', '', #2666, .NOT_KNOWN. ) ;
#2857 = DIRECTION ( 'NONE',  ( -0.2588190451025211836, 0.9659258262890682012, 0.0000000000000000000 ) ) ;
#2858 = CARTESIAN_POINT ( 'NONE',  ( -30.49999999999999645, 7.499999999999992895, 0.7500000000000000000 ) ) ;
#2859 = DIRECTION ( 'NONE',  ( 0.0000000000000000000, -6.842277657836029970E-49, -1.000000000000000000 ) ) ;
#2860 = ADVANCED_FACE ( 'NONE', ( #2832 ), #1490, .T. ) ;
#2861 = PLANE ( 'NONE',  #2816 ) ;
#2862 = ORIENTED_EDGE ( 'NONE', *, *, #1810, .T. ) ;
#2863 = CARTESIAN_POINT ( 'NONE',  ( -31.99999999999999289, -3.499999999999999556, -49.99999999999992184 ) ) ;
#2864 = VECTOR ( 'NONE', #1461, 1000.000000000000000 ) ;
#2865 = DIRECTION ( 'NONE',  ( -0.0000000000000000000, -0.0000000000000000000, 1.000000000000000000 ) ) ;
#2866 = VERTEX_POINT ( 'NONE', #1953 ) ;
#2867 = DIRECTION ( 'NONE',  ( 0.0000000000000000000, 0.0000000000000000000, -1.000000000000000000 ) ) ;
#2868 = EDGE_CURVE ( 'NONE', #2541, #350, #385, .T. ) ;
#2869 = CARTESIAN_POINT ( 'NONE',  ( 35.50000000000000000, -12.49999999999999645, -0.7500000000000000000 ) ) ;
#2870 = CARTESIAN_POINT ( 'NONE',  ( 34.65000000000001279, -12.79999999999997762, -49.99999999999992184 ) ) ;
#2871 = ORIENTED_EDGE ( 'NONE', *, *, #624, .T. ) ;
#2872 = CIRCLE ( 'NONE', #924, 0.4499999999999990119 ) ;
#2873 = DIRECTION ( 'NONE',  ( 1.000000000000000000, 0.0000000000000000000, 0.0000000000000000000 ) ) ;
#2874 = FILL_AREA_STYLE ('',( #2266 ) ) ;
#2875 = CARTESIAN_POINT ( 'NONE',  ( 31.48490672137411295, -5.422354286469238893, 50.00000000000000000 ) ) ;
#2876 = ADVANCED_FACE ( 'NONE', ( #1738 ), #568, .T. ) ;
#2877 = ORIENTED_EDGE ( 'NONE', *, *, #1697, .F. ) ;
#2878 = DIRECTION ( 'NONE',  ( 0.7071067811865504593, 0.0000000000000000000, 0.7071067811865445751 ) ) ;
#2879 = ORIENTED_EDGE ( 'NONE', *, *, #221, .T. ) ;
#2880 = EDGE_CURVE ( 'NONE', #576, #77, #2015, .T. ) ;
#2881 = DIRECTION ( 'NONE',  ( 0.0000000000000000000, 0.0000000000000000000, -1.000000000000000000 ) ) ;
#2882 = ORIENTED_EDGE ( 'NONE', *, *, #1836, .T. ) ;
#2883 = CARTESIAN_POINT ( 'NONE',  ( 35.50000000000000000, 7.500000000000003553, 0.7500000000000000000 ) ) ;
#2884 = DIRECTION ( 'NONE',  ( 1.000000000000000000, 0.0000000000000000000, 0.0000000000000000000 ) ) ;
#2885 = CARTESIAN_POINT ( 'NONE',  ( 35.50000000000000000, -12.49999999999999645, 0.7500000000000000000 ) ) ;
#2886 = EDGE_CURVE ( 'NONE', #1513, #1643, #2395, .T. ) ;
#2887 = DIRECTION ( 'NONE',  ( 1.000000000000000000, 0.0000000000000000000, 0.0000000000000000000 ) ) ;
#2888 = ORIENTED_EDGE ( 'NONE', *, *, #292, .T. ) ;
#2889 = CARTESIAN_POINT ( 'NONE',  ( -33.64999999999994884, -7.599999999999994316, 50.00000000000000000 ) ) ;
#2890 =( NAMED_UNIT ( * ) SI_UNIT ( $, .STERADIAN. ) SOLID_ANGLE_UNIT ( ) );
#2891 = CYLINDRICAL_SURFACE ( 'NONE', #2346, 0.3000000000000016542 ) ;
#2892 = EDGE_CURVE ( 'NONE', #108, #440, #1270, .T. ) ;
#2893 = CARTESIAN_POINT ( 'NONE',  ( -35.50000000000000000, -12.50000000000000355, 0.7500000000000000000 ) ) ;
#2894 = VECTOR ( 'NONE', #2523, 1000.000000000000000 ) ;
#2895 = ORIENTED_EDGE ( 'NONE', *, *, #1599, .T. ) ;
#2896 = LINE ( 'NONE', #213, #955 ) ;
#2897 = DIRECTION ( 'NONE',  ( -5.782411586589364541E-16, -1.000000000000000000, 2.736911063134411988E-48 ) ) ;
#2898 = VECTOR ( 'NONE', #2430, 1000.000000000000000 ) ;
#2899 = VERTEX_POINT ( 'NONE', #1926 ) ;
#2900 = ADVANCED_FACE ( 'NONE', ( #1507 ), #843, .F. ) ;
#2901 = DIRECTION ( 'NONE',  ( 0.0000000000000000000, -0.0000000000000000000, 1.000000000000000000 ) ) ;
#2902 = CIRCLE ( 'NONE', #2612, 0.1999999999999987899 ) ;
#2903 = VERTEX_POINT ( 'NONE', #2818 ) ;
#2904 = NEXT_ASSEMBLY_USAGE_OCCURRENCE ( 'NAUO1', ' ', ' ', #1709, #1883, $ ) ;
#2905 = NEXT_ASSEMBLY_USAGE_OCCURRENCE ( 'NAUO2', ' ', ' ', #1709, #1883, $ ) ;
#2906 = NEXT_ASSEMBLY_USAGE_OCCURRENCE ( 'NAUO3', ' ', ' ', #1709, #2027, $ ) ;
#2907 = NEXT_ASSEMBLY_USAGE_OCCURRENCE ( 'NAUO4', ' ', ' ', #1709, #2027, $ ) ;
ENDSEC;
END-ISO-10303-21;
