ISO-10303-21;
HEADER;
FILE_DESCRIPTION (( 'STEP AP214' ),
    '1' );
FILE_NAME ('K93-120.STEP',
    '2024-05-06T09:25:03',
    ( '微软用户' ),
    ( '微软中国' ),
    'SwSTEP 2.0',
    'SolidWorks 2021',
    '' );
FILE_SCHEMA (( 'AUTOMOTIVE_DESIGN' ));
ENDSEC;

DATA;
#1 = DIRECTION ( 'NONE',  ( 1.000000000000000000, 0.0000000000000000000, 0.0000000000000000000 ) ) ;
#2 = CARTESIAN_POINT ( 'NONE',  ( -46.72990164349835851, 7.437439318763338747, 60.00000000000000000 ) ) ;
#3 = EDGE_CURVE ( 'NONE', #2074, #3612, #128, .T. ) ;
#4 = EDGE_LOOP ( 'NONE', ( #3584, #1233, #2968, #3740 ) ) ;
#5 = EDGE_CURVE ( 'NONE', #1243, #3723, #1941, .T. ) ;
#6 = CARTESIAN_POINT ( 'NONE',  ( -44.80000000010716832, 4.499999999805770479, -60.00000000000000000 ) ) ;
#7 = DIRECTION ( 'NONE',  ( 1.000000000000000000, 0.0000000000000000000, 0.0000000000000000000 ) ) ;
#8 = EDGE_CURVE ( 'NONE', #107, #2312, #2562, .T. ) ;
#9 = ORIENTED_EDGE ( 'NONE', *, *, #801, .T. ) ;
#10 = LINE ( 'NONE', #4112, #2676 ) ;
#11 = AXIS2_PLACEMENT_3D ( 'NONE', #3258, #2611, #3907 ) ;
#12 = VERTEX_POINT ( 'NONE', #597 ) ;
#13 = LINE ( 'NONE', #978, #3571 ) ;
#14 = DIRECTION ( 'NONE',  ( 0.0000000000000000000, 0.0000000000000000000, -1.000000000000000000 ) ) ;
#15 = ORIENTED_EDGE ( 'NONE', *, *, #582, .T. ) ;
#16 = CARTESIAN_POINT ( 'NONE',  ( -47.58578643762667326, 17.40848541902928304, -0.7500000000000000000 ) ) ;
#17 = AXIS2_PLACEMENT_3D ( 'NONE', #794, #485, #1767 ) ;
#18 = CARTESIAN_POINT ( 'NONE',  ( 51.99999999999987210, 17.60000000045622315, 60.00000000000000000 ) ) ;
#19 = DIRECTION ( 'NONE',  ( 0.0000000000000000000, 0.0000000000000000000, 1.000000000000000000 ) ) ;
#20 = ORIENTED_EDGE ( 'NONE', *, *, #2649, .F. ) ;
#21 = ORIENTED_EDGE ( 'NONE', *, *, #1474, .F. ) ;
#22 =( LENGTH_UNIT ( ) NAMED_UNIT ( * ) SI_UNIT ( .MILLI., .METRE. ) );
#23 = DIRECTION ( 'NONE',  ( 0.0000000000000000000, 0.0000000000000000000, -1.000000000000000000 ) ) ;
#24 = CARTESIAN_POINT ( 'NONE',  ( -43.30000000010716832, 5.549999999805043771, 60.00000000000000000 ) ) ;
#25 = ORIENTED_EDGE ( 'NONE', *, *, #1629, .T. ) ;
#26 = DIRECTION ( 'NONE',  ( -0.0000000000000000000, -0.0000000000000000000, 1.000000000000000000 ) ) ;
#27 = CARTESIAN_POINT ( 'NONE',  ( 47.49999999999787548, 14.29999999970588220, -60.00000000000000000 ) ) ;
#28 = ORIENTED_EDGE ( 'NONE', *, *, #2419, .F. ) ;
#29 = EDGE_CURVE ( 'NONE', #2750, #1626, #894, .T. ) ;
#30 = EDGE_CURVE ( 'NONE', #3878, #3938, #299, .T. ) ;
#31 = CARTESIAN_POINT ( 'NONE',  ( -50.00000000000191847, 11.09999999970110451, -60.00000000000000000 ) ) ;
#32 = ORIENTED_EDGE ( 'NONE', *, *, #453, .T. ) ;
#33 = DIRECTION ( 'NONE',  ( 0.0000000000000000000, 0.0000000000000000000, 1.000000000000000000 ) ) ;
#34 = FACE_OUTER_BOUND ( 'NONE', #333, .T. ) ;
#35 = ORIENTED_EDGE ( 'NONE', *, *, #29, .T. ) ;
#36 = EDGE_CURVE ( 'NONE', #3111, #2084, #4144, .T. ) ;
#37 = EDGE_CURVE ( 'NONE', #993, #1275, #2146, .T. ) ;
#38 = FACE_OUTER_BOUND ( 'NONE', #3139, .T. ) ;
#39 = CARTESIAN_POINT ( 'NONE',  ( 47.30000000010326033, 6.049999999805488748, 60.00000000000000000 ) ) ;
#40 = DIRECTION ( 'NONE',  ( -1.000000000000000000, 0.0000000000000000000, 0.0000000000000000000 ) ) ;
#41 = AXIS2_PLACEMENT_3D ( 'NONE', #2060, #1999, #3654 ) ;
#42 = AXIS2_PLACEMENT_3D ( 'NONE', #3379, #1688, #2414 ) ;
#43 = ORIENTED_EDGE ( 'NONE', *, *, #2019, .F. ) ;
#44 = VERTEX_POINT ( 'NONE', #2877 ) ;
#45 = CARTESIAN_POINT ( 'NONE',  ( 44.80000000010336692, 2.499999999806379325, -60.00000000000000000 ) ) ;
#46 = CARTESIAN_POINT ( 'NONE',  ( -47.58578643762652405, -17.40848541902979818, 0.7500000000000000000 ) ) ;
#47 = EDGE_CURVE ( 'NONE', #2758, #44, #1471, .T. ) ;
#48 = DIRECTION ( 'NONE',  ( -1.000000000000000000, 0.0000000000000000000, 0.0000000000000000000 ) ) ;
#49 = VERTEX_POINT ( 'NONE', #2565 ) ;
#50 = CARTESIAN_POINT ( 'NONE',  ( 49.74999999999893419, 19.40000000032571137, 60.00000000000000000 ) ) ;
#51 = CARTESIAN_POINT ( 'NONE',  ( 48.90000000010519443, 11.94427185665847269, -0.2500000000000062728 ) ) ;
#52 = ORIENTED_EDGE ( 'NONE', *, *, #3949, .F. ) ;
#53 = ORIENTED_EDGE ( 'NONE', *, *, #3677, .T. ) ;
#54 = CARTESIAN_POINT ( 'NONE',  ( -47.30000000010525696, 11.94427185665847269, 0.7500000000000000000 ) ) ;
#55 = EDGE_CURVE ( 'NONE', #3022, #968, #2841, .T. ) ;
#56 = LINE ( 'NONE', #1677, #3785 ) ;
#57 = EDGE_CURVE ( 'NONE', #3335, #4098, #3701, .T. ) ;
#58 = ORIENTED_EDGE ( 'NONE', *, *, #3825, .T. ) ;
#59 = FACE_OUTER_BOUND ( 'NONE', #484, .T. ) ;
#60 = CARTESIAN_POINT ( 'NONE',  ( -50.94999999999937756, 17.80000000046327813, 60.00000000000000000 ) ) ;
#61 = DIRECTION ( 'NONE',  ( 1.000000000000000000, 0.0000000000000000000, 0.0000000000000000000 ) ) ;
#62 = CARTESIAN_POINT ( 'NONE',  ( 46.40510708291889586, 8.599999999702511388, -60.00000000000000000 ) ) ;
#63 = VERTEX_POINT ( 'NONE', #3274 ) ;
#64 = EDGE_LOOP ( 'NONE', ( #641, #3933, #2948, #1741 ) ) ;
#65 = UNCERTAINTY_MEASURE_WITH_UNIT (LENGTH_MEASURE( 1.000000000000000082E-05 ), #1025, 'distance_accuracy_value', 'NONE');
#66 = PLANE ( 'NONE',  #1313 ) ;
#67 = CIRCLE ( 'NONE', #542, 0.1999999999999987899 ) ;
#68 = DIRECTION ( 'NONE',  ( -1.000000000000000000, 0.0000000000000000000, 0.0000000000000000000 ) ) ;
#69 = VECTOR ( 'NONE', #2488, 1000.000000000000000 ) ;
#70 = DIRECTION ( 'NONE',  ( 0.0000000000000000000, 0.0000000000000000000, -1.000000000000000000 ) ) ;
#71 = ORIENTED_EDGE ( 'NONE', *, *, #2093, .T. ) ;
#72 = AXIS2_PLACEMENT_3D ( 'NONE', #1107, #2398, #3683 ) ;
#73 = DIRECTION ( 'NONE',  ( -0.0000000000000000000, -0.0000000000000000000, -1.000000000000000000 ) ) ;
#74 = PRESENTATION_LAYER_ASSIGNMENT (  '', '', ( #3841 ) ) ;
#75 = CYLINDRICAL_SURFACE ( 'NONE', #2838, 1.599999999999990319 ) ;
#76 = VERTEX_POINT ( 'NONE', #1387 ) ;
#77 = VERTEX_POINT ( 'NONE', #2666 ) ;
#78 = DIRECTION ( 'NONE',  ( 1.000000000000000000, 0.0000000000000000000, 0.0000000000000000000 ) ) ;
#79 = LINE ( 'NONE', #1358, #148 ) ;
#80 = ORIENTED_EDGE ( 'NONE', *, *, #1842, .T. ) ;
#81 = DIRECTION ( 'NONE',  ( 0.0000000000000000000, 0.0000000000000000000, 1.000000000000000000 ) ) ;
#82 = DIRECTION ( 'NONE',  ( -0.0000000000000000000, -0.0000000000000000000, -1.000000000000000000 ) ) ;
#83 = ADVANCED_FACE ( 'NONE', ( #3594 ), #2915, .F. ) ;
#84 = CARTESIAN_POINT ( 'NONE',  ( 47.58578643762667326, -17.40848541902717628, 0.7500000000000000000 ) ) ;
#85 = CARTESIAN_POINT ( 'NONE',  ( 44.80000000010336692, 2.499999999806379325, -60.00000000000000000 ) ) ;
#86 = ORIENTED_EDGE ( 'NONE', *, *, #611, .F. ) ;
#87 = EDGE_LOOP ( 'NONE', ( #3696, #3587, #1649, #3415 ) ) ;
#88 =( LENGTH_UNIT ( ) NAMED_UNIT ( * ) SI_UNIT ( .MILLI., .METRE. ) );
#89 = ADVANCED_FACE ( 'NONE', ( #410 ), #699, .T. ) ;
#90 = DIRECTION ( 'NONE',  ( 1.000000000000000000, 0.0000000000000000000, 0.0000000000000000000 ) ) ;
#91 = AXIS2_PLACEMENT_3D ( 'NONE', #626, #937, #4134 ) ;
#92 = DIRECTION ( 'NONE',  ( 0.0000000000000000000, -1.000000000000000000, 0.0000000000000000000 ) ) ;
#93 = ORIENTED_EDGE ( 'NONE', *, *, #2489, .F. ) ;
#94 = ADVANCED_FACE ( 'NONE', ( #1985 ), #742, .T. ) ;
#95 = DIRECTION ( 'NONE',  ( 1.000000000000000000, 0.0000000000000000000, 0.0000000000000000000 ) ) ;
#96 = CARTESIAN_POINT ( 'NONE',  ( -46.17157287525380838, -15.99427185665658335, 0.7500000000000000000 ) ) ;
#97 = ORIENTED_EDGE ( 'NONE', *, *, #706, .T. ) ;
#98 = CARTESIAN_POINT ( 'NONE',  ( -48.60000000010715127, 6.049999999804822615, -60.00000000000000000 ) ) ;
#99 = CARTESIAN_POINT ( 'NONE',  ( -43.30000000010716832, 4.699999999805769768, 60.00000000000000000 ) ) ;
#100 = ORIENTED_EDGE ( 'NONE', *, *, #527, .F. ) ;
#101 = CARTESIAN_POINT ( 'NONE',  ( -51.41421356237282936, 4.414213562371149813, 60.00000000000000000 ) ) ;
#102 = VECTOR ( 'NONE', #687, 1000.000000000000114 ) ;
#103 = ORIENTED_EDGE ( 'NONE', *, *, #2566, .T. ) ;
#104 = CARTESIAN_POINT ( 'NONE',  ( 51.41421356237280094, 13.58005829428532429, 0.7500000000000000000 ) ) ;
#105 = PLANE ( 'NONE',  #3441 ) ;
#106 = ORIENTED_EDGE ( 'NONE', *, *, #2425, .F. ) ;
#107 = VERTEX_POINT ( 'NONE', #1707 ) ;
#108 = VECTOR ( 'NONE', #3371, 1000.000000000000000 ) ;
#109 = CARTESIAN_POINT ( 'NONE',  ( 49.89999999999800195, 12.09999999970410300, -60.00000000000000000 ) ) ;
#110 = AXIS2_PLACEMENT_3D ( 'NONE', #557, #865, #1843 ) ;
#111 = LINE ( 'NONE', #1370, #3639 ) ;
#112 = EDGE_CURVE ( 'NONE', #366, #944, #2626, .T. ) ;
#113 = EDGE_CURVE ( 'NONE', #122, #2370, #1963, .T. ) ;
#114 = AXIS2_PLACEMENT_3D ( 'NONE', #3700, #3722, #823 ) ;
#115 = CARTESIAN_POINT ( 'NONE',  ( -47.70000000000096918, 11.09999999970110096, -60.00000000000000000 ) ) ;
#116 = DIRECTION ( 'NONE',  ( -0.0000000000000000000, -0.0000000000000000000, -1.000000000000000000 ) ) ;
#117 = DIRECTION ( 'NONE',  ( 0.0000000000000000000, 0.0000000000000000000, 1.000000000000000000 ) ) ;
#118 = EDGE_CURVE ( 'NONE', #3619, #2967, #3026, .T. ) ;
#119 = ORIENTED_EDGE ( 'NONE', *, *, #2213, .T. ) ;
#120 = DIRECTION ( 'NONE',  ( 0.0000000000000000000, -0.0000000000000000000, -1.000000000000000000 ) ) ;
#121 = PLANE ( 'NONE',  #3836 ) ;
#122 = VERTEX_POINT ( 'NONE', #2348 ) ;
#123 = DIRECTION ( 'NONE',  ( 1.000000000000000000, 0.0000000000000000000, 0.0000000000000000000 ) ) ;
#124 = ORIENTED_EDGE ( 'NONE', *, *, #2067, .F. ) ;
#125 = DIRECTION ( 'NONE',  ( -0.0000000000000000000, -0.0000000000000000000, 1.000000000000000000 ) ) ;
#126 = CARTESIAN_POINT ( 'NONE',  ( -50.00000000000191847, 9.099999999702291120, 60.00000000000000000 ) ) ;
#127 = ORIENTED_EDGE ( 'NONE', *, *, #831, .F. ) ;
#128 = CIRCLE ( 'NONE', #2830, 2.600000000000019185 ) ;
#129 = ORIENTED_EDGE ( 'NONE', *, *, #927, .T. ) ;
#130 = AXIS2_PLACEMENT_3D ( 'NONE', #1521, #3520, #3782 ) ;
#131 = FACE_OUTER_BOUND ( 'NONE', #2189, .T. ) ;
#132 = AXIS2_PLACEMENT_3D ( 'NONE', #3034, #145, #3055 ) ;
#133 = AXIS2_PLACEMENT_3D ( 'NONE', #3291, #1979, #2621 ) ;
#134 = CARTESIAN_POINT ( 'NONE',  ( 46.17157287525380838, 2.000000000001223022, 60.00000000000000000 ) ) ;
#135 = AXIS2_PLACEMENT_3D ( 'NONE', #972, #2654, #1267 ) ;
#136 = ADVANCED_FACE ( 'NONE', ( #367 ), #2607, .T. ) ;
#137 = CARTESIAN_POINT ( 'NONE',  ( -43.50000000010717116, 4.499999999805770479, 60.00000000000000000 ) ) ;
#138 = DIRECTION ( 'NONE',  ( 1.825147450243434342E-14, 1.000000000000000000, 0.0000000000000000000 ) ) ;
#139 = AXIS2_PLACEMENT_3D ( 'NONE', #1959, #425, #2274 ) ;
#140 = EDGE_LOOP ( 'NONE', ( #467, #3430, #1271, #1695 ) ) ;
#141 = EDGE_CURVE ( 'NONE', #2312, #366, #723, .T. ) ;
#142 = ADVANCED_FACE ( 'NONE', ( #2307 ), #3961, .F. ) ;
#143 = MECHANICAL_DESIGN_GEOMETRIC_PRESENTATION_REPRESENTATION (  '', ( #3841 ), #2441 ) ;
#144 = ADVANCED_FACE ( 'NONE', ( #991 ), #2373, .F. ) ;
#145 = DIRECTION ( 'NONE',  ( 0.0000000000000000000, 0.0000000000000000000, 1.000000000000000000 ) ) ;
#146 = CARTESIAN_POINT ( 'NONE',  ( 43.38284271257798252, 2.299999999806379147, -60.00000000000000000 ) ) ;
#147 = ORIENTED_EDGE ( 'NONE', *, *, #529, .F. ) ;
#148 = VECTOR ( 'NONE', #2658, 1000.000000000000000 ) ;
#149 = CARTESIAN_POINT ( 'NONE',  ( 48.59999999999892850, 19.40000000032571137, 60.00000000000000000 ) ) ;
#150 = ORIENTED_EDGE ( 'NONE', *, *, #1575, .T. ) ;
#151 = CARTESIAN_POINT ( 'NONE',  ( 45.81339312537141240, 6.049999999805654838, 60.00000000000000000 ) ) ;
#152 = CARTESIAN_POINT ( 'NONE',  ( -44.80000000010711858, 2.499999999805768702, 60.00000000000000000 ) ) ;
#153 = ORIENTED_EDGE ( 'NONE', *, *, #1553, .T. ) ;
#154 = ORIENTED_EDGE ( 'NONE', *, *, #931, .F. ) ;
#155 = DIRECTION ( 'NONE',  ( 0.0000000000000000000, 0.0000000000000000000, 1.000000000000000000 ) ) ;
#156 = VECTOR ( 'NONE', #1020, 1000.000000000000000 ) ;
#157 = DIRECTION ( 'NONE',  ( 0.0000000000000000000, 1.000000000000000000, 0.0000000000000000000 ) ) ;
#158 = VERTEX_POINT ( 'NONE', #2935 ) ;
#159 = DIRECTION ( 'NONE',  ( 0.0000000000000000000, 0.0000000000000000000, -1.000000000000000000 ) ) ;
#160 = DIRECTION ( 'NONE',  ( 0.0000000000000000000, 0.0000000000000000000, 1.000000000000000000 ) ) ;
#161 = ORIENTED_EDGE ( 'NONE', *, *, #1970, .T. ) ;
#162 = AXIS2_PLACEMENT_3D ( 'NONE', #1639, #649, #1701 ) ;
#163 = EDGE_CURVE ( 'NONE', #4020, #2909, #3660, .T. ) ;
#164 = DIRECTION ( 'NONE',  ( -0.0000000000000000000, -0.0000000000000000000, -1.000000000000000000 ) ) ;
#165 = VECTOR ( 'NONE', #2534, 1000.000000000000000 ) ;
#166 = DIRECTION ( 'NONE',  ( -0.0000000000000000000, -0.0000000000000000000, -1.000000000000000000 ) ) ;
#167 = ORIENTED_EDGE ( 'NONE', *, *, #118, .F. ) ;
#168 = DIRECTION ( 'NONE',  ( -1.000000000000000000, 0.0000000000000000000, 0.0000000000000000000 ) ) ;
#169 = VERTEX_POINT ( 'NONE', #346 ) ;
#170 = DIRECTION ( 'NONE',  ( -0.0000000000000000000, -0.0000000000000000000, -1.000000000000000000 ) ) ;
#171 = DIRECTION ( 'NONE',  ( 0.0000000000000000000, 0.0000000000000000000, -1.000000000000000000 ) ) ;
#172 = EDGE_CURVE ( 'NONE', #359, #2058, #1037, .T. ) ;
#173 = VERTEX_POINT ( 'NONE', #2323 ) ;
#174 = ORIENTED_EDGE ( 'NONE', *, *, #758, .F. ) ;
#175 =( LENGTH_UNIT ( ) NAMED_UNIT ( * ) SI_UNIT ( .MILLI., .METRE. ) );
#176 = DIRECTION ( 'NONE',  ( -0.0000000000000000000, -0.0000000000000000000, -1.000000000000000000 ) ) ;
#177 = CARTESIAN_POINT ( 'NONE',  ( -47.30000000010525696, -11.94427185665641922, -0.2500000000000340283 ) ) ;
#178 = AXIS2_PLACEMENT_3D ( 'NONE', #3218, #337, #2680 ) ;
#179 = AXIS2_PLACEMENT_3D ( 'NONE', #2505, #2797, #3481 ) ;
#180 = ORIENTED_EDGE ( 'NONE', *, *, #750, .F. ) ;
#181 = DIRECTION ( 'NONE',  ( -1.000000000000000000, 0.0000000000000000000, 0.0000000000000000000 ) ) ;
#182 = CARTESIAN_POINT ( 'NONE',  ( -51.41421356237285778, -13.58005829428327083, 0.7500000000000000000 ) ) ;
#183 = CIRCLE ( 'NONE', #313, 0.1999999999999987899 ) ;
#184 = ORIENTED_EDGE ( 'NONE', *, *, #351, .F. ) ;
#185 =( GEOMETRIC_REPRESENTATION_CONTEXT ( 3 ) GLOBAL_UNCERTAINTY_ASSIGNED_CONTEXT ( ( #408 ) ) GLOBAL_UNIT_ASSIGNED_CONTEXT ( ( #2457, #3122, #1520 ) ) REPRESENTATION_CONTEXT ( 'NONE', 'WORKASPACE' ) );
#186 = CARTESIAN_POINT ( 'NONE',  ( -50.94999999999937756, 17.80000000046327813, 60.00000000000000000 ) ) ;
#187 = DIRECTION ( 'NONE',  ( 1.000000000000000000, 0.0000000000000000000, 0.0000000000000000000 ) ) ;
#188 = VERTEX_POINT ( 'NONE', #1325 ) ;
#189 = CARTESIAN_POINT ( 'NONE',  ( 47.30000000010520012, -11.94427185665641922, -0.7500000000000000000 ) ) ;
#190 = VERTEX_POINT ( 'NONE', #1349 ) ;
#191 = ADVANCED_FACE ( 'NONE', ( #3297 ), #1690, .F. ) ;
#192 = CARTESIAN_POINT ( 'NONE',  ( -50.00000000000191847, 14.09999999970129636, -60.00000000000000000 ) ) ;
#193 = CYLINDRICAL_SURFACE ( 'NONE', #1153, 0.1999999999999987899 ) ;
#194 = ORIENTED_EDGE ( 'NONE', *, *, #780, .F. ) ;
#195 = ORIENTED_EDGE ( 'NONE', *, *, #3751, .T. ) ;
#196 = PRODUCT_CONTEXT ( 'NONE', #1937, 'mechanical' ) ;
#197 = CARTESIAN_POINT ( 'NONE',  ( 43.38284271257798252, 2.499999999806379325, 60.00000000000000000 ) ) ;
#198 = EDGE_CURVE ( 'NONE', #2906, #2474, #201, .T. ) ;
#199 = APPLICATION_CONTEXT ( 'automotive_design' ) ;
#200 = DIRECTION ( 'NONE',  ( 0.0000000000000000000, 0.0000000000000000000, 1.000000000000000000 ) ) ;
#201 = CIRCLE ( 'NONE', #1541, 1.999999999999994893 ) ;
#202 = ORIENTED_EDGE ( 'NONE', *, *, #1775, .F. ) ;
#203 = CARTESIAN_POINT ( 'NONE',  ( -43.50000000010717116, 4.499999999805770479, -60.00000000000000000 ) ) ;
#204 = DIRECTION ( 'NONE',  ( 0.0000000000000000000, 0.0000000000000000000, -1.000000000000000000 ) ) ;
#205 = CIRCLE ( 'NONE', #132, 1.999999999999814371 ) ;
#206 = VECTOR ( 'NONE', #2009, 1000.000000000000000 ) ;
#207 = ORIENTED_EDGE ( 'NONE', *, *, #3653, .T. ) ;
#208 = CARTESIAN_POINT ( 'NONE',  ( -50.74999999999938183, 17.60000000046327884, -60.00000000000000000 ) ) ;
#209 = VECTOR ( 'NONE', #2424, 1000.000000000000000 ) ;
#210 = DIRECTION ( 'NONE',  ( 0.0000000000000000000, 0.0000000000000000000, 1.000000000000000000 ) ) ;
#211 = ORIENTED_EDGE ( 'NONE', *, *, #1881, .F. ) ;
#212 = DIRECTION ( 'NONE',  ( -0.0000000000000000000, -0.0000000000000000000, -1.000000000000000000 ) ) ;
#213 = AXIS2_PLACEMENT_3D ( 'NONE', #650, #3448, #2508 ) ;
#214 = VERTEX_POINT ( 'NONE', #4004 ) ;
#215 = CARTESIAN_POINT ( 'NONE',  ( -43.80000000010716832, 6.049999999805044659, -60.00000000000000000 ) ) ;
#216 = DIRECTION ( 'NONE',  ( 0.0000000000000000000, -1.000000000000000000, 0.0000000000000000000 ) ) ;
#217 = EDGE_LOOP ( 'NONE', ( #2955, #1371, #4019, #966 ) ) ;
#218 = ORIENTED_EDGE ( 'NONE', *, *, #2212, .T. ) ;
#219 = EDGE_CURVE ( 'NONE', #1317, #2997, #1475, .T. ) ;
#220 = CARTESIAN_POINT ( 'NONE',  ( 2.879189131950950831, 25.68808731941518531, 120.0000000000000142 ) ) ;
#221 = CARTESIAN_POINT ( 'NONE',  ( -49.99999999999954525, 12.16584473190973625, 0.7500000000000000000 ) ) ;
#222 = ADVANCED_FACE ( 'NONE', ( #131 ), #3721, .F. ) ;
#223 = EDGE_CURVE ( 'NONE', #3926, #2758, #509, .T. ) ;
#224 = CARTESIAN_POINT ( 'NONE',  ( -51.41421356237282936, 4.414213562371149813, -60.00000000000000000 ) ) ;
#225 = ORIENTED_EDGE ( 'NONE', *, *, #752, .F. ) ;
#226 = DIRECTION ( 'NONE',  ( -0.0000000000000000000, -0.0000000000000000000, -1.000000000000000000 ) ) ;
#227 = CARTESIAN_POINT ( 'NONE',  ( -46.55669656274127988, 7.337439318763849805, 60.00000000000000000 ) ) ;
#228 = ORIENTED_EDGE ( 'NONE', *, *, #556, .T. ) ;
#229 = VECTOR ( 'NONE', #3631, 1000.000000000000000 ) ;
#230 = FACE_OUTER_BOUND ( 'NONE', #3678, .T. ) ;
#231 = DIRECTION ( 'NONE',  ( 0.0000000000000000000, 0.0000000000000000000, 1.000000000000000000 ) ) ;
#232 = ORIENTED_EDGE ( 'NONE', *, *, #223, .T. ) ;
#233 = CARTESIAN_POINT ( 'NONE',  ( 46.80591475770853549, 7.252447409569317216, -60.00000000000000000 ) ) ;
#234 = ORIENTED_EDGE ( 'NONE', *, *, #801, .F. ) ;
#235 = CARTESIAN_POINT ( 'NONE',  ( -47.58578643762667326, 17.40848541902928304, -0.7500000000000000000 ) ) ;
#236 = EDGE_CURVE ( 'NONE', #1780, #1120, #2796, .T. ) ;
#237 = CARTESIAN_POINT ( 'NONE',  ( 43.80000000010333849, 6.049999999805654838, -60.00000000000000000 ) ) ;
#238 = VERTEX_POINT ( 'NONE', #197 ) ;
#239 = DIRECTION ( 'NONE',  ( -1.000000000000000000, 0.0000000000000000000, -0.0000000000000000000 ) ) ;
#240 = DIRECTION ( 'NONE',  ( 1.000000000000000000, 0.0000000000000000000, 0.0000000000000000000 ) ) ;
#241 = ORIENTED_EDGE ( 'NONE', *, *, #912, .T. ) ;
#242 = EDGE_CURVE ( 'NONE', #3718, #2609, #4148, .T. ) ;
#243 = DIRECTION ( 'NONE',  ( 1.000000000000000000, 0.0000000000000000000, 0.0000000000000000000 ) ) ;
#244 = EDGE_CURVE ( 'NONE', #3718, #3370, #1104, .T. ) ;
#245 = DIRECTION ( 'NONE',  ( -1.000000000000000000, 0.0000000000000000000, 0.0000000000000000000 ) ) ;
#246 = ADVANCED_FACE ( 'NONE', ( #3085 ), #1818, .T. ) ;
#247 = VERTEX_POINT ( 'NONE', #3065 ) ;
#248 = CARTESIAN_POINT ( 'NONE',  ( -48.54999999999999005, 17.80000000040143959, 60.00000000000000000 ) ) ;
#249 = AXIS2_PLACEMENT_3D ( 'NONE', #835, #2083, #2749 ) ;
#250 = CARTESIAN_POINT ( 'NONE',  ( -47.30000000010711858, 6.049999999804822615, -60.00000000000000000 ) ) ;
#251 = PRESENTATION_LAYER_ASSIGNMENT (  '', '', ( #977 ) ) ;
#252 = ORIENTED_EDGE ( 'NONE', *, *, #2617, .F. ) ;
#253 = LINE ( 'NONE', #1533, #108 ) ;
#254 = ADVANCED_BREP_SHAPE_REPRESENTATION ( '', ( #2148, #42 ), #449 ) ;
#255 = ORIENTED_EDGE ( 'NONE', *, *, #1676, .T. ) ;
#256 = LINE ( 'NONE', #4096, #1898 ) ;
#257 = DIRECTION ( 'NONE',  ( 0.0000000000000000000, -0.0000000000000000000, -1.000000000000000000 ) ) ;
#258 = ORIENTED_EDGE ( 'NONE', *, *, #2415, .F. ) ;
#259 = DIRECTION ( 'NONE',  ( 1.000000000000000000, 0.0000000000000000000, 0.0000000000000000000 ) ) ;
#260 = CARTESIAN_POINT ( 'NONE',  ( -46.17157287525336073, 17.99427185665592077, -0.7500000000000000000 ) ) ;
#261 = CARTESIAN_POINT ( 'NONE',  ( 44.80000000010336692, 2.499999999806379325, -60.00000000000000000 ) ) ;
#262 = DIRECTION ( 'NONE',  ( 0.0000000000000000000, 0.0000000000000000000, 1.000000000000000000 ) ) ;
#263 = FACE_OUTER_BOUND ( 'NONE', #3038, .T. ) ;
#264 = CARTESIAN_POINT ( 'NONE',  ( 47.69999999999784990, 17.60000000040527723, 60.00000000000000000 ) ) ;
#265 = VECTOR ( 'NONE', #2416, 1000.000000000000114 ) ;
#266 = EDGE_CURVE ( 'NONE', #3087, #1620, #3767, .T. ) ;
#267 = LINE ( 'NONE', #1883, #1433 ) ;
#268 = AXIS2_PLACEMENT_3D ( 'NONE', #3049, #155, #1431 ) ;
#269 = CYLINDRICAL_SURFACE ( 'NONE', #2570, 1.599999999999990319 ) ;
#270 = ORIENTED_EDGE ( 'NONE', *, *, #2521, .T. ) ;
#271 = EDGE_CURVE ( 'NONE', #3453, #2047, #3363, .T. ) ;
#272 = ADVANCED_FACE ( 'NONE', ( #1750 ), #3738, .F. ) ;
#273 = LINE ( 'NONE', #1556, #2480 ) ;
#274 = AXIS2_PLACEMENT_3D ( 'NONE', #849, #2201, #204 ) ;
#275 = VERTEX_POINT ( 'NONE', #2481 ) ;
#276 = AXIS2_PLACEMENT_3D ( 'NONE', #3152, #2143, #1173 ) ;
#277 = CARTESIAN_POINT ( 'NONE',  ( -51.99999999999957367, 5.828427124744517407, -60.00000000000000000 ) ) ;
#278 =( NAMED_UNIT ( * ) SI_UNIT ( $, .STERADIAN. ) SOLID_ANGLE_UNIT ( ) );
#279 = VERTEX_POINT ( 'NONE', #3759 ) ;
#280 = VECTOR ( 'NONE', #474, 1000.000000000000000 ) ;
#281 = CARTESIAN_POINT ( 'NONE',  ( 2.879189131949448477, 7.693815462758043289, 180.7500000000000000 ) ) ;
#282 = CARTESIAN_POINT ( 'NONE',  ( 45.81339312537141240, 6.049999999805654838, 60.00000000000000000 ) ) ;
#283 = CIRCLE ( 'NONE', #3044, 2.000000000000445866 ) ;
#284 = CARTESIAN_POINT ( 'NONE',  ( -50.74999999999938183, 17.50000000043254289, -60.00000000000000000 ) ) ;
#285 = VERTEX_POINT ( 'NONE', #3338 ) ;
#286 = DIRECTION ( 'NONE',  ( -0.0000000000000000000, 0.0000000000000000000, 1.000000000000000000 ) ) ;
#287 = LINE ( 'NONE', #4071, #165 ) ;
#288 = CARTESIAN_POINT ( 'NONE',  ( -47.30000000010525696, -11.94427185665641922, -0.2500000000000340283 ) ) ;
#289 = ORIENTED_EDGE ( 'NONE', *, *, #2328, .T. ) ;
#290 = CARTESIAN_POINT ( 'NONE',  ( 46.17157287525331100, -17.99427185665476614, 0.7500000000000000000 ) ) ;
#291 = ORIENTED_EDGE ( 'NONE', *, *, #1145, .T. ) ;
#292 = DIRECTION ( 'NONE',  ( -0.7071067811865474617, -0.7071067811865474617, 0.0000000000000000000 ) ) ;
#293 = CIRCLE ( 'NONE', #2989, 0.1999999999999987899 ) ;
#294 = EDGE_CURVE ( 'NONE', #821, #49, #1203, .T. ) ;
#295 = CARTESIAN_POINT ( 'NONE',  ( -45.81339312537522090, 6.049999999805044659, 60.00000000000000000 ) ) ;
#296 = ORIENTED_EDGE ( 'NONE', *, *, #2196, .T. ) ;
#297 = DIRECTION ( 'NONE',  ( 0.0000000000000000000, 0.0000000000000000000, 1.000000000000000000 ) ) ;
#298 = DIRECTION ( 'NONE',  ( 0.0000000000000000000, 0.0000000000000000000, 1.000000000000000000 ) ) ;
#299 = LINE ( 'NONE', #1525, #734 ) ;
#300 = CARTESIAN_POINT ( 'NONE',  ( -45.97209438103063661, 8.349999999702314213, 60.00000000000000000 ) ) ;
#301 = CONICAL_SURFACE ( 'NONE', #1047, 1.599999999999990319, 0.7853981633974456145 ) ;
#302 = EDGE_CURVE ( 'NONE', #238, #772, #3565, .T. ) ;
#303 = PLANE ( 'NONE',  #2378 ) ;
#304 = CYLINDRICAL_SURFACE ( 'NONE', #276, 2.000000000000015543 ) ;
#305 = ORIENTED_EDGE ( 'NONE', *, *, #2176, .T. ) ;
#306 = CARTESIAN_POINT ( 'NONE',  ( 43.30000000010336692, 2.499999999806379325, 60.00000000000000000 ) ) ;
#307 = AXIS2_PLACEMENT_3D ( 'NONE', #2904, #2188, #4150 ) ;
#308 = ORIENTED_EDGE ( 'NONE', *, *, #856, .F. ) ;
#309 =( GEOMETRIC_REPRESENTATION_CONTEXT ( 3 ) GLOBAL_UNCERTAINTY_ASSIGNED_CONTEXT ( ( #2646 ) ) GLOBAL_UNIT_ASSIGNED_CONTEXT ( ( #1386, #2048, #1726 ) ) REPRESENTATION_CONTEXT ( 'NONE', 'WORKASPACE' ) );
#310 = CARTESIAN_POINT ( 'NONE',  ( -47.50000000000085265, 11.89999999970111411, -60.00000000000000000 ) ) ;
#311 = DIRECTION ( 'NONE',  ( 1.000000000000000000, 0.0000000000000000000, 0.0000000000000000000 ) ) ;
#312 = EDGE_LOOP ( 'NONE', ( #2418, #3153, #1928, #3766 ) ) ;
#313 = AXIS2_PLACEMENT_3D ( 'NONE', #2442, #1972, #3358 ) ;
#314 = EDGE_CURVE ( 'NONE', #3976, #320, #3896, .T. ) ;
#315 = EDGE_CURVE ( 'NONE', #2174, #1926, #799, .T. ) ;
#316 = CARTESIAN_POINT ( 'NONE',  ( -46.40510708292314490, 9.099999999702291120, -60.00000000000000000 ) ) ;
#317 = EDGE_CURVE ( 'NONE', #3711, #285, #489, .T. ) ;
#318 = FACE_OUTER_BOUND ( 'NONE', #1704, .T. ) ;
#319 = ORIENTED_EDGE ( 'NONE', *, *, #3212, .F. ) ;
#320 = VERTEX_POINT ( 'NONE', #1455 ) ;
#321 = EDGE_CURVE ( 'NONE', #2225, #3201, #1142, .T. ) ;
#322 = CARTESIAN_POINT ( 'NONE',  ( 47.30000000010520012, 11.94427185665847269, -0.2500000000000062728 ) ) ;
#323 = ORIENTED_EDGE ( 'NONE', *, *, #1190, .F. ) ;
#324 = CARTESIAN_POINT ( 'NONE',  ( -46.40510708292314490, 9.099999999702291120, 60.00000000000000000 ) ) ;
#325 = ORIENTED_EDGE ( 'NONE', *, *, #3156, .T. ) ;
#326 = PLANE ( 'NONE',  #11 ) ;
#327 = CARTESIAN_POINT ( 'NONE',  ( 46.17157287525286335, 15.99427185665869189, 0.7500000000000000000 ) ) ;
#328 = ORIENTED_EDGE ( 'NONE', *, *, #2419, .T. ) ;
#329 = DIRECTION ( 'NONE',  ( 1.000000000000000000, 0.0000000000000000000, 0.0000000000000000000 ) ) ;
#330 = AXIS2_PLACEMENT_3D ( 'NONE', #2713, #3380, #4062 ) ;
#331 = ORIENTED_EDGE ( 'NONE', *, *, #3573, .F. ) ;
#332 = DIRECTION ( 'NONE',  ( -0.0000000000000000000, 1.000000000000000000, -0.0000000000000000000 ) ) ;
#333 = EDGE_LOOP ( 'NONE', ( #1174, #1725, #1951, #1253 ) ) ;
#334 = AXIS2_PLACEMENT_3D ( 'NONE', #1376, #1463, #3014 ) ;
#335 = CIRCLE ( 'NONE', #1405, 0.1999999999999987899 ) ;
#336 = VECTOR ( 'NONE', #2204, 1000.000000000000000 ) ;
#337 = DIRECTION ( 'NONE',  ( -0.0000000000000000000, -0.0000000000000000000, -1.000000000000000000 ) ) ;
#338 = CARTESIAN_POINT ( 'NONE',  ( -44.80000000010716832, 4.499999999805770479, 60.00000000000000000 ) ) ;
#339 = VECTOR ( 'NONE', #1329, 1000.000000000000114 ) ;
#340 = CARTESIAN_POINT ( 'NONE',  ( -44.80000000010711858, 2.499999999805768702, -60.00000000000000000 ) ) ;
#341 = VECTOR ( 'NONE', #159, 1000.000000000000000 ) ;
#342 = ORIENTED_EDGE ( 'NONE', *, *, #4021, .T. ) ;
#343 = VERTEX_POINT ( 'NONE', #2500 ) ;
#344 = DIRECTION ( 'NONE',  ( -0.0000000000000000000, -0.0000000000000000000, -1.000000000000000000 ) ) ;
#345 = AXIS2_PLACEMENT_3D ( 'NONE', #465, #1768, #860 ) ;
#346 = CARTESIAN_POINT ( 'NONE',  ( -50.00000000000191847, 11.09999999970110451, 60.00000000000000000 ) ) ;
#347 = DIRECTION ( 'NONE',  ( -0.0000000000000000000, -0.0000000000000000000, -1.000000000000000000 ) ) ;
#348 = VERTEX_POINT ( 'NONE', #4082 ) ;
#349 = EDGE_CURVE ( 'NONE', #1588, #3294, #2544, .T. ) ;
#350 = AXIS2_PLACEMENT_3D ( 'NONE', #1464, #1421, #2787 ) ;
#351 = EDGE_CURVE ( 'NONE', #2371, #3510, #1739, .T. ) ;
#352 = CARTESIAN_POINT ( 'NONE',  ( 50.59999999999934062, 18.62540333108464452, 60.00000000000000000 ) ) ;
#353 = CARTESIAN_POINT ( 'NONE',  ( -49.74999999999937472, 16.60000000043260115, -60.00000000000000000 ) ) ;
#354 = ORIENTED_EDGE ( 'NONE', *, *, #2401, .F. ) ;
#355 = DIRECTION ( 'NONE',  ( 0.0000000000000000000, 0.0000000000000000000, 1.000000000000000000 ) ) ;
#356 = ORIENTED_EDGE ( 'NONE', *, *, #1161, .F. ) ;
#357 = CARTESIAN_POINT ( 'NONE',  ( -50.00000000000191847, 2.000000000001223022, 60.00000000000000000 ) ) ;
#358 = FACE_OUTER_BOUND ( 'NONE', #2404, .T. ) ;
#359 = VERTEX_POINT ( 'NONE', #3499 ) ;
#360 = DIRECTION ( 'NONE',  ( -1.000000000000000000, -1.588350560327394396E-14, -0.0000000000000000000 ) ) ;
#361 = AXIS2_PLACEMENT_3D ( 'NONE', #1536, #3831, #3755 ) ;
#362 = CARTESIAN_POINT ( 'NONE',  ( -43.80000000010716832, 6.049999999805044659, 60.00000000000000000 ) ) ;
#363 = DIRECTION ( 'NONE',  ( -0.0000000000000000000, -0.0000000000000000000, -1.000000000000000000 ) ) ;
#364 = ORIENTED_EDGE ( 'NONE', *, *, #112, .F. ) ;
#365 = VECTOR ( 'NONE', #2995, 1000.000000000000000 ) ;
#366 = VERTEX_POINT ( 'NONE', #906 ) ;
#367 = FACE_OUTER_BOUND ( 'NONE', #3418, .T. ) ;
#368 = DIRECTION ( 'NONE',  ( -0.0000000000000000000, -0.0000000000000000000, -1.000000000000000000 ) ) ;
#369 = ORIENTED_EDGE ( 'NONE', *, *, #1462, .T. ) ;
#370 = ADVANCED_FACE ( 'NONE', ( #3143 ), #1540, .F. ) ;
#371 = FACE_BOUND ( 'NONE', #617, .T. ) ;
#372 = DIRECTION ( 'NONE',  ( 0.0000000000000000000, 0.0000000000000000000, 1.000000000000000000 ) ) ;
#373 = VERTEX_POINT ( 'NONE', #1200 ) ;
#374 = CARTESIAN_POINT ( 'NONE',  ( -48.74999999999998579, 17.60000000040144030, -60.00000000000000000 ) ) ;
#375 = ORIENTED_EDGE ( 'NONE', *, *, #351, .T. ) ;
#376 = CARTESIAN_POINT ( 'NONE',  ( 45.70000000010521291, -11.94427185665641922, -0.2500000000000062728 ) ) ;
#377 = CARTESIAN_POINT ( 'NONE',  ( -45.97209438103063661, 8.349999999702314213, -60.00000000000000000 ) ) ;
#378 = ORIENTED_EDGE ( 'NONE', *, *, #856, .T. ) ;
#379 = DIRECTION ( 'NONE',  ( -0.0000000000000000000, -0.0000000000000000000, -1.000000000000000000 ) ) ;
#380 = LINE ( 'NONE', #16, #3572 ) ;
#381 = DIRECTION ( 'NONE',  ( 0.5000000000000137668, -0.8660254037844306030, -0.0000000000000000000 ) ) ;
#382 = LINE ( 'NONE', #694, #671 ) ;
#383 = AXIS2_PLACEMENT_3D ( 'NONE', #3288, #773, #1658 ) ;
#384 = VERTEX_POINT ( 'NONE', #260 ) ;
#385 = DIRECTION ( 'NONE',  ( -0.0000000000000000000, -0.0000000000000000000, -1.000000000000000000 ) ) ;
#386 = CARTESIAN_POINT ( 'NONE',  ( 51.99999999999951683, 5.828427124747015853, -60.00000000000000000 ) ) ;
#387 = LINE ( 'NONE', #1667, #1477 ) ;
#388 = VERTEX_POINT ( 'NONE', #3461 ) ;
#389 = LINE ( 'NONE', #2571, #2858 ) ;
#390 = FACE_OUTER_BOUND ( 'NONE', #3558, .T. ) ;
#391 = EDGE_LOOP ( 'NONE', ( #2228, #1969, #3577, #2507 ) ) ;
#392 = PRODUCT_DEFINITION_SHAPE ( 'NONE', 'NONE',  #3374 ) ;
#393 = ADVANCED_FACE ( 'NONE', ( #3852 ), #3198, .F. ) ;
#394 = ORIENTED_EDGE ( 'NONE', *, *, #1907, .T. ) ;
#395 = FACE_OUTER_BOUND ( 'NONE', #1019, .T. ) ;
#396 = DIRECTION ( 'NONE',  ( -0.0000000000000000000, -1.000000000000000000, -0.0000000000000000000 ) ) ;
#397 = EDGE_CURVE ( 'NONE', #3982, #2812, #3443, .T. ) ;
#398 = ORIENTED_EDGE ( 'NONE', *, *, #855, .T. ) ;
#399 = AXIS2_PLACEMENT_3D ( 'NONE', #3941, #3319, #2049 ) ;
#400 = DIRECTION ( 'NONE',  ( -0.0000000000000000000, -0.0000000000000000000, -1.000000000000000000 ) ) ;
#401 = DIRECTION ( 'NONE',  ( 0.0000000000000000000, 0.0000000000000000000, 1.000000000000000000 ) ) ;
#402 = CARTESIAN_POINT ( 'NONE',  ( 50.59999999999932641, 18.62540333108465163, 60.00000000000000000 ) ) ;
#403 = DIRECTION ( 'NONE',  ( 0.0000000000000000000, 0.0000000000000000000, 1.000000000000000000 ) ) ;
#404 = VECTOR ( 'NONE', #1068, 1000.000000000000000 ) ;
#405 = VECTOR ( 'NONE', #3004, 1000.000000000000000 ) ;
#406 = EDGE_LOOP ( 'NONE', ( #2171, #3525, #3813, #2496 ) ) ;
#407 = ORIENTED_EDGE ( 'NONE', *, *, #1652, .T. ) ;
#408 = UNCERTAINTY_MEASURE_WITH_UNIT (LENGTH_MEASURE( 1.000000000000000082E-05 ), #2457, 'distance_accuracy_value', 'NONE');
#409 = CIRCLE ( 'NONE', #2569, 0.1999999999999779732 ) ;
#410 = FACE_OUTER_BOUND ( 'NONE', #652, .T. ) ;
#411 = CIRCLE ( 'NONE', #872, 2.000000000000036415 ) ;
#412 = CARTESIAN_POINT ( 'NONE',  ( 43.80000000010333849, 6.049999999805654838, 60.00000000000000000 ) ) ;
#413 = ORIENTED_EDGE ( 'NONE', *, *, #2498, .F. ) ;
#414 = AXIS2_PLACEMENT_3D ( 'NONE', #3657, #2912, #670 ) ;
#415 = DIRECTION ( 'NONE',  ( -1.000000000000000000, 0.0000000000000000000, 0.0000000000000000000 ) ) ;
#416 = PLANE ( 'NONE',  #1410 ) ;
#417 = EDGE_LOOP ( 'NONE', ( #1789, #657, #2127, #1129 ) ) ;
#418 = LINE ( 'NONE', #3071, #404 ) ;
#419 = SURFACE_STYLE_USAGE ( .BOTH. , #2618 ) ;
#420 = ORIENTED_EDGE ( 'NONE', *, *, #1440, .T. ) ;
#421 = PLANE ( 'NONE',  #383 ) ;
#422 = ORIENTED_EDGE ( 'NONE', *, *, #2596, .T. ) ;
#423 = ADVANCED_FACE ( 'NONE', ( #318 ), #1278, .F. ) ;
#424 = CARTESIAN_POINT ( 'NONE',  ( -49.74999999999937472, 16.60000000043260115, 60.00000000000000000 ) ) ;
#425 = DIRECTION ( 'NONE',  ( -0.0000000000000000000, -0.0000000000000000000, -1.000000000000000000 ) ) ;
#426 = ORIENTED_EDGE ( 'NONE', *, *, #3075, .T. ) ;
#427 = ORIENTED_EDGE ( 'NONE', *, *, #2695, .F. ) ;
#428 = SHAPE_REPRESENTATION_RELATIONSHIP ( 'NONE' , 'NONE' ,  #924, #2528 ) ;
#429 = ADVANCED_FACE ( 'NONE', ( #2815 ), #2889, .T. ) ;
#430 = DIRECTION ( 'NONE',  ( -1.000000000000000000, 0.0000000000000000000, 0.0000000000000000000 ) ) ;
#431 = CIRCLE ( 'NONE', #3321, 1.299999999999967848 ) ;
#432 = LINE ( 'NONE', #2668, #405 ) ;
#433 = CARTESIAN_POINT ( 'NONE',  ( -49.74999999999937472, 16.60000000043260115, 60.00000000000000000 ) ) ;
#434 = DIRECTION ( 'NONE',  ( 0.0000000000000000000, 0.0000000000000000000, 1.000000000000000000 ) ) ;
#435 = ORIENTED_EDGE ( 'NONE', *, *, #3125, .T. ) ;
#436 = CARTESIAN_POINT ( 'NONE',  ( 50.00000000000191847, 9.099999999702303555, -60.00000000000000000 ) ) ;
#437 = DIRECTION ( 'NONE',  ( 1.000000000000000000, 8.456776945386986335E-14, 0.0000000000000000000 ) ) ;
#438 = ORIENTED_EDGE ( 'NONE', *, *, #2876, .F. ) ;
#439 = LINE ( 'NONE', #1337, #2545 ) ;
#440 = VERTEX_POINT ( 'NONE', #2178 ) ;
#441 = CYLINDRICAL_SURFACE ( 'NONE', #3851, 1.300000000000037126 ) ;
#442 = DIRECTION ( 'NONE',  ( 1.000000000000000000, 3.005699599038905973E-14, 0.0000000000000000000 ) ) ;
#443 = ORIENTED_EDGE ( 'NONE', *, *, #3779, .T. ) ;
#444 = ORIENTED_EDGE ( 'NONE', *, *, #3870, .F. ) ;
#445 = EDGE_CURVE ( 'NONE', #2807, #2750, #1544, .T. ) ;
#446 = ADVANCED_FACE ( 'NONE', ( #2836 ), #1839, .T. ) ;
#447 = AXIS2_PLACEMENT_3D ( 'NONE', #2950, #81, #2341 ) ;
#448 = DIRECTION ( 'NONE',  ( -0.0000000000000000000, -0.0000000000000000000, -1.000000000000000000 ) ) ;
#449 =( GEOMETRIC_REPRESENTATION_CONTEXT ( 3 ) GLOBAL_UNCERTAINTY_ASSIGNED_CONTEXT ( ( #697 ) ) GLOBAL_UNIT_ASSIGNED_CONTEXT ( ( #88, #3047, #1366 ) ) REPRESENTATION_CONTEXT ( 'NONE', 'WORKASPACE' ) );
#450 = CARTESIAN_POINT ( 'NONE',  ( 45.97209438102678547, 8.349999999702484743, 60.00000000000000000 ) ) ;
#451 = EDGE_CURVE ( 'NONE', #633, #3111, #3163, .T. ) ;
#452 = AXIS2_PLACEMENT_3D ( 'NONE', #998, #157, #2095 ) ;
#453 = EDGE_CURVE ( 'NONE', #3958, #1275, #1561, .T. ) ;
#454 = EDGE_CURVE ( 'NONE', #562, #3191, #2854, .T. ) ;
#455 = CARTESIAN_POINT ( 'NONE',  ( -49.99999999999957367, 5.828427124744017362, 60.00000000000000000 ) ) ;
#456 = CYLINDRICAL_SURFACE ( 'NONE', #1685, 1.999999999999994893 ) ;
#457 = CARTESIAN_POINT ( 'NONE',  ( 52.00000000000149214, 12.16584473191201177, 0.7500000000000000000 ) ) ;
#458 = ORIENTED_EDGE ( 'NONE', *, *, #881, .T. ) ;
#459 = DIRECTION ( 'NONE',  ( -0.7071067811865456854, 8.659560562354910671E-17, 0.7071067811865493491 ) ) ;
#460 = LINE ( 'NONE', #2360, #3434 ) ;
#461 = ORIENTED_EDGE ( 'NONE', *, *, #47, .F. ) ;
#462 = CARTESIAN_POINT ( 'NONE',  ( 45.70000000010521291, 11.94427185665847269, -0.2500000000000062728 ) ) ;
#463 = ORIENTED_EDGE ( 'NONE', *, *, #1140, .F. ) ;
#464 = DIRECTION ( 'NONE',  ( -0.0000000000000000000, -0.0000000000000000000, -1.000000000000000000 ) ) ;
#465 = CARTESIAN_POINT ( 'NONE',  ( 47.30000000010520012, -11.94427185665641922, 0.7500000000000000000 ) ) ;
#466 = EDGE_CURVE ( 'NONE', #2997, #592, #2728, .T. ) ;
#467 = ORIENTED_EDGE ( 'NONE', *, *, #2920, .F. ) ;
#468 = ORIENTED_EDGE ( 'NONE', *, *, #1355, .F. ) ;
#469 = DIRECTION ( 'NONE',  ( 1.000000000000000000, 0.0000000000000000000, 0.0000000000000000000 ) ) ;
#470 = CIRCLE ( 'NONE', #2837, 0.1999999999999987899 ) ;
#471 = FACE_OUTER_BOUND ( 'NONE', #2040, .T. ) ;
#472 = AXIS2_PLACEMENT_3D ( 'NONE', #2224, #586, #853 ) ;
#473 = ORIENTED_EDGE ( 'NONE', *, *, #2725, .T. ) ;
#474 = DIRECTION ( 'NONE',  ( -0.0000000000000000000, -0.0000000000000000000, 1.000000000000000000 ) ) ;
#475 = EDGE_CURVE ( 'NONE', #1359, #2446, #3182, .T. ) ;
#476 = CARTESIAN_POINT ( 'NONE',  ( -50.94999999999937756, 17.60000000046327884, 60.00000000000000000 ) ) ;
#477 = AXIS2_PLACEMENT_3D ( 'NONE', #2044, #403, #1702 ) ;
#478 = ORIENTED_EDGE ( 'NONE', *, *, #2439, .F. ) ;
#479 = MECHANICAL_DESIGN_GEOMETRIC_PRESENTATION_REPRESENTATION (  '', ( #1215 ), #885 ) ;
#480 = CARTESIAN_POINT ( 'NONE',  ( -47.30000000010711858, 6.049999999804822615, 60.00000000000000000 ) ) ;
#481 = DIRECTION ( 'NONE',  ( -0.0000000000000000000, -0.0000000000000000000, -1.000000000000000000 ) ) ;
#482 = ORIENTED_EDGE ( 'NONE', *, *, #1239, .F. ) ;
#483 = FACE_OUTER_BOUND ( 'NONE', #1074, .T. ) ;
#484 = EDGE_LOOP ( 'NONE', ( #232, #1973, #1335, #1809 ) ) ;
#485 = DIRECTION ( 'NONE',  ( 1.588350560327268178E-14, -1.000000000000000000, 0.0000000000000000000 ) ) ;
#486 = LINE ( 'NONE', #2126, #1829 ) ;
#487 = ORIENTED_EDGE ( 'NONE', *, *, #2251, .F. ) ;
#488 = VERTEX_POINT ( 'NONE', #1254 ) ;
#489 = LINE ( 'NONE', #1773, #3960 ) ;
#490 = FACE_OUTER_BOUND ( 'NONE', #1794, .T. ) ;
#491 = ORIENTED_EDGE ( 'NONE', *, *, #4141, .F. ) ;
#492 = DIRECTION ( 'NONE',  ( 0.0000000000000000000, 0.0000000000000000000, 1.000000000000000000 ) ) ;
#493 = DIRECTION ( 'NONE',  ( 1.000000000000000000, 0.0000000000000000000, 0.0000000000000000000 ) ) ;
#494 = ORIENTED_EDGE ( 'NONE', *, *, #3438, .F. ) ;
#495 = VECTOR ( 'NONE', #2953, 1000.000000000000000 ) ;
#496 = ADVANCED_FACE ( 'NONE', ( #2561 ), #3834, .T. ) ;
#497 = EDGE_CURVE ( 'NONE', #3482, #348, #2343, .T. ) ;
#498 = DIRECTION ( 'NONE',  ( -0.0000000000000000000, -0.0000000000000000000, -1.000000000000000000 ) ) ;
#499 = CARTESIAN_POINT ( 'NONE',  ( 47.58578643762667326, 17.40848541903111624, -0.7500000000000000000 ) ) ;
#500 = ORIENTED_EDGE ( 'NONE', *, *, #3765, .T. ) ;
#501 = EDGE_CURVE ( 'NONE', #1235, #1458, #2911, .T. ) ;
#502 = DIRECTION ( 'NONE',  ( -0.0000000000000000000, -0.0000000000000000000, 1.000000000000000000 ) ) ;
#503 = ORIENTED_EDGE ( 'NONE', *, *, #3124, .T. ) ;
#504 = DIRECTION ( 'NONE',  ( -0.0000000000000000000, -0.0000000000000000000, -1.000000000000000000 ) ) ;
#505 = DIRECTION ( 'NONE',  ( 1.000000000000000000, 0.0000000000000000000, 0.0000000000000000000 ) ) ;
#506 = EDGE_LOOP ( 'NONE', ( #922, #3419, #3011, #1554 ) ) ;
#507 = ORIENTED_EDGE ( 'NONE', *, *, #2466, .T. ) ;
#508 = DIRECTION ( 'NONE',  ( 0.0000000000000000000, 0.0000000000000000000, 1.000000000000000000 ) ) ;
#509 = LINE ( 'NONE', #822, #265 ) ;
#510 = PRODUCT_RELATED_PRODUCT_CATEGORY ( 'part', '', ( #3290 ) ) ;
#511 = CARTESIAN_POINT ( 'NONE',  ( -49.99999999999957367, 5.828427124744017362, 60.00000000000000000 ) ) ;
#512 = AXIS2_PLACEMENT_3D ( 'NONE', #1214, #918, #3811 ) ;
#513 = CIRCLE ( 'NONE', #2872, 1.999999999999994893 ) ;
#514 = EDGE_LOOP ( 'NONE', ( #1327, #3555, #3360, #900 ) ) ;
#515 = LINE ( 'NONE', #3403, #1276 ) ;
#516 = DIRECTION ( 'NONE',  ( 1.000000000000000000, 0.0000000000000000000, 0.0000000000000000000 ) ) ;
#517 = AXIS2_PLACEMENT_3D ( 'NONE', #3401, #4005, #766 ) ;
#518 = EDGE_LOOP ( 'NONE', ( #1955, #482, #1961, #2817 ) ) ;
#519 = PRODUCT_DEFINITION_FORMATION_WITH_SPECIFIED_SOURCE ( '任何', '', #2951, .NOT_KNOWN. ) ;
#520 = DIRECTION ( 'NONE',  ( 0.0000000000000000000, 0.0000000000000000000, 1.000000000000000000 ) ) ;
#521 = DIRECTION ( 'NONE',  ( -0.0000000000000000000, -0.0000000000000000000, -1.000000000000000000 ) ) ;
#522 = EDGE_CURVE ( 'NONE', #3521, #1383, #1232, .T. ) ;
#523 = ORIENTED_EDGE ( 'NONE', *, *, #575, .T. ) ;
#524 = CARTESIAN_POINT ( 'NONE',  ( 43.80000000010336692, 5.549999999805654838, -60.00000000000000000 ) ) ;
#525 = ORIENTED_EDGE ( 'NONE', *, *, #3455, .T. ) ;
#526 = DIRECTION ( 'NONE',  ( 0.0000000000000000000, 0.0000000000000000000, 1.000000000000000000 ) ) ;
#527 = EDGE_CURVE ( 'NONE', #1458, #1317, #1774, .T. ) ;
#528 = CARTESIAN_POINT ( 'NONE',  ( -45.81339312537522090, 5.849999999805066686, 60.00000000000000000 ) ) ;
#529 = EDGE_CURVE ( 'NONE', #944, #2848, #3219, .T. ) ;
#530 = VERTEX_POINT ( 'NONE', #3590 ) ;
#531 = ORIENTED_EDGE ( 'NONE', *, *, #1221, .F. ) ;
#532 = DIRECTION ( 'NONE',  ( 0.0000000000000000000, 0.0000000000000000000, -1.000000000000000000 ) ) ;
#533 = CARTESIAN_POINT ( 'NONE',  ( 50.00000000000191847, 11.09999999970111695, -60.00000000000000000 ) ) ;
#534 = AXIS2_PLACEMENT_3D ( 'NONE', #2736, #1124, #1164 ) ;
#535 = VERTEX_POINT ( 'NONE', #3609 ) ;
#536 = CARTESIAN_POINT ( 'NONE',  ( -48.90000000010525127, 11.94427185665847269, -0.2500000000000340283 ) ) ;
#537 = DIRECTION ( 'NONE',  ( -0.7071067811865474617, 0.7071067811865474617, -0.0000000000000000000 ) ) ;
#538 = VECTOR ( 'NONE', #1762, 1000.000000000000000 ) ;
#539 = VECTOR ( 'NONE', #3339, 1000.000000000000000 ) ;
#540 = ORIENTED_EDGE ( 'NONE', *, *, #2021, .F. ) ;
#541 = EDGE_CURVE ( 'NONE', #3256, #1485, #3458, .T. ) ;
#542 = AXIS2_PLACEMENT_3D ( 'NONE', #2034, #434, #1711 ) ;
#543 = DIRECTION ( 'NONE',  ( 0.0000000000000000000, 0.0000000000000000000, 1.000000000000000000 ) ) ;
#544 = CIRCLE ( 'NONE', #1083, 1.300000000000037126 ) ;
#545 = LINE ( 'NONE', #3172, #1079 ) ;
#546 = ORIENTED_EDGE ( 'NONE', *, *, #2251, .T. ) ;
#547 = CARTESIAN_POINT ( 'NONE',  ( -47.50000000000090239, 12.29999999970110558, 60.00000000000000000 ) ) ;
#548 = VECTOR ( 'NONE', #116, 1000.000000000000000 ) ;
#549 = ORIENTED_EDGE ( 'NONE', *, *, #1573, .T. ) ;
#550 = CARTESIAN_POINT ( 'NONE',  ( -44.80000000010716832, 4.499999999805770479, -60.00000000000000000 ) ) ;
#551 = CARTESIAN_POINT ( 'NONE',  ( -49.90000000010527970, 11.94427185665847269, 0.7500000000000000000 ) ) ;
#552 = VECTOR ( 'NONE', #938, 1000.000000000000000 ) ;
#553 = VERTEX_POINT ( 'NONE', #104 ) ;
#554 = EDGE_CURVE ( 'NONE', #2620, #3828, #897, .T. ) ;
#555 = CARTESIAN_POINT ( 'NONE',  ( -50.74999999999938183, 17.43066238672436086, -60.00000000000000000 ) ) ;
#556 = EDGE_CURVE ( 'NONE', #2483, #2412, #431, .T. ) ;
#557 = CARTESIAN_POINT ( 'NONE',  ( -50.00000000000191847, 11.09999999970110451, -60.00000000000000000 ) ) ;
#558 = AXIS2_PLACEMENT_3D ( 'NONE', #352, #1647, #1264 ) ;
#559 = ORIENTED_EDGE ( 'NONE', *, *, #3507, .F. ) ;
#560 = FACE_BOUND ( 'NONE', #2010, .T. ) ;
#561 = CARTESIAN_POINT ( 'NONE',  ( -43.30000000010711148, 2.499999999805768702, 60.00000000000000000 ) ) ;
#562 = VERTEX_POINT ( 'NONE', #669 ) ;
#563 = VECTOR ( 'NONE', #2149, 1000.000000000000000 ) ;
#564 = CARTESIAN_POINT ( 'NONE',  ( 47.49999999999787548, 14.29999999970588220, 60.00000000000000000 ) ) ;
#565 = DIRECTION ( 'NONE',  ( -0.0000000000000000000, 1.000000000000000000, -0.0000000000000000000 ) ) ;
#566 = VECTOR ( 'NONE', #2871, 1000.000000000000000 ) ;
#567 = ORIENTED_EDGE ( 'NONE', *, *, #3289, .F. ) ;
#568 = DIRECTION ( 'NONE',  ( -0.0000000000000000000, -0.0000000000000000000, -1.000000000000000000 ) ) ;
#569 = ORIENTED_EDGE ( 'NONE', *, *, #5, .F. ) ;
#570 = CARTESIAN_POINT ( 'NONE',  ( -48.60000000010715127, 6.049999999804822615, 60.00000000000000000 ) ) ;
#571 = DIRECTION ( 'NONE',  ( 0.7071067811865475727, -0.7071067811865475727, 0.0000000000000000000 ) ) ;
#572 = EDGE_LOOP ( 'NONE', ( #871, #2137, #1664, #1509 ) ) ;
#573 = DIRECTION ( 'NONE',  ( -1.000000000000000000, 0.0000000000000000000, 0.0000000000000000000 ) ) ;
#574 = ADVANCED_FACE ( 'NONE', ( #737 ), #3563, .F. ) ;
#575 = EDGE_CURVE ( 'NONE', #158, #320, #1980, .T. ) ;
#576 = CARTESIAN_POINT ( 'NONE',  ( 48.90000000010519443, -11.94427185665641922, 0.7500000000000000000 ) ) ;
#577 = DIRECTION ( 'NONE',  ( -0.0000000000000000000, -0.0000000000000000000, -1.000000000000000000 ) ) ;
#578 = CIRCLE ( 'NONE', #3471, 0.2000000000000057288 ) ;
#579 = DIRECTION ( 'NONE',  ( 1.000000000000000000, -0.0000000000000000000, -0.0000000000000000000 ) ) ;
#580 = ADVANCED_FACE ( 'NONE', ( #1298 ), #2320, .T. ) ;
#581 = LINE ( 'NONE', #896, #4031 ) ;
#582 = EDGE_CURVE ( 'NONE', #2412, #2869, #3253, .T. ) ;
#583 = ADVANCED_FACE ( 'NONE', ( #2273 ), #2001, .F. ) ;
#584 = CARTESIAN_POINT ( 'NONE',  ( 51.41421356237285778, 4.414213562374613709, 60.00000000000000000 ) ) ;
#585 = CIRCLE ( 'NONE', #2333, 0.1999999999999779732 ) ;
#586 = DIRECTION ( 'NONE',  ( 0.7071067811865628938, 0.7071067811865321406, -0.0000000000000000000 ) ) ;
#587 = ORIENTED_EDGE ( 'NONE', *, *, #2725, .F. ) ;
#588 = DIRECTION ( 'NONE',  ( -0.0000000000000000000, -0.0000000000000000000, 1.000000000000000000 ) ) ;
#589 = ORIENTED_EDGE ( 'NONE', *, *, #242, .T. ) ;
#590 = CARTESIAN_POINT ( 'NONE',  ( 43.24142135634067330, 2.441421356043686597, 60.00000000000000000 ) ) ;
#591 = CARTESIAN_POINT ( 'NONE',  ( -47.50000000000090239, 17.80000000040143959, 60.00000000000000000 ) ) ;
#592 = VERTEX_POINT ( 'NONE', #362 ) ;
#593 = DIRECTION ( 'NONE',  ( 1.000000000000000000, 0.0000000000000000000, 0.0000000000000000000 ) ) ;
#594 = DIRECTION ( 'NONE',  ( -0.0000000000000000000, -0.0000000000000000000, -1.000000000000000000 ) ) ;
#595 = EDGE_CURVE ( 'NONE', #1383, #2065, #3987, .T. ) ;
#596 = CARTESIAN_POINT ( 'NONE',  ( -44.80000000010716832, 4.499999999805770479, 60.00000000000000000 ) ) ;
#597 = CARTESIAN_POINT ( 'NONE',  ( 47.69999999999701146, 11.09999999970409945, 60.00000000000000000 ) ) ;
#598 = CYLINDRICAL_SURFACE ( 'NONE', #2216, 0.1999999999999987899 ) ;
#599 = VECTOR ( 'NONE', #1666, 1000.000000000000000 ) ;
#600 = EDGE_CURVE ( 'NONE', #2257, #3160, #3893, .T. ) ;
#601 = EDGE_CURVE ( 'NONE', #3729, #2366, #1661, .T. ) ;
#602 = CARTESIAN_POINT ( 'NONE',  ( 42.71715728762875131, 1.999999999806378437, -60.00000000000000000 ) ) ;
#603 = VECTOR ( 'NONE', #2056, 1000.000000000000000 ) ;
#604 = AXIS2_PLACEMENT_3D ( 'NONE', #1326, #2627, #3904 ) ;
#605 = DIRECTION ( 'NONE',  ( -0.0000000000000000000, -0.0000000000000000000, -1.000000000000000000 ) ) ;
#606 = ORIENTED_EDGE ( 'NONE', *, *, #3573, .T. ) ;
#607 = CARTESIAN_POINT ( 'NONE',  ( 44.80000000010336692, 2.499999999806379325, 60.00000000000000000 ) ) ;
#608 = VECTOR ( 'NONE', #2612, 1000.000000000000000 ) ;
#609 = ORIENTED_EDGE ( 'NONE', *, *, #1116, .T. ) ;
#610 = DIRECTION ( 'NONE',  ( -1.000000000000000000, -3.005699599038905973E-14, -0.0000000000000000000 ) ) ;
#611 = EDGE_CURVE ( 'NONE', #2942, #1852, #2976, .T. ) ;
#612 =( LENGTH_UNIT ( ) NAMED_UNIT ( * ) SI_UNIT ( .MILLI., .METRE. ) );
#613 = ORIENTED_EDGE ( 'NONE', *, *, #802, .F. ) ;
#614 = VECTOR ( 'NONE', #2138, 1000.000000000000000 ) ;
#615 = DIRECTION ( 'NONE',  ( 1.000000000000000000, 0.0000000000000000000, 0.0000000000000000000 ) ) ;
#616 = CIRCLE ( 'NONE', #2905, 0.2000000000002347122 ) ;
#617 = EDGE_LOOP ( 'NONE', ( #788, #1908 ) ) ;
#618 = CARTESIAN_POINT ( 'NONE',  ( -46.55669656274127988, 7.337439318763849805, 60.00000000000000000 ) ) ;
#619 = FACE_OUTER_BOUND ( 'NONE', #2265, .T. ) ;
#620 = DIRECTION ( 'NONE',  ( -1.000000000000000000, -0.0000000000000000000, -0.0000000000000000000 ) ) ;
#621 = ADVANCED_FACE ( 'NONE', ( #838 ), #4017, .F. ) ;
#622 = VERTEX_POINT ( 'NONE', #3416 ) ;
#623 = EDGE_CURVE ( 'NONE', #3982, #530, #2107, .T. ) ;
#624 = LINE ( 'NONE', #1234, #3818 ) ;
#625 = ORIENTED_EDGE ( 'NONE', *, *, #554, .T. ) ;
#626 = CARTESIAN_POINT ( 'NONE',  ( -50.94999999999937756, 17.60000000046327884, 60.00000000000000000 ) ) ;
#627 = DIRECTION ( 'NONE',  ( 0.7071067811865013875, 0.7071067811865936470, 0.0000000000000000000 ) ) ;
#628 = ORIENTED_EDGE ( 'NONE', *, *, #1936, .F. ) ;
#629 = CARTESIAN_POINT ( 'NONE',  ( -49.90000000000191704, 12.09999999970110451, -60.00000000000000000 ) ) ;
#630 = ORIENTED_EDGE ( 'NONE', *, *, #1041, .T. ) ;
#631 = ORIENTED_EDGE ( 'NONE', *, *, #1027, .T. ) ;
#632 = LINE ( 'NONE', #3569, #1650 ) ;
#633 = VERTEX_POINT ( 'NONE', #151 ) ;
#634 = CARTESIAN_POINT ( 'NONE',  ( -43.80000000010716832, 5.549999999805043771, -60.00000000000000000 ) ) ;
#635 = EDGE_LOOP ( 'NONE', ( #3567, #3398, #1301, #9 ) ) ;
#636 = PLANE ( 'NONE',  #2035 ) ;
#637 = DIRECTION ( 'NONE',  ( 7.930164460023614797E-15, -1.000000000000000000, -0.0000000000000000000 ) ) ;
#638 = ORIENTED_EDGE ( 'NONE', *, *, #2316, .F. ) ;
#639 = DIRECTION ( 'NONE',  ( 0.5000000000000137668, -0.8660254037844306030, -0.0000000000000000000 ) ) ;
#640 = AXIS2_PLACEMENT_3D ( 'NONE', #1028, #2993, #2387 ) ;
#641 = ORIENTED_EDGE ( 'NONE', *, *, #1219, .F. ) ;
#642 = VECTOR ( 'NONE', #2856, 1000.000000000000000 ) ;
#643 = DIRECTION ( 'NONE',  ( 0.0000000000000000000, -1.000000000000000000, 0.0000000000000000000 ) ) ;
#644 = CYLINDRICAL_SURFACE ( 'NONE', #1416, 2.000000000000015543 ) ;
#645 = ORIENTED_EDGE ( 'NONE', *, *, #1576, .F. ) ;
#646 = VECTOR ( 'NONE', #3473, 1000.000000000000000 ) ;
#647 = CARTESIAN_POINT ( 'NONE',  ( 51.79999999999987637, 17.80000000045622954, 60.00000000000000000 ) ) ;
#648 = ADVANCED_FACE ( 'NONE', ( #2125 ), #1446, .T. ) ;
#649 = DIRECTION ( 'NONE',  ( 0.0000000000000000000, 0.0000000000000000000, 1.000000000000000000 ) ) ;
#650 = CARTESIAN_POINT ( 'NONE',  ( 47.58578643762667326, 17.40848541903111624, 0.7500000000000000000 ) ) ;
#651 = ADVANCED_FACE ( 'NONE', ( #2085 ), #1426, .T. ) ;
#652 = EDGE_LOOP ( 'NONE', ( #1770, #2932, #1633, #1255 ) ) ;
#653 = PRODUCT_DEFINITION_SHAPE ( 'NONE', 'NONE',  #4161 ) ;
#654 = CARTESIAN_POINT ( 'NONE',  ( -48.74999999999998579, 17.43066238672508206, 60.00000000000000000 ) ) ;
#655 = CARTESIAN_POINT ( 'NONE',  ( -47.30000000010525696, 11.94427185665847269, 0.7500000000000000000 ) ) ;
#656 = CARTESIAN_POINT ( 'NONE',  ( 46.55669656273736479, 7.337439318764182872, 60.00000000000000000 ) ) ;
#657 = ORIENTED_EDGE ( 'NONE', *, *, #5, .T. ) ;
#658 = FACE_BOUND ( 'NONE', #2275, .T. ) ;
#659 = CARTESIAN_POINT ( 'NONE',  ( 51.99999999999954525, -12.16584473190812687, 0.7500000000000000000 ) ) ;
#660 = VERTEX_POINT ( 'NONE', #3675 ) ;
#661 = CARTESIAN_POINT ( 'NONE',  ( -45.70000000010526975, -11.94427185665641922, -0.7500000000000000000 ) ) ;
#662 = EDGE_LOOP ( 'NONE', ( #3189, #3887, #2577, #531 ) ) ;
#663 = DIRECTION ( 'NONE',  ( -1.000000000000000000, 0.0000000000000000000, 0.0000000000000000000 ) ) ;
#664 = FACE_OUTER_BOUND ( 'NONE', #2715, .T. ) ;
#665 = ORIENTED_EDGE ( 'NONE', *, *, #4100, .F. ) ;
#666 = CIRCLE ( 'NONE', #3033, 0.1999999999999987899 ) ;
#667 = AXIS2_PLACEMENT_3D ( 'NONE', #3530, #1353, #2922 ) ;
#668 = DIRECTION ( 'NONE',  ( 0.0000000000000000000, 0.0000000000000000000, 1.000000000000000000 ) ) ;
#669 = CARTESIAN_POINT ( 'NONE',  ( -51.99999999999954525, 5.828427124744517407, 60.00000000000000000 ) ) ;
#670 = DIRECTION ( 'NONE',  ( 1.000000000000000000, 0.0000000000000000000, 0.0000000000000000000 ) ) ;
#671 = VECTOR ( 'NONE', #3610, 1000.000000000000000 ) ;
#672 = VERTEX_POINT ( 'NONE', #3980 ) ;
#673 = ORIENTED_EDGE ( 'NONE', *, *, #112, .T. ) ;
#674 = EDGE_CURVE ( 'NONE', #1364, #3718, #1099, .T. ) ;
#675 = ADVANCED_FACE ( 'NONE', ( #1811 ), #441, .F. ) ;
#676 = EDGE_CURVE ( 'NONE', #1699, #1489, #1135, .T. ) ;
#677 = DIRECTION ( 'NONE',  ( -1.000000000000000000, 0.0000000000000000000, 0.0000000000000000000 ) ) ;
#678 = COLOUR_RGB ( '',1.000000000000000000, 1.000000000000000000, 1.000000000000000000 ) ;
#679 = DIRECTION ( 'NONE',  ( 1.000000000000000000, 0.0000000000000000000, 0.0000000000000000000 ) ) ;
#680 = CARTESIAN_POINT ( 'NONE',  ( 52.00000000000149214, 12.16584473191201177, -0.7500000000000000000 ) ) ;
#681 = ORIENTED_EDGE ( 'NONE', *, *, #908, .T. ) ;
#682 = CARTESIAN_POINT ( 'NONE',  ( -47.58578643762667326, 17.40848541902928304, 0.7500000000000000000 ) ) ;
#683 = DIRECTION ( 'NONE',  ( 0.0000000000000000000, -1.000000000000000000, 0.0000000000000000000 ) ) ;
#684 = ORIENTED_EDGE ( 'NONE', *, *, #3387, .F. ) ;
#685 = CARTESIAN_POINT ( 'NONE',  ( -44.80000000010711858, 2.499999999805768702, -60.00000000000000000 ) ) ;
#686 = ORIENTED_EDGE ( 'NONE', *, *, #1146, .F. ) ;
#687 = DIRECTION ( 'NONE',  ( -0.7071067811865456854, 8.659560562354910671E-17, 0.7071067811865493491 ) ) ;
#688 = PRESENTATION_STYLE_ASSIGNMENT (( #419 ) ) ;
#689 = ORIENTED_EDGE ( 'NONE', *, *, #1474, .T. ) ;
#690 = FACE_OUTER_BOUND ( 'NONE', #3397, .T. ) ;
#691 = LINE ( 'NONE', #1638, #739 ) ;
#692 = VECTOR ( 'NONE', #125, 1000.000000000000000 ) ;
#693 = CARTESIAN_POINT ( 'NONE',  ( -47.30000000010525696, 11.94427185665847269, -0.2500000000000340283 ) ) ;
#694 = CARTESIAN_POINT ( 'NONE',  ( 43.30000000010336692, 4.699999999806380835, 60.00000000000000000 ) ) ;
#695 = VERTEX_POINT ( 'NONE', #2430 ) ;
#696 = ORIENTED_EDGE ( 'NONE', *, *, #4100, .T. ) ;
#697 = UNCERTAINTY_MEASURE_WITH_UNIT (LENGTH_MEASURE( 1.000000000000000082E-05 ), #88, 'distance_accuracy_value', 'NONE');
#698 = CARTESIAN_POINT ( 'NONE',  ( 47.58578643762670168, 0.5857864376279109386, 60.00000000000000000 ) ) ;
#699 = CYLINDRICAL_SURFACE ( 'NONE', #3636, 0.5000000000000004441 ) ;
#700 = EDGE_CURVE ( 'NONE', #993, #720, #1721, .T. ) ;
#701 = PLANE ( 'NONE',  #2017 ) ;
#702 = EDGE_CURVE ( 'NONE', #440, #672, #293, .T. ) ;
#703 = VERTEX_POINT ( 'NONE', #215 ) ;
#704 = ADVANCED_FACE ( 'NONE', ( #1402 ), #775, .T. ) ;
#705 = DIRECTION ( 'NONE',  ( -0.0000000000000000000, -1.000000000000000000, -0.0000000000000000000 ) ) ;
#706 = EDGE_CURVE ( 'NONE', #2345, #188, #1840, .T. ) ;
#707 = DIRECTION ( 'NONE',  ( -0.0000000000000000000, -0.0000000000000000000, -1.000000000000000000 ) ) ;
#708 = ORIENTED_EDGE ( 'NONE', *, *, #3411, .F. ) ;
#709 = ORIENTED_EDGE ( 'NONE', *, *, #2249, .T. ) ;
#710 = DIRECTION ( 'NONE',  ( -0.0000000000000000000, -0.0000000000000000000, -1.000000000000000000 ) ) ;
#711 = VECTOR ( 'NONE', #2519, 1000.000000000000000 ) ;
#712 = VERTEX_POINT ( 'NONE', #757 ) ;
#713 = AXIS2_PLACEMENT_3D ( 'NONE', #2789, #1808, #816 ) ;
#714 = CARTESIAN_POINT ( 'NONE',  ( 50.00000000000191847, 14.09999999970130879, 60.00000000000000000 ) ) ;
#715 = DIRECTION ( 'NONE',  ( 1.000000000000000000, 0.0000000000000000000, 0.0000000000000000000 ) ) ;
#716 = DIRECTION ( 'NONE',  ( 0.0000000000000000000, 0.0000000000000000000, 1.000000000000000000 ) ) ;
#717 = CARTESIAN_POINT ( 'NONE',  ( -43.30000000010716832, 5.549999999805043771, -60.00000000000000000 ) ) ;
#718 = AXIS2_PLACEMENT_3D ( 'NONE', #804, #2688, #2073 ) ;
#719 = CARTESIAN_POINT ( 'NONE',  ( 44.80000000010336692, 2.499999999806379325, 60.00000000000000000 ) ) ;
#720 = VERTEX_POINT ( 'NONE', #3352 ) ;
#721 = ORIENTED_EDGE ( 'NONE', *, *, #2303, .T. ) ;
#722 = EDGE_CURVE ( 'NONE', #904, #3982, #1159, .T. ) ;
#723 = LINE ( 'NONE', #2007, #2278 ) ;
#724 = LINE ( 'NONE', #3662, #3432 ) ;
#725 = ORIENTED_EDGE ( 'NONE', *, *, #3665, .T. ) ;
#726 = LINE ( 'NONE', #2075, #2840 ) ;
#727 = CARTESIAN_POINT ( 'NONE',  ( 47.69999999999788542, 14.29999999970593549, -62.43310501212032193 ) ) ;
#728 = VERTEX_POINT ( 'NONE', #2706 ) ;
#729 = EDGE_CURVE ( 'NONE', #3195, #188, #1117, .T. ) ;
#730 = ADVANCED_FACE ( 'NONE', ( #2409 ), #3693, .F. ) ;
#731 = DIRECTION ( 'NONE',  ( -0.0000000000000000000, -0.0000000000000000000, 1.000000000000000000 ) ) ;
#732 = SURFACE_STYLE_FILL_AREA ( #1295 ) ;
#733 = VERTEX_POINT ( 'NONE', #3494 ) ;
#734 = VECTOR ( 'NONE', #1859, 1000.000000000000000 ) ;
#735 = DIRECTION ( 'NONE',  ( 0.7071067811865321406, -0.7071067811865628938, -0.0000000000000000000 ) ) ;
#736 = CARTESIAN_POINT ( 'NONE',  ( 50.00000000000191847, 11.09999999970111695, 60.00000000000000000 ) ) ;
#737 = FACE_OUTER_BOUND ( 'NONE', #4155, .T. ) ;
#738 = LINE ( 'NONE', #2623, #1344 ) ;
#739 = VECTOR ( 'NONE', #3542, 1000.000000000000000 ) ;
#740 = ORIENTED_EDGE ( 'NONE', *, *, #3653, .F. ) ;
#741 = ORIENTED_EDGE ( 'NONE', *, *, #1027, .F. ) ;
#742 = CYLINDRICAL_SURFACE ( 'NONE', #399, 0.1999999999999987899 ) ;
#743 = CIRCLE ( 'NONE', #936, 0.1999999999999987899 ) ;
#744 = LINE ( 'NONE', #3962, #3095 ) ;
#745 = VECTOR ( 'NONE', #1363, 1000.000000000000000 ) ;
#746 = FACE_OUTER_BOUND ( 'NONE', #4, .T. ) ;
#747 = DIRECTION ( 'NONE',  ( 1.000000000000000000, 0.0000000000000000000, 0.0000000000000000000 ) ) ;
#748 = ORIENTED_EDGE ( 'NONE', *, *, #2413, .F. ) ;
#749 = DIRECTION ( 'NONE',  ( -0.0000000000000000000, -0.0000000000000000000, 1.000000000000000000 ) ) ;
#750 = EDGE_CURVE ( 'NONE', #1406, #2557, #2494, .T. ) ;
#751 = CARTESIAN_POINT ( 'NONE',  ( 47.69999999999701856, 12.09999999970405149, 60.00000000000000000 ) ) ;
#752 = EDGE_CURVE ( 'NONE', #63, #169, #2541, .T. ) ;
#753 = EDGE_CURVE ( 'NONE', #2153, #3021, #1558, .T. ) ;
#754 = ORIENTED_EDGE ( 'NONE', *, *, #1167, .T. ) ;
#755 = DIRECTION ( 'NONE',  ( -0.7071067811865456854, 8.659560562354910671E-17, 0.7071067811865493491 ) ) ;
#756 = ORIENTED_EDGE ( 'NONE', *, *, #575, .F. ) ;
#757 = CARTESIAN_POINT ( 'NONE',  ( 46.17157287525336073, 1.221245327087672194E-12, 60.00000000000000000 ) ) ;
#758 = EDGE_CURVE ( 'NONE', #3839, #2115, #3522, .T. ) ;
#759 = DIRECTION ( 'NONE',  ( 1.000000000000000000, -0.0000000000000000000, -0.0000000000000000000 ) ) ;
#760 = ORIENTED_EDGE ( 'NONE', *, *, #3922, .T. ) ;
#761 = VERTEX_POINT ( 'NONE', #1517 ) ;
#762 = AXIS2_PLACEMENT_3D ( 'NONE', #3292, #3873, #985 ) ;
#763 = FILL_AREA_STYLE_COLOUR ( '', #1795 ) ;
#764 = DIRECTION ( 'NONE',  ( 0.0000000000000000000, 0.0000000000000000000, -1.000000000000000000 ) ) ;
#765 = CARTESIAN_POINT ( 'NONE',  ( 47.30000000010520012, -11.94427185665641922, -0.2500000000000062728 ) ) ;
#766 = DIRECTION ( 'NONE',  ( 1.000000000000000000, 0.0000000000000000000, 0.0000000000000000000 ) ) ;
#767 = DIRECTION ( 'NONE',  ( -0.0000000000000000000, -0.0000000000000000000, -1.000000000000000000 ) ) ;
#768 = CARTESIAN_POINT ( 'NONE',  ( -48.74999999999998579, 17.60000000040144030, 60.00000000000000000 ) ) ;
#769 = VERTEX_POINT ( 'NONE', #2229 ) ;
#770 = DIRECTION ( 'NONE',  ( 0.0000000000000000000, 0.0000000000000000000, 1.000000000000000000 ) ) ;
#771 = FACE_OUTER_BOUND ( 'NONE', #2317, .T. ) ;
#772 = VERTEX_POINT ( 'NONE', #590 ) ;
#773 = DIRECTION ( 'NONE',  ( 0.0000000000000000000, -1.000000000000000000, 0.0000000000000000000 ) ) ;
#774 = ORIENTED_EDGE ( 'NONE', *, *, #302, .F. ) ;
#775 = CYLINDRICAL_SURFACE ( 'NONE', #1291, 2.000000000000015543 ) ;
#776 = DIRECTION ( 'NONE',  ( 0.0000000000000000000, -0.0000000000000000000, -1.000000000000000000 ) ) ;
#777 = ORIENTED_EDGE ( 'NONE', *, *, #118, .T. ) ;
#778 = ORIENTED_EDGE ( 'NONE', *, *, #3438, .T. ) ;
#779 = EDGE_CURVE ( 'NONE', #3711, #388, #2721, .T. ) ;
#780 = EDGE_CURVE ( 'NONE', #2370, #3217, #1771, .T. ) ;
#781 = AXIS2_PLACEMENT_3D ( 'NONE', #1609, #355, #1889 ) ;
#782 = CARTESIAN_POINT ( 'NONE',  ( 43.38284271257798252, 2.299999999806379147, 60.00000000000000000 ) ) ;
#783 = VECTOR ( 'NONE', #1822, 1000.000000000000000 ) ;
#784 = CARTESIAN_POINT ( 'NONE',  ( -51.99999999999954525, 12.16584473191018034, 0.7500000000000000000 ) ) ;
#785 = ORIENTED_EDGE ( 'NONE', *, *, #454, .T. ) ;
#786 = FACE_OUTER_BOUND ( 'NONE', #2110, .T. ) ;
#787 = LINE ( 'NONE', #2692, #2770 ) ;
#788 = ORIENTED_EDGE ( 'NONE', *, *, #1449, .T. ) ;
#789 = DIRECTION ( 'NONE',  ( 7.930164460023614797E-15, -1.000000000000000000, -0.0000000000000000000 ) ) ;
#790 = LINE ( 'NONE', #2080, #3035 ) ;
#791 = ORIENTED_EDGE ( 'NONE', *, *, #1146, .T. ) ;
#792 = DIRECTION ( 'NONE',  ( 1.000000000000000000, 0.0000000000000000000, 0.0000000000000000000 ) ) ;
#793 = ORIENTED_EDGE ( 'NONE', *, *, #1500, .F. ) ;
#794 = CARTESIAN_POINT ( 'NONE',  ( -46.40510708292314490, 9.099999999702291120, 60.00000000000000000 ) ) ;
#795 = DIRECTION ( 'NONE',  ( 0.0000000000000000000, 0.0000000000000000000, -1.000000000000000000 ) ) ;
#796 = ORIENTED_EDGE ( 'NONE', *, *, #2099, .F. ) ;
#797 = VECTOR ( 'NONE', #800, 1000.000000000000000 ) ;
#798 = ORIENTED_EDGE ( 'NONE', *, *, #2876, .T. ) ;
#799 = CIRCLE ( 'NONE', #534, 0.4999999999999935052 ) ;
#800 = DIRECTION ( 'NONE',  ( -0.0000000000000000000, -0.0000000000000000000, -1.000000000000000000 ) ) ;
#801 = EDGE_CURVE ( 'NONE', #712, #2807, #1904, .T. ) ;
#802 = EDGE_CURVE ( 'NONE', #2446, #3391, #825, .T. ) ;
#803 = AXIS2_PLACEMENT_3D ( 'NONE', #634, #3857, #1583 ) ;
#804 = CARTESIAN_POINT ( 'NONE',  ( -46.17157287525380838, 15.99427185665597229, 0.7500000000000000000 ) ) ;
#805 = AXIS2_PLACEMENT_3D ( 'NONE', #2186, #3770, #2168 ) ;
#806 = ORIENTED_EDGE ( 'NONE', *, *, #3197, .T. ) ;
#807 = DIRECTION ( 'NONE',  ( 0.0000000000000000000, 0.0000000000000000000, -1.000000000000000000 ) ) ;
#808 = DIRECTION ( 'NONE',  ( 1.000000000000000000, 0.0000000000000000000, 0.0000000000000000000 ) ) ;
#809 = AXIS2_PLACEMENT_3D ( 'NONE', #1372, #1042, #1435 ) ;
#810 = EDGE_CURVE ( 'NONE', #553, #247, #256, .T. ) ;
#811 = ORIENTED_EDGE ( 'NONE', *, *, #1575, .F. ) ;
#812 = AXIS2_PLACEMENT_3D ( 'NONE', #528, #2707, #3020 ) ;
#813 = CARTESIAN_POINT ( 'NONE',  ( 47.49999999999787548, 14.29999999970588220, 60.00000000000000000 ) ) ;
#814 = CARTESIAN_POINT ( 'NONE',  ( -46.17157287525380838, -15.99427185665658335, 0.7500000000000000000 ) ) ;
#815 = ORIENTED_EDGE ( 'NONE', *, *, #1391, .F. ) ;
#816 = DIRECTION ( 'NONE',  ( -1.000000000000000000, 0.0000000000000000000, 0.0000000000000000000 ) ) ;
#817 = ORIENTED_EDGE ( 'NONE', *, *, #2518, .F. ) ;
#818 = DIRECTION ( 'NONE',  ( -1.000000000000000000, 0.0000000000000000000, 0.0000000000000000000 ) ) ;
#819 = CARTESIAN_POINT ( 'NONE',  ( -47.70000000000089813, 14.29999999970129565, -60.00000000000000000 ) ) ;
#820 = ORIENTED_EDGE ( 'NONE', *, *, #1729, .F. ) ;
#821 = VERTEX_POINT ( 'NONE', #570 ) ;
#822 = CARTESIAN_POINT ( 'NONE',  ( -47.58578643762664484, 0.5857864376254129368, -60.00000000000000000 ) ) ;
#823 = DIRECTION ( 'NONE',  ( 1.000000000000000000, 0.0000000000000000000, 0.0000000000000000000 ) ) ;
#824 = ORIENTED_EDGE ( 'NONE', *, *, #2316, .T. ) ;
#825 = CIRCLE ( 'NONE', #3183, 2.000000000000015543 ) ;
#826 = EDGE_CURVE ( 'NONE', #1804, #3930, #3815, .T. ) ;
#827 = CARTESIAN_POINT ( 'NONE',  ( 47.69999999999788542, 14.29999999970593549, -60.00000000000000000 ) ) ;
#828 = LINE ( 'NONE', #1733, #2219 ) ;
#829 = VERTEX_POINT ( 'NONE', #2475 ) ;
#830 = EDGE_CURVE ( 'NONE', #1408, #1620, #3137, .T. ) ;
#831 = EDGE_CURVE ( 'NONE', #728, #1935, #3541, .T. ) ;
#832 = CARTESIAN_POINT ( 'NONE',  ( -49.74999999999937472, 16.60000000043260115, -60.00000000000000000 ) ) ;
#833 = CARTESIAN_POINT ( 'NONE',  ( 46.17157287525336073, 1.221245327087672194E-12, 60.00000000000000000 ) ) ;
#834 = ORIENTED_EDGE ( 'NONE', *, *, #623, .F. ) ;
#835 = CARTESIAN_POINT ( 'NONE',  ( -47.30000000010525696, 11.94427185665847269, -0.2500000000000340283 ) ) ;
#836 = EDGE_CURVE ( 'NONE', #3201, #12, #3341, .T. ) ;
#837 = VERTEX_POINT ( 'NONE', #2558 ) ;
#838 = FACE_OUTER_BOUND ( 'NONE', #1401, .T. ) ;
#839 = CARTESIAN_POINT ( 'NONE',  ( -47.70000000000089813, 17.60000000040144030, 60.00000000000000000 ) ) ;
#840 = ORIENTED_EDGE ( 'NONE', *, *, #475, .T. ) ;
#841 = VERTEX_POINT ( 'NONE', #235 ) ;
#842 = CIRCLE ( 'NONE', #3193, 2.599999999999991207 ) ;
#843 = CARTESIAN_POINT ( 'NONE',  ( -51.41421356237285778, 13.58005829428261002, 0.7500000000000000000 ) ) ;
#844 = CARTESIAN_POINT ( 'NONE',  ( -47.30000000010711858, 6.049999999804822615, -60.00000000000000000 ) ) ;
#845 = VECTOR ( 'NONE', #3691, 1000.000000000000000 ) ;
#846 = VECTOR ( 'NONE', #925, 1000.000000000000000 ) ;
#847 = VERTEX_POINT ( 'NONE', #3158 ) ;
#848 = CARTESIAN_POINT ( 'NONE',  ( -50.00000000000191847, 9.099999999702291120, -60.00000000000000000 ) ) ;
#849 = CARTESIAN_POINT ( 'NONE',  ( 43.30000000010336692, 4.499999999806380657, 60.00000000000000000 ) ) ;
#850 = CIRCLE ( 'NONE', #3204, 0.1999999999999987899 ) ;
#851 = ORIENTED_EDGE ( 'NONE', *, *, #889, .T. ) ;
#852 = LINE ( 'NONE', #3091, #3803 ) ;
#853 = DIRECTION ( 'NONE',  ( -0.7071067811865321406, 0.7071067811865628938, 0.0000000000000000000 ) ) ;
#854 = ORIENTED_EDGE ( 'NONE', *, *, #3560, .F. ) ;
#855 = EDGE_CURVE ( 'NONE', #3920, #3191, #920, .T. ) ;
#856 = EDGE_CURVE ( 'NONE', #488, #190, #2742, .T. ) ;
#857 = CARTESIAN_POINT ( 'NONE',  ( -43.38284271258172708, 2.499999999805768702, 60.00000000000000000 ) ) ;
#858 = VERTEX_POINT ( 'NONE', #1892 ) ;
#859 = DIRECTION ( 'NONE',  ( 1.000000000000000000, 0.0000000000000000000, 0.0000000000000000000 ) ) ;
#860 = DIRECTION ( 'NONE',  ( 1.000000000000000000, 0.0000000000000000000, 0.0000000000000000000 ) ) ;
#861 = EDGE_CURVE ( 'NONE', #720, #535, #1196, .T. ) ;
#862 = ORIENTED_EDGE ( 'NONE', *, *, #1145, .F. ) ;
#863 = DIRECTION ( 'NONE',  ( 0.0000000000000000000, -0.0000000000000000000, -1.000000000000000000 ) ) ;
#864 = VECTOR ( 'NONE', #3984, 1000.000000000000000 ) ;
#865 = DIRECTION ( 'NONE',  ( -1.000000000000000000, 0.0000000000000000000, -0.0000000000000000000 ) ) ;
#866 = EDGE_LOOP ( 'NONE', ( #2734, #606, #3168, #2899 ) ) ;
#867 = FACE_BOUND ( 'NONE', #1379, .T. ) ;
#868 = CARTESIAN_POINT ( 'NONE',  ( -47.70000000000089102, 12.09999999970110451, -60.00000000000000000 ) ) ;
#869 = AXIS2_PLACEMENT_3D ( 'NONE', #2423, #1420, #2447 ) ;
#870 = AXIS2_PLACEMENT_3D ( 'NONE', #4086, #4126, #3789 ) ;
#871 = ORIENTED_EDGE ( 'NONE', *, *, #1939, .T. ) ;
#872 = AXIS2_PLACEMENT_3D ( 'NONE', #930, #231, #1192 ) ;
#873 = AXIS2_PLACEMENT_3D ( 'NONE', #1990, #117, #516 ) ;
#874 = CARTESIAN_POINT ( 'NONE',  ( -47.30000000010525696, 11.94427185665847269, -0.2500000000000340283 ) ) ;
#875 = VECTOR ( 'NONE', #3724, 1000.000000000000000 ) ;
#876 = CARTESIAN_POINT ( 'NONE',  ( -47.50000000000090239, 14.09999999970129636, 60.00000000000000000 ) ) ;
#877 = EDGE_LOOP ( 'NONE', ( #3602, #119, #3771, #815 ) ) ;
#878 = CARTESIAN_POINT ( 'NONE',  ( 46.17157287525336073, 1.221245327087672194E-12, -60.00000000000000000 ) ) ;
#879 = VECTOR ( 'NONE', #396, 1000.000000000000000 ) ;
#880 = ORIENTED_EDGE ( 'NONE', *, *, #2280, .F. ) ;
#881 = EDGE_CURVE ( 'NONE', #3083, #1807, #578, .T. ) ;
#882 = DIRECTION ( 'NONE',  ( 1.000000000000000000, 0.0000000000000000000, 0.0000000000000000000 ) ) ;
#883 = FILL_AREA_STYLE_COLOUR ( '', #3908 ) ;
#884 = EDGE_CURVE ( 'NONE', #3405, #1871, #1236, .T. ) ;
#885 =( GEOMETRIC_REPRESENTATION_CONTEXT ( 3 ) GLOBAL_UNCERTAINTY_ASSIGNED_CONTEXT ( ( #65 ) ) GLOBAL_UNIT_ASSIGNED_CONTEXT ( ( #1025, #980, #1002 ) ) REPRESENTATION_CONTEXT ( 'NONE', 'WORKASPACE' ) );
#886 = EDGE_LOOP ( 'NONE', ( #2638, #3882, #2477, #1896 ) ) ;
#887 = SHAPE_DEFINITION_REPRESENTATION ( #2008, #3245 ) ;
#888 = ADVANCED_FACE ( 'NONE', ( #2636 ), #301, .F. ) ;
#889 = EDGE_CURVE ( 'NONE', #2246, #957, #3534, .T. ) ;
#890 = CARTESIAN_POINT ( 'NONE',  ( 46.72990164349450026, 7.437439318764226925, 60.00000000000000000 ) ) ;
#891 = EDGE_CURVE ( 'NONE', #3950, #530, #1294, .T. ) ;
#892 = CARTESIAN_POINT ( 'NONE',  ( -48.74999999999998579, 17.50000000043336001, -60.00000000000000000 ) ) ;
#893 = VECTOR ( 'NONE', #26, 1000.000000000000000 ) ;
#894 = LINE ( 'NONE', #926, #3296 ) ;
#895 = DIRECTION ( 'NONE',  ( -0.0000000000000000000, -0.0000000000000000000, -1.000000000000000000 ) ) ;
#896 = CARTESIAN_POINT ( 'NONE',  ( 51.41421356237280094, 13.58005829428532429, 0.7500000000000000000 ) ) ;
#897 = CIRCLE ( 'NONE', #4055, 0.2000000000000057288 ) ;
#898 = LINE ( 'NONE', #2468, #1637 ) ;
#899 = DIRECTION ( 'NONE',  ( -1.825147450243434342E-14, -1.000000000000000000, 0.0000000000000000000 ) ) ;
#900 = ORIENTED_EDGE ( 'NONE', *, *, #2196, .F. ) ;
#901 = CARTESIAN_POINT ( 'NONE',  ( -50.78999999999937387, 17.38000000043254900, 60.00000000000000000 ) ) ;
#902 = ORIENTED_EDGE ( 'NONE', *, *, #1319, .F. ) ;
#903 = CARTESIAN_POINT ( 'NONE',  ( 47.69999999999702567, 11.29999999970410229, 60.00000000000000000 ) ) ;
#904 = VERTEX_POINT ( 'NONE', #2598 ) ;
#905 = DIRECTION ( 'NONE',  ( 5.551115123125829541E-17, 1.438703535610288945E-17, -1.000000000000000000 ) ) ;
#906 = CARTESIAN_POINT ( 'NONE',  ( 51.99999999999951683, 5.828427124747015853, -60.00000000000000000 ) ) ;
#907 = EDGE_CURVE ( 'NONE', #3952, #1735, #842, .T. ) ;
#908 = EDGE_CURVE ( 'NONE', #1913, #2490, #3741, .T. ) ;
#909 = DIRECTION ( 'NONE',  ( -1.000000000000000000, 0.0000000000000000000, 0.0000000000000000000 ) ) ;
#910 = CARTESIAN_POINT ( 'NONE',  ( 45.81339312537141240, 6.049999999805654838, -60.00000000000000000 ) ) ;
#911 = DIRECTION ( 'NONE',  ( -0.0000000000000000000, -0.0000000000000000000, -1.000000000000000000 ) ) ;
#912 = EDGE_CURVE ( 'NONE', #3711, #2144, #1927, .T. ) ;
#913 = VECTOR ( 'NONE', #3502, 1000.000000000000000 ) ;
#914 = DIRECTION ( 'NONE',  ( 1.000000000000000000, 7.930164460023616375E-15, -0.0000000000000000000 ) ) ;
#915 = VECTOR ( 'NONE', #360, 1000.000000000000000 ) ;
#916 = CARTESIAN_POINT ( 'NONE',  ( -51.99999999999854339, 17.60000000046329660, 60.00000000000000000 ) ) ;
#917 = ORIENTED_EDGE ( 'NONE', *, *, #753, .F. ) ;
#918 = DIRECTION ( 'NONE',  ( -0.0000000000000000000, -0.0000000000000000000, -1.000000000000000000 ) ) ;
#919 = ORIENTED_EDGE ( 'NONE', *, *, #3736, .F. ) ;
#920 = LINE ( 'NONE', #277, #711 ) ;
#921 = CARTESIAN_POINT ( 'NONE',  ( 45.90510708291896691, 8.599999999702511388, 60.00000000000000000 ) ) ;
#922 = ORIENTED_EDGE ( 'NONE', *, *, #779, .T. ) ;
#923 = DIRECTION ( 'NONE',  ( -0.0000000000000000000, 0.0000000000000000000, -1.000000000000000000 ) ) ;
#924 = SHAPE_REPRESENTATION ( 'K93-1', ( #42 ), #4006 ) ;
#925 = DIRECTION ( 'NONE',  ( 0.0000000000000000000, 0.0000000000000000000, 1.000000000000000000 ) ) ;
#926 = CARTESIAN_POINT ( 'NONE',  ( 47.58578643762670168, 0.5857864376279109386, -60.00000000000000000 ) ) ;
#927 = EDGE_CURVE ( 'NONE', #904, #2124, #1024, .T. ) ;
#928 = DIRECTION ( 'NONE',  ( 0.0000000000000000000, 0.0000000000000000000, -1.000000000000000000 ) ) ;
#929 = CARTESIAN_POINT ( 'NONE',  ( 47.30000000010326033, 6.049999999805488748, 60.00000000000000000 ) ) ;
#930 = CARTESIAN_POINT ( 'NONE',  ( 49.99999999999951683, 5.828427124747515009, -60.00000000000000000 ) ) ;
#931 = EDGE_CURVE ( 'NONE', #2620, #761, #2018, .T. ) ;
#932 = EDGE_LOOP ( 'NONE', ( #184, #3792, #1686, #3440 ) ) ;
#933 = LINE ( 'NONE', #306, #3944 ) ;
#934 = AXIS2_PLACEMENT_3D ( 'NONE', #1128, #2377, #138 ) ;
#935 = ORIENTED_EDGE ( 'NONE', *, *, #1542, .T. ) ;
#936 = AXIS2_PLACEMENT_3D ( 'NONE', #3600, #2966, #1694 ) ;
#937 = DIRECTION ( 'NONE',  ( 0.0000000000000000000, 0.0000000000000000000, 1.000000000000000000 ) ) ;
#938 = DIRECTION ( 'NONE',  ( 0.0000000000000000000, -1.000000000000000000, 0.0000000000000000000 ) ) ;
#939 = ORIENTED_EDGE ( 'NONE', *, *, #3487, .T. ) ;
#940 = CIRCLE ( 'NONE', #139, 0.1999999999999987899 ) ;
#941 = DIRECTION ( 'NONE',  ( 1.000000000000000000, 0.0000000000000000000, -0.0000000000000000000 ) ) ;
#942 = AXIS2_PLACEMENT_3D ( 'NONE', #1905, #3476, #1854 ) ;
#943 = ORIENTED_EDGE ( 'NONE', *, *, #315, .F. ) ;
#944 = VERTEX_POINT ( 'NONE', #2926 ) ;
#945 = LINE ( 'NONE', #698, #3687 ) ;
#946 = CARTESIAN_POINT ( 'NONE',  ( -47.30000000010525696, -11.94427185665641922, 0.7500000000000000000 ) ) ;
#947 = PLANE ( 'NONE',  #3498 ) ;
#948 = ORIENTED_EDGE ( 'NONE', *, *, #2802, .T. ) ;
#949 = ADVANCED_FACE ( 'NONE', ( #3215 ), #3931, .F. ) ;
#950 = PRODUCT_DEFINITION_SHAPE ( 'NONE', 'NONE',  #4163 ) ;
#951 = CARTESIAN_POINT ( 'NONE',  ( -47.50000000000085265, 11.89999999970111411, -60.00000000000000000 ) ) ;
#952 = CARTESIAN_POINT ( 'NONE',  ( 46.17157287525331100, -17.99427185665476614, 0.7500000000000000000 ) ) ;
#953 = ORIENTED_EDGE ( 'NONE', *, *, #4131, .T. ) ;
#954 = EDGE_CURVE ( 'NONE', #3244, #1901, #1048, .T. ) ;
#955 = CARTESIAN_POINT ( 'NONE',  ( 50.59999999999932641, 18.62540333108465163, 60.00000000000000000 ) ) ;
#956 = EDGE_CURVE ( 'NONE', #2903, #2945, #958, .T. ) ;
#957 = VERTEX_POINT ( 'NONE', #2338 ) ;
#958 = LINE ( 'NONE', #3912, #4065 ) ;
#959 = AXIS2_PLACEMENT_3D ( 'NONE', #1468, #170, #2367 ) ;
#960 = DIRECTION ( 'NONE',  ( 0.0000000000000000000, 0.0000000000000000000, 1.000000000000000000 ) ) ;
#961 = ORIENTED_EDGE ( 'NONE', *, *, #2249, .F. ) ;
#962 = CARTESIAN_POINT ( 'NONE',  ( -47.58578643762663773, 0.5857864376254224847, 60.00000000000000000 ) ) ;
#963 = DIRECTION ( 'NONE',  ( 1.000000000000000000, 0.0000000000000000000, 0.0000000000000000000 ) ) ;
#964 = LINE ( 'NONE', #4106, #875 ) ;
#965 = ORIENTED_EDGE ( 'NONE', *, *, #830, .T. ) ;
#966 = ORIENTED_EDGE ( 'NONE', *, *, #3357, .F. ) ;
#967 = DIRECTION ( 'NONE',  ( 0.0000000000000000000, 0.0000000000000000000, -1.000000000000000000 ) ) ;
#968 = VERTEX_POINT ( 'NONE', #2578 ) ;
#969 = DIRECTION ( 'NONE',  ( 0.0000000000000000000, -1.000000000000000000, 0.0000000000000000000 ) ) ;
#970 = ORIENTED_EDGE ( 'NONE', *, *, #927, .F. ) ;
#971 = DIRECTION ( 'NONE',  ( -0.0000000000000000000, -0.0000000000000000000, -1.000000000000000000 ) ) ;
#972 = CARTESIAN_POINT ( 'NONE',  ( -49.74999999999937472, 16.60000000043260115, 60.00000000000000000 ) ) ;
#973 = EDGE_LOOP ( 'NONE', ( #1832, #1398, #3202, #2522 ) ) ;
#974 = DIRECTION ( 'NONE',  ( 0.0000000000000000000, -1.000000000000000000, 0.0000000000000000000 ) ) ;
#975 = VECTOR ( 'NONE', #3935, 1000.000000000000114 ) ;
#976 = ORIENTED_EDGE ( 'NONE', *, *, #1625, .F. ) ;
#977 = STYLED_ITEM ( 'NONE', ( #3635 ), #254 ) ;
#978 = CARTESIAN_POINT ( 'NONE',  ( -42.71715728763250297, 1.999999999805768702, 60.00000000000000000 ) ) ;
#979 = ADVANCED_FACE ( 'NONE', ( #2314 ), #1613, .F. ) ;
#980 =( NAMED_UNIT ( * ) PLANE_ANGLE_UNIT ( ) SI_UNIT ( $, .RADIAN. ) );
#981 = ADVANCED_FACE ( 'NONE', ( #395 ), #1675, .F. ) ;
#982 = EDGE_CURVE ( 'NONE', #3877, #2581, #13, .T. ) ;
#983 = ORIENTED_EDGE ( 'NONE', *, *, #3949, .T. ) ;
#984 = LINE ( 'NONE', #2661, #975 ) ;
#985 = DIRECTION ( 'NONE',  ( 1.000000000000000000, 0.0000000000000000000, 0.0000000000000000000 ) ) ;
#986 = DIRECTION ( 'NONE',  ( -0.0000000000000000000, -0.0000000000000000000, -1.000000000000000000 ) ) ;
#987 = ADVANCED_FACE ( 'NONE', ( #2884 ), #1273, .T. ) ;
#988 = ORIENTED_EDGE ( 'NONE', *, *, #1529, .T. ) ;
#989 = EDGE_LOOP ( 'NONE', ( #369, #3058, #976, #2302, #3238, #3719, #255, #2883, #1290, #1503, #3889, #1850, #1785, #1519, #3351, #1668, #760, #2785, #3601, #3063, #1748, #1481, #3897, #3277, #378, #1465, #3805, #2282, #2471, #2234, #80, #1646, #1915, #2169, #2435, #1365, #394, #1137, #2301, #3355, #798, #2422, #1590, #3702, #1494, #2705, #1777, #3016, #1687, #2340, #1356, #207, #1279, #696, #2191, #1596, #2701, #58, #228, #15, #1023, #2267, #2129, #1332, #3540, #1283, #3810, #3378, #4152, #2615, #2054, #3853, #1641, #1126, #1574, #549, #1163, #3031, #426, #473, #2101, #851, #4016, #4044, #1764, #681 ) ) ;
#990 = FACE_OUTER_BOUND ( 'NONE', #312, .T. ) ;
#991 = FACE_OUTER_BOUND ( 'NONE', #3531, .T. ) ;
#992 = CARTESIAN_POINT ( 'NONE',  ( -47.58578643762663773, 0.5857864376254224847, 60.00000000000000000 ) ) ;
#993 = VERTEX_POINT ( 'NONE', #2970 ) ;
#994 = DIRECTION ( 'NONE',  ( 0.0000000000000000000, -0.0000000000000000000, -1.000000000000000000 ) ) ;
#995 = CARTESIAN_POINT ( 'NONE',  ( -49.90000000000191704, 11.09999999970110451, -62.43310501212032193 ) ) ;
#996 = AXIS2_PLACEMENT_3D ( 'NONE', #1258, #262, #1545 ) ;
#997 = ORIENTED_EDGE ( 'NONE', *, *, #2647, .F. ) ;
#998 = CARTESIAN_POINT ( 'NONE',  ( -44.80000000010716832, 4.499999999805770479, 60.00000000000000000 ) ) ;
#999 = AXIS2_PLACEMENT_3D ( 'NONE', #4046, #1181, #863 ) ;
#1000 = EDGE_LOOP ( 'NONE', ( #2767, #4032, #589, #1814, #2633, #1934, #289, #25, #777, #2451, #2754, #3844, #2788, #1847, #2925, #1067 ) ) ;
#1001 = DIRECTION ( 'NONE',  ( 0.0000000000000000000, 0.0000000000000000000, 1.000000000000000000 ) ) ;
#1002 =( NAMED_UNIT ( * ) SI_UNIT ( $, .STERADIAN. ) SOLID_ANGLE_UNIT ( ) );
#1003 = EDGE_LOOP ( 'NONE', ( #3354, #2718, #1903, #1132 ) ) ;
#1004 = VECTOR ( 'NONE', #2641, 1000.000000000000000 ) ;
#1005 = CARTESIAN_POINT ( 'NONE',  ( -42.71715728763250297, 2.199999999805768880, 60.00000000000000000 ) ) ;
#1006 = VECTOR ( 'NONE', #2287, 1000.000000000000000 ) ;
#1007 = EDGE_CURVE ( 'NONE', #214, #3294, #3242, .T. ) ;
#1008 = CARTESIAN_POINT ( 'NONE',  ( -51.99999999999957367, 5.828427124744517407, 60.00000000000000000 ) ) ;
#1009 = ADVANCED_FACE ( 'NONE', ( #3888 ), #2294, .T. ) ;
#1010 = CARTESIAN_POINT ( 'NONE',  ( 46.55669656273736479, 7.337439318764182872, -60.00000000000000000 ) ) ;
#1011 = CYLINDRICAL_SURFACE ( 'NONE', #2973, 0.4999999999999310552 ) ;
#1012 = ORIENTED_EDGE ( 'NONE', *, *, #2326, .T. ) ;
#1013 = EDGE_CURVE ( 'NONE', #3510, #3201, #418, .T. ) ;
#1014 = CYLINDRICAL_SURFACE ( 'NONE', #4074, 1.599999999999990319 ) ;
#1015 = ADVANCED_FACE ( 'NONE', ( #2677 ), #2120, .F. ) ;
#1016 = VECTOR ( 'NONE', #2431, 1000.000000000000000 ) ;
#1017 = CARTESIAN_POINT ( 'NONE',  ( 47.69999999999784990, 17.60000000040527723, 60.00000000000000000 ) ) ;
#1018 = LINE ( 'NONE', #1645, #2502 ) ;
#1019 = EDGE_LOOP ( 'NONE', ( #2980, #1354, #4087, #53 ) ) ;
#1020 = DIRECTION ( 'NONE',  ( -1.000000000000000000, -1.588350560327394396E-14, -0.0000000000000000000 ) ) ;
#1021 = CARTESIAN_POINT ( 'NONE',  ( -46.01160737533943745, 5.876666666471745515, 60.00000000000000000 ) ) ;
#1022 = VERTEX_POINT ( 'NONE', #98 ) ;
#1023 = ORIENTED_EDGE ( 'NONE', *, *, #1537, .T. ) ;
#1024 = LINE ( 'NONE', #1333, #2470 ) ;
#1025 =( LENGTH_UNIT ( ) NAMED_UNIT ( * ) SI_UNIT ( .MILLI., .METRE. ) );
#1026 = ORIENTED_EDGE ( 'NONE', *, *, #57, .F. ) ;
#1027 = EDGE_CURVE ( 'NONE', #1871, #384, #1395, .T. ) ;
#1028 = CARTESIAN_POINT ( 'NONE',  ( 47.30000000010520012, -11.94427185665641922, 0.7500000000000000000 ) ) ;
#1029 = CARTESIAN_POINT ( 'NONE',  ( 43.30000000010336692, 4.699999999806380835, -60.00000000000000000 ) ) ;
#1030 = VECTOR ( 'NONE', #1075, 1000.000000000000000 ) ;
#1031 = DIRECTION ( 'NONE',  ( -1.000000000000000000, -1.803419759423337778E-14, 0.0000000000000000000 ) ) ;
#1032 = FACE_OUTER_BOUND ( 'NONE', #932, .T. ) ;
#1033 = ORIENTED_EDGE ( 'NONE', *, *, #956, .F. ) ;
#1034 = ADVANCED_FACE ( 'NONE', ( #4034 ), #3991, .F. ) ;
#1035 = AXIS2_PLACEMENT_3D ( 'NONE', #2240, #2901, #1288 ) ;
#1036 = DIRECTION ( 'NONE',  ( 0.0000000000000000000, 0.0000000000000000000, 1.000000000000000000 ) ) ;
#1037 = LINE ( 'NONE', #1622, #1396 ) ;
#1038 = CARTESIAN_POINT ( 'NONE',  ( -45.81339312537522090, 5.849999999805066686, -60.00000000000000000 ) ) ;
#1039 = EDGE_CURVE ( 'NONE', #1243, #1913, #2698, .T. ) ;
#1040 = ORIENTED_EDGE ( 'NONE', *, *, #3442, .F. ) ;
#1041 = EDGE_CURVE ( 'NONE', #1275, #2370, #2359, .T. ) ;
#1042 = DIRECTION ( 'NONE',  ( -0.0000000000000000000, -0.0000000000000000000, -1.000000000000000000 ) ) ;
#1043 = DIRECTION ( 'NONE',  ( -0.0000000000000000000, -0.0000000000000000000, -1.000000000000000000 ) ) ;
#1044 = EDGE_CURVE ( 'NONE', #1563, #2942, #3365, .T. ) ;
#1045 = ORIENTED_EDGE ( 'NONE', *, *, #3007, .T. ) ;
#1046 = EDGE_CURVE ( 'NONE', #3217, #993, #2102, .T. ) ;
#1047 = AXIS2_PLACEMENT_3D ( 'NONE', #1591, #1996, #2247 ) ;
#1048 = LINE ( 'NONE', #3867, #1180 ) ;
#1049 = ORIENTED_EDGE ( 'NONE', *, *, #3283, .T. ) ;
#1050 = CIRCLE ( 'NONE', #2478, 0.5000000000000004441 ) ;
#1051 = CARTESIAN_POINT ( 'NONE',  ( -47.58578643762650984, -17.40848541902978397, 0.7500000000000000000 ) ) ;
#1052 = STYLED_ITEM ( 'NONE', ( #3614 ), #2528 ) ;
#1053 = LINE ( 'NONE', #1930, #1717 ) ;
#1054 = ADVANCED_FACE ( 'NONE', ( #3727 ), #3327, .F. ) ;
#1055 = DIRECTION ( 'NONE',  ( 1.000000000000000000, 0.0000000000000000000, 0.0000000000000000000 ) ) ;
#1056 = CARTESIAN_POINT ( 'NONE',  ( 46.17157287525331100, 17.99427185665869544, 0.7500000000000000000 ) ) ;
#1057 = AXIS2_PLACEMENT_3D ( 'NONE', #455, #3050, #3583 ) ;
#1058 = ORIENTED_EDGE ( 'NONE', *, *, #3921, .T. ) ;
#1059 = VERTEX_POINT ( 'NONE', #436 ) ;
#1060 = SURFACE_SIDE_STYLE ('',( #1749 ) ) ;
#1061 = DIRECTION ( 'NONE',  ( 0.0000000000000000000, 0.0000000000000000000, 1.000000000000000000 ) ) ;
#1062 = CARTESIAN_POINT ( 'NONE',  ( 47.49999999999701572, 11.89999999970405220, -60.00000000000000000 ) ) ;
#1063 = ADVANCED_FACE ( 'NONE', ( #3974 ), #3388, .F. ) ;
#1064 = EDGE_CURVE ( 'NONE', #169, #3856, #1736, .T. ) ;
#1065 = DIRECTION ( 'NONE',  ( -3.013993956761511700E-14, -1.000000000000000000, 0.0000000000000000000 ) ) ;
#1066 = CARTESIAN_POINT ( 'NONE',  ( 47.69999999999702567, 11.89999999970405220, -60.00000000000000000 ) ) ;
#1067 = ORIENTED_EDGE ( 'NONE', *, *, #884, .T. ) ;
#1068 = DIRECTION ( 'NONE',  ( 0.0000000000000000000, 0.0000000000000000000, 1.000000000000000000 ) ) ;
#1069 = AXIS2_PLACEMENT_3D ( 'NONE', #3002, #1061, #3574 ) ;
#1070 = CARTESIAN_POINT ( 'NONE',  ( -45.81339312537522090, 5.849999999805066686, 60.00000000000000000 ) ) ;
#1071 = ORIENTED_EDGE ( 'NONE', *, *, #3598, .F. ) ;
#1072 = VECTOR ( 'NONE', #1595, 1000.000000000000000 ) ;
#1073 = CARTESIAN_POINT ( 'NONE',  ( -47.50000000000090239, 17.80000000040143959, 60.00000000000000000 ) ) ;
#1074 = EDGE_LOOP ( 'NONE', ( #4058, #124, #1671, #342 ) ) ;
#1075 = DIRECTION ( 'NONE',  ( 0.0000000000000000000, 1.000000000000000000, 0.0000000000000000000 ) ) ;
#1076 = DIRECTION ( 'NONE',  ( 1.000000000000000000, 0.0000000000000000000, -0.0000000000000000000 ) ) ;
#1077 = AXIS2_PLACEMENT_3D ( 'NONE', #264, #1547, #2533 ) ;
#1078 = EDGE_LOOP ( 'NONE', ( #3282, #3997, #319, #2794 ) ) ;
#1079 = VECTOR ( 'NONE', #4073, 1000.000000000000000 ) ;
#1080 = ORIENTED_EDGE ( 'NONE', *, *, #2280, .T. ) ;
#1081 = AXIS2_PLACEMENT_3D ( 'NONE', #3148, #2485, #1186 ) ;
#1082 = DIRECTION ( 'NONE',  ( -1.000000000000000000, 0.0000000000000000000, 0.0000000000000000000 ) ) ;
#1083 = AXIS2_PLACEMENT_3D ( 'NONE', #250, #605, #1587 ) ;
#1084 = FACE_OUTER_BOUND ( 'NONE', #1608, .T. ) ;
#1085 = AXIS2_PLACEMENT_3D ( 'NONE', #4028, #895, #2842 ) ;
#1086 = EDGE_CURVE ( 'NONE', #2115, #4098, #2762, .T. ) ;
#1087 = CARTESIAN_POINT ( 'NONE',  ( -50.74999999999938183, 17.43066238672436086, 60.00000000000000000 ) ) ;
#1088 = FACE_OUTER_BOUND ( 'NONE', #2042, .T. ) ;
#1089 = AXIS2_PLACEMENT_3D ( 'NONE', #2811, #2520, #3120 ) ;
#1090 = PLANE ( 'NONE',  #934 ) ;
#1091 = ORIENTED_EDGE ( 'NONE', *, *, #2466, .F. ) ;
#1092 = EDGE_CURVE ( 'NONE', #3515, #821, #3032, .T. ) ;
#1093 = DIRECTION ( 'NONE',  ( 1.000000000000000000, 0.0000000000000000000, 0.0000000000000000000 ) ) ;
#1094 = CARTESIAN_POINT ( 'NONE',  ( 44.80000000010336692, 2.499999999806379325, 60.00000000000000000 ) ) ;
#1095 = ORIENTED_EDGE ( 'NONE', *, *, #3006, .F. ) ;
#1096 = EDGE_CURVE ( 'NONE', #3910, #1699, #1154, .T. ) ;
#1097 = CARTESIAN_POINT ( 'NONE',  ( 46.17157287525331100, 17.99427185665869544, 0.7500000000000000000 ) ) ;
#1098 = ORIENTED_EDGE ( 'NONE', *, *, #1537, .F. ) ;
#1099 = LINE ( 'NONE', #1742, #3325 ) ;
#1100 = LINE ( 'NONE', #3716, #2639 ) ;
#1101 = ORIENTED_EDGE ( 'NONE', *, *, #397, .T. ) ;
#1102 = ORIENTED_EDGE ( 'NONE', *, *, #3225, .T. ) ;
#1103 = SURFACE_STYLE_USAGE ( .BOTH. , #2711 ) ;
#1104 = LINE ( 'NONE', #843, #797 ) ;
#1105 = DIRECTION ( 'NONE',  ( 0.0000000000000000000, 0.0000000000000000000, 1.000000000000000000 ) ) ;
#1106 = ORIENTED_EDGE ( 'NONE', *, *, #1786, .T. ) ;
#1107 = CARTESIAN_POINT ( 'NONE',  ( -49.74999999999937472, 16.60000000043260115, 60.00000000000000000 ) ) ;
#1108 = DIRECTION ( 'NONE',  ( 1.000000000000000000, 2.286680945604766311E-14, -0.0000000000000000000 ) ) ;
#1109 = ORIENTED_EDGE ( 'NONE', *, *, #3765, .F. ) ;
#1110 = CARTESIAN_POINT ( 'NONE',  ( -50.74999999999938183, 17.60000000046327884, 60.00000000000000000 ) ) ;
#1111 = CARTESIAN_POINT ( 'NONE',  ( -48.60000000010715127, 6.049999999804822615, 60.00000000000000000 ) ) ;
#1112 = EDGE_CURVE ( 'NONE', #2909, #2153, #205, .T. ) ;
#1113 = ORIENTED_EDGE ( 'NONE', *, *, #907, .T. ) ;
#1114 = DIRECTION ( 'NONE',  ( 1.000000000000000000, 0.0000000000000000000, 0.0000000000000000000 ) ) ;
#1115 = ORIENTED_EDGE ( 'NONE', *, *, #1116, .F. ) ;
#1116 = EDGE_CURVE ( 'NONE', #4129, #1834, #2696, .T. ) ;
#1117 = LINE ( 'NONE', #3955, #3664 ) ;
#1118 = CARTESIAN_POINT ( 'NONE',  ( -46.40510708292314490, 9.099999999702291120, -60.00000000000000000 ) ) ;
#1119 = EDGE_CURVE ( 'NONE', #858, #2923, #2894, .T. ) ;
#1120 = VERTEX_POINT ( 'NONE', #2513 ) ;
#1121 = ORIENTED_EDGE ( 'NONE', *, *, #1676, .F. ) ;
#1122 = AXIS2_PLACEMENT_3D ( 'NONE', #511, #3422, #909 ) ;
#1123 = VECTOR ( 'NONE', #2297, 1000.000000000000000 ) ;
#1124 = DIRECTION ( 'NONE',  ( 0.0000000000000000000, 0.0000000000000000000, 1.000000000000000000 ) ) ;
#1125 = CARTESIAN_POINT ( 'NONE',  ( 43.80000000010333849, 6.049999999805654838, 60.00000000000000000 ) ) ;
#1126 = ORIENTED_EDGE ( 'NONE', *, *, #8, .T. ) ;
#1127 = CYLINDRICAL_SURFACE ( 'NONE', #4160, 0.1999999999999987899 ) ;
#1128 = CARTESIAN_POINT ( 'NONE',  ( -51.99999999999954525, 12.16584473191018034, 0.7500000000000000000 ) ) ;
#1129 = ORIENTED_EDGE ( 'NONE', *, *, #1190, .T. ) ;
#1130 = CARTESIAN_POINT ( 'NONE',  ( -47.50000000000090239, 14.29999999970129565, 60.00000000000000000 ) ) ;
#1131 = DIRECTION ( 'NONE',  ( -1.000000000000000000, 0.0000000000000000000, 0.0000000000000000000 ) ) ;
#1132 = ORIENTED_EDGE ( 'NONE', *, *, #2943, .T. ) ;
#1133 = LINE ( 'NONE', #1787, #2813 ) ;
#1134 = EDGE_LOOP ( 'NONE', ( #1351, #3295, #2604, #709 ) ) ;
#1135 = LINE ( 'NONE', #3715, #1030 ) ;
#1136 = LINE ( 'NONE', #1160, #2094 ) ;
#1137 = ORIENTED_EDGE ( 'NONE', *, *, #1092, .T. ) ;
#1138 = ORIENTED_EDGE ( 'NONE', *, *, #3225, .F. ) ;
#1139 = ADVANCED_FACE ( 'NONE', ( #1848 ), #3790, .F. ) ;
#1140 = EDGE_CURVE ( 'NONE', #107, #1626, #2861, .T. ) ;
#1141 = PRODUCT_CONTEXT ( 'NONE', #1723, 'mechanical' ) ;
#1142 = LINE ( 'NONE', #4023, #3161 ) ;
#1143 = VECTOR ( 'NONE', #2037, 1000.000000000000000 ) ;
#1144 = VECTOR ( 'NONE', #2687, 1000.000000000000000 ) ;
#1145 = EDGE_CURVE ( 'NONE', #3839, #3335, #2805, .T. ) ;
#1146 = EDGE_CURVE ( 'NONE', #1059, #1588, #1530, .T. ) ;
#1147 = LINE ( 'NONE', #1125, #1382 ) ;
#1148 = ORIENTED_EDGE ( 'NONE', *, *, #3144, .F. ) ;
#1149 = CARTESIAN_POINT ( 'NONE',  ( 49.89999999999800906, 11.09999999970410123, 60.00000000000000000 ) ) ;
#1150 = DIRECTION ( 'NONE',  ( 0.0000000000000000000, 0.0000000000000000000, 1.000000000000000000 ) ) ;
#1151 = VECTOR ( 'NONE', #1802, 1000.000000000000114 ) ;
#1152 = ORIENTED_EDGE ( 'NONE', *, *, #2176, .F. ) ;
#1153 = AXIS2_PLACEMENT_3D ( 'NONE', #839, #795, #2150 ) ;
#1154 = LINE ( 'NONE', #1130, #538 ) ;
#1155 = DIRECTION ( 'NONE',  ( -1.000000000000000000, -7.133442331102040835E-15, 0.0000000000000000000 ) ) ;
#1156 = VERTEX_POINT ( 'NONE', #1510 ) ;
#1157 = CARTESIAN_POINT ( 'NONE',  ( 47.49999999999701572, 11.89999999970405220, -60.00000000000000000 ) ) ;
#1158 = EDGE_LOOP ( 'NONE', ( #1170, #52, #1418, #3673 ) ) ;
#1159 = LINE ( 'NONE', #192, #3390 ) ;
#1160 = CARTESIAN_POINT ( 'NONE',  ( -48.74999999999998579, 17.50000000043336001, 60.00000000000000000 ) ) ;
#1161 = EDGE_CURVE ( 'NONE', #3828, #3856, #4053, .T. ) ;
#1162 = ORIENTED_EDGE ( 'NONE', *, *, #3259, .T. ) ;
#1163 = ORIENTED_EDGE ( 'NONE', *, *, #1929, .T. ) ;
#1164 = DIRECTION ( 'NONE',  ( 1.000000000000000000, 0.0000000000000000000, 0.0000000000000000000 ) ) ;
#1165 = FACE_OUTER_BOUND ( 'NONE', #3490, .T. ) ;
#1166 = ORIENTED_EDGE ( 'NONE', *, *, #1862, .T. ) ;
#1167 = EDGE_CURVE ( 'NONE', #1345, #2345, #1171, .T. ) ;
#1168 = DIRECTION ( 'NONE',  ( 0.0000000000000000000, 0.0000000000000000000, 1.000000000000000000 ) ) ;
#1169 = CARTESIAN_POINT ( 'NONE',  ( 47.30000000010520012, 11.94427185665847269, -0.2500000000000062728 ) ) ;
#1170 = ORIENTED_EDGE ( 'NONE', *, *, #2518, .T. ) ;
#1171 = LINE ( 'NONE', #1830, #2733 ) ;
#1172 = VECTOR ( 'NONE', #3768, 1000.000000000000000 ) ;
#1173 = DIRECTION ( 'NONE',  ( -1.000000000000000000, 0.0000000000000000000, 0.0000000000000000000 ) ) ;
#1174 = ORIENTED_EDGE ( 'NONE', *, *, #3029, .T. ) ;
#1175 = CARTESIAN_POINT ( 'NONE',  ( -46.40510708292314490, 9.099999999702291120, 60.00000000000000000 ) ) ;
#1176 = ORIENTED_EDGE ( 'NONE', *, *, #1553, .F. ) ;
#1177 = CARTESIAN_POINT ( 'NONE',  ( 43.30000000010336692, 2.499999999806379325, -60.00000000000000000 ) ) ;
#1178 = CARTESIAN_POINT ( 'NONE',  ( 43.50000000010336265, 4.499999999806380657, 60.00000000000000000 ) ) ;
#1179 = EDGE_LOOP ( 'NONE', ( #1642, #2998, #4043, #225 ) ) ;
#1180 = VECTOR ( 'NONE', #2946, 1000.000000000000000 ) ;
#1181 = DIRECTION ( 'NONE',  ( 0.0000000000000000000, -1.000000000000000000, 0.0000000000000000000 ) ) ;
#1182 = CARTESIAN_POINT ( 'NONE',  ( 51.99999999999951683, 5.828427124747015853, 60.00000000000000000 ) ) ;
#1183 = VECTOR ( 'NONE', #3039, 1000.000000000000000 ) ;
#1184 = ORIENTED_EDGE ( 'NONE', *, *, #601, .F. ) ;
#1185 = DIRECTION ( 'NONE',  ( 1.000000000000000000, 3.965082230802523389E-14, 0.0000000000000000000 ) ) ;
#1186 = DIRECTION ( 'NONE',  ( 1.000000000000000000, 0.0000000000000000000, 0.0000000000000000000 ) ) ;
#1187 = AXIS2_PLACEMENT_3D ( 'NONE', #3262, #3025, #2944 ) ;
#1188 = VERTEX_POINT ( 'NONE', #2203 ) ;
#1189 = EDGE_CURVE ( 'NONE', #2597, #2945, #898, .T. ) ;
#1190 = EDGE_CURVE ( 'NONE', #837, #1913, #852, .T. ) ;
#1191 = FACE_OUTER_BOUND ( 'NONE', #3423, .T. ) ;
#1192 = DIRECTION ( 'NONE',  ( 1.000000000000000000, 0.0000000000000000000, 0.0000000000000000000 ) ) ;
#1193 = ORIENTED_EDGE ( 'NONE', *, *, #3799, .F. ) ;
#1194 = CYLINDRICAL_SURFACE ( 'NONE', #713, 1.150000000000005240 ) ;
#1195 = ORIENTED_EDGE ( 'NONE', *, *, #3259, .F. ) ;
#1196 = LINE ( 'NONE', #1853, #2324 ) ;
#1197 = PLANE ( 'NONE',  #1089 ) ;
#1198 = ORIENTED_EDGE ( 'NONE', *, *, #2851, .F. ) ;
#1199 = APPLICATION_PROTOCOL_DEFINITION ( 'draft international standard', 'automotive_design', 1998, #2380 ) ;
#1200 = CARTESIAN_POINT ( 'NONE',  ( -47.70000000000089813, 17.80000000040143959, -60.00000000000000000 ) ) ;
#1201 = VECTOR ( 'NONE', #2551, 1000.000000000000000 ) ;
#1202 = PLANE ( 'NONE',  #2936 ) ;
#1203 = CIRCLE ( 'NONE', #2082, 1.300000000000037126 ) ;
#1204 = ORIENTED_EDGE ( 'NONE', *, *, #1119, .F. ) ;
#1205 = CARTESIAN_POINT ( 'NONE',  ( 51.79999999999987637, 17.60000000045623025, 60.00000000000000000 ) ) ;
#1206 = PLANE ( 'NONE',  #1610 ) ;
#1207 = VECTOR ( 'NONE', #82, 1000.000000000000000 ) ;
#1208 = VERTEX_POINT ( 'NONE', #602 ) ;
#1209 = VECTOR ( 'NONE', #620, 1000.000000000000000 ) ;
#1210 = DIRECTION ( 'NONE',  ( -0.0000000000000000000, -0.0000000000000000000, -1.000000000000000000 ) ) ;
#1211 = VECTOR ( 'NONE', #986, 1000.000000000000000 ) ;
#1212 = DIRECTION ( 'NONE',  ( -1.000000000000000000, 0.0000000000000000000, 0.0000000000000000000 ) ) ;
#1213 = VERTEX_POINT ( 'NONE', #3486 ) ;
#1214 = CARTESIAN_POINT ( 'NONE',  ( 43.50000000010336265, 4.699999999806380835, -60.00000000000000000 ) ) ;
#1215 = STYLED_ITEM ( 'NONE', ( #688 ), #2148 ) ;
#1216 = ORIENTED_EDGE ( 'NONE', *, *, #2212, .F. ) ;
#1217 = DIRECTION ( 'NONE',  ( 0.0000000000000000000, 0.0000000000000000000, 1.000000000000000000 ) ) ;
#1218 = DIRECTION ( 'NONE',  ( 0.0000000000000000000, 0.0000000000000000000, 1.000000000000000000 ) ) ;
#1219 = EDGE_CURVE ( 'NONE', #3839, #3750, #267, .T. ) ;
#1220 = CIRCLE ( 'NONE', #350, 0.4999999999999310552 ) ;
#1221 = EDGE_CURVE ( 'NONE', #1485, #3612, #1865, .T. ) ;
#1222 = ORIENTED_EDGE ( 'NONE', *, *, #1796, .T. ) ;
#1223 = DIRECTION ( 'NONE',  ( 1.000000000000000000, 0.0000000000000000000, 0.0000000000000000000 ) ) ;
#1224 = DIRECTION ( 'NONE',  ( 0.0000000000000000000, 1.000000000000000000, 0.0000000000000000000 ) ) ;
#1225 = DIRECTION ( 'NONE',  ( 0.7071067811865936470, -0.7071067811865014985, 0.0000000000000000000 ) ) ;
#1226 = ORIENTED_EDGE ( 'NONE', *, *, #3080, .T. ) ;
#1227 = LINE ( 'NONE', #4050, #1151 ) ;
#1228 = PLANE ( 'NONE',  #274 ) ;
#1229 = VECTOR ( 'NONE', #3314, 1000.000000000000000 ) ;
#1230 = CARTESIAN_POINT ( 'NONE',  ( 45.81339312537141240, 5.849999999805676865, 60.00000000000000000 ) ) ;
#1231 = CARTESIAN_POINT ( 'NONE',  ( 47.69999999999701146, 11.09999999970409768, -60.00000000000000000 ) ) ;
#1232 = CIRCLE ( 'NONE', #162, 0.2000000000002347122 ) ;
#1233 = ORIENTED_EDGE ( 'NONE', *, *, #3562, .F. ) ;
#1234 = CARTESIAN_POINT ( 'NONE',  ( -47.50000000000090239, 17.80000000040143959, -60.00000000000000000 ) ) ;
#1235 = VERTEX_POINT ( 'NONE', #3132 ) ;
#1236 = LINE ( 'NONE', #2208, #2192 ) ;
#1237 = FILL_AREA_STYLE ('',( #883 ) ) ;
#1238 = VERTEX_POINT ( 'NONE', #248 ) ;
#1239 = EDGE_CURVE ( 'NONE', #672, #4039, #2844, .T. ) ;
#1240 = ADVANCED_FACE ( 'NONE', ( #230 ), #2823, .T. ) ;
#1241 = CARTESIAN_POINT ( 'NONE',  ( -51.99999999999954525, 5.828427124744517407, 60.00000000000000000 ) ) ;
#1242 = DIRECTION ( 'NONE',  ( -0.0000000000000000000, -0.0000000000000000000, 1.000000000000000000 ) ) ;
#1243 = VERTEX_POINT ( 'NONE', #3171 ) ;
#1244 = FACE_OUTER_BOUND ( 'NONE', #3794, .T. ) ;
#1245 = DIRECTION ( 'NONE',  ( -1.000000000000000000, 0.0000000000000000000, 0.0000000000000000000 ) ) ;
#1246 = CIRCLE ( 'NONE', #517, 0.4999999999999310552 ) ;
#1247 = LINE ( 'NONE', #3827, #2699 ) ;
#1248 = ORIENTED_EDGE ( 'NONE', *, *, #554, .F. ) ;
#1249 = CARTESIAN_POINT ( 'NONE',  ( 45.70000000010521291, -11.94427185665641922, -0.2500000000000062728 ) ) ;
#1250 = EDGE_LOOP ( 'NONE', ( #331, #1923, #1012, #3869 ) ) ;
#1251 = DIRECTION ( 'NONE',  ( 0.0000000000000000000, 0.0000000000000000000, 1.000000000000000000 ) ) ;
#1252 = CARTESIAN_POINT ( 'NONE',  ( 47.30000000010520012, -11.94427185665641922, -0.2500000000000062728 ) ) ;
#1253 = ORIENTED_EDGE ( 'NONE', *, *, #55, .T. ) ;
#1254 = CARTESIAN_POINT ( 'NONE',  ( 42.85857864386606053, 2.058578643569071609, 60.00000000000000000 ) ) ;
#1255 = ORIENTED_EDGE ( 'NONE', *, *, #3895, .T. ) ;
#1256 = EDGE_CURVE ( 'NONE', #530, #3731, #287, .T. ) ;
#1257 = FACE_OUTER_BOUND ( 'NONE', #1445, .T. ) ;
#1258 = CARTESIAN_POINT ( 'NONE',  ( -46.17157287525377996, 1.999999999998780531, -60.00000000000000000 ) ) ;
#1259 = EDGE_CURVE ( 'NONE', #343, #373, #3808, .T. ) ;
#1260 = CARTESIAN_POINT ( 'NONE',  ( -45.70000000010526975, 11.94427185665847269, 0.7500000000000000000 ) ) ;
#1261 = ADVANCED_FACE ( 'NONE', ( #1191 ), #2142, .F. ) ;
#1262 = ADVANCED_FACE ( 'NONE', ( #4089 ), #1495, .F. ) ;
#1263 = VECTOR ( 'NONE', #2181, 1000.000000000000000 ) ;
#1264 = DIRECTION ( 'NONE',  ( 0.0000000000000000000, 0.0000000000000000000, 1.000000000000000000 ) ) ;
#1265 = VECTOR ( 'NONE', #2616, 1000.000000000000000 ) ;
#1266 = AXIS2_PLACEMENT_3D ( 'NONE', #1169, #1878, #2139 ) ;
#1267 = DIRECTION ( 'NONE',  ( -1.000000000000000000, 0.0000000000000000000, 0.0000000000000000000 ) ) ;
#1268 = ORIENTED_EDGE ( 'NONE', *, *, #1860, .T. ) ;
#1269 = FACE_OUTER_BOUND ( 'NONE', #3597, .T. ) ;
#1270 = AXIS2_PLACEMENT_3D ( 'NONE', #3030, #2117, #3404 ) ;
#1271 = ORIENTED_EDGE ( 'NONE', *, *, #1813, .T. ) ;
#1272 = VECTOR ( 'NONE', #3348, 1000.000000000000000 ) ;
#1273 = CYLINDRICAL_SURFACE ( 'NONE', #4093, 0.1999999999999987899 ) ;
#1274 = CARTESIAN_POINT ( 'NONE',  ( -43.80000000010716832, 6.049999999805044659, 60.00000000000000000 ) ) ;
#1275 = VERTEX_POINT ( 'NONE', #208 ) ;
#1276 = VECTOR ( 'NONE', #1933, 1000.000000000000000 ) ;
#1277 = CARTESIAN_POINT ( 'NONE',  ( -48.54999999999999005, 17.60000000040144030, -60.00000000000000000 ) ) ;
#1278 = PLANE ( 'NONE',  #2693 ) ;
#1279 = ORIENTED_EDGE ( 'NONE', *, *, #2392, .T. ) ;
#1280 = CARTESIAN_POINT ( 'NONE',  ( 48.90000000010519443, -11.94427185665641922, -0.7500000000000000000 ) ) ;
#1281 = DIRECTION ( 'NONE',  ( 1.000000000000000000, 0.0000000000000000000, 0.0000000000000000000 ) ) ;
#1282 = LINE ( 'NONE', #1964, #3366 ) ;
#1283 = ORIENTED_EDGE ( 'NONE', *, *, #2724, .T. ) ;
#1284 = EDGE_CURVE ( 'NONE', #1059, #3649, #1352, .T. ) ;
#1285 = ADVANCED_FACE ( 'NONE', ( #658, #3551, #1669, #371, #3529 ), #636, .T. ) ;
#1286 = ADVANCED_FACE ( 'NONE', ( #1306 ), #326, .F. ) ;
#1287 =( REPRESENTATION_RELATIONSHIP ('NONE','NONE', #3245, #924 ) REPRESENTATION_RELATIONSHIP_WITH_TRANSFORMATION ( #2175 )SHAPE_REPRESENTATION_RELATIONSHIP( ) );
#1288 = DIRECTION ( 'NONE',  ( 1.000000000000000000, 0.0000000000000000000, 0.0000000000000000000 ) ) ;
#1289 = DIRECTION ( 'NONE',  ( 1.000000000000000000, 0.0000000000000000000, 0.0000000000000000000 ) ) ;
#1290 = ORIENTED_EDGE ( 'NONE', *, *, #3289, .T. ) ;
#1291 = AXIS2_PLACEMENT_3D ( 'NONE', #2063, #504, #1790 ) ;
#1292 = CARTESIAN_POINT ( 'NONE',  ( -51.41421356237285778, 13.58005829428261002, 0.7500000000000000000 ) ) ;
#1293 = ORIENTED_EDGE ( 'NONE', *, *, #3921, .F. ) ;
#1294 = LINE ( 'NONE', #357, #1375 ) ;
#1295 = FILL_AREA_STYLE ('',( #2315 ) ) ;
#1296 = ORIENTED_EDGE ( 'NONE', *, *, #2689, .F. ) ;
#1297 = CARTESIAN_POINT ( 'NONE',  ( 46.55669656273736479, 7.337439318764182872, -60.00000000000000000 ) ) ;
#1298 = FACE_OUTER_BOUND ( 'NONE', #406, .T. ) ;
#1299 = FACE_BOUND ( 'NONE', #2593, .T. ) ;
#1300 = ORIENTED_EDGE ( 'NONE', *, *, #2385, .F. ) ;
#1301 = ORIENTED_EDGE ( 'NONE', *, *, #3777, .F. ) ;
#1302 = DIRECTION ( 'NONE',  ( -0.0000000000000000000, -0.0000000000000000000, -1.000000000000000000 ) ) ;
#1303 = DIRECTION ( 'NONE',  ( 2.286680945604766311E-14, -1.000000000000000000, 0.0000000000000000000 ) ) ;
#1304 = DIRECTION ( 'NONE',  ( 0.0000000000000000000, -0.0000000000000000000, -1.000000000000000000 ) ) ;
#1305 = ORIENTED_EDGE ( 'NONE', *, *, #3337, .F. ) ;
#1306 = FACE_OUTER_BOUND ( 'NONE', #3331, .T. ) ;
#1307 = DIRECTION ( 'NONE',  ( 1.000000000000000000, 0.0000000000000000000, 0.0000000000000000000 ) ) ;
#1308 = ORIENTED_EDGE ( 'NONE', *, *, #1651, .F. ) ;
#1309 = EDGE_CURVE ( 'NONE', #3930, #488, #1899, .T. ) ;
#1310 = CARTESIAN_POINT ( 'NONE',  ( -43.30000000010711148, 2.499999999805768702, -60.00000000000000000 ) ) ;
#1311 = CIRCLE ( 'NONE', #3344, 2.000000000000015543 ) ;
#1312 = ORIENTED_EDGE ( 'NONE', *, *, #2827, .F. ) ;
#1313 = AXIS2_PLACEMENT_3D ( 'NONE', #3855, #1643, #1036 ) ;
#1314 = CARTESIAN_POINT ( 'NONE',  ( 50.00000000000191847, 11.09999999970111695, -60.00000000000000000 ) ) ;
#1315 = CARTESIAN_POINT ( 'NONE',  ( 44.70000000010521291, -11.94427185665641922, 0.7500000000000000000 ) ) ;
#1316 = ADVANCED_FACE ( 'NONE', ( #2629 ), #303, .F. ) ;
#1317 = VERTEX_POINT ( 'NONE', #3599 ) ;
#1318 = ADVANCED_FACE ( 'NONE', ( #619 ), #3187, .F. ) ;
#1319 = EDGE_CURVE ( 'NONE', #2597, #553, #1423, .T. ) ;
#1320 = FACE_OUTER_BOUND ( 'NONE', #4056, .T. ) ;
#1321 = DIRECTION ( 'NONE',  ( -0.7071067811865064945, 0.7071067811865886510, 0.0000000000000000000 ) ) ;
#1322 = DIRECTION ( 'NONE',  ( 0.0000000000000000000, 0.0000000000000000000, 1.000000000000000000 ) ) ;
#1323 = ORIENTED_EDGE ( 'NONE', *, *, #2440, .F. ) ;
#1324 =( NAMED_UNIT ( * ) PLANE_ANGLE_UNIT ( ) SI_UNIT ( $, .RADIAN. ) );
#1325 = CARTESIAN_POINT ( 'NONE',  ( 45.70000000010521291, 11.94427185665847269, -0.7500000000000000000 ) ) ;
#1326 = CARTESIAN_POINT ( 'NONE',  ( 49.74999999999893419, 19.40000000032571137, 60.00000000000000000 ) ) ;
#1327 = ORIENTED_EDGE ( 'NONE', *, *, #582, .F. ) ;
#1328 = CARTESIAN_POINT ( 'NONE',  ( -51.99999999999957367, 5.828427124744517407, 60.00000000000000000 ) ) ;
#1329 = DIRECTION ( 'NONE',  ( 0.7071067811865456854, 0.0000000000000000000, 0.7071067811865493491 ) ) ;
#1330 = EDGE_LOOP ( 'NONE', ( #3447, #3287, #1115, #487, #2397, #1033, #2028, #2803, #4003, #917, #3064, #811, #613, #748, #20, #1138 ) ) ;
#1331 = VECTOR ( 'NONE', #1224, 1000.000000000000000 ) ;
#1332 = ORIENTED_EDGE ( 'NONE', *, *, #780, .T. ) ;
#1333 = CARTESIAN_POINT ( 'NONE',  ( -47.50000000000090239, 14.09999999970129636, -60.00000000000000000 ) ) ;
#1334 = CARTESIAN_POINT ( 'NONE',  ( -48.74999999999998579, 17.43066238672508206, 60.00000000000000000 ) ) ;
#1335 = ORIENTED_EDGE ( 'NONE', *, *, #3005, .F. ) ;
#1336 = VECTOR ( 'NONE', #3743, 1000.000000000000000 ) ;
#1337 = CARTESIAN_POINT ( 'NONE',  ( -48.54999999999999005, 17.80000000040143959, 60.00000000000000000 ) ) ;
#1338 = AXIS2_PLACEMENT_3D ( 'NONE', #3488, #2824, #1212 ) ;
#1339 = DIRECTION ( 'NONE',  ( 1.000000000000000000, 0.0000000000000000000, 0.0000000000000000000 ) ) ;
#1340 = ADVANCED_FACE ( 'NONE', ( #2940 ), #2879, .T. ) ;
#1341 = EDGE_CURVE ( 'NONE', #1156, #3697, #3280, .T. ) ;
#1342 = DIRECTION ( 'NONE',  ( -0.0000000000000000000, -0.0000000000000000000, -1.000000000000000000 ) ) ;
#1343 = LINE ( 'NONE', #3956, #4099 ) ;
#1344 = VECTOR ( 'NONE', #2321, 1000.000000000000000 ) ;
#1345 = VERTEX_POINT ( 'NONE', #3579 ) ;
#1346 = ORIENTED_EDGE ( 'NONE', *, *, #2467, .F. ) ;
#1347 = DIRECTION ( 'NONE',  ( 0.0000000000000000000, 0.0000000000000000000, 1.000000000000000000 ) ) ;
#1348 = AXIS2_PLACEMENT_3D ( 'NONE', #152, #216, #776 ) ;
#1349 = CARTESIAN_POINT ( 'NONE',  ( 42.71715728762875131, 1.999999999806378437, 60.00000000000000000 ) ) ;
#1350 = CARTESIAN_POINT ( 'NONE',  ( 51.41421356237285778, -13.58005829428144295, 0.7500000000000000000 ) ) ;
#1351 = ORIENTED_EDGE ( 'NONE', *, *, #4047, .T. ) ;
#1352 = LINE ( 'NONE', #4146, #156 ) ;
#1353 = DIRECTION ( 'NONE',  ( 0.0000000000000000000, 0.0000000000000000000, 1.000000000000000000 ) ) ;
#1354 = ORIENTED_EDGE ( 'NONE', *, *, #1096, .T. ) ;
#1355 = EDGE_CURVE ( 'NONE', #2486, #562, #2310, .T. ) ;
#1356 = ORIENTED_EDGE ( 'NONE', *, *, #3144, .T. ) ;
#1357 = DIRECTION ( 'NONE',  ( 1.000000000000000000, 0.0000000000000000000, 0.0000000000000000000 ) ) ;
#1358 = CARTESIAN_POINT ( 'NONE',  ( -51.04999999999934346, 16.60000000043260115, 60.00000000000000000 ) ) ;
#1359 = VERTEX_POINT ( 'NONE', #3928 ) ;
#1360 = CARTESIAN_POINT ( 'NONE',  ( -47.30000000010525696, -11.94427185665641922, -0.7500000000000000000 ) ) ;
#1361 = DIRECTION ( 'NONE',  ( 1.000000000000000000, -8.810136181295853520E-14, 0.0000000000000000000 ) ) ;
#1362 = DIRECTION ( 'NONE',  ( -0.0000000000000000000, -0.0000000000000000000, -1.000000000000000000 ) ) ;
#1363 = DIRECTION ( 'NONE',  ( -0.0000000000000000000, 1.000000000000000000, -0.0000000000000000000 ) ) ;
#1364 = VERTEX_POINT ( 'NONE', #682 ) ;
#1365 = ORIENTED_EDGE ( 'NONE', *, *, #2019, .T. ) ;
#1366 =( NAMED_UNIT ( * ) SI_UNIT ( $, .STERADIAN. ) SOLID_ANGLE_UNIT ( ) );
#1367 = DIRECTION ( 'NONE',  ( -0.0000000000000000000, 0.0000000000000000000, -1.000000000000000000 ) ) ;
#1368 = AXIS2_PLACEMENT_3D ( 'NONE', #564, #914, #3747 ) ;
#1369 = AXIS2_PLACEMENT_3D ( 'NONE', #2691, #492, #3384 ) ;
#1370 = CARTESIAN_POINT ( 'NONE',  ( 51.99999999999954525, 12.16584473191201177, 0.7500000000000000000 ) ) ;
#1371 = ORIENTED_EDGE ( 'NONE', *, *, #1786, .F. ) ;
#1372 = CARTESIAN_POINT ( 'NONE',  ( -47.30000000010525696, 11.94427185665847269, 0.7500000000000000000 ) ) ;
#1373 = CARTESIAN_POINT ( 'NONE',  ( 43.50000000010336265, 4.699999999806380835, 60.00000000000000000 ) ) ;
#1374 = ORIENTED_EDGE ( 'NONE', *, *, #3864, .F. ) ;
#1375 = VECTOR ( 'NONE', #643, 1000.000000000000000 ) ;
#1376 = CARTESIAN_POINT ( 'NONE',  ( -47.50000000000090239, 12.29999999970110558, 60.00000000000000000 ) ) ;
#1377 = EDGE_LOOP ( 'NONE', ( #3659, #1491, #2543, #948 ) ) ;
#1378 = CARTESIAN_POINT ( 'NONE',  ( -51.41421356237285778, 13.58005829428261002, -0.7500000000000000000 ) ) ;
#1379 = EDGE_LOOP ( 'NONE', ( #806, #97 ) ) ;
#1380 = DIRECTION ( 'NONE',  ( -0.0000000000000000000, -0.0000000000000000000, -1.000000000000000000 ) ) ;
#1381 = CARTESIAN_POINT ( 'NONE',  ( 47.58578643762667326, -17.40848541902717628, 0.7500000000000000000 ) ) ;
#1382 = VECTOR ( 'NONE', #2417, 1000.000000000000000 ) ;
#1383 = VERTEX_POINT ( 'NONE', #1962 ) ;
#1384 = EDGE_LOOP ( 'NONE', ( #3628, #2590, #2003, #195 ) ) ;
#1385 = EDGE_LOOP ( 'NONE', ( #774, #793, #3787, #1176 ) ) ;
#1386 =( LENGTH_UNIT ( ) NAMED_UNIT ( * ) SI_UNIT ( .MILLI., .METRE. ) );
#1387 = CARTESIAN_POINT ( 'NONE',  ( 48.89999999999841407, 17.80000000040532626, -60.00000000000000000 ) ) ;
#1388 = CARTESIAN_POINT ( 'NONE',  ( 50.00000000000191847, 2.000000000001223022, 60.00000000000000000 ) ) ;
#1389 = FACE_OUTER_BOUND ( 'NONE', #2289, .T. ) ;
#1390 = CARTESIAN_POINT ( 'NONE',  ( 50.00000000000191847, 14.09999999970130879, -60.00000000000000000 ) ) ;
#1391 = EDGE_CURVE ( 'NONE', #49, #3976, #389, .T. ) ;
#1392 = FACE_OUTER_BOUND ( 'NONE', #3329, .T. ) ;
#1393 = ADVANCED_FACE ( 'NONE', ( #1628 ), #3842, .F. ) ;
#1394 = ORIENTED_EDGE ( 'NONE', *, *, #4021, .F. ) ;
#1395 = LINE ( 'NONE', #3951, #2155 ) ;
#1396 = VECTOR ( 'NONE', #68, 1000.000000000000000 ) ;
#1397 = DIRECTION ( 'NONE',  ( 0.0000000000000000000, 0.0000000000000000000, 1.000000000000000000 ) ) ;
#1398 = ORIENTED_EDGE ( 'NONE', *, *, #2271, .F. ) ;
#1399 = VECTOR ( 'NONE', #2154, 1000.000000000000000 ) ;
#1400 = FACE_OUTER_BOUND ( 'NONE', #3205, .T. ) ;
#1401 = EDGE_LOOP ( 'NONE', ( #3117, #2454, #103, #1058 ) ) ;
#1402 = FACE_OUTER_BOUND ( 'NONE', #3986, .T. ) ;
#1403 = DIRECTION ( 'NONE',  ( -0.0000000000000000000, -0.0000000000000000000, -1.000000000000000000 ) ) ;
#1404 = AXIS2_PLACEMENT_3D ( 'NONE', #832, #2719, #3708 ) ;
#1405 = AXIS2_PLACEMENT_3D ( 'NONE', #1616, #401, #2888 ) ;
#1406 = VERTEX_POINT ( 'NONE', #951 ) ;
#1407 = CIRCLE ( 'NONE', #805, 1.150000000000005240 ) ;
#1408 = VERTEX_POINT ( 'NONE', #6 ) ;
#1409 = FILL_AREA_STYLE ('',( #1772 ) ) ;
#1410 = AXIS2_PLACEMENT_3D ( 'NONE', #995, #683, #3260 ) ;
#1411 = DIRECTION ( 'NONE',  ( -1.000000000000000000, 0.0000000000000000000, 0.0000000000000000000 ) ) ;
#1412 = VECTOR ( 'NONE', #579, 1000.000000000000000 ) ;
#1413 = AXIS2_PLACEMENT_3D ( 'NONE', #1791, #3062, #3733 ) ;
#1414 = DIRECTION ( 'NONE',  ( -1.825147450243434342E-14, -1.000000000000000000, 0.0000000000000000000 ) ) ;
#1415 = CARTESIAN_POINT ( 'NONE',  ( 50.59999999999934062, 17.80000000045622954, 60.00000000000000000 ) ) ;
#1416 = AXIS2_PLACEMENT_3D ( 'NONE', #1997, #1954, #3557 ) ;
#1417 = CARTESIAN_POINT ( 'NONE',  ( -49.99999999999954525, 12.16584473190973625, -0.7500000000000000000 ) ) ;
#1418 = ORIENTED_EDGE ( 'NONE', *, *, #1842, .F. ) ;
#1419 = EDGE_CURVE ( 'NONE', #3021, #2394, #3326, .T. ) ;
#1420 = DIRECTION ( 'NONE',  ( 0.0000000000000000000, 0.0000000000000000000, 1.000000000000000000 ) ) ;
#1421 = DIRECTION ( 'NONE',  ( 0.0000000000000000000, 0.0000000000000000000, 1.000000000000000000 ) ) ;
#1422 = ORIENTED_EDGE ( 'NONE', *, *, #982, .T. ) ;
#1423 = CIRCLE ( 'NONE', #4109, 2.000000000000445866 ) ;
#1424 = FACE_OUTER_BOUND ( 'NONE', #1837, .T. ) ;
#1425 = ORIENTED_EDGE ( 'NONE', *, *, #4069, .T. ) ;
#1426 = PLANE ( 'NONE',  #4116 ) ;
#1427 = DIRECTION ( 'NONE',  ( 0.0000000000000000000, 0.0000000000000000000, 1.000000000000000000 ) ) ;
#1428 = ORIENTED_EDGE ( 'NONE', *, *, #779, .F. ) ;
#1429 = ORIENTED_EDGE ( 'NONE', *, *, #349, .T. ) ;
#1430 = AXIS2_PLACEMENT_3D ( 'NONE', #84, #1321, #3936 ) ;
#1431 = DIRECTION ( 'NONE',  ( 1.000000000000000000, 0.0000000000000000000, 0.0000000000000000000 ) ) ;
#1432 = CARTESIAN_POINT ( 'NONE',  ( 44.80000000010336692, 4.499999999806380657, -60.00000000000000000 ) ) ;
#1433 = VECTOR ( 'NONE', #3469, 1000.000000000000000 ) ;
#1434 = ORIENTED_EDGE ( 'NONE', *, *, #2067, .T. ) ;
#1435 = DIRECTION ( 'NONE',  ( 1.000000000000000000, 0.0000000000000000000, 0.0000000000000000000 ) ) ;
#1436 = DIRECTION ( 'NONE',  ( 1.000000000000000000, 0.0000000000000000000, 0.0000000000000000000 ) ) ;
#1437 = ORIENTED_EDGE ( 'NONE', *, *, #912, .F. ) ;
#1438 = DIRECTION ( 'NONE',  ( -0.0000000000000000000, -0.0000000000000000000, -1.000000000000000000 ) ) ;
#1439 = CARTESIAN_POINT ( 'NONE',  ( 46.17157287525286335, 15.99427185665869189, 0.7500000000000000000 ) ) ;
#1440 = EDGE_CURVE ( 'NONE', #359, #944, #1568, .T. ) ;
#1441 = ADVANCED_FACE ( 'NONE', ( #1088 ), #2986, .F. ) ;
#1442 = ORIENTED_EDGE ( 'NONE', *, *, #1813, .F. ) ;
#1443 = DIRECTION ( 'NONE',  ( 0.0000000000000000000, 0.0000000000000000000, 1.000000000000000000 ) ) ;
#1444 = AXIS2_PLACEMENT_3D ( 'NONE', #2810, #3457, #4079 ) ;
#1445 = EDGE_LOOP ( 'NONE', ( #708, #1091, #2449, #2652 ) ) ;
#1446 = CYLINDRICAL_SURFACE ( 'NONE', #2529, 0.1999999999999987899 ) ;
#1447 = ADVANCED_FACE ( 'NONE', ( #746 ), #3969, .F. ) ;
#1448 = CARTESIAN_POINT ( 'NONE',  ( 46.72990164349450026, 7.437439318764226925, -60.00000000000000000 ) ) ;
#1449 = EDGE_CURVE ( 'NONE', #3612, #2074, #1751, .T. ) ;
#1450 = ORIENTED_EDGE ( 'NONE', *, *, #595, .F. ) ;
#1451 = AXIS2_PLACEMENT_3D ( 'NONE', #2450, #1514, #792 ) ;
#1452 = EDGE_LOOP ( 'NONE', ( #1992, #1924, #407, #1346, #71, #4095, #1579, #127, #2141, #28, #3054, #3157, #420, #364, #258, #2433, #2036, #854, #461, #2400, #21, #2388, #2250, #2443, #2493, #3679, #3550, #1312, #1204, #3548, #2825, #2710, #2681, #2555, #270, #2694, #1631, #970, #1960, #1101, #1467, #252, #625, #3181, #443, #1965, #943, #1152, #3410, #2913, #1293, #3373, #4149, #3317, #3854, #2386, #2408, #817, #3523, #3866, #2634, #2210, #1766, #2584, #3222, #3837, #2605, #491, #1442, #2865, #1308, #2005, #4011, #997, #1995, #1983, #3846, #820, #2659, #1824, #2536, #3100, #375, #1976, #458, #422 ) ) ;
#1453 =( GEOMETRIC_REPRESENTATION_CONTEXT ( 3 ) GLOBAL_UNCERTAINTY_ASSIGNED_CONTEXT ( ( #3613 ) ) GLOBAL_UNIT_ASSIGNED_CONTEXT ( ( #175, #3318, #4022 ) ) REPRESENTATION_CONTEXT ( 'NONE', 'WORKASPACE' ) );
#1454 = AXIS2_PLACEMENT_3D ( 'NONE', #1589, #974, #2575 ) ;
#1455 = CARTESIAN_POINT ( 'NONE',  ( -46.55669656274127988, 7.337439318763849805, -60.00000000000000000 ) ) ;
#1456 = AXIS2_PLACEMENT_3D ( 'NONE', #281, #2814, #1223 ) ;
#1457 = CARTESIAN_POINT ( 'NONE',  ( -47.70000000000085549, 11.89999999970110700, -60.00000000000000000 ) ) ;
#1458 = VERTEX_POINT ( 'NONE', #137 ) ;
#1459 = CYLINDRICAL_SURFACE ( 'NONE', #2160, 1.299999999999967848 ) ;
#1460 = DIRECTION ( 'NONE',  ( -5.551115123125777653E-14, 1.000000000000000000, -0.0000000000000000000 ) ) ;
#1461 = ORIENTED_EDGE ( 'NONE', *, *, #3383, .F. ) ;
#1462 = EDGE_CURVE ( 'NONE', #2490, #3364, #1778, .T. ) ;
#1463 = DIRECTION ( 'NONE',  ( -1.000000000000000000, -5.551115123125777653E-14, 0.0000000000000000000 ) ) ;
#1464 = CARTESIAN_POINT ( 'NONE',  ( 46.40510708291889586, 8.599999999702511388, -60.00000000000000000 ) ) ;
#1465 = ORIENTED_EDGE ( 'NONE', *, *, #1810, .T. ) ;
#1466 = CARTESIAN_POINT ( 'NONE',  ( 46.55669656273736479, 7.337439318764182872, 60.00000000000000000 ) ) ;
#1467 = ORIENTED_EDGE ( 'NONE', *, *, #3892, .T. ) ;
#1468 = CARTESIAN_POINT ( 'NONE',  ( -47.30000000010711858, 6.049999999804822615, 60.00000000000000000 ) ) ;
#1469 = CARTESIAN_POINT ( 'NONE',  ( 51.99999999999987921, 17.80000000045622954, 60.00000000000000000 ) ) ;
#1470 = VERTEX_POINT ( 'NONE', #1390 ) ;
#1471 = CIRCLE ( 'NONE', #996, 2.000000000000015543 ) ;
#1472 = ORIENTED_EDGE ( 'NONE', *, *, #1882, .F. ) ;
#1473 = APPLICATION_PROTOCOL_DEFINITION ( 'draft international standard', 'automotive_design', 1998, #1513 ) ;
#1474 = EDGE_CURVE ( 'NONE', #3191, #3926, #2369, .T. ) ;
#1475 = LINE ( 'NONE', #3421, #864 ) ;
#1476 = AXIS2_PLACEMENT_3D ( 'NONE', #2381, #3669, #770 ) ;
#1477 = VECTOR ( 'NONE', #2589, 1000.000000000000000 ) ;
#1478 = CIRCLE ( 'NONE', #1821, 0.1999999999999987899 ) ;
#1479 = DIRECTION ( 'NONE',  ( 0.7071067811865014985, 0.7071067811865936470, 0.0000000000000000000 ) ) ;
#1480 = CIRCLE ( 'NONE', #4035, 1.599999999999990319 ) ;
#1481 = ORIENTED_EDGE ( 'NONE', *, *, #4140, .T. ) ;
#1482 = FACE_OUTER_BOUND ( 'NONE', #2886, .T. ) ;
#1483 = CARTESIAN_POINT ( 'NONE',  ( -47.58578643762663773, 0.5857864376254224847, -60.00000000000000000 ) ) ;
#1484 = CIRCLE ( 'NONE', #1952, 0.2000000000000057288 ) ;
#1485 = VERTEX_POINT ( 'NONE', #1710 ) ;
#1486 = AXIS2_PLACEMENT_3D ( 'NONE', #1252, #960, #3848 ) ;
#1487 = DIRECTION ( 'NONE',  ( 0.7071067811865456854, 0.0000000000000000000, 0.7071067811865493491 ) ) ;
#1488 = LINE ( 'NONE', #1737, #3965 ) ;
#1489 = VERTEX_POINT ( 'NONE', #3008 ) ;
#1490 = CARTESIAN_POINT ( 'NONE',  ( -50.78999999999937387, 17.38000000043254900, 60.00000000000000000 ) ) ;
#1491 = ORIENTED_EDGE ( 'NONE', *, *, #475, .F. ) ;
#1492 = DIRECTION ( 'NONE',  ( 0.0000000000000000000, 0.0000000000000000000, 1.000000000000000000 ) ) ;
#1493 = DIRECTION ( 'NONE',  ( -1.000000000000000000, 0.0000000000000000000, 0.0000000000000000000 ) ) ;
#1494 = ORIENTED_EDGE ( 'NONE', *, *, #1064, .T. ) ;
#1495 = CONICAL_SURFACE ( 'NONE', #3919, 1.599999999999990319, 0.7853981633974456145 ) ;
#1496 = ORIENTED_EDGE ( 'NONE', *, *, #1419, .T. ) ;
#1497 = DIRECTION ( 'NONE',  ( 0.0000000000000000000, 0.0000000000000000000, 1.000000000000000000 ) ) ;
#1498 = DIRECTION ( 'NONE',  ( -0.0000000000000000000, -0.0000000000000000000, -1.000000000000000000 ) ) ;
#1499 = EDGE_CURVE ( 'NONE', #3527, #3735, #3906, .T. ) ;
#1500 = EDGE_CURVE ( 'NONE', #4136, #238, #726, .T. ) ;
#1501 = EDGE_CURVE ( 'NONE', #3828, #63, #3301, .T. ) ;
#1502 = PLANE ( 'NONE',  #110 ) ;
#1503 = ORIENTED_EDGE ( 'NONE', *, *, #271, .T. ) ;
#1504 = AXIS2_PLACEMENT_3D ( 'NONE', #1932, #2930, #2682 ) ;
#1505 = FACE_OUTER_BOUND ( 'NONE', #2393, .T. ) ;
#1506 = ADVANCED_FACE ( 'NONE', ( #786 ), #1693, .F. ) ;
#1507 = LINE ( 'NONE', #3449, #2895 ) ;
#1508 = ADVANCED_FACE ( 'NONE', ( #3666 ), #1459, .F. ) ;
#1509 = ORIENTED_EDGE ( 'NONE', *, *, #2271, .T. ) ;
#1510 = CARTESIAN_POINT ( 'NONE',  ( 44.80000000010336692, 4.499999999806380657, 60.00000000000000000 ) ) ;
#1511 = FACE_OUTER_BOUND ( 'NONE', #1385, .T. ) ;
#1512 = ORIENTED_EDGE ( 'NONE', *, *, #2385, .T. ) ;
#1513 = APPLICATION_CONTEXT ( 'automotive_design' ) ;
#1514 = DIRECTION ( 'NONE',  ( -0.0000000000000000000, -0.0000000000000000000, -1.000000000000000000 ) ) ;
#1515 = ORIENTED_EDGE ( 'NONE', *, *, #2617, .T. ) ;
#1516 = PRODUCT_RELATED_PRODUCT_CATEGORY ( 'part', '', ( #2235 ) ) ;
#1517 = CARTESIAN_POINT ( 'NONE',  ( -47.50000000000085976, 11.29999999970111446, 60.00000000000000000 ) ) ;
#1518 = CARTESIAN_POINT ( 'NONE',  ( 43.30000000010336692, 2.499999999806379325, 60.00000000000000000 ) ) ;
#1519 = ORIENTED_EDGE ( 'NONE', *, *, #595, .T. ) ;
#1520 =( NAMED_UNIT ( * ) SI_UNIT ( $, .STERADIAN. ) SOLID_ANGLE_UNIT ( ) );
#1521 = CARTESIAN_POINT ( 'NONE',  ( 46.17157287525380838, 2.000000000001223022, -60.00000000000000000 ) ) ;
#1522 = LINE ( 'NONE', #596, #3141 ) ;
#1523 = CIRCLE ( 'NONE', #512, 0.1999999999999987899 ) ;
#1524 = CIRCLE ( 'NONE', #2746, 1.300000000000037126 ) ;
#1525 = CARTESIAN_POINT ( 'NONE',  ( -48.74999999999998579, 17.43066238672508206, -60.00000000000000000 ) ) ;
#1526 = LINE ( 'NONE', #3088, #3234 ) ;
#1527 = CARTESIAN_POINT ( 'NONE',  ( -47.70000000000089813, 14.09999999970129636, 60.00000000000000000 ) ) ;
#1528 = ORIENTED_EDGE ( 'NONE', *, *, #2521, .F. ) ;
#1529 = EDGE_CURVE ( 'NONE', #847, #2058, #3342, .T. ) ;
#1530 = LINE ( 'NONE', #1565, #3859 ) ;
#1531 = LINE ( 'NONE', #3509, #1209 ) ;
#1532 = ORIENTED_EDGE ( 'NONE', *, *, #1096, .F. ) ;
#1533 = CARTESIAN_POINT ( 'NONE',  ( -51.41421356237285778, -13.58005829428327083, 0.7500000000000000000 ) ) ;
#1534 = ADVANCED_FACE ( 'NONE', ( #4008 ), #456, .T. ) ;
#1535 = VERTEX_POINT ( 'NONE', #3988 ) ;
#1536 = CARTESIAN_POINT ( 'NONE',  ( -47.30000000010525696, -11.94427185665641922, -0.2500000000000340283 ) ) ;
#1537 = EDGE_CURVE ( 'NONE', #2869, #3655, #2091, .T. ) ;
#1538 = PRESENTATION_STYLE_ASSIGNMENT (( #3459 ) ) ;
#1539 = ORIENTED_EDGE ( 'NONE', *, *, #601, .T. ) ;
#1540 = PLANE ( 'NONE',  #2283 ) ;
#1541 = AXIS2_PLACEMENT_3D ( 'NONE', #2437, #1727, #2070 ) ;
#1542 = EDGE_CURVE ( 'NONE', #3305, #1213, #3361, .T. ) ;
#1543 = DIRECTION ( 'NONE',  ( 3.013993956761511069E-14, 1.000000000000000000, 0.0000000000000000000 ) ) ;
#1544 = CIRCLE ( 'NONE', #3769, 2.000000000000008882 ) ;
#1545 = DIRECTION ( 'NONE',  ( 1.000000000000000000, 0.0000000000000000000, 0.0000000000000000000 ) ) ;
#1546 = CARTESIAN_POINT ( 'NONE',  ( -45.97209438103063661, 8.349999999702314213, 60.00000000000000000 ) ) ;
#1547 = DIRECTION ( 'NONE',  ( 0.0000000000000000000, 0.0000000000000000000, 1.000000000000000000 ) ) ;
#1548 = CIRCLE ( 'NONE', #3900, 0.1999999999999640954 ) ;
#1549 = VECTOR ( 'NONE', #166, 1000.000000000000000 ) ;
#1550 = CARTESIAN_POINT ( 'NONE',  ( -45.70000000010526975, 11.94427185665847269, -0.2500000000000340283 ) ) ;
#1551 = CIRCLE ( 'NONE', #3040, 0.4999999999999310552 ) ;
#1552 = CARTESIAN_POINT ( 'NONE',  ( -47.30000000010525696, 11.94427185665847269, -0.7500000000000000000 ) ) ;
#1553 = EDGE_CURVE ( 'NONE', #772, #1804, #1757, .T. ) ;
#1554 = ORIENTED_EDGE ( 'NONE', *, *, #317, .F. ) ;
#1555 = ADVANCED_FACE ( 'NONE', ( #2739 ), #1127, .T. ) ;
#1556 = CARTESIAN_POINT ( 'NONE',  ( 46.01160737533563605, 5.876666666472352141, 60.00000000000000000 ) ) ;
#1557 = VERTEX_POINT ( 'NONE', #3128 ) ;
#1558 = LINE ( 'NONE', #2832, #2179 ) ;
#1559 = ORIENTED_EDGE ( 'NONE', *, *, #1529, .F. ) ;
#1560 = DIRECTION ( 'NONE',  ( -5.551115123125936777E-17, -2.775557561562568103E-17, 1.000000000000000000 ) ) ;
#1561 = LINE ( 'NONE', #555, #1604 ) ;
#1562 = CARTESIAN_POINT ( 'NONE',  ( 43.30000000010336692, 5.549999999805654838, -60.00000000000000000 ) ) ;
#1563 = VERTEX_POINT ( 'NONE', #1546 ) ;
#1564 = CARTESIAN_POINT ( 'NONE',  ( 51.79999999999987637, 17.60000000045623025, 60.00000000000000000 ) ) ;
#1565 = CARTESIAN_POINT ( 'NONE',  ( 50.00000000000191847, 9.099999999702303555, -60.00000000000000000 ) ) ;
#1566 = LINE ( 'NONE', #876, #1607 ) ;
#1567 = ORIENTED_EDGE ( 'NONE', *, *, #266, .F. ) ;
#1568 = CIRCLE ( 'NONE', #3927, 0.1999999999999987899 ) ;
#1569 = CARTESIAN_POINT ( 'NONE',  ( 48.59999999999892850, 19.40000000032571137, 60.00000000000000000 ) ) ;
#1570 = ORIENTED_EDGE ( 'NONE', *, *, #2390, .T. ) ;
#1571 = DIRECTION ( 'NONE',  ( -0.0000000000000000000, -0.0000000000000000000, 1.000000000000000000 ) ) ;
#1572 = CARTESIAN_POINT ( 'NONE',  ( 47.58578643762670168, 0.5857864376279109386, 60.00000000000000000 ) ) ;
#1573 = EDGE_CURVE ( 'NONE', #2848, #3263, #3713, .T. ) ;
#1574 = ORIENTED_EDGE ( 'NONE', *, *, #3959, .T. ) ;
#1575 = EDGE_CURVE ( 'NONE', #3391, #2909, #1227, .T. ) ;
#1576 = EDGE_CURVE ( 'NONE', #3256, #733, #1526, .T. ) ;
#1577 = CARTESIAN_POINT ( 'NONE',  ( -52.00000000000000711, -12.16584473190990323, 0.7500000000000000000 ) ) ;
#1578 = ADVANCED_FACE ( 'NONE', ( #263 ), #2116, .F. ) ;
#1579 = ORIENTED_EDGE ( 'NONE', *, *, #1966, .F. ) ;
#1580 = CARTESIAN_POINT ( 'NONE',  ( -49.99999999999954525, 12.16584473190973625, 0.7500000000000000000 ) ) ;
#1581 = CARTESIAN_POINT ( 'NONE',  ( -50.94999999999937756, 17.60000000046327884, -60.00000000000000000 ) ) ;
#1582 = AXIS2_PLACEMENT_3D ( 'NONE', #2867, #1217, #882 ) ;
#1583 = DIRECTION ( 'NONE',  ( 1.000000000000000000, 0.0000000000000000000, 0.0000000000000000000 ) ) ;
#1584 = CIRCLE ( 'NONE', #3940, 0.1999999999999987899 ) ;
#1585 = DIRECTION ( 'NONE',  ( -1.000000000000000000, 0.0000000000000000000, 0.0000000000000000000 ) ) ;
#1586 = VECTOR ( 'NONE', #1776, 1000.000000000000000 ) ;
#1587 = DIRECTION ( 'NONE',  ( 1.000000000000000000, 0.0000000000000000000, 0.0000000000000000000 ) ) ;
#1588 = VERTEX_POINT ( 'NONE', #2444 ) ;
#1589 = CARTESIAN_POINT ( 'NONE',  ( 49.89999999999797353, 14.09999999970593620, -62.43310501212032193 ) ) ;
#1590 = ORIENTED_EDGE ( 'NONE', *, *, #611, .T. ) ;
#1591 = CARTESIAN_POINT ( 'NONE',  ( 47.30000000010520012, -11.94427185665641922, -0.2500000000000062728 ) ) ;
#1592 = CARTESIAN_POINT ( 'NONE',  ( 46.01160737533563605, 5.876666666472352141, 60.00000000000000000 ) ) ;
#1593 = ORIENTED_EDGE ( 'NONE', *, *, #3125, .F. ) ;
#1594 = LINE ( 'NONE', #2000, #1004 ) ;
#1595 = DIRECTION ( 'NONE',  ( 1.000000000000000000, 0.0000000000000000000, 0.0000000000000000000 ) ) ;
#1596 = ORIENTED_EDGE ( 'NONE', *, *, #2669, .T. ) ;
#1597 = ORIENTED_EDGE ( 'NONE', *, *, #3539, .T. ) ;
#1598 = ADVANCED_FACE ( 'NONE', ( #3742 ), #2162, .F. ) ;
#1599 = DIRECTION ( 'NONE',  ( 1.000000000000000000, 0.0000000000000000000, 0.0000000000000000000 ) ) ;
#1600 = AXIS2_PLACEMENT_3D ( 'NONE', #3185, #3823, #1 ) ;
#1601 = ORIENTED_EDGE ( 'NONE', *, *, #802, .T. ) ;
#1602 = CYLINDRICAL_SURFACE ( 'NONE', #4156, 0.1999999999999640954 ) ;
#1603 = EDGE_LOOP ( 'NONE', ( #1049, #741, #1911, #1678 ) ) ;
#1604 = VECTOR ( 'NONE', #1909, 1000.000000000000000 ) ;
#1605 = DIRECTION ( 'NONE',  ( -1.000000000000000000, 0.0000000000000000000, 0.0000000000000000000 ) ) ;
#1606 = CARTESIAN_POINT ( 'NONE',  ( -47.30000000010525696, 11.94427185665847269, 0.7500000000000000000 ) ) ;
#1607 = VECTOR ( 'NONE', #1849, 1000.000000000000000 ) ;
#1608 = EDGE_LOOP ( 'NONE', ( #1437, #3045, #1162, #2709 ) ) ;
#1609 = CARTESIAN_POINT ( 'NONE',  ( 47.30000000010520012, 11.94427185665847269, -0.2500000000000062728 ) ) ;
#1610 = AXIS2_PLACEMENT_3D ( 'NONE', #2784, #2859, #3110 ) ;
#1611 = ORIENTED_EDGE ( 'NONE', *, *, #1931, .T. ) ;
#1612 = VECTOR ( 'NONE', #2420, 1000.000000000000000 ) ;
#1613 = CYLINDRICAL_SURFACE ( 'NONE', #2215, 1.599999999999990319 ) ;
#1614 = DIRECTION ( 'NONE',  ( -0.0000000000000000000, -0.0000000000000000000, -1.000000000000000000 ) ) ;
#1615 = ORIENTED_EDGE ( 'NONE', *, *, #826, .T. ) ;
#1616 = CARTESIAN_POINT ( 'NONE',  ( -42.71715728763250297, 2.199999999805768880, -60.00000000000000000 ) ) ;
#1617 = CARTESIAN_POINT ( 'NONE',  ( 50.89999999999893987, 19.40000000032571137, 60.00000000000000000 ) ) ;
#1618 = AXIS2_PLACEMENT_3D ( 'NONE', #3797, #2599, #3932 ) ;
#1619 = DIRECTION ( 'NONE',  ( -1.000000000000000000, -0.0000000000000000000, -0.0000000000000000000 ) ) ;
#1620 = VERTEX_POINT ( 'NONE', #203 ) ;
#1621 = CARTESIAN_POINT ( 'NONE',  ( -47.70000000000089813, 17.60000000040144030, 60.00000000000000000 ) ) ;
#1622 = CARTESIAN_POINT ( 'NONE',  ( 51.99999999999987921, 17.80000000045622954, -60.00000000000000000 ) ) ;
#1623 = EDGE_CURVE ( 'NONE', #3256, #2074, #2463, .T. ) ;
#1624 = DIRECTION ( 'NONE',  ( 1.000000000000000000, 0.0000000000000000000, 0.0000000000000000000 ) ) ;
#1625 = EDGE_CURVE ( 'NONE', #2276, #1213, #964, .T. ) ;
#1626 = VERTEX_POINT ( 'NONE', #3806 ) ;
#1627 = ADVANCED_FACE ( 'NONE', ( #1482 ), #4085, .F. ) ;
#1628 = FACE_OUTER_BOUND ( 'NONE', #3477, .T. ) ;
#1629 = EDGE_CURVE ( 'NONE', #660, #3619, #515, .T. ) ;
#1630 = CARTESIAN_POINT ( 'NONE',  ( 49.89999999999797353, 14.09999999970593620, -60.00000000000000000 ) ) ;
#1631 = ORIENTED_EDGE ( 'NONE', *, *, #1882, .T. ) ;
#1632 = CYLINDRICAL_SURFACE ( 'NONE', #179, 0.4999999999999935052 ) ;
#1633 = ORIENTED_EDGE ( 'NONE', *, *, #3922, .F. ) ;
#1634 = DIRECTION ( 'NONE',  ( 0.0000000000000000000, 0.0000000000000000000, 1.000000000000000000 ) ) ;
#1635 = CARTESIAN_POINT ( 'NONE',  ( 51.41421356237285778, -13.58005829428144295, -0.7500000000000000000 ) ) ;
#1636 = ORIENTED_EDGE ( 'NONE', *, *, #954, .T. ) ;
#1637 = VECTOR ( 'NONE', #1210, 1000.000000000000000 ) ;
#1638 = CARTESIAN_POINT ( 'NONE',  ( 49.89999999999800906, 11.09999999970410123, -60.00000000000000000 ) ) ;
#1639 = CARTESIAN_POINT ( 'NONE',  ( 46.72990164349450026, 7.437439318764226925, 60.00000000000000000 ) ) ;
#1640 = DIRECTION ( 'NONE',  ( -0.0000000000000000000, -0.0000000000000000000, -1.000000000000000000 ) ) ;
#1641 = ORIENTED_EDGE ( 'NONE', *, *, #2021, .T. ) ;
#1642 = ORIENTED_EDGE ( 'NONE', *, *, #1501, .F. ) ;
#1643 = DIRECTION ( 'NONE',  ( -1.000000000000000000, 0.0000000000000000000, 0.0000000000000000000 ) ) ;
#1644 = DIRECTION ( 'NONE',  ( 1.000000000000000000, 0.0000000000000000000, -0.0000000000000000000 ) ) ;
#1645 = CARTESIAN_POINT ( 'NONE',  ( 44.80000000010336692, 4.499999999806380657, 60.00000000000000000 ) ) ;
#1646 = ORIENTED_EDGE ( 'NONE', *, *, #501, .T. ) ;
#1647 = DIRECTION ( 'NONE',  ( -1.000000000000000000, 0.0000000000000000000, 0.0000000000000000000 ) ) ;
#1648 = DIRECTION ( 'NONE',  ( -0.0000000000000000000, -0.0000000000000000000, -1.000000000000000000 ) ) ;
#1649 = ORIENTED_EDGE ( 'NONE', *, *, #3233, .F. ) ;
#1650 = VECTOR ( 'NONE', #1302, 1000.000000000000000 ) ;
#1651 = EDGE_CURVE ( 'NONE', #3905, #3211, #2255, .T. ) ;
#1652 = EDGE_CURVE ( 'NONE', #275, #837, #1484, .T. ) ;
#1653 = DIRECTION ( 'NONE',  ( -0.7071067811865474617, 0.7071067811865474617, -0.0000000000000000000 ) ) ;
#1654 = ORIENTED_EDGE ( 'NONE', *, *, #2779, .T. ) ;
#1655 = CARTESIAN_POINT ( 'NONE',  ( -47.50000000000090239, 14.09999999970129636, 60.00000000000000000 ) ) ;
#1656 = LINE ( 'NONE', #2947, #3240 ) ;
#1657 = ORIENTED_EDGE ( 'NONE', *, *, #3514, .T. ) ;
#1658 = DIRECTION ( 'NONE',  ( 0.0000000000000000000, -0.0000000000000000000, -1.000000000000000000 ) ) ;
#1659 = EDGE_CURVE ( 'NONE', #440, #3863, #1825, .T. ) ;
#1660 = DIRECTION ( 'NONE',  ( 0.0000000000000000000, 0.0000000000000000000, 1.000000000000000000 ) ) ;
#1661 = LINE ( 'NONE', #402, #2855 ) ;
#1662 = FACE_OUTER_BOUND ( 'NONE', #217, .T. ) ;
#1663 = ORIENTED_EDGE ( 'NONE', *, *, #1189, .T. ) ;
#1664 = ORIENTED_EDGE ( 'NONE', *, *, #522, .F. ) ;
#1665 = DIRECTION ( 'NONE',  ( 0.0000000000000000000, 0.0000000000000000000, 1.000000000000000000 ) ) ;
#1666 = DIRECTION ( 'NONE',  ( 0.0000000000000000000, 1.000000000000000000, 0.0000000000000000000 ) ) ;
#1667 = CARTESIAN_POINT ( 'NONE',  ( 48.89999999999841407, 17.80000000040532626, -60.00000000000000000 ) ) ;
#1668 = ORIENTED_EDGE ( 'NONE', *, *, #3233, .T. ) ;
#1669 = FACE_BOUND ( 'NONE', #2426, .T. ) ;
#1670 = LINE ( 'NONE', #3843, #2288 ) ;
#1671 = ORIENTED_EDGE ( 'NONE', *, *, #466, .F. ) ;
#1672 = VECTOR ( 'NONE', #459, 1000.000000000000114 ) ;
#1673 = ORIENTED_EDGE ( 'NONE', *, *, #1761, .T. ) ;
#1674 = CIRCLE ( 'NONE', #803, 0.5000000000000004441 ) ;
#1675 = PLANE ( 'NONE',  #2357 ) ;
#1676 = EDGE_CURVE ( 'NONE', #12, #3294, #3467, .T. ) ;
#1677 = CARTESIAN_POINT ( 'NONE',  ( 51.99999999999954525, -12.16584473190812687, 0.7500000000000000000 ) ) ;
#1678 = ORIENTED_EDGE ( 'NONE', *, *, #1801, .T. ) ;
#1679 = VECTOR ( 'NONE', #1108, 1000.000000000000000 ) ;
#1680 = LINE ( 'NONE', #101, #1183 ) ;
#1681 = AXIS2_PLACEMENT_3D ( 'NONE', #727, #2311, #7 ) ;
#1682 = CARTESIAN_POINT ( 'NONE',  ( -51.99999999999954525, 5.828427124744517407, -60.00000000000000000 ) ) ;
#1683 = DIRECTION ( 'NONE',  ( -0.0000000000000000000, -0.0000000000000000000, -1.000000000000000000 ) ) ;
#1684 = DIRECTION ( 'NONE',  ( 0.0000000000000000000, -0.0000000000000000000, -1.000000000000000000 ) ) ;
#1685 = AXIS2_PLACEMENT_3D ( 'NONE', #2716, #1732, #3028 ) ;
#1686 = ORIENTED_EDGE ( 'NONE', *, *, #836, .F. ) ;
#1687 = ORIENTED_EDGE ( 'NONE', *, *, #1256, .F. ) ;
#1688 = DIRECTION ( 'NONE',  ( 0.0000000000000000000, 0.0000000000000000000, 1.000000000000000000 ) ) ;
#1689 = AXIS2_PLACEMENT_3D ( 'NONE', #3159, #3778, #311 ) ;
#1690 = PLANE ( 'NONE',  #3359 ) ;
#1691 = LINE ( 'NONE', #3942, #539 ) ;
#1692 = ORIENTED_EDGE ( 'NONE', *, *, #3947, .T. ) ;
#1693 = PLANE ( 'NONE',  #2572 ) ;
#1694 = DIRECTION ( 'NONE',  ( 1.000000000000000000, 0.0000000000000000000, 0.0000000000000000000 ) ) ;
#1695 = ORIENTED_EDGE ( 'NONE', *, *, #3751, .F. ) ;
#1696 = CARTESIAN_POINT ( 'NONE',  ( -45.81339312537522090, 6.049999999805044659, 60.00000000000000000 ) ) ;
#1697 = VERTEX_POINT ( 'NONE', #3424 ) ;
#1698 = DIRECTION ( 'NONE',  ( 0.0000000000000000000, -0.0000000000000000000, -1.000000000000000000 ) ) ;
#1699 = VERTEX_POINT ( 'NONE', #2783 ) ;
#1700 = EDGE_CURVE ( 'NONE', #3349, #1852, #1861, .T. ) ;
#1701 = DIRECTION ( 'NONE',  ( 1.000000000000000000, 0.0000000000000000000, 0.0000000000000000000 ) ) ;
#1702 = DIRECTION ( 'NONE',  ( 1.000000000000000000, 0.0000000000000000000, 0.0000000000000000000 ) ) ;
#1703 = ORIENTED_EDGE ( 'NONE', *, *, #1219, .T. ) ;
#1704 = EDGE_LOOP ( 'NONE', ( #2088, #559, #503, #1724 ) ) ;
#1705 = ADVANCED_FACE ( 'NONE', ( #1505 ), #3147, .F. ) ;
#1706 = ADVANCED_FACE ( 'NONE', ( #2484, #3763, #867, #560, #1299 ), #3315, .F. ) ;
#1707 = CARTESIAN_POINT ( 'NONE',  ( 51.41421356237285778, 4.414213562374613709, 60.00000000000000000 ) ) ;
#1708 = VECTOR ( 'NONE', #3826, 1000.000000000000000 ) ;
#1709 = DIRECTION ( 'NONE',  ( -0.0000000000000000000, 1.000000000000000000, -0.0000000000000000000 ) ) ;
#1710 = CARTESIAN_POINT ( 'NONE',  ( -45.70000000010526975, 11.94427185665847269, -0.2500000000000340283 ) ) ;
#1711 = DIRECTION ( 'NONE',  ( 1.000000000000000000, 0.0000000000000000000, 0.0000000000000000000 ) ) ;
#1712 = ORIENTED_EDGE ( 'NONE', *, *, #3971, .F. ) ;
#1713 = CARTESIAN_POINT ( 'NONE',  ( 46.40510708291889586, 8.599999999702511388, 60.00000000000000000 ) ) ;
#1714 = LINE ( 'NONE', #499, #2365 ) ;
#1715 = ADVANCED_FACE ( 'NONE', ( #1032 ), #2954, .T. ) ;
#1716 = VERTEX_POINT ( 'NONE', #717 ) ;
#1717 = VECTOR ( 'NONE', #2342, 1000.000000000000000 ) ;
#1718 = DIRECTION ( 'NONE',  ( -0.0000000000000000000, -0.0000000000000000000, 1.000000000000000000 ) ) ;
#1719 = CIRCLE ( 'NONE', #3617, 0.1999999999999987899 ) ;
#1720 = ORIENTED_EDGE ( 'NONE', *, *, #3870, .T. ) ;
#1721 = LINE ( 'NONE', #3375, #3119 ) ;
#1722 = CARTESIAN_POINT ( 'NONE',  ( 47.49999999999787548, 14.29999999970588398, 60.00000000000000000 ) ) ;
#1723 = APPLICATION_CONTEXT ( 'automotive_design' ) ;
#1724 = ORIENTED_EDGE ( 'NONE', *, *, #1013, .T. ) ;
#1725 = ORIENTED_EDGE ( 'NONE', *, *, #2566, .F. ) ;
#1726 =( NAMED_UNIT ( * ) SI_UNIT ( $, .STERADIAN. ) SOLID_ANGLE_UNIT ( ) );
#1727 = DIRECTION ( 'NONE',  ( 0.0000000000000000000, 0.0000000000000000000, 1.000000000000000000 ) ) ;
#1728 = CARTESIAN_POINT ( 'NONE',  ( 45.81339312537141240, 6.049999999805654838, -60.00000000000000000 ) ) ;
#1729 = EDGE_CURVE ( 'NONE', #2540, #2257, #1551, .T. ) ;
#1730 = ADVANCED_FACE ( 'NONE', ( #1662 ), #3564, .T. ) ;
#1731 = DIRECTION ( 'NONE',  ( 0.0000000000000000000, 0.0000000000000000000, 1.000000000000000000 ) ) ;
#1732 = DIRECTION ( 'NONE',  ( -0.0000000000000000000, -0.0000000000000000000, -1.000000000000000000 ) ) ;
#1733 = CARTESIAN_POINT ( 'NONE',  ( -47.50000000000090239, 12.29999999970110558, -60.00000000000000000 ) ) ;
#1734 = EDGE_CURVE ( 'NONE', #2412, #858, #2977, .T. ) ;
#1735 = VERTEX_POINT ( 'NONE', #3632 ) ;
#1736 = LINE ( 'NONE', #3367, #603 ) ;
#1737 = CARTESIAN_POINT ( 'NONE',  ( -50.74999999999938183, 17.50000000043254289, 60.00000000000000000 ) ) ;
#1738 = ORIENTED_EDGE ( 'NONE', *, *, #3489, .T. ) ;
#1739 = CIRCLE ( 'NONE', #3221, 0.2000000000000057288 ) ;
#1740 = CARTESIAN_POINT ( 'NONE',  ( -44.70000000010524133, -11.94427185665641922, 0.7500000000000000000 ) ) ;
#1741 = ORIENTED_EDGE ( 'NONE', *, *, #3455, .F. ) ;
#1742 = CARTESIAN_POINT ( 'NONE',  ( -47.58578643762667326, 17.40848541902928304, 0.7500000000000000000 ) ) ;
#1743 = PRODUCT_DEFINITION_CONTEXT ( 'detailed design', #2380, 'design' ) ;
#1744 = CARTESIAN_POINT ( 'NONE',  ( -42.85857864386980509, 2.058578643568461430, -60.00000000000000000 ) ) ;
#1745 = VECTOR ( 'NONE', #3890, 1000.000000000000000 ) ;
#1746 = ORIENTED_EDGE ( 'NONE', *, *, #3821, .F. ) ;
#1747 = AXIS2_PLACEMENT_3D ( 'NONE', #327, #372, #2331 ) ;
#1748 = ORIENTED_EDGE ( 'NONE', *, *, #1341, .T. ) ;
#1749 = SURFACE_STYLE_FILL_AREA ( #2981 ) ;
#1750 = FACE_OUTER_BOUND ( 'NONE', #4075, .T. ) ;
#1751 = CIRCLE ( 'NONE', #809, 2.600000000000019185 ) ;
#1752 = PRESENTATION_LAYER_ASSIGNMENT (  '', '', ( #1215 ) ) ;
#1753 = LINE ( 'NONE', #4024, #3413 ) ;
#1754 = ADVANCED_FACE ( 'NONE', ( #2996 ), #105, .F. ) ;
#1755 = ORIENTED_EDGE ( 'NONE', *, *, #2669, .F. ) ;
#1756 = EDGE_CURVE ( 'NONE', #3731, #2557, #940, .T. ) ;
#1757 = LINE ( 'NONE', #3052, #341 ) ;
#1758 = DIRECTION ( 'NONE',  ( -1.000000000000000000, 0.0000000000000000000, 0.0000000000000000000 ) ) ;
#1759 = EDGE_LOOP ( 'NONE', ( #2104, #756, #2147, #2574 ) ) ;
#1760 = EDGE_CURVE ( 'NONE', #2225, #2276, #2506, .T. ) ;
#1761 = EDGE_CURVE ( 'NONE', #3911, #4136, #3248, .T. ) ;
#1762 = DIRECTION ( 'NONE',  ( 0.0000000000000000000, 0.0000000000000000000, -1.000000000000000000 ) ) ;
#1763 = LINE ( 'NONE', #3056, #209 ) ;
#1764 = ORIENTED_EDGE ( 'NONE', *, *, #1039, .T. ) ;
#1765 = LINE ( 'NONE', #1490, #2405 ) ;
#1766 = ORIENTED_EDGE ( 'NONE', *, *, #2242, .F. ) ;
#1767 = DIRECTION ( 'NONE',  ( 1.000000000000000000, 1.588350560327268178E-14, 0.0000000000000000000 ) ) ;
#1768 = DIRECTION ( 'NONE',  ( -0.0000000000000000000, -0.0000000000000000000, -1.000000000000000000 ) ) ;
#1769 = EDGE_LOOP ( 'NONE', ( #3658, #2918, #2243, #323 ) ) ;
#1770 = ORIENTED_EDGE ( 'NONE', *, *, #3608, .T. ) ;
#1771 = CIRCLE ( 'NONE', #91, 0.1999999999999987899 ) ;
#1772 = FILL_AREA_STYLE_COLOUR ( '', #2061 ) ;
#1773 = CARTESIAN_POINT ( 'NONE',  ( 45.70000000010521291, -11.94427185665641922, 0.7500000000000000000 ) ) ;
#1774 = CIRCLE ( 'NONE', #1504, 0.1999999999999987899 ) ;
#1775 = EDGE_CURVE ( 'NONE', #2967, #2394, #3937, .T. ) ;
#1776 = DIRECTION ( 'NONE',  ( 0.0000000000000000000, -1.000000000000000000, 0.0000000000000000000 ) ) ;
#1777 = ORIENTED_EDGE ( 'NONE', *, *, #3485, .T. ) ;
#1778 = LINE ( 'NONE', #2011, #1612 ) ;
#1779 = DIRECTION ( 'NONE',  ( 0.0000000000000000000, 0.0000000000000000000, 1.000000000000000000 ) ) ;
#1780 = VERTEX_POINT ( 'NONE', #2300 ) ;
#1781 =( REPRESENTATION_RELATIONSHIP ('NONE','NONE', #3245, #3112 ) REPRESENTATION_RELATIONSHIP_WITH_TRANSFORMATION ( #2835 )SHAPE_REPRESENTATION_RELATIONSHIP( ) );
#1782 = CARTESIAN_POINT ( 'NONE',  ( -46.40510708292286068, 8.599999999702291120, 60.00000000000000000 ) ) ;
#1783 = CARTESIAN_POINT ( 'NONE',  ( 45.97209438102678547, 8.349999999702484743, -60.00000000000000000 ) ) ;
#1784 = EDGE_CURVE ( 'NONE', #3305, #1470, #2683, .T. ) ;
#1785 = ORIENTED_EDGE ( 'NONE', *, *, #522, .T. ) ;
#1786 = EDGE_CURVE ( 'NONE', #3211, #695, #382, .T. ) ;
#1787 = CARTESIAN_POINT ( 'NONE',  ( 47.69999999999701146, 11.09999999970409945, -62.43310501212032193 ) ) ;
#1788 = AXIS2_PLACEMENT_3D ( 'NONE', #903, #3118, #2172 ) ;
#1789 = ORIENTED_EDGE ( 'NONE', *, *, #1039, .F. ) ;
#1790 = DIRECTION ( 'NONE',  ( -1.000000000000000000, 0.0000000000000000000, 0.0000000000000000000 ) ) ;
#1791 = CARTESIAN_POINT ( 'NONE',  ( -50.94999999999937756, 17.50000000043254289, 60.00000000000000000 ) ) ;
#1792 = EDGE_LOOP ( 'NONE', ( #3546, #3078, #3762, #478 ) ) ;
#1793 = VECTOR ( 'NONE', #3414, 1000.000000000000000 ) ;
#1794 = EDGE_LOOP ( 'NONE', ( #965, #218, #3426, #983 ) ) ;
#1795 = COLOUR_RGB ( '',1.000000000000000000, 1.000000000000000000, 1.000000000000000000 ) ;
#1796 = EDGE_CURVE ( 'NONE', #769, #44, #1343, .T. ) ;
#1797 = CIRCLE ( 'NONE', #1187, 0.2000000000000057288 ) ;
#1798 = DIRECTION ( 'NONE',  ( -1.000000000000000000, -0.0000000000000000000, -0.0000000000000000000 ) ) ;
#1799 = CARTESIAN_POINT ( 'NONE',  ( -47.50000000000090239, 14.29999999970129565, 60.00000000000000000 ) ) ;
#1800 = ORIENTED_EDGE ( 'NONE', *, *, #2244, .F. ) ;
#1801 = EDGE_CURVE ( 'NONE', #3405, #1834, #2663, .T. ) ;
#1802 = DIRECTION ( 'NONE',  ( 0.7071067811865321406, -0.7071067811865628938, -0.0000000000000000000 ) ) ;
#1803 = FACE_OUTER_BOUND ( 'NONE', #2613, .T. ) ;
#1804 = VERTEX_POINT ( 'NONE', #2644 ) ;
#1805 = DIRECTION ( 'NONE',  ( 1.000000000000000000, 0.0000000000000000000, 0.0000000000000000000 ) ) ;
#1806 = LINE ( 'NONE', #2700, #2220 ) ;
#1807 = VERTEX_POINT ( 'NONE', #2931 ) ;
#1808 = DIRECTION ( 'NONE',  ( -0.0000000000000000000, -0.0000000000000000000, -1.000000000000000000 ) ) ;
#1809 = ORIENTED_EDGE ( 'NONE', *, *, #3383, .T. ) ;
#1810 = EDGE_CURVE ( 'NONE', #190, #2581, #738, .T. ) ;
#1811 = FACE_OUTER_BOUND ( 'NONE', #877, .T. ) ;
#1812 = DIRECTION ( 'NONE',  ( -2.775557561562888827E-14, 1.000000000000000000, 0.0000000000000000000 ) ) ;
#1813 = EDGE_CURVE ( 'NONE', #2732, #3885, #2344, .T. ) ;
#1814 = ORIENTED_EDGE ( 'NONE', *, *, #3801, .T. ) ;
#1815 = VECTOR ( 'NONE', #2279, 1000.000000000000000 ) ;
#1816 = EDGE_LOOP ( 'NONE', ( #150, #2747, #3393, #3223 ) ) ;
#1817 = CONTEXT_DEPENDENT_SHAPE_REPRESENTATION ( #1781, #950 ) ;
#1818 = CYLINDRICAL_SURFACE ( 'NONE', #1873, 1.999999999999967137 ) ;
#1819 = AXIS2_PLACEMENT_3D ( 'NONE', #1713, #1438, #3688 ) ;
#1820 = VECTOR ( 'NONE', #3230, 1000.000000000000000 ) ;
#1821 = AXIS2_PLACEMENT_3D ( 'NONE', #3053, #160, #1436 ) ;
#1822 = DIRECTION ( 'NONE',  ( -0.0000000000000000000, 1.000000000000000000, -0.0000000000000000000 ) ) ;
#1823 = AXIS2_PLACEMENT_3D ( 'NONE', #3993, #2383, #187 ) ;
#1824 = ORIENTED_EDGE ( 'NONE', *, *, #1284, .F. ) ;
#1825 = LINE ( 'NONE', #340, #3578 ) ;
#1826 = PLANE ( 'NONE',  #870 ) ;
#1827 = VECTOR ( 'NONE', #3098, 1000.000000000000000 ) ;
#1828 = ORIENTED_EDGE ( 'NONE', *, *, #3387, .T. ) ;
#1829 = VECTOR ( 'NONE', #171, 1000.000000000000000 ) ;
#1830 = CARTESIAN_POINT ( 'NONE',  ( 48.90000000010519443, 11.94427185665847269, 0.7500000000000000000 ) ) ;
#1831 = CARTESIAN_POINT ( 'NONE',  ( -48.44999999999941309, 16.60000000043260115, 60.00000000000000000 ) ) ;
#1832 = ORIENTED_EDGE ( 'NONE', *, *, #600, .T. ) ;
#1833 = DIRECTION ( 'NONE',  ( 1.000000000000000000, 2.645015647154236398E-14, -0.0000000000000000000 ) ) ;
#1834 = VERTEX_POINT ( 'NONE', #3333 ) ;
#1835 = DIRECTION ( 'NONE',  ( 1.000000000000000000, 0.0000000000000000000, 0.0000000000000000000 ) ) ;
#1836 = DIRECTION ( 'NONE',  ( -1.000000000000000000, -0.0000000000000000000, -0.0000000000000000000 ) ) ;
#1837 = EDGE_LOOP ( 'NONE', ( #2961, #4037, #2461, #1422 ) ) ;
#1838 = ADVANCED_FACE ( 'NONE', ( #3894 ), #1011, .T. ) ;
#1839 = CYLINDRICAL_SURFACE ( 'NONE', #1875, 2.000000000000445866 ) ;
#1840 = CIRCLE ( 'NONE', #2039, 1.599999999999990319 ) ;
#1841 = EDGE_CURVE ( 'NONE', #1807, #2276, #4060, .T. ) ;
#1842 = EDGE_CURVE ( 'NONE', #1120, #1235, #1100, .T. ) ;
#1843 = DIRECTION ( 'NONE',  ( -0.0000000000000000000, 0.0000000000000000000, 1.000000000000000000 ) ) ;
#1844 = ORIENTED_EDGE ( 'NONE', *, *, #244, .F. ) ;
#1845 = DIRECTION ( 'NONE',  ( -0.0000000000000000000, -0.0000000000000000000, -1.000000000000000000 ) ) ;
#1846 = CARTESIAN_POINT ( 'NONE',  ( -51.99999999999954525, 12.16584473191018034, 0.7500000000000000000 ) ) ;
#1847 = ORIENTED_EDGE ( 'NONE', *, *, #810, .T. ) ;
#1848 = FACE_OUTER_BOUND ( 'NONE', #417, .T. ) ;
#1849 = DIRECTION ( 'NONE',  ( 0.0000000000000000000, 1.000000000000000000, 0.0000000000000000000 ) ) ;
#1850 = ORIENTED_EDGE ( 'NONE', *, *, #3651, .T. ) ;
#1851 = FACE_OUTER_BOUND ( 'NONE', #3832, .T. ) ;
#1852 = VERTEX_POINT ( 'NONE', #126 ) ;
#1853 = CARTESIAN_POINT ( 'NONE',  ( -51.79999999999854055, 17.80000000046327813, 60.00000000000000000 ) ) ;
#1854 = DIRECTION ( 'NONE',  ( 1.000000000000000000, 0.0000000000000000000, 0.0000000000000000000 ) ) ;
#1855 = ORIENTED_EDGE ( 'NONE', *, *, #1309, .F. ) ;
#1856 = CARTESIAN_POINT ( 'NONE',  ( 47.69999999999702567, 11.29999999970410229, -60.00000000000000000 ) ) ;
#1857 = CARTESIAN_POINT ( 'NONE',  ( -47.58578643762667326, 17.40848541902928304, 0.7500000000000000000 ) ) ;
#1858 = AXIS2_PLACEMENT_3D ( 'NONE', #2041, #2364, #3330 ) ;
#1859 = DIRECTION ( 'NONE',  ( -0.0000000000000000000, -1.000000000000000000, -0.0000000000000000000 ) ) ;
#1860 = EDGE_CURVE ( 'NONE', #2144, #1535, #3977, .T. ) ;
#1861 = LINE ( 'NONE', #848, #614 ) ;
#1862 = EDGE_CURVE ( 'NONE', #3938, #1188, #1136, .T. ) ;
#1863 = DIRECTION ( 'NONE',  ( -0.0000000000000000000, -0.0000000000000000000, -1.000000000000000000 ) ) ;
#1864 = ADVANCED_FACE ( 'NONE', ( #3676 ), #2792, .F. ) ;
#1865 = LINE ( 'NONE', #1550, #1977 ) ;
#1866 = DIRECTION ( 'NONE',  ( -0.0000000000000000000, -0.0000000000000000000, -1.000000000000000000 ) ) ;
#1867 = ORIENTED_EDGE ( 'NONE', *, *, #1862, .F. ) ;
#1868 = CARTESIAN_POINT ( 'NONE',  ( 47.58578643762667326, -17.40848541902717628, 0.7500000000000000000 ) ) ;
#1869 = EDGE_LOOP ( 'NONE', ( #2873, #3611, #824, #2269 ) ) ;
#1870 = CARTESIAN_POINT ( 'NONE',  ( -49.99999999999998579, -12.16584473190990323, -0.7500000000000000000 ) ) ;
#1871 = VERTEX_POINT ( 'NONE', #3353 ) ;
#1872 = CARTESIAN_POINT ( 'NONE',  ( 50.00000000000104450, 12.16584473190751581, 0.7500000000000000000 ) ) ;
#1873 = AXIS2_PLACEMENT_3D ( 'NONE', #2090, #1498, #1411 ) ;
#1874 = CARTESIAN_POINT ( 'NONE',  ( 43.80000000010336692, 5.549999999805654838, 60.00000000000000000 ) ) ;
#1875 = AXIS2_PLACEMENT_3D ( 'NONE', #1872, #2583, #573 ) ;
#1876 = AXIS2_PLACEMENT_3D ( 'NONE', #1038, #1916, #1624 ) ;
#1877 = EDGE_LOOP ( 'NONE', ( #2205, #2628, #43, #1434 ) ) ;
#1878 = DIRECTION ( 'NONE',  ( 0.0000000000000000000, 0.0000000000000000000, 1.000000000000000000 ) ) ;
#1879 = VECTOR ( 'NONE', #1986, 1000.000000000000000 ) ;
#1880 = CIRCLE ( 'NONE', #3304, 0.1999999999999987899 ) ;
#1881 = EDGE_CURVE ( 'NONE', #1208, #3930, #2227, .T. ) ;
#1882 = EDGE_CURVE ( 'NONE', #1699, #2124, #3106, .T. ) ;
#1883 = CARTESIAN_POINT ( 'NONE',  ( -45.70000000010526975, -11.94427185665641922, 0.7500000000000000000 ) ) ;
#1884 = VECTOR ( 'NONE', #415, 1000.000000000000000 ) ;
#1885 = CARTESIAN_POINT ( 'NONE',  ( 48.90000000010519443, 11.94427185665847269, -0.7500000000000000000 ) ) ;
#1886 = ORIENTED_EDGE ( 'NONE', *, *, #3130, .F. ) ;
#1887 = ADVANCED_FACE ( 'NONE', ( #2731 ), #2769, .T. ) ;
#1888 = EDGE_CURVE ( 'NONE', #3655, #122, #2372, .T. ) ;
#1889 = DIRECTION ( 'NONE',  ( 1.000000000000000000, 0.0000000000000000000, 0.0000000000000000000 ) ) ;
#1890 = VECTOR ( 'NONE', #2542, 1000.000000000000000 ) ;
#1891 = VERTEX_POINT ( 'NONE', #1178 ) ;
#1892 = CARTESIAN_POINT ( 'NONE',  ( -48.44999999999941309, 16.60000000043260115, -60.00000000000000000 ) ) ;
#1893 = ORIENTED_EDGE ( 'NONE', *, *, #1007, .T. ) ;
#1894 = DIRECTION ( 'NONE',  ( 1.000000000000000000, 0.0000000000000000000, 0.0000000000000000000 ) ) ;
#1895 = DIRECTION ( 'NONE',  ( 1.000000000000000000, 0.0000000000000000000, 0.0000000000000000000 ) ) ;
#1896 = ORIENTED_EDGE ( 'NONE', *, *, #3971, .T. ) ;
#1897 = LINE ( 'NONE', #2917, #3705 ) ;
#1898 = VECTOR ( 'NONE', #4059, 1000.000000000000114 ) ;
#1899 = LINE ( 'NONE', #3883, #893 ) ;
#1900 = DIRECTION ( 'NONE',  ( 0.0000000000000000000, 0.0000000000000000000, 1.000000000000000000 ) ) ;
#1901 = VERTEX_POINT ( 'NONE', #1744 ) ;
#1902 = CARTESIAN_POINT ( 'NONE',  ( -44.70000000010524133, 11.94427185665847269, 0.7500000000000000000 ) ) ;
#1903 = ORIENTED_EDGE ( 'NONE', *, *, #1044, .F. ) ;
#1904 = LINE ( 'NONE', #2791, #2111 ) ;
#1905 = CARTESIAN_POINT ( 'NONE',  ( 47.30000000010520012, -11.94427185665641922, -0.7500000000000000000 ) ) ;
#1906 = EDGE_CURVE ( 'NONE', #169, #1852, #2476, .T. ) ;
#1907 = EDGE_CURVE ( 'NONE', #3022, #3515, #3170, .T. ) ;
#1908 = ORIENTED_EDGE ( 'NONE', *, *, #3, .T. ) ;
#1909 = DIRECTION ( 'NONE',  ( 0.0000000000000000000, 1.000000000000000000, 0.0000000000000000000 ) ) ;
#1910 = ADVANCED_FACE ( 'NONE', ( #3081 ), #193, .T. ) ;
#1911 = ORIENTED_EDGE ( 'NONE', *, *, #884, .F. ) ;
#1912 = AXIS2_PLACEMENT_3D ( 'NONE', #3847, #3285, #1357 ) ;
#1913 = VERTEX_POINT ( 'NONE', #1722 ) ;
#1914 = LINE ( 'NONE', #719, #3876 ) ;
#1915 = ORIENTED_EDGE ( 'NONE', *, *, #527, .T. ) ;
#1916 = DIRECTION ( 'NONE',  ( 0.0000000000000000000, 0.0000000000000000000, 1.000000000000000000 ) ) ;
#1917 = ORIENTED_EDGE ( 'NONE', *, *, #2305, .T. ) ;
#1918 = AXIS2_PLACEMENT_3D ( 'NONE', #3772, #2427, #2105 ) ;
#1919 = PRESENTATION_LAYER_ASSIGNMENT (  '', '', ( #1052 ) ) ;
#1920 = CARTESIAN_POINT ( 'NONE',  ( -46.17157287525380838, 15.99427185665597229, 0.7500000000000000000 ) ) ;
#1921 = AXIS2_PLACEMENT_3D ( 'NONE', #177, #1105, #3964 ) ;
#1922 = DIRECTION ( 'NONE',  ( -1.000000000000000000, 0.0000000000000000000, 0.0000000000000000000 ) ) ;
#1923 = ORIENTED_EDGE ( 'NONE', *, *, #271, .F. ) ;
#1924 = ORIENTED_EDGE ( 'NONE', *, *, #2538, .T. ) ;
#1925 = DIRECTION ( 'NONE',  ( -1.000000000000000000, 0.0000000000000000000, 0.0000000000000000000 ) ) ;
#1926 = VERTEX_POINT ( 'NONE', #1118 ) ;
#1927 = LINE ( 'NONE', #376, #102 ) ;
#1928 = ORIENTED_EDGE ( 'NONE', *, *, #242, .F. ) ;
#1929 = EDGE_CURVE ( 'NONE', #3263, #847, #2410, .T. ) ;
#1930 = CARTESIAN_POINT ( 'NONE',  ( -46.17157287525336073, 17.99427185665592077, -0.7500000000000000000 ) ) ;
#1931 = EDGE_CURVE ( 'NONE', #4098, #3335, #3717, .T. ) ;
#1932 = CARTESIAN_POINT ( 'NONE',  ( -43.50000000010717116, 4.699999999805769768, 60.00000000000000000 ) ) ;
#1933 = DIRECTION ( 'NONE',  ( 1.000000000000000000, 1.803419759423337778E-14, -0.0000000000000000000 ) ) ;
#1934 = ORIENTED_EDGE ( 'NONE', *, *, #3483, .T. ) ;
#1935 = VERTEX_POINT ( 'NONE', #2086 ) ;
#1936 = EDGE_CURVE ( 'NONE', #3263, #359, #486, .T. ) ;
#1937 = APPLICATION_CONTEXT ( 'automotive_design' ) ;
#1938 = DIRECTION ( 'NONE',  ( -0.0000000000000000000, -0.0000000000000000000, -1.000000000000000000 ) ) ;
#1939 = EDGE_CURVE ( 'NONE', #3160, #3527, #616, .T. ) ;
#1940 = AXIS2_PLACEMENT_3D ( 'NONE', #2776, #2113, #3105 ) ;
#1941 = LINE ( 'NONE', #4125, #1201 ) ;
#1942 = LINE ( 'NONE', #3526, #1820 ) ;
#1943 = EDGE_LOOP ( 'NONE', ( #1040, #3633, #2353, #2782 ) ) ;
#1944 = CARTESIAN_POINT ( 'NONE',  ( 44.80000000010336692, 2.499999999806379325, 60.00000000000000000 ) ) ;
#1945 = VECTOR ( 'NONE', #749, 1000.000000000000000 ) ;
#1946 = VECTOR ( 'NONE', #3576, 1000.000000000000000 ) ;
#1947 = DIRECTION ( 'NONE',  ( -0.0000000000000000000, -0.0000000000000000000, -1.000000000000000000 ) ) ;
#1948 = CIRCLE ( 'NONE', #2772, 1.599999999999990319 ) ;
#1949 = ORIENTED_EDGE ( 'NONE', *, *, #1259, .T. ) ;
#1950 = LINE ( 'NONE', #3239, #646 ) ;
#1951 = ORIENTED_EDGE ( 'NONE', *, *, #1907, .F. ) ;
#1952 = AXIS2_PLACEMENT_3D ( 'NONE', #827, #226, #3220 ) ;
#1953 = DIRECTION ( 'NONE',  ( -1.000000000000000000, 0.0000000000000000000, 0.0000000000000000000 ) ) ;
#1954 = DIRECTION ( 'NONE',  ( -0.0000000000000000000, -0.0000000000000000000, -1.000000000000000000 ) ) ;
#1955 = ORIENTED_EDGE ( 'NONE', *, *, #4092, .F. ) ;
#1956 = CIRCLE ( 'NONE', #1689, 2.599999999999991207 ) ;
#1957 = LINE ( 'NONE', #3872, #1745 ) ;
#1958 = DIRECTION ( 'NONE',  ( -1.000000000000000000, 0.0000000000000000000, 0.0000000000000000000 ) ) ;
#1959 = CARTESIAN_POINT ( 'NONE',  ( -47.70000000000085549, 11.89999999970110700, 60.00000000000000000 ) ) ;
#1960 = ORIENTED_EDGE ( 'NONE', *, *, #722, .T. ) ;
#1961 = ORIENTED_EDGE ( 'NONE', *, *, #702, .F. ) ;
#1962 = CARTESIAN_POINT ( 'NONE',  ( 46.80591475770853549, 7.252447409569317216, 60.00000000000000000 ) ) ;
#1963 = LINE ( 'NONE', #3924, #599 ) ;
#1964 = CARTESIAN_POINT ( 'NONE',  ( -47.58578643762664484, 0.5857864376254129368, 60.00000000000000000 ) ) ;
#1965 = ORIENTED_EDGE ( 'NONE', *, *, #3156, .F. ) ;
#1966 = EDGE_CURVE ( 'NONE', #1935, #76, #2868, .T. ) ;
#1967 = DIRECTION ( 'NONE',  ( 0.0000000000000000000, -1.000000000000000000, 0.0000000000000000000 ) ) ;
#1968 = DIRECTION ( 'NONE',  ( -2.775557561562888827E-14, 1.000000000000000000, 0.0000000000000000000 ) ) ;
#1969 = ORIENTED_EDGE ( 'NONE', *, *, #2068, .F. ) ;
#1970 = EDGE_CURVE ( 'NONE', #2945, #3345, #283, .T. ) ;
#1971 = AXIS2_PLACEMENT_3D ( 'NONE', #2643, #3917, #1031 ) ;
#1972 = DIRECTION ( 'NONE',  ( 0.0000000000000000000, 0.0000000000000000000, 1.000000000000000000 ) ) ;
#1973 = ORIENTED_EDGE ( 'NONE', *, *, #3224, .F. ) ;
#1974 = CARTESIAN_POINT ( 'NONE',  ( -42.71715728763250297, 2.199999999805768880, 60.00000000000000000 ) ) ;
#1975 = CYLINDRICAL_SURFACE ( 'NONE', #3973, 0.2000000000000057288 ) ;
#1976 = ORIENTED_EDGE ( 'NONE', *, *, #3124, .F. ) ;
#1977 = VECTOR ( 'NONE', #2487, 1000.000000000000114 ) ;
#1978 = DIRECTION ( 'NONE',  ( -1.000000000000000000, 0.0000000000000000000, 0.0000000000000000000 ) ) ;
#1979 = DIRECTION ( 'NONE',  ( 0.0000000000000000000, 0.0000000000000000000, 1.000000000000000000 ) ) ;
#1980 = LINE ( 'NONE', #2025, #229 ) ;
#1981 = CARTESIAN_POINT ( 'NONE',  ( 43.50000000010336265, 4.699999999806380835, 60.00000000000000000 ) ) ;
#1982 = ORIENTED_EDGE ( 'NONE', *, *, #3698, .T. ) ;
#1983 = ORIENTED_EDGE ( 'NONE', *, *, #1939, .F. ) ;
#1984 = DIRECTION ( 'NONE',  ( -1.000000000000000000, 0.0000000000000000000, 0.0000000000000000000 ) ) ;
#1985 = FACE_OUTER_BOUND ( 'NONE', #3051, .T. ) ;
#1986 = DIRECTION ( 'NONE',  ( 0.0000000000000000000, 1.000000000000000000, 0.0000000000000000000 ) ) ;
#1987 = EDGE_LOOP ( 'NONE', ( #1755, #494, #4007, #1095 ) ) ;
#1988 = EDGE_CURVE ( 'NONE', #4061, #285, #3783, .T. ) ;
#1989 = DIRECTION ( 'NONE',  ( -8.810136181295852258E-14, -1.000000000000000000, -0.0000000000000000000 ) ) ;
#1990 = CARTESIAN_POINT ( 'NONE',  ( -49.99999999999998579, -12.16584473190990323, 0.7500000000000000000 ) ) ;
#1991 = VECTOR ( 'NONE', #1698, 1000.000000000000000 ) ;
#1992 = ORIENTED_EDGE ( 'NONE', *, *, #1784, .T. ) ;
#1993 = AXIS2_PLACEMENT_3D ( 'NONE', #1580, #3899, #1984 ) ;
#1994 = AXIS2_PLACEMENT_3D ( 'NONE', #134, #3381, #2614 ) ;
#1995 = ORIENTED_EDGE ( 'NONE', *, *, #1499, .F. ) ;
#1996 = DIRECTION ( 'NONE',  ( 0.0000000000000000000, 0.0000000000000000000, 1.000000000000000000 ) ) ;
#1997 = CARTESIAN_POINT ( 'NONE',  ( 46.17157287525286335, -15.99427185665475193, 0.7500000000000000000 ) ) ;
#1998 = ORIENTED_EDGE ( 'NONE', *, *, #4140, .F. ) ;
#1999 = DIRECTION ( 'NONE',  ( 7.133442331102040835E-15, -1.000000000000000000, 0.0000000000000000000 ) ) ;
#2000 = CARTESIAN_POINT ( 'NONE',  ( -44.80000000010711858, 2.499999999805768702, 60.00000000000000000 ) ) ;
#2001 = PLANE ( 'NONE',  #1430 ) ;
#2002 = DIRECTION ( 'NONE',  ( 1.000000000000000000, 0.0000000000000000000, 0.0000000000000000000 ) ) ;
#2003 = ORIENTED_EDGE ( 'NONE', *, *, #1341, .F. ) ;
#2004 = PRODUCT_DEFINITION ( '未知', '', #2134, #1743 ) ;
#2005 = ORIENTED_EDGE ( 'NONE', *, *, #3608, .F. ) ;
#2006 = UNCERTAINTY_MEASURE_WITH_UNIT (LENGTH_MEASURE( 1.000000000000000082E-05 ), #22, 'distance_accuracy_value', 'NONE');
#2007 = CARTESIAN_POINT ( 'NONE',  ( 51.99999999999951683, 5.828427124747015853, 60.00000000000000000 ) ) ;
#2008 = PRODUCT_DEFINITION_SHAPE ( 'NONE', 'NONE',  #2004 ) ;
#2009 = DIRECTION ( 'NONE',  ( -0.0000000000000000000, -0.0000000000000000000, -1.000000000000000000 ) ) ;
#2010 = EDGE_LOOP ( 'NONE', ( #939, #4113 ) ) ;
#2011 = CARTESIAN_POINT ( 'NONE',  ( 49.89999999999797353, 14.09999999970593620, 60.00000000000000000 ) ) ;
#2012 = DIRECTION ( 'NONE',  ( -0.0000000000000000000, -0.0000000000000000000, -1.000000000000000000 ) ) ;
#2013 = AXIS2_PLACEMENT_3D ( 'NONE', #109, #1303, #2650 ) ;
#2014 = ORIENTED_EDGE ( 'NONE', *, *, #317, .T. ) ;
#2015 = ADVANCED_FACE ( 'NONE', ( #2230 ), #1197, .F. ) ;
#2016 = AXIS2_PLACEMENT_3D ( 'NONE', #1696, #2990, #120 ) ;
#2017 = AXIS2_PLACEMENT_3D ( 'NONE', #656, #2898, #2308 ) ;
#2018 = LINE ( 'NONE', #4153, #3003 ) ;
#2019 = EDGE_CURVE ( 'NONE', #592, #3022, #3816, .T. ) ;
#2020 = EDGE_LOOP ( 'NONE', ( #1982, #778, #1305, #1949 ) ) ;
#2021 = EDGE_CURVE ( 'NONE', #1557, #107, #3517, .T. ) ;
#2022 = CARTESIAN_POINT ( 'NONE',  ( 51.41421356237280094, 13.58005829428532429, -0.7500000000000000000 ) ) ;
#2023 = VECTOR ( 'NONE', #3648, 1000.000000000000000 ) ;
#2024 = ORIENTED_EDGE ( 'NONE', *, *, #2547, .F. ) ;
#2025 = CARTESIAN_POINT ( 'NONE',  ( -46.55669656274127988, 7.337439318763849805, 60.00000000000000000 ) ) ;
#2026 = CARTESIAN_POINT ( 'NONE',  ( 44.80000000010336692, 4.499999999806380657, -60.00000000000000000 ) ) ;
#2027 = VECTOR ( 'NONE', #2183, 1000.000000000000000 ) ;
#2028 = ORIENTED_EDGE ( 'NONE', *, *, #4047, .F. ) ;
#2029 = ORIENTED_EDGE ( 'NONE', *, *, #2983, .F. ) ;
#2030 =( NAMED_UNIT ( * ) SI_UNIT ( $, .STERADIAN. ) SOLID_ANGLE_UNIT ( ) );
#2031 = DIRECTION ( 'NONE',  ( -0.0000000000000000000, -0.0000000000000000000, -1.000000000000000000 ) ) ;
#2032 = LINE ( 'NONE', #1388, #1144 ) ;
#2033 = DIRECTION ( 'NONE',  ( -0.0000000000000000000, -0.0000000000000000000, -1.000000000000000000 ) ) ;
#2034 = CARTESIAN_POINT ( 'NONE',  ( -48.54999999999999005, 17.60000000040144030, 60.00000000000000000 ) ) ;
#2035 = AXIS2_PLACEMENT_3D ( 'NONE', #1920, #3235, #3209 ) ;
#2036 = ORIENTED_EDGE ( 'NONE', *, *, #445, .F. ) ;
#2037 = DIRECTION ( 'NONE',  ( 0.0000000000000000000, 0.0000000000000000000, -1.000000000000000000 ) ) ;
#2038 = LINE ( 'NONE', #2745, #3643 ) ;
#2039 = AXIS2_PLACEMENT_3D ( 'NONE', #3079, #1492, #3042 ) ;
#2040 = EDGE_LOOP ( 'NONE', ( #2322, #3979, #1026, #862 ) ) ;
#2041 = CARTESIAN_POINT ( 'NONE',  ( -47.58578643762664484, 0.5857864376254129368, 60.00000000000000000 ) ) ;
#2042 = EDGE_LOOP ( 'NONE', ( #308, #1855, #211, #2029 ) ) ;
#2043 = CARTESIAN_POINT ( 'NONE',  ( -47.30000000010711858, 6.049999999804822615, 60.00000000000000000 ) ) ;
#2044 = CARTESIAN_POINT ( 'NONE',  ( 47.69999999999702567, 11.29999999970410229, -62.43310501212032193 ) ) ;
#2045 = EDGE_CURVE ( 'NONE', #1535, #2144, #1956, .T. ) ;
#2046 = ORIENTED_EDGE ( 'NONE', *, *, #1906, .T. ) ;
#2047 = VERTEX_POINT ( 'NONE', #921 ) ;
#2048 =( NAMED_UNIT ( * ) PLANE_ANGLE_UNIT ( ) SI_UNIT ( $, .RADIAN. ) );
#2049 = DIRECTION ( 'NONE',  ( -1.000000000000000000, 0.0000000000000000000, 0.0000000000000000000 ) ) ;
#2050 = CARTESIAN_POINT ( 'NONE',  ( -43.30000000010716832, 4.699999999805769768, -60.00000000000000000 ) ) ;
#2051 = LINE ( 'NONE', #31, #1586 ) ;
#2052 = DIRECTION ( 'NONE',  ( 1.000000000000000000, 0.0000000000000000000, 0.0000000000000000000 ) ) ;
#2053 = DIRECTION ( 'NONE',  ( -0.0000000000000000000, -0.0000000000000000000, 1.000000000000000000 ) ) ;
#2054 = ORIENTED_EDGE ( 'NONE', *, *, #2221, .T. ) ;
#2055 = ADVANCED_FACE ( 'NONE', ( #4117 ), #3194, .F. ) ;
#2056 = DIRECTION ( 'NONE',  ( 1.000000000000000000, 0.0000000000000000000, 0.0000000000000000000 ) ) ;
#2057 = LINE ( 'NONE', #1111, #1272 ) ;
#2058 = VERTEX_POINT ( 'NONE', #2248 ) ;
#2059 = CONICAL_SURFACE ( 'NONE', #447, 1.599999999999990319, 0.7853981633974456145 ) ;
#2060 = CARTESIAN_POINT ( 'NONE',  ( 42.80000000010336692, 1.999999999806378881, 60.00000000000000000 ) ) ;
#2061 = COLOUR_RGB ( '',1.000000000000000000, 1.000000000000000000, 1.000000000000000000 ) ;
#2062 = EDGE_LOOP ( 'NONE', ( #2773, #834, #4081, #1425 ) ) ;
#2063 = CARTESIAN_POINT ( 'NONE',  ( -46.17157287525377996, 1.999999999998780531, 60.00000000000000000 ) ) ;
#2064 = DIRECTION ( 'NONE',  ( -0.0000000000000000000, -0.0000000000000000000, -1.000000000000000000 ) ) ;
#2065 = VERTEX_POINT ( 'NONE', #1592 ) ;
#2066 = ORIENTED_EDGE ( 'NONE', *, *, #3080, .F. ) ;
#2067 = EDGE_CURVE ( 'NONE', #592, #703, #4135, .T. ) ;
#2068 = EDGE_CURVE ( 'NONE', #660, #2153, #4154, .T. ) ;
#2069 = SURFACE_STYLE_FILL_AREA ( #1409 ) ;
#2070 = DIRECTION ( 'NONE',  ( 1.000000000000000000, 0.0000000000000000000, 0.0000000000000000000 ) ) ;
#2071 = ADVANCED_FACE ( 'NONE', ( #2209 ), #2579, .F. ) ;
#2072 = EDGE_CURVE ( 'NONE', #388, #3711, #2708, .T. ) ;
#2073 = DIRECTION ( 'NONE',  ( 1.000000000000000000, 0.0000000000000000000, 0.0000000000000000000 ) ) ;
#2074 = VERTEX_POINT ( 'NONE', #551 ) ;
#2075 = CARTESIAN_POINT ( 'NONE',  ( 43.38284271257798252, 2.499999999806379325, 60.00000000000000000 ) ) ;
#2076 = CARTESIAN_POINT ( 'NONE',  ( -47.30000000010525696, 11.94427185665847269, -0.7500000000000000000 ) ) ;
#2077 = ORIENTED_EDGE ( 'NONE', *, *, #3489, .F. ) ;
#2078 = DIRECTION ( 'NONE',  ( 2.775557561562888827E-14, -1.000000000000000000, 0.0000000000000000000 ) ) ;
#2079 = AXIS2_PLACEMENT_3D ( 'NONE', #2458, #3699, #2133 ) ;
#2080 = CARTESIAN_POINT ( 'NONE',  ( -48.70999999999991559, 17.38000000043325599, 60.00000000000000000 ) ) ;
#2081 = ORIENTED_EDGE ( 'NONE', *, *, #3560, .T. ) ;
#2082 = AXIS2_PLACEMENT_3D ( 'NONE', #3400, #448, #2395 ) ;
#2083 = DIRECTION ( 'NONE',  ( 0.0000000000000000000, 0.0000000000000000000, 1.000000000000000000 ) ) ;
#2084 = VERTEX_POINT ( 'NONE', #237 ) ;
#2085 = FACE_OUTER_BOUND ( 'NONE', #989, .T. ) ;
#2086 = CARTESIAN_POINT ( 'NONE',  ( 48.89999999999841407, 18.62540333108481150, -60.00000000000000000 ) ) ;
#2087 = CIRCLE ( 'NONE', #1266, 1.599999999999990319 ) ;
#2088 = ORIENTED_EDGE ( 'NONE', *, *, #321, .F. ) ;
#2089 = ORIENTED_EDGE ( 'NONE', *, *, #2382, .T. ) ;
#2090 = CARTESIAN_POINT ( 'NONE',  ( -46.17157287525380838, 15.99427185665597229, 0.7500000000000000000 ) ) ;
#2091 = CIRCLE ( 'NONE', #72, 1.299999999999967848 ) ;
#2092 = MANIFOLD_SOLID_BREP ( '切除-拉伸2', #4025 ) ;
#2093 = EDGE_CURVE ( 'NONE', #3723, #3817, #2576, .T. ) ;
#2094 = VECTOR ( 'NONE', #3043, 1000.000000000000000 ) ;
#2095 = DIRECTION ( 'NONE',  ( 0.0000000000000000000, -0.0000000000000000000, 1.000000000000000000 ) ) ;
#2096 = VERTEX_POINT ( 'NONE', #1635 ) ;
#2097 = ADVANCED_FACE ( 'NONE', ( #358 ), #1975, .T. ) ;
#2098 = CARTESIAN_POINT ( 'NONE',  ( -43.38284271258172708, 2.299999999805768525, 60.00000000000000000 ) ) ;
#2099 = EDGE_CURVE ( 'NONE', #1317, #3087, #2295, .T. ) ;
#2100 = CYLINDRICAL_SURFACE ( 'NONE', #3302, 0.2000000000000057288 ) ;
#2101 = ORIENTED_EDGE ( 'NONE', *, *, #2751, .T. ) ;
#2102 = LINE ( 'NONE', #186, #1143 ) ;
#2103 = CARTESIAN_POINT ( 'NONE',  ( -50.74999999999938183, 17.80000000046327813, 60.00000000000000000 ) ) ;
#2104 = ORIENTED_EDGE ( 'NONE', *, *, #314, .T. ) ;
#2105 = DIRECTION ( 'NONE',  ( -1.000000000000000000, 0.0000000000000000000, 0.0000000000000000000 ) ) ;
#2106 = ORIENTED_EDGE ( 'NONE', *, *, #3507, .T. ) ;
#2107 = LINE ( 'NONE', #2452, #692 ) ;
#2108 = CARTESIAN_POINT ( 'NONE',  ( 42.71715728762875131, 2.199999999806378614, -60.00000000000000000 ) ) ;
#2109 = ORIENTED_EDGE ( 'NONE', *, *, #3000, .T. ) ;
#2110 = EDGE_LOOP ( 'NONE', ( #673, #2334, #2429, #2664 ) ) ;
#2111 = VECTOR ( 'NONE', #3192, 1000.000000000000000 ) ;
#2112 = APPLICATION_PROTOCOL_DEFINITION ( 'draft international standard', 'automotive_design', 1998, #1723 ) ;
#2113 = DIRECTION ( 'NONE',  ( -0.0000000000000000000, -0.0000000000000000000, -1.000000000000000000 ) ) ;
#2114 = FACE_OUTER_BOUND ( 'NONE', #1003, .T. ) ;
#2115 = VERTEX_POINT ( 'NONE', #2927 ) ;
#2116 = PLANE ( 'NONE',  #2438 ) ;
#2117 = DIRECTION ( 'NONE',  ( -0.0000000000000000000, -0.0000000000000000000, -1.000000000000000000 ) ) ;
#2118 = EDGE_LOOP ( 'NONE', ( #2992, #507, #3592, #2928 ) ) ;
#2119 = ADVANCED_FACE ( 'NONE', ( #3627 ), #3604, .T. ) ;
#2120 = PLANE ( 'NONE',  #2016 ) ;
#2121 = CARTESIAN_POINT ( 'NONE',  ( 47.49999999999701572, 11.89999999970405220, 60.00000000000000000 ) ) ;
#2122 = ORIENTED_EDGE ( 'NONE', *, *, #2177, .T. ) ;
#2123 = CARTESIAN_POINT ( 'NONE',  ( 45.90510708291896691, 8.599999999702511388, 60.00000000000000000 ) ) ;
#2124 = VERTEX_POINT ( 'NONE', #3216 ) ;
#2125 = FACE_OUTER_BOUND ( 'NONE', #2857, .T. ) ;
#2126 = CARTESIAN_POINT ( 'NONE',  ( 51.79999999999987637, 17.80000000045622954, 60.00000000000000000 ) ) ;
#2127 = ORIENTED_EDGE ( 'NONE', *, *, #2467, .T. ) ;
#2128 = CIRCLE ( 'NONE', #307, 1.999999999999967137 ) ;
#2129 = ORIENTED_EDGE ( 'NONE', *, *, #113, .T. ) ;
#2130 = VECTOR ( 'NONE', #385, 1000.000000000000000 ) ;
#2131 = CONTEXT_DEPENDENT_SHAPE_REPRESENTATION ( #3001, #4142 ) ;
#2132 = AXIS2_PLACEMENT_3D ( 'NONE', #1087, #2291, #1731 ) ;
#2133 = DIRECTION ( 'NONE',  ( -0.7071067811865013875, -0.7071067811865937580, 0.0000000000000000000 ) ) ;
#2134 = PRODUCT_DEFINITION_FORMATION_WITH_SPECIFIED_SOURCE ( '任何', '', #3290, .NOT_KNOWN. ) ;
#2135 =( REPRESENTATION_RELATIONSHIP ('NONE','NONE', #3245, #3112 ) REPRESENTATION_RELATIONSHIP_WITH_TRANSFORMATION ( #3142 )SHAPE_REPRESENTATION_RELATIONSHIP( ) );
#2136 = DIRECTION ( 'NONE',  ( 0.0000000000000000000, -1.000000000000000000, 0.0000000000000000000 ) ) ;
#2137 = ORIENTED_EDGE ( 'NONE', *, *, #3464, .F. ) ;
#2138 = DIRECTION ( 'NONE',  ( -0.0000000000000000000, -0.0000000000000000000, 1.000000000000000000 ) ) ;
#2139 = DIRECTION ( 'NONE',  ( 1.000000000000000000, 0.0000000000000000000, 0.0000000000000000000 ) ) ;
#2140 = EDGE_CURVE ( 'NONE', #2685, #1188, #2908, .T. ) ;
#2141 = ORIENTED_EDGE ( 'NONE', *, *, #2200, .F. ) ;
#2142 = CYLINDRICAL_SURFACE ( 'NONE', #3661, 1.299999999999995604 ) ;
#2143 = DIRECTION ( 'NONE',  ( -0.0000000000000000000, -0.0000000000000000000, -1.000000000000000000 ) ) ;
#2144 = VERTEX_POINT ( 'NONE', #1315 ) ;
#2145 = CARTESIAN_POINT ( 'NONE',  ( -46.17157287525377996, 1.999999999998780531, 60.00000000000000000 ) ) ;
#2146 = CIRCLE ( 'NONE', #3559, 0.1999999999999987899 ) ;
#2147 = ORIENTED_EDGE ( 'NONE', *, *, #3255, .F. ) ;
#2148 = MANIFOLD_SOLID_BREP ( '倒角1', #2887 ) ;
#2149 = DIRECTION ( 'NONE',  ( -0.0000000000000000000, -0.0000000000000000000, 1.000000000000000000 ) ) ;
#2150 = DIRECTION ( 'NONE',  ( -1.000000000000000000, 0.0000000000000000000, 0.0000000000000000000 ) ) ;
#2151 = ADVANCED_FACE ( 'NONE', ( #664 ), #644, .T. ) ;
#2152 = ADVANCED_FACE ( 'NONE', ( #34 ), #2678, .T. ) ;
#2153 = VERTEX_POINT ( 'NONE', #3586 ) ;
#2154 = DIRECTION ( 'NONE',  ( -0.0000000000000000000, -0.0000000000000000000, -1.000000000000000000 ) ) ;
#2155 = VECTOR ( 'NONE', #164, 1000.000000000000000 ) ;
#2156 = AXIS2_PLACEMENT_3D ( 'NONE', #4051, #911, #2218 ) ;
#2157 = AXIS2_PLACEMENT_3D ( 'NONE', #1439, #4013, #1131 ) ;
#2158 = AXIS2_PLACEMENT_3D ( 'NONE', #227, #3505, #4107 ) ;
#2159 = LINE ( 'NONE', #3446, #642 ) ;
#2160 = AXIS2_PLACEMENT_3D ( 'NONE', #433, #767, #181 ) ;
#2161 = VERTEX_POINT ( 'NONE', #3265 ) ;
#2162 = CYLINDRICAL_SURFACE ( 'NONE', #1085, 1.599999999999990319 ) ;
#2163 = LINE ( 'NONE', #561, #3833 ) ;
#2164 = VECTOR ( 'NONE', #14, 1000.000000000000000 ) ;
#2165 = EDGE_LOOP ( 'NONE', ( #3533, #1636, #3382, #3914 ) ) ;
#2166 = VECTOR ( 'NONE', #4080, 1000.000000000000000 ) ;
#2167 = DIRECTION ( 'NONE',  ( -0.0000000000000000000, -0.0000000000000000000, -1.000000000000000000 ) ) ;
#2168 = DIRECTION ( 'NONE',  ( 1.000000000000000000, 0.0000000000000000000, 0.0000000000000000000 ) ) ;
#2169 = ORIENTED_EDGE ( 'NONE', *, *, #219, .T. ) ;
#2170 = DIRECTION ( 'NONE',  ( 0.0000000000000000000, 0.0000000000000000000, 1.000000000000000000 ) ) ;
#2171 = ORIENTED_EDGE ( 'NONE', *, *, #2415, .T. ) ;
#2172 = DIRECTION ( 'NONE',  ( 1.000000000000000000, 0.0000000000000000000, 0.0000000000000000000 ) ) ;
#2173 = SURFACE_STYLE_FILL_AREA ( #1237 ) ;
#2174 = VERTEX_POINT ( 'NONE', #377 ) ;
#2175 = ITEM_DEFINED_TRANSFORMATION ( 'NONE', 'NONE', #3753,  #42 ) ;
#2176 = EDGE_CURVE ( 'NONE', #320, #2174, #1656, .T. ) ;
#2177 = EDGE_CURVE ( 'NONE', #2474, #2903, #56, .T. ) ;
#2178 = CARTESIAN_POINT ( 'NONE',  ( -43.38284271258172708, 2.499999999805768702, -60.00000000000000000 ) ) ;
#2179 = VECTOR ( 'NONE', #3776, 1000.000000000000000 ) ;
#2180 = LINE ( 'NONE', #576, #2675 ) ;
#2181 = DIRECTION ( 'NONE',  ( -1.000000000000000000, 0.0000000000000000000, 0.0000000000000000000 ) ) ;
#2182 = AXIS2_PLACEMENT_3D ( 'NONE', #4102, #297, #615 ) ;
#2183 = DIRECTION ( 'NONE',  ( -0.0000000000000000000, -1.000000000000000000, -0.0000000000000000000 ) ) ;
#2184 = PLANE ( 'NONE',  #2158 ) ;
#2185 = CARTESIAN_POINT ( 'NONE',  ( -47.70000000000096918, 11.09999999970110096, -62.43310501212032193 ) ) ;
#2186 = CARTESIAN_POINT ( 'NONE',  ( 49.74999999999893419, 19.40000000032571137, -60.00000000000000000 ) ) ;
#2187 = ORIENTED_EDGE ( 'NONE', *, *, #2826, .T. ) ;
#2188 = DIRECTION ( 'NONE',  ( 0.0000000000000000000, 0.0000000000000000000, 1.000000000000000000 ) ) ;
#2189 = EDGE_LOOP ( 'NONE', ( #35, #463, #540, #2674 ) ) ;
#2190 = DIRECTION ( 'NONE',  ( -0.0000000000000000000, -0.0000000000000000000, -1.000000000000000000 ) ) ;
#2191 = ORIENTED_EDGE ( 'NONE', *, *, #3337, .T. ) ;
#2192 = VECTOR ( 'NONE', #610, 1000.000000000000000 ) ;
#2193 = APPLICATION_PROTOCOL_DEFINITION ( 'draft international standard', 'automotive_design', 1998, #3650 ) ;
#2194 = DIRECTION ( 'NONE',  ( 0.0000000000000000000, -1.000000000000000000, 0.0000000000000000000 ) ) ;
#2195 = VECTOR ( 'NONE', #1543, 1000.000000000000000 ) ;
#2196 = EDGE_CURVE ( 'NONE', #2869, #2923, #79, .T. ) ;
#2197 = LINE ( 'NONE', #533, #783 ) ;
#2198 = AXIS2_PLACEMENT_3D ( 'NONE', #1360, #3017, #123 ) ;
#2199 = DIRECTION ( 'NONE',  ( -0.0000000000000000000, -0.0000000000000000000, -1.000000000000000000 ) ) ;
#2200 = EDGE_CURVE ( 'NONE', #348, #728, #2512, .T. ) ;
#2201 = DIRECTION ( 'NONE',  ( 1.000000000000000000, 0.0000000000000000000, 0.0000000000000000000 ) ) ;
#2202 = EDGE_CURVE ( 'NONE', #3649, #2540, #1220, .T. ) ;
#2203 = CARTESIAN_POINT ( 'NONE',  ( -48.74999999999998579, 17.50000000043336001, 60.00000000000000000 ) ) ;
#2204 = DIRECTION ( 'NONE',  ( -1.000000000000000000, -3.965082230802523389E-14, 0.0000000000000000000 ) ) ;
#2205 = ORIENTED_EDGE ( 'NONE', *, *, #2354, .T. ) ;
#2206 = DIRECTION ( 'NONE',  ( -0.0000000000000000000, -0.0000000000000000000, -1.000000000000000000 ) ) ;
#2207 = EDGE_LOOP ( 'NONE', ( #1113, #1657 ) ) ;
#2208 = CARTESIAN_POINT ( 'NONE',  ( -46.17157287525336073, 17.99427185665592077, 0.7500000000000000000 ) ) ;
#2209 = FACE_OUTER_BOUND ( 'NONE', #3090, .T. ) ;
#2210 = ORIENTED_EDGE ( 'NONE', *, *, #3180, .T. ) ;
#2211 = DIRECTION ( 'NONE',  ( -0.0000000000000000000, 0.0000000000000000000, 1.000000000000000000 ) ) ;
#2212 = EDGE_CURVE ( 'NONE', #1620, #1458, #1806, .T. ) ;
#2213 = EDGE_CURVE ( 'NONE', #821, #1022, #2057, .T. ) ;
#2214 = CYLINDRICAL_SURFACE ( 'NONE', #1122, 1.999999999999974021 ) ;
#2215 = AXIS2_PLACEMENT_3D ( 'NONE', #54, #710, #663 ) ;
#2216 = AXIS2_PLACEMENT_3D ( 'NONE', #1564, #928, #3089 ) ;
#2217 = ORIENTED_EDGE ( 'NONE', *, *, #2439, .T. ) ;
#2218 = DIRECTION ( 'NONE',  ( 1.000000000000000000, 0.0000000000000000000, 0.0000000000000000000 ) ) ;
#2219 = VECTOR ( 'NONE', #1460, 1000.000000000000000 ) ;
#2220 = VECTOR ( 'NONE', #3710, 1000.000000000000000 ) ;
#2221 = EDGE_CURVE ( 'NONE', #769, #712, #4054, .T. ) ;
#2222 = DIRECTION ( 'NONE',  ( -0.0000000000000000000, -0.0000000000000000000, -1.000000000000000000 ) ) ;
#2223 = AXIS2_PLACEMENT_3D ( 'NONE', #3068, #2759, #95 ) ;
#2224 = CARTESIAN_POINT ( 'NONE',  ( -47.58578643762650984, -17.40848541902978397, 0.7500000000000000000 ) ) ;
#2225 = VERTEX_POINT ( 'NONE', #2121 ) ;
#2226 = DIRECTION ( 'NONE',  ( -0.7071067811865474617, -0.7071067811865474617, 0.0000000000000000000 ) ) ;
#2227 = CIRCLE ( 'NONE', #4042, 0.1999999999999987899 ) ;
#2228 = ORIENTED_EDGE ( 'NONE', *, *, #1112, .T. ) ;
#2229 = CARTESIAN_POINT ( 'NONE',  ( -46.17157287525333942, -1.221245327087672194E-12, 60.00000000000000000 ) ) ;
#2230 = FACE_OUTER_BOUND ( 'NONE', #2165, .T. ) ;
#2231 = ORIENTED_EDGE ( 'NONE', *, *, #1841, .T. ) ;
#2232 = CARTESIAN_POINT ( 'NONE',  ( -50.00000000000191847, 14.09999999970129636, -60.00000000000000000 ) ) ;
#2233 = ORIENTED_EDGE ( 'NONE', *, *, #2504, .T. ) ;
#2234 = ORIENTED_EDGE ( 'NONE', *, *, #236, .T. ) ;
#2235 = PRODUCT ( 'K93-1', 'K93-1', '', ( #1141 ) ) ;
#2236 = FACE_OUTER_BOUND ( 'NONE', #2531, .T. ) ;
#2237 = ORIENTED_EDGE ( 'NONE', *, *, #3901, .F. ) ;
#2238 = DIRECTION ( 'NONE',  ( 0.7071067811865885400, -0.7071067811865063835, -0.0000000000000000000 ) ) ;
#2239 = ORIENTED_EDGE ( 'NONE', *, *, #172, .T. ) ;
#2240 = CARTESIAN_POINT ( 'NONE',  ( 46.17157287525286335, -15.99427185665475193, -0.7500000000000000000 ) ) ;
#2241 = CARTESIAN_POINT ( 'NONE',  ( 47.69999999999788542, 14.09999999970593265, 60.00000000000000000 ) ) ;
#2242 = EDGE_CURVE ( 'NONE', #1208, #3877, #460, .T. ) ;
#2243 = ORIENTED_EDGE ( 'NONE', *, *, #908, .F. ) ;
#2244 = EDGE_CURVE ( 'NONE', #3217, #535, #3092, .T. ) ;
#2245 = CARTESIAN_POINT ( 'NONE',  ( -47.70000000000085549, 11.89999999970110700, -60.00000000000000000 ) ) ;
#2246 = VERTEX_POINT ( 'NONE', #3408 ) ;
#2247 = DIRECTION ( 'NONE',  ( 1.000000000000000000, 0.0000000000000000000, 0.0000000000000000000 ) ) ;
#2248 = CARTESIAN_POINT ( 'NONE',  ( 50.59999999999934062, 17.80000000045622954, -60.00000000000000000 ) ) ;
#2249 = EDGE_CURVE ( 'NONE', #2906, #2096, #3728, .T. ) ;
#2250 = ORIENTED_EDGE ( 'NONE', *, *, #3212, .T. ) ;
#2251 = EDGE_CURVE ( 'NONE', #3345, #4129, #1714, .T. ) ;
#2252 = ADVANCED_FACE ( 'NONE', ( #3670 ), #121, .F. ) ;
#2253 = DIRECTION ( 'NONE',  ( -0.7071067811865013875, -0.7071067811865936470, 0.0000000000000000000 ) ) ;
#2254 = DIRECTION ( 'NONE',  ( -1.000000000000000000, 0.0000000000000000000, 0.0000000000000000000 ) ) ;
#2255 = LINE ( 'NONE', #3109, #2027 ) ;
#2256 = ORIENTED_EDGE ( 'NONE', *, *, #1936, .T. ) ;
#2257 = VERTEX_POINT ( 'NONE', #1783 ) ;
#2258 = EDGE_LOOP ( 'NONE', ( #2809, #2256, #2239, #1559 ) ) ;
#2259 = PRODUCT_DEFINITION ( '未知', '', #2337, #3694 ) ;
#2260 = CARTESIAN_POINT ( 'NONE',  ( 51.99999999999954525, -12.16584473190812687, -0.7500000000000000000 ) ) ;
#2261 = EDGE_LOOP ( 'NONE', ( #3954, #3334, #3093, #2231 ) ) ;
#2262 = AXIS2_PLACEMENT_3D ( 'NONE', #2406, #568, #168 ) ;
#2263 = CARTESIAN_POINT ( 'NONE',  ( 50.00000000000104450, 12.16584473190751581, 0.7500000000000000000 ) ) ;
#2264 = FACE_OUTER_BOUND ( 'NONE', #1869, .T. ) ;
#2265 = EDGE_LOOP ( 'NONE', ( #3519, #1184, #106, #988 ) ) ;
#2266 = DIRECTION ( 'NONE',  ( 1.000000000000000000, 0.0000000000000000000, 0.0000000000000000000 ) ) ;
#2267 = ORIENTED_EDGE ( 'NONE', *, *, #1888, .T. ) ;
#2268 = CARTESIAN_POINT ( 'NONE',  ( -51.79999999999854055, 17.60000000046327884, 60.00000000000000000 ) ) ;
#2269 = ORIENTED_EDGE ( 'NONE', *, *, #2526, .T. ) ;
#2270 = CARTESIAN_POINT ( 'NONE',  ( 46.40510708291959219, 9.099999999702458098, 60.00000000000000000 ) ) ;
#2271 = EDGE_CURVE ( 'NONE', #3521, #3160, #2038, .T. ) ;
#2272 = ADVANCED_FACE ( 'NONE', ( #771 ), #2448, .T. ) ;
#2273 = FACE_OUTER_BOUND ( 'NONE', #3566, .T. ) ;
#2274 = DIRECTION ( 'NONE',  ( -1.000000000000000000, 0.0000000000000000000, 0.0000000000000000000 ) ) ;
#2275 = EDGE_LOOP ( 'NONE', ( #4132, #1268 ) ) ;
#2276 = VERTEX_POINT ( 'NONE', #751 ) ;
#2277 = FACE_OUTER_BOUND ( 'NONE', #2972, .T. ) ;
#2278 = VECTOR ( 'NONE', #3616, 1000.000000000000000 ) ;
#2279 = DIRECTION ( 'NONE',  ( 3.013993956761511069E-14, 1.000000000000000000, 0.0000000000000000000 ) ) ;
#2280 = EDGE_CURVE ( 'NONE', #122, #3958, #1488, .T. ) ;
#2281 = FACE_OUTER_BOUND ( 'NONE', #973, .T. ) ;
#2282 = ORIENTED_EDGE ( 'NONE', *, *, #2822, .T. ) ;
#2283 = AXIS2_PLACEMENT_3D ( 'NONE', #2232, #239, #2211 ) ;
#2284 = DIRECTION ( 'NONE',  ( 1.000000000000000000, 0.0000000000000000000, 0.0000000000000000000 ) ) ;
#2285 = VECTOR ( 'NONE', #789, 1000.000000000000000 ) ;
#2286 = VECTOR ( 'NONE', #2567, 1000.000000000000000 ) ;
#2287 = DIRECTION ( 'NONE',  ( -0.0000000000000000000, -0.0000000000000000000, -1.000000000000000000 ) ) ;
#2288 = VECTOR ( 'NONE', #1947, 1000.000000000000000 ) ;
#2289 = EDGE_LOOP ( 'NONE', ( #2833, #1080, #32, #630 ) ) ;
#2290 = EDGE_CURVE ( 'NONE', #1804, #4136, #1880, .T. ) ;
#2291 = DIRECTION ( 'NONE',  ( -1.000000000000000000, 0.0000000000000000000, 0.0000000000000000000 ) ) ;
#2292 = ORIENTED_EDGE ( 'NONE', *, *, #1801, .F. ) ;
#2293 = VECTOR ( 'NONE', #2532, 1000.000000000000114 ) ;
#2294 = CYLINDRICAL_SURFACE ( 'NONE', #1819, 0.4999999999999310552 ) ;
#2295 = LINE ( 'NONE', #99, #2164 ) ;
#2296 = ORIENTED_EDGE ( 'NONE', *, *, #3645, .F. ) ;
#2297 = DIRECTION ( 'NONE',  ( -0.0000000000000000000, -0.0000000000000000000, -1.000000000000000000 ) ) ;
#2298 = DIRECTION ( 'NONE',  ( 8.810136181295853520E-14, 1.000000000000000000, 0.0000000000000000000 ) ) ;
#2299 = CARTESIAN_POINT ( 'NONE',  ( -47.70000000000086970, 11.29999999970110380, -60.00000000000000000 ) ) ;
#2300 = CARTESIAN_POINT ( 'NONE',  ( -43.38284271258172708, 2.499999999805768702, 60.00000000000000000 ) ) ;
#2301 = ORIENTED_EDGE ( 'NONE', *, *, #294, .T. ) ;
#2302 = ORIENTED_EDGE ( 'NONE', *, *, #1760, .F. ) ;
#2303 = EDGE_CURVE ( 'NONE', #3697, #3911, #4036, .T. ) ;
#2304 = UNCERTAINTY_MEASURE_WITH_UNIT (LENGTH_MEASURE( 1.000000000000000082E-05 ), #612, 'distance_accuracy_value', 'NONE');
#2305 = EDGE_CURVE ( 'NONE', #3634, #3750, #2632, .T. ) ;
#2306 = DIRECTION ( 'NONE',  ( 1.000000000000000000, 0.0000000000000000000, 0.0000000000000000000 ) ) ;
#2307 = FACE_OUTER_BOUND ( 'NONE', #2261, .T. ) ;
#2308 = DIRECTION ( 'NONE',  ( -0.5000000000000137668, 0.8660254037844306030, 0.0000000000000000000 ) ) ;
#2309 = ORIENTED_EDGE ( 'NONE', *, *, #1756, .T. ) ;
#2310 = LINE ( 'NONE', #1328, #4120 ) ;
#2311 = DIRECTION ( 'NONE',  ( 0.0000000000000000000, 0.0000000000000000000, 1.000000000000000000 ) ) ;
#2312 = VERTEX_POINT ( 'NONE', #3689 ) ;
#2313 = ORIENTED_EDGE ( 'NONE', *, *, #2779, .F. ) ;
#2314 = FACE_OUTER_BOUND ( 'NONE', #1792, .T. ) ;
#2315 = FILL_AREA_STYLE_COLOUR ( '', #678 ) ;
#2316 = EDGE_CURVE ( 'NONE', #2483, #2863, #790, .T. ) ;
#2317 = EDGE_LOOP ( 'NONE', ( #609, #2292, #93, #435 ) ) ;
#2318 = CARTESIAN_POINT ( 'NONE',  ( -50.00000000000191847, 9.099999999702291120, -60.00000000000000000 ) ) ;
#2319 = CARTESIAN_POINT ( 'NONE',  ( -51.79999999999854055, 17.60000000046327884, -60.00000000000000000 ) ) ;
#2320 = CYLINDRICAL_SURFACE ( 'NONE', #2916, 2.000000000000036415 ) ;
#2321 = DIRECTION ( 'NONE',  ( -1.000000000000000000, -7.133442331102040835E-15, 0.0000000000000000000 ) ) ;
#2322 = ORIENTED_EDGE ( 'NONE', *, *, #2390, .F. ) ;
#2323 = CARTESIAN_POINT ( 'NONE',  ( 47.69999999999784279, 17.80000000040527652, 60.00000000000000000 ) ) ;
#2324 = VECTOR ( 'NONE', #3795, 1000.000000000000000 ) ;
#2325 = CARTESIAN_POINT ( 'NONE',  ( -47.58578643762652405, -17.40848541902979818, -0.7500000000000000000 ) ) ;
#2326 = EDGE_CURVE ( 'NONE', #3453, #3649, #1763, .T. ) ;
#2327 = ORIENTED_EDGE ( 'NONE', *, *, #2140, .F. ) ;
#2328 = EDGE_CURVE ( 'NONE', #4020, #660, #4138, .T. ) ;
#2329 = DIRECTION ( 'NONE',  ( -1.000000000000000000, 0.0000000000000000000, 0.0000000000000000000 ) ) ;
#2330 = ADVANCED_FACE ( 'NONE', ( #1511 ), #2806, .T. ) ;
#2331 = DIRECTION ( 'NONE',  ( 1.000000000000000000, 0.0000000000000000000, 0.0000000000000000000 ) ) ;
#2332 = ADVANCED_FACE ( 'NONE', ( #3114 ), #2554, .F. ) ;
#2333 = AXIS2_PLACEMENT_3D ( 'NONE', #3431, #1443, #3730 ) ;
#2334 = ORIENTED_EDGE ( 'NONE', *, *, #529, .T. ) ;
#2335 = AXIS2_PLACEMENT_3D ( 'NONE', #1621, #298, #1599 ) ;
#2336 = CIRCLE ( 'NONE', #718, 1.999999999999967137 ) ;
#2337 = PRODUCT_DEFINITION_FORMATION_WITH_SPECIFIED_SOURCE ( '任何', '', #2235, .NOT_KNOWN. ) ;
#2338 = CARTESIAN_POINT ( 'NONE',  ( 48.89999999999841407, 17.80000000040532626, 60.00000000000000000 ) ) ;
#2339 = DIRECTION ( 'NONE',  ( -1.000000000000000000, 0.0000000000000000000, 0.0000000000000000000 ) ) ;
#2340 = ORIENTED_EDGE ( 'NONE', *, *, #891, .F. ) ;
#2341 = DIRECTION ( 'NONE',  ( 1.000000000000000000, 0.0000000000000000000, 0.0000000000000000000 ) ) ;
#2342 = DIRECTION ( 'NONE',  ( -1.000000000000000000, -3.005699599038905973E-14, -0.0000000000000000000 ) ) ;
#2343 = LINE ( 'NONE', #1617, #495 ) ;
#2344 = LINE ( 'NONE', #2026, #3503 ) ;
#2345 = VERTEX_POINT ( 'NONE', #1885 ) ;
#2346 = ORIENTED_EDGE ( 'NONE', *, *, #2326, .F. ) ;
#2347 = SURFACE_STYLE_USAGE ( .BOTH. , #1060 ) ;
#2348 = CARTESIAN_POINT ( 'NONE',  ( -50.74999999999938183, 17.50000000043254289, 60.00000000000000000 ) ) ;
#2349 = DIRECTION ( 'NONE',  ( 0.7071067811865885400, 0.7071067811865063835, 0.0000000000000000000 ) ) ;
#2350 = CARTESIAN_POINT ( 'NONE',  ( 47.30000000010326033, 6.049999999805488748, -60.00000000000000000 ) ) ;
#2351 = DIRECTION ( 'NONE',  ( 0.0000000000000000000, 0.0000000000000000000, 1.000000000000000000 ) ) ;
#2352 = VECTOR ( 'NONE', #1798, 1000.000000000000000 ) ;
#2353 = ORIENTED_EDGE ( 'NONE', *, *, #3180, .F. ) ;
#2354 = EDGE_CURVE ( 'NONE', #703, #968, #1531, .T. ) ;
#2355 = EDGE_CURVE ( 'NONE', #1022, #3976, #544, .T. ) ;
#2356 = ADVANCED_FACE ( 'NONE', ( #3791 ), #269, .F. ) ;
#2357 = AXIS2_PLACEMENT_3D ( 'NONE', #1655, #3626, #1001 ) ;
#2358 = AXIS2_PLACEMENT_3D ( 'NONE', #2801, #3425, #245 ) ;
#2359 = LINE ( 'NONE', #1110, #1945 ) ;
#2360 = CARTESIAN_POINT ( 'NONE',  ( 42.80000000010336692, 1.999999999806378881, -60.00000000000000000 ) ) ;
#2361 = ORIENTED_EDGE ( 'NONE', *, *, #1700, .T. ) ;
#2362 = CIRCLE ( 'NONE', #4159, 1.150000000000005240 ) ;
#2363 = ADVANCED_FACE ( 'NONE', ( #4090 ), #304, .T. ) ;
#2364 = DIRECTION ( 'NONE',  ( 0.7071067811865064945, 0.7071067811865885400, -0.0000000000000000000 ) ) ;
#2365 = VECTOR ( 'NONE', #2403, 1000.000000000000114 ) ;
#2366 = VERTEX_POINT ( 'NONE', #3749 ) ;
#2367 = DIRECTION ( 'NONE',  ( -1.000000000000000000, 0.0000000000000000000, 0.0000000000000000000 ) ) ;
#2368 = DIRECTION ( 'NONE',  ( -0.0000000000000000000, -0.0000000000000000000, -1.000000000000000000 ) ) ;
#2369 = CIRCLE ( 'NONE', #2223, 1.999999999999974021 ) ;
#2370 = VERTEX_POINT ( 'NONE', #2469 ) ;
#2371 = VERTEX_POINT ( 'NONE', #1231 ) ;
#2372 = CIRCLE ( 'NONE', #1413, 0.1999999999999987899 ) ;
#2373 = PLANE ( 'NONE',  #4151 ) ;
#2374 = DIRECTION ( 'NONE',  ( -0.0000000000000000000, -0.0000000000000000000, -1.000000000000000000 ) ) ;
#2375 = PLANE ( 'NONE',  #2132 ) ;
#2376 = CARTESIAN_POINT ( 'NONE',  ( -47.30000000010525696, 11.94427185665847269, -0.2500000000000340283 ) ) ;
#2377 = DIRECTION ( 'NONE',  ( 1.000000000000000000, -1.825147450243434342E-14, 0.0000000000000000000 ) ) ;
#2378 = AXIS2_PLACEMENT_3D ( 'NONE', #2964, #1967, #994 ) ;
#2379 = ORIENTED_EDGE ( 'NONE', *, *, #623, .T. ) ;
#2380 = APPLICATION_CONTEXT ( 'automotive_design' ) ;
#2381 = CARTESIAN_POINT ( 'NONE',  ( -47.50000000000090239, 14.09999999970129636, 60.00000000000000000 ) ) ;
#2382 = EDGE_CURVE ( 'NONE', #2486, #3920, #3809, .T. ) ;
#2383 = DIRECTION ( 'NONE',  ( 0.0000000000000000000, 0.0000000000000000000, 1.000000000000000000 ) ) ;
#2384 = VECTOR ( 'NONE', #1571, 1000.000000000000000 ) ;
#2385 = EDGE_CURVE ( 'NONE', #1364, #841, #545, .T. ) ;
#2386 = ORIENTED_EDGE ( 'NONE', *, *, #266, .T. ) ;
#2387 = DIRECTION ( 'NONE',  ( -1.000000000000000000, 0.0000000000000000000, 0.0000000000000000000 ) ) ;
#2388 = ORIENTED_EDGE ( 'NONE', *, *, #855, .F. ) ;
#2389 = DIRECTION ( 'NONE',  ( -0.0000000000000000000, -0.0000000000000000000, -1.000000000000000000 ) ) ;
#2390 = EDGE_CURVE ( 'NONE', #2115, #3839, #1480, .T. ) ;
#2391 = CARTESIAN_POINT ( 'NONE',  ( 47.69999999999701856, 12.09999999970405149, -60.00000000000000000 ) ) ;
#2392 = EDGE_CURVE ( 'NONE', #3910, #622, #1566, .T. ) ;
#2393 = EDGE_LOOP ( 'NONE', ( #1045, #1720, #354, #953 ) ) ;
#2394 = VERTEX_POINT ( 'NONE', #2862 ) ;
#2395 = DIRECTION ( 'NONE',  ( 1.000000000000000000, 0.0000000000000000000, 0.0000000000000000000 ) ) ;
#2396 = CARTESIAN_POINT ( 'NONE',  ( 45.97209438102678547, 8.349999999702484743, 60.00000000000000000 ) ) ;
#2397 = ORIENTED_EDGE ( 'NONE', *, *, #1970, .F. ) ;
#2398 = DIRECTION ( 'NONE',  ( -0.0000000000000000000, -0.0000000000000000000, -1.000000000000000000 ) ) ;
#2399 = DIRECTION ( 'NONE',  ( 0.0000000000000000000, 0.0000000000000000000, 1.000000000000000000 ) ) ;
#2400 = ORIENTED_EDGE ( 'NONE', *, *, #223, .F. ) ;
#2401 = EDGE_CURVE ( 'NONE', #957, #173, #3133, .T. ) ;
#2402 = DIRECTION ( 'NONE',  ( 1.000000000000000000, 0.0000000000000000000, 0.0000000000000000000 ) ) ;
#2403 = DIRECTION ( 'NONE',  ( -0.7071067811865783259, 0.7071067811865168196, -0.0000000000000000000 ) ) ;
#2404 = EDGE_LOOP ( 'NONE', ( #1248, #3067, #1374, #356 ) ) ;
#2405 = VECTOR ( 'NONE', #3059, 1000.000000000000000 ) ;
#2406 = CARTESIAN_POINT ( 'NONE',  ( -43.80000000010716832, 5.549999999805043771, 60.00000000000000000 ) ) ;
#2407 = AXIS2_PLACEMENT_3D ( 'NONE', #2548, #2136, #2839 ) ;
#2408 = ORIENTED_EDGE ( 'NONE', *, *, #830, .F. ) ;
#2409 = FACE_OUTER_BOUND ( 'NONE', #3497, .T. ) ;
#2410 = LINE ( 'NONE', #1469, #2780 ) ;
#2411 = ORIENTED_EDGE ( 'NONE', *, *, #4069, .F. ) ;
#2412 = VERTEX_POINT ( 'NONE', #1831 ) ;
#2413 = EDGE_CURVE ( 'NONE', #2994, #2446, #1247, .T. ) ;
#2414 = DIRECTION ( 'NONE',  ( 1.000000000000000000, 0.0000000000000000000, 0.0000000000000000000 ) ) ;
#2415 = EDGE_CURVE ( 'NONE', #1626, #366, #411, .T. ) ;
#2416 = DIRECTION ( 'NONE',  ( 0.7071067811865885400, -0.7071067811865063835, -0.0000000000000000000 ) ) ;
#2417 = DIRECTION ( 'NONE',  ( -0.0000000000000000000, -0.0000000000000000000, -1.000000000000000000 ) ) ;
#2418 = ORIENTED_EDGE ( 'NONE', *, *, #2649, .T. ) ;
#2419 = EDGE_CURVE ( 'NONE', #2366, #348, #1407, .T. ) ;
#2420 = DIRECTION ( 'NONE',  ( 1.000000000000000000, -0.0000000000000000000, -0.0000000000000000000 ) ) ;
#2421 = DIRECTION ( 'NONE',  ( 0.0000000000000000000, 0.0000000000000000000, 1.000000000000000000 ) ) ;
#2422 = ORIENTED_EDGE ( 'NONE', *, *, #1044, .T. ) ;
#2423 = CARTESIAN_POINT ( 'NONE',  ( 46.17157287525286335, 15.99427185665869189, -0.7500000000000000000 ) ) ;
#2424 = DIRECTION ( 'NONE',  ( -0.0000000000000000000, -0.0000000000000000000, -1.000000000000000000 ) ) ;
#2425 = EDGE_CURVE ( 'NONE', #847, #3729, #3470, .T. ) ;
#2426 = EDGE_LOOP ( 'NONE', ( #3757, #1611 ) ) ;
#2427 = DIRECTION ( 'NONE',  ( -0.0000000000000000000, -0.0000000000000000000, -1.000000000000000000 ) ) ;
#2428 = CIRCLE ( 'NONE', #604, 1.150000000000005240 ) ;
#2429 = ORIENTED_EDGE ( 'NONE', *, *, #3959, .F. ) ;
#2430 = CARTESIAN_POINT ( 'NONE',  ( 43.30000000010336692, 4.699999999806380835, 60.00000000000000000 ) ) ;
#2431 = DIRECTION ( 'NONE',  ( 0.0000000000000000000, -1.000000000000000000, 0.0000000000000000000 ) ) ;
#2432 = CIRCLE ( 'NONE', #2965, 0.1999999999999987899 ) ;
#2433 = ORIENTED_EDGE ( 'NONE', *, *, #29, .F. ) ;
#2434 = AXIS2_PLACEMENT_3D ( 'NONE', #3210, #1043, #1307 ) ;
#2435 = ORIENTED_EDGE ( 'NONE', *, *, #466, .T. ) ;
#2436 = CARTESIAN_POINT ( 'NONE',  ( 0.0000000000000000000, 0.0000000000000000000, 0.0000000000000000000 ) ) ;
#2437 = CARTESIAN_POINT ( 'NONE',  ( 49.99999999999954525, -12.16584473190857096, 0.7500000000000000000 ) ) ;
#2438 = AXIS2_PLACEMENT_3D ( 'NONE', #3544, #3788, #2818 ) ;
#2439 = EDGE_CURVE ( 'NONE', #2933, #733, #1948, .T. ) ;
#2440 = EDGE_CURVE ( 'NONE', #2863, #3938, #743, .T. ) ;
#2441 =( GEOMETRIC_REPRESENTATION_CONTEXT ( 3 ) GLOBAL_UNCERTAINTY_ASSIGNED_CONTEXT ( ( #2304 ) ) GLOBAL_UNIT_ASSIGNED_CONTEXT ( ( #612, #3179, #278 ) ) REPRESENTATION_CONTEXT ( 'NONE', 'WORKASPACE' ) );
#2442 = CARTESIAN_POINT ( 'NONE',  ( -48.54999999999999005, 17.50000000043336001, 60.00000000000000000 ) ) ;
#2443 = ORIENTED_EDGE ( 'NONE', *, *, #700, .F. ) ;
#2444 = CARTESIAN_POINT ( 'NONE',  ( 50.00000000000191847, 9.099999999702303555, 60.00000000000000000 ) ) ;
#2445 = DIRECTION ( 'NONE',  ( -1.000000000000000000, 0.0000000000000000000, 0.0000000000000000000 ) ) ;
#2446 = VERTEX_POINT ( 'NONE', #4147 ) ;
#2447 = DIRECTION ( 'NONE',  ( 1.000000000000000000, 0.0000000000000000000, 0.0000000000000000000 ) ) ;
#2448 = CYLINDRICAL_SURFACE ( 'NONE', #2157, 2.000000000000015543 ) ;
#2449 = ORIENTED_EDGE ( 'NONE', *, *, #2547, .T. ) ;
#2450 = CARTESIAN_POINT ( 'NONE',  ( 47.30000000010520012, 11.94427185665847269, 0.7500000000000000000 ) ) ;
#2451 = ORIENTED_EDGE ( 'NONE', *, *, #3645, .T. ) ;
#2452 = CARTESIAN_POINT ( 'NONE',  ( -50.00000000000191847, 12.09999999970110451, -60.00000000000000000 ) ) ;
#2453 = DIRECTION ( 'NONE',  ( 1.000000000000000000, 0.0000000000000000000, 0.0000000000000000000 ) ) ;
#2454 = ORIENTED_EDGE ( 'NONE', *, *, #1092, .F. ) ;
#2455 = ORIENTED_EDGE ( 'NONE', *, *, #1086, .F. ) ;
#2456 = VECTOR ( 'NONE', #292, 1000.000000000000114 ) ;
#2457 =( LENGTH_UNIT ( ) NAMED_UNIT ( * ) SI_UNIT ( .MILLI., .METRE. ) );
#2458 = CARTESIAN_POINT ( 'NONE',  ( 47.58578643762670168, 0.5857864376279109386, 60.00000000000000000 ) ) ;
#2459 = DIRECTION ( 'NONE',  ( -0.0000000000000000000, -0.0000000000000000000, -1.000000000000000000 ) ) ;
#2460 = VECTOR ( 'NONE', #1487, 1000.000000000000114 ) ;
#2461 = ORIENTED_EDGE ( 'NONE', *, *, #2242, .T. ) ;
#2462 = ADVANCED_FACE ( 'NONE', ( #2264 ), #3861, .F. ) ;
#2463 = LINE ( 'NONE', #536, #2293 ) ;
#2464 = CARTESIAN_POINT ( 'NONE',  ( 47.58578643762670168, 0.5857864376279109386, -60.00000000000000000 ) ) ;
#2465 = ORIENTED_EDGE ( 'NONE', *, *, #1046, .T. ) ;
#2466 = EDGE_CURVE ( 'NONE', #1345, #3195, #2503, .T. ) ;
#2467 = EDGE_CURVE ( 'NONE', #3723, #837, #3552, .T. ) ;
#2468 = CARTESIAN_POINT ( 'NONE',  ( 52.00000000000149214, 12.16584473191201177, 0.7500000000000000000 ) ) ;
#2469 = CARTESIAN_POINT ( 'NONE',  ( -50.74999999999938183, 17.60000000046327884, 60.00000000000000000 ) ) ;
#2470 = VECTOR ( 'NONE', #3306, 1000.000000000000000 ) ;
#2471 = ORIENTED_EDGE ( 'NONE', *, *, #4092, .T. ) ;
#2472 = CYLINDRICAL_SURFACE ( 'NONE', #1918, 1.299999999999967848 ) ;
#2473 = VECTOR ( 'NONE', #1835, 1000.000000000000000 ) ;
#2474 = VERTEX_POINT ( 'NONE', #659 ) ;
#2475 = CARTESIAN_POINT ( 'NONE',  ( -50.78999999999937387, 17.38000000043254900, -60.00000000000000000 ) ) ;
#2476 = LINE ( 'NONE', #4000, #1016 ) ;
#2477 = ORIENTED_EDGE ( 'NONE', *, *, #889, .F. ) ;
#2478 = AXIS2_PLACEMENT_3D ( 'NONE', #524, #3996, #1114 ) ;
#2479 = AXIS2_PLACEMENT_3D ( 'NONE', #1874, #200, #240 ) ;
#2480 = VECTOR ( 'NONE', #2206, 1000.000000000000000 ) ;
#2481 = CARTESIAN_POINT ( 'NONE',  ( 47.69999999999788542, 14.09999999970593265, -60.00000000000000000 ) ) ;
#2482 = PLANE ( 'NONE',  #2407 ) ;
#2483 = VERTEX_POINT ( 'NONE', #2573 ) ;
#2484 = FACE_OUTER_BOUND ( 'NONE', #1330, .T. ) ;
#2485 = DIRECTION ( 'NONE',  ( 0.0000000000000000000, 0.0000000000000000000, 1.000000000000000000 ) ) ;
#2486 = VERTEX_POINT ( 'NONE', #3884 ) ;
#2487 = DIRECTION ( 'NONE',  ( 0.7071067811865456854, 0.0000000000000000000, 0.7071067811865493491 ) ) ;
#2488 = DIRECTION ( 'NONE',  ( 0.0000000000000000000, 0.0000000000000000000, -1.000000000000000000 ) ) ;
#2489 = EDGE_CURVE ( 'NONE', #247, #3405, #3575, .T. ) ;
#2490 = VERTEX_POINT ( 'NONE', #2241 ) ;
#2491 = ADVANCED_FACE ( 'NONE', ( #390 ), #75, .F. ) ;
#2492 = CARTESIAN_POINT ( 'NONE',  ( -46.01160737533943745, 5.876666666471745515, 60.00000000000000000 ) ) ;
#2493 = ORIENTED_EDGE ( 'NONE', *, *, #37, .T. ) ;
#2494 = LINE ( 'NONE', #310, #2384 ) ;
#2495 = CARTESIAN_POINT ( 'NONE',  ( -46.17157287525364495, -17.99427185665641815, 0.7500000000000000000 ) ) ;
#2496 = ORIENTED_EDGE ( 'NONE', *, *, #1140, .T. ) ;
#2497 = AXIS2_PLACEMENT_3D ( 'NONE', #782, #3356, #469 ) ;
#2498 = EDGE_CURVE ( 'NONE', #2115, #3634, #1670, .T. ) ;
#2499 = DIRECTION ( 'NONE',  ( 1.000000000000000000, 0.0000000000000000000, 0.0000000000000000000 ) ) ;
#2500 = CARTESIAN_POINT ( 'NONE',  ( -47.70000000000089813, 17.80000000040143959, 60.00000000000000000 ) ) ;
#2501 = AXIS2_PLACEMENT_3D ( 'NONE', #2743, #4012, #2078 ) ;
#2502 = VECTOR ( 'NONE', #3596, 1000.000000000000000 ) ;
#2503 = CIRCLE ( 'NONE', #667, 1.599999999999990319 ) ;
#2504 = EDGE_CURVE ( 'NONE', #3619, #3021, #3929, .T. ) ;
#2505 = CARTESIAN_POINT ( 'NONE',  ( -46.40510708292286068, 8.599999999702291120, 60.00000000000000000 ) ) ;
#2506 = CIRCLE ( 'NONE', #414, 0.2000000000000057288 ) ;
#2507 = ORIENTED_EDGE ( 'NONE', *, *, #163, .T. ) ;
#2508 = DIRECTION ( 'NONE',  ( 0.7071067811865783259, -0.7071067811865168196, 0.0000000000000000000 ) ) ;
#2509 = FACE_OUTER_BOUND ( 'NONE', #3231, .T. ) ;
#2510 = AXIS2_PLACEMENT_3D ( 'NONE', #3913, #1614, #2339 ) ;
#2511 = ORIENTED_EDGE ( 'NONE', *, *, #1309, .T. ) ;
#2512 = CIRCLE ( 'NONE', #3048, 1.150000000000005240 ) ;
#2513 = CARTESIAN_POINT ( 'NONE',  ( -44.80000000010711858, 2.499999999805768702, 60.00000000000000000 ) ) ;
#2514 = CARTESIAN_POINT ( 'NONE',  ( 48.89999999999841407, 17.80000000040532626, 60.00000000000000000 ) ) ;
#2515 = EDGE_LOOP ( 'NONE', ( #3714, #2798, #154, #1515 ) ) ;
#2516 = CARTESIAN_POINT ( 'NONE',  ( 43.30000000010336692, 5.549999999805654838, 60.00000000000000000 ) ) ;
#2517 = ORIENTED_EDGE ( 'NONE', *, *, #831, .T. ) ;
#2518 = EDGE_CURVE ( 'NONE', #3863, #1408, #2902, .T. ) ;
#2519 = DIRECTION ( 'NONE',  ( -8.810136181295852258E-14, -1.000000000000000000, -0.0000000000000000000 ) ) ;
#2520 = DIRECTION ( 'NONE',  ( -0.7071067811865475727, -0.7071067811865475727, 0.0000000000000000000 ) ) ;
#2521 = EDGE_CURVE ( 'NONE', #373, #1489, #3709, .T. ) ;
#2522 = ORIENTED_EDGE ( 'NONE', *, *, #3103, .T. ) ;
#2523 = AXIS2_PLACEMENT_3D ( 'NONE', #50, #73, #1585 ) ;
#2524 = APPLICATION_PROTOCOL_DEFINITION ( 'draft international standard', 'automotive_design', 1998, #1937 ) ;
#2525 = ADVANCED_FACE ( 'NONE', ( #3623 ), #3237, .T. ) ;
#2526 = EDGE_CURVE ( 'NONE', #2863, #858, #3501, .T. ) ;
#2527 = CARTESIAN_POINT ( 'NONE',  ( 50.00000000000191847, 2.000000000001223022, 60.00000000000000000 ) ) ;
#2528 = ADVANCED_BREP_SHAPE_REPRESENTATION ( '', ( #2092, #42 ), #4006 ) ;
#2529 = AXIS2_PLACEMENT_3D ( 'NONE', #2768, #2752, #4040 ) ;
#2530 = CARTESIAN_POINT ( 'NONE',  ( -50.00000000000191847, 12.09999999970110451, -60.00000000000000000 ) ) ;
#2531 = EDGE_LOOP ( 'NONE', ( #1654, #754, #2956, #3313 ) ) ;
#2532 = DIRECTION ( 'NONE',  ( -0.7071067811865456854, 8.659560562354910671E-17, 0.7071067811865493491 ) ) ;
#2533 = DIRECTION ( 'NONE',  ( 1.000000000000000000, 0.0000000000000000000, 0.0000000000000000000 ) ) ;
#2534 = DIRECTION ( 'NONE',  ( 1.000000000000000000, 0.0000000000000000000, 0.0000000000000000000 ) ) ;
#2535 = DIRECTION ( 'NONE',  ( -1.000000000000000000, 0.0000000000000000000, 0.0000000000000000000 ) ) ;
#2536 = ORIENTED_EDGE ( 'NONE', *, *, #3999, .T. ) ;
#2537 = DIRECTION ( 'NONE',  ( 0.7071067811865885400, 0.7071067811865063835, 0.0000000000000000000 ) ) ;
#2538 = EDGE_CURVE ( 'NONE', #1470, #275, #2592, .T. ) ;
#2539 = ADVANCED_FACE ( 'NONE', ( #3303 ), #416, .T. ) ;
#2540 = VERTEX_POINT ( 'NONE', #3281 ) ;
#2541 = LINE ( 'NONE', #3516, #563 ) ;
#2542 = DIRECTION ( 'NONE',  ( -0.0000000000000000000, -0.0000000000000000000, -1.000000000000000000 ) ) ;
#2543 = ORIENTED_EDGE ( 'NONE', *, *, #3801, .F. ) ;
#2544 = LINE ( 'NONE', #2527, #1331 ) ;
#2545 = VECTOR ( 'NONE', #1718, 1000.000000000000000 ) ;
#2546 = CIRCLE ( 'NONE', #2479, 0.5000000000000004441 ) ;
#2547 = EDGE_CURVE ( 'NONE', #1345, #3952, #2941, .T. ) ;
#2548 = CARTESIAN_POINT ( 'NONE',  ( 51.99999999999987921, 17.80000000045622954, 60.00000000000000000 ) ) ;
#2549 = AXIS2_PLACEMENT_3D ( 'NONE', #2245, #3213, #329 ) ;
#2550 = AXIS2_PLACEMENT_3D ( 'NONE', #2853, #1497, #259 ) ;
#2551 = DIRECTION ( 'NONE',  ( 0.0000000000000000000, 0.0000000000000000000, -1.000000000000000000 ) ) ;
#2552 = CARTESIAN_POINT ( 'NONE',  ( -48.70999999999991559, 17.38000000043325599, -60.00000000000000000 ) ) ;
#2553 = CARTESIAN_POINT ( 'NONE',  ( -47.70000000000089813, 17.80000000040143959, 60.00000000000000000 ) ) ;
#2554 = PLANE ( 'NONE',  #472 ) ;
#2555 = ORIENTED_EDGE ( 'NONE', *, *, #3698, .F. ) ;
#2556 = CARTESIAN_POINT ( 'NONE',  ( 46.40510708291959219, 9.099999999702445663, -60.00000000000000000 ) ) ;
#2557 = VERTEX_POINT ( 'NONE', #2631 ) ;
#2558 = CARTESIAN_POINT ( 'NONE',  ( 47.49999999999787548, 14.29999999970588398, -60.00000000000000000 ) ) ;
#2559 = SURFACE_SIDE_STYLE ('',( #2173 ) ) ;
#2560 = ORIENTED_EDGE ( 'NONE', *, *, #3570, .T. ) ;
#2561 = FACE_OUTER_BOUND ( 'NONE', #3060, .T. ) ;
#2562 = CIRCLE ( 'NONE', #1600, 2.000000000000036415 ) ;
#2563 = DIRECTION ( 'NONE',  ( -0.0000000000000000000, -0.0000000000000000000, 1.000000000000000000 ) ) ;
#2564 = AXIS2_PLACEMENT_3D ( 'NONE', #765, #668, #1339 ) ;
#2565 = CARTESIAN_POINT ( 'NONE',  ( -46.80591475771235110, 7.252447409568703485, 60.00000000000000000 ) ) ;
#2566 = EDGE_CURVE ( 'NONE', #3515, #77, #3909, .T. ) ;
#2567 = DIRECTION ( 'NONE',  ( 0.4999999999999877320, 0.8660254037844457020, 0.0000000000000000000 ) ) ;
#2568 = EDGE_CURVE ( 'NONE', #1359, #2727, #3967, .T. ) ;
#2569 = AXIS2_PLACEMENT_3D ( 'NONE', #3323, #2351, #493 ) ;
#2570 = AXIS2_PLACEMENT_3D ( 'NONE', #3188, #1866, #2535 ) ;
#2571 = CARTESIAN_POINT ( 'NONE',  ( -46.80591475771235110, 7.252447409568703485, 60.00000000000000000 ) ) ;
#2572 = AXIS2_PLACEMENT_3D ( 'NONE', #3322, #2671, #1065 ) ;
#2573 = CARTESIAN_POINT ( 'NONE',  ( -48.70999999999991559, 17.38000000043325599, 60.00000000000000000 ) ) ;
#2574 = ORIENTED_EDGE ( 'NONE', *, *, #1391, .T. ) ;
#2575 = DIRECTION ( 'NONE',  ( 0.0000000000000000000, -0.0000000000000000000, -1.000000000000000000 ) ) ;
#2576 = CIRCLE ( 'NONE', #1618, 0.1999999999999987899 ) ;
#2577 = ORIENTED_EDGE ( 'NONE', *, *, #1449, .F. ) ;
#2578 = CARTESIAN_POINT ( 'NONE',  ( -45.81339312537522090, 6.049999999805027784, -60.00000000000000000 ) ) ;
#2579 = PLANE ( 'NONE',  #4103 ) ;
#2580 = ADVANCED_FACE ( 'NONE', ( #3343 ), #3948, .T. ) ;
#2581 = VERTEX_POINT ( 'NONE', #4009 ) ;
#2582 = DIRECTION ( 'NONE',  ( 1.000000000000000000, 0.0000000000000000000, 0.0000000000000000000 ) ) ;
#2583 = DIRECTION ( 'NONE',  ( -0.0000000000000000000, -0.0000000000000000000, -1.000000000000000000 ) ) ;
#2584 = ORIENTED_EDGE ( 'NONE', *, *, #1881, .T. ) ;
#2585 = ORIENTED_EDGE ( 'NONE', *, *, #2943, .F. ) ;
#2586 = LINE ( 'NONE', #3923, #4133 ) ;
#2587 = EDGE_LOOP ( 'NONE', ( #3041, #2346, #567, #686 ) ) ;
#2588 = AXIS2_PLACEMENT_3D ( 'NONE', #693, #716, #61 ) ;
#2589 = DIRECTION ( 'NONE',  ( -1.000000000000000000, -3.965082230802523389E-14, 0.0000000000000000000 ) ) ;
#2590 = ORIENTED_EDGE ( 'NONE', *, *, #2303, .F. ) ;
#2591 = CARTESIAN_POINT ( 'NONE',  ( 51.79999999999987637, 17.60000000045623025, -60.00000000000000000 ) ) ;
#2592 = LINE ( 'NONE', #1630, #608 ) ;
#2593 = EDGE_LOOP ( 'NONE', ( #1917, #525 ) ) ;
#2594 = EDGE_CURVE ( 'NONE', #695, #1891, #2432, .T. ) ;
#2595 = CARTESIAN_POINT ( 'NONE',  ( 46.01160737533563605, 5.876666666472352141, -60.00000000000000000 ) ) ;
#2596 = EDGE_CURVE ( 'NONE', #1807, #3305, #4029, .T. ) ;
#2597 = VERTEX_POINT ( 'NONE', #457 ) ;
#2598 = CARTESIAN_POINT ( 'NONE',  ( -50.00000000000191847, 14.09999999970129636, -60.00000000000000000 ) ) ;
#2599 = DIRECTION ( 'NONE',  ( -0.0000000000000000000, -0.0000000000000000000, -1.000000000000000000 ) ) ;
#2600 = ORIENTED_EDGE ( 'NONE', *, *, #3006, .T. ) ;
#2601 = DIRECTION ( 'NONE',  ( -0.0000000000000000000, -0.0000000000000000000, -1.000000000000000000 ) ) ;
#2602 = CARTESIAN_POINT ( 'NONE',  ( 49.99999999999951683, 5.828427124747515009, 60.00000000000000000 ) ) ;
#2603 = CARTESIAN_POINT ( 'NONE',  ( -46.17157287525380838, 15.99427185665597229, -0.7500000000000000000 ) ) ;
#2604 = ORIENTED_EDGE ( 'NONE', *, *, #198, .F. ) ;
#2605 = ORIENTED_EDGE ( 'NONE', *, *, #1761, .F. ) ;
#2606 = CYLINDRICAL_SURFACE ( 'NONE', #1993, 1.999999999999994893 ) ;
#2607 = CYLINDRICAL_SURFACE ( 'NONE', #4088, 0.1999999999999987899 ) ;
#2608 = CARTESIAN_POINT ( 'NONE',  ( 47.58578643762667326, -17.40848541902717628, 0.7500000000000000000 ) ) ;
#2609 = VERTEX_POINT ( 'NONE', #3009 ) ;
#2610 = CONICAL_SURFACE ( 'NONE', #781, 1.599999999999990319, 0.7853981633974456145 ) ;
#2611 = DIRECTION ( 'NONE',  ( -2.645015647154236398E-14, 1.000000000000000000, 0.0000000000000000000 ) ) ;
#2612 = DIRECTION ( 'NONE',  ( -1.000000000000000000, 0.0000000000000000000, 0.0000000000000000000 ) ) ;
#2613 = EDGE_LOOP ( 'NONE', ( #3990, #1106, #1296, #3706 ) ) ;
#2614 = DIRECTION ( 'NONE',  ( 1.000000000000000000, 0.0000000000000000000, 0.0000000000000000000 ) ) ;
#2615 = ORIENTED_EDGE ( 'NONE', *, *, #3536, .T. ) ;
#2616 = DIRECTION ( 'NONE',  ( -0.0000000000000000000, -0.0000000000000000000, 1.000000000000000000 ) ) ;
#2617 = EDGE_CURVE ( 'NONE', #2620, #1406, #828, .T. ) ;
#2618 = SURFACE_SIDE_STYLE ('',( #732 ) ) ;
#2619 = ADVANCED_FACE ( 'NONE', ( #2717 ), #3642, .T. ) ;
#2620 = VERTEX_POINT ( 'NONE', #2672 ) ;
#2621 = DIRECTION ( 'NONE',  ( 1.000000000000000000, 0.0000000000000000000, 0.0000000000000000000 ) ) ;
#2622 = DIRECTION ( 'NONE',  ( 1.000000000000000000, 0.0000000000000000000, 0.0000000000000000000 ) ) ;
#2623 = CARTESIAN_POINT ( 'NONE',  ( 42.80000000010336692, 1.999999999806378881, 60.00000000000000000 ) ) ;
#2624 = ORIENTED_EDGE ( 'NONE', *, *, #2504, .F. ) ;
#2625 = AXIS2_PLACEMENT_3D ( 'NONE', #221, #2756, #3023 ) ;
#2626 = LINE ( 'NONE', #386, #1815 ) ;
#2627 = DIRECTION ( 'NONE',  ( 0.0000000000000000000, 0.0000000000000000000, 1.000000000000000000 ) ) ;
#2628 = ORIENTED_EDGE ( 'NONE', *, *, #55, .F. ) ;
#2629 = FACE_OUTER_BOUND ( 'NONE', #87, .T. ) ;
#2630 = VECTOR ( 'NONE', #347, 1000.000000000000000 ) ;
#2631 = CARTESIAN_POINT ( 'NONE',  ( -47.50000000000085265, 11.89999999970111411, 60.00000000000000000 ) ) ;
#2632 = CIRCLE ( 'NONE', #1823, 1.599999999999990319 ) ;
#2633 = ORIENTED_EDGE ( 'NONE', *, *, #2568, .T. ) ;
#2634 = ORIENTED_EDGE ( 'NONE', *, *, #3891, .F. ) ;
#2635 = VECTOR ( 'NONE', #363, 1000.000000000000000 ) ;
#2636 = FACE_OUTER_BOUND ( 'NONE', #2793, .T. ) ;
#2637 = DIRECTION ( 'NONE',  ( 0.0000000000000000000, 0.0000000000000000000, 1.000000000000000000 ) ) ;
#2638 = ORIENTED_EDGE ( 'NONE', *, *, #1966, .T. ) ;
#2639 = VECTOR ( 'NONE', #1812, 1000.000000000000000 ) ;
#2640 = CARTESIAN_POINT ( 'NONE',  ( 46.80591475770853549, 7.252447409569317216, 60.00000000000000000 ) ) ;
#2641 = DIRECTION ( 'NONE',  ( -0.0000000000000000000, -0.0000000000000000000, -1.000000000000000000 ) ) ;
#2642 = ADVANCED_FACE ( 'NONE', ( #1392 ), #2100, .T. ) ;
#2643 = CARTESIAN_POINT ( 'NONE',  ( 46.17157287525331100, -17.99427185665475193, 0.7500000000000000000 ) ) ;
#2644 = CARTESIAN_POINT ( 'NONE',  ( 43.24142135634067330, 2.441421356043686597, -60.00000000000000000 ) ) ;
#2645 = EDGE_LOOP ( 'NONE', ( #725, #1300, #1746, #631 ) ) ;
#2646 = UNCERTAINTY_MEASURE_WITH_UNIT (LENGTH_MEASURE( 1.000000000000000082E-05 ), #1386, 'distance_accuracy_value', 'NONE');
#2647 = EDGE_CURVE ( 'NONE', #3735, #3111, #409, .T. ) ;
#2648 = DIRECTION ( 'NONE',  ( 0.0000000000000000000, 0.0000000000000000000, 1.000000000000000000 ) ) ;
#2649 = EDGE_CURVE ( 'NONE', #3370, #2994, #3835, .T. ) ;
#2650 = DIRECTION ( 'NONE',  ( 1.000000000000000000, 2.286680945604766311E-14, 0.0000000000000000000 ) ) ;
#2651 = CARTESIAN_POINT ( 'NONE',  ( -51.99999999999954525, 12.16584473191018034, -0.7500000000000000000 ) ) ;
#2652 = ORIENTED_EDGE ( 'NONE', *, *, #3514, .F. ) ;
#2653 = DIRECTION ( 'NONE',  ( 0.0000000000000000000, 0.0000000000000000000, 1.000000000000000000 ) ) ;
#2654 = DIRECTION ( 'NONE',  ( -0.0000000000000000000, -0.0000000000000000000, -1.000000000000000000 ) ) ;
#2655 = ORIENTED_EDGE ( 'NONE', *, *, #3677, .F. ) ;
#2656 = VECTOR ( 'NONE', #3061, 1000.000000000000000 ) ;
#2657 = CARTESIAN_POINT ( 'NONE',  ( 47.30000000010520012, 11.94427185665847269, 0.7500000000000000000 ) ) ;
#2658 = DIRECTION ( 'NONE',  ( -0.0000000000000000000, -0.0000000000000000000, -1.000000000000000000 ) ) ;
#2659 = ORIENTED_EDGE ( 'NONE', *, *, #2202, .F. ) ;
#2660 = LINE ( 'NONE', #2640, #3010 ) ;
#2661 = CARTESIAN_POINT ( 'NONE',  ( 48.90000000010519443, -11.94427185665641922, -0.2500000000000062728 ) ) ;
#2662 = CARTESIAN_POINT ( 'NONE',  ( -46.40510708292314490, 9.099999999702291120, 60.00000000000000000 ) ) ;
#2663 = LINE ( 'NONE', #1056, #3167 ) ;
#2664 = ORIENTED_EDGE ( 'NONE', *, *, #141, .T. ) ;
#2665 = ORIENTED_EDGE ( 'NONE', *, *, #1931, .F. ) ;
#2666 = CARTESIAN_POINT ( 'NONE',  ( -46.01160737533943745, 5.876666666471745515, -60.00000000000000000 ) ) ;
#2667 = VECTOR ( 'NONE', #3585, 1000.000000000000000 ) ;
#2668 = CARTESIAN_POINT ( 'NONE',  ( -47.70000000000089102, 12.09999999970110451, -60.00000000000000000 ) ) ;
#2669 = EDGE_CURVE ( 'NONE', #1238, #2685, #67, .T. ) ;
#2670 = EDGE_LOOP ( 'NONE', ( #3174, #2560, #3046, #2761 ) ) ;
#2671 = DIRECTION ( 'NONE',  ( -1.000000000000000000, 3.013993956761511700E-14, 0.0000000000000000000 ) ) ;
#2672 = CARTESIAN_POINT ( 'NONE',  ( -47.50000000000085976, 11.29999999970111446, -60.00000000000000000 ) ) ;
#2673 = CIRCLE ( 'NONE', #3478, 0.1999999999999987899 ) ;
#2674 = ORIENTED_EDGE ( 'NONE', *, *, #4121, .T. ) ;
#2675 = VECTOR ( 'NONE', #2781, 1000.000000000000000 ) ;
#2676 = VECTOR ( 'NONE', #588, 1000.000000000000000 ) ;
#2677 = FACE_OUTER_BOUND ( 'NONE', #1877, .T. ) ;
#2678 = CYLINDRICAL_SURFACE ( 'NONE', #2712, 0.1999999999999640954 ) ;
#2679 = ORIENTED_EDGE ( 'NONE', *, *, #30, .T. ) ;
#2680 = DIRECTION ( 'NONE',  ( -1.000000000000000000, 0.0000000000000000000, 0.0000000000000000000 ) ) ;
#2681 = ORIENTED_EDGE ( 'NONE', *, *, #3252, .T. ) ;
#2682 = DIRECTION ( 'NONE',  ( 1.000000000000000000, 0.0000000000000000000, 0.0000000000000000000 ) ) ;
#2683 = LINE ( 'NONE', #3270, #745 ) ;
#2684 = EDGE_LOOP ( 'NONE', ( #194, #3686, #3582, #4026 ) ) ;
#2685 = VERTEX_POINT ( 'NONE', #768 ) ;
#2686 = CARTESIAN_POINT ( 'NONE',  ( 43.80000000010336692, 5.549999999805654838, 60.00000000000000000 ) ) ;
#2687 = DIRECTION ( 'NONE',  ( 0.0000000000000000000, 1.000000000000000000, 0.0000000000000000000 ) ) ;
#2688 = DIRECTION ( 'NONE',  ( 0.0000000000000000000, 0.0000000000000000000, 1.000000000000000000 ) ) ;
#2689 = EDGE_CURVE ( 'NONE', #3624, #695, #787, .T. ) ;
#2690 = ADVANCED_FACE ( 'NONE', ( #3989 ), #1090, .F. ) ;
#2691 = CARTESIAN_POINT ( 'NONE',  ( 42.71715728762875131, 2.199999999806378614, 60.00000000000000000 ) ) ;
#2692 = CARTESIAN_POINT ( 'NONE',  ( 43.30000000010336692, 4.499999999806380657, 60.00000000000000000 ) ) ;
#2693 = AXIS2_PLACEMENT_3D ( 'NONE', #3820, #941, #923 ) ;
#2694 = ORIENTED_EDGE ( 'NONE', *, *, #676, .F. ) ;
#2695 = EDGE_CURVE ( 'NONE', #733, #2933, #4033, .T. ) ;
#2696 = CIRCLE ( 'NONE', #869, 2.000000000000015543 ) ;
#2697 = VECTOR ( 'NONE', #3916, 1000.000000000000000 ) ;
#2698 = LINE ( 'NONE', #813, #2285 ) ;
#2699 = VECTOR ( 'NONE', #899, 1000.000000000000000 ) ;
#2700 = CARTESIAN_POINT ( 'NONE',  ( -43.50000000010717116, 4.499999999805770479, 60.00000000000000000 ) ) ;
#2701 = ORIENTED_EDGE ( 'NONE', *, *, #2140, .T. ) ;
#2702 = AXIS2_PLACEMENT_3D ( 'NONE', #96, #2987, #2445 ) ;
#2703 = LINE ( 'NONE', #149, #1123 ) ;
#2704 = AXIS2_PLACEMENT_3D ( 'NONE', #2350, #2033, #2052 ) ;
#2705 = ORIENTED_EDGE ( 'NONE', *, *, #3864, .T. ) ;
#2706 = CARTESIAN_POINT ( 'NONE',  ( 48.59999999999892850, 19.40000000032571137, -60.00000000000000000 ) ) ;
#2707 = DIRECTION ( 'NONE',  ( 0.0000000000000000000, 0.0000000000000000000, 1.000000000000000000 ) ) ;
#2708 = CIRCLE ( 'NONE', #1486, 1.599999999999990319 ) ;
#2709 = ORIENTED_EDGE ( 'NONE', *, *, #1860, .F. ) ;
#2710 = ORIENTED_EDGE ( 'NONE', *, *, #30, .F. ) ;
#2711 = SURFACE_SIDE_STYLE ('',( #2069 ) ) ;
#2712 = AXIS2_PLACEMENT_3D ( 'NONE', #1070, #3308, #3243 ) ;
#2713 = CARTESIAN_POINT ( 'NONE',  ( 46.40510708291889586, 8.599999999702511388, 60.00000000000000000 ) ) ;
#2714 = CARTESIAN_POINT ( 'NONE',  ( 47.69999999999784279, 17.80000000040527652, -60.00000000000000000 ) ) ;
#2715 = EDGE_LOOP ( 'NONE', ( #1496, #202, #167, #2233 ) ) ;
#2716 = CARTESIAN_POINT ( 'NONE',  ( 49.99999999999954525, -12.16584473190857096, 0.7500000000000000000 ) ) ;
#2717 = FACE_OUTER_BOUND ( 'NONE', #2764, .T. ) ;
#2718 = ORIENTED_EDGE ( 'NONE', *, *, #3539, .F. ) ;
#2719 = DIRECTION ( 'NONE',  ( -0.0000000000000000000, -0.0000000000000000000, -1.000000000000000000 ) ) ;
#2720 = DIRECTION ( 'NONE',  ( 0.0000000000000000000, 1.000000000000000000, -0.0000000000000000000 ) ) ;
#2721 = CIRCLE ( 'NONE', #3595, 1.599999999999990319 ) ;
#2722 = ADVANCED_FACE ( 'NONE', ( #3362 ), #3684, .T. ) ;
#2723 = EDGE_LOOP ( 'NONE', ( #2309, #180, #3474, #1226 ) ) ;
#2724 = EDGE_CURVE ( 'NONE', #535, #2486, #1478, .T. ) ;
#2725 = EDGE_CURVE ( 'NONE', #3482, #3671, #2362, .T. ) ;
#2726 = FACE_OUTER_BOUND ( 'NONE', #3214, .T. ) ;
#2727 = VERTEX_POINT ( 'NONE', #182 ) ;
#2728 = CIRCLE ( 'NONE', #2182, 0.5000000000000004441 ) ;
#2729 = DIRECTION ( 'NONE',  ( 1.000000000000000000, 0.0000000000000000000, -0.0000000000000000000 ) ) ;
#2730 = PRODUCT_DEFINITION_CONTEXT ( 'detailed design', #3650, 'design' ) ;
#2731 = FACE_OUTER_BOUND ( 'NONE', #1987, .T. ) ;
#2732 = VERTEX_POINT ( 'NONE', #2760 ) ;
#2733 = VECTOR ( 'NONE', #2167, 1000.000000000000000 ) ;
#2734 = ORIENTED_EDGE ( 'NONE', *, *, #3871, .F. ) ;
#2735 = SHAPE_REPRESENTATION_RELATIONSHIP ( 'NONE' , 'NONE' ,  #3112, #254 ) ;
#2736 = CARTESIAN_POINT ( 'NONE',  ( -46.40510708292286068, 8.599999999702291120, -60.00000000000000000 ) ) ;
#2737 = DIRECTION ( 'NONE',  ( -1.000000000000000000, 0.0000000000000000000, 0.0000000000000000000 ) ) ;
#2738 = ORIENTED_EDGE ( 'NONE', *, *, #497, .F. ) ;
#2739 = FACE_OUTER_BOUND ( 'NONE', #518, .T. ) ;
#2740 = CARTESIAN_POINT ( 'NONE',  ( 49.74999999999893419, 19.40000000032571137, 60.00000000000000000 ) ) ;
#2741 = EDGE_LOOP ( 'NONE', ( #1102, #1844, #3668, #1512 ) ) ;
#2742 = CIRCLE ( 'NONE', #1444, 0.1999999999999987899 ) ;
#2743 = CARTESIAN_POINT ( 'NONE',  ( -44.80000000010711858, 2.499999999805768702, 60.00000000000000000 ) ) ;
#2744 = AXIS2_PLACEMENT_3D ( 'NONE', #189, #2808, #4077 ) ;
#2745 = CARTESIAN_POINT ( 'NONE',  ( 46.55669656273736479, 7.337439318764182872, 60.00000000000000000 ) ) ;
#2746 = AXIS2_PLACEMENT_3D ( 'NONE', #844, #2459, #4063 ) ;
#2747 = ORIENTED_EDGE ( 'NONE', *, *, #163, .F. ) ;
#2748 = VECTOR ( 'NONE', #735, 1000.000000000000114 ) ;
#2749 = DIRECTION ( 'NONE',  ( 1.000000000000000000, 0.0000000000000000000, 0.0000000000000000000 ) ) ;
#2750 = VERTEX_POINT ( 'NONE', #2464 ) ;
#2751 = EDGE_CURVE ( 'NONE', #3671, #2246, #2900, .T. ) ;
#2752 = DIRECTION ( 'NONE',  ( 0.0000000000000000000, 0.0000000000000000000, -1.000000000000000000 ) ) ;
#2753 = DIRECTION ( 'NONE',  ( 0.0000000000000000000, 0.0000000000000000000, 1.000000000000000000 ) ) ;
#2754 = ORIENTED_EDGE ( 'NONE', *, *, #198, .T. ) ;
#2755 = ORIENTED_EDGE ( 'NONE', *, *, #2751, .F. ) ;
#2756 = DIRECTION ( 'NONE',  ( 0.0000000000000000000, 0.0000000000000000000, 1.000000000000000000 ) ) ;
#2757 = LINE ( 'NONE', #1310, #3278 ) ;
#2758 = VERTEX_POINT ( 'NONE', #1483 ) ;
#2759 = DIRECTION ( 'NONE',  ( 0.0000000000000000000, 0.0000000000000000000, 1.000000000000000000 ) ) ;
#2760 = CARTESIAN_POINT ( 'NONE',  ( 43.50000000010336265, 4.499999999806380657, -60.00000000000000000 ) ) ;
#2761 = ORIENTED_EDGE ( 'NONE', *, *, #3173, .F. ) ;
#2762 = LINE ( 'NONE', #3347, #1672 ) ;
#2763 = DIRECTION ( 'NONE',  ( 1.000000000000000000, 2.645015647154236398E-14, -0.0000000000000000000 ) ) ;
#2764 = EDGE_LOOP ( 'NONE', ( #2755, #1828, #2517, #1712 ) ) ;
#2765 = DIRECTION ( 'NONE',  ( 0.0000000000000000000, 0.0000000000000000000, 1.000000000000000000 ) ) ;
#2766 = VECTOR ( 'NONE', #2374, 1000.000000000000000 ) ;
#2767 = ORIENTED_EDGE ( 'NONE', *, *, #3821, .T. ) ;
#2768 = CARTESIAN_POINT ( 'NONE',  ( -43.50000000010717116, 4.699999999805769768, 60.00000000000000000 ) ) ;
#2769 = CYLINDRICAL_SURFACE ( 'NONE', #3652, 0.1999999999999987899 ) ;
#2770 = VECTOR ( 'NONE', #3968, 1000.000000000000000 ) ;
#2771 = ORIENTED_EDGE ( 'NONE', *, *, #1888, .F. ) ;
#2772 = AXIS2_PLACEMENT_3D ( 'NONE', #1552, #2845, #4110 ) ;
#2773 = ORIENTED_EDGE ( 'NONE', *, *, #891, .T. ) ;
#2774 = ADVANCED_FACE ( 'NONE', ( #1244 ), #1206, .F. ) ;
#2775 = APPLICATION_PROTOCOL_DEFINITION ( 'draft international standard', 'automotive_design', 1998, #199 ) ;
#2776 = CARTESIAN_POINT ( 'NONE',  ( -43.50000000010717116, 4.699999999805769768, -60.00000000000000000 ) ) ;
#2777 = AXIS2_PLACEMENT_3D ( 'NONE', #1205, #1168, #243 ) ;
#2778 = ADVANCED_FACE ( 'NONE', ( #2509 ), #2184, .F. ) ;
#2779 = EDGE_CURVE ( 'NONE', #3195, #1345, #2087, .T. ) ;
#2780 = VECTOR ( 'NONE', #3376, 1000.000000000000000 ) ;
#2781 = DIRECTION ( 'NONE',  ( -0.0000000000000000000, -0.0000000000000000000, -1.000000000000000000 ) ) ;
#2782 = ORIENTED_EDGE ( 'NONE', *, *, #954, .F. ) ;
#2783 = CARTESIAN_POINT ( 'NONE',  ( -47.50000000000090239, 14.29999999970129565, -60.00000000000000000 ) ) ;
#2784 = CARTESIAN_POINT ( 'NONE',  ( 50.00000000000191847, 14.09999999970130879, -60.00000000000000000 ) ) ;
#2785 = ORIENTED_EDGE ( 'NONE', *, *, #2689, .T. ) ;
#2786 = DIRECTION ( 'NONE',  ( -0.0000000000000000000, -0.0000000000000000000, -1.000000000000000000 ) ) ;
#2787 = DIRECTION ( 'NONE',  ( 1.000000000000000000, 0.0000000000000000000, 0.0000000000000000000 ) ) ;
#2788 = ORIENTED_EDGE ( 'NONE', *, *, #1319, .T. ) ;
#2789 = CARTESIAN_POINT ( 'NONE',  ( 49.74999999999893419, 19.40000000032571137, 60.00000000000000000 ) ) ;
#2790 = EDGE_LOOP ( 'NONE', ( #1601, #1071, #4078, #840 ) ) ;
#2791 = CARTESIAN_POINT ( 'NONE',  ( 46.17157287525336073, 1.221245327087672194E-12, 60.00000000000000000 ) ) ;
#2792 = PLANE ( 'NONE',  #1348 ) ;
#2793 = EDGE_LOOP ( 'NONE', ( #1428, #241, #2892, #1195 ) ) ;
#2794 = ORIENTED_EDGE ( 'NONE', *, *, #2382, .F. ) ;
#2795 = SHAPE_DEFINITION_REPRESENTATION ( #3208, #924 ) ;
#2796 = LINE ( 'NONE', #3680, #2352 ) ;
#2797 = DIRECTION ( 'NONE',  ( -0.0000000000000000000, -0.0000000000000000000, -1.000000000000000000 ) ) ;
#2798 = ORIENTED_EDGE ( 'NONE', *, *, #3485, .F. ) ;
#2799 = CARTESIAN_POINT ( 'NONE',  ( 48.89999999999841407, 17.80000000040532626, 60.00000000000000000 ) ) ;
#2800 = ADVANCED_FACE ( 'NONE', ( #1803 ), #1228, .F. ) ;
#2801 = CARTESIAN_POINT ( 'NONE',  ( 47.30000000010520012, -11.94427185665641922, 0.7500000000000000000 ) ) ;
#2802 = EDGE_CURVE ( 'NONE', #2609, #2994, #4067, .T. ) ;
#2803 = ORIENTED_EDGE ( 'NONE', *, *, #3104, .F. ) ;
#2804 = EDGE_CURVE ( 'NONE', #3624, #3905, #1507, .T. ) ;
#2805 = LINE ( 'NONE', #3451, #2460 ) ;
#2806 = CYLINDRICAL_SURFACE ( 'NONE', #1338, 0.1999999999999987899 ) ;
#2807 = VERTEX_POINT ( 'NONE', #2843 ) ;
#2808 = DIRECTION ( 'NONE',  ( 0.0000000000000000000, 0.0000000000000000000, 1.000000000000000000 ) ) ;
#2809 = ORIENTED_EDGE ( 'NONE', *, *, #1929, .F. ) ;
#2810 = CARTESIAN_POINT ( 'NONE',  ( 42.71715728762875131, 2.199999999806378614, 60.00000000000000000 ) ) ;
#2811 = CARTESIAN_POINT ( 'NONE',  ( -43.30000000010711148, 2.499999999805768702, 60.00000000000000000 ) ) ;
#2812 = VERTEX_POINT ( 'NONE', #868 ) ;
#2813 = VECTOR ( 'NONE', #2170, 1000.000000000000000 ) ;
#2814 = DIRECTION ( 'NONE',  ( 0.0000000000000000000, 0.0000000000000000000, 1.000000000000000000 ) ) ;
#2815 = FACE_OUTER_BOUND ( 'NONE', #572, .T. ) ;
#2816 = CARTESIAN_POINT ( 'NONE',  ( -47.58578643762652405, -17.40848541902979818, 0.7500000000000000000 ) ) ;
#2817 = ORIENTED_EDGE ( 'NONE', *, *, #3570, .F. ) ;
#2818 = DIRECTION ( 'NONE',  ( 0.0000000000000000000, -0.0000000000000000000, -1.000000000000000000 ) ) ;
#2819 = FACE_OUTER_BOUND ( 'NONE', #506, .T. ) ;
#2820 = ORIENTED_EDGE ( 'NONE', *, *, #2647, .T. ) ;
#2821 = ADVANCED_FACE ( 'NONE', ( #2819 ), #3764, .F. ) ;
#2822 = EDGE_CURVE ( 'NONE', #3244, #4039, #2163, .T. ) ;
#2823 = CYLINDRICAL_SURFACE ( 'NONE', #3528, 0.1999999999999779732 ) ;
#2824 = DIRECTION ( 'NONE',  ( 0.0000000000000000000, 0.0000000000000000000, -1.000000000000000000 ) ) ;
#2825 = ORIENTED_EDGE ( 'NONE', *, *, #2440, .T. ) ;
#2826 = EDGE_CURVE ( 'NONE', #2124, #279, #3824, .T. ) ;
#2827 = EDGE_CURVE ( 'NONE', #2923, #829, #3963, .T. ) ;
#2828 = DIRECTION ( 'NONE',  ( 0.0000000000000000000, 0.0000000000000000000, 1.000000000000000000 ) ) ;
#2829 = ADVANCED_FACE ( 'NONE', ( #3468 ), #1826, .F. ) ;
#2830 = AXIS2_PLACEMENT_3D ( 'NONE', #655, #577, #1281 ) ;
#2831 = ORIENTED_EDGE ( 'NONE', *, *, #1259, .F. ) ;
#2832 = CARTESIAN_POINT ( 'NONE',  ( 46.17157287525331100, -17.99427185665475193, -0.7500000000000000000 ) ) ;
#2833 = ORIENTED_EDGE ( 'NONE', *, *, #113, .F. ) ;
#2834 = AXIS2_PLACEMENT_3D ( 'NONE', #890, #3802, #4158 ) ;
#2835 = ITEM_DEFINED_TRANSFORMATION ( 'NONE', 'NONE', #1456,  #42 ) ;
#2836 = FACE_OUTER_BOUND ( 'NONE', #3692, .T. ) ;
#2837 = AXIS2_PLACEMENT_3D ( 'NONE', #1277, #2601, #2582 ) ;
#2838 = AXIS2_PLACEMENT_3D ( 'NONE', #1606, #1648, #1922 ) ;
#2839 = DIRECTION ( 'NONE',  ( 0.0000000000000000000, -0.0000000000000000000, -1.000000000000000000 ) ) ;
#2840 = VECTOR ( 'NONE', #3640, 1000.000000000000000 ) ;
#2841 = LINE ( 'NONE', #4105, #3155 ) ;
#2842 = DIRECTION ( 'NONE',  ( -1.000000000000000000, 0.0000000000000000000, 0.0000000000000000000 ) ) ;
#2843 = CARTESIAN_POINT ( 'NONE',  ( 46.17157287525336073, 1.221245327087672194E-12, -60.00000000000000000 ) ) ;
#2844 = LINE ( 'NONE', #3113, #1172 ) ;
#2845 = DIRECTION ( 'NONE',  ( 0.0000000000000000000, 0.0000000000000000000, 1.000000000000000000 ) ) ;
#2846 = ORIENTED_EDGE ( 'NONE', *, *, #907, .F. ) ;
#2847 = DIRECTION ( 'NONE',  ( 0.0000000000000000000, 0.0000000000000000000, 1.000000000000000000 ) ) ;
#2848 = VERTEX_POINT ( 'NONE', #3484 ) ;
#2849 = DIRECTION ( 'NONE',  ( 1.000000000000000000, 0.0000000000000000000, 0.0000000000000000000 ) ) ;
#2850 = CARTESIAN_POINT ( 'NONE',  ( 50.00000000000104450, 12.16584473190751581, -0.7500000000000000000 ) ) ;
#2851 = EDGE_CURVE ( 'NONE', #553, #3345, #581, .T. ) ;
#2852 = ORIENTED_EDGE ( 'NONE', *, *, #3175, .F. ) ;
#2853 = CARTESIAN_POINT ( 'NONE',  ( 0.0000000000000000000, 0.0000000000000000000, 0.0000000000000000000 ) ) ;
#2854 = LINE ( 'NONE', #1241, #1399 ) ;
#2855 = VECTOR ( 'NONE', #1683, 1000.000000000000000 ) ;
#2856 = DIRECTION ( 'NONE',  ( -0.0000000000000000000, -0.0000000000000000000, -1.000000000000000000 ) ) ;
#2857 = EDGE_LOOP ( 'NONE', ( #100, #1216, #1567, #796 ) ) ;
#2858 = VECTOR ( 'NONE', #2222, 1000.000000000000000 ) ;
#2859 = DIRECTION ( 'NONE',  ( 1.000000000000000000, 0.0000000000000000000, 0.0000000000000000000 ) ) ;
#2860 = VECTOR ( 'NONE', #543, 1000.000000000000000 ) ;
#2861 = LINE ( 'NONE', #584, #3462 ) ;
#2862 = CARTESIAN_POINT ( 'NONE',  ( 47.58578643762667326, -17.40848541902717628, -0.7500000000000000000 ) ) ;
#2863 = VERTEX_POINT ( 'NONE', #2552 ) ;
#2864 = CARTESIAN_POINT ( 'NONE',  ( -48.90000000010525127, -11.94427185665641922, -0.7500000000000000000 ) ) ;
#2865 = ORIENTED_EDGE ( 'NONE', *, *, #3625, .T. ) ;
#2866 = EDGE_CURVE ( 'NONE', #173, #1243, #3227, .T. ) ;
#2867 = CARTESIAN_POINT ( 'NONE',  ( 49.74999999999893419, 19.40000000032571137, -60.00000000000000000 ) ) ;
#2868 = LINE ( 'NONE', #2885, #552 ) ;
#2869 = VERTEX_POINT ( 'NONE', #3807 ) ;
#2870 = ADVANCED_FACE ( 'NONE', ( #3169 ), #598, .T. ) ;
#2871 = DIRECTION ( 'NONE',  ( -0.0000000000000000000, -0.0000000000000000000, -1.000000000000000000 ) ) ;
#2872 = AXIS2_PLACEMENT_3D ( 'NONE', #2957, #1665, #2874 ) ;
#2873 = ORIENTED_EDGE ( 'NONE', *, *, #1734, .F. ) ;
#2874 = DIRECTION ( 'NONE',  ( 1.000000000000000000, 0.0000000000000000000, 0.0000000000000000000 ) ) ;
#2875 = CIRCLE ( 'NONE', #1994, 2.000000000000008882 ) ;
#2876 = EDGE_CURVE ( 'NONE', #158, #1563, #2937, .T. ) ;
#2877 = CARTESIAN_POINT ( 'NONE',  ( -46.17157287525333942, -1.221245327087672194E-12, -60.00000000000000000 ) ) ;
#2878 = CARTESIAN_POINT ( 'NONE',  ( -45.70000000010526975, 11.94427185665847269, -0.7500000000000000000 ) ) ;
#2879 = CYLINDRICAL_SURFACE ( 'NONE', #2523, 1.150000000000005240 ) ;
#2880 = DIRECTION ( 'NONE',  ( 1.000000000000000000, 0.0000000000000000000, 0.0000000000000000000 ) ) ;
#2881 = EDGE_LOOP ( 'NONE', ( #3115, #2217 ) ) ;
#2882 = PLANE ( 'NONE',  #3013 ) ;
#2883 = ORIENTED_EDGE ( 'NONE', *, *, #349, .F. ) ;
#2884 = FACE_OUTER_BOUND ( 'NONE', #1078, .T. ) ;
#2885 = CARTESIAN_POINT ( 'NONE',  ( 48.89999999999841407, 18.62540333108481150, -60.00000000000000000 ) ) ;
#2886 = EDGE_LOOP ( 'NONE', ( #546, #1593, #4064, #3939 ) ) ;
#2887 = CLOSED_SHELL ( 'NONE', ( #1262, #3868, #3621, #888, #1393, #2821, #4122, #2491, #1285, #1706, #246, #3945, #4027, #2690, #2363, #2332, #2580, #574, #2151, #583, #1534, #3674, #446, #1627, #2272, #1754, #979, #1598, #3336, #2356, #3150, #4114, #3309, #1447 ) ) ;
#2888 = DIRECTION ( 'NONE',  ( 1.000000000000000000, 0.0000000000000000000, 0.0000000000000000000 ) ) ;
#2889 = CYLINDRICAL_SURFACE ( 'NONE', #2834, 0.2000000000002347122 ) ;
#2890 = VECTOR ( 'NONE', #3123, 1000.000000000000000 ) ;
#2891 = ORIENTED_EDGE ( 'NONE', *, *, #1775, .T. ) ;
#2892 = ORIENTED_EDGE ( 'NONE', *, *, #2045, .F. ) ;
#2893 = CARTESIAN_POINT ( 'NONE',  ( 43.38284271257798252, 2.499999999806379325, -60.00000000000000000 ) ) ;
#2894 = CIRCLE ( 'NONE', #1404, 1.299999999999967848 ) ;
#2895 = VECTOR ( 'NONE', #3129, 1000.000000000000000 ) ;
#2896 = VERTEX_POINT ( 'NONE', #992 ) ;
#2897 = AXIS2_PLACEMENT_3D ( 'NONE', #814, #1900, #2880 ) ;
#2898 = DIRECTION ( 'NONE',  ( 0.8660254037844307140, 0.5000000000000138778, -0.0000000000000000000 ) ) ;
#2899 = ORIENTED_EDGE ( 'NONE', *, *, #3103, .F. ) ;
#2900 = CIRCLE ( 'NONE', #1081, 1.150000000000005240 ) ;
#2901 = DIRECTION ( 'NONE',  ( 0.0000000000000000000, 0.0000000000000000000, 1.000000000000000000 ) ) ;
#2902 = LINE ( 'NONE', #3581, #3368 ) ;
#2903 = VERTEX_POINT ( 'NONE', #2260 ) ;
#2904 = CARTESIAN_POINT ( 'NONE',  ( -46.17157287525380838, 15.99427185665597229, -0.7500000000000000000 ) ) ;
#2905 = AXIS2_PLACEMENT_3D ( 'NONE', #1448, #2753, #4018 ) ;
#2906 = VERTEX_POINT ( 'NONE', #1350 ) ;
#2907 = DIRECTION ( 'NONE',  ( -0.0000000000000000000, -0.0000000000000000000, -1.000000000000000000 ) ) ;
#2908 = LINE ( 'NONE', #1334, #879 ) ;
#2909 = VERTEX_POINT ( 'NONE', #2325 ) ;
#2910 = CARTESIAN_POINT ( 'NONE',  ( 47.49999999999701572, 11.29999999970405256, 60.00000000000000000 ) ) ;
#2911 = LINE ( 'NONE', #338, #365 ) ;
#2912 = DIRECTION ( 'NONE',  ( -0.0000000000000000000, -0.0000000000000000000, -1.000000000000000000 ) ) ;
#2913 = ORIENTED_EDGE ( 'NONE', *, *, #2355, .F. ) ;
#2914 = CARTESIAN_POINT ( 'NONE',  ( -43.24142135634441786, 2.441421356043075974, 60.00000000000000000 ) ) ;
#2915 = PLANE ( 'NONE',  #3492 ) ;
#2916 = AXIS2_PLACEMENT_3D ( 'NONE', #2602, #1362, #2254 ) ;
#2917 = CARTESIAN_POINT ( 'NONE',  ( 42.71715728762875131, 1.999999999806378437, -60.00000000000000000 ) ) ;
#2918 = ORIENTED_EDGE ( 'NONE', *, *, #3992, .T. ) ;
#2919 = AXIS2_PLACEMENT_3D ( 'NONE', #3543, #3247, #1958 ) ;
#2920 = EDGE_CURVE ( 'NONE', #1891, #1156, #1018, .T. ) ;
#2921 = DIRECTION ( 'NONE',  ( 1.000000000000000000, 1.561251128379135725E-13, 0.0000000000000000000 ) ) ;
#2922 = DIRECTION ( 'NONE',  ( 1.000000000000000000, 0.0000000000000000000, 0.0000000000000000000 ) ) ;
#2923 = VERTEX_POINT ( 'NONE', #3549 ) ;
#2924 = CARTESIAN_POINT ( 'NONE',  ( -45.70000000010526975, -11.94427185665641922, -0.2500000000000340283 ) ) ;
#2925 = ORIENTED_EDGE ( 'NONE', *, *, #2489, .T. ) ;
#2926 = CARTESIAN_POINT ( 'NONE',  ( 51.99999999999987210, 17.60000000045621960, -60.00000000000000000 ) ) ;
#2927 = CARTESIAN_POINT ( 'NONE',  ( -48.90000000010525127, -11.94427185665641922, -0.2500000000000340283 ) ) ;
#2928 = ORIENTED_EDGE ( 'NONE', *, *, #706, .F. ) ;
#2929 = CARTESIAN_POINT ( 'NONE',  ( 50.00000000000191847, 12.09999999970111695, -60.00000000000000000 ) ) ;
#2930 = DIRECTION ( 'NONE',  ( 0.0000000000000000000, 0.0000000000000000000, 1.000000000000000000 ) ) ;
#2931 = CARTESIAN_POINT ( 'NONE',  ( 47.69999999999701856, 12.09999999970405504, -60.00000000000000000 ) ) ;
#2932 = ORIENTED_EDGE ( 'NONE', *, *, #2804, .F. ) ;
#2933 = VERTEX_POINT ( 'NONE', #2878 ) ;
#2934 = DIRECTION ( 'NONE',  ( -1.000000000000000000, 0.0000000000000000000, 0.0000000000000000000 ) ) ;
#2935 = CARTESIAN_POINT ( 'NONE',  ( -46.55669656274127988, 7.337439318763849805, 60.00000000000000000 ) ) ;
#2936 = AXIS2_PLACEMENT_3D ( 'NONE', #1857, #1225, #1479 ) ;
#2937 = LINE ( 'NONE', #618, #2286 ) ;
#2938 = ORIENTED_EDGE ( 'NONE', *, *, #451, .F. ) ;
#2939 = VECTOR ( 'NONE', #3135, 1000.000000000000000 ) ;
#2940 = FACE_OUTER_BOUND ( 'NONE', #3136, .T. ) ;
#2941 = LINE ( 'NONE', #51, #339 ) ;
#2942 = VERTEX_POINT ( 'NONE', #324 ) ;
#2943 = EDGE_CURVE ( 'NONE', #1563, #2174, #3881, .T. ) ;
#2944 = DIRECTION ( 'NONE',  ( 1.000000000000000000, 0.0000000000000000000, 0.0000000000000000000 ) ) ;
#2945 = VERTEX_POINT ( 'NONE', #680 ) ;
#2946 = DIRECTION ( 'NONE',  ( 0.0000000000000000000, 0.0000000000000000000, -1.000000000000000000 ) ) ;
#2947 = CARTESIAN_POINT ( 'NONE',  ( -46.55669656274127988, 7.337439318763849805, -60.00000000000000000 ) ) ;
#2948 = ORIENTED_EDGE ( 'NONE', *, *, #2498, .T. ) ;
#2949 = ADVANCED_FACE ( 'NONE', ( #3840 ), #947, .T. ) ;
#2950 = CARTESIAN_POINT ( 'NONE',  ( -47.30000000010525696, -11.94427185665641922, -0.2500000000000340283 ) ) ;
#2951 = PRODUCT ( 'K93-B', 'K93-B', '', ( #3420 ) ) ;
#2952 = PLANE ( 'NONE',  #3812 ) ;
#2953 = DIRECTION ( 'NONE',  ( -0.0000000000000000000, -0.0000000000000000000, -1.000000000000000000 ) ) ;
#2954 = CYLINDRICAL_SURFACE ( 'NONE', #477, 0.2000000000000057288 ) ;
#2955 = ORIENTED_EDGE ( 'NONE', *, *, #2594, .F. ) ;
#2956 = ORIENTED_EDGE ( 'NONE', *, *, #3197, .F. ) ;
#2957 = CARTESIAN_POINT ( 'NONE',  ( 49.99999999999954525, -12.16584473190857096, -0.7500000000000000000 ) ) ;
#2958 = AXIS2_PLACEMENT_3D ( 'NONE', #946, #2031, #679 ) ;
#2959 = CARTESIAN_POINT ( 'NONE',  ( 50.00000000000191847, 11.09999999970111695, -60.00000000000000000 ) ) ;
#2960 = CARTESIAN_POINT ( 'NONE',  ( 49.89999999999800906, 11.09999999970410123, -62.43310501212032193 ) ) ;
#2961 = ORIENTED_EDGE ( 'NONE', *, *, #1810, .F. ) ;
#2962 = AXIS2_PLACEMENT_3D ( 'NONE', #1782, #3647, #1093 ) ;
#2963 = VECTOR ( 'NONE', #2349, 1000.000000000000114 ) ;
#2964 = CARTESIAN_POINT ( 'NONE',  ( 45.81339312537141240, 6.049999999805654838, 60.00000000000000000 ) ) ;
#2965 = AXIS2_PLACEMENT_3D ( 'NONE', #1373, #1150, #3725 ) ;
#2966 = DIRECTION ( 'NONE',  ( -0.0000000000000000000, -0.0000000000000000000, -1.000000000000000000 ) ) ;
#2967 = VERTEX_POINT ( 'NONE', #2608 ) ;
#2968 = ORIENTED_EDGE ( 'NONE', *, *, #1221, .T. ) ;
#2969 = VECTOR ( 'NONE', #40, 1000.000000000000000 ) ;
#2970 = CARTESIAN_POINT ( 'NONE',  ( -50.94999999999937756, 17.80000000046327813, -60.00000000000000000 ) ) ;
#2971 = DIRECTION ( 'NONE',  ( -0.0000000000000000000, -0.0000000000000000000, -1.000000000000000000 ) ) ;
#2972 = EDGE_LOOP ( 'NONE', ( #2679, #1166, #2327, #2600 ) ) ;
#2973 = AXIS2_PLACEMENT_3D ( 'NONE', #3417, #2064, #4041 ) ;
#2974 = CARTESIAN_POINT ( 'NONE',  ( 50.89999999999893987, 19.40000000032571137, 60.00000000000000000 ) ) ;
#2975 = CARTESIAN_POINT ( 'NONE',  ( 45.70000000010521291, 11.94427185665847269, -0.2500000000000062728 ) ) ;
#2976 = LINE ( 'NONE', #2662, #2656 ) ;
#2977 = LINE ( 'NONE', #3293, #1211 ) ;
#2978 = ADVANCED_FACE ( 'NONE', ( #2281 ), #701, .F. ) ;
#2979 = EDGE_LOOP ( 'NONE', ( #2852, #1893, #1121, #3450 ) ) ;
#2980 = ORIENTED_EDGE ( 'NONE', *, *, #2392, .F. ) ;
#2981 = FILL_AREA_STYLE ('',( #763 ) ) ;
#2982 = CARTESIAN_POINT ( 'NONE',  ( 44.80000000010336692, 2.499999999806379325, 60.00000000000000000 ) ) ;
#2983 = EDGE_CURVE ( 'NONE', #190, #1208, #1897, .T. ) ;
#2984 = LINE ( 'NONE', #3298, #2963 ) ;
#2985 = ORIENTED_EDGE ( 'NONE', *, *, #3999, .F. ) ;
#2986 = CYLINDRICAL_SURFACE ( 'NONE', #1369, 0.1999999999999987899 ) ;
#2987 = DIRECTION ( 'NONE',  ( -0.0000000000000000000, -0.0000000000000000000, -1.000000000000000000 ) ) ;
#2988 = ORIENTED_EDGE ( 'NONE', *, *, #3464, .T. ) ;
#2989 = AXIS2_PLACEMENT_3D ( 'NONE', #3097, #3019, #3732 ) ;
#2990 = DIRECTION ( 'NONE',  ( 0.0000000000000000000, -1.000000000000000000, 0.0000000000000000000 ) ) ;
#2991 = DIRECTION ( 'NONE',  ( 1.000000000000000000, 0.0000000000000000000, 0.0000000000000000000 ) ) ;
#2992 = ORIENTED_EDGE ( 'NONE', *, *, #1167, .F. ) ;
#2993 = DIRECTION ( 'NONE',  ( -0.0000000000000000000, -0.0000000000000000000, -1.000000000000000000 ) ) ;
#2994 = VERTEX_POINT ( 'NONE', #2651 ) ;
#2995 = DIRECTION ( 'NONE',  ( 1.000000000000000000, 0.0000000000000000000, 0.0000000000000000000 ) ) ;
#2996 = FACE_OUTER_BOUND ( 'NONE', #1603, .T. ) ;
#2997 = VERTEX_POINT ( 'NONE', #24 ) ;
#2998 = ORIENTED_EDGE ( 'NONE', *, *, #1161, .T. ) ;
#2999 = EDGE_CURVE ( 'NONE', #3087, #1716, #4145, .T. ) ;
#3000 = EDGE_CURVE ( 'NONE', #1485, #2933, #3186, .T. ) ;
#3001 =( REPRESENTATION_RELATIONSHIP ('NONE','NONE', #3245, #924 ) REPRESENTATION_RELATIONSHIP_WITH_TRANSFORMATION ( #3737 )SHAPE_REPRESENTATION_RELATIONSHIP( ) );
#3002 = CARTESIAN_POINT ( 'NONE',  ( 46.17157287525286335, -15.99427185665475193, 0.7500000000000000000 ) ) ;
#3003 = VECTOR ( 'NONE', #1634, 1000.000000000000000 ) ;
#3004 = DIRECTION ( 'NONE',  ( -0.0000000000000000000, -0.0000000000000000000, 1.000000000000000000 ) ) ;
#3005 = EDGE_CURVE ( 'NONE', #2161, #2896, #1282, .T. ) ;
#3006 = EDGE_CURVE ( 'NONE', #2685, #3878, #1942, .T. ) ;
#3007 = EDGE_CURVE ( 'NONE', #76, #3817, #387, .T. ) ;
#3008 = CARTESIAN_POINT ( 'NONE',  ( -47.50000000000090239, 17.60000000040144030, -60.00000000000000000 ) ) ;
#3009 = CARTESIAN_POINT ( 'NONE',  ( -51.99999999999954525, 12.16584473191018034, 0.7500000000000000000 ) ) ;
#3010 = VECTOR ( 'NONE', #400, 1000.000000000000000 ) ;
#3011 = ORIENTED_EDGE ( 'NONE', *, *, #3487, .F. ) ;
#3012 = CONICAL_SURFACE ( 'NONE', #3545, 1.599999999999990319, 0.7853981633974456145 ) ;
#3013 = AXIS2_PLACEMENT_3D ( 'NONE', #4130, #3190, #2847 ) ;
#3014 = DIRECTION ( 'NONE',  ( 5.551115123125777653E-14, -1.000000000000000000, 0.0000000000000000000 ) ) ;
#3015 = CARTESIAN_POINT ( 'NONE',  ( 51.41421356237285778, -13.58005829428144295, 0.7500000000000000000 ) ) ;
#3016 = ORIENTED_EDGE ( 'NONE', *, *, #1756, .F. ) ;
#3017 = DIRECTION ( 'NONE',  ( 0.0000000000000000000, 0.0000000000000000000, 1.000000000000000000 ) ) ;
#3018 = ORIENTED_EDGE ( 'NONE', *, *, #3992, .F. ) ;
#3019 = DIRECTION ( 'NONE',  ( -0.0000000000000000000, -0.0000000000000000000, -1.000000000000000000 ) ) ;
#3020 = DIRECTION ( 'NONE',  ( 1.000000000000000000, 0.0000000000000000000, 0.0000000000000000000 ) ) ;
#3021 = VERTEX_POINT ( 'NONE', #3925 ) ;
#3022 = VERTEX_POINT ( 'NONE', #3254 ) ;
#3023 = DIRECTION ( 'NONE',  ( 1.000000000000000000, 0.0000000000000000000, 0.0000000000000000000 ) ) ;
#3024 = LINE ( 'NONE', #450, #2766 ) ;
#3025 = DIRECTION ( 'NONE',  ( 0.0000000000000000000, 0.0000000000000000000, 1.000000000000000000 ) ) ;
#3026 = CIRCLE ( 'NONE', #1069, 2.000000000000015543 ) ;
#3027 = EDGE_CURVE ( 'NONE', #1716, #703, #1674, .T. ) ;
#3028 = DIRECTION ( 'NONE',  ( -1.000000000000000000, 0.0000000000000000000, 0.0000000000000000000 ) ) ;
#3029 = EDGE_CURVE ( 'NONE', #968, #77, #3164, .T. ) ;
#3030 = CARTESIAN_POINT ( 'NONE',  ( 49.74999999999893419, 19.40000000032571137, 60.00000000000000000 ) ) ;
#3031 = ORIENTED_EDGE ( 'NONE', *, *, #2425, .T. ) ;
#3032 = CIRCLE ( 'NONE', #4030, 1.300000000000037126 ) ;
#3033 = AXIS2_PLACEMENT_3D ( 'NONE', #2319, #4157, #3561 ) ;
#3034 = CARTESIAN_POINT ( 'NONE',  ( -46.17157287525380838, -15.99427185665658335, -0.7500000000000000000 ) ) ;
#3035 = VECTOR ( 'NONE', #3369, 1000.000000000000000 ) ;
#3036 = DIRECTION ( 'NONE',  ( 0.0000000000000000000, 0.0000000000000000000, -1.000000000000000000 ) ) ;
#3037 = ADVANCED_FACE ( 'NONE', ( #3206 ), #1602, .T. ) ;
#3038 = EDGE_LOOP ( 'NONE', ( #1800, #2465, #3472, #3995 ) ) ;
#3039 = DIRECTION ( 'NONE',  ( -0.0000000000000000000, -0.0000000000000000000, -1.000000000000000000 ) ) ;
#3040 = AXIS2_PLACEMENT_3D ( 'NONE', #62, #1322, #2002 ) ;
#3041 = ORIENTED_EDGE ( 'NONE', *, *, #1284, .T. ) ;
#3042 = DIRECTION ( 'NONE',  ( 1.000000000000000000, 0.0000000000000000000, 0.0000000000000000000 ) ) ;
#3043 = DIRECTION ( 'NONE',  ( -0.0000000000000000000, -0.0000000000000000000, 1.000000000000000000 ) ) ;
#3044 = AXIS2_PLACEMENT_3D ( 'NONE', #2850, #1218, #4097 ) ;
#3045 = ORIENTED_EDGE ( 'NONE', *, *, #2072, .F. ) ;
#3046 = ORIENTED_EDGE ( 'NONE', *, *, #1659, .T. ) ;
#3047 =( NAMED_UNIT ( * ) PLANE_ANGLE_UNIT ( ) SI_UNIT ( $, .RADIAN. ) );
#3048 = AXIS2_PLACEMENT_3D ( 'NONE', #3328, #1397, #3389 ) ;
#3049 = CARTESIAN_POINT ( 'NONE',  ( -46.72990164349835851, 7.437439318763338747, -60.00000000000000000 ) ) ;
#3050 = DIRECTION ( 'NONE',  ( 0.0000000000000000000, 0.0000000000000000000, 1.000000000000000000 ) ) ;
#3051 = EDGE_LOOP ( 'NONE', ( #740, #4111, #1472, #1532 ) ) ;
#3052 = CARTESIAN_POINT ( 'NONE',  ( 43.24142135634067330, 2.441421356043686153, 60.00000000000000000 ) ) ;
#3053 = CARTESIAN_POINT ( 'NONE',  ( -51.79999999999854055, 17.60000000046327884, 60.00000000000000000 ) ) ;
#3054 = ORIENTED_EDGE ( 'NONE', *, *, #3082, .F. ) ;
#3055 = DIRECTION ( 'NONE',  ( 1.000000000000000000, 0.0000000000000000000, 0.0000000000000000000 ) ) ;
#3056 = CARTESIAN_POINT ( 'NONE',  ( 46.40510708291959219, 9.099999999702445663, 60.00000000000000000 ) ) ;
#3057 = VECTOR ( 'NONE', #381, 1000.000000000000114 ) ;
#3058 = ORIENTED_EDGE ( 'NONE', *, *, #3149, .F. ) ;
#3059 = DIRECTION ( 'NONE',  ( 0.0000000000000000000, 0.0000000000000000000, 1.000000000000000000 ) ) ;
#3060 = EDGE_LOOP ( 'NONE', ( #2771, #2077, #2237, #880 ) ) ;
#3061 = DIRECTION ( 'NONE',  ( -1.000000000000000000, -1.588350560327268178E-14, 0.0000000000000000000 ) ) ;
#3062 = DIRECTION ( 'NONE',  ( 0.0000000000000000000, 0.0000000000000000000, 1.000000000000000000 ) ) ;
#3063 = ORIENTED_EDGE ( 'NONE', *, *, #2920, .T. ) ;
#3064 = ORIENTED_EDGE ( 'NONE', *, *, #1112, .F. ) ;
#3065 = CARTESIAN_POINT ( 'NONE',  ( 47.58578643762665905, 17.40848541903110558, 0.7500000000000000000 ) ) ;
#3066 = PLANE ( 'NONE',  #452 ) ;
#3067 = ORIENTED_EDGE ( 'NONE', *, *, #931, .T. ) ;
#3068 = CARTESIAN_POINT ( 'NONE',  ( -49.99999999999957367, 5.828427124744017362, -60.00000000000000000 ) ) ;
#3069 = DIRECTION ( 'NONE',  ( 0.0000000000000000000, 0.0000000000000000000, -1.000000000000000000 ) ) ;
#3070 = ORIENTED_EDGE ( 'NONE', *, *, #3411, .T. ) ;
#3071 = CARTESIAN_POINT ( 'NONE',  ( 47.49999999999701572, 11.29999999970405256, -62.43310501212032193 ) ) ;
#3072 = VECTOR ( 'NONE', #502, 1000.000000000000000 ) ;
#3073 = DIRECTION ( 'NONE',  ( -0.0000000000000000000, -0.0000000000000000000, -1.000000000000000000 ) ) ;
#3074 = CIRCLE ( 'NONE', #2335, 0.1999999999999987899 ) ;
#3075 = EDGE_CURVE ( 'NONE', #3729, #3482, #2428, .T. ) ;
#3076 = VERTEX_POINT ( 'NONE', #412 ) ;
#3077 = CYLINDRICAL_SURFACE ( 'NONE', #2262, 0.5000000000000004441 ) ;
#3078 = ORIENTED_EDGE ( 'NONE', *, *, #3562, .T. ) ;
#3079 = CARTESIAN_POINT ( 'NONE',  ( 47.30000000010520012, 11.94427185665847269, -0.7500000000000000000 ) ) ;
#3080 = EDGE_CURVE ( 'NONE', #2812, #3731, #432, .T. ) ;
#3081 = FACE_OUTER_BOUND ( 'NONE', #3898, .T. ) ;
#3082 = EDGE_CURVE ( 'NONE', #2058, #2366, #1691, .T. ) ;
#3083 = VERTEX_POINT ( 'NONE', #1062 ) ;
#3084 = ORIENTED_EDGE ( 'NONE', *, *, #3825, .F. ) ;
#3085 = FACE_OUTER_BOUND ( 'NONE', #2645, .T. ) ;
#3086 = CARTESIAN_POINT ( 'NONE',  ( -50.00000000000191847, 14.09999999970129636, 60.00000000000000000 ) ) ;
#3087 = VERTEX_POINT ( 'NONE', #2050 ) ;
#3088 = CARTESIAN_POINT ( 'NONE',  ( -48.90000000010525127, 11.94427185665847269, 0.7500000000000000000 ) ) ;
#3089 = DIRECTION ( 'NONE',  ( -1.000000000000000000, 0.0000000000000000000, 0.0000000000000000000 ) ) ;
#3090 = EDGE_LOOP ( 'NONE', ( #1615, #2511, #919, #153 ) ) ;
#3091 = CARTESIAN_POINT ( 'NONE',  ( 47.49999999999787548, 14.29999999970588398, -62.43310501212032193 ) ) ;
#3092 = LINE ( 'NONE', #2103, #2023 ) ;
#3093 = ORIENTED_EDGE ( 'NONE', *, *, #2596, .F. ) ;
#3094 = LINE ( 'NONE', #547, #845 ) ;
#3095 = VECTOR ( 'NONE', #3320, 1000.000000000000000 ) ;
#3096 = ORIENTED_EDGE ( 'NONE', *, *, #3104, .T. ) ;
#3097 = CARTESIAN_POINT ( 'NONE',  ( -43.38284271258172708, 2.299999999805768525, -60.00000000000000000 ) ) ;
#3098 = DIRECTION ( 'NONE',  ( -0.0000000000000000000, -0.0000000000000000000, 1.000000000000000000 ) ) ;
#3099 = VECTOR ( 'NONE', #707, 1000.000000000000000 ) ;
#3100 = ORIENTED_EDGE ( 'NONE', *, *, #3175, .T. ) ;
#3101 = VECTOR ( 'NONE', #637, 1000.000000000000000 ) ;
#3102 = ORIENTED_EDGE ( 'NONE', *, *, #2093, .F. ) ;
#3103 = EDGE_CURVE ( 'NONE', #3858, #2257, #3024, .T. ) ;
#3104 = EDGE_CURVE ( 'NONE', #2394, #2096, #2984, .T. ) ;
#3105 = DIRECTION ( 'NONE',  ( 1.000000000000000000, 0.0000000000000000000, 0.0000000000000000000 ) ) ;
#3106 = CIRCLE ( 'NONE', #3236, 0.1999999999999987899 ) ;
#3107 = FACE_OUTER_BOUND ( 'NONE', #3284, .T. ) ;
#3108 = EDGE_LOOP ( 'NONE', ( #2313, #3070, #2846, #2024 ) ) ;
#3109 = CARTESIAN_POINT ( 'NONE',  ( 43.30000000010336692, 4.499999999806380657, -60.00000000000000000 ) ) ;
#3110 = DIRECTION ( 'NONE',  ( 0.0000000000000000000, 0.0000000000000000000, -1.000000000000000000 ) ) ;
#3111 = VERTEX_POINT ( 'NONE', #1728 ) ;
#3112 = SHAPE_REPRESENTATION ( 'K93-B', ( #42 ), #449 ) ;
#3113 = CARTESIAN_POINT ( 'NONE',  ( -43.24142135634441786, 2.441421356043075530, 60.00000000000000000 ) ) ;
#3114 = FACE_OUTER_BOUND ( 'NONE', #1816, .T. ) ;
#3115 = ORIENTED_EDGE ( 'NONE', *, *, #2695, .T. ) ;
#3116 = LINE ( 'NONE', #1175, #3273 ) ;
#3117 = ORIENTED_EDGE ( 'NONE', *, *, #2213, .F. ) ;
#3118 = DIRECTION ( 'NONE',  ( 0.0000000000000000000, 0.0000000000000000000, 1.000000000000000000 ) ) ;
#3119 = VECTOR ( 'NONE', #818, 1000.000000000000000 ) ;
#3120 = DIRECTION ( 'NONE',  ( 0.7071067811865474617, -0.7071067811865474617, 0.0000000000000000000 ) ) ;
#3121 = ORIENTED_EDGE ( 'NONE', *, *, #1629, .F. ) ;
#3122 =( NAMED_UNIT ( * ) PLANE_ANGLE_UNIT ( ) SI_UNIT ( $, .RADIAN. ) );
#3123 = DIRECTION ( 'NONE',  ( -0.0000000000000000000, -0.0000000000000000000, -1.000000000000000000 ) ) ;
#3124 = EDGE_CURVE ( 'NONE', #3083, #3510, #724, .T. ) ;
#3125 = EDGE_CURVE ( 'NONE', #247, #4129, #3638, .T. ) ;
#3126 = CARTESIAN_POINT ( 'NONE',  ( 50.00000000000191847, 14.09999999970130879, -60.00000000000000000 ) ) ;
#3127 = ORIENTED_EDGE ( 'NONE', *, *, #2072, .T. ) ;
#3128 = CARTESIAN_POINT ( 'NONE',  ( 47.58578643762670168, 0.5857864376279109386, 60.00000000000000000 ) ) ;
#3129 = DIRECTION ( 'NONE',  ( -0.0000000000000000000, -0.0000000000000000000, -1.000000000000000000 ) ) ;
#3130 = EDGE_CURVE ( 'NONE', #2474, #2597, #111, .T. ) ;
#3131 = ORIENTED_EDGE ( 'NONE', *, *, #881, .F. ) ;
#3132 = CARTESIAN_POINT ( 'NONE',  ( -44.80000000010716832, 4.499999999805770479, 60.00000000000000000 ) ) ;
#3133 = LINE ( 'NONE', #2514, #336 ) ;
#3134 = ORIENTED_EDGE ( 'NONE', *, *, #753, .T. ) ;
#3135 = DIRECTION ( 'NONE',  ( 0.0000000000000000000, 0.0000000000000000000, -1.000000000000000000 ) ) ;
#3136 = EDGE_LOOP ( 'NONE', ( #2738, #3241, #1539, #328 ) ) ;
#3137 = LINE ( 'NONE', #550, #2473 ) ;
#3138 = DIRECTION ( 'NONE',  ( 0.0000000000000000000, -1.000000000000000000, 0.0000000000000000000 ) ) ;
#3139 = EDGE_LOOP ( 'NONE', ( #3084, #1867, #1323, #638 ) ) ;
#3140 = CIRCLE ( 'NONE', #2744, 1.599999999999990319 ) ;
#3141 = VECTOR ( 'NONE', #3739, 1000.000000000000000 ) ;
#3142 = ITEM_DEFINED_TRANSFORMATION ( 'NONE', 'NONE', #3819,  #42 ) ;
#3143 = FACE_OUTER_BOUND ( 'NONE', #2062, .T. ) ;
#3144 = EDGE_CURVE ( 'NONE', #3950, #279, #744, .T. ) ;
#3145 = LINE ( 'NONE', #1182, #2195 ) ;
#3146 = DIRECTION ( 'NONE',  ( 1.000000000000000000, 0.0000000000000000000, 0.0000000000000000000 ) ) ;
#3147 = PLANE ( 'NONE',  #3444 ) ;
#3148 = CARTESIAN_POINT ( 'NONE',  ( 49.74999999999893419, 19.40000000032571137, 60.00000000000000000 ) ) ;
#3149 = EDGE_CURVE ( 'NONE', #1213, #3364, #2032, .T. ) ;
#3150 = ADVANCED_FACE ( 'NONE', ( #1084 ), #3707, .F. ) ;
#3151 = DIRECTION ( 'NONE',  ( -0.0000000000000000000, -0.0000000000000000000, 1.000000000000000000 ) ) ;
#3152 = CARTESIAN_POINT ( 'NONE',  ( -49.99999999999998579, -12.16584473190990323, 0.7500000000000000000 ) ) ;
#3153 = ORIENTED_EDGE ( 'NONE', *, *, #2802, .F. ) ;
#3154 = PLANE ( 'NONE',  #1454 ) ;
#3155 = VECTOR ( 'NONE', #2199, 1000.000000000000000 ) ;
#3156 = EDGE_CURVE ( 'NONE', #1926, #3349, #3589, .T. ) ;
#3157 = ORIENTED_EDGE ( 'NONE', *, *, #172, .F. ) ;
#3158 = CARTESIAN_POINT ( 'NONE',  ( 50.59999999999934062, 17.80000000045622954, 60.00000000000000000 ) ) ;
#3159 = CARTESIAN_POINT ( 'NONE',  ( 47.30000000010520012, -11.94427185665641922, 0.7500000000000000000 ) ) ;
#3160 = VERTEX_POINT ( 'NONE', #1297 ) ;
#3161 = VECTOR ( 'NONE', #2194, 1000.000000000000000 ) ;
#3162 = SHAPE_DEFINITION_REPRESENTATION ( #392, #3112 ) ;
#3163 = LINE ( 'NONE', #282, #2890 ) ;
#3164 = CIRCLE ( 'NONE', #1876, 0.1999999999999640954 ) ;
#3165 = VECTOR ( 'NONE', #3073, 1000.000000000000000 ) ;
#3166 = FACE_OUTER_BOUND ( 'NONE', #2258, .T. ) ;
#3167 = VECTOR ( 'NONE', #1640, 1000.000000000000000 ) ;
#3168 = ORIENTED_EDGE ( 'NONE', *, *, #1729, .T. ) ;
#3169 = FACE_OUTER_BOUND ( 'NONE', #3957, .T. ) ;
#3170 = CIRCLE ( 'NONE', #812, 0.1999999999999640954 ) ;
#3171 = CARTESIAN_POINT ( 'NONE',  ( 47.49999999999784706, 17.60000000040527723, 60.00000000000000000 ) ) ;
#3172 = CARTESIAN_POINT ( 'NONE',  ( -47.58578643762667326, 17.40848541902928304, 0.7500000000000000000 ) ) ;
#3173 = EDGE_CURVE ( 'NONE', #1120, #3863, #1594, .T. ) ;
#3174 = ORIENTED_EDGE ( 'NONE', *, *, #236, .F. ) ;
#3175 = EDGE_CURVE ( 'NONE', #214, #2371, #691, .T. ) ;
#3176 = LINE ( 'NONE', #1868, #3685 ) ;
#3177 = ORIENTED_EDGE ( 'NONE', *, *, #2866, .F. ) ;
#3178 = CARTESIAN_POINT ( 'NONE',  ( 47.30000000010520012, -11.94427185665641922, -0.2500000000000062728 ) ) ;
#3179 =( NAMED_UNIT ( * ) PLANE_ANGLE_UNIT ( ) SI_UNIT ( $, .RADIAN. ) );
#3180 = EDGE_CURVE ( 'NONE', #1901, #3877, #335, .T. ) ;
#3181 = ORIENTED_EDGE ( 'NONE', *, *, #1501, .T. ) ;
#3182 = LINE ( 'NONE', #1577, #566 ) ;
#3183 = AXIS2_PLACEMENT_3D ( 'NONE', #1870, #1251, #2849 ) ;
#3184 = CARTESIAN_POINT ( 'NONE',  ( -49.90000000010527970, -11.94427185665641922, 0.7500000000000000000 ) ) ;
#3185 = CARTESIAN_POINT ( 'NONE',  ( 49.99999999999951683, 5.828427124747515009, 60.00000000000000000 ) ) ;
#3186 = LINE ( 'NONE', #1260, #1946 ) ;
#3187 = PLANE ( 'NONE',  #558 ) ;
#3188 = CARTESIAN_POINT ( 'NONE',  ( -47.30000000010525696, -11.94427185665641922, 0.7500000000000000000 ) ) ;
#3189 = ORIENTED_EDGE ( 'NONE', *, *, #541, .F. ) ;
#3190 = DIRECTION ( 'NONE',  ( -1.000000000000000000, 0.0000000000000000000, 0.0000000000000000000 ) ) ;
#3191 = VERTEX_POINT ( 'NONE', #1682 ) ;
#3192 = DIRECTION ( 'NONE',  ( -0.0000000000000000000, -0.0000000000000000000, -1.000000000000000000 ) ) ;
#3193 = AXIS2_PLACEMENT_3D ( 'NONE', #2657, #2907, #78 ) ;
#3194 = PLANE ( 'NONE',  #3445 ) ;
#3195 = VERTEX_POINT ( 'NONE', #2975 ) ;
#3196 = CYLINDRICAL_SURFACE ( 'NONE', #178, 0.1999999999999987899 ) ;
#3197 = EDGE_CURVE ( 'NONE', #188, #2345, #3773, .T. ) ;
#3198 = PLANE ( 'NONE',  #130 ) ;
#3199 = CIRCLE ( 'NONE', #1451, 2.599999999999991207 ) ;
#3200 = AXIS2_PLACEMENT_3D ( 'NONE', #2436, #3479, #593 ) ;
#3201 = VERTEX_POINT ( 'NONE', #2910 ) ;
#3202 = ORIENTED_EDGE ( 'NONE', *, *, #3651, .F. ) ;
#3203 = CARTESIAN_POINT ( 'NONE',  ( -43.30000000010716832, 5.549999999805043771, 60.00000000000000000 ) ) ;
#3204 = AXIS2_PLACEMENT_3D ( 'NONE', #1457, #3681, #2737 ) ;
#3205 = EDGE_LOOP ( 'NONE', ( #1673, #3682, #1998, #721 ) ) ;
#3206 = FACE_OUTER_BOUND ( 'NONE', #1759, .T. ) ;
#3207 = ORIENTED_EDGE ( 'NONE', *, *, #2538, .F. ) ;
#3208 = PRODUCT_DEFINITION_SHAPE ( 'NONE', 'NONE',  #2259 ) ;
#3209 = DIRECTION ( 'NONE',  ( 1.000000000000000000, 0.0000000000000000000, -0.0000000000000000000 ) ) ;
#3210 = CARTESIAN_POINT ( 'NONE',  ( -47.70000000000089813, 17.60000000040144030, -60.00000000000000000 ) ) ;
#3211 = VERTEX_POINT ( 'NONE', #1029 ) ;
#3212 = EDGE_CURVE ( 'NONE', #3920, #720, #666, .T. ) ;
#3213 = DIRECTION ( 'NONE',  ( -0.0000000000000000000, -0.0000000000000000000, 1.000000000000000000 ) ) ;
#3214 = EDGE_LOOP ( 'NONE', ( #3754, #3127, #2014, #3316 ) ) ;
#3215 = FACE_OUTER_BOUND ( 'NONE', #1943, .T. ) ;
#3216 = CARTESIAN_POINT ( 'NONE',  ( -47.70000000000089813, 14.09999999970129636, -60.00000000000000000 ) ) ;
#3217 = VERTEX_POINT ( 'NONE', #60 ) ;
#3218 = CARTESIAN_POINT ( 'NONE',  ( -48.54999999999999005, 17.50000000043336001, 60.00000000000000000 ) ) ;
#3219 = LINE ( 'NONE', #18, #1229 ) ;
#3220 = DIRECTION ( 'NONE',  ( 1.000000000000000000, 0.0000000000000000000, 0.0000000000000000000 ) ) ;
#3221 = AXIS2_PLACEMENT_3D ( 'NONE', #1856, #594, #1894 ) ;
#3222 = ORIENTED_EDGE ( 'NONE', *, *, #826, .F. ) ;
#3223 = ORIENTED_EDGE ( 'NONE', *, *, #3598, .T. ) ;
#3224 = EDGE_CURVE ( 'NONE', #2896, #2758, #3268, .T. ) ;
#3225 = EDGE_CURVE ( 'NONE', #841, #3370, #380, .T. ) ;
#3226 = PLANE ( 'NONE',  #3814 ) ;
#3227 = CIRCLE ( 'NONE', #1077, 0.1999999999999987899 ) ;
#3228 = DIRECTION ( 'NONE',  ( 0.7071067811865013875, 0.7071067811865936470, 0.0000000000000000000 ) ) ;
#3229 = VECTOR ( 'NONE', #2763, 1000.000000000000000 ) ;
#3230 = DIRECTION ( 'NONE',  ( 0.0000000000000000000, 0.0000000000000000000, -1.000000000000000000 ) ) ;
#3231 = EDGE_LOOP ( 'NONE', ( #305, #2585, #438, #523 ) ) ;
#3232 = AXIS2_PLACEMENT_3D ( 'NONE', #476, #3069, #1758 ) ;
#3233 = EDGE_CURVE ( 'NONE', #633, #3076, #1957, .T. ) ;
#3234 = VECTOR ( 'NONE', #1845, 1000.000000000000000 ) ;
#3235 = DIRECTION ( 'NONE',  ( 0.0000000000000000000, 0.0000000000000000000, 1.000000000000000000 ) ) ;
#3236 = AXIS2_PLACEMENT_3D ( 'NONE', #819, #3396, #505 ) ;
#3237 = CYLINDRICAL_SURFACE ( 'NONE', #1681, 0.2000000000000057288 ) ;
#3238 = ORIENTED_EDGE ( 'NONE', *, *, #321, .T. ) ;
#3239 = CARTESIAN_POINT ( 'NONE',  ( 44.80000000010336692, 4.499999999806380657, 60.00000000000000000 ) ) ;
#3240 = VECTOR ( 'NONE', #3537, 1000.000000000000000 ) ;
#3241 = ORIENTED_EDGE ( 'NONE', *, *, #3075, .F. ) ;
#3242 = LINE ( 'NONE', #1314, #1265 ) ;
#3243 = DIRECTION ( 'NONE',  ( -1.000000000000000000, 0.0000000000000000000, 0.0000000000000000000 ) ) ;
#3244 = VERTEX_POINT ( 'NONE', #3607 ) ;
#3245 = SHAPE_REPRESENTATION ( 'K93-120', ( #2550, #3753, #3279, #1456, #3819 ), #185 ) ;
#3246 = CARTESIAN_POINT ( 'NONE',  ( -48.90000000010525127, 11.94427185665847269, -0.2500000000000340283 ) ) ;
#3247 = DIRECTION ( 'NONE',  ( -0.0000000000000000000, -0.0000000000000000000, -1.000000000000000000 ) ) ;
#3248 = LINE ( 'NONE', #85, #2969 ) ;
#3249 = VECTOR ( 'NONE', #705, 1000.000000000000000 ) ;
#3250 = ORIENTED_EDGE ( 'NONE', *, *, #1700, .F. ) ;
#3251 = CARTESIAN_POINT ( 'NONE',  ( 48.89999999999841407, 18.62540333108481150, 60.00000000000000000 ) ) ;
#3252 = EDGE_CURVE ( 'NONE', #3878, #1697, #470, .T. ) ;
#3253 = CIRCLE ( 'NONE', #762, 1.299999999999967848 ) ;
#3254 = CARTESIAN_POINT ( 'NONE',  ( -45.81339312537522090, 6.049999999805027784, 60.00000000000000000 ) ) ;
#3255 = EDGE_CURVE ( 'NONE', #49, #158, #1548, .T. ) ;
#3256 = VERTEX_POINT ( 'NONE', #3246 ) ;
#3257 = ADVANCED_FACE ( 'NONE', ( #1320 ), #2952, .F. ) ;
#3258 = CARTESIAN_POINT ( 'NONE',  ( 46.17157287525336073, 1.221245327087672194E-12, 60.00000000000000000 ) ) ;
#3259 = EDGE_CURVE ( 'NONE', #388, #1535, #984, .T. ) ;
#3260 = DIRECTION ( 'NONE',  ( 0.0000000000000000000, -0.0000000000000000000, -1.000000000000000000 ) ) ;
#3261 = ORIENTED_EDGE ( 'NONE', *, *, #541, .T. ) ;
#3262 = CARTESIAN_POINT ( 'NONE',  ( -47.70000000000086970, 11.29999999970110380, 60.00000000000000000 ) ) ;
#3263 = VERTEX_POINT ( 'NONE', #647 ) ;
#3264 = CARTESIAN_POINT ( 'NONE',  ( 48.89999999999841407, 18.62540333108481150, 60.00000000000000000 ) ) ;
#3265 = CARTESIAN_POINT ( 'NONE',  ( -51.41421356237282936, 4.414213562371149813, 60.00000000000000000 ) ) ;
#3266 = ORIENTED_EDGE ( 'NONE', *, *, #497, .T. ) ;
#3267 = PLANE ( 'NONE',  #41 ) ;
#3268 = LINE ( 'NONE', #962, #1207 ) ;
#3269 = DIRECTION ( 'NONE',  ( -0.0000000000000000000, -0.0000000000000000000, -1.000000000000000000 ) ) ;
#3270 = CARTESIAN_POINT ( 'NONE',  ( 50.00000000000191847, 14.09999999970130879, -60.00000000000000000 ) ) ;
#3271 = ORIENTED_EDGE ( 'NONE', *, *, #454, .F. ) ;
#3272 = CARTESIAN_POINT ( 'NONE',  ( 47.30000000010520012, 11.94427185665847269, 0.7500000000000000000 ) ) ;
#3273 = VECTOR ( 'NONE', #212, 1000.000000000000000 ) ;
#3274 = CARTESIAN_POINT ( 'NONE',  ( -50.00000000000191847, 11.09999999970110451, -60.00000000000000000 ) ) ;
#3275 = MECHANICAL_DESIGN_GEOMETRIC_PRESENTATION_REPRESENTATION (  '', ( #1052 ), #1453 ) ;
#3276 = CARTESIAN_POINT ( 'NONE',  ( -43.30000000010716832, 4.499999999805770479, -60.00000000000000000 ) ) ;
#3277 = ORIENTED_EDGE ( 'NONE', *, *, #3736, .T. ) ;
#3278 = VECTOR ( 'NONE', #1653, 1000.000000000000114 ) ;
#3279 = AXIS2_PLACEMENT_3D ( 'NONE', #220, #1560, #4045 ) ;
#3280 = LINE ( 'NONE', #1944, #3249 ) ;
#3281 = CARTESIAN_POINT ( 'NONE',  ( 45.90510708291896691, 8.599999999702511388, -60.00000000000000000 ) ) ;
#3282 = ORIENTED_EDGE ( 'NONE', *, *, #2724, .F. ) ;
#3283 = EDGE_CURVE ( 'NONE', #1834, #384, #1053, .T. ) ;
#3284 = EDGE_LOOP ( 'NONE', ( #2046, #3250, #3970, #3493 ) ) ;
#3285 = DIRECTION ( 'NONE',  ( 0.0000000000000000000, 0.0000000000000000000, 1.000000000000000000 ) ) ;
#3286 = CARTESIAN_POINT ( 'NONE',  ( -47.70000000000086970, 11.29999999970110380, -62.43310501212032193 ) ) ;
#3287 = ORIENTED_EDGE ( 'NONE', *, *, #3283, .F. ) ;
#3288 = CARTESIAN_POINT ( 'NONE',  ( 44.80000000010336692, 2.499999999806379325, 60.00000000000000000 ) ) ;
#3289 = EDGE_CURVE ( 'NONE', #1588, #3453, #3630, .T. ) ;
#3290 = PRODUCT ( 'K93-120', 'K93-120', '', ( #196 ) ) ;
#3291 = CARTESIAN_POINT ( 'NONE',  ( 47.30000000010520012, 11.94427185665847269, -0.7500000000000000000 ) ) ;
#3292 = CARTESIAN_POINT ( 'NONE',  ( -49.74999999999937472, 16.60000000043260115, 60.00000000000000000 ) ) ;
#3293 = CARTESIAN_POINT ( 'NONE',  ( -48.44999999999941309, 16.60000000043260115, 60.00000000000000000 ) ) ;
#3294 = VERTEX_POINT ( 'NONE', #736 ) ;
#3295 = ORIENTED_EDGE ( 'NONE', *, *, #2177, .F. ) ;
#3296 = VECTOR ( 'NONE', #3228, 1000.000000000000114 ) ;
#3297 = FACE_OUTER_BOUND ( 'NONE', #1384, .T. ) ;
#3298 = CARTESIAN_POINT ( 'NONE',  ( 47.58578643762667326, -17.40848541902717628, -0.7500000000000000000 ) ) ;
#3299 = ORIENTED_EDGE ( 'NONE', *, *, #3538, .F. ) ;
#3300 = VECTOR ( 'NONE', #286, 1000.000000000000000 ) ;
#3301 = LINE ( 'NONE', #3966, #1884 ) ;
#3302 = AXIS2_PLACEMENT_3D ( 'NONE', #1066, #2053, #3385 ) ;
#3303 = FACE_OUTER_BOUND ( 'NONE', #1179, .T. ) ;
#3304 = AXIS2_PLACEMENT_3D ( 'NONE', #146, #481, #437 ) ;
#3305 = VERTEX_POINT ( 'NONE', #2929 ) ;
#3306 = DIRECTION ( 'NONE',  ( 1.000000000000000000, -0.0000000000000000000, -0.0000000000000000000 ) ) ;
#3307 = ADVANCED_FACE ( 'NONE', ( #38 ), #3196, .T. ) ;
#3308 = DIRECTION ( 'NONE',  ( -0.0000000000000000000, -0.0000000000000000000, -1.000000000000000000 ) ) ;
#3309 = ADVANCED_FACE ( 'NONE', ( #690 ), #2059, .F. ) ;
#3310 = ORIENTED_EDGE ( 'NONE', *, *, #1760, .T. ) ;
#3311 = VECTOR ( 'NONE', #627, 1000.000000000000114 ) ;
#3312 = LINE ( 'NONE', #462, #4010 ) ;
#3313 = ORIENTED_EDGE ( 'NONE', *, *, #729, .F. ) ;
#3314 = DIRECTION ( 'NONE',  ( -0.0000000000000000000, -0.0000000000000000000, 1.000000000000000000 ) ) ;
#3315 = PLANE ( 'NONE',  #3646 ) ;
#3316 = ORIENTED_EDGE ( 'NONE', *, *, #1988, .F. ) ;
#3317 = ORIENTED_EDGE ( 'NONE', *, *, #3027, .F. ) ;
#3318 =( NAMED_UNIT ( * ) PLANE_ANGLE_UNIT ( ) SI_UNIT ( $, .RADIAN. ) );
#3319 = DIRECTION ( 'NONE',  ( 0.0000000000000000000, 0.0000000000000000000, -1.000000000000000000 ) ) ;
#3320 = DIRECTION ( 'NONE',  ( 1.000000000000000000, -0.0000000000000000000, -0.0000000000000000000 ) ) ;
#3321 = AXIS2_PLACEMENT_3D ( 'NONE', #424, #1380, #963 ) ;
#3322 = CARTESIAN_POINT ( 'NONE',  ( 51.99999999999951683, 5.828427124747015853, 60.00000000000000000 ) ) ;
#3323 = CARTESIAN_POINT ( 'NONE',  ( 45.81339312537141240, 5.849999999805676865, -60.00000000000000000 ) ) ;
#3324 = ORIENTED_EDGE ( 'NONE', *, *, #2099, .T. ) ;
#3325 = VECTOR ( 'NONE', #3332, 1000.000000000000114 ) ;
#3326 = CIRCLE ( 'NONE', #1035, 2.000000000000015543 ) ;
#3327 = PLANE ( 'NONE',  #2501 ) ;
#3328 = CARTESIAN_POINT ( 'NONE',  ( 49.74999999999893419, 19.40000000032571137, -60.00000000000000000 ) ) ;
#3329 = EDGE_LOOP ( 'NONE', ( #3310, #3433, #3131, #2106 ) ) ;
#3330 = DIRECTION ( 'NONE',  ( -0.7071067811865885400, 0.7071067811865064945, 0.0000000000000000000 ) ) ;
#3331 = EDGE_LOOP ( 'NONE', ( #2081, #234, #3553, #1222 ) ) ;
#3332 = DIRECTION ( 'NONE',  ( -0.7071067811865013875, -0.7071067811865936470, 0.0000000000000000000 ) ) ;
#3333 = CARTESIAN_POINT ( 'NONE',  ( 46.17157287525331100, 17.99427185665869544, -0.7500000000000000000 ) ) ;
#3334 = ORIENTED_EDGE ( 'NONE', *, *, #1542, .F. ) ;
#3335 = VERTEX_POINT ( 'NONE', #1740 ) ;
#3336 = ADVANCED_FACE ( 'NONE', ( #2726 ), #3915, .F. ) ;
#3337 = EDGE_CURVE ( 'NONE', #343, #1238, #3606, .T. ) ;
#3338 = CARTESIAN_POINT ( 'NONE',  ( 45.70000000010521291, -11.94427185665641922, -0.7500000000000000000 ) ) ;
#3339 = DIRECTION ( 'NONE',  ( -0.0000000000000000000, 1.000000000000000000, -0.0000000000000000000 ) ) ;
#3340 = CARTESIAN_POINT ( 'NONE',  ( -42.71715728763251008, 1.999999999805768702, -60.00000000000000000 ) ) ;
#3341 = CIRCLE ( 'NONE', #1788, 0.2000000000000057288 ) ;
#3342 = LINE ( 'NONE', #1415, #548 ) ;
#3343 = FACE_OUTER_BOUND ( 'NONE', #391, .T. ) ;
#3344 = AXIS2_PLACEMENT_3D ( 'NONE', #2145, #2765, #4038 ) ;
#3345 = VERTEX_POINT ( 'NONE', #2022 ) ;
#3346 = VECTOR ( 'NONE', #1242, 1000.000000000000000 ) ;
#3347 = CARTESIAN_POINT ( 'NONE',  ( -48.90000000010525127, -11.94427185665641922, -0.2500000000000340283 ) ) ;
#3348 = DIRECTION ( 'NONE',  ( -0.0000000000000000000, -0.0000000000000000000, -1.000000000000000000 ) ) ;
#3349 = VERTEX_POINT ( 'NONE', #2318 ) ;
#3350 = LINE ( 'NONE', #3629, #1991 ) ;
#3351 = ORIENTED_EDGE ( 'NONE', *, *, #3538, .T. ) ;
#3352 = CARTESIAN_POINT ( 'NONE',  ( -51.79999999999854055, 17.80000000046327813, -60.00000000000000000 ) ) ;
#3353 = CARTESIAN_POINT ( 'NONE',  ( -46.17157287525336073, 17.99427185665592077, 0.7500000000000000000 ) ) ;
#3354 = ORIENTED_EDGE ( 'NONE', *, *, #315, .T. ) ;
#3355 = ORIENTED_EDGE ( 'NONE', *, *, #3255, .T. ) ;
#3356 = DIRECTION ( 'NONE',  ( 0.0000000000000000000, 0.0000000000000000000, 1.000000000000000000 ) ) ;
#3357 = EDGE_CURVE ( 'NONE', #1891, #2732, #3350, .T. ) ;
#3358 = DIRECTION ( 'NONE',  ( 1.000000000000000000, 0.0000000000000000000, 0.0000000000000000000 ) ) ;
#3359 = AXIS2_PLACEMENT_3D ( 'NONE', #2982, #90, #532 ) ;
#3360 = ORIENTED_EDGE ( 'NONE', *, *, #1119, .T. ) ;
#3361 = LINE ( 'NONE', #3703, #280 ) ;
#3362 = FACE_OUTER_BOUND ( 'NONE', #2684, .T. ) ;
#3363 = CIRCLE ( 'NONE', #330, 0.4999999999999310552 ) ;
#3364 = VERTEX_POINT ( 'NONE', #714 ) ;
#3365 = CIRCLE ( 'NONE', #2962, 0.4999999999999935052 ) ;
#3366 = VECTOR ( 'NONE', #2238, 1000.000000000000114 ) ;
#3367 = CARTESIAN_POINT ( 'NONE',  ( -49.90000000000191704, 11.09999999970110451, 60.00000000000000000 ) ) ;
#3368 = VECTOR ( 'NONE', #1968, 1000.000000000000000 ) ;
#3369 = DIRECTION ( 'NONE',  ( -0.0000000000000000000, -0.0000000000000000000, -1.000000000000000000 ) ) ;
#3370 = VERTEX_POINT ( 'NONE', #1378 ) ;
#3371 = DIRECTION ( 'NONE',  ( -0.0000000000000000000, -0.0000000000000000000, -1.000000000000000000 ) ) ;
#3372 = AXIS2_PLACEMENT_3D ( 'NONE', #2376, #3622, #3946 ) ;
#3373 = ORIENTED_EDGE ( 'NONE', *, *, #3029, .F. ) ;
#3374 = PRODUCT_DEFINITION ( '未知', '', #519, #2730 ) ;
#3375 = CARTESIAN_POINT ( 'NONE',  ( -50.74999999999938183, 17.80000000046327813, -60.00000000000000000 ) ) ;
#3376 = DIRECTION ( 'NONE',  ( -1.000000000000000000, 0.0000000000000000000, 0.0000000000000000000 ) ) ;
#3377 = ORIENTED_EDGE ( 'NONE', *, *, #2200, .T. ) ;
#3378 = ORIENTED_EDGE ( 'NONE', *, *, #3799, .T. ) ;
#3379 = CARTESIAN_POINT ( 'NONE',  ( 0.0000000000000000000, 0.0000000000000000000, 0.0000000000000000000 ) ) ;
#3380 = DIRECTION ( 'NONE',  ( 0.0000000000000000000, 0.0000000000000000000, 1.000000000000000000 ) ) ;
#3381 = DIRECTION ( 'NONE',  ( 0.0000000000000000000, 0.0000000000000000000, 1.000000000000000000 ) ) ;
#3382 = ORIENTED_EDGE ( 'NONE', *, *, #3891, .T. ) ;
#3383 = EDGE_CURVE ( 'NONE', #2161, #3926, #1680, .T. ) ;
#3384 = DIRECTION ( 'NONE',  ( 1.000000000000000000, 0.0000000000000000000, 0.0000000000000000000 ) ) ;
#3385 = DIRECTION ( 'NONE',  ( 1.000000000000000000, 0.0000000000000000000, 0.0000000000000000000 ) ) ;
#3386 = ORIENTED_EDGE ( 'NONE', *, *, #956, .T. ) ;
#3387 = EDGE_CURVE ( 'NONE', #3671, #728, #2703, .T. ) ;
#3388 = PLANE ( 'NONE',  #1476 ) ;
#3389 = DIRECTION ( 'NONE',  ( 1.000000000000000000, 0.0000000000000000000, 0.0000000000000000000 ) ) ;
#3390 = VECTOR ( 'NONE', #3998, 1000.000000000000000 ) ;
#3391 = VERTEX_POINT ( 'NONE', #3978 ) ;
#3392 = LINE ( 'NONE', #2123, #1793 ) ;
#3393 = ORIENTED_EDGE ( 'NONE', *, *, #3483, .F. ) ;
#3394 = CARTESIAN_POINT ( 'NONE',  ( 46.17157287525380838, 2.000000000001223022, 60.00000000000000000 ) ) ;
#3395 = AXIS2_PLACEMENT_3D ( 'NONE', #3508, #971, #1605 ) ;
#3396 = DIRECTION ( 'NONE',  ( -0.0000000000000000000, -0.0000000000000000000, -1.000000000000000000 ) ) ;
#3397 = EDGE_LOOP ( 'NONE', ( #2455, #174, #291, #2665 ) ) ;
#3398 = ORIENTED_EDGE ( 'NONE', *, *, #4121, .F. ) ;
#3399 = DIRECTION ( 'NONE',  ( -1.000000000000000222, 1.443289932012703503E-15, -5.551115123125827076E-17 ) ) ;
#3400 = CARTESIAN_POINT ( 'NONE',  ( -47.30000000010711858, 6.049999999804822615, 60.00000000000000000 ) ) ;
#3401 = CARTESIAN_POINT ( 'NONE',  ( 46.40510708291889586, 8.599999999702511388, 60.00000000000000000 ) ) ;
#3402 = ORIENTED_EDGE ( 'NONE', *, *, #1796, .F. ) ;
#3403 = CARTESIAN_POINT ( 'NONE',  ( 46.17157287525331100, -17.99427185665475193, 0.7500000000000000000 ) ) ;
#3404 = DIRECTION ( 'NONE',  ( -1.000000000000000000, 0.0000000000000000000, 0.0000000000000000000 ) ) ;
#3405 = VERTEX_POINT ( 'NONE', #1097 ) ;
#3406 = DIRECTION ( 'NONE',  ( -1.000000000000000000, 0.0000000000000000000, 0.0000000000000000000 ) ) ;
#3407 = VECTOR ( 'NONE', #639, 1000.000000000000114 ) ;
#3408 = CARTESIAN_POINT ( 'NONE',  ( 48.89999999999841407, 18.62540333108481150, 60.00000000000000000 ) ) ;
#3409 = MECHANICAL_DESIGN_GEOMETRIC_PRESENTATION_REPRESENTATION (  '', ( #977 ), #309 ) ;
#3410 = ORIENTED_EDGE ( 'NONE', *, *, #314, .F. ) ;
#3411 = EDGE_CURVE ( 'NONE', #3195, #1735, #3312, .T. ) ;
#3412 = ADVANCED_FACE ( 'NONE', ( #59 ), #3953, .F. ) ;
#3413 = VECTOR ( 'NONE', #3886, 1000.000000000000000 ) ;
#3414 = DIRECTION ( 'NONE',  ( -0.0000000000000000000, -0.0000000000000000000, -1.000000000000000000 ) ) ;
#3415 = ORIENTED_EDGE ( 'NONE', *, *, #451, .T. ) ;
#3416 = CARTESIAN_POINT ( 'NONE',  ( -47.50000000000090239, 17.60000000040144030, 60.00000000000000000 ) ) ;
#3417 = CARTESIAN_POINT ( 'NONE',  ( 46.40510708291889586, 8.599999999702511388, 60.00000000000000000 ) ) ;
#3418 = EDGE_LOOP ( 'NONE', ( #3177, #444, #3102, #569 ) ) ;
#3419 = ORIENTED_EDGE ( 'NONE', *, *, #3943, .T. ) ;
#3420 = PRODUCT_CONTEXT ( 'NONE', #1513, 'mechanical' ) ;
#3421 = CARTESIAN_POINT ( 'NONE',  ( -43.30000000010716832, 4.499999999805770479, 60.00000000000000000 ) ) ;
#3422 = DIRECTION ( 'NONE',  ( -0.0000000000000000000, -0.0000000000000000000, -1.000000000000000000 ) ) ;
#3423 = EDGE_LOOP ( 'NONE', ( #3605, #1109, #1450, #2988 ) ) ;
#3424 = CARTESIAN_POINT ( 'NONE',  ( -48.54999999999999005, 17.80000000040143959, -60.00000000000000000 ) ) ;
#3425 = DIRECTION ( 'NONE',  ( -0.0000000000000000000, -0.0000000000000000000, -1.000000000000000000 ) ) ;
#3426 = ORIENTED_EDGE ( 'NONE', *, *, #501, .F. ) ;
#3427 = VECTOR ( 'NONE', #3902, 1000.000000000000000 ) ;
#3428 = DIRECTION ( 'NONE',  ( -0.0000000000000000000, -0.0000000000000000000, -1.000000000000000000 ) ) ;
#3429 = DIRECTION ( 'NONE',  ( 1.000000000000000000, 0.0000000000000000000, 0.0000000000000000000 ) ) ;
#3430 = ORIENTED_EDGE ( 'NONE', *, *, #3357, .T. ) ;
#3431 = CARTESIAN_POINT ( 'NONE',  ( 45.81339312537141240, 5.849999999805676865, 60.00000000000000000 ) ) ;
#3432 = VECTOR ( 'NONE', #92, 1000.000000000000000 ) ;
#3433 = ORIENTED_EDGE ( 'NONE', *, *, #1841, .F. ) ;
#3434 = VECTOR ( 'NONE', #1155, 1000.000000000000000 ) ;
#3435 = ADVANCED_FACE ( 'NONE', ( #1424 ), #3267, .F. ) ;
#3436 = DIRECTION ( 'NONE',  ( 0.0000000000000000000, 0.0000000000000000000, 1.000000000000000000 ) ) ;
#3437 = DIRECTION ( 'NONE',  ( 1.000000000000000000, 0.0000000000000000000, 0.0000000000000000000 ) ) ;
#3438 = EDGE_CURVE ( 'NONE', #1697, #1238, #439, .T. ) ;
#3439 = AXIS2_PLACEMENT_3D ( 'NONE', #353, #2012, #1289 ) ;
#3440 = ORIENTED_EDGE ( 'NONE', *, *, #1013, .F. ) ;
#3441 = AXIS2_PLACEMENT_3D ( 'NONE', #3874, #3591, #442 ) ;
#3442 = EDGE_CURVE ( 'NONE', #2581, #3244, #2673, .T. ) ;
#3443 = LINE ( 'NONE', #629, #1072 ) ;
#3444 = AXIS2_PLACEMENT_3D ( 'NONE', #2799, #4066, #1185 ) ;
#3445 = AXIS2_PLACEMENT_3D ( 'NONE', #591, #3138, #257 ) ;
#3446 = CARTESIAN_POINT ( 'NONE',  ( 48.89999999999841407, 18.62540333108481150, 60.00000000000000000 ) ) ;
#3447 = ORIENTED_EDGE ( 'NONE', *, *, #3665, .F. ) ;
#3448 = DIRECTION ( 'NONE',  ( -0.7071067811865168196, -0.7071067811865783259, 0.0000000000000000000 ) ) ;
#3449 = CARTESIAN_POINT ( 'NONE',  ( 43.30000000010336692, 5.549999999805654838, 60.00000000000000000 ) ) ;
#3450 = ORIENTED_EDGE ( 'NONE', *, *, #3511, .F. ) ;
#3451 = CARTESIAN_POINT ( 'NONE',  ( -45.70000000010526975, -11.94427185665641922, -0.2500000000000340283 ) ) ;
#3452 = CARTESIAN_POINT ( 'NONE',  ( 50.59999999999934062, 18.62540333108464452, 60.00000000000000000 ) ) ;
#3453 = VERTEX_POINT ( 'NONE', #3588 ) ;
#3454 = LINE ( 'NONE', #878, #3615 ) ;
#3455 = EDGE_CURVE ( 'NONE', #3750, #3634, #4072, .T. ) ;
#3456 = ORIENTED_EDGE ( 'NONE', *, *, #219, .F. ) ;
#3457 = DIRECTION ( 'NONE',  ( -0.0000000000000000000, -0.0000000000000000000, -1.000000000000000000 ) ) ;
#3458 = CIRCLE ( 'NONE', #2588, 1.599999999999990319 ) ;
#3459 = SURFACE_STYLE_USAGE ( .BOTH. , #2559 ) ;
#3460 = ORIENTED_EDGE ( 'NONE', *, *, #1462, .F. ) ;
#3461 = CARTESIAN_POINT ( 'NONE',  ( 48.90000000010519443, -11.94427185665641922, -0.2500000000000062728 ) ) ;
#3462 = VECTOR ( 'NONE', #2786, 1000.000000000000000 ) ;
#3463 = ADVANCED_FACE ( 'NONE', ( #1400 ), #421, .F. ) ;
#3464 = EDGE_CURVE ( 'NONE', #1383, #3527, #2660, .T. ) ;
#3465 = CARTESIAN_POINT ( 'NONE',  ( 42.85857864386606053, 2.058578643569071609, -60.00000000000000000 ) ) ;
#3466 = DIRECTION ( 'NONE',  ( -0.0000000000000000000, -0.0000000000000000000, -1.000000000000000000 ) ) ;
#3467 = LINE ( 'NONE', #1149, #1412 ) ;
#3468 = FACE_OUTER_BOUND ( 'NONE', #2587, .T. ) ;
#3469 = DIRECTION ( 'NONE',  ( -0.0000000000000000000, -0.0000000000000000000, -1.000000000000000000 ) ) ;
#3470 = LINE ( 'NONE', #3452, #3775 ) ;
#3471 = AXIS2_PLACEMENT_3D ( 'NONE', #4115, #2190, #3475 ) ;
#3472 = ORIENTED_EDGE ( 'NONE', *, *, #700, .T. ) ;
#3473 = DIRECTION ( 'NONE',  ( -0.0000000000000000000, -0.0000000000000000000, -1.000000000000000000 ) ) ;
#3474 = ORIENTED_EDGE ( 'NONE', *, *, #3892, .F. ) ;
#3475 = DIRECTION ( 'NONE',  ( 1.000000000000000000, 0.0000000000000000000, 0.0000000000000000000 ) ) ;
#3476 = DIRECTION ( 'NONE',  ( 0.0000000000000000000, 0.0000000000000000000, 1.000000000000000000 ) ) ;
#3477 = EDGE_LOOP ( 'NONE', ( #1570, #1703, #3504, #413 ) ) ;
#3478 = AXIS2_PLACEMENT_3D ( 'NONE', #1005, #379, #3672 ) ;
#3479 = DIRECTION ( 'NONE',  ( 0.0000000000000000000, 0.0000000000000000000, 1.000000000000000000 ) ) ;
#3480 = CARTESIAN_POINT ( 'NONE',  ( 46.17157287525380838, 2.000000000001223022, -60.00000000000000000 ) ) ;
#3481 = DIRECTION ( 'NONE',  ( -1.000000000000000000, 0.0000000000000000000, 0.0000000000000000000 ) ) ;
#3482 = VERTEX_POINT ( 'NONE', #2974 ) ;
#3483 = EDGE_CURVE ( 'NONE', #2727, #4020, #3934, .T. ) ;
#3484 = CARTESIAN_POINT ( 'NONE',  ( 51.99999999999987210, 17.60000000045621960, 60.00000000000000000 ) ) ;
#3485 = EDGE_CURVE ( 'NONE', #761, #2557, #3094, .T. ) ;
#3486 = CARTESIAN_POINT ( 'NONE',  ( 50.00000000000191847, 12.09999999970111695, 60.00000000000000000 ) ) ;
#3487 = EDGE_CURVE ( 'NONE', #285, #4061, #3140, .T. ) ;
#3488 = CARTESIAN_POINT ( 'NONE',  ( 43.38284271257798252, 2.299999999806379147, 60.00000000000000000 ) ) ;
#3489 = EDGE_CURVE ( 'NONE', #829, #3655, #1765, .T. ) ;
#3490 = EDGE_LOOP ( 'NONE', ( #689, #1461, #1193, #785 ) ) ;
#3491 = FACE_OUTER_BOUND ( 'NONE', #3774, .T. ) ;
#3492 = AXIS2_PLACEMENT_3D ( 'NONE', #3251, #1644, #1367 ) ;
#3493 = ORIENTED_EDGE ( 'NONE', *, *, #752, .T. ) ;
#3494 = CARTESIAN_POINT ( 'NONE',  ( -48.90000000010525127, 11.94427185665847269, -0.7500000000000000000 ) ) ;
#3495 = DIRECTION ( 'NONE',  ( 0.7071067811865474617, 0.7071067811865474617, 0.0000000000000000000 ) ) ;
#3496 = ADVANCED_FACE ( 'NONE', ( #3712 ), #1194, .T. ) ;
#3497 = EDGE_LOOP ( 'NONE', ( #325, #2361, #86, #1597 ) ) ;
#3498 = AXIS2_PLACEMENT_3D ( 'NONE', #2960, #969, #1304 ) ;
#3499 = CARTESIAN_POINT ( 'NONE',  ( 51.79999999999987637, 17.80000000045622954, -60.00000000000000000 ) ) ;
#3500 = AXIS2_PLACEMENT_3D ( 'NONE', #1417, #1779, #747 ) ;
#3501 = CIRCLE ( 'NONE', #3439, 1.299999999999967848 ) ;
#3502 = DIRECTION ( 'NONE',  ( -0.0000000000000000000, -1.000000000000000000, -0.0000000000000000000 ) ) ;
#3503 = VECTOR ( 'NONE', #759, 1000.000000000000000 ) ;
#3504 = ORIENTED_EDGE ( 'NONE', *, *, #2305, .F. ) ;
#3505 = DIRECTION ( 'NONE',  ( -0.8660254037844457020, 0.4999999999999877320, 0.0000000000000000000 ) ) ;
#3506 = VECTOR ( 'NONE', #1836, 1000.000000000000000 ) ;
#3507 = EDGE_CURVE ( 'NONE', #3083, #2225, #4015, .T. ) ;
#3508 = CARTESIAN_POINT ( 'NONE',  ( -47.30000000010525696, -11.94427185665641922, 0.7500000000000000000 ) ) ;
#3509 = CARTESIAN_POINT ( 'NONE',  ( -45.81339312537522090, 6.049999999805044659, -60.00000000000000000 ) ) ;
#3510 = VERTEX_POINT ( 'NONE', #4057 ) ;
#3511 = EDGE_CURVE ( 'NONE', #2371, #12, #1133, .T. ) ;
#3512 = ADVANCED_FACE ( 'NONE', ( #483 ), #3077, .T. ) ;
#3513 = LINE ( 'NONE', #3793, #3407 ) ;
#3514 = EDGE_CURVE ( 'NONE', #1735, #3952, #3199, .T. ) ;
#3515 = VERTEX_POINT ( 'NONE', #2492 ) ;
#3516 = CARTESIAN_POINT ( 'NONE',  ( -50.00000000000191847, 11.09999999970110451, -60.00000000000000000 ) ) ;
#3517 = LINE ( 'NONE', #1572, #3311 ) ;
#3518 = PRODUCT_DEFINITION_SHAPE ( 'NONE', 'NONE',  #4164 ) ;
#3519 = ORIENTED_EDGE ( 'NONE', *, *, #3082, .T. ) ;
#3520 = DIRECTION ( 'NONE',  ( 0.0000000000000000000, 0.0000000000000000000, 1.000000000000000000 ) ) ;
#3521 = VERTEX_POINT ( 'NONE', #1466 ) ;
#3522 = CIRCLE ( 'NONE', #361, 1.599999999999990319 ) ;
#3523 = ORIENTED_EDGE ( 'NONE', *, *, #1659, .F. ) ;
#3524 = CARTESIAN_POINT ( 'NONE',  ( 47.58578643762665905, 17.40848541903110558, -0.7500000000000000000 ) ) ;
#3525 = ORIENTED_EDGE ( 'NONE', *, *, #141, .F. ) ;
#3526 = CARTESIAN_POINT ( 'NONE',  ( -48.74999999999998579, 17.60000000040144030, 60.00000000000000000 ) ) ;
#3527 = VERTEX_POINT ( 'NONE', #233 ) ;
#3528 = AXIS2_PLACEMENT_3D ( 'NONE', #1230, #4108, #1245 ) ;
#3529 = FACE_OUTER_BOUND ( 'NONE', #1000, .T. ) ;
#3530 = CARTESIAN_POINT ( 'NONE',  ( 47.30000000010520012, 11.94427185665847269, -0.2500000000000062728 ) ) ;
#3531 = EDGE_LOOP ( 'NONE', ( #1429, #4049, #2985, #791 ) ) ;
#3532 = FACE_OUTER_BOUND ( 'NONE', #3108, .T. ) ;
#3533 = ORIENTED_EDGE ( 'NONE', *, *, #2822, .F. ) ;
#3534 = LINE ( 'NONE', #3264, #2667 ) ;
#3535 = AXIS2_PLACEMENT_3D ( 'NONE', #1974, #33, #3603 ) ;
#3536 = EDGE_CURVE ( 'NONE', #2896, #769, #1311, .T. ) ;
#3537 = DIRECTION ( 'NONE',  ( 0.4999999999999877320, 0.8660254037844457020, 0.0000000000000000000 ) ) ;
#3538 = EDGE_CURVE ( 'NONE', #2065, #633, #585, .T. ) ;
#3539 = EDGE_CURVE ( 'NONE', #2942, #1926, #3116, .T. ) ;
#3540 = ORIENTED_EDGE ( 'NONE', *, *, #2244, .T. ) ;
#3541 = CIRCLE ( 'NONE', #1582, 1.150000000000005240 ) ;
#3542 = DIRECTION ( 'NONE',  ( -1.000000000000000000, 0.0000000000000000000, 0.0000000000000000000 ) ) ;
#3543 = CARTESIAN_POINT ( 'NONE',  ( -50.94999999999937756, 17.50000000043254289, 60.00000000000000000 ) ) ;
#3544 = CARTESIAN_POINT ( 'NONE',  ( -50.74999999999938183, 17.80000000046327813, 60.00000000000000000 ) ) ;
#3545 = AXIS2_PLACEMENT_3D ( 'NONE', #322, #2648, #2306 ) ;
#3546 = ORIENTED_EDGE ( 'NONE', *, *, #3000, .F. ) ;
#3547 = VECTOR ( 'NONE', #1414, 1000.000000000000000 ) ;
#3548 = ORIENTED_EDGE ( 'NONE', *, *, #2526, .F. ) ;
#3549 = CARTESIAN_POINT ( 'NONE',  ( -51.04999999999934346, 16.60000000043260115, -60.00000000000000000 ) ) ;
#3550 = ORIENTED_EDGE ( 'NONE', *, *, #3901, .T. ) ;
#3551 = FACE_BOUND ( 'NONE', #2207, .T. ) ;
#3552 = LINE ( 'NONE', #27, #3101 ) ;
#3553 = ORIENTED_EDGE ( 'NONE', *, *, #2221, .F. ) ;
#3554 = CYLINDRICAL_SURFACE ( 'NONE', #2549, 0.1999999999999987899 ) ;
#3555 = ORIENTED_EDGE ( 'NONE', *, *, #1734, .T. ) ;
#3556 = DIRECTION ( 'NONE',  ( 0.0000000000000000000, 0.0000000000000000000, -1.000000000000000000 ) ) ;
#3557 = DIRECTION ( 'NONE',  ( -1.000000000000000000, 0.0000000000000000000, 0.0000000000000000000 ) ) ;
#3558 = EDGE_LOOP ( 'NONE', ( #3261, #2109, #427, #645 ) ) ;
#3559 = AXIS2_PLACEMENT_3D ( 'NONE', #1581, #3466, #3146 ) ;
#3560 = EDGE_CURVE ( 'NONE', #44, #2807, #3454, .T. ) ;
#3561 = DIRECTION ( 'NONE',  ( 1.000000000000000000, 0.0000000000000000000, 0.0000000000000000000 ) ) ;
#3562 = EDGE_CURVE ( 'NONE', #1485, #3256, #3875, .T. ) ;
#3563 = PLANE ( 'NONE',  #1971 ) ;
#3564 = CYLINDRICAL_SURFACE ( 'NONE', #3781, 0.1999999999999987899 ) ;
#3565 = CIRCLE ( 'NONE', #2497, 0.1999999999999987899 ) ;
#3566 = EDGE_LOOP ( 'NONE', ( #3096, #961, #2296, #2891 ) ) ;
#3567 = ORIENTED_EDGE ( 'NONE', *, *, #445, .T. ) ;
#3568 = ADVANCED_FACE ( 'NONE', ( #1851 ), #2472, .F. ) ;
#3569 = CARTESIAN_POINT ( 'NONE',  ( 48.89999999999841407, 17.80000000040532626, 60.00000000000000000 ) ) ;
#3570 = EDGE_CURVE ( 'NONE', #1780, #440, #3752, .T. ) ;
#3571 = VECTOR ( 'NONE', #731, 1000.000000000000000 ) ;
#3572 = VECTOR ( 'NONE', #2253, 1000.000000000000114 ) ;
#3573 = EDGE_CURVE ( 'NONE', #2047, #2540, #3392, .T. ) ;
#3574 = DIRECTION ( 'NONE',  ( 1.000000000000000000, 0.0000000000000000000, 0.0000000000000000000 ) ) ;
#3575 = CIRCLE ( 'NONE', #1747, 2.000000000000015543 ) ;
#3576 = DIRECTION ( 'NONE',  ( -0.0000000000000000000, -0.0000000000000000000, -1.000000000000000000 ) ) ;
#3577 = ORIENTED_EDGE ( 'NONE', *, *, #2328, .F. ) ;
#3578 = VECTOR ( 'NONE', #1619, 1000.000000000000000 ) ;
#3579 = CARTESIAN_POINT ( 'NONE',  ( 48.90000000010519443, 11.94427185665847269, -0.2500000000000062728 ) ) ;
#3580 = AXIS2_PLACEMENT_3D ( 'NONE', #3695, #1403, #2453 ) ;
#3581 = CARTESIAN_POINT ( 'NONE',  ( -44.80000000010711858, 2.499999999805768702, -60.00000000000000000 ) ) ;
#3582 = ORIENTED_EDGE ( 'NONE', *, *, #37, .F. ) ;
#3583 = DIRECTION ( 'NONE',  ( 1.000000000000000000, 0.0000000000000000000, 0.0000000000000000000 ) ) ;
#3584 = ORIENTED_EDGE ( 'NONE', *, *, #1623, .F. ) ;
#3585 = DIRECTION ( 'NONE',  ( 0.0000000000000000000, -1.000000000000000000, 0.0000000000000000000 ) ) ;
#3586 = CARTESIAN_POINT ( 'NONE',  ( -46.17157287525364495, -17.99427185665641815, -0.7500000000000000000 ) ) ;
#3587 = ORIENTED_EDGE ( 'NONE', *, *, #3895, .F. ) ;
#3588 = CARTESIAN_POINT ( 'NONE',  ( 46.40510708291959219, 9.099999999702445663, 60.00000000000000000 ) ) ;
#3589 = LINE ( 'NONE', #316, #2697 ) ;
#3590 = CARTESIAN_POINT ( 'NONE',  ( -50.00000000000191847, 12.09999999970110451, 60.00000000000000000 ) ) ;
#3591 = DIRECTION ( 'NONE',  ( 3.005699599038905973E-14, -1.000000000000000000, 0.0000000000000000000 ) ) ;
#3592 = ORIENTED_EDGE ( 'NONE', *, *, #729, .T. ) ;
#3593 = LINE ( 'NONE', #45, #913 ) ;
#3594 = FACE_OUTER_BOUND ( 'NONE', #886, .T. ) ;
#3595 = AXIS2_PLACEMENT_3D ( 'NONE', #3178, #3436, #859 ) ;
#3596 = DIRECTION ( 'NONE',  ( 1.000000000000000000, -0.0000000000000000000, -0.0000000000000000000 ) ) ;
#3597 = EDGE_LOOP ( 'NONE', ( #3207, #1692, #3460, #3018 ) ) ;
#3598 = EDGE_CURVE ( 'NONE', #2727, #3391, #253, .T. ) ;
#3599 = CARTESIAN_POINT ( 'NONE',  ( -43.30000000010716832, 4.699999999805769768, 60.00000000000000000 ) ) ;
#3600 = CARTESIAN_POINT ( 'NONE',  ( -48.54999999999999005, 17.50000000043336001, -60.00000000000000000 ) ) ;
#3601 = ORIENTED_EDGE ( 'NONE', *, *, #2594, .T. ) ;
#3602 = ORIENTED_EDGE ( 'NONE', *, *, #294, .F. ) ;
#3603 = DIRECTION ( 'NONE',  ( 1.000000000000000000, 0.0000000000000000000, 0.0000000000000000000 ) ) ;
#3604 = CYLINDRICAL_SURFACE ( 'NONE', #2510, 2.000000000000008882 ) ;
#3605 = ORIENTED_EDGE ( 'NONE', *, *, #1499, .T. ) ;
#3606 = LINE ( 'NONE', #1073, #3748 ) ;
#3607 = CARTESIAN_POINT ( 'NONE',  ( -42.85857864386980509, 2.058578643568461430, 60.00000000000000000 ) ) ;
#3608 = EDGE_CURVE ( 'NONE', #2084, #3905, #1050, .T. ) ;
#3609 = CARTESIAN_POINT ( 'NONE',  ( -51.79999999999854055, 17.80000000046327813, 60.00000000000000000 ) ) ;
#3610 = DIRECTION ( 'NONE',  ( -0.0000000000000000000, -0.0000000000000000000, 1.000000000000000000 ) ) ;
#3611 = ORIENTED_EDGE ( 'NONE', *, *, #556, .F. ) ;
#3612 = VERTEX_POINT ( 'NONE', #1902 ) ;
#3613 = UNCERTAINTY_MEASURE_WITH_UNIT (LENGTH_MEASURE( 1.000000000000000082E-05 ), #175, 'distance_accuracy_value', 'NONE');
#3614 = PRESENTATION_STYLE_ASSIGNMENT (( #1103 ) ) ;
#3615 = VECTOR ( 'NONE', #1833, 1000.000000000000000 ) ;
#3616 = DIRECTION ( 'NONE',  ( -0.0000000000000000000, -0.0000000000000000000, -1.000000000000000000 ) ) ;
#3617 = AXIS2_PLACEMENT_3D ( 'NONE', #3879, #1347, #1895 ) ;
#3618 = CARTESIAN_POINT ( 'NONE',  ( 47.58578643762665905, 17.40848541903110558, 0.7500000000000000000 ) ) ;
#3619 = VERTEX_POINT ( 'NONE', #290 ) ;
#3620 = CONICAL_SURFACE ( 'NONE', #1921, 1.599999999999990319, 0.7853981633974456145 ) ;
#3621 = ADVANCED_FACE ( 'NONE', ( #3532 ), #2610, .F. ) ;
#3622 = DIRECTION ( 'NONE',  ( 0.0000000000000000000, 0.0000000000000000000, 1.000000000000000000 ) ) ;
#3623 = FACE_OUTER_BOUND ( 'NONE', #1769, .T. ) ;
#3624 = VERTEX_POINT ( 'NONE', #2516 ) ;
#3625 = EDGE_CURVE ( 'NONE', #2732, #3211, #1523, .T. ) ;
#3626 = DIRECTION ( 'NONE',  ( -1.000000000000000000, 0.0000000000000000000, 0.0000000000000000000 ) ) ;
#3627 = FACE_OUTER_BOUND ( 'NONE', #635, .T. ) ;
#3628 = ORIENTED_EDGE ( 'NONE', *, *, #4141, .T. ) ;
#3629 = CARTESIAN_POINT ( 'NONE',  ( 43.50000000010336265, 4.499999999806380657, 60.00000000000000000 ) ) ;
#3630 = LINE ( 'NONE', #2270, #915 ) ;
#3631 = DIRECTION ( 'NONE',  ( -0.0000000000000000000, -0.0000000000000000000, -1.000000000000000000 ) ) ;
#3632 = CARTESIAN_POINT ( 'NONE',  ( 44.70000000010521291, 11.94427185665847269, 0.7500000000000000000 ) ) ;
#3633 = ORIENTED_EDGE ( 'NONE', *, *, #982, .F. ) ;
#3634 = VERTEX_POINT ( 'NONE', #2864 ) ;
#3635 = PRESENTATION_STYLE_ASSIGNMENT (( #2347 ) ) ;
#3636 = AXIS2_PLACEMENT_3D ( 'NONE', #2686, #3880, #430 ) ;
#3637 = DIRECTION ( 'NONE',  ( 1.000000000000000000, 0.0000000000000000000, 0.0000000000000000000 ) ) ;
#3638 = LINE ( 'NONE', #3618, #206 ) ;
#3639 = VECTOR ( 'NONE', #1709, 1000.000000000000000 ) ;
#3640 = DIRECTION ( 'NONE',  ( -0.0000000000000000000, -0.0000000000000000000, 1.000000000000000000 ) ) ;
#3641 = AXIS2_PLACEMENT_3D ( 'NONE', #2076, #2399, #808 ) ;
#3642 = CYLINDRICAL_SURFACE ( 'NONE', #1270, 1.150000000000005240 ) ;
#3643 = VECTOR ( 'NONE', #521, 1000.000000000000000 ) ;
#3644 = ORIENTED_EDGE ( 'NONE', *, *, #3224, .T. ) ;
#3645 = EDGE_CURVE ( 'NONE', #2967, #2906, #3176, .T. ) ;
#3646 = AXIS2_PLACEMENT_3D ( 'NONE', #2603, #19, #1076 ) ;
#3647 = DIRECTION ( 'NONE',  ( 0.0000000000000000000, 0.0000000000000000000, 1.000000000000000000 ) ) ;
#3648 = DIRECTION ( 'NONE',  ( -1.000000000000000000, 0.0000000000000000000, 0.0000000000000000000 ) ) ;
#3649 = VERTEX_POINT ( 'NONE', #2556 ) ;
#3650 = APPLICATION_CONTEXT ( 'automotive_design' ) ;
#3651 = EDGE_CURVE ( 'NONE', #3858, #3521, #3513, .T. ) ;
#3652 = AXIS2_PLACEMENT_3D ( 'NONE', #3756, #3981, #1493 ) ;
#3653 = EDGE_CURVE ( 'NONE', #279, #3910, #1584, .T. ) ;
#3654 = DIRECTION ( 'NONE',  ( 1.000000000000000000, 7.133442331102040835E-15, 0.0000000000000000000 ) ) ;
#3655 = VERTEX_POINT ( 'NONE', #901 ) ;
#3656 = DIRECTION ( 'NONE',  ( -1.000000000000000000, 0.0000000000000000000, 0.0000000000000000000 ) ) ;
#3657 = CARTESIAN_POINT ( 'NONE',  ( 47.69999999999702567, 11.89999999970405220, 60.00000000000000000 ) ) ;
#3658 = ORIENTED_EDGE ( 'NONE', *, *, #1652, .F. ) ;
#3659 = ORIENTED_EDGE ( 'NONE', *, *, #2413, .T. ) ;
#3660 = LINE ( 'NONE', #46, #3427 ) ;
#3661 = AXIS2_PLACEMENT_3D ( 'NONE', #929, #3428, #3406 ) ;
#3662 = CARTESIAN_POINT ( 'NONE',  ( 47.49999999999701572, 12.29999999970404723, -60.00000000000000000 ) ) ;
#3663 = LINE ( 'NONE', #784, #3547 ) ;
#3664 = VECTOR ( 'NONE', #2389, 1000.000000000000000 ) ;
#3665 = EDGE_CURVE ( 'NONE', #384, #841, #2128, .T. ) ;
#3666 = FACE_OUTER_BOUND ( 'NONE', #514, .T. ) ;
#3667 = CARTESIAN_POINT ( 'NONE',  ( 49.89999999999800195, 12.09999999970410300, -60.00000000000000000 ) ) ;
#3668 = ORIENTED_EDGE ( 'NONE', *, *, #674, .F. ) ;
#3669 = DIRECTION ( 'NONE',  ( 0.0000000000000000000, 1.000000000000000000, -0.0000000000000000000 ) ) ;
#3670 = FACE_OUTER_BOUND ( 'NONE', #140, .T. ) ;
#3671 = VERTEX_POINT ( 'NONE', #1569 ) ;
#3672 = DIRECTION ( 'NONE',  ( 1.000000000000000000, 2.818925648462328568E-14, 0.0000000000000000000 ) ) ;
#3673 = ORIENTED_EDGE ( 'NONE', *, *, #3173, .T. ) ;
#3674 = ADVANCED_FACE ( 'NONE', ( #3491 ), #2882, .F. ) ;
#3675 = CARTESIAN_POINT ( 'NONE',  ( -46.17157287525364495, -17.99427185665641815, 0.7500000000000000000 ) ) ;
#3676 = FACE_OUTER_BOUND ( 'NONE', #2670, .T. ) ;
#3677 = EDGE_CURVE ( 'NONE', #1489, #622, #10, .T. ) ;
#3678 = EDGE_LOOP ( 'NONE', ( #2820, #2938, #3299, #500 ) ) ;
#3679 = ORIENTED_EDGE ( 'NONE', *, *, #453, .F. ) ;
#3680 = CARTESIAN_POINT ( 'NONE',  ( -44.80000000010711858, 2.499999999805768702, 60.00000000000000000 ) ) ;
#3681 = DIRECTION ( 'NONE',  ( -0.0000000000000000000, -0.0000000000000000000, -1.000000000000000000 ) ) ;
#3682 = ORIENTED_EDGE ( 'NONE', *, *, #1500, .T. ) ;
#3683 = DIRECTION ( 'NONE',  ( 1.000000000000000000, 0.0000000000000000000, 0.0000000000000000000 ) ) ;
#3684 = CYLINDRICAL_SURFACE ( 'NONE', #3232, 0.1999999999999987899 ) ;
#3685 = VECTOR ( 'NONE', #2537, 1000.000000000000114 ) ;
#3686 = ORIENTED_EDGE ( 'NONE', *, *, #1041, .F. ) ;
#3687 = VECTOR ( 'NONE', #1938, 1000.000000000000000 ) ;
#3688 = DIRECTION ( 'NONE',  ( -1.000000000000000000, 0.0000000000000000000, 0.0000000000000000000 ) ) ;
#3689 = CARTESIAN_POINT ( 'NONE',  ( 51.99999999999951683, 5.828427124747015853, 60.00000000000000000 ) ) ;
#3690 = ORIENTED_EDGE ( 'NONE', *, *, #3947, .F. ) ;
#3691 = DIRECTION ( 'NONE',  ( -5.551115123125777653E-14, 1.000000000000000000, -0.0000000000000000000 ) ) ;
#3692 = EDGE_LOOP ( 'NONE', ( #161, #1198, #902, #1663 ) ) ;
#3693 = PLANE ( 'NONE',  #17 ) ;
#3694 = PRODUCT_DEFINITION_CONTEXT ( 'detailed design', #199, 'design' ) ;
#3695 = CARTESIAN_POINT ( 'NONE',  ( -47.30000000010525696, -11.94427185665641922, 0.7500000000000000000 ) ) ;
#3696 = ORIENTED_EDGE ( 'NONE', *, *, #36, .T. ) ;
#3697 = VERTEX_POINT ( 'NONE', #607 ) ;
#3698 = EDGE_CURVE ( 'NONE', #373, #1697, #624, .T. ) ;
#3699 = DIRECTION ( 'NONE',  ( -0.7071067811865937580, 0.7071067811865013875, 0.0000000000000000000 ) ) ;
#3700 = CARTESIAN_POINT ( 'NONE',  ( -50.94999999999937756, 17.50000000043254289, -60.00000000000000000 ) ) ;
#3701 = CIRCLE ( 'NONE', #2958, 2.600000000000019185 ) ;
#3702 = ORIENTED_EDGE ( 'NONE', *, *, #1906, .F. ) ;
#3703 = CARTESIAN_POINT ( 'NONE',  ( 50.00000000000191847, 12.09999999970111695, -60.00000000000000000 ) ) ;
#3704 = DIRECTION ( 'NONE',  ( 1.000000000000000000, 0.0000000000000000000, 0.0000000000000000000 ) ) ;
#3705 = VECTOR ( 'NONE', #70, 1000.000000000000000 ) ;
#3706 = ORIENTED_EDGE ( 'NONE', *, *, #2804, .T. ) ;
#3707 = CONICAL_SURFACE ( 'NONE', #2564, 1.599999999999990319, 0.7853981633974456145 ) ;
#3708 = DIRECTION ( 'NONE',  ( 1.000000000000000000, 0.0000000000000000000, 0.0000000000000000000 ) ) ;
#3709 = CIRCLE ( 'NONE', #2434, 0.1999999999999987899 ) ;
#3710 = DIRECTION ( 'NONE',  ( -0.0000000000000000000, -0.0000000000000000000, 1.000000000000000000 ) ) ;
#3711 = VERTEX_POINT ( 'NONE', #1249 ) ;
#3712 = FACE_OUTER_BOUND ( 'NONE', #3734, .T. ) ;
#3713 = CIRCLE ( 'NONE', #2777, 0.1999999999999987899 ) ;
#3714 = ORIENTED_EDGE ( 'NONE', *, *, #750, .T. ) ;
#3715 = CARTESIAN_POINT ( 'NONE',  ( -47.50000000000090239, 14.09999999970129636, -60.00000000000000000 ) ) ;
#3716 = CARTESIAN_POINT ( 'NONE',  ( -44.80000000010711858, 2.499999999805768702, 60.00000000000000000 ) ) ;
#3717 = CIRCLE ( 'NONE', #3580, 2.600000000000019185 ) ;
#3718 = VERTEX_POINT ( 'NONE', #1292 ) ;
#3719 = ORIENTED_EDGE ( 'NONE', *, *, #836, .T. ) ;
#3720 = CONTEXT_DEPENDENT_SHAPE_REPRESENTATION ( #1287, #653 ) ;
#3721 = PLANE ( 'NONE',  #2079 ) ;
#3722 = DIRECTION ( 'NONE',  ( -0.0000000000000000000, -0.0000000000000000000, -1.000000000000000000 ) ) ;
#3723 = VERTEX_POINT ( 'NONE', #3829 ) ;
#3724 = DIRECTION ( 'NONE',  ( 1.000000000000000000, 2.286680945604766311E-14, -0.0000000000000000000 ) ) ;
#3725 = DIRECTION ( 'NONE',  ( 1.000000000000000000, 0.0000000000000000000, 0.0000000000000000000 ) ) ;
#3726 = ORIENTED_EDGE ( 'NONE', *, *, #1189, .F. ) ;
#3727 = FACE_OUTER_BOUND ( 'NONE', #1158, .T. ) ;
#3728 = LINE ( 'NONE', #3015, #1549 ) ;
#3729 = VERTEX_POINT ( 'NONE', #955 ) ;
#3730 = DIRECTION ( 'NONE',  ( 1.000000000000000000, 0.0000000000000000000, 0.0000000000000000000 ) ) ;
#3731 = VERTEX_POINT ( 'NONE', #3865 ) ;
#3732 = DIRECTION ( 'NONE',  ( 1.000000000000000000, 8.456776945386986335E-14, 0.0000000000000000000 ) ) ;
#3733 = DIRECTION ( 'NONE',  ( 1.000000000000000000, 0.0000000000000000000, 0.0000000000000000000 ) ) ;
#3734 = EDGE_LOOP ( 'NONE', ( #587, #3266, #3377, #684 ) ) ;
#3735 = VERTEX_POINT ( 'NONE', #2595 ) ;
#3736 = EDGE_CURVE ( 'NONE', #772, #488, #933, .T. ) ;
#3737 = ITEM_DEFINED_TRANSFORMATION ( 'NONE', 'NONE', #3279,  #42 ) ;
#3738 = PLANE ( 'NONE',  #999 ) ;
#3739 = DIRECTION ( 'NONE',  ( -0.0000000000000000000, -0.0000000000000000000, -1.000000000000000000 ) ) ;
#3740 = ORIENTED_EDGE ( 'NONE', *, *, #3, .F. ) ;
#3741 = CIRCLE ( 'NONE', #1912, 0.2000000000000057288 ) ;
#3742 = FACE_OUTER_BOUND ( 'NONE', #2118, .T. ) ;
#3743 = DIRECTION ( 'NONE',  ( -0.0000000000000000000, -0.0000000000000000000, -1.000000000000000000 ) ) ;
#3744 = ORIENTED_EDGE ( 'NONE', *, *, #1573, .F. ) ;
#3745 = ADVANCED_FACE ( 'NONE', ( #1269 ), #3154, .T. ) ;
#3746 = ADVANCED_FACE ( 'NONE', ( #3845 ), #3554, .T. ) ;
#3747 = DIRECTION ( 'NONE',  ( -7.930164460023616375E-15, 1.000000000000000000, 0.0000000000000000000 ) ) ;
#3748 = VECTOR ( 'NONE', #1978, 1000.000000000000000 ) ;
#3749 = CARTESIAN_POINT ( 'NONE',  ( 50.59999999999932641, 18.62540333108465163, -60.00000000000000000 ) ) ;
#3750 = VERTEX_POINT ( 'NONE', #661 ) ;
#3751 = EDGE_CURVE ( 'NONE', #1156, #3885, #1950, .T. ) ;
#3752 = LINE ( 'NONE', #857, #2939 ) ;
#3753 = AXIS2_PLACEMENT_3D ( 'NONE', #4101, #508, #2499 ) ;
#3754 = ORIENTED_EDGE ( 'NONE', *, *, #3943, .F. ) ;
#3755 = DIRECTION ( 'NONE',  ( 1.000000000000000000, 0.0000000000000000000, 0.0000000000000000000 ) ) ;
#3756 = CARTESIAN_POINT ( 'NONE',  ( -48.54999999999999005, 17.60000000040144030, 60.00000000000000000 ) ) ;
#3757 = ORIENTED_EDGE ( 'NONE', *, *, #57, .T. ) ;
#3758 = CONTEXT_DEPENDENT_SHAPE_REPRESENTATION ( #2135, #3518 ) ;
#3759 = CARTESIAN_POINT ( 'NONE',  ( -47.70000000000089813, 14.09999999970129636, 60.00000000000000000 ) ) ;
#3760 = PRODUCT_RELATED_PRODUCT_CATEGORY ( 'part', '', ( #2951 ) ) ;
#3761 = LINE ( 'NONE', #3804, #846 ) ;
#3762 = ORIENTED_EDGE ( 'NONE', *, *, #1576, .T. ) ;
#3763 = FACE_BOUND ( 'NONE', #2881, .T. ) ;
#3764 = CYLINDRICAL_SURFACE ( 'NONE', #2358, 1.599999999999990319 ) ;
#3765 = EDGE_CURVE ( 'NONE', #2065, #3735, #273, .T. ) ;
#3766 = ORIENTED_EDGE ( 'NONE', *, *, #244, .T. ) ;
#3767 = CIRCLE ( 'NONE', #1940, 0.1999999999999987899 ) ;
#3768 = DIRECTION ( 'NONE',  ( -0.0000000000000000000, -0.0000000000000000000, 1.000000000000000000 ) ) ;
#3769 = AXIS2_PLACEMENT_3D ( 'NONE', #3480, #4139, #4123 ) ;
#3770 = DIRECTION ( 'NONE',  ( 0.0000000000000000000, 0.0000000000000000000, 1.000000000000000000 ) ) ;
#3771 = ORIENTED_EDGE ( 'NONE', *, *, #2355, .T. ) ;
#3772 = CARTESIAN_POINT ( 'NONE',  ( -49.74999999999937472, 16.60000000043260115, 60.00000000000000000 ) ) ;
#3773 = CIRCLE ( 'NONE', #133, 1.599999999999990319 ) ;
#3774 = EDGE_LOOP ( 'NONE', ( #3386, #3726, #1886, #2122 ) ) ;
#3775 = VECTOR ( 'NONE', #565, 1000.000000000000000 ) ;
#3776 = DIRECTION ( 'NONE',  ( 1.000000000000000000, 1.803419759423337778E-14, -0.0000000000000000000 ) ) ;
#3777 = EDGE_CURVE ( 'NONE', #712, #1557, #2875, .T. ) ;
#3778 = DIRECTION ( 'NONE',  ( -0.0000000000000000000, -0.0000000000000000000, -1.000000000000000000 ) ) ;
#3779 = EDGE_CURVE ( 'NONE', #63, #3349, #2051, .T. ) ;
#3780 = ORIENTED_EDGE ( 'NONE', *, *, #3536, .F. ) ;
#3781 = AXIS2_PLACEMENT_3D ( 'NONE', #1981, #1684, #3918 ) ;
#3782 = DIRECTION ( 'NONE',  ( 1.000000000000000000, 0.0000000000000000000, -0.0000000000000000000 ) ) ;
#3783 = CIRCLE ( 'NONE', #942, 1.599999999999990319 ) ;
#3784 = ADVANCED_FACE ( 'NONE', ( #1389 ), #2375, .F. ) ;
#3785 = VECTOR ( 'NONE', #2971, 1000.000000000000000 ) ;
#3786 = CARTESIAN_POINT ( 'NONE',  ( -51.99999999999854339, 17.60000000046329305, -60.00000000000000000 ) ) ;
#3787 = ORIENTED_EDGE ( 'NONE', *, *, #2290, .F. ) ;
#3788 = DIRECTION ( 'NONE',  ( 0.0000000000000000000, -1.000000000000000000, 0.0000000000000000000 ) ) ;
#3789 = DIRECTION ( 'NONE',  ( 1.000000000000000000, 1.588350560327394396E-14, 0.0000000000000000000 ) ) ;
#3790 = PLANE ( 'NONE',  #1368 ) ;
#3791 = FACE_OUTER_BOUND ( 'NONE', #64, .T. ) ;
#3792 = ORIENTED_EDGE ( 'NONE', *, *, #3511, .T. ) ;
#3793 = CARTESIAN_POINT ( 'NONE',  ( 46.55669656273736479, 7.337439318764182872, 60.00000000000000000 ) ) ;
#3794 = EDGE_LOOP ( 'NONE', ( #3830, #3690, #4084, #935 ) ) ;
#3795 = DIRECTION ( 'NONE',  ( -0.0000000000000000000, -0.0000000000000000000, 1.000000000000000000 ) ) ;
#3796 = AXIS2_PLACEMENT_3D ( 'NONE', #39, #3269, #2622 ) ;
#3797 = CARTESIAN_POINT ( 'NONE',  ( 47.69999999999784990, 17.60000000040527723, -60.00000000000000000 ) ) ;
#3798 = ORIENTED_EDGE ( 'NONE', *, *, #2068, .T. ) ;
#3799 = EDGE_CURVE ( 'NONE', #562, #2161, #4137, .T. ) ;
#3800 = CARTESIAN_POINT ( 'NONE',  ( 2.879189131953563408, 7.693815462757867429, 59.25000000000000000 ) ) ;
#3801 = EDGE_CURVE ( 'NONE', #2609, #1359, #3663, .T. ) ;
#3802 = DIRECTION ( 'NONE',  ( -0.0000000000000000000, -0.0000000000000000000, -1.000000000000000000 ) ) ;
#3803 = VECTOR ( 'NONE', #4127, 1000.000000000000000 ) ;
#3804 = CARTESIAN_POINT ( 'NONE',  ( 47.69999999999788542, 14.09999999970593265, -62.43310501212032193 ) ) ;
#3805 = ORIENTED_EDGE ( 'NONE', *, *, #3442, .T. ) ;
#3806 = CARTESIAN_POINT ( 'NONE',  ( 51.41421356237285778, 4.414213562374613709, -60.00000000000000000 ) ) ;
#3807 = CARTESIAN_POINT ( 'NONE',  ( -51.04999999999934346, 16.60000000043260115, 60.00000000000000000 ) ) ;
#3808 = LINE ( 'NONE', #2553, #1708 ) ;
#3809 = LINE ( 'NONE', #916, #69 ) ;
#3810 = ORIENTED_EDGE ( 'NONE', *, *, #1355, .T. ) ;
#3811 = DIRECTION ( 'NONE',  ( 1.000000000000000000, 0.0000000000000000000, 0.0000000000000000000 ) ) ;
#3812 = AXIS2_PLACEMENT_3D ( 'NONE', #1008, #1361, #2298 ) ;
#3813 = ORIENTED_EDGE ( 'NONE', *, *, #8, .F. ) ;
#3814 = AXIS2_PLACEMENT_3D ( 'NONE', #654, #3838, #967 ) ;
#3815 = LINE ( 'NONE', #1177, #2456 ) ;
#3816 = LINE ( 'NONE', #295, #3506 ) ;
#3817 = VERTEX_POINT ( 'NONE', #2714 ) ;
#3818 = VECTOR ( 'NONE', #1925, 1000.000000000000000 ) ;
#3819 = AXIS2_PLACEMENT_3D ( 'NONE', #3800, #905, #3399 ) ;
#3820 = CARTESIAN_POINT ( 'NONE',  ( 47.49999999999701572, 12.29999999970404723, 60.00000000000000000 ) ) ;
#3821 = EDGE_CURVE ( 'NONE', #1871, #1364, #2336, .T. ) ;
#3822 = CARTESIAN_POINT ( 'NONE',  ( 49.90000000010519443, 11.94427185665847269, 0.7500000000000000000 ) ) ;
#3823 = DIRECTION ( 'NONE',  ( 0.0000000000000000000, 0.0000000000000000000, 1.000000000000000000 ) ) ;
#3824 = LINE ( 'NONE', #1527, #3300 ) ;
#3825 = EDGE_CURVE ( 'NONE', #1188, #2483, #183, .T. ) ;
#3826 = DIRECTION ( 'NONE',  ( 0.0000000000000000000, 0.0000000000000000000, -1.000000000000000000 ) ) ;
#3827 = CARTESIAN_POINT ( 'NONE',  ( -51.99999999999954525, 12.16584473191018034, -0.7500000000000000000 ) ) ;
#3828 = VERTEX_POINT ( 'NONE', #115 ) ;
#3829 = CARTESIAN_POINT ( 'NONE',  ( 47.49999999999784706, 17.60000000040527723, -60.00000000000000000 ) ) ;
#3830 = ORIENTED_EDGE ( 'NONE', *, *, #3149, .T. ) ;
#3831 = DIRECTION ( 'NONE',  ( 0.0000000000000000000, 0.0000000000000000000, 1.000000000000000000 ) ) ;
#3832 = EDGE_LOOP ( 'NONE', ( #1098, #296, #4052, #1738 ) ) ;
#3833 = VECTOR ( 'NONE', #537, 1000.000000000000114 ) ;
#3834 = CYLINDRICAL_SURFACE ( 'NONE', #2919, 0.1999999999999987899 ) ;
#3835 = CIRCLE ( 'NONE', #3500, 1.999999999999994893 ) ;
#3836 = AXIS2_PLACEMENT_3D ( 'NONE', #3975, #2720, #210 ) ;
#3837 = ORIENTED_EDGE ( 'NONE', *, *, #2290, .T. ) ;
#3838 = DIRECTION ( 'NONE',  ( 1.000000000000000000, 0.0000000000000000000, 0.0000000000000000000 ) ) ;
#3839 = VERTEX_POINT ( 'NONE', #2924 ) ;
#3840 = FACE_OUTER_BOUND ( 'NONE', #2979, .T. ) ;
#3841 = STYLED_ITEM ( 'NONE', ( #1538 ), #2092 ) ;
#3842 = CYLINDRICAL_SURFACE ( 'NONE', #3395, 1.599999999999990319 ) ;
#3843 = CARTESIAN_POINT ( 'NONE',  ( -48.90000000010525127, -11.94427185665641922, 0.7500000000000000000 ) ) ;
#3844 = ORIENTED_EDGE ( 'NONE', *, *, #3130, .T. ) ;
#3845 = FACE_OUTER_BOUND ( 'NONE', #2723, .T. ) ;
#3846 = ORIENTED_EDGE ( 'NONE', *, *, #600, .F. ) ;
#3847 = CARTESIAN_POINT ( 'NONE',  ( 47.69999999999788542, 14.29999999970593549, 60.00000000000000000 ) ) ;
#3848 = DIRECTION ( 'NONE',  ( 1.000000000000000000, 0.0000000000000000000, 0.0000000000000000000 ) ) ;
#3849 = ORIENTED_EDGE ( 'NONE', *, *, #1440, .F. ) ;
#3850 = CARTESIAN_POINT ( 'NONE',  ( -46.72990164349835851, 7.437439318763338747, 60.00000000000000000 ) ) ;
#3851 = AXIS2_PLACEMENT_3D ( 'NONE', #2043, #464, #3656 ) ;
#3852 = FACE_OUTER_BOUND ( 'NONE', #1452, .T. ) ;
#3853 = ORIENTED_EDGE ( 'NONE', *, *, #3777, .T. ) ;
#3854 = ORIENTED_EDGE ( 'NONE', *, *, #2999, .F. ) ;
#3855 = CARTESIAN_POINT ( 'NONE',  ( -43.30000000010716832, 4.499999999805770479, 60.00000000000000000 ) ) ;
#3856 = VERTEX_POINT ( 'NONE', #3985 ) ;
#3857 = DIRECTION ( 'NONE',  ( 0.0000000000000000000, 0.0000000000000000000, 1.000000000000000000 ) ) ;
#3858 = VERTEX_POINT ( 'NONE', #2396 ) ;
#3859 = VECTOR ( 'NONE', #3151, 1000.000000000000000 ) ;
#3860 = DIRECTION ( 'NONE',  ( -0.0000000000000000000, -0.0000000000000000000, -1.000000000000000000 ) ) ;
#3861 = CYLINDRICAL_SURFACE ( 'NONE', #135, 1.299999999999967848 ) ;
#3862 = ADVANCED_FACE ( 'NONE', ( #490 ), #3066, .F. ) ;
#3863 = VERTEX_POINT ( 'NONE', #685 ) ;
#3864 = EDGE_CURVE ( 'NONE', #3856, #761, #1797, .T. ) ;
#3865 = CARTESIAN_POINT ( 'NONE',  ( -47.70000000000089102, 12.09999999970110451, 60.00000000000000000 ) ) ;
#3866 = ORIENTED_EDGE ( 'NONE', *, *, #702, .T. ) ;
#3867 = CARTESIAN_POINT ( 'NONE',  ( -42.85857864386980509, 2.058578643568461874, -60.00000000000000000 ) ) ;
#3868 = ADVANCED_FACE ( 'NONE', ( #471 ), #3620, .F. ) ;
#3869 = ORIENTED_EDGE ( 'NONE', *, *, #2202, .T. ) ;
#3870 = EDGE_CURVE ( 'NONE', #3817, #173, #1753, .T. ) ;
#3871 = EDGE_CURVE ( 'NONE', #2047, #3858, #1246, .T. ) ;
#3872 = CARTESIAN_POINT ( 'NONE',  ( 45.81339312537141240, 6.049999999805654838, 60.00000000000000000 ) ) ;
#3873 = DIRECTION ( 'NONE',  ( -0.0000000000000000000, -0.0000000000000000000, -1.000000000000000000 ) ) ;
#3874 = CARTESIAN_POINT ( 'NONE',  ( -46.17157287525336073, 17.99427185665592077, 0.7500000000000000000 ) ) ;
#3875 = CIRCLE ( 'NONE', #249, 1.599999999999990319 ) ;
#3876 = VECTOR ( 'NONE', #677, 1000.000000000000000 ) ;
#3877 = VERTEX_POINT ( 'NONE', #3340 ) ;
#3878 = VERTEX_POINT ( 'NONE', #374 ) ;
#3879 = CARTESIAN_POINT ( 'NONE',  ( -43.38284271258172708, 2.299999999805768525, 60.00000000000000000 ) ) ;
#3880 = DIRECTION ( 'NONE',  ( -0.0000000000000000000, -0.0000000000000000000, -1.000000000000000000 ) ) ;
#3881 = LINE ( 'NONE', #300, #2630 ) ;
#3882 = ORIENTED_EDGE ( 'NONE', *, *, #4131, .F. ) ;
#3883 = CARTESIAN_POINT ( 'NONE',  ( 42.85857864386606053, 2.058578643569072053, 60.00000000000000000 ) ) ;
#3884 = CARTESIAN_POINT ( 'NONE',  ( -51.99999999999854339, 17.60000000046329305, 60.00000000000000000 ) ) ;
#3885 = VERTEX_POINT ( 'NONE', #1432 ) ;
#3886 = DIRECTION ( 'NONE',  ( -0.0000000000000000000, -0.0000000000000000000, 1.000000000000000000 ) ) ;
#3887 = ORIENTED_EDGE ( 'NONE', *, *, #1623, .T. ) ;
#3888 = FACE_OUTER_BOUND ( 'NONE', #1250, .T. ) ;
#3889 = ORIENTED_EDGE ( 'NONE', *, *, #3871, .T. ) ;
#3890 = DIRECTION ( 'NONE',  ( -1.000000000000000000, 0.0000000000000000000, 0.0000000000000000000 ) ) ;
#3891 = EDGE_CURVE ( 'NONE', #1901, #672, #2757, .T. ) ;
#3892 = EDGE_CURVE ( 'NONE', #2812, #1406, #850, .T. ) ;
#3893 = LINE ( 'NONE', #1010, #3057 ) ;
#3894 = FACE_OUTER_BOUND ( 'NONE', #866, .T. ) ;
#3895 = EDGE_CURVE ( 'NONE', #3076, #2084, #1147, .T. ) ;
#3896 = CIRCLE ( 'NONE', #268, 0.1999999999999640954 ) ;
#3897 = ORIENTED_EDGE ( 'NONE', *, *, #302, .T. ) ;
#3898 = EDGE_LOOP ( 'NONE', ( #665, #2655, #1528, #2831 ) ) ;
#3899 = DIRECTION ( 'NONE',  ( -0.0000000000000000000, -0.0000000000000000000, -1.000000000000000000 ) ) ;
#3900 = AXIS2_PLACEMENT_3D ( 'NONE', #3850, #1660, #715 ) ;
#3901 = EDGE_CURVE ( 'NONE', #3958, #829, #4076, .T. ) ;
#3902 = DIRECTION ( 'NONE',  ( -0.0000000000000000000, -0.0000000000000000000, -1.000000000000000000 ) ) ;
#3903 = ADVANCED_FACE ( 'NONE', ( #2114 ), #1632, .T. ) ;
#3904 = DIRECTION ( 'NONE',  ( 1.000000000000000000, 0.0000000000000000000, 0.0000000000000000000 ) ) ;
#3905 = VERTEX_POINT ( 'NONE', #1562 ) ;
#3906 = CIRCLE ( 'NONE', #2704, 1.299999999999995604 ) ;
#3907 = DIRECTION ( 'NONE',  ( -1.000000000000000000, -2.645015647154236398E-14, 0.0000000000000000000 ) ) ;
#3908 = COLOUR_RGB ( '',1.000000000000000000, 1.000000000000000000, 1.000000000000000000 ) ;
#3909 = LINE ( 'NONE', #1021, #3099 ) ;
#3910 = VERTEX_POINT ( 'NONE', #1799 ) ;
#3911 = VERTEX_POINT ( 'NONE', #261 ) ;
#3912 = CARTESIAN_POINT ( 'NONE',  ( 51.99999999999954525, 12.16584473191201177, -0.7500000000000000000 ) ) ;
#3913 = CARTESIAN_POINT ( 'NONE',  ( 46.17157287525380838, 2.000000000001223022, 60.00000000000000000 ) ) ;
#3914 = ORIENTED_EDGE ( 'NONE', *, *, #1239, .T. ) ;
#3915 = CYLINDRICAL_SURFACE ( 'NONE', #640, 1.599999999999990319 ) ;
#3916 = DIRECTION ( 'NONE',  ( -1.000000000000000000, -1.588350560327268178E-14, 0.0000000000000000000 ) ) ;
#3917 = DIRECTION ( 'NONE',  ( -1.803419759423337778E-14, 1.000000000000000000, 0.0000000000000000000 ) ) ;
#3918 = DIRECTION ( 'NONE',  ( -1.000000000000000000, 0.0000000000000000000, 0.0000000000000000000 ) ) ;
#3919 = AXIS2_PLACEMENT_3D ( 'NONE', #874, #520, #1805 ) ;
#3920 = VERTEX_POINT ( 'NONE', #3786 ) ;
#3921 = EDGE_CURVE ( 'NONE', #77, #1022, #1524, .T. ) ;
#3922 = EDGE_CURVE ( 'NONE', #3076, #3624, #2546, .T. ) ;
#3923 = CARTESIAN_POINT ( 'NONE',  ( -50.00000000000191847, 14.09999999970129636, -60.00000000000000000 ) ) ;
#3924 = CARTESIAN_POINT ( 'NONE',  ( -50.74999999999938183, 17.43066238672436086, 60.00000000000000000 ) ) ;
#3925 = CARTESIAN_POINT ( 'NONE',  ( 46.17157287525331100, -17.99427185665476614, -0.7500000000000000000 ) ) ;
#3926 = VERTEX_POINT ( 'NONE', #224 ) ;
#3927 = AXIS2_PLACEMENT_3D ( 'NONE', #2591, #3860, #2921 ) ;
#3928 = CARTESIAN_POINT ( 'NONE',  ( -52.00000000000000711, -12.16584473190990323, 0.7500000000000000000 ) ) ;
#3929 = LINE ( 'NONE', #952, #1006 ) ;
#3930 = VERTEX_POINT ( 'NONE', #3465 ) ;
#3931 = CYLINDRICAL_SURFACE ( 'NONE', #3535, 0.1999999999999987899 ) ;
#3932 = DIRECTION ( 'NONE',  ( 1.000000000000000000, 0.0000000000000000000, 0.0000000000000000000 ) ) ;
#3933 = ORIENTED_EDGE ( 'NONE', *, *, #758, .T. ) ;
#3934 = LINE ( 'NONE', #1051, #2748 ) ;
#3935 = DIRECTION ( 'NONE',  ( 0.7071067811865456854, 0.0000000000000000000, 0.7071067811865493491 ) ) ;
#3936 = DIRECTION ( 'NONE',  ( -0.7071067811865885400, -0.7071067811865063835, 0.0000000000000000000 ) ) ;
#3937 = LINE ( 'NONE', #1381, #2635 ) ;
#3938 = VERTEX_POINT ( 'NONE', #892 ) ;
#3939 = ORIENTED_EDGE ( 'NONE', *, *, #2851, .T. ) ;
#3940 = AXIS2_PLACEMENT_3D ( 'NONE', #4094, #2828, #2266 ) ;
#3941 = CARTESIAN_POINT ( 'NONE',  ( -47.70000000000089813, 14.29999999970129565, 60.00000000000000000 ) ) ;
#3942 = CARTESIAN_POINT ( 'NONE',  ( 50.59999999999934062, 18.62540333108464452, -60.00000000000000000 ) ) ;
#3943 = EDGE_CURVE ( 'NONE', #388, #4061, #2180, .T. ) ;
#3944 = VECTOR ( 'NONE', #2226, 1000.000000000000114 ) ;
#3945 = ADVANCED_FACE ( 'NONE', ( #4124 ), #1202, .F. ) ;
#3946 = DIRECTION ( 'NONE',  ( 1.000000000000000000, 0.0000000000000000000, 0.0000000000000000000 ) ) ;
#3947 = EDGE_CURVE ( 'NONE', #1470, #3364, #4048, .T. ) ;
#3948 = CYLINDRICAL_SURFACE ( 'NONE', #2702, 1.999999999999814371 ) ;
#3949 = EDGE_CURVE ( 'NONE', #1235, #1408, #1522, .T. ) ;
#3950 = VERTEX_POINT ( 'NONE', #3086 ) ;
#3951 = CARTESIAN_POINT ( 'NONE',  ( -46.17157287525336073, 17.99427185665592077, 0.7500000000000000000 ) ) ;
#3952 = VERTEX_POINT ( 'NONE', #3822 ) ;
#3953 = PLANE ( 'NONE',  #1858 ) ;
#3954 = ORIENTED_EDGE ( 'NONE', *, *, #1625, .T. ) ;
#3955 = CARTESIAN_POINT ( 'NONE',  ( 45.70000000010521291, 11.94427185665847269, 0.7500000000000000000 ) ) ;
#3956 = CARTESIAN_POINT ( 'NONE',  ( -46.17157287525333942, -1.221245327087672194E-12, 60.00000000000000000 ) ) ;
#3957 = EDGE_LOOP ( 'NONE', ( #3744, #147, #3849, #628 ) ) ;
#3958 = VERTEX_POINT ( 'NONE', #284 ) ;
#3959 = EDGE_CURVE ( 'NONE', #2312, #2848, #3145, .T. ) ;
#3960 = VECTOR ( 'NONE', #176, 1000.000000000000000 ) ;
#3961 = PLANE ( 'NONE',  #2013 ) ;
#3962 = CARTESIAN_POINT ( 'NONE',  ( -47.50000000000090239, 14.09999999970129636, 60.00000000000000000 ) ) ;
#3963 = CIRCLE ( 'NONE', #2156, 1.299999999999967848 ) ;
#3964 = DIRECTION ( 'NONE',  ( 1.000000000000000000, 0.0000000000000000000, 0.0000000000000000000 ) ) ;
#3965 = VECTOR ( 'NONE', #3036, 1000.000000000000000 ) ;
#3966 = CARTESIAN_POINT ( 'NONE',  ( -49.90000000000191704, 11.09999999970110451, -60.00000000000000000 ) ) ;
#3967 = CIRCLE ( 'NONE', #873, 2.000000000000015543 ) ;
#3968 = DIRECTION ( 'NONE',  ( -0.0000000000000000000, -1.000000000000000000, -0.0000000000000000000 ) ) ;
#3969 = CONICAL_SURFACE ( 'NONE', #3372, 1.599999999999990319, 0.7853981633974456145 ) ;
#3970 = ORIENTED_EDGE ( 'NONE', *, *, #3779, .F. ) ;
#3971 = EDGE_CURVE ( 'NONE', #2246, #1935, #2159, .T. ) ;
#3972 = ADVANCED_FACE ( 'NONE', ( #3166 ), #2482, .F. ) ;
#3973 = AXIS2_PLACEMENT_3D ( 'NONE', #3286, #2637, #2991 ) ;
#3974 = FACE_OUTER_BOUND ( 'NONE', #4091, .T. ) ;
#3975 = CARTESIAN_POINT ( 'NONE',  ( 44.80000000010336692, 4.499999999806380657, 60.00000000000000000 ) ) ;
#3976 = VERTEX_POINT ( 'NONE', #4104 ) ;
#3977 = CIRCLE ( 'NONE', #345, 2.599999999999991207 ) ;
#3978 = CARTESIAN_POINT ( 'NONE',  ( -51.41421356237285778, -13.58005829428327083, -0.7500000000000000000 ) ) ;
#3979 = ORIENTED_EDGE ( 'NONE', *, *, #1086, .T. ) ;
#3980 = CARTESIAN_POINT ( 'NONE',  ( -43.24142135634441786, 2.441421356043075974, -60.00000000000000000 ) ) ;
#3981 = DIRECTION ( 'NONE',  ( 0.0000000000000000000, 0.0000000000000000000, -1.000000000000000000 ) ) ;
#3982 = VERTEX_POINT ( 'NONE', #2530 ) ;
#3983 = EDGE_LOOP ( 'NONE', ( #3456, #3324, #4119, #1394 ) ) ;
#3984 = DIRECTION ( 'NONE',  ( 0.0000000000000000000, 1.000000000000000000, 0.0000000000000000000 ) ) ;
#3985 = CARTESIAN_POINT ( 'NONE',  ( -47.70000000000096918, 11.09999999970110096, 60.00000000000000000 ) ) ;
#3986 = EDGE_LOOP ( 'NONE', ( #4002, #3402, #3780, #3644 ) ) ;
#3987 = CIRCLE ( 'NONE', #3796, 1.299999999999995604 ) ;
#3988 = CARTESIAN_POINT ( 'NONE',  ( 49.90000000010519443, -11.94427185665641922, 0.7500000000000000000 ) ) ;
#3989 = FACE_OUTER_BOUND ( 'NONE', #1377, .T. ) ;
#3990 = ORIENTED_EDGE ( 'NONE', *, *, #1651, .T. ) ;
#3991 = PLANE ( 'NONE',  #334 ) ;
#3992 = EDGE_CURVE ( 'NONE', #275, #2490, #3761, .T. ) ;
#3993 = CARTESIAN_POINT ( 'NONE',  ( -47.30000000010525696, -11.94427185665641922, -0.7500000000000000000 ) ) ;
#3994 = ADVANCED_FACE ( 'NONE', ( #1165 ), #2214, .T. ) ;
#3995 = ORIENTED_EDGE ( 'NONE', *, *, #861, .T. ) ;
#3996 = DIRECTION ( 'NONE',  ( 0.0000000000000000000, 0.0000000000000000000, 1.000000000000000000 ) ) ;
#3997 = ORIENTED_EDGE ( 'NONE', *, *, #861, .F. ) ;
#3998 = DIRECTION ( 'NONE',  ( 0.0000000000000000000, -1.000000000000000000, 0.0000000000000000000 ) ) ;
#3999 = EDGE_CURVE ( 'NONE', #1059, #214, #2197, .T. ) ;
#4000 = CARTESIAN_POINT ( 'NONE',  ( -50.00000000000191847, 2.000000000001223022, 60.00000000000000000 ) ) ;
#4001 = ADVANCED_FACE ( 'NONE', ( #3107 ), #1502, .F. ) ;
#4002 = ORIENTED_EDGE ( 'NONE', *, *, #47, .T. ) ;
#4003 = ORIENTED_EDGE ( 'NONE', *, *, #1419, .F. ) ;
#4004 = CARTESIAN_POINT ( 'NONE',  ( 50.00000000000191847, 11.09999999970111695, -60.00000000000000000 ) ) ;
#4005 = DIRECTION ( 'NONE',  ( 0.0000000000000000000, 0.0000000000000000000, 1.000000000000000000 ) ) ;
#4006 =( GEOMETRIC_REPRESENTATION_CONTEXT ( 3 ) GLOBAL_UNCERTAINTY_ASSIGNED_CONTEXT ( ( #2006 ) ) GLOBAL_UNIT_ASSIGNED_CONTEXT ( ( #22, #1324, #2030 ) ) REPRESENTATION_CONTEXT ( 'NONE', 'WORKASPACE' ) );
#4007 = ORIENTED_EDGE ( 'NONE', *, *, #3252, .F. ) ;
#4008 = FACE_OUTER_BOUND ( 'NONE', #1134, .T. ) ;
#4009 = CARTESIAN_POINT ( 'NONE',  ( -42.71715728763251008, 1.999999999805768702, 60.00000000000000000 ) ) ;
#4010 = VECTOR ( 'NONE', #755, 1000.000000000000114 ) ;
#4011 = ORIENTED_EDGE ( 'NONE', *, *, #36, .F. ) ;
#4012 = DIRECTION ( 'NONE',  ( -1.000000000000000000, -2.775557561562888827E-14, 0.0000000000000000000 ) ) ;
#4013 = DIRECTION ( 'NONE',  ( -0.0000000000000000000, -0.0000000000000000000, -1.000000000000000000 ) ) ;
#4014 = ORIENTED_EDGE ( 'NONE', *, *, #1256, .T. ) ;
#4015 = LINE ( 'NONE', #1157, #3072 ) ;
#4016 = ORIENTED_EDGE ( 'NONE', *, *, #2401, .T. ) ;
#4017 = CYLINDRICAL_SURFACE ( 'NONE', #959, 1.300000000000037126 ) ;
#4018 = DIRECTION ( 'NONE',  ( 1.000000000000000000, 0.0000000000000000000, 0.0000000000000000000 ) ) ;
#4019 = ORIENTED_EDGE ( 'NONE', *, *, #3625, .F. ) ;
#4020 = VERTEX_POINT ( 'NONE', #2816 ) ;
#4021 = EDGE_CURVE ( 'NONE', #2997, #1716, #4083, .T. ) ;
#4022 =( NAMED_UNIT ( * ) SI_UNIT ( $, .STERADIAN. ) SOLID_ANGLE_UNIT ( ) );
#4023 = CARTESIAN_POINT ( 'NONE',  ( 47.49999999999701572, 12.29999999970404723, 60.00000000000000000 ) ) ;
#4024 = CARTESIAN_POINT ( 'NONE',  ( 47.69999999999784279, 17.80000000040527652, 60.00000000000000000 ) ) ;
#4025 = CLOSED_SHELL ( 'NONE', ( #1508, #3568, #675, #1838, #3496, #2619, #1034, #2119, #222, #580, #1506, #3972, #1318, #1340, #83, #1705, #1139, #423, #2829, #1009, #2978, #429, #1261, #1240, #1316, #89, #2800, #2252, #191, #3463, #2071, #3435, #2015, #1864, #1054, #3862, #4070, #3512, #1015, #2152, #621, #3037, #2778, #3903, #730, #1063, #981, #2055, #4118, #2462, #3784, #1578, #3257, #3994, #3412, #704, #1286, #651, #393, #2870, #136, #1730, #648, #1887, #2722, #987, #1910, #496, #3307, #1441, #2330, #949, #1555, #3745, #2525, #2949, #1715, #2539, #2097, #142, #2642, #3746, #272, #94, #370, #2774, #4001, #144 ) ) ;
#4026 = ORIENTED_EDGE ( 'NONE', *, *, #1046, .F. ) ;
#4027 = ADVANCED_FACE ( 'NONE', ( #990 ), #2606, .T. ) ;
#4028 = CARTESIAN_POINT ( 'NONE',  ( 47.30000000010520012, 11.94427185665847269, 0.7500000000000000000 ) ) ;
#4029 = LINE ( 'NONE', #3667, #1679 ) ;
#4030 = AXIS2_PLACEMENT_3D ( 'NONE', #480, #498, #2402 ) ;
#4031 = VECTOR ( 'NONE', #1863, 1000.000000000000000 ) ;
#4032 = ORIENTED_EDGE ( 'NONE', *, *, #674, .T. ) ;
#4033 = CIRCLE ( 'NONE', #3641, 1.599999999999990319 ) ;
#4034 = FACE_OUTER_BOUND ( 'NONE', #2515, .T. ) ;
#4035 = AXIS2_PLACEMENT_3D ( 'NONE', #288, #4128, #3429 ) ;
#4036 = LINE ( 'NONE', #1094, #3165 ) ;
#4037 = ORIENTED_EDGE ( 'NONE', *, *, #2983, .T. ) ;
#4038 = DIRECTION ( 'NONE',  ( 1.000000000000000000, 0.0000000000000000000, 0.0000000000000000000 ) ) ;
#4039 = VERTEX_POINT ( 'NONE', #2914 ) ;
#4040 = DIRECTION ( 'NONE',  ( -1.000000000000000000, 0.0000000000000000000, 0.0000000000000000000 ) ) ;
#4041 = DIRECTION ( 'NONE',  ( -1.000000000000000000, 0.0000000000000000000, 0.0000000000000000000 ) ) ;
#4042 = AXIS2_PLACEMENT_3D ( 'NONE', #2108, #1427, #3437 ) ;
#4043 = ORIENTED_EDGE ( 'NONE', *, *, #1064, .F. ) ;
#4044 = ORIENTED_EDGE ( 'NONE', *, *, #2866, .T. ) ;
#4045 = DIRECTION ( 'NONE',  ( -0.9999999999999998890, 5.793976409762535695E-14, 5.272314104788547733E-17 ) ) ;
#4046 = CARTESIAN_POINT ( 'NONE',  ( -49.90000000000191704, 12.09999999970110451, -60.00000000000000000 ) ) ;
#4047 = EDGE_CURVE ( 'NONE', #2096, #2903, #513, .T. ) ;
#4048 = LINE ( 'NONE', #3126, #3346 ) ;
#4049 = ORIENTED_EDGE ( 'NONE', *, *, #1007, .F. ) ;
#4050 = CARTESIAN_POINT ( 'NONE',  ( -47.58578643762650984, -17.40848541902978397, -0.7500000000000000000 ) ) ;
#4051 = CARTESIAN_POINT ( 'NONE',  ( -49.74999999999937472, 16.60000000043260115, -60.00000000000000000 ) ) ;
#4052 = ORIENTED_EDGE ( 'NONE', *, *, #2827, .T. ) ;
#4053 = LINE ( 'NONE', #2185, #2860 ) ;
#4054 = LINE ( 'NONE', #833, #3229 ) ;
#4055 = AXIS2_PLACEMENT_3D ( 'NONE', #2299, #1342, #1055 ) ;
#4056 = EDGE_LOOP ( 'NONE', ( #468, #2089, #398, #3271 ) ) ;
#4057 = CARTESIAN_POINT ( 'NONE',  ( 47.49999999999701572, 11.29999999970405256, -60.00000000000000000 ) ) ;
#4058 = ORIENTED_EDGE ( 'NONE', *, *, #3027, .T. ) ;
#4059 = DIRECTION ( 'NONE',  ( -0.7071067811865783259, 0.7071067811865168196, -0.0000000000000000000 ) ) ;
#4060 = LINE ( 'NONE', #2391, #1827 ) ;
#4061 = VERTEX_POINT ( 'NONE', #1280 ) ;
#4062 = DIRECTION ( 'NONE',  ( 1.000000000000000000, 0.0000000000000000000, 0.0000000000000000000 ) ) ;
#4063 = DIRECTION ( 'NONE',  ( 1.000000000000000000, 0.0000000000000000000, 0.0000000000000000000 ) ) ;
#4064 = ORIENTED_EDGE ( 'NONE', *, *, #810, .F. ) ;
#4065 = VECTOR ( 'NONE', #332, 1000.000000000000000 ) ;
#4066 = DIRECTION ( 'NONE',  ( 3.965082230802523389E-14, -1.000000000000000000, 0.0000000000000000000 ) ) ;
#4067 = LINE ( 'NONE', #1846, #1336 ) ;
#4068 = ORIENTED_EDGE ( 'NONE', *, *, #397, .F. ) ;
#4069 = EDGE_CURVE ( 'NONE', #904, #3950, #2586, .T. ) ;
#4070 = ADVANCED_FACE ( 'NONE', ( #4143 ), #66, .F. ) ;
#4071 = CARTESIAN_POINT ( 'NONE',  ( -49.90000000000191704, 12.09999999970110451, 60.00000000000000000 ) ) ;
#4072 = CIRCLE ( 'NONE', #2198, 1.599999999999990319 ) ;
#4073 = DIRECTION ( 'NONE',  ( -0.0000000000000000000, -0.0000000000000000000, -1.000000000000000000 ) ) ;
#4074 = AXIS2_PLACEMENT_3D ( 'NONE', #3272, #344, #2934 ) ;
#4075 = EDGE_LOOP ( 'NONE', ( #4014, #2066, #4068, #2379 ) ) ;
#4076 = CIRCLE ( 'NONE', #114, 0.1999999999999987899 ) ;
#4077 = DIRECTION ( 'NONE',  ( 1.000000000000000000, 0.0000000000000000000, 0.0000000000000000000 ) ) ;
#4078 = ORIENTED_EDGE ( 'NONE', *, *, #2568, .F. ) ;
#4079 = DIRECTION ( 'NONE',  ( 1.000000000000000000, 3.035766082959430717E-14, 0.0000000000000000000 ) ) ;
#4080 = DIRECTION ( 'NONE',  ( -0.0000000000000000000, -0.0000000000000000000, -1.000000000000000000 ) ) ;
#4081 = ORIENTED_EDGE ( 'NONE', *, *, #722, .F. ) ;
#4082 = CARTESIAN_POINT ( 'NONE',  ( 50.89999999999893987, 19.40000000032571137, -60.00000000000000000 ) ) ;
#4083 = LINE ( 'NONE', #3203, #2130 ) ;
#4084 = ORIENTED_EDGE ( 'NONE', *, *, #1784, .F. ) ;
#4085 = PLANE ( 'NONE',  #213 ) ;
#4086 = CARTESIAN_POINT ( 'NONE',  ( 46.40510708291959219, 9.099999999702458098, 60.00000000000000000 ) ) ;
#4087 = ORIENTED_EDGE ( 'NONE', *, *, #676, .T. ) ;
#4088 = AXIS2_PLACEMENT_3D ( 'NONE', #1017, #23, #1082 ) ;
#4089 = FACE_OUTER_BOUND ( 'NONE', #662, .T. ) ;
#4090 = FACE_OUTER_BOUND ( 'NONE', #2790, .T. ) ;
#4091 = EDGE_LOOP ( 'NONE', ( #129, #2187, #1148, #2411 ) ) ;
#4092 = EDGE_CURVE ( 'NONE', #4039, #1780, #1719, .T. ) ;
#4093 = AXIS2_PLACEMENT_3D ( 'NONE', #2268, #3556, #1953 ) ;
#4094 = CARTESIAN_POINT ( 'NONE',  ( -47.70000000000089813, 14.29999999970129565, 60.00000000000000000 ) ) ;
#4095 = ORIENTED_EDGE ( 'NONE', *, *, #3007, .F. ) ;
#4096 = CARTESIAN_POINT ( 'NONE',  ( 47.58578643762667326, 17.40848541903111624, 0.7500000000000000000 ) ) ;
#4097 = DIRECTION ( 'NONE',  ( 1.000000000000000000, 0.0000000000000000000, 0.0000000000000000000 ) ) ;
#4098 = VERTEX_POINT ( 'NONE', #3184 ) ;
#4099 = VECTOR ( 'NONE', #2368, 1000.000000000000000 ) ;
#4100 = EDGE_CURVE ( 'NONE', #622, #343, #3074, .T. ) ;
#4101 = CARTESIAN_POINT ( 'NONE',  ( 2.879189131950260716, -10.31191268134025307, 120.0000000000000000 ) ) ;
#4102 = CARTESIAN_POINT ( 'NONE',  ( -43.80000000010716832, 5.549999999805043771, 60.00000000000000000 ) ) ;
#4103 = AXIS2_PLACEMENT_3D ( 'NONE', #1518, #571, #3495 ) ;
#4104 = CARTESIAN_POINT ( 'NONE',  ( -46.80591475771235110, 7.252447409568703485, -60.00000000000000000 ) ) ;
#4105 = CARTESIAN_POINT ( 'NONE',  ( -45.81339312537522090, 6.049999999805027784, 60.00000000000000000 ) ) ;
#4106 = CARTESIAN_POINT ( 'NONE',  ( 49.89999999999800195, 12.09999999970410300, 60.00000000000000000 ) ) ;
#4107 = DIRECTION ( 'NONE',  ( -0.4999999999999877320, -0.8660254037844457020, 0.0000000000000000000 ) ) ;
#4108 = DIRECTION ( 'NONE',  ( -0.0000000000000000000, -0.0000000000000000000, -1.000000000000000000 ) ) ;
#4109 = AXIS2_PLACEMENT_3D ( 'NONE', #2263, #2653, #2284 ) ;
#4110 = DIRECTION ( 'NONE',  ( 1.000000000000000000, 0.0000000000000000000, 0.0000000000000000000 ) ) ;
#4111 = ORIENTED_EDGE ( 'NONE', *, *, #2826, .F. ) ;
#4112 = CARTESIAN_POINT ( 'NONE',  ( -47.50000000000090239, 17.60000000040144030, 60.00000000000000000 ) ) ;
#4113 = ORIENTED_EDGE ( 'NONE', *, *, #1988, .T. ) ;
#4114 = ADVANCED_FACE ( 'NONE', ( #1257 ), #3012, .F. ) ;
#4115 = CARTESIAN_POINT ( 'NONE',  ( 47.69999999999702567, 11.89999999970405220, -60.00000000000000000 ) ) ;
#4116 = AXIS2_PLACEMENT_3D ( 'NONE', #3394, #526, #2729 ) ;
#4117 = FACE_OUTER_BOUND ( 'NONE', #2020, .T. ) ;
#4118 = ADVANCED_FACE ( 'NONE', ( #2277 ), #3226, .F. ) ;
#4119 = ORIENTED_EDGE ( 'NONE', *, *, #2999, .T. ) ;
#4120 = VECTOR ( 'NONE', #1989, 1000.000000000000000 ) ;
#4121 = EDGE_CURVE ( 'NONE', #1557, #2750, #945, .T. ) ;
#4122 = ADVANCED_FACE ( 'NONE', ( #2236 ), #1014, .F. ) ;
#4123 = DIRECTION ( 'NONE',  ( 1.000000000000000000, 0.0000000000000000000, 0.0000000000000000000 ) ) ;
#4124 = FACE_OUTER_BOUND ( 'NONE', #2741, .T. ) ;
#4125 = CARTESIAN_POINT ( 'NONE',  ( 47.49999999999784706, 17.60000000040527723, 60.00000000000000000 ) ) ;
#4126 = DIRECTION ( 'NONE',  ( 1.588350560327394396E-14, -1.000000000000000000, 0.0000000000000000000 ) ) ;
#4127 = DIRECTION ( 'NONE',  ( 0.0000000000000000000, 0.0000000000000000000, 1.000000000000000000 ) ) ;
#4128 = DIRECTION ( 'NONE',  ( 0.0000000000000000000, 0.0000000000000000000, 1.000000000000000000 ) ) ;
#4129 = VERTEX_POINT ( 'NONE', #3524 ) ;
#4130 = CARTESIAN_POINT ( 'NONE',  ( 51.99999999999954525, 12.16584473191201177, 0.7500000000000000000 ) ) ;
#4131 = EDGE_CURVE ( 'NONE', #957, #76, #632, .T. ) ;
#4132 = ORIENTED_EDGE ( 'NONE', *, *, #2045, .T. ) ;
#4133 = VECTOR ( 'NONE', #2563, 1000.000000000000000 ) ;
#4134 = DIRECTION ( 'NONE',  ( 1.000000000000000000, 0.0000000000000000000, 0.0000000000000000000 ) ) ;
#4135 = LINE ( 'NONE', #1274, #2166 ) ;
#4136 = VERTEX_POINT ( 'NONE', #2893 ) ;
#4137 = CIRCLE ( 'NONE', #1057, 1.999999999999974021 ) ;
#4138 = CIRCLE ( 'NONE', #2897, 1.999999999999814371 ) ;
#4139 = DIRECTION ( 'NONE',  ( 0.0000000000000000000, 0.0000000000000000000, 1.000000000000000000 ) ) ;
#4140 = EDGE_CURVE ( 'NONE', #3697, #238, #1914, .T. ) ;
#4141 = EDGE_CURVE ( 'NONE', #3885, #3911, #3593, .T. ) ;
#4142 = PRODUCT_DEFINITION_SHAPE ( 'NONE', 'NONE',  #4162 ) ;
#4143 = FACE_OUTER_BOUND ( 'NONE', #3983, .T. ) ;
#4144 = LINE ( 'NONE', #910, #1263 ) ;
#4145 = LINE ( 'NONE', #3276, #1879 ) ;
#4146 = CARTESIAN_POINT ( 'NONE',  ( 46.40510708291959219, 9.099999999702458098, -60.00000000000000000 ) ) ;
#4147 = CARTESIAN_POINT ( 'NONE',  ( -52.00000000000000711, -12.16584473190990323, -0.7500000000000000000 ) ) ;
#4148 = CIRCLE ( 'NONE', #2625, 1.999999999999994893 ) ;
#4149 = ORIENTED_EDGE ( 'NONE', *, *, #2354, .F. ) ;
#4150 = DIRECTION ( 'NONE',  ( 1.000000000000000000, 0.0000000000000000000, 0.0000000000000000000 ) ) ;
#4151 = AXIS2_PLACEMENT_3D ( 'NONE', #2959, #3637, #764 ) ;
#4152 = ORIENTED_EDGE ( 'NONE', *, *, #3005, .T. ) ;
#4153 = CARTESIAN_POINT ( 'NONE',  ( -47.50000000000085976, 11.29999999970111446, -62.43310501212032193 ) ) ;
#4154 = LINE ( 'NONE', #2495, #1890 ) ;
#4155 = EDGE_LOOP ( 'NONE', ( #3134, #2624, #3121, #3798 ) ) ;
#4156 = AXIS2_PLACEMENT_3D ( 'NONE', #2, #368, #48 ) ;
#4157 = DIRECTION ( 'NONE',  ( -0.0000000000000000000, -0.0000000000000000000, -1.000000000000000000 ) ) ;
#4158 = DIRECTION ( 'NONE',  ( -1.000000000000000000, 0.0000000000000000000, 0.0000000000000000000 ) ) ;
#4159 = AXIS2_PLACEMENT_3D ( 'NONE', #2740, #2421, #3704 ) ;
#4160 = AXIS2_PLACEMENT_3D ( 'NONE', #2098, #807, #2329 ) ;
#4161 = NEXT_ASSEMBLY_USAGE_OCCURRENCE ( 'NAUO1', ' ', ' ', #2004, #2259, $ ) ;
#4162 = NEXT_ASSEMBLY_USAGE_OCCURRENCE ( 'NAUO2', ' ', ' ', #2004, #2259, $ ) ;
#4163 = NEXT_ASSEMBLY_USAGE_OCCURRENCE ( 'NAUO3', ' ', ' ', #2004, #3374, $ ) ;
#4164 = NEXT_ASSEMBLY_USAGE_OCCURRENCE ( 'NAUO4', ' ', ' ', #2004, #3374, $ ) ;
ENDSEC;
END-ISO-10303-21;
