ISO-10303-21;
HEADER;
/****************************************************************
 * Generated by software with PDElib inside                    *
 * PDElib Version v51a, created Wed 07/06/2011                  *
 * ITI Transcendata (http://www.transcendata.com/)              *
 ****************************************************************/
FILE_DESCRIPTION((''),'2;1');
FILE_NAME('\\\\Tk106\\\X2\5171752830B530FC30D030FC\X0\\\01_\X2\88FD54C130C730FC30BF\X0\\\M\\MXA\\3D\X2\30C730FC30BF\X0\step\\MXA3-11-7.stp','2013-07-26T14:38:37',('TAKACHI'),(''),'Autodesk Inventor 2012','Autodesk Inventor 2012','');
FILE_SCHEMA(('AUTOMOTIVE_DESIGN { 1 0 10303 214 1 1 1 1 }'));
ENDSEC;
DATA;
#5=APPLICATION_CONTEXT('automotive design');
#6=APPLICATION_PROTOCOL_DEFINITION('International Standard','automotive_design',2001,#5);
#7=PRODUCT_CONTEXT('',#5,'mechanical');
#8=PRODUCT('MXA3-11','MXA3-11',$,(#7));
#9=PRODUCT_RELATED_PRODUCT_CATEGORY('part',$,(#8));
#10=PRODUCT_DEFINITION_FORMATION('',$,#8);
#11=PRODUCT_DEFINITION_CONTEXT('part definition',#5,'design');
#12=PRODUCT_DEFINITION('',$,#10,#11);
#18=(NAMED_UNIT(*)PLANE_ANGLE_UNIT()SI_UNIT($,.RADIAN.));
#19=DIMENSIONAL_EXPONENTS(0.0,0.0,0.0,0.0,0.0,0.0,0.0);
#20=PLANE_ANGLE_MEASURE_WITH_UNIT(PLANE_ANGLE_MEASURE(0.0174532925),#18);
#24=(CONVERSION_BASED_UNIT('DEGREE',#20)NAMED_UNIT(#19)PLANE_ANGLE_UNIT());
#28=(NAMED_UNIT(*)SI_UNIT($,.STERADIAN.)SOLID_ANGLE_UNIT());
#32=(LENGTH_UNIT()NAMED_UNIT(*)SI_UNIT(.MILLI.,.METRE.));
#34=UNCERTAINTY_MEASURE_WITH_UNIT(LENGTH_MEASURE(0.01),#32,'DISTANCE_ACCURACY_VALUE','');
#36=(GEOMETRIC_REPRESENTATION_CONTEXT(3)GLOBAL_UNCERTAINTY_ASSIGNED_CONTEXT((#34))GLOBAL_UNIT_ASSIGNED_CONTEXT((#24,#28,#32))REPRESENTATION_CONTEXT('None','None'));
#37=AXIS2_PLACEMENT_3D('',#38,#39,#40);
#38=CARTESIAN_POINT('',(0.0,0.0,0.0));
#39=DIRECTION('',(0.0,0.0,1.0));
#40=DIRECTION('',(1.0,0.0,0.0));
#41=SHAPE_REPRESENTATION('',(#37,#2857,#2869,#3364,#3376,#4486,#4498,#4510,#4522),#36);
#42=PRODUCT_DEFINITION_SHAPE('','',#12);
#43=SHAPE_DEFINITION_REPRESENTATION(#42,#41);
#44=APPLICATION_CONTEXT('automotive design');
#45=APPLICATION_PROTOCOL_DEFINITION('International Standard','automotive_design',2001,#44);
#46=PRODUCT_CONTEXT('',#44,'mechanical');
#47=PRODUCT('MX3-11-8\X2\672C4F5330D530EC30FC30E0\X0\','MX3-11-8\X2\672C4F5330D530EC30FC30E0\X0\',$,(#46));
#48=PRODUCT_RELATED_PRODUCT_CATEGORY('part',$,(#47));
#49=PRODUCT_DEFINITION_FORMATION('',$,#47);
#50=PRODUCT_DEFINITION_CONTEXT('part definition',#44,'design');
#51=PRODUCT_DEFINITION('',$,#49,#50);
#57=(NAMED_UNIT(*)PLANE_ANGLE_UNIT()SI_UNIT($,.RADIAN.));
#58=DIMENSIONAL_EXPONENTS(0.0,0.0,0.0,0.0,0.0,0.0,0.0);
#59=PLANE_ANGLE_MEASURE_WITH_UNIT(PLANE_ANGLE_MEASURE(0.0174532925),#57);
#63=(CONVERSION_BASED_UNIT('DEGREE',#59)NAMED_UNIT(#58)PLANE_ANGLE_UNIT());
#67=(NAMED_UNIT(*)SI_UNIT($,.STERADIAN.)SOLID_ANGLE_UNIT());
#71=(LENGTH_UNIT()NAMED_UNIT(*)SI_UNIT(.MILLI.,.METRE.));
#73=UNCERTAINTY_MEASURE_WITH_UNIT(LENGTH_MEASURE(0.01),#71,'DISTANCE_ACCURACY_VALUE','');
#75=(GEOMETRIC_REPRESENTATION_CONTEXT(3)GLOBAL_UNCERTAINTY_ASSIGNED_CONTEXT((#73))GLOBAL_UNIT_ASSIGNED_CONTEXT((#63,#67,#71))REPRESENTATION_CONTEXT('None','None'));
#76=AXIS2_PLACEMENT_3D('',#77,#78,#79);
#77=CARTESIAN_POINT('',(0.0,0.0,0.0));
#78=DIRECTION('',(0.0,0.0,1.0));
#79=DIRECTION('',(1.0,0.0,0.0));
#80=SHAPE_REPRESENTATION('',(#76),#75);
#81=PRODUCT_DEFINITION_SHAPE('','',#51);
#82=SHAPE_DEFINITION_REPRESENTATION(#81,#80);
#88=(NAMED_UNIT(*)PLANE_ANGLE_UNIT()SI_UNIT($,.RADIAN.));
#89=DIMENSIONAL_EXPONENTS(0.0,0.0,0.0,0.0,0.0,0.0,0.0);
#90=PLANE_ANGLE_MEASURE_WITH_UNIT(PLANE_ANGLE_MEASURE(0.0174532925),#88);
#94=(CONVERSION_BASED_UNIT('DEGREE',#90)NAMED_UNIT(#89)PLANE_ANGLE_UNIT());
#98=(NAMED_UNIT(*)SI_UNIT($,.STERADIAN.)SOLID_ANGLE_UNIT());
#102=(LENGTH_UNIT()NAMED_UNIT(*)SI_UNIT(.MILLI.,.METRE.));
#104=UNCERTAINTY_MEASURE_WITH_UNIT(LENGTH_MEASURE(0.000001),#102,'DISTANCE_ACCURACY_VALUE','');
#106=(GEOMETRIC_REPRESENTATION_CONTEXT(3)GLOBAL_UNCERTAINTY_ASSIGNED_CONTEXT((#104))GLOBAL_UNIT_ASSIGNED_CONTEXT((#94,#98,#102))REPRESENTATION_CONTEXT('','3D'));
#107=CARTESIAN_POINT('',(35.737307122736752,-6.471964755923253,0.0));
#108=DIRECTION('',(0.0,0.0,1.0));
#109=DIRECTION('',(0.816153204399994,0.577835570856989,0.0));
#110=AXIS2_PLACEMENT_3D('',#107,#108,#109);
#111=CYLINDRICAL_SURFACE('',#110,14.750000000000004);
#112=CARTESIAN_POINT('',(35.737307122736752,8.278035244081067,66.0));
#113=VERTEX_POINT('',#112);
#114=CARTESIAN_POINT('',(47.775566887636664,2.051109914217335,66.0));
#115=VERTEX_POINT('',#114);
#116=CARTESIAN_POINT('',(35.737307122736752,-6.471964755923253,66.0));
#117=DIRECTION('',(0.0,0.0,-1.0));
#118=DIRECTION('',(0.816153204399994,0.577835570856989,0.0));
#119=AXIS2_PLACEMENT_3D('',#116,#117,#118);
#120=CIRCLE('',#119,14.750000000000004);
#121=EDGE_CURVE('',#113,#115,#120,.T.);
#122=ORIENTED_EDGE('',*,*,#121,.T.);
#123=CARTESIAN_POINT('',(47.775566887636664,2.051109914217335,0.0));
#124=VERTEX_POINT('',#123);
#125=CARTESIAN_POINT('',(47.775566887636664,2.051109914217335,0.0));
#126=DIRECTION('',(0.0,0.0,1.0));
#127=VECTOR('',#126,66.0);
#128=LINE('',#125,#127);
#129=EDGE_CURVE('',#124,#115,#128,.T.);
#130=ORIENTED_EDGE('',*,*,#129,.F.);
#131=CARTESIAN_POINT('',(35.737307122736752,8.278035244081067,0.0));
#132=VERTEX_POINT('',#131);
#133=CARTESIAN_POINT('',(35.737307122736752,-6.471964755923253,0.0));
#134=DIRECTION('',(0.0,0.0,1.0));
#135=DIRECTION('',(0.816153204399994,0.577835570856989,0.0));
#136=AXIS2_PLACEMENT_3D('',#133,#134,#135);
#137=CIRCLE('',#136,14.750000000000004);
#138=EDGE_CURVE('',#124,#132,#137,.T.);
#139=ORIENTED_EDGE('',*,*,#138,.T.);
#140=CARTESIAN_POINT('',(35.737307122736752,8.278035244081067,0.0));
#141=DIRECTION('',(0.0,0.0,1.0));
#142=VECTOR('',#141,66.0);
#143=LINE('',#140,#142);
#144=EDGE_CURVE('',#132,#113,#143,.T.);
#145=ORIENTED_EDGE('',*,*,#144,.T.);
#146=EDGE_LOOP('',(#122,#130,#139,#145));
#147=FACE_OUTER_BOUND('',#146,.T.);
#148=ADVANCED_FACE('',(#147),#111,.T.);
#149=CARTESIAN_POINT('',(47.775566887636664,2.051109914217335,0.0));
#150=DIRECTION('',(0.982727274893129,-0.185059728685428,0.0));
#151=DIRECTION('',(0.0,0.0,-1.0));
#152=AXIS2_PLACEMENT_3D('',#149,#150,#151);
#153=PLANE('',#152);
#154=CARTESIAN_POINT('',(47.710683706300642,1.706559144400032,66.0));
#155=VERTEX_POINT('',#154);
#156=CARTESIAN_POINT('',(47.775566887636664,2.051109914217335,66.0));
#157=DIRECTION('',(-0.185059728685428,-0.982727274893129,0.0));
#158=VECTOR('',#157,0.35060670301918);
#159=LINE('',#156,#158);
#160=EDGE_CURVE('',#115,#155,#159,.T.);
#161=ORIENTED_EDGE('',*,*,#160,.T.);
#162=CARTESIAN_POINT('',(47.710683706300642,1.706559144400032,0.0));
#163=VERTEX_POINT('',#162);
#164=CARTESIAN_POINT('',(47.710683706300642,1.706559144400032,0.0));
#165=DIRECTION('',(0.0,0.0,1.0));
#166=VECTOR('',#165,66.0);
#167=LINE('',#164,#166);
#168=EDGE_CURVE('',#163,#155,#167,.T.);
#169=ORIENTED_EDGE('',*,*,#168,.F.);
#170=CARTESIAN_POINT('',(47.710683706300642,1.706559144400032,0.0));
#171=DIRECTION('',(0.185059728685428,0.982727274893129,0.0));
#172=VECTOR('',#171,0.35060670301918);
#173=LINE('',#170,#172);
#174=EDGE_CURVE('',#163,#124,#173,.T.);
#175=ORIENTED_EDGE('',*,*,#174,.T.);
#176=ORIENTED_EDGE('',*,*,#129,.T.);
#177=EDGE_LOOP('',(#161,#169,#175,#176));
#178=FACE_OUTER_BOUND('',#177,.T.);
#179=ADVANCED_FACE('',(#178),#153,.T.);
#180=CARTESIAN_POINT('',(47.710683706300642,1.706559144400032,0.0));
#181=DIRECTION('',(0.185059728684234,0.982727274893354,0.0));
#182=DIRECTION('',(0.0,0.0,1.0));
#183=AXIS2_PLACEMENT_3D('',#180,#181,#182);
#184=PLANE('',#183);
#185=CARTESIAN_POINT('',(48.055234476118471,1.641675963064344,66.0));
#186=VERTEX_POINT('',#185);
#187=CARTESIAN_POINT('',(47.710683706300642,1.706559144400032,66.0));
#188=DIRECTION('',(0.982727274893354,-0.185059728684235,0.0));
#189=VECTOR('',#188,0.350606703019635);
#190=LINE('',#187,#189);
#191=EDGE_CURVE('',#155,#186,#190,.T.);
#192=ORIENTED_EDGE('',*,*,#191,.T.);
#193=CARTESIAN_POINT('',(48.055234476118471,1.641675963064344,0.0));
#194=VERTEX_POINT('',#193);
#195=CARTESIAN_POINT('',(48.055234476118471,1.641675963064344,0.0));
#196=DIRECTION('',(0.0,0.0,1.0));
#197=VECTOR('',#196,66.0);
#198=LINE('',#195,#197);
#199=EDGE_CURVE('',#194,#186,#198,.T.);
#200=ORIENTED_EDGE('',*,*,#199,.F.);
#201=CARTESIAN_POINT('',(48.055234476118471,1.641675963064344,0.0));
#202=DIRECTION('',(-0.982727274893354,0.185059728684235,0.0));
#203=VECTOR('',#202,0.350606703019635);
#204=LINE('',#201,#203);
#205=EDGE_CURVE('',#194,#163,#204,.T.);
#206=ORIENTED_EDGE('',*,*,#205,.T.);
#207=ORIENTED_EDGE('',*,*,#168,.T.);
#208=EDGE_LOOP('',(#192,#200,#206,#207));
#209=FACE_OUTER_BOUND('',#208,.T.);
#210=ADVANCED_FACE('',(#209),#184,.T.);
#211=CARTESIAN_POINT('',(35.737307122736752,-6.471964755923253,0.0));
#212=DIRECTION('',(0.0,0.0,1.0));
#213=DIRECTION('',(0.977051330493147,0.213003984895991,0.0));
#214=AXIS2_PLACEMENT_3D('',#211,#212,#213);
#215=CYLINDRICAL_SURFACE('',#214,14.75);
#216=CARTESIAN_POINT('',(50.148814247510593,-3.330155978707396,66.0));
#217=VERTEX_POINT('',#216);
#218=CARTESIAN_POINT('',(35.737307122736752,-6.471964755923253,66.0));
#219=DIRECTION('',(0.0,0.0,-1.0));
#220=DIRECTION('',(0.977051330493147,0.213003984895991,0.0));
#221=AXIS2_PLACEMENT_3D('',#218,#219,#220);
#222=CIRCLE('',#221,14.75);
#223=EDGE_CURVE('',#186,#217,#222,.T.);
#224=ORIENTED_EDGE('',*,*,#223,.T.);
#225=CARTESIAN_POINT('',(50.148814247510593,-3.330155978707396,0.0));
#226=VERTEX_POINT('',#225);
#227=CARTESIAN_POINT('',(50.148814247510593,-3.330155978707396,0.0));
#228=DIRECTION('',(0.0,0.0,1.0));
#229=VECTOR('',#228,66.0);
#230=LINE('',#227,#229);
#231=EDGE_CURVE('',#226,#217,#230,.T.);
#232=ORIENTED_EDGE('',*,*,#231,.F.);
#233=CARTESIAN_POINT('',(35.737307122736752,-6.471964755923253,0.0));
#234=DIRECTION('',(0.0,0.0,1.0));
#235=DIRECTION('',(0.977051330493147,0.213003984895991,0.0));
#236=AXIS2_PLACEMENT_3D('',#233,#234,#235);
#237=CIRCLE('',#236,14.75);
#238=EDGE_CURVE('',#226,#194,#237,.T.);
#239=ORIENTED_EDGE('',*,*,#238,.T.);
#240=ORIENTED_EDGE('',*,*,#199,.T.);
#241=EDGE_LOOP('',(#224,#232,#239,#240));
#242=FACE_OUTER_BOUND('',#241,.T.);
#243=ADVANCED_FACE('',(#242),#215,.T.);
#244=CARTESIAN_POINT('',(50.148814247510593,-3.330155978707396,0.0));
#245=DIRECTION('',(0.832296629532644,-0.554330515548802,0.0));
#246=DIRECTION('',(0.0,0.0,-1.0));
#247=AXIS2_PLACEMENT_3D('',#244,#245,#246);
#248=PLANE('',#247);
#249=CARTESIAN_POINT('',(49.954462253071028,-3.621964755921923,66.0));
#250=VERTEX_POINT('',#249);
#251=CARTESIAN_POINT('',(50.148814247510593,-3.330155978707396,66.0));
#252=DIRECTION('',(-0.554330515548809,-0.83229662953264,0.0));
#253=VECTOR('',#252,0.350606703019314);
#254=LINE('',#251,#253);
#255=EDGE_CURVE('',#217,#250,#254,.T.);
#256=ORIENTED_EDGE('',*,*,#255,.T.);
#257=CARTESIAN_POINT('',(49.954462253071028,-3.621964755921923,0.0));
#258=VERTEX_POINT('',#257);
#259=CARTESIAN_POINT('',(49.954462253071028,-3.621964755921923,0.0));
#260=DIRECTION('',(0.0,0.0,1.0));
#261=VECTOR('',#260,66.0);
#262=LINE('',#259,#261);
#263=EDGE_CURVE('',#258,#250,#262,.T.);
#264=ORIENTED_EDGE('',*,*,#263,.F.);
#265=CARTESIAN_POINT('',(49.954462253071028,-3.621964755921923,0.0));
#266=DIRECTION('',(0.554330515548809,0.83229662953264,0.0));
#267=VECTOR('',#266,0.350606703019314);
#268=LINE('',#265,#267);
#269=EDGE_CURVE('',#258,#226,#268,.T.);
#270=ORIENTED_EDGE('',*,*,#269,.T.);
#271=ORIENTED_EDGE('',*,*,#231,.T.);
#272=EDGE_LOOP('',(#256,#264,#270,#271));
#273=FACE_OUTER_BOUND('',#272,.T.);
#274=ADVANCED_FACE('',(#273),#248,.T.);
#275=CARTESIAN_POINT('',(49.954462253071028,-3.621964755921923,0.0));
#276=DIRECTION('',(1.137979E-013,-1.0,0.0));
#277=DIRECTION('',(0.0,0.0,-1.0));
#278=AXIS2_PLACEMENT_3D('',#275,#276,#277);
#279=PLANE('',#278);
#280=CARTESIAN_POINT('',(48.954462253071256,-3.621964755922036,66.0));
#281=VERTEX_POINT('',#280);
#282=CARTESIAN_POINT('',(49.954462253071028,-3.621964755921923,66.0));
#283=DIRECTION('',(-1.0,-1.136868E-013,0.0));
#284=VECTOR('',#283,0.999999999999773);
#285=LINE('',#282,#284);
#286=EDGE_CURVE('',#250,#281,#285,.T.);
#287=ORIENTED_EDGE('',*,*,#286,.T.);
#288=CARTESIAN_POINT('',(48.954462253071256,-3.621964755922036,0.0));
#289=VERTEX_POINT('',#288);
#290=CARTESIAN_POINT('',(48.954462253071256,-3.621964755922036,0.0));
#291=DIRECTION('',(0.0,0.0,1.0));
#292=VECTOR('',#291,66.0);
#293=LINE('',#290,#292);
#294=EDGE_CURVE('',#289,#281,#293,.T.);
#295=ORIENTED_EDGE('',*,*,#294,.F.);
#296=CARTESIAN_POINT('',(48.954462253071256,-3.621964755922036,0.0));
#297=DIRECTION('',(1.0,1.136868E-013,0.0));
#298=VECTOR('',#297,0.999999999999773);
#299=LINE('',#296,#298);
#300=EDGE_CURVE('',#289,#258,#299,.T.);
#301=ORIENTED_EDGE('',*,*,#300,.T.);
#302=ORIENTED_EDGE('',*,*,#263,.T.);
#303=EDGE_LOOP('',(#287,#295,#301,#302));
#304=FACE_OUTER_BOUND('',#303,.T.);
#305=ADVANCED_FACE('',(#304),#279,.T.);
#306=CARTESIAN_POINT('',(48.954462253071256,-3.621964755922036,0.0));
#307=DIRECTION('',(-0.707106781186456,-0.707106781186639,0.0));
#308=DIRECTION('',(0.0,0.0,1.0));
#309=AXIS2_PLACEMENT_3D('',#306,#307,#308);
#310=PLANE('',#309);
#311=CARTESIAN_POINT('',(48.754462253071218,-3.421964755922048,66.0));
#312=VERTEX_POINT('',#311);
#313=CARTESIAN_POINT('',(48.954462253071256,-3.621964755922036,66.0));
#314=DIRECTION('',(-0.707106781186636,0.70710678118646,0.0));
#315=VECTOR('',#314,0.282842712474638);
#316=LINE('',#313,#315);
#317=EDGE_CURVE('',#281,#312,#316,.T.);
#318=ORIENTED_EDGE('',*,*,#317,.T.);
#319=CARTESIAN_POINT('',(48.754462253071218,-3.421964755922048,0.0));
#320=VERTEX_POINT('',#319);
#321=CARTESIAN_POINT('',(48.754462253071218,-3.421964755922048,0.0));
#322=DIRECTION('',(0.0,0.0,1.0));
#323=VECTOR('',#322,66.0);
#324=LINE('',#321,#323);
#325=EDGE_CURVE('',#320,#312,#324,.T.);
#326=ORIENTED_EDGE('',*,*,#325,.F.);
#327=CARTESIAN_POINT('',(48.754462253071218,-3.421964755922048,0.0));
#328=DIRECTION('',(0.707106781186636,-0.70710678118646,0.0));
#329=VECTOR('',#328,0.282842712474638);
#330=LINE('',#327,#329);
#331=EDGE_CURVE('',#320,#289,#330,.T.);
#332=ORIENTED_EDGE('',*,*,#331,.T.);
#333=ORIENTED_EDGE('',*,*,#294,.T.);
#334=EDGE_LOOP('',(#318,#326,#332,#333));
#335=FACE_OUTER_BOUND('',#334,.T.);
#336=ADVANCED_FACE('',(#335),#310,.T.);
#337=CARTESIAN_POINT('',(48.754462253071218,-3.421964755922048,0.0));
#338=DIRECTION('',(0.0,-1.0,0.0));
#339=DIRECTION('',(0.0,0.0,-1.0));
#340=AXIS2_PLACEMENT_3D('',#337,#338,#339);
#341=PLANE('',#340);
#342=CARTESIAN_POINT('',(45.887307122736757,-3.421964755922105,66.0));
#343=VERTEX_POINT('',#342);
#344=CARTESIAN_POINT('',(48.754462253071218,-3.421964755922048,66.0));
#345=DIRECTION('',(-1.0,0.0,0.0));
#346=VECTOR('',#345,2.86715513033446);
#347=LINE('',#344,#346);
#348=EDGE_CURVE('',#312,#343,#347,.T.);
#349=ORIENTED_EDGE('',*,*,#348,.T.);
#350=CARTESIAN_POINT('',(45.887307122736757,-3.421964755922105,0.0));
#351=VERTEX_POINT('',#350);
#352=CARTESIAN_POINT('',(45.887307122736757,-3.421964755922105,0.0));
#353=DIRECTION('',(0.0,0.0,1.0));
#354=VECTOR('',#353,66.0);
#355=LINE('',#352,#354);
#356=EDGE_CURVE('',#351,#343,#355,.T.);
#357=ORIENTED_EDGE('',*,*,#356,.F.);
#358=CARTESIAN_POINT('',(45.887307122736757,-3.421964755922105,0.0));
#359=DIRECTION('',(1.0,0.0,0.0));
#360=VECTOR('',#359,2.86715513033446);
#361=LINE('',#358,#360);
#362=EDGE_CURVE('',#351,#320,#361,.T.);
#363=ORIENTED_EDGE('',*,*,#362,.T.);
#364=ORIENTED_EDGE('',*,*,#325,.T.);
#365=EDGE_LOOP('',(#349,#357,#363,#364));
#366=FACE_OUTER_BOUND('',#365,.T.);
#367=ADVANCED_FACE('',(#366),#341,.T.);
#368=CARTESIAN_POINT('',(45.887307122736757,-3.421964755922105,0.0));
#369=DIRECTION('',(0.86602540378417,-0.500000000000465,0.0));
#370=DIRECTION('',(0.0,0.0,-1.0));
#371=AXIS2_PLACEMENT_3D('',#368,#369,#370);
#372=PLANE('',#371);
#373=CARTESIAN_POINT('',(45.710512203493408,-3.728182538571232,66.0));
#374=VERTEX_POINT('',#373);
#375=CARTESIAN_POINT('',(45.88730712273675,-3.421964755922105,66.0));
#376=DIRECTION('',(-0.500000000000462,-0.866025403784172,0.0));
#377=VECTOR('',#376,0.353589838486357);
#378=LINE('',#375,#377);
#379=EDGE_CURVE('',#343,#374,#378,.T.);
#380=ORIENTED_EDGE('',*,*,#379,.T.);
#381=CARTESIAN_POINT('',(45.710512203493408,-3.728182538571232,0.0));
#382=VERTEX_POINT('',#381);
#383=CARTESIAN_POINT('',(45.710512203493408,-3.728182538571232,0.0));
#384=DIRECTION('',(0.0,0.0,1.0));
#385=VECTOR('',#384,66.0);
#386=LINE('',#383,#385);
#387=EDGE_CURVE('',#382,#374,#386,.T.);
#388=ORIENTED_EDGE('',*,*,#387,.F.);
#389=CARTESIAN_POINT('',(45.710512203493408,-3.728182538571232,0.0));
#390=DIRECTION('',(0.500000000000462,0.866025403784172,0.0));
#391=VECTOR('',#390,0.353589838486357);
#392=LINE('',#389,#391);
#393=EDGE_CURVE('',#382,#351,#392,.T.);
#394=ORIENTED_EDGE('',*,*,#393,.T.);
#395=ORIENTED_EDGE('',*,*,#356,.T.);
#396=EDGE_LOOP('',(#380,#388,#394,#395));
#397=FACE_OUTER_BOUND('',#396,.T.);
#398=ADVANCED_FACE('',(#397),#372,.T.);
#399=CARTESIAN_POINT('',(45.537307122736827,-3.62818253857121,0.0));
#400=DIRECTION('',(0.0,0.0,1.0));
#401=DIRECTION('',(-0.86602540378459,-0.499999999999738,0.0));
#402=AXIS2_PLACEMENT_3D('',#399,#400,#401);
#403=CYLINDRICAL_SURFACE('',#402,0.2);
#404=CARTESIAN_POINT('',(45.364102041979777,-3.728182538571232,66.0));
#405=VERTEX_POINT('',#404);
#406=CARTESIAN_POINT('',(45.537307122736827,-3.62818253857121,66.0));
#407=DIRECTION('',(0.0,0.0,-1.0));
#408=DIRECTION('',(-0.86602540378459,-0.499999999999738,0.0));
#409=AXIS2_PLACEMENT_3D('',#406,#407,#408);
#410=CIRCLE('',#409,0.2);
#411=EDGE_CURVE('',#374,#405,#410,.T.);
#412=ORIENTED_EDGE('',*,*,#411,.T.);
#413=CARTESIAN_POINT('',(45.364102041979777,-3.728182538571232,0.0));
#414=VERTEX_POINT('',#413);
#415=CARTESIAN_POINT('',(45.364102041979777,-3.728182538571232,0.0));
#416=DIRECTION('',(0.0,0.0,1.0));
#417=VECTOR('',#416,66.0);
#418=LINE('',#415,#417);
#419=EDGE_CURVE('',#414,#405,#418,.T.);
#420=ORIENTED_EDGE('',*,*,#419,.F.);
#421=CARTESIAN_POINT('',(45.537307122736827,-3.62818253857121,0.0));
#422=DIRECTION('',(0.0,0.0,1.0));
#423=DIRECTION('',(-0.86602540378459,-0.499999999999738,0.0));
#424=AXIS2_PLACEMENT_3D('',#421,#422,#423);
#425=CIRCLE('',#424,0.2);
#426=EDGE_CURVE('',#414,#382,#425,.T.);
#427=ORIENTED_EDGE('',*,*,#426,.T.);
#428=ORIENTED_EDGE('',*,*,#387,.T.);
#429=EDGE_LOOP('',(#412,#420,#427,#428));
#430=FACE_OUTER_BOUND('',#429,.T.);
#431=ADVANCED_FACE('',(#430),#403,.T.);
#432=CARTESIAN_POINT('',(45.364102041979777,-3.728182538571232,0.0));
#433=DIRECTION('',(-0.866025403784475,-0.499999999999938,0.0));
#434=DIRECTION('',(0.0,0.0,1.0));
#435=AXIS2_PLACEMENT_3D('',#432,#433,#434);
#436=PLANE('',#435);
#437=CARTESIAN_POINT('',(45.187307122736684,-3.421964755922105,66.0));
#438=VERTEX_POINT('',#437);
#439=CARTESIAN_POINT('',(45.364102041979777,-3.728182538571232,66.0));
#440=DIRECTION('',(-0.499999999999934,0.866025403784477,0.0));
#441=VECTOR('',#440,0.353589838486233);
#442=LINE('',#439,#441);
#443=EDGE_CURVE('',#405,#438,#442,.T.);
#444=ORIENTED_EDGE('',*,*,#443,.T.);
#445=CARTESIAN_POINT('',(45.187307122736684,-3.421964755922105,0.0));
#446=VERTEX_POINT('',#445);
#447=CARTESIAN_POINT('',(45.187307122736684,-3.421964755922105,0.0));
#448=DIRECTION('',(0.0,0.0,1.0));
#449=VECTOR('',#448,66.0);
#450=LINE('',#447,#449);
#451=EDGE_CURVE('',#446,#438,#450,.T.);
#452=ORIENTED_EDGE('',*,*,#451,.F.);
#453=CARTESIAN_POINT('',(45.187307122736684,-3.421964755922105,0.0));
#454=DIRECTION('',(0.499999999999934,-0.866025403784477,0.0));
#455=VECTOR('',#454,0.353589838486233);
#456=LINE('',#453,#455);
#457=EDGE_CURVE('',#446,#414,#456,.T.);
#458=ORIENTED_EDGE('',*,*,#457,.T.);
#459=ORIENTED_EDGE('',*,*,#419,.T.);
#460=EDGE_LOOP('',(#444,#452,#458,#459));
#461=FACE_OUTER_BOUND('',#460,.T.);
#462=ADVANCED_FACE('',(#461),#436,.T.);
#463=CARTESIAN_POINT('',(45.187307122736684,-3.421964755922105,0.0));
#464=DIRECTION('',(0.0,-1.0,0.0));
#465=DIRECTION('',(0.0,0.0,-1.0));
#466=AXIS2_PLACEMENT_3D('',#463,#464,#465);
#467=PLANE('',#466);
#468=CARTESIAN_POINT('',(44.337307122736817,-3.421964755922076,66.0));
#469=VERTEX_POINT('',#468);
#470=CARTESIAN_POINT('',(45.187307122736684,-3.421964755922105,66.0));
#471=DIRECTION('',(-1.0,0.0,0.0));
#472=VECTOR('',#471,0.849999999999866);
#473=LINE('',#470,#472);
#474=EDGE_CURVE('',#438,#469,#473,.T.);
#475=ORIENTED_EDGE('',*,*,#474,.T.);
#476=CARTESIAN_POINT('',(44.337307122736817,-3.421964755922076,0.0));
#477=VERTEX_POINT('',#476);
#478=CARTESIAN_POINT('',(44.337307122736817,-3.421964755922076,0.0));
#479=DIRECTION('',(0.0,0.0,1.0));
#480=VECTOR('',#479,66.0);
#481=LINE('',#478,#480);
#482=EDGE_CURVE('',#477,#469,#481,.T.);
#483=ORIENTED_EDGE('',*,*,#482,.F.);
#484=CARTESIAN_POINT('',(44.337307122736817,-3.421964755922076,0.0));
#485=DIRECTION('',(1.0,0.0,0.0));
#486=VECTOR('',#485,0.849999999999866);
#487=LINE('',#484,#486);
#488=EDGE_CURVE('',#477,#446,#487,.T.);
#489=ORIENTED_EDGE('',*,*,#488,.T.);
#490=ORIENTED_EDGE('',*,*,#451,.T.);
#491=EDGE_LOOP('',(#475,#483,#489,#490));
#492=FACE_OUTER_BOUND('',#491,.T.);
#493=ADVANCED_FACE('',(#492),#467,.T.);
#494=CARTESIAN_POINT('',(44.337307122736782,-3.921964755922076,0.0));
#495=DIRECTION('',(0.0,0.0,1.0));
#496=DIRECTION('',(0.0,-1.0,0.0));
#497=AXIS2_PLACEMENT_3D('',#494,#495,#496);
#498=CYLINDRICAL_SURFACE('',#497,0.5);
#499=CARTESIAN_POINT('',(43.837307122736775,-3.921964755922076,66.0));
#500=VERTEX_POINT('',#499);
#501=CARTESIAN_POINT('',(44.337307122736782,-3.921964755922076,66.0));
#502=DIRECTION('',(0.0,0.0,1.0));
#503=DIRECTION('',(0.0,-1.0,0.0));
#504=AXIS2_PLACEMENT_3D('',#501,#502,#503);
#505=CIRCLE('',#504,0.5);
#506=EDGE_CURVE('',#469,#500,#505,.T.);
#507=ORIENTED_EDGE('',*,*,#506,.T.);
#508=CARTESIAN_POINT('',(43.837307122736775,-3.921964755922076,0.0));
#509=VERTEX_POINT('',#508);
#510=CARTESIAN_POINT('',(43.837307122736775,-3.921964755922076,0.0));
#511=DIRECTION('',(0.0,0.0,1.0));
#512=VECTOR('',#511,66.0);
#513=LINE('',#510,#512);
#514=EDGE_CURVE('',#509,#500,#513,.T.);
#515=ORIENTED_EDGE('',*,*,#514,.F.);
#516=CARTESIAN_POINT('',(44.337307122736782,-3.921964755922076,0.0));
#517=DIRECTION('',(0.0,0.0,-1.0));
#518=DIRECTION('',(0.0,-1.0,0.0));
#519=AXIS2_PLACEMENT_3D('',#516,#517,#518);
#520=CIRCLE('',#519,0.5);
#521=EDGE_CURVE('',#509,#477,#520,.T.);
#522=ORIENTED_EDGE('',*,*,#521,.T.);
#523=ORIENTED_EDGE('',*,*,#482,.T.);
#524=EDGE_LOOP('',(#507,#515,#522,#523));
#525=FACE_OUTER_BOUND('',#524,.T.);
#526=ADVANCED_FACE('',(#525),#498,.F.);
#527=CARTESIAN_POINT('',(43.837307122736775,-3.921964755922076,0.0));
#528=DIRECTION('',(1.0,0.0,0.0));
#529=DIRECTION('',(0.0,0.0,-1.0));
#530=AXIS2_PLACEMENT_3D('',#527,#528,#529);
#531=PLANE('',#530);
#532=CARTESIAN_POINT('',(43.837307122736775,-6.927478383055572,66.0));
#533=VERTEX_POINT('',#532);
#534=CARTESIAN_POINT('',(43.837307122736775,-3.921964755922076,66.0));
#535=DIRECTION('',(0.0,-1.0,0.0));
#536=VECTOR('',#535,3.005513627133496);
#537=LINE('',#534,#536);
#538=EDGE_CURVE('',#500,#533,#537,.T.);
#539=ORIENTED_EDGE('',*,*,#538,.T.);
#540=CARTESIAN_POINT('',(43.837307122736775,-6.927478383055572,0.0));
#541=VERTEX_POINT('',#540);
#542=CARTESIAN_POINT('',(43.837307122736775,-6.927478383055572,0.0));
#543=DIRECTION('',(0.0,0.0,1.0));
#544=VECTOR('',#543,66.0);
#545=LINE('',#542,#544);
#546=EDGE_CURVE('',#541,#533,#545,.T.);
#547=ORIENTED_EDGE('',*,*,#546,.F.);
#548=CARTESIAN_POINT('',(43.837307122736775,-6.927478383055572,0.0));
#549=DIRECTION('',(0.0,1.0,0.0));
#550=VECTOR('',#549,3.005513627133496);
#551=LINE('',#548,#550);
#552=EDGE_CURVE('',#541,#509,#551,.T.);
#553=ORIENTED_EDGE('',*,*,#552,.T.);
#554=ORIENTED_EDGE('',*,*,#514,.T.);
#555=EDGE_LOOP('',(#539,#547,#553,#554));
#556=FACE_OUTER_BOUND('',#555,.T.);
#557=ADVANCED_FACE('',(#556),#531,.T.);
#558=CARTESIAN_POINT('',(43.837307122736775,-6.927478383055572,0.0));
#559=DIRECTION('',(-0.258819045102877,0.965925826288973,0.0));
#560=DIRECTION('',(0.0,0.0,1.0));
#561=AXIS2_PLACEMENT_3D('',#558,#559,#560);
#562=PLANE('',#561);
#563=CARTESIAN_POINT('',(44.052637964895666,-6.869780657793498,66.0));
#564=VERTEX_POINT('',#563);
#565=CARTESIAN_POINT('',(43.837307122736775,-6.927478383055572,66.0));
#566=DIRECTION('',(0.965925826288973,0.258819045102877,0.0));
#567=VECTOR('',#566,0.222926891794766);
#568=LINE('',#565,#567);
#569=EDGE_CURVE('',#533,#564,#568,.T.);
#570=ORIENTED_EDGE('',*,*,#569,.T.);
#571=CARTESIAN_POINT('',(44.052637964895666,-6.869780657793498,0.0));
#572=VERTEX_POINT('',#571);
#573=CARTESIAN_POINT('',(44.052637964895666,-6.869780657793498,0.0));
#574=DIRECTION('',(0.0,0.0,1.0));
#575=VECTOR('',#574,66.0);
#576=LINE('',#573,#575);
#577=EDGE_CURVE('',#572,#564,#576,.T.);
#578=ORIENTED_EDGE('',*,*,#577,.F.);
#579=CARTESIAN_POINT('',(44.052637964895666,-6.869780657793498,0.0));
#580=DIRECTION('',(-0.965925826288973,-0.258819045102877,0.0));
#581=VECTOR('',#580,0.222926891794766);
#582=LINE('',#579,#581);
#583=EDGE_CURVE('',#572,#541,#582,.T.);
#584=ORIENTED_EDGE('',*,*,#583,.T.);
#585=ORIENTED_EDGE('',*,*,#546,.T.);
#586=EDGE_LOOP('',(#570,#578,#584,#585));
#587=FACE_OUTER_BOUND('',#586,.T.);
#588=ADVANCED_FACE('',(#587),#562,.T.);
#589=CARTESIAN_POINT('',(44.104401773916379,-7.062965823051273,0.0));
#590=DIRECTION('',(0.0,0.0,1.0));
#591=DIRECTION('',(0.924455063750096,0.38129101104905,0.0));
#592=AXIS2_PLACEMENT_3D('',#589,#590,#591);
#593=CYLINDRICAL_SURFACE('',#592,0.2);
#594=CARTESIAN_POINT('',(44.289292786674153,-6.986707620838263,66.0));
#595=VERTEX_POINT('',#594);
#596=CARTESIAN_POINT('',(44.104401773916379,-7.062965823051273,66.0));
#597=DIRECTION('',(0.0,0.0,-1.0));
#598=DIRECTION('',(0.924455063750096,0.38129101104905,0.0));
#599=AXIS2_PLACEMENT_3D('',#596,#597,#598);
#600=CIRCLE('',#599,0.2);
#601=EDGE_CURVE('',#564,#595,#600,.T.);
#602=ORIENTED_EDGE('',*,*,#601,.T.);
#603=CARTESIAN_POINT('',(44.289292786674153,-6.986707620838263,0.0));
#604=VERTEX_POINT('',#603);
#605=CARTESIAN_POINT('',(44.289292786674153,-6.986707620838263,0.0));
#606=DIRECTION('',(0.0,0.0,1.0));
#607=VECTOR('',#606,66.0);
#608=LINE('',#605,#607);
#609=EDGE_CURVE('',#604,#595,#608,.T.);
#610=ORIENTED_EDGE('',*,*,#609,.F.);
#611=CARTESIAN_POINT('',(44.104401773916379,-7.062965823051273,0.0));
#612=DIRECTION('',(0.0,0.0,1.0));
#613=DIRECTION('',(0.924455063750096,0.38129101104905,0.0));
#614=AXIS2_PLACEMENT_3D('',#611,#612,#613);
#615=CIRCLE('',#614,0.2);
#616=EDGE_CURVE('',#604,#572,#615,.T.);
#617=ORIENTED_EDGE('',*,*,#616,.T.);
#618=ORIENTED_EDGE('',*,*,#577,.T.);
#619=EDGE_LOOP('',(#602,#610,#617,#618));
#620=FACE_OUTER_BOUND('',#619,.T.);
#621=ADVANCED_FACE('',(#620),#593,.T.);
#622=CARTESIAN_POINT('',(45.537307122736827,-6.471964755922145,0.0));
#623=DIRECTION('',(0.0,0.0,1.0));
#624=DIRECTION('',(0.924455063750126,0.381291011048976,0.0));
#625=AXIS2_PLACEMENT_3D('',#622,#623,#624);
#626=CYLINDRICAL_SURFACE('',#625,1.35);
#627=CARTESIAN_POINT('',(45.239164725736821,-7.788631422588805,66.0));
#628=VERTEX_POINT('',#627);
#629=CARTESIAN_POINT('',(45.537307122736827,-6.471964755922145,66.0));
#630=DIRECTION('',(0.0,0.0,1.0));
#631=DIRECTION('',(0.924455063750126,0.381291011048976,0.0));
#632=AXIS2_PLACEMENT_3D('',#629,#630,#631);
#633=CIRCLE('',#632,1.35);
#634=EDGE_CURVE('',#595,#628,#633,.T.);
#635=ORIENTED_EDGE('',*,*,#634,.T.);
#636=CARTESIAN_POINT('',(45.239164725736821,-7.788631422588805,0.0));
#637=VERTEX_POINT('',#636);
#638=CARTESIAN_POINT('',(45.239164725736821,-7.788631422588805,0.0));
#639=DIRECTION('',(0.0,0.0,1.0));
#640=VECTOR('',#639,66.0);
#641=LINE('',#638,#640);
#642=EDGE_CURVE('',#637,#628,#641,.T.);
#643=ORIENTED_EDGE('',*,*,#642,.F.);
#644=CARTESIAN_POINT('',(45.537307122736827,-6.471964755922145,0.0));
#645=DIRECTION('',(0.0,0.0,-1.0));
#646=DIRECTION('',(0.924455063750126,0.381291011048976,0.0));
#647=AXIS2_PLACEMENT_3D('',#644,#645,#646);
#648=CIRCLE('',#647,1.35);
#649=EDGE_CURVE('',#637,#604,#648,.T.);
#650=ORIENTED_EDGE('',*,*,#649,.T.);
#651=ORIENTED_EDGE('',*,*,#609,.T.);
#652=EDGE_LOOP('',(#635,#643,#650,#651));
#653=FACE_OUTER_BOUND('',#652,.T.);
#654=ADVANCED_FACE('',(#653),#626,.F.);
#655=CARTESIAN_POINT('',(45.537307122736827,-7.821964755922167,0.0));
#656=DIRECTION('',(0.0,0.0,1.0));
#657=DIRECTION('',(0.993807989999897,-0.111111111111194,0.0));
#658=AXIS2_PLACEMENT_3D('',#655,#656,#657);
#659=CYLINDRICAL_SURFACE('',#658,0.3);
#660=CARTESIAN_POINT('',(45.835449519736819,-7.788631422588805,66.0));
#661=VERTEX_POINT('',#660);
#662=CARTESIAN_POINT('',(45.537307122736827,-7.821964755922167,66.0));
#663=DIRECTION('',(0.0,0.0,1.0));
#664=DIRECTION('',(0.993807989999897,-0.111111111111194,0.0));
#665=AXIS2_PLACEMENT_3D('',#662,#663,#664);
#666=CIRCLE('',#665,0.3);
#667=EDGE_CURVE('',#628,#661,#666,.T.);
#668=ORIENTED_EDGE('',*,*,#667,.T.);
#669=CARTESIAN_POINT('',(45.835449519736819,-7.788631422588805,0.0));
#670=VERTEX_POINT('',#669);
#671=CARTESIAN_POINT('',(45.835449519736819,-7.788631422588805,0.0));
#672=DIRECTION('',(0.0,0.0,1.0));
#673=VECTOR('',#672,66.0);
#674=LINE('',#671,#673);
#675=EDGE_CURVE('',#670,#661,#674,.T.);
#676=ORIENTED_EDGE('',*,*,#675,.F.);
#677=CARTESIAN_POINT('',(45.537307122736827,-7.821964755922167,0.0));
#678=DIRECTION('',(0.0,0.0,-1.0));
#679=DIRECTION('',(0.993807989999897,-0.111111111111194,0.0));
#680=AXIS2_PLACEMENT_3D('',#677,#678,#679);
#681=CIRCLE('',#680,0.3);
#682=EDGE_CURVE('',#670,#637,#681,.T.);
#683=ORIENTED_EDGE('',*,*,#682,.T.);
#684=ORIENTED_EDGE('',*,*,#642,.T.);
#685=EDGE_LOOP('',(#668,#676,#683,#684));
#686=FACE_OUTER_BOUND('',#685,.T.);
#687=ADVANCED_FACE('',(#686),#659,.F.);
#688=CARTESIAN_POINT('',(45.537307122736827,-6.471964755922145,0.0));
#689=DIRECTION('',(0.0,0.0,1.0));
#690=DIRECTION('',(-0.220846219999996,0.975308641975305,0.0));
#691=AXIS2_PLACEMENT_3D('',#688,#689,#690);
#692=CYLINDRICAL_SURFACE('',#691,1.35);
#693=CARTESIAN_POINT('',(46.785321458799906,-6.986707620837263,66.0));
#694=VERTEX_POINT('',#693);
#695=CARTESIAN_POINT('',(45.537307122736827,-6.471964755922145,66.0));
#696=DIRECTION('',(0.0,0.0,1.0));
#697=DIRECTION('',(-0.220846219999996,0.975308641975305,0.0));
#698=AXIS2_PLACEMENT_3D('',#695,#696,#697);
#699=CIRCLE('',#698,1.35);
#700=EDGE_CURVE('',#661,#694,#699,.T.);
#701=ORIENTED_EDGE('',*,*,#700,.T.);
#702=CARTESIAN_POINT('',(46.785321458799906,-6.986707620837263,0.0));
#703=VERTEX_POINT('',#702);
#704=CARTESIAN_POINT('',(46.785321458799906,-6.986707620837263,0.0));
#705=DIRECTION('',(0.0,0.0,1.0));
#706=VECTOR('',#705,66.0);
#707=LINE('',#704,#706);
#708=EDGE_CURVE('',#703,#694,#707,.T.);
#709=ORIENTED_EDGE('',*,*,#708,.F.);
#710=CARTESIAN_POINT('',(45.537307122736827,-6.471964755922145,0.0));
#711=DIRECTION('',(0.0,0.0,-1.0));
#712=DIRECTION('',(-0.220846219999996,0.975308641975305,0.0));
#713=AXIS2_PLACEMENT_3D('',#710,#711,#712);
#714=CIRCLE('',#713,1.35);
#715=EDGE_CURVE('',#703,#670,#714,.T.);
#716=ORIENTED_EDGE('',*,*,#715,.T.);
#717=ORIENTED_EDGE('',*,*,#675,.T.);
#718=EDGE_LOOP('',(#701,#709,#716,#717));
#719=FACE_OUTER_BOUND('',#718,.T.);
#720=ADVANCED_FACE('',(#719),#692,.F.);
#721=CARTESIAN_POINT('',(46.970212471557716,-7.062965823050136,0.0));
#722=DIRECTION('',(0.0,0.0,1.0));
#723=DIRECTION('',(0.25881904510007,0.965925826289725,0.0));
#724=AXIS2_PLACEMENT_3D('',#721,#722,#723);
#725=CYLINDRICAL_SURFACE('',#724,0.2);
#726=CARTESIAN_POINT('',(47.021976280577746,-6.869780657792135,66.0));
#727=VERTEX_POINT('',#726);
#728=CARTESIAN_POINT('',(46.970212471557716,-7.062965823050136,66.0));
#729=DIRECTION('',(0.0,0.0,-1.0));
#730=DIRECTION('',(0.25881904510007,0.965925826289725,0.0));
#731=AXIS2_PLACEMENT_3D('',#728,#729,#730);
#732=CIRCLE('',#731,0.2);
#733=EDGE_CURVE('',#694,#727,#732,.T.);
#734=ORIENTED_EDGE('',*,*,#733,.T.);
#735=CARTESIAN_POINT('',(47.021976280577746,-6.869780657792135,0.0));
#736=VERTEX_POINT('',#735);
#737=CARTESIAN_POINT('',(47.021976280577746,-6.869780657792135,0.0));
#738=DIRECTION('',(0.0,0.0,1.0));
#739=VECTOR('',#738,66.0);
#740=LINE('',#737,#739);
#741=EDGE_CURVE('',#736,#727,#740,.T.);
#742=ORIENTED_EDGE('',*,*,#741,.F.);
#743=CARTESIAN_POINT('',(46.970212471557716,-7.062965823050136,0.0));
#744=DIRECTION('',(0.0,0.0,1.0));
#745=DIRECTION('',(0.25881904510007,0.965925826289725,0.0));
#746=AXIS2_PLACEMENT_3D('',#743,#744,#745);
#747=CIRCLE('',#746,0.2);
#748=EDGE_CURVE('',#736,#703,#747,.T.);
#749=ORIENTED_EDGE('',*,*,#748,.T.);
#750=ORIENTED_EDGE('',*,*,#708,.T.);
#751=EDGE_LOOP('',(#734,#742,#749,#750));
#752=FACE_OUTER_BOUND('',#751,.T.);
#753=ADVANCED_FACE('',(#752),#725,.T.);
#754=CARTESIAN_POINT('',(47.021976280577746,-6.869780657792135,0.0));
#755=DIRECTION('',(0.258819045102613,0.965925826289044,0.0));
#756=DIRECTION('',(0.0,0.0,1.0));
#757=AXIS2_PLACEMENT_3D('',#754,#755,#756);
#758=PLANE('',#757);
#759=CARTESIAN_POINT('',(47.166716645287813,-6.908563721628398,66.0));
#760=VERTEX_POINT('',#759);
#761=CARTESIAN_POINT('',(47.021976280577746,-6.869780657792135,66.0));
#762=DIRECTION('',(0.965925826289045,-0.25881904510261,0.0));
#763=VECTOR('',#762,0.149846251928204);
#764=LINE('',#761,#763);
#765=EDGE_CURVE('',#727,#760,#764,.T.);
#766=ORIENTED_EDGE('',*,*,#765,.T.);
#767=CARTESIAN_POINT('',(47.166716645287813,-6.908563721628398,0.0));
#768=VERTEX_POINT('',#767);
#769=CARTESIAN_POINT('',(47.166716645287813,-6.908563721628398,0.0));
#770=DIRECTION('',(0.0,0.0,1.0));
#771=VECTOR('',#770,66.0);
#772=LINE('',#769,#771);
#773=EDGE_CURVE('',#768,#760,#772,.T.);
#774=ORIENTED_EDGE('',*,*,#773,.F.);
#775=CARTESIAN_POINT('',(47.166716645287813,-6.908563721628398,0.0));
#776=DIRECTION('',(-0.965925826289045,0.25881904510261,0.0));
#777=VECTOR('',#776,0.149846251928204);
#778=LINE('',#775,#777);
#779=EDGE_CURVE('',#768,#736,#778,.T.);
#780=ORIENTED_EDGE('',*,*,#779,.T.);
#781=ORIENTED_EDGE('',*,*,#741,.T.);
#782=EDGE_LOOP('',(#766,#774,#780,#781));
#783=FACE_OUTER_BOUND('',#782,.T.);
#784=ADVANCED_FACE('',(#783),#758,.T.);
#785=CARTESIAN_POINT('',(47.037307122737275,-7.391526634772944,0.0));
#786=DIRECTION('',(0.0,0.0,1.0));
#787=DIRECTION('',(1.0,6.594725E-012,0.0));
#788=AXIS2_PLACEMENT_3D('',#785,#786,#787);
#789=CYLINDRICAL_SURFACE('',#788,0.5);
#790=CARTESIAN_POINT('',(47.537307122737047,-7.391526634769647,66.0));
#791=VERTEX_POINT('',#790);
#792=CARTESIAN_POINT('',(47.037307122737275,-7.391526634772944,66.0));
#793=DIRECTION('',(0.0,0.0,-1.0));
#794=DIRECTION('',(1.0,6.594725E-012,0.0));
#795=AXIS2_PLACEMENT_3D('',#792,#793,#794);
#796=CIRCLE('',#795,0.5);
#797=EDGE_CURVE('',#760,#791,#796,.T.);
#798=ORIENTED_EDGE('',*,*,#797,.T.);
#799=CARTESIAN_POINT('',(47.537307122737047,-7.391526634769647,0.0));
#800=VERTEX_POINT('',#799);
#801=CARTESIAN_POINT('',(47.537307122737047,-7.391526634769647,0.0));
#802=DIRECTION('',(0.0,0.0,1.0));
#803=VECTOR('',#802,66.0);
#804=LINE('',#801,#803);
#805=EDGE_CURVE('',#800,#791,#804,.T.);
#806=ORIENTED_EDGE('',*,*,#805,.F.);
#807=CARTESIAN_POINT('',(47.037307122737275,-7.391526634772944,0.0));
#808=DIRECTION('',(0.0,0.0,1.0));
#809=DIRECTION('',(1.0,6.594725E-012,0.0));
#810=AXIS2_PLACEMENT_3D('',#807,#808,#809);
#811=CIRCLE('',#810,0.5);
#812=EDGE_CURVE('',#800,#768,#811,.T.);
#813=ORIENTED_EDGE('',*,*,#812,.T.);
#814=ORIENTED_EDGE('',*,*,#773,.T.);
#815=EDGE_LOOP('',(#798,#806,#813,#814));
#816=FACE_OUTER_BOUND('',#815,.T.);
#817=ADVANCED_FACE('',(#816),#789,.T.);
#818=CARTESIAN_POINT('',(47.537307122737047,-7.391526634769647,0.0));
#819=DIRECTION('',(1.0,6.507666E-012,0.0));
#820=DIRECTION('',(0.0,0.0,-1.0));
#821=AXIS2_PLACEMENT_3D('',#818,#819,#820);
#822=PLANE('',#821);
#823=CARTESIAN_POINT('',(47.537307122743755,-8.421964755918154,66.0));
#824=VERTEX_POINT('',#823);
#825=CARTESIAN_POINT('',(47.537307122737047,-7.391526634769647,66.0));
#826=DIRECTION('',(6.509390E-012,-1.0,0.0));
#827=VECTOR('',#826,1.030438121148507);
#828=LINE('',#825,#827);
#829=EDGE_CURVE('',#791,#824,#828,.T.);
#830=ORIENTED_EDGE('',*,*,#829,.T.);
#831=CARTESIAN_POINT('',(47.537307122743755,-8.421964755918154,0.0));
#832=VERTEX_POINT('',#831);
#833=CARTESIAN_POINT('',(47.537307122743755,-8.421964755918154,0.0));
#834=DIRECTION('',(0.0,0.0,1.0));
#835=VECTOR('',#834,66.0);
#836=LINE('',#833,#835);
#837=EDGE_CURVE('',#832,#824,#836,.T.);
#838=ORIENTED_EDGE('',*,*,#837,.F.);
#839=CARTESIAN_POINT('',(47.537307122743755,-8.421964755918154,0.0));
#840=DIRECTION('',(-6.509390E-012,1.0,0.0));
#841=VECTOR('',#840,1.030438121148507);
#842=LINE('',#839,#841);
#843=EDGE_CURVE('',#832,#800,#842,.T.);
#844=ORIENTED_EDGE('',*,*,#843,.T.);
#845=ORIENTED_EDGE('',*,*,#805,.T.);
#846=EDGE_LOOP('',(#830,#838,#844,#845));
#847=FACE_OUTER_BOUND('',#846,.T.);
#848=ADVANCED_FACE('',(#847),#822,.T.);
#849=CARTESIAN_POINT('',(46.537307122737054,-8.421964755924691,0.0));
#850=DIRECTION('',(0.0,0.0,1.0));
#851=DIRECTION('',(-2.042810E-013,-1.0,0.0));
#852=AXIS2_PLACEMENT_3D('',#849,#850,#851);
#853=CYLINDRICAL_SURFACE('',#852,1.0);
#854=CARTESIAN_POINT('',(46.537307122736848,-9.421964755924691,66.0));
#855=VERTEX_POINT('',#854);
#856=CARTESIAN_POINT('',(46.537307122737054,-8.421964755924691,66.0));
#857=DIRECTION('',(0.0,0.0,-1.0));
#858=DIRECTION('',(-2.042810E-013,-1.0,0.0));
#859=AXIS2_PLACEMENT_3D('',#856,#857,#858);
#860=CIRCLE('',#859,1.0);
#861=EDGE_CURVE('',#824,#855,#860,.T.);
#862=ORIENTED_EDGE('',*,*,#861,.T.);
#863=CARTESIAN_POINT('',(46.537307122736848,-9.421964755924691,0.0));
#864=VERTEX_POINT('',#863);
#865=CARTESIAN_POINT('',(46.537307122736848,-9.421964755924691,0.0));
#866=DIRECTION('',(0.0,0.0,1.0));
#867=VECTOR('',#866,66.0);
#868=LINE('',#865,#867);
#869=EDGE_CURVE('',#864,#855,#868,.T.);
#870=ORIENTED_EDGE('',*,*,#869,.F.);
#871=CARTESIAN_POINT('',(46.537307122737054,-8.421964755924691,0.0));
#872=DIRECTION('',(0.0,0.0,1.0));
#873=DIRECTION('',(-2.042810E-013,-1.0,0.0));
#874=AXIS2_PLACEMENT_3D('',#871,#872,#873);
#875=CIRCLE('',#874,1.0);
#876=EDGE_CURVE('',#864,#832,#875,.T.);
#877=ORIENTED_EDGE('',*,*,#876,.T.);
#878=ORIENTED_EDGE('',*,*,#837,.T.);
#879=EDGE_LOOP('',(#862,#870,#877,#878));
#880=FACE_OUTER_BOUND('',#879,.T.);
#881=ADVANCED_FACE('',(#880),#853,.T.);
#882=CARTESIAN_POINT('',(46.537307122736848,-9.421964755924691,0.0));
#883=DIRECTION('',(-1.617754E-013,-1.0,0.0));
#884=DIRECTION('',(0.0,0.0,-1.0));
#885=AXIS2_PLACEMENT_3D('',#882,#883,#884);
#886=PLANE('',#885);
#887=CARTESIAN_POINT('',(45.837307122736775,-9.421964755924577,66.0));
#888=VERTEX_POINT('',#887);
#889=CARTESIAN_POINT('',(46.537307122736848,-9.421964755924691,66.0));
#890=DIRECTION('',(-1.0,1.624098E-013,0.0));
#891=VECTOR('',#890,0.700000000000074);
#892=LINE('',#889,#891);
#893=EDGE_CURVE('',#855,#888,#892,.T.);
#894=ORIENTED_EDGE('',*,*,#893,.T.);
#895=CARTESIAN_POINT('',(45.837307122736775,-9.421964755924577,0.0));
#896=VERTEX_POINT('',#895);
#897=CARTESIAN_POINT('',(45.837307122736775,-9.421964755924577,0.0));
#898=DIRECTION('',(0.0,0.0,1.0));
#899=VECTOR('',#898,66.0);
#900=LINE('',#897,#899);
#901=EDGE_CURVE('',#896,#888,#900,.T.);
#902=ORIENTED_EDGE('',*,*,#901,.F.);
#903=CARTESIAN_POINT('',(45.837307122736775,-9.421964755924577,0.0));
#904=DIRECTION('',(1.0,-1.624098E-013,0.0));
#905=VECTOR('',#904,0.700000000000074);
#906=LINE('',#903,#905);
#907=EDGE_CURVE('',#896,#864,#906,.T.);
#908=ORIENTED_EDGE('',*,*,#907,.T.);
#909=ORIENTED_EDGE('',*,*,#869,.T.);
#910=EDGE_LOOP('',(#894,#902,#908,#909));
#911=FACE_OUTER_BOUND('',#910,.T.);
#912=ADVANCED_FACE('',(#911),#886,.T.);
#913=CARTESIAN_POINT('',(45.837307122736775,-9.421964755924577,0.0));
#914=DIRECTION('',(-0.866025403784229,-0.500000000000363,0.0));
#915=DIRECTION('',(0.0,0.0,1.0));
#916=AXIS2_PLACEMENT_3D('',#913,#914,#915);
#917=PLANE('',#916);
#918=CARTESIAN_POINT('',(45.710512203493479,-9.202349513653816,66.0));
#919=VERTEX_POINT('',#918);
#920=CARTESIAN_POINT('',(45.837307122736775,-9.421964755924577,66.0));
#921=DIRECTION('',(-0.500000000000374,0.866025403784223,0.0));
#922=VECTOR('',#921,0.253589838486401);
#923=LINE('',#920,#922);
#924=EDGE_CURVE('',#888,#919,#923,.T.);
#925=ORIENTED_EDGE('',*,*,#924,.T.);
#926=CARTESIAN_POINT('',(45.710512203493479,-9.202349513653816,0.0));
#927=VERTEX_POINT('',#926);
#928=CARTESIAN_POINT('',(45.710512203493479,-9.202349513653816,0.0));
#929=DIRECTION('',(0.0,0.0,1.0));
#930=VECTOR('',#929,66.0);
#931=LINE('',#928,#930);
#932=EDGE_CURVE('',#927,#919,#931,.T.);
#933=ORIENTED_EDGE('',*,*,#932,.F.);
#934=CARTESIAN_POINT('',(45.710512203493479,-9.202349513653816,0.0));
#935=DIRECTION('',(0.500000000000374,-0.866025403784223,0.0));
#936=VECTOR('',#935,0.253589838486401);
#937=LINE('',#934,#936);
#938=EDGE_CURVE('',#927,#896,#937,.T.);
#939=ORIENTED_EDGE('',*,*,#938,.T.);
#940=ORIENTED_EDGE('',*,*,#901,.T.);
#941=EDGE_LOOP('',(#925,#933,#939,#940));
#942=FACE_OUTER_BOUND('',#941,.T.);
#943=ADVANCED_FACE('',(#942),#917,.T.);
#944=CARTESIAN_POINT('',(45.537307122736593,-9.302349513653823,0.0));
#945=DIRECTION('',(0.0,0.0,1.0));
#946=DIRECTION('',(-0.866025403784425,-0.500000000000023,0.0));
#947=AXIS2_PLACEMENT_3D('',#944,#945,#946);
#948=CYLINDRICAL_SURFACE('',#947,0.2);
#949=CARTESIAN_POINT('',(45.364102041979706,-9.202349513653816,66.0));
#950=VERTEX_POINT('',#949);
#951=CARTESIAN_POINT('',(45.537307122736593,-9.302349513653823,66.0));
#952=DIRECTION('',(0.0,0.0,1.0));
#953=DIRECTION('',(-0.866025403784425,-0.500000000000023,0.0));
#954=AXIS2_PLACEMENT_3D('',#951,#952,#953);
#955=CIRCLE('',#954,0.2);
#956=EDGE_CURVE('',#919,#950,#955,.T.);
#957=ORIENTED_EDGE('',*,*,#956,.T.);
#958=CARTESIAN_POINT('',(45.364102041979706,-9.202349513653816,0.0));
#959=VERTEX_POINT('',#958);
#960=CARTESIAN_POINT('',(45.364102041979706,-9.202349513653816,0.0));
#961=DIRECTION('',(0.0,0.0,1.0));
#962=VECTOR('',#961,66.0);
#963=LINE('',#960,#962);
#964=EDGE_CURVE('',#959,#950,#963,.T.);
#965=ORIENTED_EDGE('',*,*,#964,.F.);
#966=CARTESIAN_POINT('',(45.537307122736593,-9.302349513653823,0.0));
#967=DIRECTION('',(0.0,0.0,-1.0));
#968=DIRECTION('',(-0.866025403784425,-0.500000000000023,0.0));
#969=AXIS2_PLACEMENT_3D('',#966,#967,#968);
#970=CIRCLE('',#969,0.2);
#971=EDGE_CURVE('',#959,#927,#970,.T.);
#972=ORIENTED_EDGE('',*,*,#971,.T.);
#973=ORIENTED_EDGE('',*,*,#932,.T.);
#974=EDGE_LOOP('',(#957,#965,#972,#973));
#975=FACE_OUTER_BOUND('',#974,.T.);
#976=ADVANCED_FACE('',(#975),#948,.F.);
#977=CARTESIAN_POINT('',(45.364102041979706,-9.202349513653816,0.0));
#978=DIRECTION('',(0.866025403784321,-0.500000000000204,0.0));
#979=DIRECTION('',(0.0,0.0,-1.0));
#980=AXIS2_PLACEMENT_3D('',#977,#978,#979);
#981=PLANE('',#980);
#982=CARTESIAN_POINT('',(45.237307122736581,-9.421964755924378,66.0));
#983=VERTEX_POINT('',#982);
#984=CARTESIAN_POINT('',(45.364102041979706,-9.202349513653816,66.0));
#985=DIRECTION('',(-0.500000000000209,-0.866025403784318,0.0));
#986=VECTOR('',#985,0.253589838486143);
#987=LINE('',#984,#986);
#988=EDGE_CURVE('',#950,#983,#987,.T.);
#989=ORIENTED_EDGE('',*,*,#988,.T.);
#990=CARTESIAN_POINT('',(45.237307122736581,-9.421964755924378,0.0));
#991=VERTEX_POINT('',#990);
#992=CARTESIAN_POINT('',(45.237307122736581,-9.421964755924378,0.0));
#993=DIRECTION('',(0.0,0.0,1.0));
#994=VECTOR('',#993,66.0);
#995=LINE('',#992,#994);
#996=EDGE_CURVE('',#991,#983,#995,.T.);
#997=ORIENTED_EDGE('',*,*,#996,.F.);
#998=CARTESIAN_POINT('',(45.237307122736581,-9.421964755924378,0.0));
#999=DIRECTION('',(0.500000000000209,0.866025403784318,0.0));
#1000=VECTOR('',#999,0.253589838486143);
#1001=LINE('',#998,#1000);
#1002=EDGE_CURVE('',#991,#959,#1001,.T.);
#1003=ORIENTED_EDGE('',*,*,#1002,.T.);
#1004=ORIENTED_EDGE('',*,*,#964,.T.);
#1005=EDGE_LOOP('',(#989,#997,#1003,#1004));
#1006=FACE_OUTER_BOUND('',#1005,.T.);
#1007=ADVANCED_FACE('',(#1006),#981,.T.);
#1008=CARTESIAN_POINT('',(45.237307122736581,-9.421964755924378,0.0));
#1009=DIRECTION('',(-2.528841E-013,-1.0,0.0));
#1010=DIRECTION('',(0.0,0.0,-1.0));
#1011=AXIS2_PLACEMENT_3D('',#1008,#1009,#1010);
#1012=PLANE('',#1011);
#1013=CARTESIAN_POINT('',(44.337307122735865,-9.421964755924151,66.0));
#1014=VERTEX_POINT('',#1013);
#1015=CARTESIAN_POINT('',(45.237307122736581,-9.421964755924378,66.0));
#1016=DIRECTION('',(-1.0,2.526374E-013,0.0));
#1017=VECTOR('',#1016,0.900000000000716);
#1018=LINE('',#1015,#1017);
#1019=EDGE_CURVE('',#983,#1014,#1018,.T.);
#1020=ORIENTED_EDGE('',*,*,#1019,.T.);
#1021=CARTESIAN_POINT('',(44.337307122735865,-9.421964755924151,0.0));
#1022=VERTEX_POINT('',#1021);
#1023=CARTESIAN_POINT('',(44.337307122735865,-9.421964755924151,0.0));
#1024=DIRECTION('',(0.0,0.0,1.0));
#1025=VECTOR('',#1024,66.0);
#1026=LINE('',#1023,#1025);
#1027=EDGE_CURVE('',#1022,#1014,#1026,.T.);
#1028=ORIENTED_EDGE('',*,*,#1027,.F.);
#1029=CARTESIAN_POINT('',(44.337307122735865,-9.421964755924151,0.0));
#1030=DIRECTION('',(1.0,-2.526374E-013,0.0));
#1031=VECTOR('',#1030,0.900000000000716);
#1032=LINE('',#1029,#1031);
#1033=EDGE_CURVE('',#1022,#991,#1032,.T.);
#1034=ORIENTED_EDGE('',*,*,#1033,.T.);
#1035=ORIENTED_EDGE('',*,*,#996,.T.);
#1036=EDGE_LOOP('',(#1020,#1028,#1034,#1035));
#1037=FACE_OUTER_BOUND('',#1036,.T.);
#1038=ADVANCED_FACE('',(#1037),#1012,.T.);
#1039=CARTESIAN_POINT('',(44.33730712273632,-7.421964755924151,0.0));
#1040=DIRECTION('',(0.0,0.0,1.0));
#1041=DIRECTION('',(-1.0,0.0,0.0));
#1042=AXIS2_PLACEMENT_3D('',#1039,#1040,#1041);
#1043=CYLINDRICAL_SURFACE('',#1042,2.0);
#1044=CARTESIAN_POINT('',(42.337307122736327,-7.421964755924151,66.0));
#1045=VERTEX_POINT('',#1044);
#1046=CARTESIAN_POINT('',(44.33730712273632,-7.421964755924151,66.0));
#1047=DIRECTION('',(0.0,0.0,-1.0));
#1048=DIRECTION('',(-1.0,0.0,0.0));
#1049=AXIS2_PLACEMENT_3D('',#1046,#1047,#1048);
#1050=CIRCLE('',#1049,2.0);
#1051=EDGE_CURVE('',#1014,#1045,#1050,.T.);
#1052=ORIENTED_EDGE('',*,*,#1051,.T.);
#1053=CARTESIAN_POINT('',(42.337307122736327,-7.421964755924151,0.0));
#1054=VERTEX_POINT('',#1053);
#1055=CARTESIAN_POINT('',(42.337307122736327,-7.421964755924151,0.0));
#1056=DIRECTION('',(0.0,0.0,1.0));
#1057=VECTOR('',#1056,66.0);
#1058=LINE('',#1055,#1057);
#1059=EDGE_CURVE('',#1054,#1045,#1058,.T.);
#1060=ORIENTED_EDGE('',*,*,#1059,.F.);
#1061=CARTESIAN_POINT('',(44.33730712273632,-7.421964755924151,0.0));
#1062=DIRECTION('',(0.0,0.0,1.0));
#1063=DIRECTION('',(-1.0,0.0,0.0));
#1064=AXIS2_PLACEMENT_3D('',#1061,#1062,#1063);
#1065=CIRCLE('',#1064,2.0);
#1066=EDGE_CURVE('',#1054,#1022,#1065,.T.);
#1067=ORIENTED_EDGE('',*,*,#1066,.T.);
#1068=ORIENTED_EDGE('',*,*,#1027,.T.);
#1069=EDGE_LOOP('',(#1052,#1060,#1067,#1068));
#1070=FACE_OUTER_BOUND('',#1069,.T.);
#1071=ADVANCED_FACE('',(#1070),#1043,.T.);
#1072=CARTESIAN_POINT('',(42.337307122736327,-7.421964755924151,0.0));
#1073=DIRECTION('',(-1.0,0.0,0.0));
#1074=DIRECTION('',(0.0,0.0,1.0));
#1075=AXIS2_PLACEMENT_3D('',#1072,#1073,#1074);
#1076=PLANE('',#1075);
#1077=CARTESIAN_POINT('',(42.337307122736576,-3.219446099089694,66.0));
#1078=VERTEX_POINT('',#1077);
#1079=CARTESIAN_POINT('',(42.337307122736327,-7.421964755924151,66.0));
#1080=DIRECTION('',(0.0,1.0,0.0));
#1081=VECTOR('',#1080,4.202518656834457);
#1082=LINE('',#1079,#1081);
#1083=EDGE_CURVE('',#1045,#1078,#1082,.T.);
#1084=ORIENTED_EDGE('',*,*,#1083,.T.);
#1085=CARTESIAN_POINT('',(42.337307122736576,-3.219446099089694,0.0));
#1086=VERTEX_POINT('',#1085);
#1087=CARTESIAN_POINT('',(42.337307122736576,-3.219446099089694,0.0));
#1088=DIRECTION('',(0.0,0.0,1.0));
#1089=VECTOR('',#1088,66.0);
#1090=LINE('',#1087,#1089);
#1091=EDGE_CURVE('',#1086,#1078,#1090,.T.);
#1092=ORIENTED_EDGE('',*,*,#1091,.F.);
#1093=CARTESIAN_POINT('',(42.337307122736576,-3.219446099089694,0.0));
#1094=DIRECTION('',(0.0,-1.0,0.0));
#1095=VECTOR('',#1094,4.202518656834457);
#1096=LINE('',#1093,#1095);
#1097=EDGE_CURVE('',#1086,#1054,#1096,.T.);
#1098=ORIENTED_EDGE('',*,*,#1097,.T.);
#1099=ORIENTED_EDGE('',*,*,#1059,.T.);
#1100=EDGE_LOOP('',(#1084,#1092,#1098,#1099));
#1101=FACE_OUTER_BOUND('',#1100,.T.);
#1102=ADVANCED_FACE('',(#1101),#1076,.T.);
#1103=CARTESIAN_POINT('',(43.837307122736576,-3.219446099089694,0.0));
#1104=DIRECTION('',(0.0,0.0,1.0));
#1105=DIRECTION('',(-0.099503719021813,0.995037190209908,0.0));
#1106=AXIS2_PLACEMENT_3D('',#1103,#1104,#1105);
#1107=CYLINDRICAL_SURFACE('',#1106,1.5);
#1108=CARTESIAN_POINT('',(43.688051544203859,-1.726890313774833,66.0));
#1109=VERTEX_POINT('',#1108);
#1110=CARTESIAN_POINT('',(43.837307122736576,-3.219446099089694,66.0));
#1111=DIRECTION('',(0.0,0.0,-1.0));
#1112=DIRECTION('',(-0.099503719021813,0.995037190209908,0.0));
#1113=AXIS2_PLACEMENT_3D('',#1110,#1111,#1112);
#1114=CIRCLE('',#1113,1.5);
#1115=EDGE_CURVE('',#1078,#1109,#1114,.T.);
#1116=ORIENTED_EDGE('',*,*,#1115,.T.);
#1117=CARTESIAN_POINT('',(43.688051544203859,-1.726890313774833,0.0));
#1118=VERTEX_POINT('',#1117);
#1119=CARTESIAN_POINT('',(43.688051544203859,-1.726890313774833,0.0));
#1120=DIRECTION('',(0.0,0.0,1.0));
#1121=VECTOR('',#1120,66.0);
#1122=LINE('',#1119,#1121);
#1123=EDGE_CURVE('',#1118,#1109,#1122,.T.);
#1124=ORIENTED_EDGE('',*,*,#1123,.F.);
#1125=CARTESIAN_POINT('',(43.837307122736576,-3.219446099089694,0.0));
#1126=DIRECTION('',(0.0,0.0,1.0));
#1127=DIRECTION('',(-0.099503719021813,0.995037190209908,0.0));
#1128=AXIS2_PLACEMENT_3D('',#1125,#1126,#1127);
#1129=CIRCLE('',#1128,1.5);
#1130=EDGE_CURVE('',#1118,#1086,#1129,.T.);
#1131=ORIENTED_EDGE('',*,*,#1130,.T.);
#1132=ORIENTED_EDGE('',*,*,#1091,.T.);
#1133=EDGE_LOOP('',(#1116,#1124,#1131,#1132));
#1134=FACE_OUTER_BOUND('',#1133,.T.);
#1135=ADVANCED_FACE('',(#1134),#1107,.T.);
#1136=CARTESIAN_POINT('',(43.688051544203859,-1.726890313774833,0.0));
#1137=DIRECTION('',(-0.099503719020938,0.995037190209995,0.0));
#1138=DIRECTION('',(0.0,0.0,1.0));
#1139=AXIS2_PLACEMENT_3D('',#1136,#1137,#1138);
#1140=PLANE('',#1139);
#1141=CARTESIAN_POINT('',(46.237307122737207,-1.471964755920183,66.0));
#1142=VERTEX_POINT('',#1141);
#1143=CARTESIAN_POINT('',(43.688051544203709,-1.726890313773376,66.0));
#1144=DIRECTION('',(0.995037190209995,0.099503719020938,0.0));
#1145=VECTOR('',#1144,2.561970149071007);
#1146=LINE('',#1143,#1145);
#1147=EDGE_CURVE('',#1109,#1142,#1146,.T.);
#1148=ORIENTED_EDGE('',*,*,#1147,.T.);
#1149=CARTESIAN_POINT('',(46.237307122737207,-1.471964755920183,0.0));
#1150=VERTEX_POINT('',#1149);
#1151=CARTESIAN_POINT('',(46.237307122737207,-1.471964755920183,0.0));
#1152=DIRECTION('',(0.0,0.0,1.0));
#1153=VECTOR('',#1152,66.0);
#1154=LINE('',#1151,#1153);
#1155=EDGE_CURVE('',#1150,#1142,#1154,.T.);
#1156=ORIENTED_EDGE('',*,*,#1155,.F.);
#1157=CARTESIAN_POINT('',(46.237307122737207,-1.471964755920183,0.0));
#1158=DIRECTION('',(-0.995037190209995,-0.099503719020938,0.0));
#1159=VECTOR('',#1158,2.561970149071007);
#1160=LINE('',#1157,#1159);
#1161=EDGE_CURVE('',#1150,#1118,#1160,.T.);
#1162=ORIENTED_EDGE('',*,*,#1161,.T.);
#1163=ORIENTED_EDGE('',*,*,#1123,.T.);
#1164=EDGE_LOOP('',(#1148,#1156,#1162,#1163));
#1165=FACE_OUTER_BOUND('',#1164,.T.);
#1166=ADVANCED_FACE('',(#1165),#1140,.T.);
#1167=CARTESIAN_POINT('',(46.237307122737207,-1.471964755920183,0.0));
#1168=DIRECTION('',(-1.0,0.0,0.0));
#1169=DIRECTION('',(0.0,0.0,1.0));
#1170=AXIS2_PLACEMENT_3D('',#1167,#1168,#1169);
#1171=PLANE('',#1170);
#1172=CARTESIAN_POINT('',(46.237307122737207,0.12803524407876,66.0));
#1173=VERTEX_POINT('',#1172);
#1174=CARTESIAN_POINT('',(46.237307122737207,-1.471964755920183,66.0));
#1175=DIRECTION('',(0.0,1.0,0.0));
#1176=VECTOR('',#1175,1.599999999998943);
#1177=LINE('',#1174,#1176);
#1178=EDGE_CURVE('',#1142,#1173,#1177,.T.);
#1179=ORIENTED_EDGE('',*,*,#1178,.T.);
#1180=CARTESIAN_POINT('',(46.237307122737207,0.12803524407876,0.0));
#1181=VERTEX_POINT('',#1180);
#1182=CARTESIAN_POINT('',(46.237307122737207,0.12803524407876,0.0));
#1183=DIRECTION('',(0.0,0.0,1.0));
#1184=VECTOR('',#1183,66.0);
#1185=LINE('',#1182,#1184);
#1186=EDGE_CURVE('',#1181,#1173,#1185,.T.);
#1187=ORIENTED_EDGE('',*,*,#1186,.F.);
#1188=CARTESIAN_POINT('',(46.237307122737207,0.12803524407876,0.0));
#1189=DIRECTION('',(0.0,-1.0,0.0));
#1190=VECTOR('',#1189,1.599999999998943);
#1191=LINE('',#1188,#1190);
#1192=EDGE_CURVE('',#1181,#1150,#1191,.T.);
#1193=ORIENTED_EDGE('',*,*,#1192,.T.);
#1194=ORIENTED_EDGE('',*,*,#1155,.T.);
#1195=EDGE_LOOP('',(#1179,#1187,#1193,#1194));
#1196=FACE_OUTER_BOUND('',#1195,.T.);
#1197=ADVANCED_FACE('',(#1196),#1171,.T.);
#1198=CARTESIAN_POINT('',(46.237307122737207,0.12803524407876,0.0));
#1199=DIRECTION('',(-0.099503719021038,-0.995037190209985,0.0));
#1200=DIRECTION('',(0.0,0.0,-1.0));
#1201=AXIS2_PLACEMENT_3D('',#1198,#1199,#1200);
#1202=PLANE('',#1201);
#1203=CARTESIAN_POINT('',(44.237307122736979,0.328035244078862,66.0));
#1204=VERTEX_POINT('',#1203);
#1205=CARTESIAN_POINT('',(46.237307122737214,0.12803524407876,66.0));
#1206=DIRECTION('',(-0.995037190209985,0.099503719021038,0.0));
#1207=VECTOR('',#1206,2.009975124224422);
#1208=LINE('',#1205,#1207);
#1209=EDGE_CURVE('',#1173,#1204,#1208,.T.);
#1210=ORIENTED_EDGE('',*,*,#1209,.T.);
#1211=CARTESIAN_POINT('',(44.237307122736979,0.328035244078862,0.0));
#1212=VERTEX_POINT('',#1211);
#1213=CARTESIAN_POINT('',(44.237307122736979,0.328035244078862,0.0));
#1214=DIRECTION('',(0.0,0.0,1.0));
#1215=VECTOR('',#1214,66.0);
#1216=LINE('',#1213,#1215);
#1217=EDGE_CURVE('',#1212,#1204,#1216,.T.);
#1218=ORIENTED_EDGE('',*,*,#1217,.F.);
#1219=CARTESIAN_POINT('',(44.237307122736979,0.328035244078862,0.0));
#1220=DIRECTION('',(0.995037190209985,-0.099503719021038,0.0));
#1221=VECTOR('',#1220,2.009975124224422);
#1222=LINE('',#1219,#1221);
#1223=EDGE_CURVE('',#1212,#1181,#1222,.T.);
#1224=ORIENTED_EDGE('',*,*,#1223,.T.);
#1225=ORIENTED_EDGE('',*,*,#1186,.T.);
#1226=EDGE_LOOP('',(#1210,#1218,#1224,#1225));
#1227=FACE_OUTER_BOUND('',#1226,.T.);
#1228=ADVANCED_FACE('',(#1227),#1202,.T.);
#1229=CARTESIAN_POINT('',(44.237307122736979,0.328035244078862,0.0));
#1230=DIRECTION('',(-1.0,0.0,0.0));
#1231=DIRECTION('',(0.0,0.0,1.0));
#1232=AXIS2_PLACEMENT_3D('',#1229,#1230,#1231);
#1233=PLANE('',#1232);
#1234=CARTESIAN_POINT('',(44.237307122736944,3.692310919204648,66.0));
#1235=VERTEX_POINT('',#1234);
#1236=CARTESIAN_POINT('',(44.237307122736979,0.328035244078862,66.0));
#1237=DIRECTION('',(0.0,1.0,0.0));
#1238=VECTOR('',#1237,3.364275675125786);
#1239=LINE('',#1236,#1238);
#1240=EDGE_CURVE('',#1204,#1235,#1239,.T.);
#1241=ORIENTED_EDGE('',*,*,#1240,.T.);
#1242=CARTESIAN_POINT('',(44.237307122736944,3.692310919204648,0.0));
#1243=VERTEX_POINT('',#1242);
#1244=CARTESIAN_POINT('',(44.237307122736944,3.692310919204648,0.0));
#1245=DIRECTION('',(0.0,0.0,1.0));
#1246=VECTOR('',#1245,66.0);
#1247=LINE('',#1244,#1246);
#1248=EDGE_CURVE('',#1243,#1235,#1247,.T.);
#1249=ORIENTED_EDGE('',*,*,#1248,.F.);
#1250=CARTESIAN_POINT('',(44.237307122736944,3.692310919204648,0.0));
#1251=DIRECTION('',(0.0,-1.0,0.0));
#1252=VECTOR('',#1251,3.364275675125786);
#1253=LINE('',#1250,#1252);
#1254=EDGE_CURVE('',#1243,#1212,#1253,.T.);
#1255=ORIENTED_EDGE('',*,*,#1254,.T.);
#1256=ORIENTED_EDGE('',*,*,#1217,.T.);
#1257=EDGE_LOOP('',(#1241,#1249,#1255,#1256));
#1258=FACE_OUTER_BOUND('',#1257,.T.);
#1259=ADVANCED_FACE('',(#1258),#1233,.T.);
#1260=CARTESIAN_POINT('',(35.737307122736752,-6.471964755923253,0.0));
#1261=DIRECTION('',(0.0,0.0,1.0));
#1262=DIRECTION('',(-0.641509433962278,-0.767115145292672,0.0));
#1263=AXIS2_PLACEMENT_3D('',#1260,#1261,#1262);
#1264=CYLINDRICAL_SURFACE('',#1263,13.250000000000002);
#1265=CARTESIAN_POINT('',(35.737307122736752,6.778035244081067,66.0));
#1266=VERTEX_POINT('',#1265);
#1267=CARTESIAN_POINT('',(35.737307122736752,-6.471964755923253,66.0));
#1268=DIRECTION('',(0.0,0.0,1.0));
#1269=DIRECTION('',(-0.641509433962278,-0.767115145292672,0.0));
#1270=AXIS2_PLACEMENT_3D('',#1267,#1268,#1269);
#1271=CIRCLE('',#1270,13.250000000000002);
#1272=EDGE_CURVE('',#1235,#1266,#1271,.T.);
#1273=ORIENTED_EDGE('',*,*,#1272,.T.);
#1274=CARTESIAN_POINT('',(35.737307122736752,6.778035244081067,0.0));
#1275=VERTEX_POINT('',#1274);
#1276=CARTESIAN_POINT('',(35.737307122736752,6.778035244081067,0.0));
#1277=DIRECTION('',(0.0,0.0,1.0));
#1278=VECTOR('',#1277,66.0);
#1279=LINE('',#1276,#1278);
#1280=EDGE_CURVE('',#1275,#1266,#1279,.T.);
#1281=ORIENTED_EDGE('',*,*,#1280,.F.);
#1282=CARTESIAN_POINT('',(35.737307122736752,-6.471964755923253,0.0));
#1283=DIRECTION('',(0.0,0.0,-1.0));
#1284=DIRECTION('',(-0.641509433962278,-0.767115145292672,0.0));
#1285=AXIS2_PLACEMENT_3D('',#1282,#1283,#1284);
#1286=CIRCLE('',#1285,13.250000000000002);
#1287=EDGE_CURVE('',#1275,#1243,#1286,.T.);
#1288=ORIENTED_EDGE('',*,*,#1287,.T.);
#1289=ORIENTED_EDGE('',*,*,#1248,.T.);
#1290=EDGE_LOOP('',(#1273,#1281,#1288,#1289));
#1291=FACE_OUTER_BOUND('',#1290,.T.);
#1292=ADVANCED_FACE('',(#1291),#1264,.F.);
#1293=CARTESIAN_POINT('',(35.737307122736752,6.778035244081067,0.0));
#1294=DIRECTION('',(0.0,-1.0,0.0));
#1295=DIRECTION('',(0.0,0.0,-1.0));
#1296=AXIS2_PLACEMENT_3D('',#1293,#1294,#1295);
#1297=PLANE('',#1296);
#1298=CARTESIAN_POINT('',(-44.262692877262914,6.778035244081067,66.0));
#1299=VERTEX_POINT('',#1298);
#1300=CARTESIAN_POINT('',(35.737307122736752,6.778035244081067,66.0));
#1301=DIRECTION('',(-1.0,0.0,0.0));
#1302=VECTOR('',#1301,79.999999999999659);
#1303=LINE('',#1300,#1302);
#1304=EDGE_CURVE('',#1266,#1299,#1303,.T.);
#1305=ORIENTED_EDGE('',*,*,#1304,.T.);
#1306=CARTESIAN_POINT('',(-44.262692877262914,6.778035244081067,0.0));
#1307=VERTEX_POINT('',#1306);
#1308=CARTESIAN_POINT('',(-44.262692877262914,6.778035244081067,0.0));
#1309=DIRECTION('',(0.0,0.0,1.0));
#1310=VECTOR('',#1309,66.0);
#1311=LINE('',#1308,#1310);
#1312=EDGE_CURVE('',#1307,#1299,#1311,.T.);
#1313=ORIENTED_EDGE('',*,*,#1312,.F.);
#1314=CARTESIAN_POINT('',(-44.262692877262907,6.778035244081067,0.0));
#1315=DIRECTION('',(1.0,0.0,0.0));
#1316=VECTOR('',#1315,79.999999999999659);
#1317=LINE('',#1314,#1316);
#1318=EDGE_CURVE('',#1307,#1275,#1317,.T.);
#1319=ORIENTED_EDGE('',*,*,#1318,.T.);
#1320=ORIENTED_EDGE('',*,*,#1280,.T.);
#1321=EDGE_LOOP('',(#1305,#1313,#1319,#1320));
#1322=FACE_OUTER_BOUND('',#1321,.T.);
#1323=ADVANCED_FACE('',(#1322),#1297,.T.);
#1324=CARTESIAN_POINT('',(-44.262692877262914,-6.471964755923282,0.0));
#1325=DIRECTION('',(0.0,0.0,1.0));
#1326=DIRECTION('',(0.0,-1.0,0.0));
#1327=AXIS2_PLACEMENT_3D('',#1324,#1325,#1326);
#1328=CYLINDRICAL_SURFACE('',#1327,13.250000000000002);
#1329=CARTESIAN_POINT('',(-52.762692877263113,3.692310919204618,66.0));
#1330=VERTEX_POINT('',#1329);
#1331=CARTESIAN_POINT('',(-44.262692877262914,-6.471964755923282,66.0));
#1332=DIRECTION('',(0.0,0.0,1.0));
#1333=DIRECTION('',(0.0,-1.0,0.0));
#1334=AXIS2_PLACEMENT_3D('',#1331,#1332,#1333);
#1335=CIRCLE('',#1334,13.250000000000002);
#1336=EDGE_CURVE('',#1299,#1330,#1335,.T.);
#1337=ORIENTED_EDGE('',*,*,#1336,.T.);
#1338=CARTESIAN_POINT('',(-52.762692877263113,3.692310919204618,0.0));
#1339=VERTEX_POINT('',#1338);
#1340=CARTESIAN_POINT('',(-52.762692877263113,3.692310919204618,0.0));
#1341=DIRECTION('',(0.0,0.0,1.0));
#1342=VECTOR('',#1341,66.0);
#1343=LINE('',#1340,#1342);
#1344=EDGE_CURVE('',#1339,#1330,#1343,.T.);
#1345=ORIENTED_EDGE('',*,*,#1344,.F.);
#1346=CARTESIAN_POINT('',(-44.262692877262914,-6.471964755923282,0.0));
#1347=DIRECTION('',(0.0,0.0,-1.0));
#1348=DIRECTION('',(0.0,-1.0,0.0));
#1349=AXIS2_PLACEMENT_3D('',#1346,#1347,#1348);
#1350=CIRCLE('',#1349,13.250000000000002);
#1351=EDGE_CURVE('',#1339,#1307,#1350,.T.);
#1352=ORIENTED_EDGE('',*,*,#1351,.T.);
#1353=ORIENTED_EDGE('',*,*,#1312,.T.);
#1354=EDGE_LOOP('',(#1337,#1345,#1352,#1353));
#1355=FACE_OUTER_BOUND('',#1354,.T.);
#1356=ADVANCED_FACE('',(#1355),#1328,.F.);
#1357=CARTESIAN_POINT('',(-52.762692877263113,3.692310919204618,0.0));
#1358=DIRECTION('',(1.0,0.0,0.0));
#1359=DIRECTION('',(0.0,0.0,-1.0));
#1360=AXIS2_PLACEMENT_3D('',#1357,#1358,#1359);
#1361=PLANE('',#1360);
#1362=CARTESIAN_POINT('',(-52.762692877263191,0.328035244078862,66.0));
#1363=VERTEX_POINT('',#1362);
#1364=CARTESIAN_POINT('',(-52.762692877263113,3.692310919204618,66.0));
#1365=DIRECTION('',(0.0,-1.0,0.0));
#1366=VECTOR('',#1365,3.364275675125756);
#1367=LINE('',#1364,#1366);
#1368=EDGE_CURVE('',#1330,#1363,#1367,.T.);
#1369=ORIENTED_EDGE('',*,*,#1368,.T.);
#1370=CARTESIAN_POINT('',(-52.762692877263191,0.328035244078862,0.0));
#1371=VERTEX_POINT('',#1370);
#1372=CARTESIAN_POINT('',(-52.762692877263191,0.328035244078862,0.0));
#1373=DIRECTION('',(0.0,0.0,1.0));
#1374=VECTOR('',#1373,66.0);
#1375=LINE('',#1372,#1374);
#1376=EDGE_CURVE('',#1371,#1363,#1375,.T.);
#1377=ORIENTED_EDGE('',*,*,#1376,.F.);
#1378=CARTESIAN_POINT('',(-52.762692877263191,0.328035244078862,0.0));
#1379=DIRECTION('',(0.0,1.0,0.0));
#1380=VECTOR('',#1379,3.364275675125756);
#1381=LINE('',#1378,#1380);
#1382=EDGE_CURVE('',#1371,#1339,#1381,.T.);
#1383=ORIENTED_EDGE('',*,*,#1382,.T.);
#1384=ORIENTED_EDGE('',*,*,#1344,.T.);
#1385=EDGE_LOOP('',(#1369,#1377,#1383,#1384));
#1386=FACE_OUTER_BOUND('',#1385,.T.);
#1387=ADVANCED_FACE('',(#1386),#1361,.T.);
#1388=CARTESIAN_POINT('',(-52.762692877263191,0.328035244078862,0.0));
#1389=DIRECTION('',(0.099503719021066,-0.995037190209982,0.0));
#1390=DIRECTION('',(0.0,0.0,-1.0));
#1391=AXIS2_PLACEMENT_3D('',#1388,#1389,#1390);
#1392=PLANE('',#1391);
#1393=CARTESIAN_POINT('',(-54.762692877263426,0.128035244078703,66.0));
#1394=VERTEX_POINT('',#1393);
#1395=CARTESIAN_POINT('',(-52.762692877263191,0.328035244078862,66.0));
#1396=DIRECTION('',(-0.995037190209982,-0.099503719021066,0.0));
#1397=VECTOR('',#1396,2.009975124224428);
#1398=LINE('',#1395,#1397);
#1399=EDGE_CURVE('',#1363,#1394,#1398,.T.);
#1400=ORIENTED_EDGE('',*,*,#1399,.T.);
#1401=CARTESIAN_POINT('',(-54.762692877263426,0.128035244078703,0.0));
#1402=VERTEX_POINT('',#1401);
#1403=CARTESIAN_POINT('',(-54.762692877263426,0.128035244078703,0.0));
#1404=DIRECTION('',(0.0,0.0,1.0));
#1405=VECTOR('',#1404,66.0);
#1406=LINE('',#1403,#1405);
#1407=EDGE_CURVE('',#1402,#1394,#1406,.T.);
#1408=ORIENTED_EDGE('',*,*,#1407,.F.);
#1409=CARTESIAN_POINT('',(-54.762692877263426,0.128035244078703,0.0));
#1410=DIRECTION('',(0.995037190209982,0.099503719021066,0.0));
#1411=VECTOR('',#1410,2.009975124224428);
#1412=LINE('',#1409,#1411);
#1413=EDGE_CURVE('',#1402,#1371,#1412,.T.);
#1414=ORIENTED_EDGE('',*,*,#1413,.T.);
#1415=ORIENTED_EDGE('',*,*,#1376,.T.);
#1416=EDGE_LOOP('',(#1400,#1408,#1414,#1415));
#1417=FACE_OUTER_BOUND('',#1416,.T.);
#1418=ADVANCED_FACE('',(#1417),#1392,.T.);
#1419=CARTESIAN_POINT('',(-54.762692877263426,0.128035244078703,0.0));
#1420=DIRECTION('',(1.0,0.0,0.0));
#1421=DIRECTION('',(0.0,0.0,-1.0));
#1422=AXIS2_PLACEMENT_3D('',#1419,#1420,#1421);
#1423=PLANE('',#1422);
#1424=CARTESIAN_POINT('',(-54.762692877263362,-1.47196475592024,66.0));
#1425=VERTEX_POINT('',#1424);
#1426=CARTESIAN_POINT('',(-54.762692877263426,0.128035244078703,66.0));
#1427=DIRECTION('',(0.0,-1.0,0.0));
#1428=VECTOR('',#1427,1.599999999998943);
#1429=LINE('',#1426,#1428);
#1430=EDGE_CURVE('',#1394,#1425,#1429,.T.);
#1431=ORIENTED_EDGE('',*,*,#1430,.T.);
#1432=CARTESIAN_POINT('',(-54.762692877263362,-1.47196475592024,0.0));
#1433=VERTEX_POINT('',#1432);
#1434=CARTESIAN_POINT('',(-54.762692877263362,-1.47196475592024,0.0));
#1435=DIRECTION('',(0.0,0.0,1.0));
#1436=VECTOR('',#1435,66.0);
#1437=LINE('',#1434,#1436);
#1438=EDGE_CURVE('',#1433,#1425,#1437,.T.);
#1439=ORIENTED_EDGE('',*,*,#1438,.F.);
#1440=CARTESIAN_POINT('',(-54.762692877263362,-1.47196475592024,0.0));
#1441=DIRECTION('',(0.0,1.0,0.0));
#1442=VECTOR('',#1441,1.599999999998943);
#1443=LINE('',#1440,#1442);
#1444=EDGE_CURVE('',#1433,#1402,#1443,.T.);
#1445=ORIENTED_EDGE('',*,*,#1444,.T.);
#1446=ORIENTED_EDGE('',*,*,#1407,.T.);
#1447=EDGE_LOOP('',(#1431,#1439,#1445,#1446));
#1448=FACE_OUTER_BOUND('',#1447,.T.);
#1449=ADVANCED_FACE('',(#1448),#1423,.T.);
#1450=CARTESIAN_POINT('',(-54.762692877263362,-1.47196475592024,0.0));
#1451=DIRECTION('',(0.099503719020932,0.995037190209996,0.0));
#1452=DIRECTION('',(0.0,0.0,1.0));
#1453=AXIS2_PLACEMENT_3D('',#1450,#1451,#1452);
#1454=PLANE('',#1453);
#1455=CARTESIAN_POINT('',(-52.762692877263255,-1.671964755920115,66.0));
#1456=VERTEX_POINT('',#1455);
#1457=CARTESIAN_POINT('',(-54.762692877263362,-1.47196475592024,66.0));
#1458=DIRECTION('',(0.995037190209996,-0.099503719020932,0.0));
#1459=VECTOR('',#1458,2.009975124224272);
#1460=LINE('',#1457,#1459);
#1461=EDGE_CURVE('',#1425,#1456,#1460,.T.);
#1462=ORIENTED_EDGE('',*,*,#1461,.T.);
#1463=CARTESIAN_POINT('',(-52.762692877263255,-1.671964755920115,0.0));
#1464=VERTEX_POINT('',#1463);
#1465=CARTESIAN_POINT('',(-52.762692877263255,-1.671964755920115,0.0));
#1466=DIRECTION('',(0.0,0.0,1.0));
#1467=VECTOR('',#1466,66.0);
#1468=LINE('',#1465,#1467);
#1469=EDGE_CURVE('',#1464,#1456,#1468,.T.);
#1470=ORIENTED_EDGE('',*,*,#1469,.F.);
#1471=CARTESIAN_POINT('',(-52.762692877263255,-1.671964755920115,0.0));
#1472=DIRECTION('',(-0.995037190209996,0.099503719020932,0.0));
#1473=VECTOR('',#1472,2.009975124224272);
#1474=LINE('',#1471,#1473);
#1475=EDGE_CURVE('',#1464,#1433,#1474,.T.);
#1476=ORIENTED_EDGE('',*,*,#1475,.T.);
#1477=ORIENTED_EDGE('',*,*,#1438,.T.);
#1478=EDGE_LOOP('',(#1462,#1470,#1476,#1477));
#1479=FACE_OUTER_BOUND('',#1478,.T.);
#1480=ADVANCED_FACE('',(#1479),#1454,.T.);
#1481=CARTESIAN_POINT('',(-52.762692877263255,-1.671964755920115,0.0));
#1482=DIRECTION('',(1.0,-1.268826E-013,0.0));
#1483=DIRECTION('',(0.0,0.0,-1.0));
#1484=AXIS2_PLACEMENT_3D('',#1481,#1482,#1483);
#1485=PLANE('',#1484);
#1486=CARTESIAN_POINT('',(-52.762692877263476,-3.421964755923014,66.0));
#1487=VERTEX_POINT('',#1486);
#1488=CARTESIAN_POINT('',(-52.762692877263255,-1.671964755920115,66.0));
#1489=DIRECTION('',(-1.258676E-013,-1.0,0.0));
#1490=VECTOR('',#1489,1.750000000002899);
#1491=LINE('',#1488,#1490);
#1492=EDGE_CURVE('',#1456,#1487,#1491,.T.);
#1493=ORIENTED_EDGE('',*,*,#1492,.T.);
#1494=CARTESIAN_POINT('',(-52.762692877263476,-3.421964755923014,0.0));
#1495=VERTEX_POINT('',#1494);
#1496=CARTESIAN_POINT('',(-52.762692877263476,-3.421964755923014,0.0));
#1497=DIRECTION('',(0.0,0.0,1.0));
#1498=VECTOR('',#1497,66.0);
#1499=LINE('',#1496,#1498);
#1500=EDGE_CURVE('',#1495,#1487,#1499,.T.);
#1501=ORIENTED_EDGE('',*,*,#1500,.F.);
#1502=CARTESIAN_POINT('',(-52.762692877263476,-3.421964755923014,0.0));
#1503=DIRECTION('',(1.258676E-013,1.0,0.0));
#1504=VECTOR('',#1503,1.750000000002899);
#1505=LINE('',#1502,#1504);
#1506=EDGE_CURVE('',#1495,#1464,#1505,.T.);
#1507=ORIENTED_EDGE('',*,*,#1506,.T.);
#1508=ORIENTED_EDGE('',*,*,#1469,.T.);
#1509=EDGE_LOOP('',(#1493,#1501,#1507,#1508));
#1510=FACE_OUTER_BOUND('',#1509,.T.);
#1511=ADVANCED_FACE('',(#1510),#1485,.T.);
#1512=CARTESIAN_POINT('',(-52.762692877263476,-3.421964755923014,0.0));
#1513=DIRECTION('',(-9.381385E-013,-1.0,0.0));
#1514=DIRECTION('',(0.0,0.0,-1.0));
#1515=AXIS2_PLACEMENT_3D('',#1512,#1513,#1514);
#1516=PLANE('',#1515);
#1517=CARTESIAN_POINT('',(-53.762692877263085,-3.421964755922076,66.0));
#1518=VERTEX_POINT('',#1517);
#1519=CARTESIAN_POINT('',(-52.762692877263476,-3.421964755923014,66.0));
#1520=DIRECTION('',(-1.0,9.379164E-013,0.0));
#1521=VECTOR('',#1520,0.999999999999609);
#1522=LINE('',#1519,#1521);
#1523=EDGE_CURVE('',#1487,#1518,#1522,.T.);
#1524=ORIENTED_EDGE('',*,*,#1523,.T.);
#1525=CARTESIAN_POINT('',(-53.762692877263085,-3.421964755922076,0.0));
#1526=VERTEX_POINT('',#1525);
#1527=CARTESIAN_POINT('',(-53.762692877263085,-3.421964755922076,0.0));
#1528=DIRECTION('',(0.0,0.0,1.0));
#1529=VECTOR('',#1528,66.0);
#1530=LINE('',#1527,#1529);
#1531=EDGE_CURVE('',#1526,#1518,#1530,.T.);
#1532=ORIENTED_EDGE('',*,*,#1531,.F.);
#1533=CARTESIAN_POINT('',(-53.762692877263085,-3.421964755922076,0.0));
#1534=DIRECTION('',(1.0,-9.379164E-013,0.0));
#1535=VECTOR('',#1534,0.999999999999609);
#1536=LINE('',#1533,#1535);
#1537=EDGE_CURVE('',#1526,#1495,#1536,.T.);
#1538=ORIENTED_EDGE('',*,*,#1537,.T.);
#1539=ORIENTED_EDGE('',*,*,#1500,.T.);
#1540=EDGE_LOOP('',(#1524,#1532,#1538,#1539));
#1541=FACE_OUTER_BOUND('',#1540,.T.);
#1542=ADVANCED_FACE('',(#1541),#1516,.T.);
#1543=CARTESIAN_POINT('',(-53.762692877263085,-3.421964755922076,0.0));
#1544=DIRECTION('',(0.866025403784329,-0.50000000000019,0.0));
#1545=DIRECTION('',(0.0,0.0,-1.0));
#1546=AXIS2_PLACEMENT_3D('',#1543,#1544,#1545);
#1547=PLANE('',#1546);
#1548=CARTESIAN_POINT('',(-53.889487796506103,-3.641579998192462,66.0));
#1549=VERTEX_POINT('',#1548);
#1550=CARTESIAN_POINT('',(-53.762692877263085,-3.421964755922076,66.0));
#1551=DIRECTION('',(-0.500000000000195,-0.866025403784326,0.0));
#1552=VECTOR('',#1551,0.253589838485937);
#1553=LINE('',#1550,#1552);
#1554=EDGE_CURVE('',#1518,#1549,#1553,.T.);
#1555=ORIENTED_EDGE('',*,*,#1554,.T.);
#1556=CARTESIAN_POINT('',(-53.889487796506103,-3.641579998192462,0.0));
#1557=VERTEX_POINT('',#1556);
#1558=CARTESIAN_POINT('',(-53.889487796506103,-3.641579998192462,0.0));
#1559=DIRECTION('',(0.0,0.0,1.0));
#1560=VECTOR('',#1559,66.0);
#1561=LINE('',#1558,#1560);
#1562=EDGE_CURVE('',#1557,#1549,#1561,.T.);
#1563=ORIENTED_EDGE('',*,*,#1562,.F.);
#1564=CARTESIAN_POINT('',(-53.889487796506103,-3.641579998192462,0.0));
#1565=DIRECTION('',(0.500000000000195,0.866025403784326,0.0));
#1566=VECTOR('',#1565,0.253589838485937);
#1567=LINE('',#1564,#1566);
#1568=EDGE_CURVE('',#1557,#1526,#1567,.T.);
#1569=ORIENTED_EDGE('',*,*,#1568,.T.);
#1570=ORIENTED_EDGE('',*,*,#1531,.T.);
#1571=EDGE_LOOP('',(#1555,#1563,#1569,#1570));
#1572=FACE_OUTER_BOUND('',#1571,.T.);
#1573=ADVANCED_FACE('',(#1572),#1547,.T.);
#1574=CARTESIAN_POINT('',(-54.062692877263032,-3.541579998192546,0.0));
#1575=DIRECTION('',(0.0,0.0,1.0));
#1576=DIRECTION('',(-0.866025403784546,-0.499999999999814,0.0));
#1577=AXIS2_PLACEMENT_3D('',#1574,#1575,#1576);
#1578=CYLINDRICAL_SURFACE('',#1577,0.2);
#1579=CARTESIAN_POINT('',(-54.235897958019947,-3.641579998192512,66.0));
#1580=VERTEX_POINT('',#1579);
#1581=CARTESIAN_POINT('',(-54.062692877263032,-3.541579998192546,66.0));
#1582=DIRECTION('',(0.0,0.0,-1.0));
#1583=DIRECTION('',(-0.866025403784546,-0.499999999999814,0.0));
#1584=AXIS2_PLACEMENT_3D('',#1581,#1582,#1583);
#1585=CIRCLE('',#1584,0.2);
#1586=EDGE_CURVE('',#1549,#1580,#1585,.T.);
#1587=ORIENTED_EDGE('',*,*,#1586,.T.);
#1588=CARTESIAN_POINT('',(-54.235897958019947,-3.641579998192512,0.0));
#1589=VERTEX_POINT('',#1588);
#1590=CARTESIAN_POINT('',(-54.235897958019947,-3.641579998192512,0.0));
#1591=DIRECTION('',(0.0,0.0,1.0));
#1592=VECTOR('',#1591,66.0);
#1593=LINE('',#1590,#1592);
#1594=EDGE_CURVE('',#1589,#1580,#1593,.T.);
#1595=ORIENTED_EDGE('',*,*,#1594,.F.);
#1596=CARTESIAN_POINT('',(-54.062692877263032,-3.541579998192546,0.0));
#1597=DIRECTION('',(0.0,0.0,1.0));
#1598=DIRECTION('',(-0.866025403784546,-0.499999999999814,0.0));
#1599=AXIS2_PLACEMENT_3D('',#1596,#1597,#1598);
#1600=CIRCLE('',#1599,0.2);
#1601=EDGE_CURVE('',#1589,#1557,#1600,.T.);
#1602=ORIENTED_EDGE('',*,*,#1601,.T.);
#1603=ORIENTED_EDGE('',*,*,#1562,.T.);
#1604=EDGE_LOOP('',(#1587,#1595,#1602,#1603));
#1605=FACE_OUTER_BOUND('',#1604,.T.);
#1606=ADVANCED_FACE('',(#1605),#1578,.T.);
#1607=CARTESIAN_POINT('',(-54.235897958019947,-3.641579998192512,0.0));
#1608=DIRECTION('',(-0.86602540378465,-0.499999999999635,0.0));
#1609=DIRECTION('',(0.0,0.0,1.0));
#1610=AXIS2_PLACEMENT_3D('',#1607,#1608,#1609);
#1611=PLANE('',#1610);
#1612=CARTESIAN_POINT('',(-54.362692877262823,-3.421964755922048,66.0));
#1613=VERTEX_POINT('',#1612);
#1614=CARTESIAN_POINT('',(-54.235897958019947,-3.641579998192512,66.0));
#1615=DIRECTION('',(-0.49999999999964,0.866025403784647,0.0));
#1616=VECTOR('',#1615,0.253589838485934);
#1617=LINE('',#1614,#1616);
#1618=EDGE_CURVE('',#1580,#1613,#1617,.T.);
#1619=ORIENTED_EDGE('',*,*,#1618,.T.);
#1620=CARTESIAN_POINT('',(-54.362692877262823,-3.421964755922048,0.0));
#1621=VERTEX_POINT('',#1620);
#1622=CARTESIAN_POINT('',(-54.362692877262823,-3.421964755922048,0.0));
#1623=DIRECTION('',(0.0,0.0,1.0));
#1624=VECTOR('',#1623,66.0);
#1625=LINE('',#1622,#1624);
#1626=EDGE_CURVE('',#1621,#1613,#1625,.T.);
#1627=ORIENTED_EDGE('',*,*,#1626,.F.);
#1628=CARTESIAN_POINT('',(-54.362692877262823,-3.421964755922048,0.0));
#1629=DIRECTION('',(0.49999999999964,-0.866025403784647,0.0));
#1630=VECTOR('',#1629,0.253589838485934);
#1631=LINE('',#1628,#1630);
#1632=EDGE_CURVE('',#1621,#1589,#1631,.T.);
#1633=ORIENTED_EDGE('',*,*,#1632,.T.);
#1634=ORIENTED_EDGE('',*,*,#1594,.T.);
#1635=EDGE_LOOP('',(#1619,#1627,#1633,#1634));
#1636=FACE_OUTER_BOUND('',#1635,.T.);
#1637=ADVANCED_FACE('',(#1636),#1611,.T.);
#1638=CARTESIAN_POINT('',(-54.362692877262823,-3.421964755922048,0.0));
#1639=DIRECTION('',(0.0,-1.0,0.0));
#1640=DIRECTION('',(0.0,0.0,-1.0));
#1641=AXIS2_PLACEMENT_3D('',#1638,#1639,#1640);
#1642=PLANE('',#1641);
#1643=CARTESIAN_POINT('',(-55.732653644414363,-3.421964755922076,66.0));
#1644=VERTEX_POINT('',#1643);
#1645=CARTESIAN_POINT('',(-54.362692877262823,-3.421964755922048,66.0));
#1646=DIRECTION('',(-1.0,0.0,0.0));
#1647=VECTOR('',#1646,1.36996076715154);
#1648=LINE('',#1645,#1647);
#1649=EDGE_CURVE('',#1613,#1644,#1648,.T.);
#1650=ORIENTED_EDGE('',*,*,#1649,.T.);
#1651=CARTESIAN_POINT('',(-55.732653644414363,-3.421964755922076,0.0));
#1652=VERTEX_POINT('',#1651);
#1653=CARTESIAN_POINT('',(-55.732653644414363,-3.421964755922076,0.0));
#1654=DIRECTION('',(0.0,0.0,1.0));
#1655=VECTOR('',#1654,66.0);
#1656=LINE('',#1653,#1655);
#1657=EDGE_CURVE('',#1652,#1644,#1656,.T.);
#1658=ORIENTED_EDGE('',*,*,#1657,.F.);
#1659=CARTESIAN_POINT('',(-55.732653644414363,-3.421964755922076,0.0));
#1660=DIRECTION('',(1.0,0.0,0.0));
#1661=VECTOR('',#1660,1.36996076715154);
#1662=LINE('',#1659,#1661);
#1663=EDGE_CURVE('',#1652,#1621,#1662,.T.);
#1664=ORIENTED_EDGE('',*,*,#1663,.T.);
#1665=ORIENTED_EDGE('',*,*,#1626,.T.);
#1666=EDGE_LOOP('',(#1650,#1658,#1664,#1665));
#1667=FACE_OUTER_BOUND('',#1666,.T.);
#1668=ADVANCED_FACE('',(#1667),#1642,.T.);
#1669=CARTESIAN_POINT('',(-55.73265364441437,-3.921964755922076,0.0));
#1670=DIRECTION('',(0.0,0.0,1.0));
#1671=DIRECTION('',(0.0,-1.0,0.0));
#1672=AXIS2_PLACEMENT_3D('',#1669,#1670,#1671);
#1673=CYLINDRICAL_SURFACE('',#1672,0.5);
#1674=CARTESIAN_POINT('',(-56.220737081314439,-3.813454117624146,66.0));
#1675=VERTEX_POINT('',#1674);
#1676=CARTESIAN_POINT('',(-55.73265364441437,-3.921964755922076,66.0));
#1677=DIRECTION('',(0.0,0.0,1.0));
#1678=DIRECTION('',(0.0,-1.0,0.0));
#1679=AXIS2_PLACEMENT_3D('',#1676,#1677,#1678);
#1680=CIRCLE('',#1679,0.5);
#1681=EDGE_CURVE('',#1644,#1675,#1680,.T.);
#1682=ORIENTED_EDGE('',*,*,#1681,.T.);
#1683=CARTESIAN_POINT('',(-56.220737081314439,-3.813454117624146,0.0));
#1684=VERTEX_POINT('',#1683);
#1685=CARTESIAN_POINT('',(-56.220737081314439,-3.813454117624146,0.0));
#1686=DIRECTION('',(0.0,0.0,1.0));
#1687=VECTOR('',#1686,66.0);
#1688=LINE('',#1685,#1687);
#1689=EDGE_CURVE('',#1684,#1675,#1688,.T.);
#1690=ORIENTED_EDGE('',*,*,#1689,.F.);
#1691=CARTESIAN_POINT('',(-55.73265364441437,-3.921964755922076,0.0));
#1692=DIRECTION('',(0.0,0.0,-1.0));
#1693=DIRECTION('',(0.0,-1.0,0.0));
#1694=AXIS2_PLACEMENT_3D('',#1691,#1692,#1693);
#1695=CIRCLE('',#1694,0.5);
#1696=EDGE_CURVE('',#1684,#1652,#1695,.T.);
#1697=ORIENTED_EDGE('',*,*,#1696,.T.);
#1698=ORIENTED_EDGE('',*,*,#1657,.T.);
#1699=EDGE_LOOP('',(#1682,#1690,#1697,#1698));
#1700=FACE_OUTER_BOUND('',#1699,.T.);
#1701=ADVANCED_FACE('',(#1700),#1673,.F.);
#1702=CARTESIAN_POINT('',(-44.262692877262914,-6.471964755923282,0.0));
#1703=DIRECTION('',(0.0,0.0,1.0));
#1704=DIRECTION('',(0.976166873800125,-0.217021276595848,0.0));
#1705=AXIS2_PLACEMENT_3D('',#1702,#1703,#1704);
#1706=CYLINDRICAL_SURFACE('',#1705,12.250000000000002);
#1707=CARTESIAN_POINT('',(-56.487712676802637,-7.253879649541105,66.0));
#1708=VERTEX_POINT('',#1707);
#1709=CARTESIAN_POINT('',(-44.262692877262914,-6.471964755923282,66.0));
#1710=DIRECTION('',(0.0,0.0,1.0));
#1711=DIRECTION('',(0.976166873800125,-0.217021276595848,0.0));
#1712=AXIS2_PLACEMENT_3D('',#1709,#1710,#1711);
#1713=CIRCLE('',#1712,12.250000000000002);
#1714=EDGE_CURVE('',#1675,#1708,#1713,.T.);
#1715=ORIENTED_EDGE('',*,*,#1714,.T.);
#1716=CARTESIAN_POINT('',(-56.487712676802637,-7.253879649541105,0.0));
#1717=VERTEX_POINT('',#1716);
#1718=CARTESIAN_POINT('',(-56.487712676802637,-7.253879649541105,0.0));
#1719=DIRECTION('',(0.0,0.0,1.0));
#1720=VECTOR('',#1719,66.0);
#1721=LINE('',#1718,#1720);
#1722=EDGE_CURVE('',#1717,#1708,#1721,.T.);
#1723=ORIENTED_EDGE('',*,*,#1722,.F.);
#1724=CARTESIAN_POINT('',(-44.262692877262914,-6.471964755923282,0.0));
#1725=DIRECTION('',(0.0,0.0,-1.0));
#1726=DIRECTION('',(0.976166873800125,-0.217021276595848,0.0));
#1727=AXIS2_PLACEMENT_3D('',#1724,#1725,#1726);
#1728=CIRCLE('',#1727,12.250000000000002);
#1729=EDGE_CURVE('',#1717,#1684,#1728,.T.);
#1730=ORIENTED_EDGE('',*,*,#1729,.T.);
#1731=ORIENTED_EDGE('',*,*,#1689,.T.);
#1732=EDGE_LOOP('',(#1715,#1723,#1730,#1731));
#1733=FACE_OUTER_BOUND('',#1732,.T.);
#1734=ADVANCED_FACE('',(#1733),#1706,.F.);
#1735=CARTESIAN_POINT('',(-55.988732276821423,-7.221964755924049,0.0));
#1736=DIRECTION('',(0.0,0.0,1.0));
#1737=DIRECTION('',(0.997960799962427,0.063829787234114,0.0));
#1738=AXIS2_PLACEMENT_3D('',#1735,#1736,#1737);
#1739=CYLINDRICAL_SURFACE('',#1738,0.5);
#1740=CARTESIAN_POINT('',(-55.988732276821729,-7.721964755924049,66.0));
#1741=VERTEX_POINT('',#1740);
#1742=CARTESIAN_POINT('',(-55.988732276821423,-7.221964755924049,66.0));
#1743=DIRECTION('',(0.0,0.0,1.0));
#1744=DIRECTION('',(0.997960799962427,0.063829787234114,0.0));
#1745=AXIS2_PLACEMENT_3D('',#1742,#1743,#1744);
#1746=CIRCLE('',#1745,0.5);
#1747=EDGE_CURVE('',#1708,#1741,#1746,.T.);
#1748=ORIENTED_EDGE('',*,*,#1747,.T.);
#1749=CARTESIAN_POINT('',(-55.988732276821729,-7.721964755924049,0.0));
#1750=VERTEX_POINT('',#1749);
#1751=CARTESIAN_POINT('',(-55.988732276821729,-7.721964755924049,0.0));
#1752=DIRECTION('',(0.0,0.0,1.0));
#1753=VECTOR('',#1752,66.0);
#1754=LINE('',#1751,#1753);
#1755=EDGE_CURVE('',#1750,#1741,#1754,.T.);
#1756=ORIENTED_EDGE('',*,*,#1755,.F.);
#1757=CARTESIAN_POINT('',(-55.988732276821423,-7.221964755924049,0.0));
#1758=DIRECTION('',(0.0,0.0,-1.0));
#1759=DIRECTION('',(0.997960799962427,0.063829787234114,0.0));
#1760=AXIS2_PLACEMENT_3D('',#1757,#1758,#1759);
#1761=CIRCLE('',#1760,0.5);
#1762=EDGE_CURVE('',#1750,#1717,#1761,.T.);
#1763=ORIENTED_EDGE('',*,*,#1762,.T.);
#1764=ORIENTED_EDGE('',*,*,#1722,.T.);
#1765=EDGE_LOOP('',(#1748,#1756,#1763,#1764));
#1766=FACE_OUTER_BOUND('',#1765,.T.);
#1767=ADVANCED_FACE('',(#1766),#1739,.F.);
#1768=CARTESIAN_POINT('',(-55.988732276821729,-7.721964755924049,0.0));
#1769=DIRECTION('',(5.745792E-013,1.0,0.0));
#1770=DIRECTION('',(0.0,0.0,1.0));
#1771=AXIS2_PLACEMENT_3D('',#1768,#1769,#1770);
#1772=PLANE('',#1771);
#1773=CARTESIAN_POINT('',(-55.395535589737506,-7.72196475592439,66.0));
#1774=VERTEX_POINT('',#1773);
#1775=CARTESIAN_POINT('',(-55.988732276821729,-7.721964755924049,66.0));
#1776=DIRECTION('',(1.0,-5.749535E-013,0.0));
#1777=VECTOR('',#1776,0.593196687084223);
#1778=LINE('',#1775,#1777);
#1779=EDGE_CURVE('',#1741,#1774,#1778,.T.);
#1780=ORIENTED_EDGE('',*,*,#1779,.T.);
#1781=CARTESIAN_POINT('',(-55.395535589737506,-7.72196475592439,0.0));
#1782=VERTEX_POINT('',#1781);
#1783=CARTESIAN_POINT('',(-55.395535589737506,-7.72196475592439,0.0));
#1784=DIRECTION('',(0.0,0.0,1.0));
#1785=VECTOR('',#1784,66.0);
#1786=LINE('',#1783,#1785);
#1787=EDGE_CURVE('',#1782,#1774,#1786,.T.);
#1788=ORIENTED_EDGE('',*,*,#1787,.F.);
#1789=CARTESIAN_POINT('',(-55.395535589737506,-7.72196475592439,0.0));
#1790=DIRECTION('',(-1.0,5.749535E-013,0.0));
#1791=VECTOR('',#1790,0.593196687084223);
#1792=LINE('',#1789,#1791);
#1793=EDGE_CURVE('',#1782,#1750,#1792,.T.);
#1794=ORIENTED_EDGE('',*,*,#1793,.T.);
#1795=ORIENTED_EDGE('',*,*,#1755,.T.);
#1796=EDGE_LOOP('',(#1780,#1788,#1794,#1795));
#1797=FACE_OUTER_BOUND('',#1796,.T.);
#1798=ADVANCED_FACE('',(#1797),#1772,.T.);
#1799=CARTESIAN_POINT('',(-55.39553558973757,-7.521964755924344,0.0));
#1800=DIRECTION('',(0.0,0.0,1.0));
#1801=DIRECTION('',(-3.108624E-013,1.0,0.0));
#1802=AXIS2_PLACEMENT_3D('',#1799,#1800,#1801);
#1803=CYLINDRICAL_SURFACE('',#1802,0.2);
#1804=CARTESIAN_POINT('',(-55.254114233499998,-7.663386112161632,66.0));
#1805=VERTEX_POINT('',#1804);
#1806=CARTESIAN_POINT('',(-55.39553558973757,-7.521964755924344,66.0));
#1807=DIRECTION('',(0.0,0.0,1.0));
#1808=DIRECTION('',(-3.108624E-013,1.0,0.0));
#1809=AXIS2_PLACEMENT_3D('',#1806,#1807,#1808);
#1810=CIRCLE('',#1809,0.2);
#1811=EDGE_CURVE('',#1774,#1805,#1810,.T.);
#1812=ORIENTED_EDGE('',*,*,#1811,.T.);
#1813=CARTESIAN_POINT('',(-55.254114233499998,-7.663386112161632,0.0));
#1814=VERTEX_POINT('',#1813);
#1815=CARTESIAN_POINT('',(-55.254114233499998,-7.663386112161632,0.0));
#1816=DIRECTION('',(0.0,0.0,1.0));
#1817=VECTOR('',#1816,66.0);
#1818=LINE('',#1815,#1817);
#1819=EDGE_CURVE('',#1814,#1805,#1818,.T.);
#1820=ORIENTED_EDGE('',*,*,#1819,.F.);
#1821=CARTESIAN_POINT('',(-55.39553558973757,-7.521964755924344,0.0));
#1822=DIRECTION('',(0.0,0.0,-1.0));
#1823=DIRECTION('',(-3.108624E-013,1.0,0.0));
#1824=AXIS2_PLACEMENT_3D('',#1821,#1822,#1823);
#1825=CIRCLE('',#1824,0.2);
#1826=EDGE_CURVE('',#1814,#1782,#1825,.T.);
#1827=ORIENTED_EDGE('',*,*,#1826,.T.);
#1828=ORIENTED_EDGE('',*,*,#1787,.T.);
#1829=EDGE_LOOP('',(#1812,#1820,#1827,#1828));
#1830=FACE_OUTER_BOUND('',#1829,.T.);
#1831=ADVANCED_FACE('',(#1830),#1803,.F.);
#1832=CARTESIAN_POINT('',(-55.254114233499998,-7.663386112161632,0.0));
#1833=DIRECTION('',(-0.707106781187265,0.707106781185831,0.0));
#1834=DIRECTION('',(0.0,0.0,1.0));
#1835=AXIS2_PLACEMENT_3D('',#1832,#1833,#1834);
#1836=PLANE('',#1835);
#1837=CARTESIAN_POINT('',(-55.149546133233109,-7.558818011894531,66.0));
#1838=VERTEX_POINT('',#1837);
#1839=CARTESIAN_POINT('',(-55.254114233499998,-7.663386112161632,66.0));
#1840=DIRECTION('',(0.70710678118583,0.707106781187265,0.0));
#1841=VECTOR('',#1840,0.147881625589174);
#1842=LINE('',#1839,#1841);
#1843=EDGE_CURVE('',#1805,#1838,#1842,.T.);
#1844=ORIENTED_EDGE('',*,*,#1843,.T.);
#1845=CARTESIAN_POINT('',(-55.149546133233109,-7.558818011894531,0.0));
#1846=VERTEX_POINT('',#1845);
#1847=CARTESIAN_POINT('',(-55.149546133233109,-7.558818011894531,0.0));
#1848=DIRECTION('',(0.0,0.0,1.0));
#1849=VECTOR('',#1848,66.0);
#1850=LINE('',#1847,#1849);
#1851=EDGE_CURVE('',#1846,#1838,#1850,.T.);
#1852=ORIENTED_EDGE('',*,*,#1851,.F.);
#1853=CARTESIAN_POINT('',(-55.149546133233109,-7.558818011894531,0.0));
#1854=DIRECTION('',(-0.70710678118583,-0.707106781187265,0.0));
#1855=VECTOR('',#1854,0.147881625589174);
#1856=LINE('',#1853,#1855);
#1857=EDGE_CURVE('',#1846,#1814,#1856,.T.);
#1858=ORIENTED_EDGE('',*,*,#1857,.T.);
#1859=ORIENTED_EDGE('',*,*,#1819,.T.);
#1860=EDGE_LOOP('',(#1844,#1852,#1858,#1859));
#1861=FACE_OUTER_BOUND('',#1860,.T.);
#1862=ADVANCED_FACE('',(#1861),#1836,.T.);
#1863=CARTESIAN_POINT('',(-55.008124776995771,-7.700239368131818,0.0));
#1864=DIRECTION('',(0.0,0.0,1.0));
#1865=DIRECTION('',(0.609956064340911,0.792435233677647,0.0));
#1866=AXIS2_PLACEMENT_3D('',#1863,#1864,#1865);
#1867=CYLINDRICAL_SURFACE('',#1866,0.2);
#1868=CARTESIAN_POINT('',(-54.886133564122559,-7.541752321389752,66.0));
#1869=VERTEX_POINT('',#1868);
#1870=CARTESIAN_POINT('',(-55.008124776995771,-7.700239368131818,66.0));
#1871=DIRECTION('',(0.0,0.0,-1.0));
#1872=DIRECTION('',(0.609956064340911,0.792435233677647,0.0));
#1873=AXIS2_PLACEMENT_3D('',#1870,#1871,#1872);
#1874=CIRCLE('',#1873,0.2);
#1875=EDGE_CURVE('',#1838,#1869,#1874,.T.);
#1876=ORIENTED_EDGE('',*,*,#1875,.T.);
#1877=CARTESIAN_POINT('',(-54.886133564122559,-7.541752321389752,0.0));
#1878=VERTEX_POINT('',#1877);
#1879=CARTESIAN_POINT('',(-54.886133564122559,-7.541752321389752,0.0));
#1880=DIRECTION('',(0.0,0.0,1.0));
#1881=VECTOR('',#1880,66.0);
#1882=LINE('',#1879,#1881);
#1883=EDGE_CURVE('',#1878,#1869,#1882,.T.);
#1884=ORIENTED_EDGE('',*,*,#1883,.F.);
#1885=CARTESIAN_POINT('',(-55.008124776995771,-7.700239368131818,0.0));
#1886=DIRECTION('',(0.0,0.0,1.0));
#1887=DIRECTION('',(0.609956064340911,0.792435233677647,0.0));
#1888=AXIS2_PLACEMENT_3D('',#1885,#1886,#1887);
#1889=CIRCLE('',#1888,0.2);
#1890=EDGE_CURVE('',#1878,#1846,#1889,.T.);
#1891=ORIENTED_EDGE('',*,*,#1890,.T.);
#1892=ORIENTED_EDGE('',*,*,#1851,.T.);
#1893=EDGE_LOOP('',(#1876,#1884,#1891,#1892));
#1894=FACE_OUTER_BOUND('',#1893,.T.);
#1895=ADVANCED_FACE('',(#1894),#1867,.T.);
#1896=CARTESIAN_POINT('',(-54.062692877263032,-6.47196475592439,0.0));
#1897=DIRECTION('',(0.0,0.0,1.0));
#1898=DIRECTION('',(0.609956064340392,0.792435233678046,0.0));
#1899=AXIS2_PLACEMENT_3D('',#1896,#1897,#1898);
#1900=CYLINDRICAL_SURFACE('',#1899,1.35);
#1901=CARTESIAN_POINT('',(-53.239252190403199,-7.541752321389518,66.0));
#1902=VERTEX_POINT('',#1901);
#1903=CARTESIAN_POINT('',(-54.062692877263032,-6.47196475592439,66.0));
#1904=DIRECTION('',(0.0,0.0,1.0));
#1905=DIRECTION('',(0.609956064340392,0.792435233678046,0.0));
#1906=AXIS2_PLACEMENT_3D('',#1903,#1904,#1905);
#1907=CIRCLE('',#1906,1.35);
#1908=EDGE_CURVE('',#1869,#1902,#1907,.T.);
#1909=ORIENTED_EDGE('',*,*,#1908,.T.);
#1910=CARTESIAN_POINT('',(-53.239252190403199,-7.541752321389518,0.0));
#1911=VERTEX_POINT('',#1910);
#1912=CARTESIAN_POINT('',(-53.239252190403199,-7.541752321389518,0.0));
#1913=DIRECTION('',(0.0,0.0,1.0));
#1914=VECTOR('',#1913,66.0);
#1915=LINE('',#1912,#1914);
#1916=EDGE_CURVE('',#1911,#1902,#1915,.T.);
#1917=ORIENTED_EDGE('',*,*,#1916,.F.);
#1918=CARTESIAN_POINT('',(-54.062692877263032,-6.47196475592439,0.0));
#1919=DIRECTION('',(0.0,0.0,-1.0));
#1920=DIRECTION('',(0.609956064340392,0.792435233678046,0.0));
#1921=AXIS2_PLACEMENT_3D('',#1918,#1919,#1920);
#1922=CIRCLE('',#1921,1.35);
#1923=EDGE_CURVE('',#1911,#1878,#1922,.T.);
#1924=ORIENTED_EDGE('',*,*,#1923,.T.);
#1925=ORIENTED_EDGE('',*,*,#1883,.T.);
#1926=EDGE_LOOP('',(#1909,#1917,#1924,#1925));
#1927=FACE_OUTER_BOUND('',#1926,.T.);
#1928=ADVANCED_FACE('',(#1927),#1900,.F.);
#1929=CARTESIAN_POINT('',(-53.117260977530066,-7.700239368131592,0.0));
#1930=DIRECTION('',(0.0,0.0,1.0));
#1931=DIRECTION('',(0.707106781186362,0.707106781186734,0.0));
#1932=AXIS2_PLACEMENT_3D('',#1929,#1930,#1931);
#1933=CYLINDRICAL_SURFACE('',#1932,0.2);
#1934=CARTESIAN_POINT('',(-52.975839621292799,-7.558818011894247,66.0));
#1935=VERTEX_POINT('',#1934);
#1936=CARTESIAN_POINT('',(-53.117260977530066,-7.700239368131592,66.0));
#1937=DIRECTION('',(0.0,0.0,-1.0));
#1938=DIRECTION('',(0.707106781186362,0.707106781186734,0.0));
#1939=AXIS2_PLACEMENT_3D('',#1936,#1937,#1938);
#1940=CIRCLE('',#1939,0.2);
#1941=EDGE_CURVE('',#1902,#1935,#1940,.T.);
#1942=ORIENTED_EDGE('',*,*,#1941,.T.);
#1943=CARTESIAN_POINT('',(-52.975839621292799,-7.558818011894247,0.0));
#1944=VERTEX_POINT('',#1943);
#1945=CARTESIAN_POINT('',(-52.975839621292799,-7.558818011894247,0.0));
#1946=DIRECTION('',(0.0,0.0,1.0));
#1947=VECTOR('',#1946,66.0);
#1948=LINE('',#1945,#1947);
#1949=EDGE_CURVE('',#1944,#1935,#1948,.T.);
#1950=ORIENTED_EDGE('',*,*,#1949,.F.);
#1951=CARTESIAN_POINT('',(-53.117260977530066,-7.700239368131592,0.0));
#1952=DIRECTION('',(0.0,0.0,1.0));
#1953=DIRECTION('',(0.707106781186362,0.707106781186734,0.0));
#1954=AXIS2_PLACEMENT_3D('',#1951,#1952,#1953);
#1955=CIRCLE('',#1954,0.2);
#1956=EDGE_CURVE('',#1944,#1911,#1955,.T.);
#1957=ORIENTED_EDGE('',*,*,#1956,.T.);
#1958=ORIENTED_EDGE('',*,*,#1916,.T.);
#1959=EDGE_LOOP('',(#1942,#1950,#1957,#1958));
#1960=FACE_OUTER_BOUND('',#1959,.T.);
#1961=ADVANCED_FACE('',(#1960),#1933,.T.);
#1962=CARTESIAN_POINT('',(-52.975839621292799,-7.558818011894247,0.0));
#1963=DIRECTION('',(0.707106781186303,0.707106781186792,0.0));
#1964=DIRECTION('',(0.0,0.0,-1.0));
#1965=AXIS2_PLACEMENT_3D('',#1962,#1963,#1964);
#1966=PLANE('',#1965);
#1967=CARTESIAN_POINT('',(-52.70913948666967,-7.825518146517187,66.0));
#1968=VERTEX_POINT('',#1967);
#1969=CARTESIAN_POINT('',(-52.975839621292792,-7.558818011894247,66.0));
#1970=DIRECTION('',(0.707106781186789,-0.707106781186306,0.0));
#1971=VECTOR('',#1970,0.37717094747062);
#1972=LINE('',#1969,#1971);
#1973=EDGE_CURVE('',#1935,#1968,#1972,.T.);
#1974=ORIENTED_EDGE('',*,*,#1973,.T.);
#1975=CARTESIAN_POINT('',(-52.70913948666967,-7.825518146517187,0.0));
#1976=VERTEX_POINT('',#1975);
#1977=CARTESIAN_POINT('',(-52.70913948666967,-7.825518146517187,0.0));
#1978=DIRECTION('',(0.0,0.0,1.0));
#1979=VECTOR('',#1978,66.0);
#1980=LINE('',#1977,#1979);
#1981=EDGE_CURVE('',#1976,#1968,#1980,.T.);
#1982=ORIENTED_EDGE('',*,*,#1981,.F.);
#1983=CARTESIAN_POINT('',(-52.70913948666967,-7.825518146517187,0.0));
#1984=DIRECTION('',(-0.707106781186789,0.707106781186306,0.0));
#1985=VECTOR('',#1984,0.37717094747062);
#1986=LINE('',#1983,#1985);
#1987=EDGE_CURVE('',#1976,#1944,#1986,.T.);
#1988=ORIENTED_EDGE('',*,*,#1987,.T.);
#1989=ORIENTED_EDGE('',*,*,#1949,.T.);
#1990=EDGE_LOOP('',(#1974,#1982,#1988,#1989));
#1991=FACE_OUTER_BOUND('',#1990,.T.);
#1992=ADVANCED_FACE('',(#1991),#1966,.T.);
#1993=CARTESIAN_POINT('',(-53.062692877262805,-8.179071537110602,0.0));
#1994=DIRECTION('',(0.0,0.0,1.0));
#1995=DIRECTION('',(1.0,1.709743E-013,0.0));
#1996=AXIS2_PLACEMENT_3D('',#1993,#1994,#1995);
#1997=CYLINDRICAL_SURFACE('',#1996,0.5);
#1998=CARTESIAN_POINT('',(-52.562692877262776,-8.179071537110517,66.0));
#1999=VERTEX_POINT('',#1998);
#2000=CARTESIAN_POINT('',(-53.062692877262805,-8.179071537110602,66.0));
#2001=DIRECTION('',(0.0,0.0,-1.0));
#2002=DIRECTION('',(1.0,1.709743E-013,0.0));
#2003=AXIS2_PLACEMENT_3D('',#2000,#2001,#2002);
#2004=CIRCLE('',#2003,0.5);
#2005=EDGE_CURVE('',#1968,#1999,#2004,.T.);
#2006=ORIENTED_EDGE('',*,*,#2005,.T.);
#2007=CARTESIAN_POINT('',(-52.562692877262776,-8.179071537110517,0.0));
#2008=VERTEX_POINT('',#2007);
#2009=CARTESIAN_POINT('',(-52.562692877262776,-8.179071537110517,0.0));
#2010=DIRECTION('',(0.0,0.0,1.0));
#2011=VECTOR('',#2010,66.0);
#2012=LINE('',#2009,#2011);
#2013=EDGE_CURVE('',#2008,#1999,#2012,.T.);
#2014=ORIENTED_EDGE('',*,*,#2013,.F.);
#2015=CARTESIAN_POINT('',(-53.062692877262805,-8.179071537110602,0.0));
#2016=DIRECTION('',(0.0,0.0,1.0));
#2017=DIRECTION('',(1.0,1.709743E-013,0.0));
#2018=AXIS2_PLACEMENT_3D('',#2015,#2016,#2017);
#2019=CIRCLE('',#2018,0.5);
#2020=EDGE_CURVE('',#2008,#1976,#2019,.T.);
#2021=ORIENTED_EDGE('',*,*,#2020,.T.);
#2022=ORIENTED_EDGE('',*,*,#1981,.T.);
#2023=EDGE_LOOP('',(#2006,#2014,#2021,#2022));
#2024=FACE_OUTER_BOUND('',#2023,.T.);
#2025=ADVANCED_FACE('',(#2024),#1997,.T.);
#2026=CARTESIAN_POINT('',(-52.562692877262776,-8.179071537110517,0.0));
#2027=DIRECTION('',(1.0,1.195567E-013,0.0));
#2028=DIRECTION('',(0.0,0.0,-1.0));
#2029=AXIS2_PLACEMENT_3D('',#2026,#2027,#2028);
#2030=PLANE('',#2029);
#2031=CARTESIAN_POINT('',(-52.562692877262691,-8.921964755923696,66.0));
#2032=VERTEX_POINT('',#2031);
#2033=CARTESIAN_POINT('',(-52.562692877262776,-8.179071537110517,66.0));
#2034=DIRECTION('',(1.147744E-013,-1.0,0.0));
#2035=VECTOR('',#2034,0.74289321881318);
#2036=LINE('',#2033,#2035);
#2037=EDGE_CURVE('',#1999,#2032,#2036,.T.);
#2038=ORIENTED_EDGE('',*,*,#2037,.T.);
#2039=CARTESIAN_POINT('',(-52.562692877262691,-8.921964755923696,0.0));
#2040=VERTEX_POINT('',#2039);
#2041=CARTESIAN_POINT('',(-52.562692877262691,-8.921964755923696,0.0));
#2042=DIRECTION('',(0.0,0.0,1.0));
#2043=VECTOR('',#2042,66.0);
#2044=LINE('',#2041,#2043);
#2045=EDGE_CURVE('',#2040,#2032,#2044,.T.);
#2046=ORIENTED_EDGE('',*,*,#2045,.F.);
#2047=CARTESIAN_POINT('',(-52.562692877262691,-8.921964755923696,0.0));
#2048=DIRECTION('',(-1.147744E-013,1.0,0.0));
#2049=VECTOR('',#2048,0.74289321881318);
#2050=LINE('',#2047,#2049);
#2051=EDGE_CURVE('',#2040,#2008,#2050,.T.);
#2052=ORIENTED_EDGE('',*,*,#2051,.T.);
#2053=ORIENTED_EDGE('',*,*,#2013,.T.);
#2054=EDGE_LOOP('',(#2038,#2046,#2052,#2053));
#2055=FACE_OUTER_BOUND('',#2054,.T.);
#2056=ADVANCED_FACE('',(#2055),#2030,.T.);
#2057=CARTESIAN_POINT('',(-53.062692877262698,-8.921964755923753,0.0));
#2058=DIRECTION('',(0.0,0.0,1.0));
#2059=DIRECTION('',(0.0,-1.0,0.0));
#2060=AXIS2_PLACEMENT_3D('',#2057,#2058,#2059);
#2061=CYLINDRICAL_SURFACE('',#2060,0.5);
#2062=CARTESIAN_POINT('',(-53.062692877262698,-9.421964755923753,66.0));
#2063=VERTEX_POINT('',#2062);
#2064=CARTESIAN_POINT('',(-53.062692877262698,-8.921964755923753,66.0));
#2065=DIRECTION('',(0.0,0.0,-1.0));
#2066=DIRECTION('',(0.0,-1.0,0.0));
#2067=AXIS2_PLACEMENT_3D('',#2064,#2065,#2066);
#2068=CIRCLE('',#2067,0.5);
#2069=EDGE_CURVE('',#2032,#2063,#2068,.T.);
#2070=ORIENTED_EDGE('',*,*,#2069,.T.);
#2071=CARTESIAN_POINT('',(-53.062692877262698,-9.421964755923753,0.0));
#2072=VERTEX_POINT('',#2071);
#2073=CARTESIAN_POINT('',(-53.062692877262698,-9.421964755923753,0.0));
#2074=DIRECTION('',(0.0,0.0,1.0));
#2075=VECTOR('',#2074,66.0);
#2076=LINE('',#2073,#2075);
#2077=EDGE_CURVE('',#2072,#2063,#2076,.T.);
#2078=ORIENTED_EDGE('',*,*,#2077,.F.);
#2079=CARTESIAN_POINT('',(-53.062692877262698,-8.921964755923753,0.0));
#2080=DIRECTION('',(0.0,0.0,1.0));
#2081=DIRECTION('',(0.0,-1.0,0.0));
#2082=AXIS2_PLACEMENT_3D('',#2079,#2080,#2081);
#2083=CIRCLE('',#2082,0.5);
#2084=EDGE_CURVE('',#2072,#2040,#2083,.T.);
#2085=ORIENTED_EDGE('',*,*,#2084,.T.);
#2086=ORIENTED_EDGE('',*,*,#2045,.T.);
#2087=EDGE_LOOP('',(#2070,#2078,#2085,#2086));
#2088=FACE_OUTER_BOUND('',#2087,.T.);
#2089=ADVANCED_FACE('',(#2088),#2061,.T.);
#2090=CARTESIAN_POINT('',(-53.062692877262698,-9.421964755923753,0.0));
#2091=DIRECTION('',(7.002945E-013,-1.0,0.0));
#2092=DIRECTION('',(0.0,0.0,-1.0));
#2093=AXIS2_PLACEMENT_3D('',#2090,#2091,#2092);
#2094=PLANE('',#2093);
#2095=CARTESIAN_POINT('',(-53.712692877263009,-9.421964755924208,66.0));
#2096=VERTEX_POINT('',#2095);
#2097=CARTESIAN_POINT('',(-53.062692877262691,-9.421964755923753,66.0));
#2098=DIRECTION('',(-1.0,-6.996113E-013,0.0));
#2099=VECTOR('',#2098,0.650000000000318);
#2100=LINE('',#2097,#2099);
#2101=EDGE_CURVE('',#2063,#2096,#2100,.T.);
#2102=ORIENTED_EDGE('',*,*,#2101,.T.);
#2103=CARTESIAN_POINT('',(-53.712692877263009,-9.421964755924208,0.0));
#2104=VERTEX_POINT('',#2103);
#2105=CARTESIAN_POINT('',(-53.712692877263009,-9.421964755924208,0.0));
#2106=DIRECTION('',(0.0,0.0,1.0));
#2107=VECTOR('',#2106,66.0);
#2108=LINE('',#2105,#2107);
#2109=EDGE_CURVE('',#2104,#2096,#2108,.T.);
#2110=ORIENTED_EDGE('',*,*,#2109,.F.);
#2111=CARTESIAN_POINT('',(-53.712692877263009,-9.421964755924208,0.0));
#2112=DIRECTION('',(1.0,6.996113E-013,0.0));
#2113=VECTOR('',#2112,0.650000000000318);
#2114=LINE('',#2111,#2113);
#2115=EDGE_CURVE('',#2104,#2072,#2114,.T.);
#2116=ORIENTED_EDGE('',*,*,#2115,.T.);
#2117=ORIENTED_EDGE('',*,*,#2077,.T.);
#2118=EDGE_LOOP('',(#2102,#2110,#2116,#2117));
#2119=FACE_OUTER_BOUND('',#2118,.T.);
#2120=ADVANCED_FACE('',(#2119),#2094,.T.);
#2121=CARTESIAN_POINT('',(-53.712692877263009,-9.421964755924208,0.0));
#2122=DIRECTION('',(-0.866025403784474,-0.499999999999939,0.0));
#2123=DIRECTION('',(0.0,0.0,1.0));
#2124=AXIS2_PLACEMENT_3D('',#2121,#2122,#2123);
#2125=PLANE('',#2124);
#2126=CARTESIAN_POINT('',(-53.88948779650611,-9.11574697327508,66.0));
#2127=VERTEX_POINT('',#2126);
#2128=CARTESIAN_POINT('',(-53.712692877263017,-9.421964755924208,66.0));
#2129=DIRECTION('',(-0.499999999999934,0.866025403784477,0.0));
#2130=VECTOR('',#2129,0.353589838486233);
#2131=LINE('',#2128,#2130);
#2132=EDGE_CURVE('',#2096,#2127,#2131,.T.);
#2133=ORIENTED_EDGE('',*,*,#2132,.T.);
#2134=CARTESIAN_POINT('',(-53.88948779650611,-9.11574697327508,0.0));
#2135=VERTEX_POINT('',#2134);
#2136=CARTESIAN_POINT('',(-53.88948779650611,-9.11574697327508,0.0));
#2137=DIRECTION('',(0.0,0.0,1.0));
#2138=VECTOR('',#2137,66.0);
#2139=LINE('',#2136,#2138);
#2140=EDGE_CURVE('',#2135,#2127,#2139,.T.);
#2141=ORIENTED_EDGE('',*,*,#2140,.F.);
#2142=CARTESIAN_POINT('',(-53.88948779650611,-9.11574697327508,0.0));
#2143=DIRECTION('',(0.499999999999934,-0.866025403784477,0.0));
#2144=VECTOR('',#2143,0.353589838486233);
#2145=LINE('',#2142,#2144);
#2146=EDGE_CURVE('',#2135,#2104,#2145,.T.);
#2147=ORIENTED_EDGE('',*,*,#2146,.T.);
#2148=ORIENTED_EDGE('',*,*,#2109,.T.);
#2149=EDGE_LOOP('',(#2133,#2141,#2147,#2148));
#2150=FACE_OUTER_BOUND('',#2149,.T.);
#2151=ADVANCED_FACE('',(#2150),#2125,.T.);
#2152=CARTESIAN_POINT('',(-54.062692877263032,-9.215746973275103,0.0));
#2153=DIRECTION('',(0.0,0.0,1.0));
#2154=DIRECTION('',(-0.866025403784436,-0.500000000000005,0.0));
#2155=AXIS2_PLACEMENT_3D('',#2152,#2153,#2154);
#2156=CYLINDRICAL_SURFACE('',#2155,0.2);
#2157=CARTESIAN_POINT('',(-54.235897958019848,-9.11574697327508,66.0));
#2158=VERTEX_POINT('',#2157);
#2159=CARTESIAN_POINT('',(-54.062692877263032,-9.215746973275103,66.0));
#2160=DIRECTION('',(0.0,0.0,1.0));
#2161=DIRECTION('',(-0.866025403784436,-0.500000000000005,0.0));
#2162=AXIS2_PLACEMENT_3D('',#2159,#2160,#2161);
#2163=CIRCLE('',#2162,0.2);
#2164=EDGE_CURVE('',#2127,#2158,#2163,.T.);
#2165=ORIENTED_EDGE('',*,*,#2164,.T.);
#2166=CARTESIAN_POINT('',(-54.235897958019848,-9.11574697327508,0.0));
#2167=VERTEX_POINT('',#2166);
#2168=CARTESIAN_POINT('',(-54.235897958019848,-9.11574697327508,0.0));
#2169=DIRECTION('',(0.0,0.0,1.0));
#2170=VECTOR('',#2169,66.0);
#2171=LINE('',#2168,#2170);
#2172=EDGE_CURVE('',#2167,#2158,#2171,.T.);
#2173=ORIENTED_EDGE('',*,*,#2172,.F.);
#2174=CARTESIAN_POINT('',(-54.062692877263032,-9.215746973275103,0.0));
#2175=DIRECTION('',(0.0,0.0,-1.0));
#2176=DIRECTION('',(-0.866025403784436,-0.500000000000005,0.0));
#2177=AXIS2_PLACEMENT_3D('',#2174,#2175,#2176);
#2178=CIRCLE('',#2177,0.2);
#2179=EDGE_CURVE('',#2167,#2135,#2178,.T.);
#2180=ORIENTED_EDGE('',*,*,#2179,.T.);
#2181=ORIENTED_EDGE('',*,*,#2140,.T.);
#2182=EDGE_LOOP('',(#2165,#2173,#2180,#2181));
#2183=FACE_OUTER_BOUND('',#2182,.T.);
#2184=ADVANCED_FACE('',(#2183),#2156,.F.);
#2185=CARTESIAN_POINT('',(-54.235897958019848,-9.11574697327508,0.0));
#2186=DIRECTION('',(0.866025403784393,-0.500000000000079,0.0));
#2187=DIRECTION('',(0.0,0.0,-1.0));
#2188=AXIS2_PLACEMENT_3D('',#2185,#2186,#2187);
#2189=PLANE('',#2188);
#2190=CARTESIAN_POINT('',(-54.412692877263062,-9.421964755924293,66.0));
#2191=VERTEX_POINT('',#2190);
#2192=CARTESIAN_POINT('',(-54.235897958019848,-9.11574697327508,66.0));
#2193=DIRECTION('',(-0.500000000000086,-0.866025403784389,0.0));
#2194=VECTOR('',#2193,0.353589838486367);
#2195=LINE('',#2192,#2194);
#2196=EDGE_CURVE('',#2158,#2191,#2195,.T.);
#2197=ORIENTED_EDGE('',*,*,#2196,.T.);
#2198=CARTESIAN_POINT('',(-54.412692877263062,-9.421964755924293,0.0));
#2199=VERTEX_POINT('',#2198);
#2200=CARTESIAN_POINT('',(-54.412692877263062,-9.421964755924293,0.0));
#2201=DIRECTION('',(0.0,0.0,1.0));
#2202=VECTOR('',#2201,66.0);
#2203=LINE('',#2200,#2202);
#2204=EDGE_CURVE('',#2199,#2191,#2203,.T.);
#2205=ORIENTED_EDGE('',*,*,#2204,.F.);
#2206=CARTESIAN_POINT('',(-54.412692877263062,-9.421964755924293,0.0));
#2207=DIRECTION('',(0.500000000000086,0.866025403784389,0.0));
#2208=VECTOR('',#2207,0.353589838486367);
#2209=LINE('',#2206,#2208);
#2210=EDGE_CURVE('',#2199,#2167,#2209,.T.);
#2211=ORIENTED_EDGE('',*,*,#2210,.T.);
#2212=ORIENTED_EDGE('',*,*,#2172,.T.);
#2213=EDGE_LOOP('',(#2197,#2205,#2211,#2212));
#2214=FACE_OUTER_BOUND('',#2213,.T.);
#2215=ADVANCED_FACE('',(#2214),#2189,.T.);
#2216=CARTESIAN_POINT('',(-54.412692877263062,-9.421964755924293,0.0));
#2217=DIRECTION('',(0.0,-1.0,0.0));
#2218=DIRECTION('',(0.0,0.0,-1.0));
#2219=AXIS2_PLACEMENT_3D('',#2216,#2217,#2218);
#2220=PLANE('',#2219);
#2221=CARTESIAN_POINT('',(-57.279848007598765,-9.421964755924265,66.0));
#2222=VERTEX_POINT('',#2221);
#2223=CARTESIAN_POINT('',(-54.412692877263062,-9.421964755924293,66.0));
#2224=DIRECTION('',(-1.0,0.0,0.0));
#2225=VECTOR('',#2224,2.867155130335704);
#2226=LINE('',#2223,#2225);
#2227=EDGE_CURVE('',#2191,#2222,#2226,.T.);
#2228=ORIENTED_EDGE('',*,*,#2227,.T.);
#2229=CARTESIAN_POINT('',(-57.279848007598765,-9.421964755924265,0.0));
#2230=VERTEX_POINT('',#2229);
#2231=CARTESIAN_POINT('',(-57.279848007598765,-9.421964755924265,0.0));
#2232=DIRECTION('',(0.0,0.0,1.0));
#2233=VECTOR('',#2232,66.0);
#2234=LINE('',#2231,#2233);
#2235=EDGE_CURVE('',#2230,#2222,#2234,.T.);
#2236=ORIENTED_EDGE('',*,*,#2235,.F.);
#2237=CARTESIAN_POINT('',(-57.279848007598765,-9.421964755924265,0.0));
#2238=DIRECTION('',(1.0,0.0,0.0));
#2239=VECTOR('',#2238,2.867155130335704);
#2240=LINE('',#2237,#2239);
#2241=EDGE_CURVE('',#2230,#2199,#2240,.T.);
#2242=ORIENTED_EDGE('',*,*,#2241,.T.);
#2243=ORIENTED_EDGE('',*,*,#2204,.T.);
#2244=EDGE_LOOP('',(#2228,#2236,#2242,#2243));
#2245=FACE_OUTER_BOUND('',#2244,.T.);
#2246=ADVANCED_FACE('',(#2245),#2220,.T.);
#2247=CARTESIAN_POINT('',(-57.279848007598765,-9.421964755924265,0.0));
#2248=DIRECTION('',(-0.70710678118745,-0.707106781185645,0.0));
#2249=DIRECTION('',(0.0,0.0,1.0));
#2250=AXIS2_PLACEMENT_3D('',#2247,#2248,#2249);
#2251=PLANE('',#2250);
#2252=CARTESIAN_POINT('',(-57.379848007595122,-9.321964755927652,66.0));
#2253=VERTEX_POINT('',#2252);
#2254=CARTESIAN_POINT('',(-57.279848007598765,-9.421964755924265,66.0));
#2255=DIRECTION('',(-0.707106781185643,0.707106781187452,0.0));
#2256=VECTOR('',#2255,0.141421356232337);
#2257=LINE('',#2254,#2256);
#2258=EDGE_CURVE('',#2222,#2253,#2257,.T.);
#2259=ORIENTED_EDGE('',*,*,#2258,.T.);
#2260=CARTESIAN_POINT('',(-57.379848007595122,-9.321964755927652,0.0));
#2261=VERTEX_POINT('',#2260);
#2262=CARTESIAN_POINT('',(-57.379848007595122,-9.321964755927652,0.0));
#2263=DIRECTION('',(0.0,0.0,1.0));
#2264=VECTOR('',#2263,66.0);
#2265=LINE('',#2262,#2264);
#2266=EDGE_CURVE('',#2261,#2253,#2265,.T.);
#2267=ORIENTED_EDGE('',*,*,#2266,.F.);
#2268=CARTESIAN_POINT('',(-57.379848007595122,-9.321964755927652,0.0));
#2269=DIRECTION('',(0.707106781185643,-0.707106781187452,0.0));
#2270=VECTOR('',#2269,0.141421356232337);
#2271=LINE('',#2268,#2270);
#2272=EDGE_CURVE('',#2261,#2230,#2271,.T.);
#2273=ORIENTED_EDGE('',*,*,#2272,.T.);
#2274=ORIENTED_EDGE('',*,*,#2235,.T.);
#2275=EDGE_LOOP('',(#2259,#2267,#2273,#2274));
#2276=FACE_OUTER_BOUND('',#2275,.T.);
#2277=ADVANCED_FACE('',(#2276),#2251,.T.);
#2278=CARTESIAN_POINT('',(-57.379848007595122,-9.321964755927652,0.0));
#2279=DIRECTION('',(-2.687749E-012,-1.0,0.0));
#2280=DIRECTION('',(0.0,0.0,-1.0));
#2281=AXIS2_PLACEMENT_3D('',#2278,#2279,#2280);
#2282=PLANE('',#2281);
#2283=CARTESIAN_POINT('',(-58.479848007597248,-9.321964755924697,66.0));
#2284=VERTEX_POINT('',#2283);
#2285=CARTESIAN_POINT('',(-57.379848007595122,-9.321964755927652,66.0));
#2286=DIRECTION('',(-1.0,2.687143E-012,0.0));
#2287=VECTOR('',#2286,1.100000000002126);
#2288=LINE('',#2285,#2287);
#2289=EDGE_CURVE('',#2253,#2284,#2288,.T.);
#2290=ORIENTED_EDGE('',*,*,#2289,.T.);
#2291=CARTESIAN_POINT('',(-58.479848007597248,-9.321964755924697,0.0));
#2292=VERTEX_POINT('',#2291);
#2293=CARTESIAN_POINT('',(-58.479848007597248,-9.321964755924697,0.0));
#2294=DIRECTION('',(0.0,0.0,1.0));
#2295=VECTOR('',#2294,66.0);
#2296=LINE('',#2293,#2295);
#2297=EDGE_CURVE('',#2292,#2284,#2296,.T.);
#2298=ORIENTED_EDGE('',*,*,#2297,.F.);
#2299=CARTESIAN_POINT('',(-58.479848007597248,-9.321964755924697,0.0));
#2300=DIRECTION('',(1.0,-2.687143E-012,0.0));
#2301=VECTOR('',#2300,1.100000000002126);
#2302=LINE('',#2299,#2301);
#2303=EDGE_CURVE('',#2292,#2261,#2302,.T.);
#2304=ORIENTED_EDGE('',*,*,#2303,.T.);
#2305=ORIENTED_EDGE('',*,*,#2266,.T.);
#2306=EDGE_LOOP('',(#2290,#2298,#2304,#2305));
#2307=FACE_OUTER_BOUND('',#2306,.T.);
#2308=ADVANCED_FACE('',(#2307),#2282,.T.);
#2309=CARTESIAN_POINT('',(-58.479848007597248,-9.321964755924697,0.0));
#2310=DIRECTION('',(-0.554330515548922,-0.832296629532565,0.0));
#2311=DIRECTION('',(0.0,0.0,1.0));
#2312=AXIS2_PLACEMENT_3D('',#2309,#2310,#2311);
#2313=PLANE('',#2312);
#2314=CARTESIAN_POINT('',(-58.771656784811803,-9.127612761485054,66.0));
#2315=VERTEX_POINT('',#2314);
#2316=CARTESIAN_POINT('',(-58.479848007597248,-9.321964755924697,66.0));
#2317=DIRECTION('',(-0.832296629532562,0.554330515548925,0.0));
#2318=VECTOR('',#2317,0.350606703019382);
#2319=LINE('',#2316,#2318);
#2320=EDGE_CURVE('',#2284,#2315,#2319,.T.);
#2321=ORIENTED_EDGE('',*,*,#2320,.T.);
#2322=CARTESIAN_POINT('',(-58.771656784811803,-9.127612761485054,0.0));
#2323=VERTEX_POINT('',#2322);
#2324=CARTESIAN_POINT('',(-58.771656784811803,-9.127612761485054,0.0));
#2325=DIRECTION('',(0.0,0.0,1.0));
#2326=VECTOR('',#2325,66.0);
#2327=LINE('',#2324,#2326);
#2328=EDGE_CURVE('',#2323,#2315,#2327,.T.);
#2329=ORIENTED_EDGE('',*,*,#2328,.F.);
#2330=CARTESIAN_POINT('',(-58.771656784811803,-9.127612761485054,0.0));
#2331=DIRECTION('',(0.832296629532562,-0.554330515548925,0.0));
#2332=VECTOR('',#2331,0.350606703019382);
#2333=LINE('',#2330,#2332);
#2334=EDGE_CURVE('',#2323,#2292,#2333,.T.);
#2335=ORIENTED_EDGE('',*,*,#2334,.T.);
#2336=ORIENTED_EDGE('',*,*,#2297,.T.);
#2337=EDGE_LOOP('',(#2321,#2329,#2335,#2336));
#2338=FACE_OUTER_BOUND('',#2337,.T.);
#2339=ADVANCED_FACE('',(#2338),#2313,.T.);
#2340=CARTESIAN_POINT('',(-44.262692877262914,-6.471964755923282,0.0));
#2341=DIRECTION('',(0.0,0.0,1.0));
#2342=DIRECTION('',(-0.983658570003313,0.180043932580459,0.0));
#2343=AXIS2_PLACEMENT_3D('',#2340,#2341,#2342);
#2344=CYLINDRICAL_SURFACE('',#2343,14.75);
#2345=CARTESIAN_POINT('',(-58.771656784811803,-3.816316750361509,66.0));
#2346=VERTEX_POINT('',#2345);
#2347=CARTESIAN_POINT('',(-44.262692877262914,-6.471964755923282,66.0));
#2348=DIRECTION('',(0.0,0.0,-1.0));
#2349=DIRECTION('',(-0.983658570003313,0.180043932580459,0.0));
#2350=AXIS2_PLACEMENT_3D('',#2347,#2348,#2349);
#2351=CIRCLE('',#2350,14.75);
#2352=EDGE_CURVE('',#2315,#2346,#2351,.T.);
#2353=ORIENTED_EDGE('',*,*,#2352,.T.);
#2354=CARTESIAN_POINT('',(-58.771656784811803,-3.816316750361509,0.0));
#2355=VERTEX_POINT('',#2354);
#2356=CARTESIAN_POINT('',(-58.771656784811803,-3.816316750361509,0.0));
#2357=DIRECTION('',(0.0,0.0,1.0));
#2358=VECTOR('',#2357,66.0);
#2359=LINE('',#2356,#2358);
#2360=EDGE_CURVE('',#2355,#2346,#2359,.T.);
#2361=ORIENTED_EDGE('',*,*,#2360,.F.);
#2362=CARTESIAN_POINT('',(-44.262692877262914,-6.471964755923282,0.0));
#2363=DIRECTION('',(0.0,0.0,1.0));
#2364=DIRECTION('',(-0.983658570003313,0.180043932580459,0.0));
#2365=AXIS2_PLACEMENT_3D('',#2362,#2363,#2364);
#2366=CIRCLE('',#2365,14.75);
#2367=EDGE_CURVE('',#2355,#2323,#2366,.T.);
#2368=ORIENTED_EDGE('',*,*,#2367,.T.);
#2369=ORIENTED_EDGE('',*,*,#2328,.T.);
#2370=EDGE_LOOP('',(#2353,#2361,#2368,#2369));
#2371=FACE_OUTER_BOUND('',#2370,.T.);
#2372=ADVANCED_FACE('',(#2371),#2344,.T.);
#2373=CARTESIAN_POINT('',(-58.771656784811803,-3.816316750361509,0.0));
#2374=DIRECTION('',(-0.554330515548672,0.832296629532731,0.0));
#2375=DIRECTION('',(0.0,0.0,1.0));
#2376=AXIS2_PLACEMENT_3D('',#2373,#2374,#2375);
#2377=PLANE('',#2376);
#2378=CARTESIAN_POINT('',(-58.479848007597184,-3.621964755921951,66.0));
#2379=VERTEX_POINT('',#2378);
#2380=CARTESIAN_POINT('',(-58.771656784811803,-3.816316750361509,66.0));
#2381=DIRECTION('',(0.832296629532731,0.554330515548672,0.0));
#2382=VECTOR('',#2381,0.350606703019388);
#2383=LINE('',#2380,#2382);
#2384=EDGE_CURVE('',#2346,#2379,#2383,.T.);
#2385=ORIENTED_EDGE('',*,*,#2384,.T.);
#2386=CARTESIAN_POINT('',(-58.479848007597184,-3.621964755921951,0.0));
#2387=VERTEX_POINT('',#2386);
#2388=CARTESIAN_POINT('',(-58.479848007597184,-3.621964755921951,0.0));
#2389=DIRECTION('',(0.0,0.0,1.0));
#2390=VECTOR('',#2389,66.0);
#2391=LINE('',#2388,#2390);
#2392=EDGE_CURVE('',#2387,#2379,#2391,.T.);
#2393=ORIENTED_EDGE('',*,*,#2392,.F.);
#2394=CARTESIAN_POINT('',(-58.479848007597184,-3.621964755921951,0.0));
#2395=DIRECTION('',(-0.832296629532731,-0.554330515548672,0.0));
#2396=VECTOR('',#2395,0.350606703019388);
#2397=LINE('',#2394,#2396);
#2398=EDGE_CURVE('',#2387,#2355,#2397,.T.);
#2399=ORIENTED_EDGE('',*,*,#2398,.T.);
#2400=ORIENTED_EDGE('',*,*,#2360,.T.);
#2401=EDGE_LOOP('',(#2385,#2393,#2399,#2400));
#2402=FACE_OUTER_BOUND('',#2401,.T.);
#2403=ADVANCED_FACE('',(#2402),#2377,.T.);
#2404=CARTESIAN_POINT('',(-58.479848007597184,-3.621964755921951,0.0));
#2405=DIRECTION('',(-0.832296629532645,-0.554330515548801,0.0));
#2406=DIRECTION('',(0.0,0.0,1.0));
#2407=AXIS2_PLACEMENT_3D('',#2404,#2405,#2406);
#2408=PLANE('',#2407);
#2409=CARTESIAN_POINT('',(-58.674200002036741,-3.330155978707424,66.0));
#2410=VERTEX_POINT('',#2409);
#2411=CARTESIAN_POINT('',(-58.479848007597177,-3.621964755921951,66.0));
#2412=DIRECTION('',(-0.554330515548808,0.83229662953264,0.0));
#2413=VECTOR('',#2412,0.350606703019315);
#2414=LINE('',#2411,#2413);
#2415=EDGE_CURVE('',#2379,#2410,#2414,.T.);
#2416=ORIENTED_EDGE('',*,*,#2415,.T.);
#2417=CARTESIAN_POINT('',(-58.674200002036741,-3.330155978707424,0.0));
#2418=VERTEX_POINT('',#2417);
#2419=CARTESIAN_POINT('',(-58.674200002036741,-3.330155978707424,0.0));
#2420=DIRECTION('',(0.0,0.0,1.0));
#2421=VECTOR('',#2420,66.0);
#2422=LINE('',#2419,#2421);
#2423=EDGE_CURVE('',#2418,#2410,#2422,.T.);
#2424=ORIENTED_EDGE('',*,*,#2423,.F.);
#2425=CARTESIAN_POINT('',(-58.674200002036741,-3.330155978707424,0.0));
#2426=DIRECTION('',(0.554330515548808,-0.83229662953264,0.0));
#2427=VECTOR('',#2426,0.350606703019315);
#2428=LINE('',#2425,#2427);
#2429=EDGE_CURVE('',#2418,#2387,#2428,.T.);
#2430=ORIENTED_EDGE('',*,*,#2429,.T.);
#2431=ORIENTED_EDGE('',*,*,#2392,.T.);
#2432=EDGE_LOOP('',(#2416,#2424,#2430,#2431));
#2433=FACE_OUTER_BOUND('',#2432,.T.);
#2434=ADVANCED_FACE('',(#2433),#2408,.T.);
#2435=CARTESIAN_POINT('',(-44.262692877262914,-6.471964755923282,0.0));
#2436=DIRECTION('',(0.0,0.0,1.0));
#2437=DIRECTION('',(-0.835113718873331,0.550077336880512,0.0));
#2438=AXIS2_PLACEMENT_3D('',#2435,#2436,#2437);
#2439=CYLINDRICAL_SURFACE('',#2438,14.749999999999998);
#2440=CARTESIAN_POINT('',(-56.58062023064457,1.641675963064287,66.0));
#2441=VERTEX_POINT('',#2440);
#2442=CARTESIAN_POINT('',(-44.262692877262914,-6.471964755923282,66.0));
#2443=DIRECTION('',(0.0,0.0,-1.0));
#2444=DIRECTION('',(-0.835113718873331,0.550077336880512,0.0));
#2445=AXIS2_PLACEMENT_3D('',#2442,#2443,#2444);
#2446=CIRCLE('',#2445,14.749999999999998);
#2447=EDGE_CURVE('',#2410,#2441,#2446,.T.);
#2448=ORIENTED_EDGE('',*,*,#2447,.T.);
#2449=CARTESIAN_POINT('',(-56.58062023064457,1.641675963064287,0.0));
#2450=VERTEX_POINT('',#2449);
#2451=CARTESIAN_POINT('',(-56.58062023064457,1.641675963064287,0.0));
#2452=DIRECTION('',(0.0,0.0,1.0));
#2453=VECTOR('',#2452,66.0);
#2454=LINE('',#2451,#2453);
#2455=EDGE_CURVE('',#2450,#2441,#2454,.T.);
#2456=ORIENTED_EDGE('',*,*,#2455,.F.);
#2457=CARTESIAN_POINT('',(-44.262692877262914,-6.471964755923282,0.0));
#2458=DIRECTION('',(0.0,0.0,1.0));
#2459=DIRECTION('',(-0.835113718873331,0.550077336880512,0.0));
#2460=AXIS2_PLACEMENT_3D('',#2457,#2458,#2459);
#2461=CIRCLE('',#2460,14.749999999999998);
#2462=EDGE_CURVE('',#2450,#2418,#2461,.T.);
#2463=ORIENTED_EDGE('',*,*,#2462,.T.);
#2464=ORIENTED_EDGE('',*,*,#2423,.T.);
#2465=EDGE_LOOP('',(#2448,#2456,#2463,#2464));
#2466=FACE_OUTER_BOUND('',#2465,.T.);
#2467=ADVANCED_FACE('',(#2466),#2439,.T.);
#2468=CARTESIAN_POINT('',(-56.58062023064457,1.641675963064287,0.0));
#2469=DIRECTION('',(-0.185059728684423,0.982727274893319,0.0));
#2470=DIRECTION('',(0.0,0.0,1.0));
#2471=AXIS2_PLACEMENT_3D('',#2468,#2469,#2470);
#2472=PLANE('',#2471);
#2473=CARTESIAN_POINT('',(-56.236069460826805,1.706559144400032,66.0));
#2474=VERTEX_POINT('',#2473);
#2475=CARTESIAN_POINT('',(-56.580620230644577,1.641675963064287,66.0));
#2476=DIRECTION('',(0.982727274893319,0.185059728684421,0.0));
#2477=VECTOR('',#2476,0.350606703019589);
#2478=LINE('',#2475,#2477);
#2479=EDGE_CURVE('',#2441,#2474,#2478,.T.);
#2480=ORIENTED_EDGE('',*,*,#2479,.T.);
#2481=CARTESIAN_POINT('',(-56.236069460826805,1.706559144400032,0.0));
#2482=VERTEX_POINT('',#2481);
#2483=CARTESIAN_POINT('',(-56.236069460826805,1.706559144400032,0.0));
#2484=DIRECTION('',(0.0,0.0,1.0));
#2485=VECTOR('',#2484,66.0);
#2486=LINE('',#2483,#2485);
#2487=EDGE_CURVE('',#2482,#2474,#2486,.T.);
#2488=ORIENTED_EDGE('',*,*,#2487,.F.);
#2489=CARTESIAN_POINT('',(-56.236069460826805,1.706559144400032,0.0));
#2490=DIRECTION('',(-0.982727274893319,-0.185059728684421,0.0));
#2491=VECTOR('',#2490,0.350606703019589);
#2492=LINE('',#2489,#2491);
#2493=EDGE_CURVE('',#2482,#2450,#2492,.T.);
#2494=ORIENTED_EDGE('',*,*,#2493,.T.);
#2495=ORIENTED_EDGE('',*,*,#2455,.T.);
#2496=EDGE_LOOP('',(#2480,#2488,#2494,#2495));
#2497=FACE_OUTER_BOUND('',#2496,.T.);
#2498=ADVANCED_FACE('',(#2497),#2472,.T.);
#2499=CARTESIAN_POINT('',(-56.236069460826805,1.706559144400032,0.0));
#2500=DIRECTION('',(-0.982727274893353,-0.185059728684241,0.0));
#2501=DIRECTION('',(0.0,0.0,1.0));
#2502=AXIS2_PLACEMENT_3D('',#2499,#2500,#2501);
#2503=PLANE('',#2502);
#2504=CARTESIAN_POINT('',(-56.300952642162478,2.051109914217784,66.0));
#2505=VERTEX_POINT('',#2504);
#2506=CARTESIAN_POINT('',(-56.236069460826805,1.706559144400032,66.0));
#2507=DIRECTION('',(-0.185059728684236,0.982727274893354,0.0));
#2508=VECTOR('',#2507,0.350606703019557);
#2509=LINE('',#2506,#2508);
#2510=EDGE_CURVE('',#2474,#2505,#2509,.T.);
#2511=ORIENTED_EDGE('',*,*,#2510,.T.);
#2512=CARTESIAN_POINT('',(-56.300952642162478,2.051109914217784,0.0));
#2513=VERTEX_POINT('',#2512);
#2514=CARTESIAN_POINT('',(-56.300952642162478,2.051109914217784,0.0));
#2515=DIRECTION('',(0.0,0.0,1.0));
#2516=VECTOR('',#2515,66.0);
#2517=LINE('',#2514,#2516);
#2518=EDGE_CURVE('',#2513,#2505,#2517,.T.);
#2519=ORIENTED_EDGE('',*,*,#2518,.F.);
#2520=CARTESIAN_POINT('',(-56.300952642162478,2.051109914217784,0.0));
#2521=DIRECTION('',(0.185059728684236,-0.982727274893354,0.0));
#2522=VECTOR('',#2521,0.350606703019557);
#2523=LINE('',#2520,#2522);
#2524=EDGE_CURVE('',#2513,#2482,#2523,.T.);
#2525=ORIENTED_EDGE('',*,*,#2524,.T.);
#2526=ORIENTED_EDGE('',*,*,#2487,.T.);
#2527=EDGE_LOOP('',(#2511,#2519,#2525,#2526));
#2528=FACE_OUTER_BOUND('',#2527,.T.);
#2529=ADVANCED_FACE('',(#2528),#2503,.T.);
#2530=CARTESIAN_POINT('',(-44.262692877262914,-6.471964755923282,0.0));
#2531=DIRECTION('',(0.0,0.0,1.0));
#2532=DIRECTION('',(0.0,1.0,0.0));
#2533=AXIS2_PLACEMENT_3D('',#2530,#2531,#2532);
#2534=CYLINDRICAL_SURFACE('',#2533,14.75);
#2535=CARTESIAN_POINT('',(-44.262692877262914,8.278035244081067,66.0));
#2536=VERTEX_POINT('',#2535);
#2537=CARTESIAN_POINT('',(-44.262692877262914,-6.471964755923282,66.0));
#2538=DIRECTION('',(0.0,0.0,-1.0));
#2539=DIRECTION('',(0.0,1.0,0.0));
#2540=AXIS2_PLACEMENT_3D('',#2537,#2538,#2539);
#2541=CIRCLE('',#2540,14.75);
#2542=EDGE_CURVE('',#2505,#2536,#2541,.T.);
#2543=ORIENTED_EDGE('',*,*,#2542,.T.);
#2544=CARTESIAN_POINT('',(-44.262692877262914,8.278035244081067,0.0));
#2545=VERTEX_POINT('',#2544);
#2546=CARTESIAN_POINT('',(-44.262692877262914,8.278035244081067,0.0));
#2547=DIRECTION('',(0.0,0.0,1.0));
#2548=VECTOR('',#2547,66.0);
#2549=LINE('',#2546,#2548);
#2550=EDGE_CURVE('',#2545,#2536,#2549,.T.);
#2551=ORIENTED_EDGE('',*,*,#2550,.F.);
#2552=CARTESIAN_POINT('',(-44.262692877262914,-6.471964755923282,0.0));
#2553=DIRECTION('',(0.0,0.0,1.0));
#2554=DIRECTION('',(0.0,1.0,0.0));
#2555=AXIS2_PLACEMENT_3D('',#2552,#2553,#2554);
#2556=CIRCLE('',#2555,14.75);
#2557=EDGE_CURVE('',#2545,#2513,#2556,.T.);
#2558=ORIENTED_EDGE('',*,*,#2557,.T.);
#2559=ORIENTED_EDGE('',*,*,#2518,.T.);
#2560=EDGE_LOOP('',(#2543,#2551,#2558,#2559));
#2561=FACE_OUTER_BOUND('',#2560,.T.);
#2562=ADVANCED_FACE('',(#2561),#2534,.T.);
#2563=CARTESIAN_POINT('',(-44.262692877262914,8.278035244081067,0.0));
#2564=DIRECTION('',(0.0,1.0,0.0));
#2565=DIRECTION('',(0.0,0.0,1.0));
#2566=AXIS2_PLACEMENT_3D('',#2563,#2564,#2565);
#2567=PLANE('',#2566);
#2568=CARTESIAN_POINT('',(-44.262692877262907,8.278035244081067,66.0));
#2569=DIRECTION('',(1.0,0.0,0.0));
#2570=VECTOR('',#2569,79.999999999999659);
#2571=LINE('',#2568,#2570);
#2572=EDGE_CURVE('',#2536,#113,#2571,.T.);
#2573=ORIENTED_EDGE('',*,*,#2572,.T.);
#2574=ORIENTED_EDGE('',*,*,#144,.F.);
#2575=CARTESIAN_POINT('',(35.737307122736752,8.278035244081067,0.0));
#2576=DIRECTION('',(-1.0,0.0,0.0));
#2577=VECTOR('',#2576,79.999999999999659);
#2578=LINE('',#2575,#2577);
#2579=EDGE_CURVE('',#132,#2545,#2578,.T.);
#2580=ORIENTED_EDGE('',*,*,#2579,.T.);
#2581=ORIENTED_EDGE('',*,*,#2550,.T.);
#2582=EDGE_LOOP('',(#2573,#2574,#2580,#2581));
#2583=FACE_OUTER_BOUND('',#2582,.T.);
#2584=ADVANCED_FACE('',(#2583),#2567,.T.);
#2585=CARTESIAN_POINT('',(-3.989685158023407,3.77375402567824,0.0));
#2586=DIRECTION('',(0.0,0.0,1.0));
#2587=DIRECTION('',(1.0,0.0,0.0));
#2588=AXIS2_PLACEMENT_3D('',#2585,#2586,#2587);
#2589=PLANE('',#2588);
#2590=ORIENTED_EDGE('',*,*,#2579,.F.);
#2591=ORIENTED_EDGE('',*,*,#138,.F.);
#2592=ORIENTED_EDGE('',*,*,#174,.F.);
#2593=ORIENTED_EDGE('',*,*,#205,.F.);
#2594=ORIENTED_EDGE('',*,*,#238,.F.);
#2595=ORIENTED_EDGE('',*,*,#269,.F.);
#2596=ORIENTED_EDGE('',*,*,#300,.F.);
#2597=ORIENTED_EDGE('',*,*,#331,.F.);
#2598=ORIENTED_EDGE('',*,*,#362,.F.);
#2599=ORIENTED_EDGE('',*,*,#393,.F.);
#2600=ORIENTED_EDGE('',*,*,#426,.F.);
#2601=ORIENTED_EDGE('',*,*,#457,.F.);
#2602=ORIENTED_EDGE('',*,*,#488,.F.);
#2603=ORIENTED_EDGE('',*,*,#521,.F.);
#2604=ORIENTED_EDGE('',*,*,#552,.F.);
#2605=ORIENTED_EDGE('',*,*,#583,.F.);
#2606=ORIENTED_EDGE('',*,*,#616,.F.);
#2607=ORIENTED_EDGE('',*,*,#649,.F.);
#2608=ORIENTED_EDGE('',*,*,#682,.F.);
#2609=ORIENTED_EDGE('',*,*,#715,.F.);
#2610=ORIENTED_EDGE('',*,*,#748,.F.);
#2611=ORIENTED_EDGE('',*,*,#779,.F.);
#2612=ORIENTED_EDGE('',*,*,#812,.F.);
#2613=ORIENTED_EDGE('',*,*,#843,.F.);
#2614=ORIENTED_EDGE('',*,*,#876,.F.);
#2615=ORIENTED_EDGE('',*,*,#907,.F.);
#2616=ORIENTED_EDGE('',*,*,#938,.F.);
#2617=ORIENTED_EDGE('',*,*,#971,.F.);
#2618=ORIENTED_EDGE('',*,*,#1002,.F.);
#2619=ORIENTED_EDGE('',*,*,#1033,.F.);
#2620=ORIENTED_EDGE('',*,*,#1066,.F.);
#2621=ORIENTED_EDGE('',*,*,#1097,.F.);
#2622=ORIENTED_EDGE('',*,*,#1130,.F.);
#2623=ORIENTED_EDGE('',*,*,#1161,.F.);
#2624=ORIENTED_EDGE('',*,*,#1192,.F.);
#2625=ORIENTED_EDGE('',*,*,#1223,.F.);
#2626=ORIENTED_EDGE('',*,*,#1254,.F.);
#2627=ORIENTED_EDGE('',*,*,#1287,.F.);
#2628=ORIENTED_EDGE('',*,*,#1318,.F.);
#2629=ORIENTED_EDGE('',*,*,#1351,.F.);
#2630=ORIENTED_EDGE('',*,*,#1382,.F.);
#2631=ORIENTED_EDGE('',*,*,#1413,.F.);
#2632=ORIENTED_EDGE('',*,*,#1444,.F.);
#2633=ORIENTED_EDGE('',*,*,#1475,.F.);
#2634=ORIENTED_EDGE('',*,*,#1506,.F.);
#2635=ORIENTED_EDGE('',*,*,#1537,.F.);
#2636=ORIENTED_EDGE('',*,*,#1568,.F.);
#2637=ORIENTED_EDGE('',*,*,#1601,.F.);
#2638=ORIENTED_EDGE('',*,*,#1632,.F.);
#2639=ORIENTED_EDGE('',*,*,#1663,.F.);
#2640=ORIENTED_EDGE('',*,*,#1696,.F.);
#2641=ORIENTED_EDGE('',*,*,#1729,.F.);
#2642=ORIENTED_EDGE('',*,*,#1762,.F.);
#2643=ORIENTED_EDGE('',*,*,#1793,.F.);
#2644=ORIENTED_EDGE('',*,*,#1826,.F.);
#2645=ORIENTED_EDGE('',*,*,#1857,.F.);
#2646=ORIENTED_EDGE('',*,*,#1890,.F.);
#2647=ORIENTED_EDGE('',*,*,#1923,.F.);
#2648=ORIENTED_EDGE('',*,*,#1956,.F.);
#2649=ORIENTED_EDGE('',*,*,#1987,.F.);
#2650=ORIENTED_EDGE('',*,*,#2020,.F.);
#2651=ORIENTED_EDGE('',*,*,#2051,.F.);
#2652=ORIENTED_EDGE('',*,*,#2084,.F.);
#2653=ORIENTED_EDGE('',*,*,#2115,.F.);
#2654=ORIENTED_EDGE('',*,*,#2146,.F.);
#2655=ORIENTED_EDGE('',*,*,#2179,.F.);
#2656=ORIENTED_EDGE('',*,*,#2210,.F.);
#2657=ORIENTED_EDGE('',*,*,#2241,.F.);
#2658=ORIENTED_EDGE('',*,*,#2272,.F.);
#2659=ORIENTED_EDGE('',*,*,#2303,.F.);
#2660=ORIENTED_EDGE('',*,*,#2334,.F.);
#2661=ORIENTED_EDGE('',*,*,#2367,.F.);
#2662=ORIENTED_EDGE('',*,*,#2398,.F.);
#2663=ORIENTED_EDGE('',*,*,#2429,.F.);
#2664=ORIENTED_EDGE('',*,*,#2462,.F.);
#2665=ORIENTED_EDGE('',*,*,#2493,.F.);
#2666=ORIENTED_EDGE('',*,*,#2524,.F.);
#2667=ORIENTED_EDGE('',*,*,#2557,.F.);
#2668=EDGE_LOOP('',(#2590,#2591,#2592,#2593,#2594,#2595,#2596,#2597,#2598,#2599,#2600,#2601,#2602,#2603,#2604,#2605,#2606,#2607,#2608,#2609,#2610,#2611,#2612,#2613,#2614,#2615,#2616,#2617,#2618,#2619,#2620,#2621,#2622,#2623,#2624,#2625,#2626,#2627,#2628,#2629,#2630,#2631,#2632,#2633,#2634,#2635,#2636,#2637,#2638,#2639,#2640,#2641,#2642,#2643,#2644,#2645,#2646,#2647,#2648,#2649,#2650,#2651,#2652,#2653,#2654,#2655,#2656,#2657,#2658,#2659,#2660,#2661,#2662,#2663,#2664,#2665,#2666,#2667));
#2669=FACE_OUTER_BOUND('',#2668,.T.);
#2670=ADVANCED_FACE('',(#2669),#2589,.F.);
#2671=CARTESIAN_POINT('',(-3.989685158023406,3.773754025678246,66.0));
#2672=DIRECTION('',(0.0,0.0,1.0));
#2673=DIRECTION('',(1.0,0.0,0.0));
#2674=AXIS2_PLACEMENT_3D('',#2671,#2672,#2673);
#2675=PLANE('',#2674);
#2676=ORIENTED_EDGE('',*,*,#121,.F.);
#2677=ORIENTED_EDGE('',*,*,#2572,.F.);
#2678=ORIENTED_EDGE('',*,*,#2542,.F.);
#2679=ORIENTED_EDGE('',*,*,#2510,.F.);
#2680=ORIENTED_EDGE('',*,*,#2479,.F.);
#2681=ORIENTED_EDGE('',*,*,#2447,.F.);
#2682=ORIENTED_EDGE('',*,*,#2415,.F.);
#2683=ORIENTED_EDGE('',*,*,#2384,.F.);
#2684=ORIENTED_EDGE('',*,*,#2352,.F.);
#2685=ORIENTED_EDGE('',*,*,#2320,.F.);
#2686=ORIENTED_EDGE('',*,*,#2289,.F.);
#2687=ORIENTED_EDGE('',*,*,#2258,.F.);
#2688=ORIENTED_EDGE('',*,*,#2227,.F.);
#2689=ORIENTED_EDGE('',*,*,#2196,.F.);
#2690=ORIENTED_EDGE('',*,*,#2164,.F.);
#2691=ORIENTED_EDGE('',*,*,#2132,.F.);
#2692=ORIENTED_EDGE('',*,*,#2101,.F.);
#2693=ORIENTED_EDGE('',*,*,#2069,.F.);
#2694=ORIENTED_EDGE('',*,*,#2037,.F.);
#2695=ORIENTED_EDGE('',*,*,#2005,.F.);
#2696=ORIENTED_EDGE('',*,*,#1973,.F.);
#2697=ORIENTED_EDGE('',*,*,#1941,.F.);
#2698=ORIENTED_EDGE('',*,*,#1908,.F.);
#2699=ORIENTED_EDGE('',*,*,#1875,.F.);
#2700=ORIENTED_EDGE('',*,*,#1843,.F.);
#2701=ORIENTED_EDGE('',*,*,#1811,.F.);
#2702=ORIENTED_EDGE('',*,*,#1779,.F.);
#2703=ORIENTED_EDGE('',*,*,#1747,.F.);
#2704=ORIENTED_EDGE('',*,*,#1714,.F.);
#2705=ORIENTED_EDGE('',*,*,#1681,.F.);
#2706=ORIENTED_EDGE('',*,*,#1649,.F.);
#2707=ORIENTED_EDGE('',*,*,#1618,.F.);
#2708=ORIENTED_EDGE('',*,*,#1586,.F.);
#2709=ORIENTED_EDGE('',*,*,#1554,.F.);
#2710=ORIENTED_EDGE('',*,*,#1523,.F.);
#2711=ORIENTED_EDGE('',*,*,#1492,.F.);
#2712=ORIENTED_EDGE('',*,*,#1461,.F.);
#2713=ORIENTED_EDGE('',*,*,#1430,.F.);
#2714=ORIENTED_EDGE('',*,*,#1399,.F.);
#2715=ORIENTED_EDGE('',*,*,#1368,.F.);
#2716=ORIENTED_EDGE('',*,*,#1336,.F.);
#2717=ORIENTED_EDGE('',*,*,#1304,.F.);
#2718=ORIENTED_EDGE('',*,*,#1272,.F.);
#2719=ORIENTED_EDGE('',*,*,#1240,.F.);
#2720=ORIENTED_EDGE('',*,*,#1209,.F.);
#2721=ORIENTED_EDGE('',*,*,#1178,.F.);
#2722=ORIENTED_EDGE('',*,*,#1147,.F.);
#2723=ORIENTED_EDGE('',*,*,#1115,.F.);
#2724=ORIENTED_EDGE('',*,*,#1083,.F.);
#2725=ORIENTED_EDGE('',*,*,#1051,.F.);
#2726=ORIENTED_EDGE('',*,*,#1019,.F.);
#2727=ORIENTED_EDGE('',*,*,#988,.F.);
#2728=ORIENTED_EDGE('',*,*,#956,.F.);
#2729=ORIENTED_EDGE('',*,*,#924,.F.);
#2730=ORIENTED_EDGE('',*,*,#893,.F.);
#2731=ORIENTED_EDGE('',*,*,#861,.F.);
#2732=ORIENTED_EDGE('',*,*,#829,.F.);
#2733=ORIENTED_EDGE('',*,*,#797,.F.);
#2734=ORIENTED_EDGE('',*,*,#765,.F.);
#2735=ORIENTED_EDGE('',*,*,#733,.F.);
#2736=ORIENTED_EDGE('',*,*,#700,.F.);
#2737=ORIENTED_EDGE('',*,*,#667,.F.);
#2738=ORIENTED_EDGE('',*,*,#634,.F.);
#2739=ORIENTED_EDGE('',*,*,#601,.F.);
#2740=ORIENTED_EDGE('',*,*,#569,.F.);
#2741=ORIENTED_EDGE('',*,*,#538,.F.);
#2742=ORIENTED_EDGE('',*,*,#506,.F.);
#2743=ORIENTED_EDGE('',*,*,#474,.F.);
#2744=ORIENTED_EDGE('',*,*,#443,.F.);
#2745=ORIENTED_EDGE('',*,*,#411,.F.);
#2746=ORIENTED_EDGE('',*,*,#379,.F.);
#2747=ORIENTED_EDGE('',*,*,#348,.F.);
#2748=ORIENTED_EDGE('',*,*,#317,.F.);
#2749=ORIENTED_EDGE('',*,*,#286,.F.);
#2750=ORIENTED_EDGE('',*,*,#255,.F.);
#2751=ORIENTED_EDGE('',*,*,#223,.F.);
#2752=ORIENTED_EDGE('',*,*,#191,.F.);
#2753=ORIENTED_EDGE('',*,*,#160,.F.);
#2754=EDGE_LOOP('',(#2676,#2677,#2678,#2679,#2680,#2681,#2682,#2683,#2684,#2685,#2686,#2687,#2688,#2689,#2690,#2691,#2692,#2693,#2694,#2695,#2696,#2697,#2698,#2699,#2700,#2701,#2702,#2703,#2704,#2705,#2706,#2707,#2708,#2709,#2710,#2711,#2712,#2713,#2714,#2715,#2716,#2717,#2718,#2719,#2720,#2721,#2722,#2723,#2724,#2725,#2726,#2727,#2728,#2729,#2730,#2731,#2732,#2733,#2734,#2735,#2736,#2737,#2738,#2739,#2740,#2741,#2742,#2743,#2744,#2745,#2746,#2747,#2748,#2749,#2750,#2751,#2752,#2753));
#2755=FACE_OUTER_BOUND('',#2754,.T.);
#2756=ADVANCED_FACE('',(#2755),#2675,.T.);
#2757=CLOSED_SHELL('',(#148,#179,#210,#243,#274,#305,#336,#367,#398,#431,#462,#493,#526,#557,#588,#621,#654,#687,#720,#753,#784,#817,#848,#881,#912,#943,#976,#1007,#1038,#1071,#1102,#1135,#1166,#1197,#1228,#1259,#1292,#1323,#1356,#1387,#1418,#1449,#1480,#1511,#1542,#1573,#1606,#1637,#1668,#1701,#1734,#1767,#1798,#1831,#1862,#1895,#1928,#1961,#1992,#2025,#2056,#2089,#2120,#2151,#2184,#2215,#2246,#2277,#2308,#2339,#2372,#2403,#2434,#2467,#2498,#2529,#2562,#2584,#2670,#2756));
#2758=MANIFOLD_SOLID_BREP('\X2\30BD30EA30C330C9\X0\1',#2757);
#2759=COLOUR_RGB('',0.847059011459351,0.839215993881226,0.839215993881226);
#2760=FILL_AREA_STYLE_COLOUR('',#2759);
#2761=FILL_AREA_STYLE('',(#2760));
#2762=SURFACE_STYLE_FILL_AREA(#2761);
#2763=SURFACE_SIDE_STYLE('',(#2762));
#2764=SURFACE_STYLE_USAGE(.BOTH.,#2763);
#2765=PRESENTATION_STYLE_ASSIGNMENT((#2764));
#2766=STYLED_ITEM('',(#2765),#148);
#2767=STYLED_ITEM('',(#2765),#179);
#2768=STYLED_ITEM('',(#2765),#210);
#2769=STYLED_ITEM('',(#2765),#243);
#2770=STYLED_ITEM('',(#2765),#274);
#2771=STYLED_ITEM('',(#2765),#305);
#2772=STYLED_ITEM('',(#2765),#336);
#2773=STYLED_ITEM('',(#2765),#367);
#2774=STYLED_ITEM('',(#2765),#398);
#2775=STYLED_ITEM('',(#2765),#431);
#2776=STYLED_ITEM('',(#2765),#462);
#2777=STYLED_ITEM('',(#2765),#493);
#2778=STYLED_ITEM('',(#2765),#526);
#2779=STYLED_ITEM('',(#2765),#557);
#2780=STYLED_ITEM('',(#2765),#588);
#2781=STYLED_ITEM('',(#2765),#621);
#2782=STYLED_ITEM('',(#2765),#654);
#2783=STYLED_ITEM('',(#2765),#687);
#2784=STYLED_ITEM('',(#2765),#720);
#2785=STYLED_ITEM('',(#2765),#753);
#2786=STYLED_ITEM('',(#2765),#784);
#2787=STYLED_ITEM('',(#2765),#817);
#2788=STYLED_ITEM('',(#2765),#848);
#2789=STYLED_ITEM('',(#2765),#881);
#2790=STYLED_ITEM('',(#2765),#912);
#2791=STYLED_ITEM('',(#2765),#943);
#2792=STYLED_ITEM('',(#2765),#976);
#2793=STYLED_ITEM('',(#2765),#1007);
#2794=STYLED_ITEM('',(#2765),#1038);
#2795=STYLED_ITEM('',(#2765),#1071);
#2796=STYLED_ITEM('',(#2765),#1102);
#2797=STYLED_ITEM('',(#2765),#1135);
#2798=STYLED_ITEM('',(#2765),#1166);
#2799=STYLED_ITEM('',(#2765),#1197);
#2800=STYLED_ITEM('',(#2765),#1228);
#2801=STYLED_ITEM('',(#2765),#1259);
#2802=STYLED_ITEM('',(#2765),#1292);
#2803=STYLED_ITEM('',(#2765),#1323);
#2804=STYLED_ITEM('',(#2765),#1356);
#2805=STYLED_ITEM('',(#2765),#1387);
#2806=STYLED_ITEM('',(#2765),#1418);
#2807=STYLED_ITEM('',(#2765),#1449);
#2808=STYLED_ITEM('',(#2765),#1480);
#2809=STYLED_ITEM('',(#2765),#1511);
#2810=STYLED_ITEM('',(#2765),#1542);
#2811=STYLED_ITEM('',(#2765),#1573);
#2812=STYLED_ITEM('',(#2765),#1606);
#2813=STYLED_ITEM('',(#2765),#1637);
#2814=STYLED_ITEM('',(#2765),#1668);
#2815=STYLED_ITEM('',(#2765),#1701);
#2816=STYLED_ITEM('',(#2765),#1734);
#2817=STYLED_ITEM('',(#2765),#1767);
#2818=STYLED_ITEM('',(#2765),#1798);
#2819=STYLED_ITEM('',(#2765),#1831);
#2820=STYLED_ITEM('',(#2765),#1862);
#2821=STYLED_ITEM('',(#2765),#1895);
#2822=STYLED_ITEM('',(#2765),#1928);
#2823=STYLED_ITEM('',(#2765),#1961);
#2824=STYLED_ITEM('',(#2765),#1992);
#2825=STYLED_ITEM('',(#2765),#2025);
#2826=STYLED_ITEM('',(#2765),#2056);
#2827=STYLED_ITEM('',(#2765),#2089);
#2828=STYLED_ITEM('',(#2765),#2120);
#2829=STYLED_ITEM('',(#2765),#2151);
#2830=STYLED_ITEM('',(#2765),#2184);
#2831=STYLED_ITEM('',(#2765),#2215);
#2832=STYLED_ITEM('',(#2765),#2246);
#2833=STYLED_ITEM('',(#2765),#2277);
#2834=STYLED_ITEM('',(#2765),#2308);
#2835=STYLED_ITEM('',(#2765),#2339);
#2836=STYLED_ITEM('',(#2765),#2372);
#2837=STYLED_ITEM('',(#2765),#2403);
#2838=STYLED_ITEM('',(#2765),#2434);
#2839=STYLED_ITEM('',(#2765),#2467);
#2840=STYLED_ITEM('',(#2765),#2498);
#2841=STYLED_ITEM('',(#2765),#2529);
#2842=STYLED_ITEM('',(#2765),#2562);
#2843=STYLED_ITEM('',(#2765),#2584);
#2844=STYLED_ITEM('',(#2765),#2670);
#2845=STYLED_ITEM('',(#2765),#2756);
#2846=MECHANICAL_DESIGN_GEOMETRIC_PRESENTATION_REPRESENTATION('',(#2766,#2767,#2768,#2769,#2770,#2771,#2772,#2773,#2774,#2775,#2776,#2777,#2778,#2779,#2780,#2781,#2782,#2783,#2784,#2785,#2786,#2787,#2788,#2789,#2790,#2791,#2792,#2793,#2794,#2795,#2796,#2797,#2798,#2799,#2800,#2801,#2802,#2803,#2804,#2805,#2806,#2807,#2808,#2809,#2810,#2811,#2812,#2813,#2814,#2815,#2816,#2817,#2818,#2819,#2820,#2821,#2822,#2823,#2824,#2825,#2826,#2827,#2828,#2829,#2830,#2831,#2832,#2833,#2834,#2835,#2836,#2837,#2838,#2839,#2840,#2841,#2842,#2843,#2844,#2845,#2854,#3361,#4483),#106);
#2847=COLOUR_RGB('Metal-AL-6061 (Flat)',0.847059011459351,0.839215993881226,0.839215993881226);
#2848=FILL_AREA_STYLE_COLOUR('Metal-AL-6061 (Flat)',#2847);
#2849=FILL_AREA_STYLE('Metal-AL-6061 (Flat)',(#2848));
#2850=SURFACE_STYLE_FILL_AREA(#2849);
#2851=SURFACE_SIDE_STYLE('Metal-AL-6061 (Flat)',(#2850));
#2852=SURFACE_STYLE_USAGE(.BOTH.,#2851);
#2853=PRESENTATION_STYLE_ASSIGNMENT((#2852));
#2854=STYLED_ITEM('',(#2853),#2758);
#2855=ADVANCED_BREP_SHAPE_REPRESENTATION('ABSR',(#2758),#75);
#2856=SHAPE_REPRESENTATION_RELATIONSHIP('SRR','None',#2855,#80);
#2857=AXIS2_PLACEMENT_3D('',#2858,#2859,#2860);
#2858=CARTESIAN_POINT('',(0.0,0.0,0.0));
#2859=DIRECTION('',(0.0,0.0,1.0));
#2860=DIRECTION('',(1.0,0.0,0.0));
#2861=NEXT_ASSEMBLY_USAGE_OCCURRENCE('MX3-11-8\X2\672C4F5330D530EC30FC30E0\X0\:1','MX3-11-8\X2\672C4F5330D530EC30FC30E0\X0\:1','MX3-11-8\X2\672C4F5330D530EC30FC30E0\X0\:1',#12,#51,'MX3-11-8\X2\672C4F5330D530EC30FC30E0\X0\:1');
#2862=PRODUCT_DEFINITION_SHAPE('MX3-11-8\X2\672C4F5330D530EC30FC30E0\X0\:1','MX3-11-8\X2\672C4F5330D530EC30FC30E0\X0\:1',#2861);
#2863=ITEM_DEFINED_TRANSFORMATION('MX3-11-8\X2\672C4F5330D530EC30FC30E0\X0\:1','MX3-11-8\X2\672C4F5330D530EC30FC30E0\X0\:1',#76,#2857);
#2867=(REPRESENTATION_RELATIONSHIP('MX3-11-8\X2\672C4F5330D530EC30FC30E0\X0\:1','MX3-11-8\X2\672C4F5330D530EC30FC30E0\X0\:1',#80,#41)REPRESENTATION_RELATIONSHIP_WITH_TRANSFORMATION(#2863)SHAPE_REPRESENTATION_RELATIONSHIP());
#2868=CONTEXT_DEPENDENT_SHAPE_REPRESENTATION(#2867,#2862);
#2869=AXIS2_PLACEMENT_3D('',#2870,#2871,#2872);
#2870=CARTESIAN_POINT('',(-8.525385754526278,-12.943929511846545,-4.440892E-015));
#2871=DIRECTION('',(0.0,0.0,1.0));
#2872=DIRECTION('',(-1.000000000000001,-4.543839E-028,0.0));
#2873=NEXT_ASSEMBLY_USAGE_OCCURRENCE('MX3-11-8\X2\672C4F5330D530EC30FC30E0\X0\:2','MX3-11-8\X2\672C4F5330D530EC30FC30E0\X0\:2','MX3-11-8\X2\672C4F5330D530EC30FC30E0\X0\:2',#12,#51,'MX3-11-8\X2\672C4F5330D530EC30FC30E0\X0\:2');
#2874=PRODUCT_DEFINITION_SHAPE('MX3-11-8\X2\672C4F5330D530EC30FC30E0\X0\:2','MX3-11-8\X2\672C4F5330D530EC30FC30E0\X0\:2',#2873);
#2875=ITEM_DEFINED_TRANSFORMATION('MX3-11-8\X2\672C4F5330D530EC30FC30E0\X0\:2','MX3-11-8\X2\672C4F5330D530EC30FC30E0\X0\:2',#76,#2869);
#2879=(REPRESENTATION_RELATIONSHIP('MX3-11-8\X2\672C4F5330D530EC30FC30E0\X0\:2','MX3-11-8\X2\672C4F5330D530EC30FC30E0\X0\:2',#80,#41)REPRESENTATION_RELATIONSHIP_WITH_TRANSFORMATION(#2875)SHAPE_REPRESENTATION_RELATIONSHIP());
#2880=CONTEXT_DEPENDENT_SHAPE_REPRESENTATION(#2879,#2874);
#2881=APPLICATION_CONTEXT('automotive design');
#2882=APPLICATION_PROTOCOL_DEFINITION('International Standard','automotive_design',2001,#2881);
#2883=PRODUCT_CONTEXT('',#2881,'mechanical');
#2884=PRODUCT('\X2\FF2DFF38FF2130D130CD30EB\X0\3-11','\X2\FF2DFF38FF2130D130CD30EB\X0\3-11',$,(#2883));
#2885=PRODUCT_RELATED_PRODUCT_CATEGORY('part',$,(#2884));
#2886=PRODUCT_DEFINITION_FORMATION('',$,#2884);
#2887=PRODUCT_DEFINITION_CONTEXT('part definition',#2881,'design');
#2888=PRODUCT_DEFINITION('',$,#2886,#2887);
#2894=(NAMED_UNIT(*)PLANE_ANGLE_UNIT()SI_UNIT($,.RADIAN.));
#2895=DIMENSIONAL_EXPONENTS(0.0,0.0,0.0,0.0,0.0,0.0,0.0);
#2896=PLANE_ANGLE_MEASURE_WITH_UNIT(PLANE_ANGLE_MEASURE(0.0174532925),#2894);
#2900=(CONVERSION_BASED_UNIT('DEGREE',#2896)NAMED_UNIT(#2895)PLANE_ANGLE_UNIT());
#2904=(NAMED_UNIT(*)SI_UNIT($,.STERADIAN.)SOLID_ANGLE_UNIT());
#2908=(LENGTH_UNIT()NAMED_UNIT(*)SI_UNIT(.MILLI.,.METRE.));
#2910=UNCERTAINTY_MEASURE_WITH_UNIT(LENGTH_MEASURE(0.01),#2908,'DISTANCE_ACCURACY_VALUE','');
#2912=(GEOMETRIC_REPRESENTATION_CONTEXT(3)GLOBAL_UNCERTAINTY_ASSIGNED_CONTEXT((#2910))GLOBAL_UNIT_ASSIGNED_CONTEXT((#2900,#2904,#2908))REPRESENTATION_CONTEXT('None','None'));
#2913=AXIS2_PLACEMENT_3D('',#2914,#2915,#2916);
#2914=CARTESIAN_POINT('',(0.0,0.0,0.0));
#2915=DIRECTION('',(0.0,0.0,1.0));
#2916=DIRECTION('',(1.0,0.0,0.0));
#2917=SHAPE_REPRESENTATION('',(#2913),#2912);
#2918=PRODUCT_DEFINITION_SHAPE('','',#2888);
#2919=SHAPE_DEFINITION_REPRESENTATION(#2918,#2917);
#2925=(NAMED_UNIT(*)PLANE_ANGLE_UNIT()SI_UNIT($,.RADIAN.));
#2926=DIMENSIONAL_EXPONENTS(0.0,0.0,0.0,0.0,0.0,0.0,0.0);
#2927=PLANE_ANGLE_MEASURE_WITH_UNIT(PLANE_ANGLE_MEASURE(0.0174532925),#2925);
#2931=(CONVERSION_BASED_UNIT('DEGREE',#2927)NAMED_UNIT(#2926)PLANE_ANGLE_UNIT());
#2935=(NAMED_UNIT(*)SI_UNIT($,.STERADIAN.)SOLID_ANGLE_UNIT());
#2939=(LENGTH_UNIT()NAMED_UNIT(*)SI_UNIT(.MILLI.,.METRE.));
#2941=UNCERTAINTY_MEASURE_WITH_UNIT(LENGTH_MEASURE(0.000001),#2939,'DISTANCE_ACCURACY_VALUE','');
#2943=(GEOMETRIC_REPRESENTATION_CONTEXT(3)GLOBAL_UNCERTAINTY_ASSIGNED_CONTEXT((#2941))GLOBAL_UNIT_ASSIGNED_CONTEXT((#2931,#2935,#2939))REPRESENTATION_CONTEXT('','3D'));
#2944=CARTESIAN_POINT('',(49.800000000000004,0.0,1.250000000000005));
#2945=DIRECTION('',(0.0,0.0,-1.0));
#2946=DIRECTION('',(1.0,0.0,0.0));
#2947=AXIS2_PLACEMENT_3D('',#2944,#2945,#2946);
#2948=CONICAL_SURFACE('',#2947,2.400000000000002,44.999999999999872);
#2949=CARTESIAN_POINT('',(48.150000000000006,-2.020667E-016,2.000000000000011));
#2950=VERTEX_POINT('',#2949);
#2951=CARTESIAN_POINT('',(49.800000000000004,0.0,2.000000000000011));
#2952=DIRECTION('',(0.0,0.0,1.0));
#2953=DIRECTION('',(1.0,0.0,0.0));
#2954=AXIS2_PLACEMENT_3D('',#2951,#2952,#2953);
#2955=CIRCLE('',#2954,1.65);
#2956=EDGE_CURVE('',#2950,#2950,#2955,.T.);
#2957=ORIENTED_EDGE('',*,*,#2956,.T.);
#2958=EDGE_LOOP('',(#2957));
#2959=FACE_OUTER_BOUND('',#2958,.T.);
#2960=CARTESIAN_POINT('',(46.649999999999999,-3.857637E-016,0.5));
#2961=VERTEX_POINT('',#2960);
#2962=CARTESIAN_POINT('',(49.800000000000004,0.0,0.5));
#2963=DIRECTION('',(0.0,0.0,1.0));
#2964=DIRECTION('',(1.0,0.0,0.0));
#2965=AXIS2_PLACEMENT_3D('',#2962,#2963,#2964);
#2966=CIRCLE('',#2965,3.15);
#2967=EDGE_CURVE('',#2961,#2961,#2966,.T.);
#2968=ORIENTED_EDGE('',*,*,#2967,.F.);
#2969=EDGE_LOOP('',(#2968));
#2970=FACE_BOUND('',#2969,.T.);
#2971=ADVANCED_FACE('',(#2959,#2970),#2948,.F.);
#2972=CARTESIAN_POINT('',(49.800000000000004,0.0,114.05700329221349));
#2973=DIRECTION('',(0.0,0.0,1.0));
#2974=DIRECTION('',(1.0,0.0,0.0));
#2975=AXIS2_PLACEMENT_3D('',#2972,#2973,#2974);
#2976=CYLINDRICAL_SURFACE('',#2975,1.65);
#2977=CARTESIAN_POINT('',(48.150000000000006,2.020667E-016,3.000000000000007));
#2978=VERTEX_POINT('',#2977);
#2979=CARTESIAN_POINT('',(49.800000000000004,0.0,3.000000000000007));
#2980=DIRECTION('',(0.0,0.0,-1.0));
#2981=DIRECTION('',(1.0,0.0,0.0));
#2982=AXIS2_PLACEMENT_3D('',#2979,#2980,#2981);
#2983=CIRCLE('',#2982,1.65);
#2984=EDGE_CURVE('',#2978,#2978,#2983,.T.);
#2985=ORIENTED_EDGE('',*,*,#2984,.F.);
#2986=EDGE_LOOP('',(#2985));
#2987=FACE_OUTER_BOUND('',#2986,.T.);
#2988=ORIENTED_EDGE('',*,*,#2956,.F.);
#2989=EDGE_LOOP('',(#2988));
#2990=FACE_BOUND('',#2989,.T.);
#2991=ADVANCED_FACE('',(#2987,#2990),#2976,.F.);
#2992=CARTESIAN_POINT('',(-49.800000000000004,0.0,1.250000000000005));
#2993=DIRECTION('',(0.0,0.0,-1.0));
#2994=DIRECTION('',(1.0,0.0,0.0));
#2995=AXIS2_PLACEMENT_3D('',#2992,#2993,#2994);
#2996=CONICAL_SURFACE('',#2995,2.400000000000002,44.999999999999872);
#2997=CARTESIAN_POINT('',(-51.450000000000003,-2.020667E-016,2.000000000000011));
#2998=VERTEX_POINT('',#2997);
#2999=CARTESIAN_POINT('',(-49.800000000000004,0.0,2.000000000000011));
#3000=DIRECTION('',(0.0,0.0,1.0));
#3001=DIRECTION('',(1.0,0.0,0.0));
#3002=AXIS2_PLACEMENT_3D('',#2999,#3000,#3001);
#3003=CIRCLE('',#3002,1.65);
#3004=EDGE_CURVE('',#2998,#2998,#3003,.T.);
#3005=ORIENTED_EDGE('',*,*,#3004,.T.);
#3006=EDGE_LOOP('',(#3005));
#3007=FACE_OUTER_BOUND('',#3006,.T.);
#3008=CARTESIAN_POINT('',(-52.95000000000001,-3.857637E-016,0.5));
#3009=VERTEX_POINT('',#3008);
#3010=CARTESIAN_POINT('',(-49.800000000000004,0.0,0.5));
#3011=DIRECTION('',(0.0,0.0,1.0));
#3012=DIRECTION('',(1.0,0.0,0.0));
#3013=AXIS2_PLACEMENT_3D('',#3010,#3011,#3012);
#3014=CIRCLE('',#3013,3.15);
#3015=EDGE_CURVE('',#3009,#3009,#3014,.T.);
#3016=ORIENTED_EDGE('',*,*,#3015,.F.);
#3017=EDGE_LOOP('',(#3016));
#3018=FACE_BOUND('',#3017,.T.);
#3019=ADVANCED_FACE('',(#3007,#3018),#2996,.F.);
#3020=CARTESIAN_POINT('',(-49.800000000000004,0.0,114.05700329221349));
#3021=DIRECTION('',(0.0,0.0,1.0));
#3022=DIRECTION('',(1.0,0.0,0.0));
#3023=AXIS2_PLACEMENT_3D('',#3020,#3021,#3022);
#3024=CYLINDRICAL_SURFACE('',#3023,1.65);
#3025=CARTESIAN_POINT('',(-51.450000000000003,2.020667E-016,3.000000000000007));
#3026=VERTEX_POINT('',#3025);
#3027=CARTESIAN_POINT('',(-49.800000000000004,0.0,3.000000000000007));
#3028=DIRECTION('',(0.0,0.0,-1.0));
#3029=DIRECTION('',(1.0,0.0,0.0));
#3030=AXIS2_PLACEMENT_3D('',#3027,#3028,#3029);
#3031=CIRCLE('',#3030,1.65);
#3032=EDGE_CURVE('',#3026,#3026,#3031,.T.);
#3033=ORIENTED_EDGE('',*,*,#3032,.F.);
#3034=EDGE_LOOP('',(#3033));
#3035=FACE_OUTER_BOUND('',#3034,.T.);
#3036=ORIENTED_EDGE('',*,*,#3004,.F.);
#3037=EDGE_LOOP('',(#3036));
#3038=FACE_BOUND('',#3037,.T.);
#3039=ADVANCED_FACE('',(#3035,#3038),#3024,.F.);
#3040=CARTESIAN_POINT('',(-20.0,14.500000000000002,0.5));
#3041=DIRECTION('',(0.0,0.707106781186547,-0.707106781186548));
#3042=DIRECTION('',(-1.0,0.0,0.0));
#3043=AXIS2_PLACEMENT_3D('',#3040,#3041,#3042);
#3044=PLANE('',#3043);
#3045=CARTESIAN_POINT('',(-40.0,14.000000000000002,0.0));
#3046=VERTEX_POINT('',#3045);
#3047=CARTESIAN_POINT('',(-40.0,15.000000000000002,1.0));
#3048=VERTEX_POINT('',#3047);
#3049=CARTESIAN_POINT('',(-40.0,14.000000000000002,0.0));
#3050=DIRECTION('',(0.0,0.707106781186548,0.707106781186547));
#3051=VECTOR('',#3050,1.414213562373096);
#3052=LINE('',#3049,#3051);
#3053=EDGE_CURVE('',#3046,#3048,#3052,.T.);
#3054=ORIENTED_EDGE('',*,*,#3053,.T.);
#3055=CARTESIAN_POINT('',(40.0,15.000000000000002,1.0));
#3056=VERTEX_POINT('',#3055);
#3057=CARTESIAN_POINT('',(-40.0,15.000000000000002,1.0));
#3058=DIRECTION('',(1.0,0.0,0.0));
#3059=VECTOR('',#3058,80.0);
#3060=LINE('',#3057,#3059);
#3061=EDGE_CURVE('',#3048,#3056,#3060,.T.);
#3062=ORIENTED_EDGE('',*,*,#3061,.T.);
#3063=CARTESIAN_POINT('',(40.0,14.000000000000002,0.0));
#3064=VERTEX_POINT('',#3063);
#3065=CARTESIAN_POINT('',(40.0,15.000000000000002,1.0));
#3066=DIRECTION('',(0.0,-0.707106781186548,-0.707106781186547));
#3067=VECTOR('',#3066,1.414213562373096);
#3068=LINE('',#3065,#3067);
#3069=EDGE_CURVE('',#3056,#3064,#3068,.T.);
#3070=ORIENTED_EDGE('',*,*,#3069,.T.);
#3071=CARTESIAN_POINT('',(40.0,14.000000000000002,0.0));
#3072=DIRECTION('',(-1.0,0.0,0.0));
#3073=VECTOR('',#3072,80.0);
#3074=LINE('',#3071,#3073);
#3075=EDGE_CURVE('',#3064,#3046,#3074,.T.);
#3076=ORIENTED_EDGE('',*,*,#3075,.T.);
#3077=EDGE_LOOP('',(#3054,#3062,#3070,#3076));
#3078=FACE_OUTER_BOUND('',#3077,.T.);
#3079=ADVANCED_FACE('',(#3078),#3044,.T.);
#3080=CARTESIAN_POINT('',(40.0,4.625929E-017,0.5));
#3081=DIRECTION('',(0.0,0.0,1.0));
#3082=DIRECTION('',(0.0,1.0,0.0));
#3083=AXIS2_PLACEMENT_3D('',#3080,#3081,#3082);
#3084=CONICAL_SURFACE('',#3083,14.500000000000002,44.999999999999901);
#3085=CARTESIAN_POINT('',(40.0,-15.0,1.0));
#3086=VERTEX_POINT('',#3085);
#3087=CARTESIAN_POINT('',(40.0,-14.000000000000004,0.0));
#3088=VERTEX_POINT('',#3087);
#3089=CARTESIAN_POINT('',(40.0,-15.0,1.0));
#3090=DIRECTION('',(0.0,0.707106781186546,-0.707106781186549));
#3091=VECTOR('',#3090,1.414213562373093);
#3092=LINE('',#3089,#3091);
#3093=EDGE_CURVE('',#3086,#3088,#3092,.T.);
#3094=ORIENTED_EDGE('',*,*,#3093,.T.);
#3095=CARTESIAN_POINT('',(40.0,4.625929E-017,0.0));
#3096=DIRECTION('',(0.0,0.0,1.0));
#3097=DIRECTION('',(0.0,1.0,0.0));
#3098=AXIS2_PLACEMENT_3D('',#3095,#3096,#3097);
#3099=CIRCLE('',#3098,14.000000000000004);
#3100=EDGE_CURVE('',#3088,#3064,#3099,.T.);
#3101=ORIENTED_EDGE('',*,*,#3100,.T.);
#3102=ORIENTED_EDGE('',*,*,#3069,.F.);
#3103=CARTESIAN_POINT('',(40.0,4.625929E-017,1.0));
#3104=DIRECTION('',(0.0,0.0,-1.0));
#3105=DIRECTION('',(0.0,1.0,0.0));
#3106=AXIS2_PLACEMENT_3D('',#3103,#3104,#3105);
#3107=CIRCLE('',#3106,15.0);
#3108=EDGE_CURVE('',#3056,#3086,#3107,.T.);
#3109=ORIENTED_EDGE('',*,*,#3108,.T.);
#3110=EDGE_LOOP('',(#3094,#3101,#3102,#3109));
#3111=FACE_OUTER_BOUND('',#3110,.T.);
#3112=ADVANCED_FACE('',(#3111),#3084,.T.);
#3113=CARTESIAN_POINT('',(20.0,-14.5,0.5));
#3114=DIRECTION('',(0.0,-0.707106781186547,-0.707106781186548));
#3115=DIRECTION('',(-1.0,0.0,0.0));
#3116=AXIS2_PLACEMENT_3D('',#3113,#3114,#3115);
#3117=PLANE('',#3116);
#3118=CARTESIAN_POINT('',(-40.0,-15.0,1.0));
#3119=VERTEX_POINT('',#3118);
#3120=CARTESIAN_POINT('',(-40.0,-14.0,0.0));
#3121=VERTEX_POINT('',#3120);
#3122=CARTESIAN_POINT('',(-40.0,-15.0,1.0));
#3123=DIRECTION('',(0.0,0.707106781186547,-0.707106781186547));
#3124=VECTOR('',#3123,1.414213562373095);
#3125=LINE('',#3122,#3124);
#3126=EDGE_CURVE('',#3119,#3121,#3125,.T.);
#3127=ORIENTED_EDGE('',*,*,#3126,.T.);
#3128=CARTESIAN_POINT('',(-40.0,-14.0,0.0));
#3129=DIRECTION('',(1.0,0.0,0.0));
#3130=VECTOR('',#3129,80.0);
#3131=LINE('',#3128,#3130);
#3132=EDGE_CURVE('',#3121,#3088,#3131,.T.);
#3133=ORIENTED_EDGE('',*,*,#3132,.T.);
#3134=ORIENTED_EDGE('',*,*,#3093,.F.);
#3135=CARTESIAN_POINT('',(40.0,-15.0,1.0));
#3136=DIRECTION('',(-1.0,0.0,0.0));
#3137=VECTOR('',#3136,80.0);
#3138=LINE('',#3135,#3137);
#3139=EDGE_CURVE('',#3086,#3119,#3138,.T.);
#3140=ORIENTED_EDGE('',*,*,#3139,.T.);
#3141=EDGE_LOOP('',(#3127,#3133,#3134,#3140));
#3142=FACE_OUTER_BOUND('',#3141,.T.);
#3143=ADVANCED_FACE('',(#3142),#3117,.T.);
#3144=CARTESIAN_POINT('',(-40.0,-2.775558E-016,0.5));
#3145=DIRECTION('',(0.0,0.0,1.0));
#3146=DIRECTION('',(0.0,-1.0,0.0));
#3147=AXIS2_PLACEMENT_3D('',#3144,#3145,#3146);
#3148=CONICAL_SURFACE('',#3147,14.5,44.999999999999901);
#3149=ORIENTED_EDGE('',*,*,#3053,.F.);
#3150=CARTESIAN_POINT('',(-40.0,-2.775558E-016,0.0));
#3151=DIRECTION('',(0.0,0.0,1.0));
#3152=DIRECTION('',(0.0,-1.0,0.0));
#3153=AXIS2_PLACEMENT_3D('',#3150,#3151,#3152);
#3154=CIRCLE('',#3153,14.000000000000002);
#3155=EDGE_CURVE('',#3046,#3121,#3154,.T.);
#3156=ORIENTED_EDGE('',*,*,#3155,.T.);
#3157=ORIENTED_EDGE('',*,*,#3126,.F.);
#3158=CARTESIAN_POINT('',(-40.0,-2.775558E-016,1.0));
#3159=DIRECTION('',(0.0,0.0,-1.0));
#3160=DIRECTION('',(0.0,-1.0,0.0));
#3161=AXIS2_PLACEMENT_3D('',#3158,#3159,#3160);
#3162=CIRCLE('',#3161,14.999999999999998);
#3163=EDGE_CURVE('',#3119,#3048,#3162,.T.);
#3164=ORIENTED_EDGE('',*,*,#3163,.T.);
#3165=EDGE_LOOP('',(#3149,#3156,#3157,#3164));
#3166=FACE_OUTER_BOUND('',#3165,.T.);
#3167=ADVANCED_FACE('',(#3166),#3148,.T.);
#3168=CARTESIAN_POINT('',(40.0,4.625929E-017,0.0));
#3169=DIRECTION('',(0.0,0.0,1.0));
#3170=DIRECTION('',(0.0,1.0,0.0));
#3171=AXIS2_PLACEMENT_3D('',#3168,#3169,#3170);
#3172=CYLINDRICAL_SURFACE('',#3171,15.0);
#3173=ORIENTED_EDGE('',*,*,#3108,.F.);
#3174=CARTESIAN_POINT('',(40.0,15.000000000000002,3.0));
#3175=VERTEX_POINT('',#3174);
#3176=CARTESIAN_POINT('',(40.0,15.000000000000002,1.0));
#3177=DIRECTION('',(0.0,0.0,1.0));
#3178=VECTOR('',#3177,2.0);
#3179=LINE('',#3176,#3178);
#3180=EDGE_CURVE('',#3056,#3175,#3179,.T.);
#3181=ORIENTED_EDGE('',*,*,#3180,.T.);
#3182=CARTESIAN_POINT('',(40.0,-15.0,3.0));
#3183=VERTEX_POINT('',#3182);
#3184=CARTESIAN_POINT('',(40.0,4.625929E-017,3.0));
#3185=DIRECTION('',(0.0,0.0,-1.0));
#3186=DIRECTION('',(0.0,1.0,0.0));
#3187=AXIS2_PLACEMENT_3D('',#3184,#3185,#3186);
#3188=CIRCLE('',#3187,15.0);
#3189=EDGE_CURVE('',#3175,#3183,#3188,.T.);
#3190=ORIENTED_EDGE('',*,*,#3189,.T.);
#3191=CARTESIAN_POINT('',(40.0,-15.0,1.0));
#3192=DIRECTION('',(0.0,0.0,1.0));
#3193=VECTOR('',#3192,2.0);
#3194=LINE('',#3191,#3193);
#3195=EDGE_CURVE('',#3086,#3183,#3194,.T.);
#3196=ORIENTED_EDGE('',*,*,#3195,.F.);
#3197=EDGE_LOOP('',(#3173,#3181,#3190,#3196));
#3198=FACE_OUTER_BOUND('',#3197,.T.);
#3199=ADVANCED_FACE('',(#3198),#3172,.T.);
#3200=CARTESIAN_POINT('',(-40.0,15.000000000000002,0.0));
#3201=DIRECTION('',(0.0,1.0,0.0));
#3202=DIRECTION('',(0.0,0.0,1.0));
#3203=AXIS2_PLACEMENT_3D('',#3200,#3201,#3202);
#3204=PLANE('',#3203);
#3205=ORIENTED_EDGE('',*,*,#3061,.F.);
#3206=CARTESIAN_POINT('',(-40.0,15.000000000000002,3.0));
#3207=VERTEX_POINT('',#3206);
#3208=CARTESIAN_POINT('',(-40.0,15.000000000000002,1.0));
#3209=DIRECTION('',(0.0,0.0,1.0));
#3210=VECTOR('',#3209,2.0);
#3211=LINE('',#3208,#3210);
#3212=EDGE_CURVE('',#3048,#3207,#3211,.T.);
#3213=ORIENTED_EDGE('',*,*,#3212,.T.);
#3214=CARTESIAN_POINT('',(-40.0,15.000000000000002,3.0));
#3215=DIRECTION('',(1.0,0.0,0.0));
#3216=VECTOR('',#3215,80.0);
#3217=LINE('',#3214,#3216);
#3218=EDGE_CURVE('',#3207,#3175,#3217,.T.);
#3219=ORIENTED_EDGE('',*,*,#3218,.T.);
#3220=ORIENTED_EDGE('',*,*,#3180,.F.);
#3221=EDGE_LOOP('',(#3205,#3213,#3219,#3220));
#3222=FACE_OUTER_BOUND('',#3221,.T.);
#3223=ADVANCED_FACE('',(#3222),#3204,.T.);
#3224=CARTESIAN_POINT('',(1.110223E-015,1.403438E-015,0.0));
#3225=DIRECTION('',(0.0,0.0,1.0));
#3226=DIRECTION('',(1.0,0.0,0.0));
#3227=AXIS2_PLACEMENT_3D('',#3224,#3225,#3226);
#3228=PLANE('',#3227);
#3229=ORIENTED_EDGE('',*,*,#3075,.F.);
#3230=ORIENTED_EDGE('',*,*,#3100,.F.);
#3231=ORIENTED_EDGE('',*,*,#3132,.F.);
#3232=ORIENTED_EDGE('',*,*,#3155,.F.);
#3233=EDGE_LOOP('',(#3229,#3230,#3231,#3232));
#3234=FACE_OUTER_BOUND('',#3233,.T.);
#3235=CARTESIAN_POINT('',(-46.649999999999999,0.0,0.0));
#3236=VERTEX_POINT('',#3235);
#3237=CARTESIAN_POINT('',(-49.800000000000004,0.0,0.0));
#3238=DIRECTION('',(0.0,0.0,1.0));
#3239=DIRECTION('',(1.0,0.0,0.0));
#3240=AXIS2_PLACEMENT_3D('',#3237,#3238,#3239);
#3241=CIRCLE('',#3240,3.15);
#3242=EDGE_CURVE('',#3236,#3236,#3241,.T.);
#3243=ORIENTED_EDGE('',*,*,#3242,.T.);
#3244=EDGE_LOOP('',(#3243));
#3245=FACE_BOUND('',#3244,.T.);
#3246=CARTESIAN_POINT('',(52.95000000000001,0.0,0.0));
#3247=VERTEX_POINT('',#3246);
#3248=CARTESIAN_POINT('',(49.800000000000004,0.0,0.0));
#3249=DIRECTION('',(0.0,0.0,1.0));
#3250=DIRECTION('',(1.0,0.0,0.0));
#3251=AXIS2_PLACEMENT_3D('',#3248,#3249,#3250);
#3252=CIRCLE('',#3251,3.15);
#3253=EDGE_CURVE('',#3247,#3247,#3252,.T.);
#3254=ORIENTED_EDGE('',*,*,#3253,.T.);
#3255=EDGE_LOOP('',(#3254));
#3256=FACE_BOUND('',#3255,.T.);
#3257=ADVANCED_FACE('',(#3234,#3245,#3256),#3228,.F.);
#3258=CARTESIAN_POINT('',(49.800000000000004,0.0,0.25));
#3259=DIRECTION('',(0.0,0.0,1.0));
#3260=DIRECTION('',(1.0,0.0,0.0));
#3261=AXIS2_PLACEMENT_3D('',#3258,#3259,#3260);
#3262=CYLINDRICAL_SURFACE('',#3261,3.15);
#3263=ORIENTED_EDGE('',*,*,#3253,.F.);
#3264=EDGE_LOOP('',(#3263));
#3265=FACE_OUTER_BOUND('',#3264,.T.);
#3266=ORIENTED_EDGE('',*,*,#2967,.T.);
#3267=EDGE_LOOP('',(#3266));
#3268=FACE_BOUND('',#3267,.T.);
#3269=ADVANCED_FACE('',(#3265,#3268),#3262,.F.);
#3270=CARTESIAN_POINT('',(-49.800000000000004,0.0,0.25));
#3271=DIRECTION('',(0.0,0.0,1.0));
#3272=DIRECTION('',(1.0,0.0,0.0));
#3273=AXIS2_PLACEMENT_3D('',#3270,#3271,#3272);
#3274=CYLINDRICAL_SURFACE('',#3273,3.15);
#3275=ORIENTED_EDGE('',*,*,#3242,.F.);
#3276=EDGE_LOOP('',(#3275));
#3277=FACE_OUTER_BOUND('',#3276,.T.);
#3278=ORIENTED_EDGE('',*,*,#3015,.T.);
#3279=EDGE_LOOP('',(#3278));
#3280=FACE_BOUND('',#3279,.T.);
#3281=ADVANCED_FACE('',(#3277,#3280),#3274,.F.);
#3282=CARTESIAN_POINT('',(40.0,-15.0,0.0));
#3283=DIRECTION('',(0.0,-1.0,0.0));
#3284=DIRECTION('',(0.0,0.0,-1.0));
#3285=AXIS2_PLACEMENT_3D('',#3282,#3283,#3284);
#3286=PLANE('',#3285);
#3287=ORIENTED_EDGE('',*,*,#3139,.F.);
#3288=ORIENTED_EDGE('',*,*,#3195,.T.);
#3289=CARTESIAN_POINT('',(-40.0,-15.0,3.0));
#3290=VERTEX_POINT('',#3289);
#3291=CARTESIAN_POINT('',(40.0,-15.0,3.0));
#3292=DIRECTION('',(-1.0,0.0,0.0));
#3293=VECTOR('',#3292,80.0);
#3294=LINE('',#3291,#3293);
#3295=EDGE_CURVE('',#3183,#3290,#3294,.T.);
#3296=ORIENTED_EDGE('',*,*,#3295,.T.);
#3297=CARTESIAN_POINT('',(-40.0,-15.0,1.0));
#3298=DIRECTION('',(0.0,0.0,1.0));
#3299=VECTOR('',#3298,2.0);
#3300=LINE('',#3297,#3299);
#3301=EDGE_CURVE('',#3119,#3290,#3300,.T.);
#3302=ORIENTED_EDGE('',*,*,#3301,.F.);
#3303=EDGE_LOOP('',(#3287,#3288,#3296,#3302));
#3304=FACE_OUTER_BOUND('',#3303,.T.);
#3305=ADVANCED_FACE('',(#3304),#3286,.T.);
#3306=CARTESIAN_POINT('',(-40.0,-2.775558E-016,0.0));
#3307=DIRECTION('',(0.0,0.0,1.0));
#3308=DIRECTION('',(0.0,-1.0,0.0));
#3309=AXIS2_PLACEMENT_3D('',#3306,#3307,#3308);
#3310=CYLINDRICAL_SURFACE('',#3309,14.999999999999998);
#3311=ORIENTED_EDGE('',*,*,#3163,.F.);
#3312=ORIENTED_EDGE('',*,*,#3301,.T.);
#3313=CARTESIAN_POINT('',(-40.0,-2.775558E-016,3.0));
#3314=DIRECTION('',(0.0,0.0,-1.0));
#3315=DIRECTION('',(0.0,-1.0,0.0));
#3316=AXIS2_PLACEMENT_3D('',#3313,#3314,#3315);
#3317=CIRCLE('',#3316,14.999999999999998);
#3318=EDGE_CURVE('',#3290,#3207,#3317,.T.);
#3319=ORIENTED_EDGE('',*,*,#3318,.T.);
#3320=ORIENTED_EDGE('',*,*,#3212,.F.);
#3321=EDGE_LOOP('',(#3311,#3312,#3319,#3320));
#3322=FACE_OUTER_BOUND('',#3321,.T.);
#3323=ADVANCED_FACE('',(#3322),#3310,.T.);
#3324=CARTESIAN_POINT('',(1.110223E-015,1.596602E-015,3.0));
#3325=DIRECTION('',(0.0,0.0,1.0));
#3326=DIRECTION('',(1.0,0.0,0.0));
#3327=AXIS2_PLACEMENT_3D('',#3324,#3325,#3326);
#3328=PLANE('',#3327);
#3329=ORIENTED_EDGE('',*,*,#3189,.F.);
#3330=ORIENTED_EDGE('',*,*,#3218,.F.);
#3331=ORIENTED_EDGE('',*,*,#3318,.F.);
#3332=ORIENTED_EDGE('',*,*,#3295,.F.);
#3333=EDGE_LOOP('',(#3329,#3330,#3331,#3332));
#3334=FACE_OUTER_BOUND('',#3333,.T.);
#3335=ORIENTED_EDGE('',*,*,#2984,.T.);
#3336=EDGE_LOOP('',(#3335));
#3337=FACE_BOUND('',#3336,.T.);
#3338=ORIENTED_EDGE('',*,*,#3032,.T.);
#3339=EDGE_LOOP('',(#3338));
#3340=FACE_BOUND('',#3339,.T.);
#3341=ADVANCED_FACE('',(#3334,#3337,#3340),#3328,.T.);
#3342=CLOSED_SHELL('',(#2971,#2991,#3019,#3039,#3079,#3112,#3143,#3167,#3199,#3223,#3257,#3269,#3281,#3305,#3323,#3341));
#3343=MANIFOLD_SOLID_BREP('\X2\30BD30EA30C330C9\X0\1',#3342);
#3344=STYLED_ITEM('',(#2765),#2971);
#3345=STYLED_ITEM('',(#2765),#2991);
#3346=STYLED_ITEM('',(#2765),#3019);
#3347=STYLED_ITEM('',(#2765),#3039);
#3348=STYLED_ITEM('',(#2765),#3079);
#3349=STYLED_ITEM('',(#2765),#3112);
#3350=STYLED_ITEM('',(#2765),#3143);
#3351=STYLED_ITEM('',(#2765),#3167);
#3352=STYLED_ITEM('',(#2765),#3199);
#3353=STYLED_ITEM('',(#2765),#3223);
#3354=STYLED_ITEM('',(#2765),#3257);
#3355=STYLED_ITEM('',(#2765),#3269);
#3356=STYLED_ITEM('',(#2765),#3281);
#3357=STYLED_ITEM('',(#2765),#3305);
#3358=STYLED_ITEM('',(#2765),#3323);
#3359=STYLED_ITEM('',(#2765),#3341);
#3360=MECHANICAL_DESIGN_GEOMETRIC_PRESENTATION_REPRESENTATION('',(#3344,#3345,#3346,#3347,#3348,#3349,#3350,#3351,#3352,#3353,#3354,#3355,#3356,#3357,#3358,#3359),#2943);
#3361=STYLED_ITEM('',(#2853),#3343);
#3362=ADVANCED_BREP_SHAPE_REPRESENTATION('ABSR',(#3343),#2912);
#3363=SHAPE_REPRESENTATION_RELATIONSHIP('SRR','None',#3362,#2917);
#3364=AXIS2_PLACEMENT_3D('',#3365,#3366,#3367);
#3365=CARTESIAN_POINT('',(-4.262692877263191,-6.471964755923266,-3.000000000000002));
#3366=DIRECTION('',(-7.442363E-016,-8.669265E-018,1.0));
#3367=DIRECTION('',(1.0,2.251568E-014,5.780279E-016));
#3368=NEXT_ASSEMBLY_USAGE_OCCURRENCE('\X2\FF2DFF38FF2130D130CD30EB\X0\3-11:1','\X2\FF2DFF38FF2130D130CD30EB\X0\3-11:1','\X2\FF2DFF38FF2130D130CD30EB\X0\3-11:1',#12,#2888,'\X2\FF2DFF38FF2130D130CD30EB\X0\3-11:1');
#3369=PRODUCT_DEFINITION_SHAPE('\X2\FF2DFF38FF2130D130CD30EB\X0\3-11:1','\X2\FF2DFF38FF2130D130CD30EB\X0\3-11:1',#3368);
#3370=ITEM_DEFINED_TRANSFORMATION('\X2\FF2DFF38FF2130D130CD30EB\X0\3-11:1','\X2\FF2DFF38FF2130D130CD30EB\X0\3-11:1',#2913,#3364);
#3374=(REPRESENTATION_RELATIONSHIP('\X2\FF2DFF38FF2130D130CD30EB\X0\3-11:1','\X2\FF2DFF38FF2130D130CD30EB\X0\3-11:1',#2917,#41)REPRESENTATION_RELATIONSHIP_WITH_TRANSFORMATION(#3370)SHAPE_REPRESENTATION_RELATIONSHIP());
#3375=CONTEXT_DEPENDENT_SHAPE_REPRESENTATION(#3374,#3369);
#3376=AXIS2_PLACEMENT_3D('',#3377,#3378,#3379);
#3377=CARTESIAN_POINT('',(-4.262692877263181,-6.47196475592327,69.0));
#3378=DIRECTION('',(-7.274743E-017,2.063477E-017,-0.999999999999997));
#3379=DIRECTION('',(1.0,2.259148E-014,-2.553911E-017));
#3380=NEXT_ASSEMBLY_USAGE_OCCURRENCE('\X2\FF2DFF38FF2130D130CD30EB\X0\3-11:2','\X2\FF2DFF38FF2130D130CD30EB\X0\3-11:2','\X2\FF2DFF38FF2130D130CD30EB\X0\3-11:2',#12,#2888,'\X2\FF2DFF38FF2130D130CD30EB\X0\3-11:2');
#3381=PRODUCT_DEFINITION_SHAPE('\X2\FF2DFF38FF2130D130CD30EB\X0\3-11:2','\X2\FF2DFF38FF2130D130CD30EB\X0\3-11:2',#3380);
#3382=ITEM_DEFINED_TRANSFORMATION('\X2\FF2DFF38FF2130D130CD30EB\X0\3-11:2','\X2\FF2DFF38FF2130D130CD30EB\X0\3-11:2',#2913,#3376);
#3386=(REPRESENTATION_RELATIONSHIP('\X2\FF2DFF38FF2130D130CD30EB\X0\3-11:2','\X2\FF2DFF38FF2130D130CD30EB\X0\3-11:2',#2917,#41)REPRESENTATION_RELATIONSHIP_WITH_TRANSFORMATION(#3382)SHAPE_REPRESENTATION_RELATIONSHIP());
#3387=CONTEXT_DEPENDENT_SHAPE_REPRESENTATION(#3386,#3381);
#3388=APPLICATION_CONTEXT('automotive design');
#3389=APPLICATION_PROTOCOL_DEFINITION('International Standard','automotive_design',2001,#3388);
#3390=PRODUCT_CONTEXT('',#3388,'mechanical');
#3391=PRODUCT('JIS B 1122 - ST3.0 x10','JIS B 1122 - ST3.0 x10',$,(#3390));
#3392=PRODUCT_RELATED_PRODUCT_CATEGORY('part',$,(#3391));
#3393=PRODUCT_DEFINITION_FORMATION('',$,#3391);
#3394=PRODUCT_DEFINITION_CONTEXT('part definition',#3388,'design');
#3395=PRODUCT_DEFINITION('',$,#3393,#3394);
#3401=(NAMED_UNIT(*)PLANE_ANGLE_UNIT()SI_UNIT($,.RADIAN.));
#3402=DIMENSIONAL_EXPONENTS(0.0,0.0,0.0,0.0,0.0,0.0,0.0);
#3403=PLANE_ANGLE_MEASURE_WITH_UNIT(PLANE_ANGLE_MEASURE(0.0174532925),#3401);
#3407=(CONVERSION_BASED_UNIT('DEGREE',#3403)NAMED_UNIT(#3402)PLANE_ANGLE_UNIT());
#3411=(NAMED_UNIT(*)SI_UNIT($,.STERADIAN.)SOLID_ANGLE_UNIT());
#3415=(LENGTH_UNIT()NAMED_UNIT(*)SI_UNIT(.MILLI.,.METRE.));
#3417=UNCERTAINTY_MEASURE_WITH_UNIT(LENGTH_MEASURE(0.01),#3415,'DISTANCE_ACCURACY_VALUE','');
#3419=(GEOMETRIC_REPRESENTATION_CONTEXT(3)GLOBAL_UNCERTAINTY_ASSIGNED_CONTEXT((#3417))GLOBAL_UNIT_ASSIGNED_CONTEXT((#3407,#3411,#3415))REPRESENTATION_CONTEXT('None','None'));
#3420=AXIS2_PLACEMENT_3D('',#3421,#3422,#3423);
#3421=CARTESIAN_POINT('',(0.0,0.0,0.0));
#3422=DIRECTION('',(0.0,0.0,1.0));
#3423=DIRECTION('',(1.0,0.0,0.0));
#3424=SHAPE_REPRESENTATION('',(#3420),#3419);
#3425=PRODUCT_DEFINITION_SHAPE('','',#3395);
#3426=SHAPE_DEFINITION_REPRESENTATION(#3425,#3424);
#3432=(NAMED_UNIT(*)PLANE_ANGLE_UNIT()SI_UNIT($,.RADIAN.));
#3433=DIMENSIONAL_EXPONENTS(0.0,0.0,0.0,0.0,0.0,0.0,0.0);
#3434=PLANE_ANGLE_MEASURE_WITH_UNIT(PLANE_ANGLE_MEASURE(0.0174532925),#3432);
#3438=(CONVERSION_BASED_UNIT('DEGREE',#3434)NAMED_UNIT(#3433)PLANE_ANGLE_UNIT());
#3442=(NAMED_UNIT(*)SI_UNIT($,.STERADIAN.)SOLID_ANGLE_UNIT());
#3446=(LENGTH_UNIT()NAMED_UNIT(*)SI_UNIT(.MILLI.,.METRE.));
#3448=UNCERTAINTY_MEASURE_WITH_UNIT(LENGTH_MEASURE(0.000001),#3446,'DISTANCE_ACCURACY_VALUE','');
#3450=(GEOMETRIC_REPRESENTATION_CONTEXT(3)GLOBAL_UNCERTAINTY_ASSIGNED_CONTEXT((#3448))GLOBAL_UNIT_ASSIGNED_CONTEXT((#3438,#3442,#3446))REPRESENTATION_CONTEXT('','3D'));
#3451=CARTESIAN_POINT('',(8.949999999999999,0.0,0.0));
#3452=DIRECTION('',(-1.0,0.0,0.0));
#3453=DIRECTION('',(0.0,-1.0,0.0));
#3454=AXIS2_PLACEMENT_3D('',#3451,#3452,#3453);
#3455=CONICAL_SURFACE('',#3454,1.252500000000001,13.263328743406316);
#3456=CARTESIAN_POINT('',(7.9,1.5,1.836970E-016));
#3457=VERTEX_POINT('',#3456);
#3458=CARTESIAN_POINT('',(7.9,0.0,0.0));
#3459=DIRECTION('',(1.0,0.0,0.0));
#3460=DIRECTION('',(0.0,-1.0,0.0));
#3461=AXIS2_PLACEMENT_3D('',#3458,#3459,#3460);
#3462=CIRCLE('',#3461,1.5);
#3463=EDGE_CURVE('',#3457,#3457,#3462,.T.);
#3464=ORIENTED_EDGE('',*,*,#3463,.T.);
#3465=EDGE_LOOP('',(#3464));
#3466=FACE_OUTER_BOUND('',#3465,.T.);
#3467=CARTESIAN_POINT('',(10.0,1.005000000000001,-1.230770E-016));
#3468=VERTEX_POINT('',#3467);
#3469=CARTESIAN_POINT('',(10.0,0.0,0.0));
#3470=DIRECTION('',(-1.0,0.0,0.0));
#3471=DIRECTION('',(0.0,-1.0,0.0));
#3472=AXIS2_PLACEMENT_3D('',#3469,#3470,#3471);
#3473=CIRCLE('',#3472,1.005000000000001);
#3474=EDGE_CURVE('',#3468,#3468,#3473,.T.);
#3475=ORIENTED_EDGE('',*,*,#3474,.T.);
#3476=EDGE_LOOP('',(#3475));
#3477=FACE_BOUND('',#3476,.T.);
#3478=ADVANCED_FACE('',(#3466,#3477),#3455,.T.);
#3479=CARTESIAN_POINT('',(10.0,0.750000000000001,0.0));
#3480=DIRECTION('',(1.0,0.0,0.0));
#3481=DIRECTION('',(0.0,0.0,-1.0));
#3482=AXIS2_PLACEMENT_3D('',#3479,#3480,#3481);
#3483=PLANE('',#3482);
#3484=ORIENTED_EDGE('',*,*,#3474,.F.);
#3485=EDGE_LOOP('',(#3484));
#3486=FACE_OUTER_BOUND('',#3485,.T.);
#3487=ADVANCED_FACE('',(#3486),#3483,.T.);
#3488=CARTESIAN_POINT('',(5.85,0.0,0.0));
#3489=DIRECTION('',(1.0,0.0,0.0));
#3490=DIRECTION('',(0.0,1.0,0.0));
#3491=AXIS2_PLACEMENT_3D('',#3488,#3489,#3490);
#3492=CYLINDRICAL_SURFACE('',#3491,1.5);
#3493=CARTESIAN_POINT('',(1.7,1.499999999999999,0.0));
#3494=VERTEX_POINT('',#3493);
#3495=CARTESIAN_POINT('',(1.7,0.0,0.0));
#3496=DIRECTION('',(1.0,0.0,0.0));
#3497=DIRECTION('',(0.0,1.0,0.0));
#3498=AXIS2_PLACEMENT_3D('',#3495,#3496,#3497);
#3499=CIRCLE('',#3498,1.499999999999999);
#3500=EDGE_CURVE('',#3494,#3494,#3499,.T.);
#3501=ORIENTED_EDGE('',*,*,#3500,.T.);
#3502=EDGE_LOOP('',(#3501));
#3503=FACE_OUTER_BOUND('',#3502,.T.);
#3504=ORIENTED_EDGE('',*,*,#3463,.F.);
#3505=EDGE_LOOP('',(#3504));
#3506=FACE_BOUND('',#3505,.T.);
#3507=ADVANCED_FACE('',(#3503,#3506),#3492,.T.);
#3508=CARTESIAN_POINT('',(0.096,0.0,0.0));
#3509=DIRECTION('',(1.0,0.0,0.0));
#3510=DIRECTION('',(0.0,0.0,-1.0));
#3511=AXIS2_PLACEMENT_3D('',#3508,#3509,#3510);
#3512=TOROIDAL_SURFACE('',#3511,1.709406602565006,0.096);
#3513=CARTESIAN_POINT('',(-2.949030E-016,-0.237699491545111,-1.692799422439656));
#3514=VERTEX_POINT('',#3513);
#3515=CARTESIAN_POINT('',(0.053165009941458,-0.240093383117168,-1.605641422061162));
#3516=VERTEX_POINT('',#3515);
#3517=CARTESIAN_POINT('',(0.053165009941458,-0.240093383117168,-1.605641422061163));
#3518=CARTESIAN_POINT('',(0.044102077642935,-0.24007743131974,-1.610212656520418));
#3519=CARTESIAN_POINT('',(0.035118205548894,-0.239981081577556,-1.616856675112614));
#3520=CARTESIAN_POINT('',(0.019892900548848,-0.239662357720371,-1.632193971635132));
#3521=CARTESIAN_POINT('',(0.011957623031266,-0.239343530185716,-1.644193577425577));
#3522=CARTESIAN_POINT('',(0.002801911673057,-0.238654346141303,-1.66646765298729));
#3523=CARTESIAN_POINT('',(-2.776226E-016,-0.238160457448792,-1.68070729644575));
#3524=CARTESIAN_POINT('',(-3.122502E-016,-0.237699491545111,-1.692799422439655));
#3525=B_SPLINE_CURVE_WITH_KNOTS('',3,(#3517,#3518,#3519,#3520,#3521,#3522,#3523,#3524),.UNSPECIFIED.,.F.,.U.,(4,2,2,4),(0.032870252533267,0.035756905935073,0.03935430794385,0.042984580668524),.UNSPECIFIED.);
#3526=EDGE_CURVE('',#3514,#3516,#3525,.F.);
#3527=ORIENTED_EDGE('',*,*,#3526,.T.);
#3528=CARTESIAN_POINT('',(0.053165009941458,0.240093383117168,-1.605641422061161));
#3529=VERTEX_POINT('',#3528);
#3530=CARTESIAN_POINT('',(0.053165009941458,-8.083365E-017,0.0));
#3531=DIRECTION('',(1.0,0.0,0.0));
#3532=DIRECTION('',(0.0,0.0,-1.0));
#3533=AXIS2_PLACEMENT_3D('',#3530,#3531,#3532);
#3534=CIRCLE('',#3533,1.623492903851211);
#3535=EDGE_CURVE('',#3516,#3529,#3534,.T.);
#3536=ORIENTED_EDGE('',*,*,#3535,.T.);
#3537=CARTESIAN_POINT('',(-2.949030E-016,0.237699491545111,-1.692799422439656));
#3538=VERTEX_POINT('',#3537);
#3539=CARTESIAN_POINT('',(-3.122502E-016,0.237699491545111,-1.692799422439655));
#3540=CARTESIAN_POINT('',(-2.785988E-016,0.238160457448792,-1.68070729644575));
#3541=CARTESIAN_POINT('',(0.002801911673057,0.238654346141303,-1.66646765298729));
#3542=CARTESIAN_POINT('',(0.011957623031266,0.239343530185716,-1.644193577425577));
#3543=CARTESIAN_POINT('',(0.019892900548848,0.239662357720371,-1.632193971635132));
#3544=CARTESIAN_POINT('',(0.035118205548894,0.239981081577557,-1.616856675112614));
#3545=CARTESIAN_POINT('',(0.044102077642935,0.24007743131974,-1.610212656520418));
#3546=CARTESIAN_POINT('',(0.053165009941458,0.240093383117168,-1.605641422061163));
#3547=B_SPLINE_CURVE_WITH_KNOTS('',3,(#3539,#3540,#3541,#3542,#3543,#3544,#3545,#3546),.UNSPECIFIED.,.F.,.U.,(4,2,2,4),(0.0143401117365,0.017970384461175,0.021567786469951,0.024454439871757),.UNSPECIFIED.);
#3548=EDGE_CURVE('',#3529,#3538,#3547,.F.);
#3549=ORIENTED_EDGE('',*,*,#3548,.T.);
#3550=CARTESIAN_POINT('',(-2.949030E-016,0.0,0.0));
#3551=DIRECTION('',(-1.0,0.0,0.0));
#3552=DIRECTION('',(0.0,0.0,-1.0));
#3553=AXIS2_PLACEMENT_3D('',#3550,#3551,#3552);
#3554=CIRCLE('',#3553,1.709406602565006);
#3555=EDGE_CURVE('',#3538,#3514,#3554,.T.);
#3556=ORIENTED_EDGE('',*,*,#3555,.T.);
#3557=EDGE_LOOP('',(#3527,#3536,#3549,#3556));
#3558=FACE_OUTER_BOUND('',#3557,.T.);
#3559=ADVANCED_FACE('',(#3558),#3512,.T.);
#3560=CARTESIAN_POINT('',(0.831868514032313,0.0,0.0));
#3561=DIRECTION('',(-1.0,0.0,0.0));
#3562=DIRECTION('',(0.0,1.0,0.0));
#3563=AXIS2_PLACEMENT_3D('',#3560,#3561,#3562);
#3564=CONICAL_SURFACE('',#3563,1.235245658584751,26.500000000000004);
#3565=ORIENTED_EDGE('',*,*,#3535,.F.);
#3566=CARTESIAN_POINT('',(1.663737028064627,-0.243297908703115,-0.783589260500189));
#3567=VERTEX_POINT('',#3566);
#3568=CARTESIAN_POINT('',(0.053165009941458,-0.240093383117168,-1.605641422061162));
#3569=CARTESIAN_POINT('',(1.137717330923333,-0.242002319248905,-1.058606226471533));
#3570=CARTESIAN_POINT('',(1.663737028064627,-0.243297908703115,-0.783589260500189));
#3578=(BOUNDED_CURVE()B_SPLINE_CURVE(2,(#3568,#3569,#3570),.UNSPECIFIED.,.F.,.U.)B_SPLINE_CURVE_WITH_KNOTS((3,3),(0.004176088834029,0.18677901774098),.UNSPECIFIED.)CURVE()GEOMETRIC_REPRESENTATION_ITEM()RATIONAL_B_SPLINE_CURVE((1.002878170299441,1.064364270347942,1.0))REPRESENTATION_ITEM(''));
#3579=EDGE_CURVE('',#3516,#3567,#3578,.T.);
#3580=ORIENTED_EDGE('',*,*,#3579,.T.);
#3581=CARTESIAN_POINT('',(1.663737028064627,0.243297908703115,-0.783589260500189));
#3582=VERTEX_POINT('',#3581);
#3583=CARTESIAN_POINT('',(1.663737028064627,0.0,0.0));
#3584=DIRECTION('',(1.0,0.0,0.0));
#3585=DIRECTION('',(0.0,1.0,0.0));
#3586=AXIS2_PLACEMENT_3D('',#3583,#3584,#3585);
#3587=CIRCLE('',#3586,0.820491317169501);
#3588=EDGE_CURVE('',#3567,#3582,#3587,.T.);
#3589=ORIENTED_EDGE('',*,*,#3588,.T.);
#3590=CARTESIAN_POINT('',(1.663737028064627,0.243297908703115,-0.783589260500189));
#3591=CARTESIAN_POINT('',(1.137717330923672,0.242002319248906,-1.058606226471359));
#3592=CARTESIAN_POINT('',(0.053165009941458,0.240093383117168,-1.605641422061161));
#3600=(BOUNDED_CURVE()B_SPLINE_CURVE(2,(#3590,#3591,#3592),.UNSPECIFIED.,.F.,.U.)B_SPLINE_CURVE_WITH_KNOTS((3,3),(0.0,0.182602928906953),.UNSPECIFIED.)CURVE()GEOMETRIC_REPRESENTATION_ITEM()RATIONAL_B_SPLINE_CURVE((1.0,1.06436427034811,1.002878170299448))REPRESENTATION_ITEM(''));
#3601=EDGE_CURVE('',#3582,#3529,#3600,.T.);
#3602=ORIENTED_EDGE('',*,*,#3601,.T.);
#3603=EDGE_LOOP('',(#3565,#3580,#3589,#3602));
#3604=FACE_OUTER_BOUND('',#3603,.T.);
#3605=ADVANCED_FACE('',(#3604),#3564,.F.);
#3606=CARTESIAN_POINT('',(0.096,0.0,0.0));
#3607=DIRECTION('',(1.0,0.0,0.0));
#3608=DIRECTION('',(0.0,0.0,-1.0));
#3609=AXIS2_PLACEMENT_3D('',#3606,#3607,#3608);
#3610=TOROIDAL_SURFACE('',#3609,1.709406602565006,0.096);
#3611=CARTESIAN_POINT('',(-2.949030E-016,-1.692799422439656,0.237699491545111));
#3612=VERTEX_POINT('',#3611);
#3613=CARTESIAN_POINT('',(0.053165009941458,-1.605641422061161,0.240093383117168));
#3614=VERTEX_POINT('',#3613);
#3615=CARTESIAN_POINT('',(0.053165009941458,-1.605641422061163,0.240093383117168));
#3616=CARTESIAN_POINT('',(0.044102077642935,-1.610212656520418,0.24007743131974));
#3617=CARTESIAN_POINT('',(0.035118205548894,-1.616856675112614,0.239981081577556));
#3618=CARTESIAN_POINT('',(0.019892900548848,-1.632193971635132,0.239662357720371));
#3619=CARTESIAN_POINT('',(0.011957623031266,-1.644193577425577,0.239343530185716));
#3620=CARTESIAN_POINT('',(0.002801911673057,-1.66646765298729,0.238654346141303));
#3621=CARTESIAN_POINT('',(-2.776226E-016,-1.68070729644575,0.238160457448792));
#3622=CARTESIAN_POINT('',(-3.122502E-016,-1.692799422439655,0.237699491545111));
#3623=B_SPLINE_CURVE_WITH_KNOTS('',3,(#3615,#3616,#3617,#3618,#3619,#3620,#3621,#3622),.UNSPECIFIED.,.F.,.U.,(4,2,2,4),(0.032870252533267,0.035756905935073,0.03935430794385,0.042984580668524),.UNSPECIFIED.);
#3624=EDGE_CURVE('',#3612,#3614,#3623,.F.);
#3625=ORIENTED_EDGE('',*,*,#3624,.T.);
#3626=CARTESIAN_POINT('',(0.053165009941458,-1.605641422061161,-0.240093383117168));
#3627=VERTEX_POINT('',#3626);
#3628=CARTESIAN_POINT('',(0.053165009941458,0.0,-1.988205E-016));
#3629=DIRECTION('',(1.0,0.0,0.0));
#3630=DIRECTION('',(0.0,-1.0,0.0));
#3631=AXIS2_PLACEMENT_3D('',#3628,#3629,#3630);
#3632=CIRCLE('',#3631,1.623492903851211);
#3633=EDGE_CURVE('',#3614,#3627,#3632,.T.);
#3634=ORIENTED_EDGE('',*,*,#3633,.T.);
#3635=CARTESIAN_POINT('',(-2.949030E-016,-1.692799422439656,-0.237699491545111));
#3636=VERTEX_POINT('',#3635);
#3637=CARTESIAN_POINT('',(-3.122502E-016,-1.692799422439655,-0.237699491545111));
#3638=CARTESIAN_POINT('',(-2.785988E-016,-1.68070729644575,-0.238160457448792));
#3639=CARTESIAN_POINT('',(0.002801911673057,-1.66646765298729,-0.238654346141303));
#3640=CARTESIAN_POINT('',(0.011957623031266,-1.644193577425577,-0.239343530185716));
#3641=CARTESIAN_POINT('',(0.019892900548848,-1.632193971635132,-0.239662357720371));
#3642=CARTESIAN_POINT('',(0.035118205548894,-1.616856675112614,-0.239981081577556));
#3643=CARTESIAN_POINT('',(0.044102077642935,-1.610212656520418,-0.24007743131974));
#3644=CARTESIAN_POINT('',(0.053165009941459,-1.605641422061162,-0.240093383117168));
#3645=B_SPLINE_CURVE_WITH_KNOTS('',3,(#3637,#3638,#3639,#3640,#3641,#3642,#3643,#3644),.UNSPECIFIED.,.F.,.U.,(4,2,2,4),(0.0143401117365,0.017970384461175,0.021567786469951,0.024454439871757),.UNSPECIFIED.);
#3646=EDGE_CURVE('',#3627,#3636,#3645,.F.);
#3647=ORIENTED_EDGE('',*,*,#3646,.T.);
#3648=CARTESIAN_POINT('',(-2.949030E-016,0.0,0.0));
#3649=DIRECTION('',(-1.0,0.0,0.0));
#3650=DIRECTION('',(0.0,-1.0,0.0));
#3651=AXIS2_PLACEMENT_3D('',#3648,#3649,#3650);
#3652=CIRCLE('',#3651,1.709406602565006);
#3653=EDGE_CURVE('',#3636,#3612,#3652,.T.);
#3654=ORIENTED_EDGE('',*,*,#3653,.T.);
#3655=EDGE_LOOP('',(#3625,#3634,#3647,#3654));
#3656=FACE_OUTER_BOUND('',#3655,.T.);
#3657=ADVANCED_FACE('',(#3656),#3610,.T.);
#3658=CARTESIAN_POINT('',(0.831868514032313,0.0,0.0));
#3659=DIRECTION('',(-1.0,0.0,0.0));
#3660=DIRECTION('',(0.0,1.0,0.0));
#3661=AXIS2_PLACEMENT_3D('',#3658,#3659,#3660);
#3662=CONICAL_SURFACE('',#3661,1.235245658584751,26.500000000000004);
#3663=ORIENTED_EDGE('',*,*,#3633,.F.);
#3664=CARTESIAN_POINT('',(1.663737028064627,-0.783589260500189,0.243297908703115));
#3665=VERTEX_POINT('',#3664);
#3666=CARTESIAN_POINT('',(0.053165009941458,-1.605641422061161,0.240093383117168));
#3667=CARTESIAN_POINT('',(1.137717330923336,-1.058606226471531,0.242002319248905));
#3668=CARTESIAN_POINT('',(1.663737028064627,-0.783589260500189,0.243297908703115));
#3676=(BOUNDED_CURVE()B_SPLINE_CURVE(2,(#3666,#3667,#3668),.UNSPECIFIED.,.F.,.U.)B_SPLINE_CURVE_WITH_KNOTS((3,3),(0.004176088834029,0.18677901774098),.UNSPECIFIED.)CURVE()GEOMETRIC_REPRESENTATION_ITEM()RATIONAL_B_SPLINE_CURVE((1.002878170299442,1.06436427034796,1.0))REPRESENTATION_ITEM(''));
#3677=EDGE_CURVE('',#3614,#3665,#3676,.T.);
#3678=ORIENTED_EDGE('',*,*,#3677,.T.);
#3679=CARTESIAN_POINT('',(1.663737028064627,-0.783589260500189,-0.243297908703115));
#3680=VERTEX_POINT('',#3679);
#3681=CARTESIAN_POINT('',(1.663737028064627,0.0,0.0));
#3682=DIRECTION('',(1.0,0.0,0.0));
#3683=DIRECTION('',(0.0,1.0,0.0));
#3684=AXIS2_PLACEMENT_3D('',#3681,#3682,#3683);
#3685=CIRCLE('',#3684,0.820491317169501);
#3686=EDGE_CURVE('',#3665,#3680,#3685,.T.);
#3687=ORIENTED_EDGE('',*,*,#3686,.T.);
#3688=CARTESIAN_POINT('',(1.663737028064627,-0.783589260500189,-0.243297908703115));
#3689=CARTESIAN_POINT('',(1.137717330923768,-1.058606226471309,-0.242002319248906));
#3690=CARTESIAN_POINT('',(0.053165009941458,-1.605641422061161,-0.240093383117168));
#3698=(BOUNDED_CURVE()B_SPLINE_CURVE(2,(#3688,#3689,#3690),.UNSPECIFIED.,.F.,.U.)B_SPLINE_CURVE_WITH_KNOTS((3,3),(0.0,0.182602928906955),.UNSPECIFIED.)CURVE()GEOMETRIC_REPRESENTATION_ITEM()RATIONAL_B_SPLINE_CURVE((1.0,1.064364270348412,1.00287817029946))REPRESENTATION_ITEM(''));
#3699=EDGE_CURVE('',#3680,#3627,#3698,.T.);
#3700=ORIENTED_EDGE('',*,*,#3699,.T.);
#3701=EDGE_LOOP('',(#3663,#3678,#3687,#3700));
#3702=FACE_OUTER_BOUND('',#3701,.T.);
#3703=ADVANCED_FACE('',(#3702),#3662,.F.);
#3704=CARTESIAN_POINT('',(0.096,0.0,0.0));
#3705=DIRECTION('',(1.0,0.0,0.0));
#3706=DIRECTION('',(0.0,0.0,-1.0));
#3707=AXIS2_PLACEMENT_3D('',#3704,#3705,#3706);
#3708=TOROIDAL_SURFACE('',#3707,1.709406602565006,0.096);
#3709=CARTESIAN_POINT('',(-2.949030E-016,0.237699491545111,1.692799422439656));
#3710=VERTEX_POINT('',#3709);
#3711=CARTESIAN_POINT('',(0.053165009941458,0.240093383117168,1.605641422061162));
#3712=VERTEX_POINT('',#3711);
#3713=CARTESIAN_POINT('',(0.053165009941458,0.240093383117168,1.605641422061163));
#3714=CARTESIAN_POINT('',(0.044102077642935,0.24007743131974,1.610212656520418));
#3715=CARTESIAN_POINT('',(0.035118205548894,0.239981081577556,1.616856675112614));
#3716=CARTESIAN_POINT('',(0.019892900548848,0.239662357720371,1.632193971635132));
#3717=CARTESIAN_POINT('',(0.011957623031266,0.239343530185716,1.644193577425577));
#3718=CARTESIAN_POINT('',(0.002801911673057,0.238654346141303,1.66646765298729));
#3719=CARTESIAN_POINT('',(-2.776226E-016,0.238160457448792,1.68070729644575));
#3720=CARTESIAN_POINT('',(-3.122502E-016,0.237699491545111,1.692799422439655));
#3721=B_SPLINE_CURVE_WITH_KNOTS('',3,(#3713,#3714,#3715,#3716,#3717,#3718,#3719,#3720),.UNSPECIFIED.,.F.,.U.,(4,2,2,4),(0.032870252533267,0.035756905935073,0.03935430794385,0.042984580668524),.UNSPECIFIED.);
#3722=EDGE_CURVE('',#3710,#3712,#3721,.F.);
#3723=ORIENTED_EDGE('',*,*,#3722,.T.);
#3724=CARTESIAN_POINT('',(0.053165009941458,-0.240093383117168,1.605641422061161));
#3725=VERTEX_POINT('',#3724);
#3726=CARTESIAN_POINT('',(0.053165009941458,-8.083365E-017,0.0));
#3727=DIRECTION('',(1.0,0.0,0.0));
#3728=DIRECTION('',(0.0,0.0,1.0));
#3729=AXIS2_PLACEMENT_3D('',#3726,#3727,#3728);
#3730=CIRCLE('',#3729,1.623492903851211);
#3731=EDGE_CURVE('',#3712,#3725,#3730,.T.);
#3732=ORIENTED_EDGE('',*,*,#3731,.T.);
#3733=CARTESIAN_POINT('',(-2.949030E-016,-0.237699491545111,1.692799422439656));
#3734=VERTEX_POINT('',#3733);
#3735=CARTESIAN_POINT('',(-3.122502E-016,-0.237699491545111,1.692799422439655));
#3736=CARTESIAN_POINT('',(-2.785988E-016,-0.238160457448792,1.68070729644575));
#3737=CARTESIAN_POINT('',(0.002801911673057,-0.238654346141303,1.66646765298729));
#3738=CARTESIAN_POINT('',(0.011957623031266,-0.239343530185716,1.644193577425577));
#3739=CARTESIAN_POINT('',(0.019892900548848,-0.239662357720371,1.632193971635132));
#3740=CARTESIAN_POINT('',(0.035118205548894,-0.239981081577557,1.616856675112614));
#3741=CARTESIAN_POINT('',(0.044102077642935,-0.24007743131974,1.610212656520418));
#3742=CARTESIAN_POINT('',(0.053165009941458,-0.240093383117168,1.605641422061163));
#3743=B_SPLINE_CURVE_WITH_KNOTS('',3,(#3735,#3736,#3737,#3738,#3739,#3740,#3741,#3742),.UNSPECIFIED.,.F.,.U.,(4,2,2,4),(0.0143401117365,0.017970384461175,0.021567786469951,0.024454439871757),.UNSPECIFIED.);
#3744=EDGE_CURVE('',#3725,#3734,#3743,.F.);
#3745=ORIENTED_EDGE('',*,*,#3744,.T.);
#3746=CARTESIAN_POINT('',(-2.949030E-016,0.0,0.0));
#3747=DIRECTION('',(-1.0,0.0,0.0));
#3748=DIRECTION('',(0.0,0.0,1.0));
#3749=AXIS2_PLACEMENT_3D('',#3746,#3747,#3748);
#3750=CIRCLE('',#3749,1.709406602565006);
#3751=EDGE_CURVE('',#3734,#3710,#3750,.T.);
#3752=ORIENTED_EDGE('',*,*,#3751,.T.);
#3753=EDGE_LOOP('',(#3723,#3732,#3745,#3752));
#3754=FACE_OUTER_BOUND('',#3753,.T.);
#3755=ADVANCED_FACE('',(#3754),#3708,.T.);
#3756=CARTESIAN_POINT('',(0.831868514032313,0.0,0.0));
#3757=DIRECTION('',(-1.0,0.0,0.0));
#3758=DIRECTION('',(0.0,1.0,0.0));
#3759=AXIS2_PLACEMENT_3D('',#3756,#3757,#3758);
#3760=CONICAL_SURFACE('',#3759,1.235245658584751,26.500000000000004);
#3761=ORIENTED_EDGE('',*,*,#3731,.F.);
#3762=CARTESIAN_POINT('',(1.663737028064627,0.243297908703115,0.783589260500189));
#3763=VERTEX_POINT('',#3762);
#3764=CARTESIAN_POINT('',(0.053165009941458,0.240093383117168,1.605641422061162));
#3765=CARTESIAN_POINT('',(1.137717330923333,0.242002319248905,1.058606226471533));
#3766=CARTESIAN_POINT('',(1.663737028064627,0.243297908703115,0.783589260500189));
#3774=(BOUNDED_CURVE()B_SPLINE_CURVE(2,(#3764,#3765,#3766),.UNSPECIFIED.,.F.,.U.)B_SPLINE_CURVE_WITH_KNOTS((3,3),(0.004176088834029,0.18677901774098),.UNSPECIFIED.)CURVE()GEOMETRIC_REPRESENTATION_ITEM()RATIONAL_B_SPLINE_CURVE((1.002878170299441,1.064364270347942,1.0))REPRESENTATION_ITEM(''));
#3775=EDGE_CURVE('',#3712,#3763,#3774,.T.);
#3776=ORIENTED_EDGE('',*,*,#3775,.T.);
#3777=CARTESIAN_POINT('',(1.663737028064627,-0.243297908703115,0.783589260500189));
#3778=VERTEX_POINT('',#3777);
#3779=CARTESIAN_POINT('',(1.663737028064627,0.0,0.0));
#3780=DIRECTION('',(1.0,0.0,0.0));
#3781=DIRECTION('',(0.0,1.0,0.0));
#3782=AXIS2_PLACEMENT_3D('',#3779,#3780,#3781);
#3783=CIRCLE('',#3782,0.820491317169501);
#3784=EDGE_CURVE('',#3763,#3778,#3783,.T.);
#3785=ORIENTED_EDGE('',*,*,#3784,.T.);
#3786=CARTESIAN_POINT('',(1.663737028064627,-0.243297908703115,0.783589260500189));
#3787=CARTESIAN_POINT('',(1.137717330923672,-0.242002319248906,1.058606226471359));
#3788=CARTESIAN_POINT('',(0.053165009941458,-0.240093383117168,1.605641422061161));
#3796=(BOUNDED_CURVE()B_SPLINE_CURVE(2,(#3786,#3787,#3788),.UNSPECIFIED.,.F.,.U.)B_SPLINE_CURVE_WITH_KNOTS((3,3),(0.0,0.182602928906953),.UNSPECIFIED.)CURVE()GEOMETRIC_REPRESENTATION_ITEM()RATIONAL_B_SPLINE_CURVE((1.0,1.06436427034811,1.002878170299448))REPRESENTATION_ITEM(''));
#3797=EDGE_CURVE('',#3778,#3725,#3796,.T.);
#3798=ORIENTED_EDGE('',*,*,#3797,.T.);
#3799=EDGE_LOOP('',(#3761,#3776,#3785,#3798));
#3800=FACE_OUTER_BOUND('',#3799,.T.);
#3801=ADVANCED_FACE('',(#3800),#3760,.F.);
#3802=CARTESIAN_POINT('',(0.096,0.0,0.0));
#3803=DIRECTION('',(1.0,0.0,0.0));
#3804=DIRECTION('',(0.0,0.0,-1.0));
#3805=AXIS2_PLACEMENT_3D('',#3802,#3803,#3804);
#3806=TOROIDAL_SURFACE('',#3805,1.709406602565006,0.096);
#3807=CARTESIAN_POINT('',(-2.949030E-016,1.692799422439656,-0.237699491545111));
#3808=VERTEX_POINT('',#3807);
#3809=CARTESIAN_POINT('',(0.053165009941458,1.605641422061161,-0.240093383117168));
#3810=VERTEX_POINT('',#3809);
#3811=CARTESIAN_POINT('',(0.053165009941458,1.605641422061163,-0.240093383117168));
#3812=CARTESIAN_POINT('',(0.044102077642935,1.610212656520418,-0.24007743131974));
#3813=CARTESIAN_POINT('',(0.035118205548894,1.616856675112614,-0.239981081577556));
#3814=CARTESIAN_POINT('',(0.019892900548848,1.632193971635132,-0.239662357720371));
#3815=CARTESIAN_POINT('',(0.011957623031266,1.644193577425577,-0.239343530185716));
#3816=CARTESIAN_POINT('',(0.002801911673057,1.66646765298729,-0.238654346141303));
#3817=CARTESIAN_POINT('',(-2.776226E-016,1.68070729644575,-0.238160457448792));
#3818=CARTESIAN_POINT('',(-3.122502E-016,1.692799422439655,-0.237699491545111));
#3819=B_SPLINE_CURVE_WITH_KNOTS('',3,(#3811,#3812,#3813,#3814,#3815,#3816,#3817,#3818),.UNSPECIFIED.,.F.,.U.,(4,2,2,4),(0.032870252533267,0.035756905935073,0.03935430794385,0.042984580668524),.UNSPECIFIED.);
#3820=EDGE_CURVE('',#3808,#3810,#3819,.F.);
#3821=ORIENTED_EDGE('',*,*,#3820,.T.);
#3822=CARTESIAN_POINT('',(0.053165009941458,1.605641422061161,0.240093383117168));
#3823=VERTEX_POINT('',#3822);
#3824=CARTESIAN_POINT('',(0.053165009941458,0.0,-9.941027E-017));
#3825=DIRECTION('',(1.0,0.0,0.0));
#3826=DIRECTION('',(0.0,1.0,0.0));
#3827=AXIS2_PLACEMENT_3D('',#3824,#3825,#3826);
#3828=CIRCLE('',#3827,1.623492903851211);
#3829=EDGE_CURVE('',#3810,#3823,#3828,.T.);
#3830=ORIENTED_EDGE('',*,*,#3829,.T.);
#3831=CARTESIAN_POINT('',(-2.949030E-016,1.692799422439656,0.237699491545111));
#3832=VERTEX_POINT('',#3831);
#3833=CARTESIAN_POINT('',(-3.122502E-016,1.692799422439655,0.237699491545111));
#3834=CARTESIAN_POINT('',(-2.785988E-016,1.68070729644575,0.238160457448792));
#3835=CARTESIAN_POINT('',(0.002801911673057,1.66646765298729,0.238654346141303));
#3836=CARTESIAN_POINT('',(0.011957623031266,1.644193577425577,0.239343530185716));
#3837=CARTESIAN_POINT('',(0.019892900548848,1.632193971635132,0.239662357720371));
#3838=CARTESIAN_POINT('',(0.035118205548894,1.616856675112614,0.239981081577556));
#3839=CARTESIAN_POINT('',(0.044102077642935,1.610212656520418,0.24007743131974));
#3840=CARTESIAN_POINT('',(0.053165009941459,1.605641422061163,0.240093383117168));
#3841=B_SPLINE_CURVE_WITH_KNOTS('',3,(#3833,#3834,#3835,#3836,#3837,#3838,#3839,#3840),.UNSPECIFIED.,.F.,.U.,(4,2,2,4),(0.0143401117365,0.017970384461175,0.021567786469951,0.024454439871757),.UNSPECIFIED.);
#3842=EDGE_CURVE('',#3823,#3832,#3841,.F.);
#3843=ORIENTED_EDGE('',*,*,#3842,.T.);
#3844=CARTESIAN_POINT('',(-2.949030E-016,0.0,0.0));
#3845=DIRECTION('',(-1.0,0.0,0.0));
#3846=DIRECTION('',(0.0,1.0,0.0));
#3847=AXIS2_PLACEMENT_3D('',#3844,#3845,#3846);
#3848=CIRCLE('',#3847,1.709406602565006);
#3849=EDGE_CURVE('',#3832,#3808,#3848,.T.);
#3850=ORIENTED_EDGE('',*,*,#3849,.T.);
#3851=EDGE_LOOP('',(#3821,#3830,#3843,#3850));
#3852=FACE_OUTER_BOUND('',#3851,.T.);
#3853=ADVANCED_FACE('',(#3852),#3806,.T.);
#3854=CARTESIAN_POINT('',(0.831868514032313,0.0,0.0));
#3855=DIRECTION('',(-1.0,0.0,0.0));
#3856=DIRECTION('',(0.0,1.0,0.0));
#3857=AXIS2_PLACEMENT_3D('',#3854,#3855,#3856);
#3858=CONICAL_SURFACE('',#3857,1.235245658584751,26.500000000000004);
#3859=ORIENTED_EDGE('',*,*,#3829,.F.);
#3860=CARTESIAN_POINT('',(1.663737028064627,0.783589260500189,-0.243297908703115));
#3861=VERTEX_POINT('',#3860);
#3862=CARTESIAN_POINT('',(0.053165009941458,1.605641422061161,-0.240093383117168));
#3863=CARTESIAN_POINT('',(1.137717330923336,1.058606226471531,-0.242002319248905));
#3864=CARTESIAN_POINT('',(1.663737028064627,0.783589260500189,-0.243297908703115));
#3872=(BOUNDED_CURVE()B_SPLINE_CURVE(2,(#3862,#3863,#3864),.UNSPECIFIED.,.F.,.U.)B_SPLINE_CURVE_WITH_KNOTS((3,3),(0.004176088834029,0.18677901774098),.UNSPECIFIED.)CURVE()GEOMETRIC_REPRESENTATION_ITEM()RATIONAL_B_SPLINE_CURVE((1.002878170299442,1.06436427034796,1.0))REPRESENTATION_ITEM(''));
#3873=EDGE_CURVE('',#3810,#3861,#3872,.T.);
#3874=ORIENTED_EDGE('',*,*,#3873,.T.);
#3875=CARTESIAN_POINT('',(1.663737028064627,0.783589260500189,0.243297908703115));
#3876=VERTEX_POINT('',#3875);
#3877=CARTESIAN_POINT('',(1.663737028064627,0.0,0.0));
#3878=DIRECTION('',(1.0,0.0,0.0));
#3879=DIRECTION('',(0.0,1.0,0.0));
#3880=AXIS2_PLACEMENT_3D('',#3877,#3878,#3879);
#3881=CIRCLE('',#3880,0.820491317169501);
#3882=EDGE_CURVE('',#3861,#3876,#3881,.T.);
#3883=ORIENTED_EDGE('',*,*,#3882,.T.);
#3884=CARTESIAN_POINT('',(1.663737028064627,0.783589260500189,0.243297908703115));
#3885=CARTESIAN_POINT('',(1.137717330923671,1.058606226471359,0.242002319248906));
#3886=CARTESIAN_POINT('',(0.053165009941458,1.605641422061161,0.240093383117168));
#3894=(BOUNDED_CURVE()B_SPLINE_CURVE(2,(#3884,#3885,#3886),.UNSPECIFIED.,.F.,.U.)B_SPLINE_CURVE_WITH_KNOTS((3,3),(0.0,0.182602928906954),.UNSPECIFIED.)CURVE()GEOMETRIC_REPRESENTATION_ITEM()RATIONAL_B_SPLINE_CURVE((1.0,1.064364270348343,1.002878170299457))REPRESENTATION_ITEM(''));
#3895=EDGE_CURVE('',#3876,#3823,#3894,.T.);
#3896=ORIENTED_EDGE('',*,*,#3895,.T.);
#3897=EDGE_LOOP('',(#3859,#3874,#3883,#3896));
#3898=FACE_OUTER_BOUND('',#3897,.T.);
#3899=ADVANCED_FACE('',(#3898),#3858,.F.);
#3900=CARTESIAN_POINT('',(-2.959359E-016,0.24,-1.632452143249535));
#3901=DIRECTION('',(-0.017452406437284,-0.999121985164166,0.038087691859223));
#3902=DIRECTION('',(0.0,-0.038093493682821,-0.999274179461792));
#3903=AXIS2_PLACEMENT_3D('',#3900,#3901,#3902);
#3904=PLANE('',#3903);
#3905=ORIENTED_EDGE('',*,*,#3601,.F.);
#3906=CARTESIAN_POINT('',(1.801340714708224,0.251621756080064,-0.50218458988773));
#3907=VERTEX_POINT('',#3906);
#3908=CARTESIAN_POINT('',(1.801340714708224,0.251621756080064,-0.50218458988773));
#3909=CARTESIAN_POINT('',(1.747838331296035,0.248200520426428,-0.61644662274428));
#3910=CARTESIAN_POINT('',(1.663737028064627,0.243297908703115,-0.783589260500188));
#3918=(BOUNDED_CURVE()B_SPLINE_CURVE(2,(#3908,#3909,#3910),.UNSPECIFIED.,.F.,.U.)B_SPLINE_CURVE_WITH_KNOTS((3,3),(0.151948430085099,0.165537471889022),.UNSPECIFIED.)CURVE()GEOMETRIC_REPRESENTATION_ITEM()RATIONAL_B_SPLINE_CURVE((1.313838279890558,1.170952721939893,1.0))REPRESENTATION_ITEM(''));
#3919=EDGE_CURVE('',#3907,#3582,#3918,.T.);
#3920=ORIENTED_EDGE('',*,*,#3919,.F.);
#3921=CARTESIAN_POINT('',(-2.959359E-016,0.283041453586978,-0.503382345291698));
#3922=VERTEX_POINT('',#3921);
#3923=CARTESIAN_POINT('',(-2.959359E-016,0.283041453586978,-0.503382345291698));
#3924=DIRECTION('',(0.999847695156391,-0.01743973912225,0.000664823134369));
#3925=VECTOR('',#3924,1.801615109415707);
#3926=LINE('',#3923,#3925);
#3927=EDGE_CURVE('',#3922,#3907,#3926,.T.);
#3928=ORIENTED_EDGE('',*,*,#3927,.F.);
#3929=CARTESIAN_POINT('',(-2.959359E-016,0.237699491545111,-1.692799422439656));
#3930=DIRECTION('',(0.0,0.038093493682821,0.999274179461792));
#3931=VECTOR('',#3930,1.190281007549476);
#3932=LINE('',#3929,#3931);
#3933=EDGE_CURVE('',#3538,#3922,#3932,.T.);
#3934=ORIENTED_EDGE('',*,*,#3933,.F.);
#3935=ORIENTED_EDGE('',*,*,#3548,.F.);
#3936=EDGE_LOOP('',(#3905,#3920,#3928,#3934,#3935));
#3937=FACE_OUTER_BOUND('',#3936,.T.);
#3938=ADVANCED_FACE('',(#3937),#3904,.T.);
#3939=CARTESIAN_POINT('',(-2.959359E-016,0.512114891097504,-0.512114891097504));
#3940=DIRECTION('',(1.0,0.0,0.0));
#3941=DIRECTION('',(0.0,-0.999274179461792,0.03809349368282));
#3942=AXIS2_PLACEMENT_3D('',#3939,#3940,#3941);
#3943=CONICAL_SURFACE('',#3942,0.229239824483311,1.0);
#3944=CARTESIAN_POINT('',(1.801340714708224,0.50218458988773,-0.251621756080064));
#3945=VERTEX_POINT('',#3944);
#3946=CARTESIAN_POINT('',(1.801340714708224,0.50218458988773,-0.251621756080064));
#3947=CARTESIAN_POINT('',(1.808681577560094,0.486507121728709,-0.252091171087688));
#3948=CARTESIAN_POINT('',(1.815523268513794,0.470990430427823,-0.254002846255427));
#3949=CARTESIAN_POINT('',(1.83058756628927,0.434053879695687,-0.261833910214929));
#3950=CARTESIAN_POINT('',(1.839147364700163,0.410197921100106,-0.270112401875775));
#3951=CARTESIAN_POINT('',(1.850889319013505,0.365361246333868,-0.294143054960688));
#3952=CARTESIAN_POINT('',(1.854010948942869,0.344367905752335,-0.309901195913264));
#3953=CARTESIAN_POINT('',(1.854010948942869,0.309901195913264,-0.344367905752335));
#3954=CARTESIAN_POINT('',(1.850889319013505,0.294143054960689,-0.365361246333868));
#3955=CARTESIAN_POINT('',(1.839147364700163,0.270112401875775,-0.410197921100106));
#3956=CARTESIAN_POINT('',(1.83058756628927,0.261833910214929,-0.434053879695687));
#3957=CARTESIAN_POINT('',(1.815523268513795,0.254002846255427,-0.470990430427823));
#3958=CARTESIAN_POINT('',(1.808681577560094,0.252091171087688,-0.486507121728708));
#3959=CARTESIAN_POINT('',(1.801340714708224,0.251621756080064,-0.50218458988773));
#3960=B_SPLINE_CURVE_WITH_KNOTS('',3,(#3946,#3947,#3948,#3949,#3950,#3951,#3952,#3953,#3954,#3955,#3956,#3957,#3958,#3959),.UNSPECIFIED.,.F.,.U.,(4,2,2,2,2,2,4),(0.115860481511379,0.120744522947899,0.128056016223618,0.135367509499337,0.142679002775056,0.149990496050775,0.154874537487295),.UNSPECIFIED.);
#3961=EDGE_CURVE('',#3945,#3907,#3960,.T.);
#3962=ORIENTED_EDGE('',*,*,#3961,.F.);
#3963=CARTESIAN_POINT('',(-2.959359E-016,0.503382345291698,-0.283041453586978));
#3964=VERTEX_POINT('',#3963);
#3965=CARTESIAN_POINT('',(-2.959359E-016,0.503382345291698,-0.283041453586978));
#3966=DIRECTION('',(0.999847695156391,-0.000664823134369,0.01743973912225));
#3967=VECTOR('',#3966,1.801615109415707);
#3968=LINE('',#3965,#3967);
#3969=EDGE_CURVE('',#3964,#3945,#3968,.T.);
#3970=ORIENTED_EDGE('',*,*,#3969,.F.);
#3971=CARTESIAN_POINT('',(-2.959359E-016,0.512114891097504,-0.512114891097504));
#3972=DIRECTION('',(-1.0,0.0,0.0));
#3973=DIRECTION('',(0.0,-0.999274179461792,0.03809349368282));
#3974=AXIS2_PLACEMENT_3D('',#3971,#3972,#3973);
#3975=CIRCLE('',#3974,0.229239824483311);
#3976=EDGE_CURVE('',#3922,#3964,#3975,.T.);
#3977=ORIENTED_EDGE('',*,*,#3976,.F.);
#3978=ORIENTED_EDGE('',*,*,#3927,.T.);
#3979=EDGE_LOOP('',(#3962,#3970,#3977,#3978));
#3980=FACE_OUTER_BOUND('',#3979,.T.);
#3981=ADVANCED_FACE('',(#3980),#3943,.T.);
#3982=CARTESIAN_POINT('',(-2.959359E-016,-1.632452143249535,-0.24));
#3983=DIRECTION('',(-0.017452406437284,0.038087691859223,0.999121985164167));
#3984=DIRECTION('',(-1.211004E-019,-0.999274179461792,0.038093493682821));
#3985=AXIS2_PLACEMENT_3D('',#3982,#3983,#3984);
#3986=PLANE('',#3985);
#3987=ORIENTED_EDGE('',*,*,#3699,.F.);
#3988=CARTESIAN_POINT('',(1.801340714708224,-0.50218458988773,-0.251621756080064));
#3989=VERTEX_POINT('',#3988);
#3990=CARTESIAN_POINT('',(1.801340714708223,-0.50218458988773,-0.251621756080064));
#3991=CARTESIAN_POINT('',(1.747838331296035,-0.616446622744281,-0.248200520426428));
#3992=CARTESIAN_POINT('',(1.663737028064627,-0.783589260500188,-0.243297908703115));
#4000=(BOUNDED_CURVE()B_SPLINE_CURVE(2,(#3990,#3991,#3992),.UNSPECIFIED.,.F.,.U.)B_SPLINE_CURVE_WITH_KNOTS((3,3),(0.151948430085099,0.165537471889022),.UNSPECIFIED.)CURVE()GEOMETRIC_REPRESENTATION_ITEM()RATIONAL_B_SPLINE_CURVE((1.313838279890557,1.170952721939893,1.0))REPRESENTATION_ITEM(''));
#4001=EDGE_CURVE('',#3989,#3680,#4000,.T.);
#4002=ORIENTED_EDGE('',*,*,#4001,.F.);
#4003=CARTESIAN_POINT('',(-2.959359E-016,-0.503382345291698,-0.283041453586978));
#4004=VERTEX_POINT('',#4003);
#4005=CARTESIAN_POINT('',(-2.959359E-016,-0.503382345291698,-0.283041453586978));
#4006=DIRECTION('',(0.999847695156391,0.000664823134369,0.01743973912225));
#4007=VECTOR('',#4006,1.801615109415707);
#4008=LINE('',#4005,#4007);
#4009=EDGE_CURVE('',#4004,#3989,#4008,.T.);
#4010=ORIENTED_EDGE('',*,*,#4009,.F.);
#4011=CARTESIAN_POINT('',(-2.959359E-016,-1.692799422439656,-0.237699491545111));
#4012=DIRECTION('',(0.0,0.999274179461792,-0.038093493682821));
#4013=VECTOR('',#4012,1.190281007549476);
#4014=LINE('',#4011,#4013);
#4015=EDGE_CURVE('',#3636,#4004,#4014,.T.);
#4016=ORIENTED_EDGE('',*,*,#4015,.F.);
#4017=ORIENTED_EDGE('',*,*,#3646,.F.);
#4018=EDGE_LOOP('',(#3987,#4002,#4010,#4016,#4017));
#4019=FACE_OUTER_BOUND('',#4018,.T.);
#4020=ADVANCED_FACE('',(#4019),#3986,.T.);
#4021=CARTESIAN_POINT('',(-2.959359E-016,1.632452143249535,0.24));
#4022=DIRECTION('',(-0.017452406437284,-0.038087691859223,-0.999121985164167));
#4023=DIRECTION('',(-1.211004E-019,0.999274179461792,-0.038093493682821));
#4024=AXIS2_PLACEMENT_3D('',#4021,#4022,#4023);
#4025=PLANE('',#4024);
#4026=ORIENTED_EDGE('',*,*,#3895,.F.);
#4027=CARTESIAN_POINT('',(1.801340714708224,0.50218458988773,0.251621756080064));
#4028=VERTEX_POINT('',#4027);
#4029=CARTESIAN_POINT('',(1.801340714708223,0.50218458988773,0.251621756080064));
#4030=CARTESIAN_POINT('',(1.747838331296035,0.616446622744281,0.248200520426428));
#4031=CARTESIAN_POINT('',(1.663737028064627,0.783589260500188,0.243297908703115));
#4039=(BOUNDED_CURVE()B_SPLINE_CURVE(2,(#4029,#4030,#4031),.UNSPECIFIED.,.F.,.U.)B_SPLINE_CURVE_WITH_KNOTS((3,3),(0.151948430085099,0.165537471889022),.UNSPECIFIED.)CURVE()GEOMETRIC_REPRESENTATION_ITEM()RATIONAL_B_SPLINE_CURVE((1.313838279890557,1.170952721939893,1.0))REPRESENTATION_ITEM(''));
#4040=EDGE_CURVE('',#4028,#3876,#4039,.T.);
#4041=ORIENTED_EDGE('',*,*,#4040,.F.);
#4042=CARTESIAN_POINT('',(-2.959359E-016,0.503382345291698,0.283041453586978));
#4043=VERTEX_POINT('',#4042);
#4044=CARTESIAN_POINT('',(-2.959359E-016,0.503382345291698,0.283041453586978));
#4045=DIRECTION('',(0.999847695156391,-0.000664823134369,-0.01743973912225));
#4046=VECTOR('',#4045,1.801615109415707);
#4047=LINE('',#4044,#4046);
#4048=EDGE_CURVE('',#4043,#4028,#4047,.T.);
#4049=ORIENTED_EDGE('',*,*,#4048,.F.);
#4050=CARTESIAN_POINT('',(-2.959359E-016,1.692799422439656,0.237699491545111));
#4051=DIRECTION('',(0.0,-0.999274179461792,0.038093493682821));
#4052=VECTOR('',#4051,1.190281007549476);
#4053=LINE('',#4050,#4052);
#4054=EDGE_CURVE('',#3832,#4043,#4053,.T.);
#4055=ORIENTED_EDGE('',*,*,#4054,.F.);
#4056=ORIENTED_EDGE('',*,*,#3842,.F.);
#4057=EDGE_LOOP('',(#4026,#4041,#4049,#4055,#4056));
#4058=FACE_OUTER_BOUND('',#4057,.T.);
#4059=ADVANCED_FACE('',(#4058),#4025,.T.);
#4060=CARTESIAN_POINT('',(-2.959359E-016,-0.503382345291698,0.283041453586978));
#4061=DIRECTION('',(-0.017452406437284,0.038087691859223,-0.999121985164167));
#4062=DIRECTION('',(1.211004E-019,0.999274179461792,0.038093493682821));
#4063=AXIS2_PLACEMENT_3D('',#4060,#4061,#4062);
#4064=PLANE('',#4063);
#4065=CARTESIAN_POINT('',(-2.959359E-016,-0.503382345291698,0.283041453586978));
#4066=VERTEX_POINT('',#4065);
#4067=CARTESIAN_POINT('',(-2.959872E-016,-1.692799422439655,0.237699491545111));
#4068=DIRECTION('',(0.0,0.999274179461792,0.038093493682821));
#4069=VECTOR('',#4068,1.190281007549476);
#4070=LINE('',#4067,#4069);
#4071=EDGE_CURVE('',#3612,#4066,#4070,.T.);
#4072=ORIENTED_EDGE('',*,*,#4071,.T.);
#4073=CARTESIAN_POINT('',(1.801340714708224,-0.50218458988773,0.251621756080064));
#4074=VERTEX_POINT('',#4073);
#4075=CARTESIAN_POINT('',(-2.959359E-016,-0.503382345291698,0.283041453586978));
#4076=DIRECTION('',(0.999847695156391,0.000664823134369,-0.01743973912225));
#4077=VECTOR('',#4076,1.801615109415707);
#4078=LINE('',#4075,#4077);
#4079=EDGE_CURVE('',#4066,#4074,#4078,.T.);
#4080=ORIENTED_EDGE('',*,*,#4079,.T.);
#4081=CARTESIAN_POINT('',(1.663737028064627,-0.783589260500188,0.243297908703115));
#4082=CARTESIAN_POINT('',(1.747838331296036,-0.616446622744278,0.248200520426428));
#4083=CARTESIAN_POINT('',(1.801340714708224,-0.50218458988773,0.251621756080064));
#4091=(BOUNDED_CURVE()B_SPLINE_CURVE(2,(#4081,#4082,#4083),.UNSPECIFIED.,.F.,.U.)B_SPLINE_CURVE_WITH_KNOTS((3,3),(0.0,0.013589041803924),.UNSPECIFIED.)CURVE()GEOMETRIC_REPRESENTATION_ITEM()RATIONAL_B_SPLINE_CURVE((1.0,1.170952721939896,1.313838279890563))REPRESENTATION_ITEM(''));
#4092=EDGE_CURVE('',#3665,#4074,#4091,.T.);
#4093=ORIENTED_EDGE('',*,*,#4092,.F.);
#4094=ORIENTED_EDGE('',*,*,#3677,.F.);
#4095=ORIENTED_EDGE('',*,*,#3624,.F.);
#4096=EDGE_LOOP('',(#4072,#4080,#4093,#4094,#4095));
#4097=FACE_OUTER_BOUND('',#4096,.T.);
#4098=ADVANCED_FACE('',(#4097),#4064,.T.);
#4099=CARTESIAN_POINT('',(-2.959359E-016,-0.24,1.632452143249535));
#4100=DIRECTION('',(-0.017452406437284,0.999121985164166,-0.038087691859223));
#4101=DIRECTION('',(0.0,0.038093493682821,0.999274179461792));
#4102=AXIS2_PLACEMENT_3D('',#4099,#4100,#4101);
#4103=PLANE('',#4102);
#4104=ORIENTED_EDGE('',*,*,#3797,.F.);
#4105=CARTESIAN_POINT('',(1.801340714708224,-0.251621756080064,0.50218458988773));
#4106=VERTEX_POINT('',#4105);
#4107=CARTESIAN_POINT('',(1.801340714708224,-0.251621756080064,0.50218458988773));
#4108=CARTESIAN_POINT('',(1.747838331296036,-0.248200520426428,0.616446622744279));
#4109=CARTESIAN_POINT('',(1.663737028064627,-0.243297908703115,0.783589260500188));
#4117=(BOUNDED_CURVE()B_SPLINE_CURVE(2,(#4107,#4108,#4109),.UNSPECIFIED.,.F.,.U.)B_SPLINE_CURVE_WITH_KNOTS((3,3),(0.151948430085099,0.165537471889022),.UNSPECIFIED.)CURVE()GEOMETRIC_REPRESENTATION_ITEM()RATIONAL_B_SPLINE_CURVE((1.31383827989056,1.170952721939894,1.0))REPRESENTATION_ITEM(''));
#4118=EDGE_CURVE('',#4106,#3778,#4117,.T.);
#4119=ORIENTED_EDGE('',*,*,#4118,.F.);
#4120=CARTESIAN_POINT('',(-2.959359E-016,-0.283041453586978,0.503382345291698));
#4121=VERTEX_POINT('',#4120);
#4122=CARTESIAN_POINT('',(-2.959359E-016,-0.283041453586978,0.503382345291698));
#4123=DIRECTION('',(0.999847695156391,0.01743973912225,-0.000664823134369));
#4124=VECTOR('',#4123,1.801615109415707);
#4125=LINE('',#4122,#4124);
#4126=EDGE_CURVE('',#4121,#4106,#4125,.T.);
#4127=ORIENTED_EDGE('',*,*,#4126,.F.);
#4128=CARTESIAN_POINT('',(-2.959359E-016,-0.237699491545111,1.692799422439656));
#4129=DIRECTION('',(0.0,-0.038093493682821,-0.999274179461792));
#4130=VECTOR('',#4129,1.190281007549476);
#4131=LINE('',#4128,#4130);
#4132=EDGE_CURVE('',#3734,#4121,#4131,.T.);
#4133=ORIENTED_EDGE('',*,*,#4132,.F.);
#4134=ORIENTED_EDGE('',*,*,#3744,.F.);
#4135=EDGE_LOOP('',(#4104,#4119,#4127,#4133,#4134));
#4136=FACE_OUTER_BOUND('',#4135,.T.);
#4137=ADVANCED_FACE('',(#4136),#4103,.T.);
#4138=CARTESIAN_POINT('',(-2.959359E-016,-0.512114891097504,0.512114891097504));
#4139=DIRECTION('',(1.0,0.0,0.0));
#4140=DIRECTION('',(0.0,0.999274179461792,-0.03809349368282));
#4141=AXIS2_PLACEMENT_3D('',#4138,#4139,#4140);
#4142=CONICAL_SURFACE('',#4141,0.229239824483311,1.0);
#4143=CARTESIAN_POINT('',(1.801340714708224,-0.50218458988773,0.251621756080064));
#4144=CARTESIAN_POINT('',(1.808681577560094,-0.486507121728709,0.252091171087688));
#4145=CARTESIAN_POINT('',(1.815523268513794,-0.470990430427823,0.254002846255427));
#4146=CARTESIAN_POINT('',(1.83058756628927,-0.434053879695687,0.261833910214929));
#4147=CARTESIAN_POINT('',(1.839147364700163,-0.410197921100106,0.270112401875775));
#4148=CARTESIAN_POINT('',(1.850889319013505,-0.365361246333868,0.294143054960688));
#4149=CARTESIAN_POINT('',(1.854010948942869,-0.344367905752335,0.309901195913264));
#4150=CARTESIAN_POINT('',(1.854010948942869,-0.309901195913264,0.344367905752335));
#4151=CARTESIAN_POINT('',(1.850889319013505,-0.294143054960689,0.365361246333868));
#4152=CARTESIAN_POINT('',(1.839147364700163,-0.270112401875775,0.410197921100106));
#4153=CARTESIAN_POINT('',(1.83058756628927,-0.261833910214929,0.434053879695687));
#4154=CARTESIAN_POINT('',(1.815523268513795,-0.254002846255427,0.470990430427823));
#4155=CARTESIAN_POINT('',(1.808681577560094,-0.252091171087688,0.486507121728708));
#4156=CARTESIAN_POINT('',(1.801340714708224,-0.251621756080064,0.50218458988773));
#4157=B_SPLINE_CURVE_WITH_KNOTS('',3,(#4143,#4144,#4145,#4146,#4147,#4148,#4149,#4150,#4151,#4152,#4153,#4154,#4155,#4156),.UNSPECIFIED.,.F.,.U.,(4,2,2,2,2,2,4),(0.115860481511379,0.120744522947899,0.128056016223618,0.135367509499337,0.142679002775056,0.149990496050775,0.154874537487295),.UNSPECIFIED.);
#4158=EDGE_CURVE('',#4074,#4106,#4157,.T.);
#4159=ORIENTED_EDGE('',*,*,#4158,.F.);
#4160=ORIENTED_EDGE('',*,*,#4079,.F.);
#4161=CARTESIAN_POINT('',(-2.959359E-016,-0.512114891097504,0.512114891097504));
#4162=DIRECTION('',(-1.0,0.0,0.0));
#4163=DIRECTION('',(0.0,0.999274179461792,-0.03809349368282));
#4164=AXIS2_PLACEMENT_3D('',#4161,#4162,#4163);
#4165=CIRCLE('',#4164,0.229239824483311);
#4166=EDGE_CURVE('',#4121,#4066,#4165,.T.);
#4167=ORIENTED_EDGE('',*,*,#4166,.F.);
#4168=ORIENTED_EDGE('',*,*,#4126,.T.);
#4169=EDGE_LOOP('',(#4159,#4160,#4167,#4168));
#4170=FACE_OUTER_BOUND('',#4169,.T.);
#4171=ADVANCED_FACE('',(#4170),#4142,.T.);
#4172=CARTESIAN_POINT('',(-2.959359E-016,0.503382345291698,-0.283041453586978));
#4173=DIRECTION('',(-0.017452406437284,-0.038087691859223,0.999121985164167));
#4174=DIRECTION('',(1.211004E-019,-0.999274179461792,-0.038093493682821));
#4175=AXIS2_PLACEMENT_3D('',#4172,#4173,#4174);
#4176=PLANE('',#4175);
#4177=CARTESIAN_POINT('',(-2.962582E-016,1.692799422439655,-0.237699491545111));
#4178=DIRECTION('',(0.0,-0.999274179461792,-0.038093493682821));
#4179=VECTOR('',#4178,1.190281007549476);
#4180=LINE('',#4177,#4179);
#4181=EDGE_CURVE('',#3808,#3964,#4180,.T.);
#4182=ORIENTED_EDGE('',*,*,#4181,.T.);
#4183=ORIENTED_EDGE('',*,*,#3969,.T.);
#4184=CARTESIAN_POINT('',(1.663737028064627,0.783589260500188,-0.243297908703115));
#4185=CARTESIAN_POINT('',(1.747838331296036,0.616446622744278,-0.248200520426428));
#4186=CARTESIAN_POINT('',(1.801340714708224,0.50218458988773,-0.251621756080064));
#4194=(BOUNDED_CURVE()B_SPLINE_CURVE(2,(#4184,#4185,#4186),.UNSPECIFIED.,.F.,.U.)B_SPLINE_CURVE_WITH_KNOTS((3,3),(0.0,0.013589041803924),.UNSPECIFIED.)CURVE()GEOMETRIC_REPRESENTATION_ITEM()RATIONAL_B_SPLINE_CURVE((1.0,1.170952721939896,1.313838279890563))REPRESENTATION_ITEM(''));
#4195=EDGE_CURVE('',#3861,#3945,#4194,.T.);
#4196=ORIENTED_EDGE('',*,*,#4195,.F.);
#4197=ORIENTED_EDGE('',*,*,#3873,.F.);
#4198=ORIENTED_EDGE('',*,*,#3820,.F.);
#4199=EDGE_LOOP('',(#4182,#4183,#4196,#4197,#4198));
#4200=FACE_OUTER_BOUND('',#4199,.T.);
#4201=ADVANCED_FACE('',(#4200),#4176,.T.);
#4202=CARTESIAN_POINT('',(-2.959359E-016,-0.512114891097504,-0.512114891097504));
#4203=DIRECTION('',(1.0,0.0,0.0));
#4204=DIRECTION('',(0.0,0.03809349368282,0.999274179461792));
#4205=AXIS2_PLACEMENT_3D('',#4202,#4203,#4204);
#4206=CONICAL_SURFACE('',#4205,0.229239824483311,1.0);
#4207=CARTESIAN_POINT('',(1.801340714708224,-0.251621756080064,-0.50218458988773));
#4208=VERTEX_POINT('',#4207);
#4209=CARTESIAN_POINT('',(1.801340714708224,-0.251621756080064,-0.50218458988773));
#4210=CARTESIAN_POINT('',(1.808681577560094,-0.252091171087688,-0.486507121728709));
#4211=CARTESIAN_POINT('',(1.815523268513795,-0.254002846255427,-0.470990430427823));
#4212=CARTESIAN_POINT('',(1.83058756628927,-0.261833910214929,-0.434053879695688));
#4213=CARTESIAN_POINT('',(1.839147364700163,-0.270112401875775,-0.410197921100107));
#4214=CARTESIAN_POINT('',(1.850889319013505,-0.294143054960688,-0.365361246333868));
#4215=CARTESIAN_POINT('',(1.854010948942869,-0.309901195913264,-0.344367905752335));
#4216=CARTESIAN_POINT('',(1.854010948942869,-0.344367905752335,-0.309901195913264));
#4217=CARTESIAN_POINT('',(1.850889319013505,-0.365361246333868,-0.294143054960689));
#4218=CARTESIAN_POINT('',(1.839147364700163,-0.410197921100106,-0.270112401875775));
#4219=CARTESIAN_POINT('',(1.83058756628927,-0.434053879695687,-0.261833910214929));
#4220=CARTESIAN_POINT('',(1.815523268513795,-0.470990430427823,-0.254002846255427));
#4221=CARTESIAN_POINT('',(1.808681577560094,-0.486507121728708,-0.252091171087688));
#4222=CARTESIAN_POINT('',(1.801340714708224,-0.50218458988773,-0.251621756080064));
#4223=B_SPLINE_CURVE_WITH_KNOTS('',3,(#4209,#4210,#4211,#4212,#4213,#4214,#4215,#4216,#4217,#4218,#4219,#4220,#4221,#4222),.UNSPECIFIED.,.F.,.U.,(4,2,2,2,2,2,4),(0.115860481511379,0.120744522947899,0.128056016223618,0.135367509499337,0.142679002775056,0.149990496050775,0.154874537487295),.UNSPECIFIED.);
#4224=EDGE_CURVE('',#4208,#3989,#4223,.T.);
#4225=ORIENTED_EDGE('',*,*,#4224,.F.);
#4226=CARTESIAN_POINT('',(-2.959359E-016,-0.283041453586978,-0.503382345291698));
#4227=VERTEX_POINT('',#4226);
#4228=CARTESIAN_POINT('',(-2.959359E-016,-0.283041453586978,-0.503382345291698));
#4229=DIRECTION('',(0.999847695156391,0.01743973912225,0.000664823134369));
#4230=VECTOR('',#4229,1.801615109415707);
#4231=LINE('',#4228,#4230);
#4232=EDGE_CURVE('',#4227,#4208,#4231,.T.);
#4233=ORIENTED_EDGE('',*,*,#4232,.F.);
#4234=CARTESIAN_POINT('',(-2.959359E-016,-0.512114891097504,-0.512114891097504));
#4235=DIRECTION('',(-1.0,0.0,0.0));
#4236=DIRECTION('',(0.0,0.03809349368282,0.999274179461792));
#4237=AXIS2_PLACEMENT_3D('',#4234,#4235,#4236);
#4238=CIRCLE('',#4237,0.229239824483311);
#4239=EDGE_CURVE('',#4004,#4227,#4238,.T.);
#4240=ORIENTED_EDGE('',*,*,#4239,.F.);
#4241=ORIENTED_EDGE('',*,*,#4009,.T.);
#4242=EDGE_LOOP('',(#4225,#4233,#4240,#4241));
#4243=FACE_OUTER_BOUND('',#4242,.T.);
#4244=ADVANCED_FACE('',(#4243),#4206,.T.);
#4245=CARTESIAN_POINT('',(-2.959359E-016,-0.283041453586978,-0.503382345291698));
#4246=DIRECTION('',(-0.017452406437284,0.999121985164167,0.038087691859223));
#4247=DIRECTION('',(1.211004E-019,-0.038093493682821,0.999274179461792));
#4248=AXIS2_PLACEMENT_3D('',#4245,#4246,#4247);
#4249=PLANE('',#4248);
#4250=CARTESIAN_POINT('',(-2.992398E-016,-0.237699491545111,-1.692799422439655));
#4251=DIRECTION('',(0.0,-0.038093493682821,0.999274179461792));
#4252=VECTOR('',#4251,1.190281007549476);
#4253=LINE('',#4250,#4252);
#4254=EDGE_CURVE('',#3514,#4227,#4253,.T.);
#4255=ORIENTED_EDGE('',*,*,#4254,.T.);
#4256=ORIENTED_EDGE('',*,*,#4232,.T.);
#4257=CARTESIAN_POINT('',(1.663737028064627,-0.243297908703115,-0.783589260500188));
#4258=CARTESIAN_POINT('',(1.747838331296036,-0.248200520426428,-0.616446622744278));
#4259=CARTESIAN_POINT('',(1.801340714708224,-0.251621756080064,-0.50218458988773));
#4267=(BOUNDED_CURVE()B_SPLINE_CURVE(2,(#4257,#4258,#4259),.UNSPECIFIED.,.F.,.U.)B_SPLINE_CURVE_WITH_KNOTS((3,3),(0.0,0.013589041803924),.UNSPECIFIED.)CURVE()GEOMETRIC_REPRESENTATION_ITEM()RATIONAL_B_SPLINE_CURVE((1.0,1.170952721939896,1.313838279890563))REPRESENTATION_ITEM(''));
#4268=EDGE_CURVE('',#3567,#4208,#4267,.T.);
#4269=ORIENTED_EDGE('',*,*,#4268,.F.);
#4270=ORIENTED_EDGE('',*,*,#3579,.F.);
#4271=ORIENTED_EDGE('',*,*,#3526,.F.);
#4272=EDGE_LOOP('',(#4255,#4256,#4269,#4270,#4271));
#4273=FACE_OUTER_BOUND('',#4272,.T.);
#4274=ADVANCED_FACE('',(#4273),#4249,.T.);
#4275=CARTESIAN_POINT('',(-2.959359E-016,0.283041453586978,0.503382345291698));
#4276=DIRECTION('',(-0.017452406437284,-0.999121985164167,-0.038087691859223));
#4277=DIRECTION('',(1.211004E-019,0.038093493682821,-0.999274179461792));
#4278=AXIS2_PLACEMENT_3D('',#4275,#4276,#4277);
#4279=PLANE('',#4278);
#4280=CARTESIAN_POINT('',(-2.959359E-016,0.283041453586978,0.503382345291698));
#4281=VERTEX_POINT('',#4280);
#4282=CARTESIAN_POINT('',(-2.949030E-016,0.237699491545111,1.692799422439655));
#4283=DIRECTION('',(0.0,0.038093493682821,-0.999274179461792));
#4284=VECTOR('',#4283,1.190281007549476);
#4285=LINE('',#4282,#4284);
#4286=EDGE_CURVE('',#3710,#4281,#4285,.T.);
#4287=ORIENTED_EDGE('',*,*,#4286,.T.);
#4288=CARTESIAN_POINT('',(1.801340714708224,0.251621756080064,0.50218458988773));
#4289=VERTEX_POINT('',#4288);
#4290=CARTESIAN_POINT('',(-2.959359E-016,0.283041453586978,0.503382345291698));
#4291=DIRECTION('',(0.999847695156391,-0.01743973912225,-0.000664823134369));
#4292=VECTOR('',#4291,1.801615109415707);
#4293=LINE('',#4290,#4292);
#4294=EDGE_CURVE('',#4281,#4289,#4293,.T.);
#4295=ORIENTED_EDGE('',*,*,#4294,.T.);
#4296=CARTESIAN_POINT('',(1.663737028064627,0.243297908703115,0.783589260500188));
#4297=CARTESIAN_POINT('',(1.747838331296036,0.248200520426428,0.616446622744278));
#4298=CARTESIAN_POINT('',(1.801340714708224,0.251621756080064,0.50218458988773));
#4306=(BOUNDED_CURVE()B_SPLINE_CURVE(2,(#4296,#4297,#4298),.UNSPECIFIED.,.F.,.U.)B_SPLINE_CURVE_WITH_KNOTS((3,3),(0.0,0.013589041803924),.UNSPECIFIED.)CURVE()GEOMETRIC_REPRESENTATION_ITEM()RATIONAL_B_SPLINE_CURVE((1.0,1.170952721939896,1.313838279890563))REPRESENTATION_ITEM(''));
#4307=EDGE_CURVE('',#3763,#4289,#4306,.T.);
#4308=ORIENTED_EDGE('',*,*,#4307,.F.);
#4309=ORIENTED_EDGE('',*,*,#3775,.F.);
#4310=ORIENTED_EDGE('',*,*,#3722,.F.);
#4311=EDGE_LOOP('',(#4287,#4295,#4308,#4309,#4310));
#4312=FACE_OUTER_BOUND('',#4311,.T.);
#4313=ADVANCED_FACE('',(#4312),#4279,.T.);
#4314=CARTESIAN_POINT('',(-2.959359E-016,0.512114891097504,0.512114891097504));
#4315=DIRECTION('',(1.0,0.0,0.0));
#4316=DIRECTION('',(0.0,-0.03809349368282,-0.999274179461792));
#4317=AXIS2_PLACEMENT_3D('',#4314,#4315,#4316);
#4318=CONICAL_SURFACE('',#4317,0.229239824483311,1.0);
#4319=CARTESIAN_POINT('',(1.801340714708224,0.251621756080064,0.50218458988773));
#4320=CARTESIAN_POINT('',(1.808681577560094,0.252091171087688,0.486507121728709));
#4321=CARTESIAN_POINT('',(1.815523268513795,0.254002846255427,0.470990430427823));
#4322=CARTESIAN_POINT('',(1.83058756628927,0.261833910214929,0.434053879695688));
#4323=CARTESIAN_POINT('',(1.839147364700163,0.270112401875775,0.410197921100107));
#4324=CARTESIAN_POINT('',(1.850889319013505,0.294143054960688,0.365361246333868));
#4325=CARTESIAN_POINT('',(1.854010948942869,0.309901195913264,0.344367905752335));
#4326=CARTESIAN_POINT('',(1.854010948942869,0.344367905752335,0.309901195913264));
#4327=CARTESIAN_POINT('',(1.850889319013505,0.365361246333868,0.294143054960689));
#4328=CARTESIAN_POINT('',(1.839147364700163,0.410197921100106,0.270112401875775));
#4329=CARTESIAN_POINT('',(1.83058756628927,0.434053879695687,0.261833910214929));
#4330=CARTESIAN_POINT('',(1.815523268513795,0.470990430427823,0.254002846255427));
#4331=CARTESIAN_POINT('',(1.808681577560094,0.486507121728708,0.252091171087688));
#4332=CARTESIAN_POINT('',(1.801340714708224,0.50218458988773,0.251621756080064));
#4333=B_SPLINE_CURVE_WITH_KNOTS('',3,(#4319,#4320,#4321,#4322,#4323,#4324,#4325,#4326,#4327,#4328,#4329,#4330,#4331,#4332),.UNSPECIFIED.,.F.,.U.,(4,2,2,2,2,2,4),(0.115860481511379,0.120744522947899,0.128056016223618,0.135367509499337,0.142679002775056,0.149990496050775,0.154874537487295),.UNSPECIFIED.);
#4334=EDGE_CURVE('',#4289,#4028,#4333,.T.);
#4335=ORIENTED_EDGE('',*,*,#4334,.F.);
#4336=ORIENTED_EDGE('',*,*,#4294,.F.);
#4337=CARTESIAN_POINT('',(-2.959359E-016,0.512114891097504,0.512114891097504));
#4338=DIRECTION('',(-1.0,0.0,0.0));
#4339=DIRECTION('',(0.0,-0.03809349368282,-0.999274179461792));
#4340=AXIS2_PLACEMENT_3D('',#4337,#4338,#4339);
#4341=CIRCLE('',#4340,0.229239824483311);
#4342=EDGE_CURVE('',#4043,#4281,#4341,.T.);
#4343=ORIENTED_EDGE('',*,*,#4342,.F.);
#4344=ORIENTED_EDGE('',*,*,#4048,.T.);
#4345=EDGE_LOOP('',(#4335,#4336,#4343,#4344));
#4346=FACE_OUTER_BOUND('',#4345,.T.);
#4347=ADVANCED_FACE('',(#4346),#4318,.T.);
#4348=CARTESIAN_POINT('',(1.881868514032313,0.0,0.0));
#4349=DIRECTION('',(-1.0,0.0,0.0));
#4350=DIRECTION('',(0.0,1.0,0.0));
#4351=AXIS2_PLACEMENT_3D('',#4348,#4349,#4350);
#4352=CONICAL_SURFACE('',#4351,0.410245658584751,61.999999999999986);
#4353=ORIENTED_EDGE('',*,*,#3919,.T.);
#4354=ORIENTED_EDGE('',*,*,#3588,.F.);
#4355=ORIENTED_EDGE('',*,*,#4268,.T.);
#4356=ORIENTED_EDGE('',*,*,#4224,.T.);
#4357=ORIENTED_EDGE('',*,*,#4001,.T.);
#4358=ORIENTED_EDGE('',*,*,#3686,.F.);
#4359=ORIENTED_EDGE('',*,*,#4092,.T.);
#4360=ORIENTED_EDGE('',*,*,#4158,.T.);
#4361=ORIENTED_EDGE('',*,*,#4118,.T.);
#4362=ORIENTED_EDGE('',*,*,#3784,.F.);
#4363=ORIENTED_EDGE('',*,*,#4307,.T.);
#4364=ORIENTED_EDGE('',*,*,#4334,.T.);
#4365=ORIENTED_EDGE('',*,*,#4040,.T.);
#4366=ORIENTED_EDGE('',*,*,#3882,.F.);
#4367=ORIENTED_EDGE('',*,*,#4195,.T.);
#4368=ORIENTED_EDGE('',*,*,#3961,.T.);
#4369=EDGE_LOOP('',(#4353,#4354,#4355,#4356,#4357,#4358,#4359,#4360,#4361,#4362,#4363,#4364,#4365,#4366,#4367,#4368));
#4370=FACE_OUTER_BOUND('',#4369,.T.);
#4371=ADVANCED_FACE('',(#4370),#4352,.F.);
#4372=CARTESIAN_POINT('',(-2.959359E-016,2.325000000000003,0.0));
#4373=DIRECTION('',(-1.0,0.0,0.0));
#4374=DIRECTION('',(0.0,0.0,1.0));
#4375=AXIS2_PLACEMENT_3D('',#4372,#4373,#4374);
#4376=PLANE('',#4375);
#4377=CARTESIAN_POINT('',(-5.918718E-016,3.000000000000005,0.0));
#4378=VERTEX_POINT('',#4377);
#4379=CARTESIAN_POINT('',(0.0,0.0,0.0));
#4380=DIRECTION('',(1.0,0.0,0.0));
#4381=DIRECTION('',(0.0,1.0,0.0));
#4382=AXIS2_PLACEMENT_3D('',#4379,#4380,#4381);
#4383=CIRCLE('',#4382,3.000000000000005);
#4384=EDGE_CURVE('',#4378,#4378,#4383,.T.);
#4385=ORIENTED_EDGE('',*,*,#4384,.F.);
#4386=EDGE_LOOP('',(#4385));
#4387=FACE_OUTER_BOUND('',#4386,.T.);
#4388=ORIENTED_EDGE('',*,*,#3933,.T.);
#4389=ORIENTED_EDGE('',*,*,#3976,.T.);
#4390=ORIENTED_EDGE('',*,*,#4181,.F.);
#4391=ORIENTED_EDGE('',*,*,#3849,.F.);
#4392=ORIENTED_EDGE('',*,*,#4054,.T.);
#4393=ORIENTED_EDGE('',*,*,#4342,.T.);
#4394=ORIENTED_EDGE('',*,*,#4286,.F.);
#4395=ORIENTED_EDGE('',*,*,#3751,.F.);
#4396=ORIENTED_EDGE('',*,*,#4132,.T.);
#4397=ORIENTED_EDGE('',*,*,#4166,.T.);
#4398=ORIENTED_EDGE('',*,*,#4071,.F.);
#4399=ORIENTED_EDGE('',*,*,#3653,.F.);
#4400=ORIENTED_EDGE('',*,*,#4015,.T.);
#4401=ORIENTED_EDGE('',*,*,#4239,.T.);
#4402=ORIENTED_EDGE('',*,*,#4254,.F.);
#4403=ORIENTED_EDGE('',*,*,#3555,.F.);
#4404=EDGE_LOOP('',(#4388,#4389,#4390,#4391,#4392,#4393,#4394,#4395,#4396,#4397,#4398,#4399,#4400,#4401,#4402,#4403));
#4405=FACE_BOUND('',#4404,.T.);
#4406=ADVANCED_FACE('',(#4387,#4405),#4376,.T.);
#4407=CARTESIAN_POINT('',(0.099999999999997,0.0,0.0));
#4408=DIRECTION('',(1.0,0.0,0.0));
#4409=DIRECTION('',(0.0,1.0,0.0));
#4410=AXIS2_PLACEMENT_3D('',#4407,#4408,#4409);
#4411=CYLINDRICAL_SURFACE('',#4410,3.000000000000005);
#4412=CARTESIAN_POINT('',(0.199999999999994,3.000000000000005,0.0));
#4413=VERTEX_POINT('',#4412);
#4414=CARTESIAN_POINT('',(0.199999999999994,0.0,0.0));
#4415=DIRECTION('',(1.0,0.0,0.0));
#4416=DIRECTION('',(0.0,1.0,0.0));
#4417=AXIS2_PLACEMENT_3D('',#4414,#4415,#4416);
#4418=CIRCLE('',#4417,3.000000000000005);
#4419=EDGE_CURVE('',#4413,#4413,#4418,.T.);
#4420=ORIENTED_EDGE('',*,*,#4419,.F.);
#4421=EDGE_LOOP('',(#4420));
#4422=FACE_OUTER_BOUND('',#4421,.T.);
#4423=ORIENTED_EDGE('',*,*,#4384,.T.);
#4424=EDGE_LOOP('',(#4423));
#4425=FACE_BOUND('',#4424,.T.);
#4426=ADVANCED_FACE('',(#4422,#4425),#4411,.T.);
#4427=CARTESIAN_POINT('',(0.949999999999998,0.0,0.0));
#4428=DIRECTION('',(-1.0,0.0,0.0));
#4429=DIRECTION('',(0.0,1.0,0.0));
#4430=AXIS2_PLACEMENT_3D('',#4427,#4428,#4429);
#4431=CONICAL_SURFACE('',#4430,2.250000000000002,44.999999999999993);
#4432=ORIENTED_EDGE('',*,*,#3500,.F.);
#4433=EDGE_LOOP('',(#4432));
#4434=FACE_OUTER_BOUND('',#4433,.T.);
#4435=ORIENTED_EDGE('',*,*,#4419,.T.);
#4436=EDGE_LOOP('',(#4435));
#4437=FACE_BOUND('',#4436,.T.);
#4438=ADVANCED_FACE('',(#4434,#4437),#4431,.T.);
#4439=CLOSED_SHELL('',(#3478,#3487,#3507,#3559,#3605,#3657,#3703,#3755,#3801,#3853,#3899,#3938,#3981,#4020,#4059,#4098,#4137,#4171,#4201,#4244,#4274,#4313,#4347,#4371,#4406,#4426,#4438));
#4440=MANIFOLD_SOLID_BREP('\X2\30BD30EA30C330C9\X0\1',#4439);
#4441=COLOUR_RGB('',0.639216005802155,0.639216005802155,0.686275005340576);
#4442=FILL_AREA_STYLE_COLOUR('',#4441);
#4443=FILL_AREA_STYLE('',(#4442));
#4444=SURFACE_STYLE_FILL_AREA(#4443);
#4445=SURFACE_SIDE_STYLE('',(#4444));
#4446=SURFACE_STYLE_USAGE(.BOTH.,#4445);
#4447=PRESENTATION_STYLE_ASSIGNMENT((#4446));
#4448=STYLED_ITEM('',(#4447),#3478);
#4449=STYLED_ITEM('',(#4447),#3487);
#4450=STYLED_ITEM('',(#4447),#3507);
#4451=STYLED_ITEM('',(#4447),#3559);
#4452=STYLED_ITEM('',(#4447),#3605);
#4453=STYLED_ITEM('',(#4447),#3657);
#4454=STYLED_ITEM('',(#4447),#3703);
#4455=STYLED_ITEM('',(#4447),#3755);
#4456=STYLED_ITEM('',(#4447),#3801);
#4457=STYLED_ITEM('',(#4447),#3853);
#4458=STYLED_ITEM('',(#4447),#3899);
#4459=STYLED_ITEM('',(#4447),#3938);
#4460=STYLED_ITEM('',(#4447),#3981);
#4461=STYLED_ITEM('',(#4447),#4020);
#4462=STYLED_ITEM('',(#4447),#4059);
#4463=STYLED_ITEM('',(#4447),#4098);
#4464=STYLED_ITEM('',(#4447),#4137);
#4465=STYLED_ITEM('',(#4447),#4171);
#4466=STYLED_ITEM('',(#4447),#4201);
#4467=STYLED_ITEM('',(#4447),#4244);
#4468=STYLED_ITEM('',(#4447),#4274);
#4469=STYLED_ITEM('',(#4447),#4313);
#4470=STYLED_ITEM('',(#4447),#4347);
#4471=STYLED_ITEM('',(#4447),#4371);
#4472=STYLED_ITEM('',(#4447),#4406);
#4473=STYLED_ITEM('',(#4447),#4426);
#4474=STYLED_ITEM('',(#4447),#4438);
#4475=MECHANICAL_DESIGN_GEOMETRIC_PRESENTATION_REPRESENTATION('',(#4448,#4449,#4450,#4451,#4452,#4453,#4454,#4455,#4456,#4457,#4458,#4459,#4460,#4461,#4462,#4463,#4464,#4465,#4466,#4467,#4468,#4469,#4470,#4471,#4472,#4473,#4474),#3450);
#4476=COLOUR_RGB('Metal-Steel',0.639216005802155,0.639216005802155,0.686275005340576);
#4477=FILL_AREA_STYLE_COLOUR('Metal-Steel',#4476);
#4478=FILL_AREA_STYLE('Metal-Steel',(#4477));
#4479=SURFACE_STYLE_FILL_AREA(#4478);
#4480=SURFACE_SIDE_STYLE('Metal-Steel',(#4479));
#4481=SURFACE_STYLE_USAGE(.BOTH.,#4480);
#4482=PRESENTATION_STYLE_ASSIGNMENT((#4481));
#4483=STYLED_ITEM('',(#4482),#4440);
#4484=ADVANCED_BREP_SHAPE_REPRESENTATION('ABSR',(#4440),#3419);
#4485=SHAPE_REPRESENTATION_RELATIONSHIP('SRR','None',#4484,#3424);
#4486=AXIS2_PLACEMENT_3D('',#4487,#4488,#4489);
#4487=CARTESIAN_POINT('',(-54.062692877263174,-6.471964755924393,-2.550000000000044));
#4488=DIRECTION('',(-0.999999999997736,-0.000002128642909,-3.494033E-015));
#4489=DIRECTION('',(-2.749761E-015,-6.123234E-017,0.999999999999999));
#4490=NEXT_ASSEMBLY_USAGE_OCCURRENCE('JIS B 1122 - ST3.0 x10:5','JIS B 1122 - ST3.0 x10:5','JIS B 1122 - ST3.0 x10:5',#12,#3395,'JIS B 1122 - ST3.0 x10:5');
#4491=PRODUCT_DEFINITION_SHAPE('JIS B 1122 - ST3.0 x10:5','JIS B 1122 - ST3.0 x10:5',#4490);
#4492=ITEM_DEFINED_TRANSFORMATION('JIS B 1122 - ST3.0 x10:5','JIS B 1122 - ST3.0 x10:5',#3420,#4486);
#4496=(REPRESENTATION_RELATIONSHIP('JIS B 1122 - ST3.0 x10:5','JIS B 1122 - ST3.0 x10:5',#3424,#41)REPRESENTATION_RELATIONSHIP_WITH_TRANSFORMATION(#4492)SHAPE_REPRESENTATION_RELATIONSHIP());
#4497=CONTEXT_DEPENDENT_SHAPE_REPRESENTATION(#4496,#4491);
#4498=AXIS2_PLACEMENT_3D('',#4499,#4500,#4501);
#4499=CARTESIAN_POINT('',(45.53730712273682,-6.471964755922125,68.549999999999912));
#4500=DIRECTION('',(-0.998761769500047,-0.049748646063372,-8.997880E-016));
#4501=DIRECTION('',(-8.677145E-017,6.123234E-017,-1.000000000000001));
#4502=NEXT_ASSEMBLY_USAGE_OCCURRENCE('JIS B 1122 - ST3.0 x10:6','JIS B 1122 - ST3.0 x10:6','JIS B 1122 - ST3.0 x10:6',#12,#3395,'JIS B 1122 - ST3.0 x10:6');
#4503=PRODUCT_DEFINITION_SHAPE('JIS B 1122 - ST3.0 x10:6','JIS B 1122 - ST3.0 x10:6',#4502);
#4504=ITEM_DEFINED_TRANSFORMATION('JIS B 1122 - ST3.0 x10:6','JIS B 1122 - ST3.0 x10:6',#3420,#4498);
#4508=(REPRESENTATION_RELATIONSHIP('JIS B 1122 - ST3.0 x10:6','JIS B 1122 - ST3.0 x10:6',#3424,#41)REPRESENTATION_RELATIONSHIP_WITH_TRANSFORMATION(#4504)SHAPE_REPRESENTATION_RELATIONSHIP());
#4509=CONTEXT_DEPENDENT_SHAPE_REPRESENTATION(#4508,#4503);
#4510=AXIS2_PLACEMENT_3D('',#4511,#4512,#4513);
#4511=CARTESIAN_POINT('',(-54.062692877263189,-6.471964755924409,68.549999999999926));
#4512=DIRECTION('',(-0.046960765785079,-0.998896734641218,-3.312868E-016));
#4513=DIRECTION('',(2.224081E-015,6.123234E-017,-1.000000000000007));
#4514=NEXT_ASSEMBLY_USAGE_OCCURRENCE('JIS B 1122 - ST3.0 x10:7','JIS B 1122 - ST3.0 x10:7','JIS B 1122 - ST3.0 x10:7',#12,#3395,'JIS B 1122 - ST3.0 x10:7');
#4515=PRODUCT_DEFINITION_SHAPE('JIS B 1122 - ST3.0 x10:7','JIS B 1122 - ST3.0 x10:7',#4514);
#4516=ITEM_DEFINED_TRANSFORMATION('JIS B 1122 - ST3.0 x10:7','JIS B 1122 - ST3.0 x10:7',#3420,#4510);
#4520=(REPRESENTATION_RELATIONSHIP('JIS B 1122 - ST3.0 x10:7','JIS B 1122 - ST3.0 x10:7',#3424,#41)REPRESENTATION_RELATIONSHIP_WITH_TRANSFORMATION(#4516)SHAPE_REPRESENTATION_RELATIONSHIP());
#4521=CONTEXT_DEPENDENT_SHAPE_REPRESENTATION(#4520,#4515);
#4522=AXIS2_PLACEMENT_3D('',#4523,#4524,#4525);
#4523=CARTESIAN_POINT('',(45.537307122736848,-6.471964755922142,-2.549999999999926));
#4524=DIRECTION('',(0.999993916053986,-0.003488245263164,1.783134E-016));
#4525=DIRECTION('',(-6.392603E-016,-6.123234E-017,0.999999999999999));
#4526=NEXT_ASSEMBLY_USAGE_OCCURRENCE('JIS B 1122 - ST3.0 x10:8','JIS B 1122 - ST3.0 x10:8','JIS B 1122 - ST3.0 x10:8',#12,#3395,'JIS B 1122 - ST3.0 x10:8');
#4527=PRODUCT_DEFINITION_SHAPE('JIS B 1122 - ST3.0 x10:8','JIS B 1122 - ST3.0 x10:8',#4526);
#4528=ITEM_DEFINED_TRANSFORMATION('JIS B 1122 - ST3.0 x10:8','JIS B 1122 - ST3.0 x10:8',#3420,#4522);
#4532=(REPRESENTATION_RELATIONSHIP('JIS B 1122 - ST3.0 x10:8','JIS B 1122 - ST3.0 x10:8',#3424,#41)REPRESENTATION_RELATIONSHIP_WITH_TRANSFORMATION(#4528)SHAPE_REPRESENTATION_RELATIONSHIP());
#4533=CONTEXT_DEPENDENT_SHAPE_REPRESENTATION(#4532,#4527);
ENDSEC;
END-ISO-10303-21;
