ISO-10303-21;
HEADER;
FILE_DESCRIPTION(('STEP AP242'),'1');
FILE_NAME('ena1d-b28-l00128l.stp','2023-04-28T18:46:53',('TraceParts'),('TraceParts S.A.'),'Spatial InterOp 3D',' ',' ');
FILE_SCHEMA(('AP242_MANAGED_MODEL_BASED_3D_ENGINEERING_MIM_LF  {1 0 10303 442 1 1 4}'));
ENDSEC;
DATA;
#1=PRODUCT_DEFINITION_CONTEXT('',#9,'design');
#2=APPLICATION_PROTOCOL_DEFINITION('INTERNATIONAL STANDARD','ap242_managed_model_based_3d_engineering',2014,#9);
#3=PRODUCT_CATEGORY_RELATIONSHIP('NONE','NONE',#10,#11);
#4=SHAPE_DEFINITION_REPRESENTATION(#12,#13);
#5= (GEOMETRIC_REPRESENTATION_CONTEXT(3)GLOBAL_UNCERTAINTY_ASSIGNED_CONTEXT((#16))GLOBAL_UNIT_ASSIGNED_CONTEXT((#18,#19,#20))REPRESENTATION_CONTEXT('NONE','WORKSPACE'));
#9=APPLICATION_CONTEXT('managed model based 3d engineering');
#10=PRODUCT_CATEGORY('part','NONE');
#11=PRODUCT_RELATED_PRODUCT_CATEGORY('detail',' ',(#22));
#12=PRODUCT_DEFINITION_SHAPE('NONE','NONE',#23);
#13=ADVANCED_BREP_SHAPE_REPRESENTATION('ena1d-b28-l00128l',(#24,#25),#5);
#16=UNCERTAINTY_MEASURE_WITH_UNIT(LENGTH_MEASURE(1.0E-06),#18,'','');
#18= (CONVERSION_BASED_UNIT('MILLIMETRE',#28)LENGTH_UNIT()NAMED_UNIT(#31));
#19= (NAMED_UNIT(#33)PLANE_ANGLE_UNIT()SI_UNIT($,.RADIAN.));
#20= (NAMED_UNIT(#33)SOLID_ANGLE_UNIT()SI_UNIT($,.STERADIAN.));
#22=PRODUCT('ena1d-b28-l00128l','ena1d-b28-l00128l','PART-ena1d-b28-l00128l-DESC',(#39));
#23=PRODUCT_DEFINITION('','NONE',#40,#1);
#24=BREP_WITH_VOIDS('ena1d-b28-l00128l',#41,(#42,#43,#44,#45,#46,#47,#48,#49,#50,#51,#52,#53,#54));
#25=AXIS2_PLACEMENT_3D('',#55,#56,#57);
#28=LENGTH_MEASURE_WITH_UNIT(LENGTH_MEASURE(1.0),#58);
#31=DIMENSIONAL_EXPONENTS(1.0,0.0,0.0,0.0,0.0,0.0,0.0);
#33=DIMENSIONAL_EXPONENTS(0.0,0.0,0.0,0.0,0.0,0.0,0.0);
#39=PRODUCT_CONTEXT('',#9,'mechanical');
#40=PRODUCT_DEFINITION_FORMATION_WITH_SPECIFIED_SOURCE(' ','NONE',#22,.NOT_KNOWN.);
#41=CLOSED_SHELL('',(#59,#60,#61,#62,#63,#64,#65,#66,#67,#68,#69,#70,#71,#72,#73,#74,#75,#76,#77,#78,#79,#80,#81,#82,#83,#84,#85,#86,#87,#88,#89,#90,#91,#92,#93,#94,#95,#96,#97,#98,#99,#100,#101,#102,#103,#104,#105,#106,#107,#108,#109,#110,#111,#112,#113,#114,#115,#116,#117,#118,#119,#120,#121,#122,#123,#124,#125,#126,#127,#128,#129,#130,#131,#132,#133,#134,#135,#136,#137,#138,#139,#140,#141,#142,#143,#144,#145,#146,#147,#148,#149,#150,#151,#152,#153,#154,#155,#156,#157,#158,#159,#160,#161,#162,#163,#164,#165,#166,#167,#168,#169,#170,#171,#172,#173,#174,#175,#176,#177,#178,#179,#180,#181,#182,#183,#184,#185,#186,#187,#188,#189,#190,#191,#192,#193,#194,#195,#196,#197,#198,#199,#200,#201,#202,#203,#204,#205,#206,#207,#208,#209,#210,#211,#212,#213,#214,#215,#216,#217,#218,#219,#220,#221,#222,#223,#224,#225,#226,#227,#228,#229,#230,#231,#232,#233,#234,#235,#236,#237,#238,#239,#240,#241,#242,#243,#244,#245,#246,#247,#248,#249,#250,#251,#252,#253,#254,#255,#256,#257,#258,#259,#260,#261,#262,#263,#264,#265,#266,#267,#268,#269,#270,#271,#272,#273,#274,#275,#276,#277,#278,#279,#280,#281,#282,#283,#284,#285,#286,#287,#288,#289,#290,#291,#292,#293,#294,#295,#296,#297,#298,#299,#300,#301));
#42=ORIENTED_CLOSED_SHELL('',*,#302,.T.);
#43=ORIENTED_CLOSED_SHELL('',*,#303,.T.);
#44=ORIENTED_CLOSED_SHELL('',*,#304,.T.);
#45=ORIENTED_CLOSED_SHELL('',*,#305,.T.);
#46=ORIENTED_CLOSED_SHELL('',*,#306,.T.);
#47=ORIENTED_CLOSED_SHELL('',*,#307,.T.);
#48=ORIENTED_CLOSED_SHELL('',*,#308,.T.);
#49=ORIENTED_CLOSED_SHELL('',*,#309,.T.);
#50=ORIENTED_CLOSED_SHELL('',*,#310,.T.);
#51=ORIENTED_CLOSED_SHELL('',*,#311,.T.);
#52=ORIENTED_CLOSED_SHELL('',*,#312,.T.);
#53=ORIENTED_CLOSED_SHELL('',*,#313,.T.);
#54=ORIENTED_CLOSED_SHELL('',*,#314,.T.);
#55=CARTESIAN_POINT('',(0.0,0.0,0.0));
#56=DIRECTION('',(0.0,0.0,1.0));
#57=DIRECTION('',(1.0,0.0,0.0));
#58= (NAMED_UNIT(#31)LENGTH_UNIT()SI_UNIT(.MILLI.,.METRE.));
#59=ADVANCED_FACE('',(#316),#317,.F.);
#60=ADVANCED_FACE('',(#318),#319,.F.);
#61=ADVANCED_FACE('',(#320),#321,.F.);
#62=ADVANCED_FACE('',(#322),#323,.F.);
#63=ADVANCED_FACE('',(#324),#325,.F.);
#64=ADVANCED_FACE('',(#326),#327,.F.);
#65=ADVANCED_FACE('',(#328),#329,.F.);
#66=ADVANCED_FACE('',(#330),#331,.F.);
#67=ADVANCED_FACE('',(#332),#333,.T.);
#68=ADVANCED_FACE('',(#334),#335,.T.);
#69=ADVANCED_FACE('',(#336),#337,.F.);
#70=ADVANCED_FACE('',(#338),#339,.F.);
#71=ADVANCED_FACE('',(#340),#341,.F.);
#72=ADVANCED_FACE('',(#342),#343,.F.);
#73=ADVANCED_FACE('',(#344),#345,.T.);
#74=ADVANCED_FACE('',(#346),#347,.T.);
#75=ADVANCED_FACE('',(#348),#349,.T.);
#76=ADVANCED_FACE('',(#350),#351,.T.);
#77=ADVANCED_FACE('',(#352),#353,.T.);
#78=ADVANCED_FACE('',(#354),#355,.T.);
#79=ADVANCED_FACE('',(#356),#357,.T.);
#80=ADVANCED_FACE('',(#358),#359,.T.);
#81=ADVANCED_FACE('',(#360),#361,.T.);
#82=ADVANCED_FACE('',(#362),#363,.T.);
#83=ADVANCED_FACE('',(#364),#365,.T.);
#84=ADVANCED_FACE('',(#366),#367,.T.);
#85=ADVANCED_FACE('',(#368),#369,.T.);
#86=ADVANCED_FACE('',(#370),#371,.T.);
#87=ADVANCED_FACE('',(#372),#373,.T.);
#88=ADVANCED_FACE('',(#374),#375,.T.);
#89=ADVANCED_FACE('',(#376),#377,.F.);
#90=ADVANCED_FACE('',(#378),#379,.T.);
#91=ADVANCED_FACE('',(#380),#381,.F.);
#92=ADVANCED_FACE('',(#382),#383,.F.);
#93=ADVANCED_FACE('',(#384),#385,.F.);
#94=ADVANCED_FACE('',(#386),#387,.F.);
#95=ADVANCED_FACE('',(#388),#389,.T.);
#96=ADVANCED_FACE('',(#390),#391,.T.);
#97=ADVANCED_FACE('',(#392),#393,.T.);
#98=ADVANCED_FACE('',(#394),#395,.T.);
#99=ADVANCED_FACE('',(#396),#397,.T.);
#100=ADVANCED_FACE('',(#398),#399,.T.);
#101=ADVANCED_FACE('',(#400),#401,.T.);
#102=ADVANCED_FACE('',(#402),#403,.T.);
#103=ADVANCED_FACE('',(#404),#405,.T.);
#104=ADVANCED_FACE('',(#406),#407,.T.);
#105=ADVANCED_FACE('',(#408),#409,.T.);
#106=ADVANCED_FACE('',(#410),#411,.T.);
#107=ADVANCED_FACE('',(#412),#413,.T.);
#108=ADVANCED_FACE('',(#414),#415,.T.);
#109=ADVANCED_FACE('',(#416),#417,.F.);
#110=ADVANCED_FACE('',(#418),#419,.F.);
#111=ADVANCED_FACE('',(#420),#421,.T.);
#112=ADVANCED_FACE('',(#422,#423,#424,#425,#426,#427),#428,.T.);
#113=ADVANCED_FACE('',(#429),#430,.F.);
#114=ADVANCED_FACE('',(#431),#432,.F.);
#115=ADVANCED_FACE('',(#433),#434,.T.);
#116=ADVANCED_FACE('',(#435,#436),#437,.T.);
#117=ADVANCED_FACE('',(#438,#439),#440,.T.);
#118=ADVANCED_FACE('',(#441,#442),#443,.T.);
#119=ADVANCED_FACE('',(#444,#445),#446,.T.);
#120=ADVANCED_FACE('',(#447),#448,.T.);
#121=ADVANCED_FACE('',(#449),#450,.F.);
#122=ADVANCED_FACE('',(#451),#452,.F.);
#123=ADVANCED_FACE('',(#453),#454,.F.);
#124=ADVANCED_FACE('',(#455),#456,.F.);
#125=ADVANCED_FACE('',(#457),#458,.F.);
#126=ADVANCED_FACE('',(#459),#460,.F.);
#127=ADVANCED_FACE('',(#461),#462,.T.);
#128=ADVANCED_FACE('',(#463),#464,.T.);
#129=ADVANCED_FACE('',(#465),#466,.T.);
#130=ADVANCED_FACE('',(#467),#468,.T.);
#131=ADVANCED_FACE('',(#469),#470,.F.);
#132=ADVANCED_FACE('',(#471),#472,.F.);
#133=ADVANCED_FACE('',(#473),#474,.F.);
#134=ADVANCED_FACE('',(#475),#476,.F.);
#135=ADVANCED_FACE('',(#477),#478,.T.);
#136=ADVANCED_FACE('',(#479),#480,.T.);
#137=ADVANCED_FACE('',(#481),#482,.T.);
#138=ADVANCED_FACE('',(#483),#484,.F.);
#139=ADVANCED_FACE('',(#485),#486,.T.);
#140=ADVANCED_FACE('',(#487),#488,.T.);
#141=ADVANCED_FACE('',(#489),#490,.T.);
#142=ADVANCED_FACE('',(#491,#492),#493,.T.);
#143=ADVANCED_FACE('',(#494),#495,.F.);
#144=ADVANCED_FACE('',(#496),#497,.F.);
#145=ADVANCED_FACE('',(#498),#499,.T.);
#146=ADVANCED_FACE('',(#500),#501,.F.);
#147=ADVANCED_FACE('',(#502),#503,.T.);
#148=ADVANCED_FACE('',(#504),#505,.T.);
#149=ADVANCED_FACE('',(#506),#507,.T.);
#150=ADVANCED_FACE('',(#508),#509,.T.);
#151=ADVANCED_FACE('',(#510),#511,.F.);
#152=ADVANCED_FACE('',(#512),#513,.F.);
#153=ADVANCED_FACE('',(#514),#515,.F.);
#154=ADVANCED_FACE('',(#516),#517,.F.);
#155=ADVANCED_FACE('',(#518),#519,.T.);
#156=ADVANCED_FACE('',(#520),#521,.T.);
#157=ADVANCED_FACE('',(#522),#523,.T.);
#158=ADVANCED_FACE('',(#524),#525,.T.);
#159=ADVANCED_FACE('',(#526),#527,.T.);
#160=ADVANCED_FACE('',(#528),#529,.T.);
#161=ADVANCED_FACE('',(#530),#531,.T.);
#162=ADVANCED_FACE('',(#532),#533,.T.);
#163=ADVANCED_FACE('',(#534),#535,.T.);
#164=ADVANCED_FACE('',(#536),#537,.T.);
#165=ADVANCED_FACE('',(#538),#539,.F.);
#166=ADVANCED_FACE('',(#540),#541,.T.);
#167=ADVANCED_FACE('',(#542),#543,.T.);
#168=ADVANCED_FACE('',(#544),#545,.T.);
#169=ADVANCED_FACE('',(#546,#547),#548,.T.);
#170=ADVANCED_FACE('',(#549),#550,.T.);
#171=ADVANCED_FACE('',(#551),#552,.T.);
#172=ADVANCED_FACE('',(#553,#554),#555,.T.);
#173=ADVANCED_FACE('',(#556),#557,.T.);
#174=ADVANCED_FACE('',(#558),#559,.T.);
#175=ADVANCED_FACE('',(#560,#561),#562,.F.);
#176=ADVANCED_FACE('',(#563),#564,.T.);
#177=ADVANCED_FACE('',(#565),#566,.T.);
#178=ADVANCED_FACE('',(#567),#568,.T.);
#179=ADVANCED_FACE('',(#569),#570,.T.);
#180=ADVANCED_FACE('',(#571),#572,.T.);
#181=ADVANCED_FACE('',(#573),#574,.T.);
#182=ADVANCED_FACE('',(#575),#576,.T.);
#183=ADVANCED_FACE('',(#577),#578,.T.);
#184=ADVANCED_FACE('',(#579),#580,.T.);
#185=ADVANCED_FACE('',(#581),#582,.T.);
#186=ADVANCED_FACE('',(#583),#584,.F.);
#187=ADVANCED_FACE('',(#585),#586,.F.);
#188=ADVANCED_FACE('',(#587),#588,.T.);
#189=ADVANCED_FACE('',(#589),#590,.T.);
#190=ADVANCED_FACE('',(#591),#592,.T.);
#191=ADVANCED_FACE('',(#593),#594,.T.);
#192=ADVANCED_FACE('',(#595),#596,.T.);
#193=ADVANCED_FACE('',(#597),#598,.T.);
#194=ADVANCED_FACE('',(#599),#600,.T.);
#195=ADVANCED_FACE('',(#601),#602,.F.);
#196=ADVANCED_FACE('',(#603),#604,.F.);
#197=ADVANCED_FACE('',(#605),#606,.F.);
#198=ADVANCED_FACE('',(#607,#608),#609,.T.);
#199=ADVANCED_FACE('',(#610),#611,.F.);
#200=ADVANCED_FACE('',(#612,#613),#614,.T.);
#201=ADVANCED_FACE('',(#615),#616,.T.);
#202=ADVANCED_FACE('',(#617),#618,.T.);
#203=ADVANCED_FACE('',(#619),#620,.T.);
#204=ADVANCED_FACE('',(#621),#622,.F.);
#205=ADVANCED_FACE('',(#623),#624,.T.);
#206=ADVANCED_FACE('',(#625),#626,.F.);
#207=ADVANCED_FACE('',(#627),#628,.F.);
#208=ADVANCED_FACE('',(#629),#630,.T.);
#209=ADVANCED_FACE('',(#631),#632,.T.);
#210=ADVANCED_FACE('',(#633),#634,.T.);
#211=ADVANCED_FACE('',(#635),#636,.F.);
#212=ADVANCED_FACE('',(#637),#638,.T.);
#213=ADVANCED_FACE('',(#639),#640,.T.);
#214=ADVANCED_FACE('',(#641),#642,.F.);
#215=ADVANCED_FACE('',(#643),#644,.T.);
#216=ADVANCED_FACE('',(#645),#646,.F.);
#217=ADVANCED_FACE('',(#647),#648,.T.);
#218=ADVANCED_FACE('',(#649),#650,.T.);
#219=ADVANCED_FACE('',(#651),#652,.F.);
#220=ADVANCED_FACE('',(#653),#654,.F.);
#221=ADVANCED_FACE('',(#655),#656,.T.);
#222=ADVANCED_FACE('',(#657),#658,.T.);
#223=ADVANCED_FACE('',(#659),#660,.T.);
#224=ADVANCED_FACE('',(#661),#662,.T.);
#225=ADVANCED_FACE('',(#663),#664,.F.);
#226=ADVANCED_FACE('',(#665),#666,.T.);
#227=ADVANCED_FACE('',(#667),#668,.T.);
#228=ADVANCED_FACE('',(#669),#670,.T.);
#229=ADVANCED_FACE('',(#671),#672,.T.);
#230=ADVANCED_FACE('',(#673),#674,.F.);
#231=ADVANCED_FACE('',(#675),#676,.T.);
#232=ADVANCED_FACE('',(#677),#678,.T.);
#233=ADVANCED_FACE('',(#679),#680,.F.);
#234=ADVANCED_FACE('',(#681),#682,.F.);
#235=ADVANCED_FACE('',(#683),#684,.F.);
#236=ADVANCED_FACE('',(#685),#686,.T.);
#237=ADVANCED_FACE('',(#687),#688,.T.);
#238=ADVANCED_FACE('',(#689),#690,.F.);
#239=ADVANCED_FACE('',(#691),#692,.F.);
#240=ADVANCED_FACE('',(#693),#694,.T.);
#241=ADVANCED_FACE('',(#695),#696,.T.);
#242=ADVANCED_FACE('',(#697),#698,.T.);
#243=ADVANCED_FACE('',(#699),#700,.T.);
#244=ADVANCED_FACE('',(#701),#702,.T.);
#245=ADVANCED_FACE('',(#703),#704,.T.);
#246=ADVANCED_FACE('',(#705),#706,.T.);
#247=ADVANCED_FACE('',(#707),#708,.T.);
#248=ADVANCED_FACE('',(#709),#710,.T.);
#249=ADVANCED_FACE('',(#711),#712,.T.);
#250=ADVANCED_FACE('',(#713),#714,.T.);
#251=ADVANCED_FACE('',(#715),#716,.T.);
#252=ADVANCED_FACE('',(#717),#718,.T.);
#253=ADVANCED_FACE('',(#719),#720,.T.);
#254=ADVANCED_FACE('',(#721),#722,.T.);
#255=ADVANCED_FACE('',(#723),#724,.T.);
#256=ADVANCED_FACE('',(#725),#726,.T.);
#257=ADVANCED_FACE('',(#727),#728,.F.);
#258=ADVANCED_FACE('',(#729),#730,.F.);
#259=ADVANCED_FACE('',(#731),#732,.T.);
#260=ADVANCED_FACE('',(#733),#734,.F.);
#261=ADVANCED_FACE('',(#735),#736,.T.);
#262=ADVANCED_FACE('',(#737),#738,.T.);
#263=ADVANCED_FACE('',(#739),#740,.T.);
#264=ADVANCED_FACE('',(#741),#742,.T.);
#265=ADVANCED_FACE('',(#743),#744,.T.);
#266=ADVANCED_FACE('',(#745),#746,.F.);
#267=ADVANCED_FACE('',(#747),#748,.F.);
#268=ADVANCED_FACE('',(#749),#750,.F.);
#269=ADVANCED_FACE('',(#751),#752,.F.);
#270=ADVANCED_FACE('',(#753),#754,.F.);
#271=ADVANCED_FACE('',(#755),#756,.F.);
#272=ADVANCED_FACE('',(#757),#758,.F.);
#273=ADVANCED_FACE('',(#759),#760,.F.);
#274=ADVANCED_FACE('',(#761),#762,.F.);
#275=ADVANCED_FACE('',(#763),#764,.F.);
#276=ADVANCED_FACE('',(#765),#766,.F.);
#277=ADVANCED_FACE('',(#767),#768,.T.);
#278=ADVANCED_FACE('',(#769),#770,.F.);
#279=ADVANCED_FACE('',(#771),#772,.F.);
#280=ADVANCED_FACE('',(#773),#774,.T.);
#281=ADVANCED_FACE('',(#775),#776,.T.);
#282=ADVANCED_FACE('',(#777),#778,.F.);
#283=ADVANCED_FACE('',(#779),#780,.F.);
#284=ADVANCED_FACE('',(#781),#782,.F.);
#285=ADVANCED_FACE('',(#783),#784,.F.);
#286=ADVANCED_FACE('',(#785),#786,.T.);
#287=ADVANCED_FACE('',(#787),#788,.T.);
#288=ADVANCED_FACE('',(#789),#790,.F.);
#289=ADVANCED_FACE('',(#791),#792,.F.);
#290=ADVANCED_FACE('',(#793),#794,.T.);
#291=ADVANCED_FACE('',(#795),#796,.T.);
#292=ADVANCED_FACE('',(#797),#798,.F.);
#293=ADVANCED_FACE('',(#799),#800,.F.);
#294=ADVANCED_FACE('',(#801),#802,.F.);
#295=ADVANCED_FACE('',(#803),#804,.F.);
#296=ADVANCED_FACE('',(#805),#806,.T.);
#297=ADVANCED_FACE('',(#807),#808,.T.);
#298=ADVANCED_FACE('',(#809),#810,.F.);
#299=ADVANCED_FACE('',(#811),#812,.F.);
#300=ADVANCED_FACE('',(#813),#814,.T.);
#301=ADVANCED_FACE('',(#815),#816,.T.);
#302=CLOSED_SHELL('',(#817,#818,#819,#820,#821,#822));
#303=CLOSED_SHELL('',(#823,#824,#825,#826,#827,#828,#829,#830,#831));
#304=CLOSED_SHELL('',(#832,#833,#834,#835,#836,#837,#838,#839,#840,#841,#842,#843));
#305=CLOSED_SHELL('',(#844,#845,#846,#847,#848,#849));
#306=CLOSED_SHELL('',(#850,#851,#852,#853,#854,#855,#856,#857,#858));
#307=CLOSED_SHELL('',(#859,#860,#861,#862,#863,#864));
#308=CLOSED_SHELL('',(#865,#866,#867,#868,#869));
#309=CLOSED_SHELL('',(#870,#871,#872,#873,#874,#875));
#310=CLOSED_SHELL('',(#876,#877,#878,#879,#880));
#311=CLOSED_SHELL('',(#881,#882,#883,#884,#885));
#312=CLOSED_SHELL('',(#886,#887,#888,#889,#890));
#313=CLOSED_SHELL('',(#891,#892,#893,#894,#895,#896,#897,#898,#899));
#314=CLOSED_SHELL('',(#900,#901,#902,#903));
#316=FACE_OUTER_BOUND('',#904,.T.);
#317=CYLINDRICAL_SURFACE('',#905,0.444999999999998);
#318=FACE_OUTER_BOUND('',#906,.T.);
#319=CYLINDRICAL_SURFACE('',#907,0.444999999999998);
#320=FACE_OUTER_BOUND('',#908,.T.);
#321=CYLINDRICAL_SURFACE('',#909,0.444999999999998);
#322=FACE_OUTER_BOUND('',#910,.T.);
#323=CYLINDRICAL_SURFACE('',#911,0.444999999999998);
#324=FACE_OUTER_BOUND('',#912,.T.);
#325=CYLINDRICAL_SURFACE('',#913,0.444999999999998);
#326=FACE_OUTER_BOUND('',#914,.T.);
#327=CYLINDRICAL_SURFACE('',#915,0.444999999999998);
#328=FACE_OUTER_BOUND('',#916,.T.);
#329=CYLINDRICAL_SURFACE('',#917,0.444999999999998);
#330=FACE_OUTER_BOUND('',#918,.T.);
#331=CYLINDRICAL_SURFACE('',#919,0.444999999999998);
#332=FACE_OUTER_BOUND('',#920,.T.);
#333=CONICAL_SURFACE('',#921,0.516623923097306,0.5235987755982);
#334=FACE_OUTER_BOUND('',#922,.T.);
#335=CONICAL_SURFACE('',#923,0.516623923097306,0.5235987755982);
#336=FACE_OUTER_BOUND('',#924,.T.);
#337=CYLINDRICAL_SURFACE('',#925,0.7112);
#338=FACE_OUTER_BOUND('',#926,.T.);
#339=CYLINDRICAL_SURFACE('',#927,0.7112);
#340=FACE_OUTER_BOUND('',#928,.T.);
#341=CYLINDRICAL_SURFACE('',#929,0.7112);
#342=FACE_OUTER_BOUND('',#930,.T.);
#343=CYLINDRICAL_SURFACE('',#931,0.7112);
#344=FACE_OUTER_BOUND('',#932,.T.);
#345=CONICAL_SURFACE('',#933,0.516623923097306,0.5235987755982);
#346=FACE_OUTER_BOUND('',#934,.T.);
#347=CONICAL_SURFACE('',#935,0.516623923097306,0.5235987755982);
#348=FACE_OUTER_BOUND('',#936,.T.);
#349=CONICAL_SURFACE('',#937,4.572,0.7853981633973);
#350=FACE_OUTER_BOUND('',#938,.T.);
#351=CONICAL_SURFACE('',#939,3.04418999914656,0.7853981633973);
#352=FACE_OUTER_BOUND('',#940,.T.);
#353=CONICAL_SURFACE('',#941,3.04418999914656,0.7853981633973);
#354=FACE_OUTER_BOUND('',#942,.T.);
#355=CYLINDRICAL_SURFACE('',#943,4.7625);
#356=FACE_OUTER_BOUND('',#944,.T.);
#357=CYLINDRICAL_SURFACE('',#945,4.7625);
#358=FACE_OUTER_BOUND('',#946,.T.);
#359=CYLINDRICAL_SURFACE('',#947,4.7625);
#360=FACE_OUTER_BOUND('',#948,.T.);
#361=CYLINDRICAL_SURFACE('',#949,4.7625);
#362=FACE_OUTER_BOUND('',#950,.T.);
#363=CYLINDRICAL_SURFACE('',#951,4.7625);
#364=FACE_OUTER_BOUND('',#952,.T.);
#365=CYLINDRICAL_SURFACE('',#953,4.7625);
#366=FACE_OUTER_BOUND('',#954,.T.);
#367=CYLINDRICAL_SURFACE('',#955,4.7625);
#368=FACE_OUTER_BOUND('',#956,.T.);
#369=CYLINDRICAL_SURFACE('',#957,4.7625);
#370=FACE_OUTER_BOUND('',#958,.T.);
#371=CYLINDRICAL_SURFACE('',#959,4.7625);
#372=FACE_OUTER_BOUND('',#960,.T.);
#373=CYLINDRICAL_SURFACE('',#961,4.7625);
#374=FACE_OUTER_BOUND('',#962,.T.);
#375=CYLINDRICAL_SURFACE('',#963,1.1811);
#376=FACE_OUTER_BOUND('',#964,.T.);
#377=TOROIDAL_SURFACE('',#965,1.4351,0.254);
#378=FACE_OUTER_BOUND('',#966,.T.);
#379=CYLINDRICAL_SURFACE('',#967,6.858);
#380=FACE_OUTER_BOUND('',#968,.T.);
#381=CYLINDRICAL_SURFACE('',#969,1.57000000000007);
#382=FACE_OUTER_BOUND('',#970,.T.);
#383=CYLINDRICAL_SURFACE('',#971,1.57000000000007);
#384=FACE_OUTER_BOUND('',#972,.T.);
#385=CYLINDRICAL_SURFACE('',#973,0.444999999999998);
#386=FACE_OUTER_BOUND('',#974,.T.);
#387=CYLINDRICAL_SURFACE('',#975,0.444999999999998);
#388=FACE_OUTER_BOUND('',#976,.T.);
#389=PLANE('',#977);
#390=FACE_OUTER_BOUND('',#978,.T.);
#391=PLANE('',#979);
#392=FACE_OUTER_BOUND('',#980,.T.);
#393=PLANE('',#981);
#394=FACE_OUTER_BOUND('',#982,.T.);
#395=PLANE('',#983);
#396=FACE_OUTER_BOUND('',#984,.T.);
#397=PLANE('',#985);
#398=FACE_OUTER_BOUND('',#986,.T.);
#399=PLANE('',#987);
#400=FACE_OUTER_BOUND('',#988,.T.);
#401=PLANE('',#989);
#402=FACE_OUTER_BOUND('',#990,.T.);
#403=PLANE('',#991);
#404=FACE_OUTER_BOUND('',#992,.T.);
#405=PLANE('',#993);
#406=FACE_OUTER_BOUND('',#994,.T.);
#407=PLANE('',#995);
#408=FACE_OUTER_BOUND('',#996,.T.);
#409=PLANE('',#997);
#410=FACE_OUTER_BOUND('',#998,.T.);
#411=PLANE('',#999);
#412=FACE_OUTER_BOUND('',#1000,.T.);
#413=PLANE('',#1001);
#414=FACE_OUTER_BOUND('',#1002,.T.);
#415=PLANE('',#1003);
#416=FACE_OUTER_BOUND('',#1004,.T.);
#417=CYLINDRICAL_SURFACE('',#1005,0.444999999999998);
#418=FACE_OUTER_BOUND('',#1006,.T.);
#419=CYLINDRICAL_SURFACE('',#1007,0.444999999999998);
#420=FACE_OUTER_BOUND('',#1008,.T.);
#421=PLANE('',#1009);
#422=FACE_OUTER_BOUND('',#1010,.T.);
#423=FACE_BOUND('',#1011,.T.);
#424=FACE_BOUND('',#1012,.T.);
#425=FACE_BOUND('',#1013,.T.);
#426=FACE_BOUND('',#1014,.T.);
#427=FACE_BOUND('',#1015,.T.);
#428=PLANE('',#1016);
#429=FACE_OUTER_BOUND('',#1017,.T.);
#430=CYLINDRICAL_SURFACE('',#1018,1.77999999999999);
#431=FACE_OUTER_BOUND('',#1019,.T.);
#432=PLANE('',#1020);
#433=FACE_OUTER_BOUND('',#1021,.T.);
#434=CYLINDRICAL_SURFACE('',#1022,1.52000000000002);
#435=FACE_OUTER_BOUND('',#1023,.T.);
#436=FACE_BOUND('',#1024,.T.);
#437=PLANE('',#1025);
#438=FACE_OUTER_BOUND('',#1026,.T.);
#439=FACE_BOUND('',#1027,.T.);
#440=PLANE('',#1028);
#441=FACE_OUTER_BOUND('',#1029,.T.);
#442=FACE_BOUND('',#1030,.T.);
#443=PLANE('',#1031);
#444=FACE_OUTER_BOUND('',#1032,.T.);
#445=FACE_BOUND('',#1033,.T.);
#446=PLANE('',#1034);
#447=FACE_OUTER_BOUND('',#1035,.T.);
#448=CYLINDRICAL_SURFACE('',#1036,1.52000000000002);
#449=FACE_OUTER_BOUND('',#1037,.T.);
#450=PLANE('',#1038);
#451=FACE_OUTER_BOUND('',#1039,.T.);
#452=CYLINDRICAL_SURFACE('',#1040,1.77999999999999);
#453=FACE_OUTER_BOUND('',#1041,.T.);
#454=PLANE('',#1042);
#455=FACE_OUTER_BOUND('',#1043,.T.);
#456=PLANE('',#1044);
#457=FACE_OUTER_BOUND('',#1045,.T.);
#458=CYLINDRICAL_SURFACE('',#1046,1.57000000000007);
#459=FACE_OUTER_BOUND('',#1047,.T.);
#460=PLANE('',#1048);
#461=FACE_OUTER_BOUND('',#1049,.T.);
#462=SPHERICAL_SURFACE('',#1050,1.52000000000002);
#463=FACE_OUTER_BOUND('',#1051,.T.);
#464=CYLINDRICAL_SURFACE('',#1052,1.52000000000002);
#465=FACE_OUTER_BOUND('',#1053,.T.);
#466=PLANE('',#1054);
#467=FACE_OUTER_BOUND('',#1055,.T.);
#468=CYLINDRICAL_SURFACE('',#1056,1.52000000000002);
#469=FACE_OUTER_BOUND('',#1057,.T.);
#470=PLANE('',#1058);
#471=FACE_OUTER_BOUND('',#1059,.T.);
#472=PLANE('',#1060);
#473=FACE_OUTER_BOUND('',#1061,.T.);
#474=PLANE('',#1062);
#475=FACE_OUTER_BOUND('',#1063,.T.);
#476=PLANE('',#1064);
#477=FACE_OUTER_BOUND('',#1065,.T.);
#478=CYLINDRICAL_SURFACE('',#1066,1.397);
#479=FACE_OUTER_BOUND('',#1067,.T.);
#480=B_SPLINE_SURFACE_WITH_KNOTS('',3,3,((#1068,#1069,#1070,#1071),(#1072,#1073,#1074,#1075),(#1076,#1077,#1078,#1079),(#1080,#1081,#1082,#1083),(#1084,#1085,#1086,#1087),(#1088,#1089,#1090,#1091),(#1092,#1093,#1094,#1095),(#1096,#1097,#1098,#1099),(#1100,#1101,#1102,#1103),(#1104,#1105,#1106,#1107),(#1108,#1109,#1110,#1111)),.UNSPECIFIED.,.F.,.F.,.F.,(4,1,1,1,1,1,1,1,4),(4,4),(-0.01520277315131,0.125,0.25,0.375,0.5,0.625,0.75,0.875,1.015227587586),(-0.0391796221248306,1.00493238193881),.UNSPECIFIED.);
#481=FACE_OUTER_BOUND('',#1112,.T.);
#482=PLANE('',#1113);
#483=FACE_OUTER_BOUND('',#1114,.T.);
#484=PLANE('',#1115);
#485=FACE_OUTER_BOUND('',#1116,.T.);
#486=CYLINDRICAL_SURFACE('',#1117,1.52000000000002);
#487=FACE_OUTER_BOUND('',#1118,.T.);
#488=PLANE('',#1119);
#489=FACE_OUTER_BOUND('',#1120,.T.);
#490=CYLINDRICAL_SURFACE('',#1121,1.52000000000002);
#491=FACE_OUTER_BOUND('',#1122,.T.);
#492=FACE_BOUND('',#1123,.T.);
#493=PLANE('',#1124);
#494=FACE_OUTER_BOUND('',#1125,.T.);
#495=PLANE('',#1126);
#496=FACE_OUTER_BOUND('',#1127,.T.);
#497=PLANE('',#1128);
#498=FACE_OUTER_BOUND('',#1129,.T.);
#499=PLANE('',#1130);
#500=FACE_OUTER_BOUND('',#1131,.T.);
#501=PLANE('',#1132);
#502=FACE_OUTER_BOUND('',#1133,.T.);
#503=PLANE('',#1134);
#504=FACE_OUTER_BOUND('',#1135,.T.);
#505=CYLINDRICAL_SURFACE('',#1136,1.52000000000002);
#506=FACE_OUTER_BOUND('',#1137,.T.);
#507=SPHERICAL_SURFACE('',#1138,1.52000000000002);
#508=FACE_OUTER_BOUND('',#1139,.T.);
#509=CYLINDRICAL_SURFACE('',#1140,1.52000000000002);
#510=FACE_OUTER_BOUND('',#1141,.T.);
#511=PLANE('',#1142);
#512=FACE_OUTER_BOUND('',#1143,.T.);
#513=CYLINDRICAL_SURFACE('',#1144,1.57000000000007);
#514=FACE_OUTER_BOUND('',#1145,.T.);
#515=PLANE('',#1146);
#516=FACE_OUTER_BOUND('',#1147,.T.);
#517=PLANE('',#1148);
#518=FACE_OUTER_BOUND('',#1149,.T.);
#519=SPHERICAL_SURFACE('',#1150,1.52000000000002);
#520=FACE_OUTER_BOUND('',#1151,.T.);
#521=CYLINDRICAL_SURFACE('',#1152,1.397);
#522=FACE_OUTER_BOUND('',#1153,.T.);
#523=B_SPLINE_SURFACE_WITH_KNOTS('',3,3,((#1154,#1155,#1156,#1157),(#1158,#1159,#1160,#1161),(#1162,#1163,#1164,#1165),(#1166,#1167,#1168,#1169),(#1170,#1171,#1172,#1173),(#1174,#1175,#1176,#1177),(#1178,#1179,#1180,#1181),(#1182,#1183,#1184,#1185),(#1186,#1187,#1188,#1189),(#1190,#1191,#1192,#1193),(#1194,#1195,#1196,#1197)),.UNSPECIFIED.,.F.,.F.,.F.,(4,1,1,1,1,1,1,1,4),(4,4),(-0.01520277315131,0.125,0.25,0.375,0.5,0.625,0.75,0.875,1.015227587586),(-0.0391796221122389,1.00493238193871),.UNSPECIFIED.);
#524=FACE_OUTER_BOUND('',#1198,.T.);
#525=SPHERICAL_SURFACE('',#1199,1.524);
#526=FACE_OUTER_BOUND('',#1200,.T.);
#527=CYLINDRICAL_SURFACE('',#1201,1.524);
#528=FACE_OUTER_BOUND('',#1202,.T.);
#529=CYLINDRICAL_SURFACE('',#1203,1.524);
#530=FACE_OUTER_BOUND('',#1204,.T.);
#531=PLANE('',#1205);
#532=FACE_OUTER_BOUND('',#1206,.T.);
#533=PLANE('',#1207);
#534=FACE_OUTER_BOUND('',#1208,.T.);
#535=CYLINDRICAL_SURFACE('',#1209,6.858);
#536=FACE_OUTER_BOUND('',#1210,.T.);
#537=CYLINDRICAL_SURFACE('',#1211,1.4351);
#538=FACE_OUTER_BOUND('',#1212,.T.);
#539=TOROIDAL_SURFACE('',#1213,1.4351,0.254);
#540=FACE_OUTER_BOUND('',#1214,.T.);
#541=CYLINDRICAL_SURFACE('',#1215,1.1811);
#542=FACE_OUTER_BOUND('',#1216,.T.);
#543=PLANE('',#1217);
#544=FACE_OUTER_BOUND('',#1218,.T.);
#545=CYLINDRICAL_SURFACE('',#1219,1.4351);
#546=FACE_OUTER_BOUND('',#1220,.T.);
#547=FACE_BOUND('',#1221,.T.);
#548=PLANE('',#1222);
#549=FACE_OUTER_BOUND('',#1223,.T.);
#550=CYLINDRICAL_SURFACE('',#1224,5.15747);
#551=FACE_OUTER_BOUND('',#1225,.T.);
#552=CYLINDRICAL_SURFACE('',#1226,5.15747);
#553=FACE_OUTER_BOUND('',#1227,.T.);
#554=FACE_BOUND('',#1228,.T.);
#555=PLANE('',#1229);
#556=FACE_OUTER_BOUND('',#1230,.T.);
#557=CYLINDRICAL_SURFACE('',#1231,4.2799);
#558=FACE_OUTER_BOUND('',#1232,.T.);
#559=CYLINDRICAL_SURFACE('',#1233,4.2799);
#560=FACE_OUTER_BOUND('',#1234,.T.);
#561=FACE_BOUND('',#1235,.T.);
#562=PLANE('',#1236);
#563=FACE_OUTER_BOUND('',#1237,.T.);
#564=CYLINDRICAL_SURFACE('',#1238,4.7625);
#565=FACE_OUTER_BOUND('',#1239,.T.);
#566=CYLINDRICAL_SURFACE('',#1240,4.7625);
#567=FACE_OUTER_BOUND('',#1241,.T.);
#568=CYLINDRICAL_SURFACE('',#1242,4.7625);
#569=FACE_OUTER_BOUND('',#1243,.T.);
#570=CYLINDRICAL_SURFACE('',#1244,4.7625);
#571=FACE_OUTER_BOUND('',#1245,.T.);
#572=CYLINDRICAL_SURFACE('',#1246,4.7625);
#573=FACE_OUTER_BOUND('',#1247,.T.);
#574=CYLINDRICAL_SURFACE('',#1248,4.7625);
#575=FACE_OUTER_BOUND('',#1249,.T.);
#576=CYLINDRICAL_SURFACE('',#1250,4.7625);
#577=FACE_OUTER_BOUND('',#1251,.T.);
#578=CYLINDRICAL_SURFACE('',#1252,4.7625);
#579=FACE_OUTER_BOUND('',#1253,.T.);
#580=CYLINDRICAL_SURFACE('',#1254,4.7625);
#581=FACE_OUTER_BOUND('',#1255,.T.);
#582=PLANE('',#1256);
#583=FACE_OUTER_BOUND('',#1257,.T.);
#584=B_SPLINE_SURFACE_WITH_KNOTS('',3,3,((#1258,#1259,#1260,#1261,#1262,#1263,#1264,#1265,#1266,#1267,#1268,#1269,#1270,#1271,#1272,#1273,#1274,#1275,#1276,#1277,#1278,#1279,#1280,#1281,#1282,#1283,#1284,#1285,#1286,#1287,#1288,#1289,#1290,#1291,#1292),(#1293,#1294,#1295,#1296,#1297,#1298,#1299,#1300,#1301,#1302,#1303,#1304,#1305,#1306,#1307,#1308,#1309,#1310,#1311,#1312,#1313,#1314,#1315,#1316,#1317,#1318,#1319,#1320,#1321,#1322,#1323,#1324,#1325,#1326,#1327),(#1328,#1329,#1330,#1331,#1332,#1333,#1334,#1335,#1336,#1337,#1338,#1339,#1340,#1341,#1342,#1343,#1344,#1345,#1346,#1347,#1348,#1349,#1350,#1351,#1352,#1353,#1354,#1355,#1356,#1357,#1358,#1359,#1360,#1361,#1362),(#1363,#1364,#1365,#1366,#1367,#1368,#1369,#1370,#1371,#1372,#1373,#1374,#1375,#1376,#1377,#1378,#1379,#1380,#1381,#1382,#1383,#1384,#1385,#1386,#1387,#1388,#1389,#1390,#1391,#1392,#1393,#1394,#1395,#1396,#1397)),.UNSPECIFIED.,.F.,.F.,.F.,(4,4),(4,1,1,1,1,1,1,1,1,1,1,1,1,1,1,1,1,1,1,1,1,1,1,1,1,1,1,1,1,1,1,1,4),(-0.0180053069289498,1.01800974290455),(0.1088421052632,0.1372368421053,0.1656315789474,0.1940263157895,0.2224210526316,0.2508157894737,0.2792105263158,0.3076052631579,0.336,0.3643947368421,0.3927894736842,0.4211842105263,0.4495789473684,0.4779736842105,0.5063684210527,0.5347631578948,0.5631578947369,0.591552631579,0.6199473684211,0.6483421052632,0.6767368421053,0.7051315789474,0.7335263157895,0.7619210526316,0.7903157894737,0.8187105263158,0.8471052631579,0.8755,0.9038947368421,0.9322894736842,0.9606842105263,0.9890789473684,1.00454152707756),.UNSPECIFIED.);
#585=FACE_OUTER_BOUND('',#1398,.T.);
#586=B_SPLINE_SURFACE_WITH_KNOTS('',3,3,((#1399,#1400,#1401,#1402,#1403,#1404,#1405,#1406,#1407,#1408,#1409,#1410,#1411,#1412,#1413,#1414,#1415,#1416,#1417,#1418,#1419,#1420,#1421,#1422,#1423,#1424,#1425,#1426,#1427,#1428,#1429,#1430,#1431,#1432,#1433),(#1434,#1435,#1436,#1437,#1438,#1439,#1440,#1441,#1442,#1443,#1444,#1445,#1446,#1447,#1448,#1449,#1450,#1451,#1452,#1453,#1454,#1455,#1456,#1457,#1458,#1459,#1460,#1461,#1462,#1463,#1464,#1465,#1466,#1467,#1468),(#1469,#1470,#1471,#1472,#1473,#1474,#1475,#1476,#1477,#1478,#1479,#1480,#1481,#1482,#1483,#1484,#1485,#1486,#1487,#1488,#1489,#1490,#1491,#1492,#1493,#1494,#1495,#1496,#1497,#1498,#1499,#1500,#1501,#1502,#1503),(#1504,#1505,#1506,#1507,#1508,#1509,#1510,#1511,#1512,#1513,#1514,#1515,#1516,#1517,#1518,#1519,#1520,#1521,#1522,#1523,#1524,#1525,#1526,#1527,#1528,#1529,#1530,#1531,#1532,#1533,#1534,#1535,#1536,#1537,#1538)),.UNSPECIFIED.,.F.,.F.,.F.,(4,4),(4,1,1,1,1,1,1,1,1,1,1,1,1,1,1,1,1,1,1,1,1,1,1,1,1,1,1,1,1,1,1,1,4),(-0.0175460805400676,1.01761548188869),(0.00239854312956378,0.03221227011124,0.06406351185441,0.09591475359759,0.1277659953408,0.1596172370839,0.1914684788271,0.2233197205703,0.2551709623135,0.2870222040566,0.3188734457998,0.350724687543,0.3825759292862,0.4144271710293,0.4462784127725,0.4781296545157,0.5099808962589,0.541832138002,0.5736833797452,0.6055346214884,0.6373858632316,0.6692371049747,0.7010883467179,0.7329395884611,0.7647908302043,0.7966420719474,0.8284933136906,0.8603445554338,0.8921957971769,0.9240470389201,0.9558982806633,0.9877495224065,1.00453993036746),.UNSPECIFIED.);
#587=FACE_OUTER_BOUND('',#1539,.T.);
#588=CYLINDRICAL_SURFACE('',#1540,4.7625);
#589=FACE_OUTER_BOUND('',#1541,.T.);
#590=CYLINDRICAL_SURFACE('',#1542,4.7625);
#591=FACE_OUTER_BOUND('',#1543,.T.);
#592=CYLINDRICAL_SURFACE('',#1544,4.7625);
#593=FACE_OUTER_BOUND('',#1545,.T.);
#594=CYLINDRICAL_SURFACE('',#1546,4.7625);
#595=FACE_OUTER_BOUND('',#1547,.T.);
#596=CYLINDRICAL_SURFACE('',#1548,4.7625);
#597=FACE_OUTER_BOUND('',#1549,.T.);
#598=CYLINDRICAL_SURFACE('',#1550,4.7625);
#599=FACE_OUTER_BOUND('',#1551,.T.);
#600=CYLINDRICAL_SURFACE('',#1552,4.7625);
#601=FACE_OUTER_BOUND('',#1553,.T.);
#602=B_SPLINE_SURFACE_WITH_KNOTS('',3,3,((#1554,#1555,#1556,#1557,#1558,#1559,#1560,#1561,#1562,#1563,#1564,#1565,#1566,#1567,#1568,#1569,#1570,#1571,#1572,#1573,#1574,#1575,#1576,#1577,#1578,#1579,#1580,#1581,#1582,#1583,#1584,#1585,#1586,#1587,#1588),(#1589,#1590,#1591,#1592,#1593,#1594,#1595,#1596,#1597,#1598,#1599,#1600,#1601,#1602,#1603,#1604,#1605,#1606,#1607,#1608,#1609,#1610,#1611,#1612,#1613,#1614,#1615,#1616,#1617,#1618,#1619,#1620,#1621,#1622,#1623),(#1624,#1625,#1626,#1627,#1628,#1629,#1630,#1631,#1632,#1633,#1634,#1635,#1636,#1637,#1638,#1639,#1640,#1641,#1642,#1643,#1644,#1645,#1646,#1647,#1648,#1649,#1650,#1651,#1652,#1653,#1654,#1655,#1656,#1657,#1658),(#1659,#1660,#1661,#1662,#1663,#1664,#1665,#1666,#1667,#1668,#1669,#1670,#1671,#1672,#1673,#1674,#1675,#1676,#1677,#1678,#1679,#1680,#1681,#1682,#1683,#1684,#1685,#1686,#1687,#1688,#1689,#1690,#1691,#1692,#1693)),.UNSPECIFIED.,.F.,.F.,.F.,(4,4),(4,1,1,1,1,1,1,1,1,1,1,1,1,1,1,1,1,1,1,1,1,1,1,1,1,1,1,1,1,1,1,1,4),(-0.00899048566670351,1.00194831361935),(-0.00238413337149665,0.0125,0.045,0.0775,0.11,0.1425,0.175,0.2075,0.24,0.2725,0.305,0.3375,0.37,0.4025,0.435,0.4675,0.5,0.5325,0.565,0.5975,0.63,0.6625,0.695,0.7275,0.76,0.7925,0.825,0.8575,0.89,0.9225,0.955,0.9875,1.00195433011484),.UNSPECIFIED.);
#603=FACE_OUTER_BOUND('',#1694,.T.);
#604=B_SPLINE_SURFACE_WITH_KNOTS('',3,3,((#1695,#1696,#1697,#1698,#1699,#1700,#1701,#1702,#1703,#1704,#1705,#1706,#1707,#1708,#1709,#1710,#1711,#1712,#1713,#1714,#1715,#1716,#1717,#1718,#1719,#1720,#1721,#1722,#1723,#1724,#1725,#1726,#1727,#1728,#1729),(#1730,#1731,#1732,#1733,#1734,#1735,#1736,#1737,#1738,#1739,#1740,#1741,#1742,#1743,#1744,#1745,#1746,#1747,#1748,#1749,#1750,#1751,#1752,#1753,#1754,#1755,#1756,#1757,#1758,#1759,#1760,#1761,#1762,#1763,#1764),(#1765,#1766,#1767,#1768,#1769,#1770,#1771,#1772,#1773,#1774,#1775,#1776,#1777,#1778,#1779,#1780,#1781,#1782,#1783,#1784,#1785,#1786,#1787,#1788,#1789,#1790,#1791,#1792,#1793,#1794,#1795,#1796,#1797,#1798,#1799),(#1800,#1801,#1802,#1803,#1804,#1805,#1806,#1807,#1808,#1809,#1810,#1811,#1812,#1813,#1814,#1815,#1816,#1817,#1818,#1819,#1820,#1821,#1822,#1823,#1824,#1825,#1826,#1827,#1828,#1829,#1830,#1831,#1832,#1833,#1834)),.UNSPECIFIED.,.F.,.F.,.F.,(4,4),(4,1,1,1,1,1,1,1,1,1,1,1,1,1,1,1,1,1,1,1,1,1,1,1,1,1,1,1,1,1,1,1,4),(-0.00194831361928331,1.00927641437816),(-0.00239368259773596,0.0125,0.045,0.0775,0.11,0.1425,0.175,0.2075,0.24,0.2725,0.305,0.3375,0.37,0.4025,0.435,0.4675,0.5,0.5325,0.565,0.5975,0.63,0.6625,0.695,0.7275,0.76,0.7925,0.825,0.8575,0.89,0.9225,0.955,0.9875,1.00195433011483),.UNSPECIFIED.);
#605=FACE_OUTER_BOUND('',#1835,.T.);
#606=B_SPLINE_SURFACE_WITH_KNOTS('',3,3,((#1836,#1837,#1838,#1839,#1840,#1841,#1842,#1843,#1844,#1845,#1846,#1847,#1848,#1849,#1850,#1851,#1852,#1853,#1854,#1855,#1856,#1857,#1858,#1859,#1860,#1861,#1862,#1863,#1864,#1865,#1866,#1867,#1868,#1869,#1870),(#1871,#1872,#1873,#1874,#1875,#1876,#1877,#1878,#1879,#1880,#1881,#1882,#1883,#1884,#1885,#1886,#1887,#1888,#1889,#1890,#1891,#1892,#1893,#1894,#1895,#1896,#1897,#1898,#1899,#1900,#1901,#1902,#1903,#1904,#1905),(#1906,#1907,#1908,#1909,#1910,#1911,#1912,#1913,#1914,#1915,#1916,#1917,#1918,#1919,#1920,#1921,#1922,#1923,#1924,#1925,#1926,#1927,#1928,#1929,#1930,#1931,#1932,#1933,#1934,#1935,#1936,#1937,#1938,#1939,#1940),(#1941,#1942,#1943,#1944,#1945,#1946,#1947,#1948,#1949,#1950,#1951,#1952,#1953,#1954,#1955,#1956,#1957,#1958,#1959,#1960,#1961,#1962,#1963,#1964,#1965,#1966,#1967,#1968,#1969,#1970,#1971,#1972,#1973,#1974,#1975)),.UNSPECIFIED.,.F.,.F.,.F.,(4,4),(4,1,1,1,1,1,1,1,1,1,1,1,1,1,1,1,1,1,1,1,1,1,1,1,1,1,1,1,1,1,1,1,4),(-0.00520914984384979,1.00551403155682),(-0.0040641310209582,0.009868421052631,0.03552631578947,0.06118421052631,0.08684210526315,0.1125,0.1381578947368,0.1638157894737,0.1894736842105,0.2151315789474,0.2407894736842,0.266447368421,0.2921052631579,0.3177631578947,0.3434210526316,0.3690789473684,0.3947368421052,0.4203947368421,0.4460526315789,0.4717105263158,0.4973684210526,0.5230263157894,0.5486842105263,0.5743421052631,0.6,0.6256578947368,0.6513157894736,0.6769736842105,0.7026315789473,0.7282894736842,0.753947368421,0.7796052631579,0.793537793025054),.UNSPECIFIED.);
#607=FACE_OUTER_BOUND('',#1976,.T.);
#608=FACE_BOUND('',#1977,.T.);
#609=PLANE('',#1978);
#610=FACE_OUTER_BOUND('',#1979,.T.);
#611=CONICAL_SURFACE('',#1980,3.5814,0.7853981633973);
#612=FACE_OUTER_BOUND('',#1981,.T.);
#613=FACE_BOUND('',#1982,.T.);
#614=PLANE('',#1983);
#615=FACE_OUTER_BOUND('',#1984,.T.);
#616=CYLINDRICAL_SURFACE('',#1985,3.17119);
#617=FACE_OUTER_BOUND('',#1986,.T.);
#618=CYLINDRICAL_SURFACE('',#1987,3.17119);
#619=FACE_OUTER_BOUND('',#1988,.T.);
#620=CONICAL_SURFACE('',#1989,3.04418999914656,0.7853981633973);
#621=FACE_OUTER_BOUND('',#1990,.T.);
#622=PLANE('',#1991);
#623=FACE_OUTER_BOUND('',#1992,.T.);
#624=CONICAL_SURFACE('',#1993,3.04418999914656,0.7853981633973);
#625=FACE_OUTER_BOUND('',#1994,.T.);
#626=CONICAL_SURFACE('',#1995,3.5814,0.7853981633973);
#627=FACE_OUTER_BOUND('',#1996,.T.);
#628=B_SPLINE_SURFACE_WITH_KNOTS('',3,3,((#1997,#1998,#1999,#2000,#2001,#2002,#2003,#2004,#2005,#2006,#2007,#2008,#2009,#2010,#2011,#2012,#2013,#2014,#2015,#2016,#2017,#2018,#2019,#2020,#2021,#2022,#2023,#2024,#2025,#2026,#2027,#2028,#2029,#2030,#2031),(#2032,#2033,#2034,#2035,#2036,#2037,#2038,#2039,#2040,#2041,#2042,#2043,#2044,#2045,#2046,#2047,#2048,#2049,#2050,#2051,#2052,#2053,#2054,#2055,#2056,#2057,#2058,#2059,#2060,#2061,#2062,#2063,#2064,#2065,#2066),(#2067,#2068,#2069,#2070,#2071,#2072,#2073,#2074,#2075,#2076,#2077,#2078,#2079,#2080,#2081,#2082,#2083,#2084,#2085,#2086,#2087,#2088,#2089,#2090,#2091,#2092,#2093,#2094,#2095,#2096,#2097,#2098,#2099,#2100,#2101),(#2102,#2103,#2104,#2105,#2106,#2107,#2108,#2109,#2110,#2111,#2112,#2113,#2114,#2115,#2116,#2117,#2118,#2119,#2120,#2121,#2122,#2123,#2124,#2125,#2126,#2127,#2128,#2129,#2130,#2131,#2132,#2133,#2134,#2135,#2136)),.UNSPECIFIED.,.F.,.F.,.F.,(4,4),(4,1,1,1,1,1,1,1,1,1,1,1,1,1,1,1,1,1,1,1,1,1,1,1,1,1,1,1,1,1,1,1,4),(-0.0213484452241746,1.00513375167077),(-0.00406640009915296,0.01005833890434,0.03621002005562,0.0623617012069,0.08851338235818,0.1146650635095,0.1408167446607,0.166968425812,0.1931201069633,0.2192717881146,0.2454234692659,0.2715751504171,0.2977268315684,0.3238785127197,0.350030193871,0.3761818750222,0.4023335561735,0.4284852373248,0.4546369184761,0.4807885996274,0.5069402807786,0.5330919619299,0.5592436430812,0.5853953242325,0.6115470053838,0.637698686535,0.6638503676863,0.6900020488376,0.7161537299889,0.7423054111402,0.7684570922914,0.7946087734427,0.820760454594),.UNSPECIFIED.);
#629=FACE_OUTER_BOUND('',#2137,.T.);
#630=CONICAL_SURFACE('',#2138,4.572,0.7853981633973);
#631=FACE_OUTER_BOUND('',#2139,.T.);
#632=CONICAL_SURFACE('',#2140,4.42774868704016,0.7853981633973);
#633=FACE_OUTER_BOUND('',#2141,.T.);
#634=CYLINDRICAL_SURFACE('',#2142,1.524);
#635=FACE_OUTER_BOUND('',#2143,.T.);
#636=CYLINDRICAL_SURFACE('',#2144,0.7112);
#637=FACE_OUTER_BOUND('',#2145,.T.);
#638=CONICAL_SURFACE('',#2146,0.516623923097306,0.5235987755982);
#639=FACE_OUTER_BOUND('',#2147,.T.);
#640=CONICAL_SURFACE('',#2148,0.518635227155716,0.5235987755982);
#641=FACE_OUTER_BOUND('',#2149,.T.);
#642=CYLINDRICAL_SURFACE('',#2150,0.7112);
#643=FACE_OUTER_BOUND('',#2151,.T.);
#644=CYLINDRICAL_SURFACE('',#2152,1.524);
#645=FACE_OUTER_BOUND('',#2153,.T.);
#646=CYLINDRICAL_SURFACE('',#2154,0.7112);
#647=FACE_OUTER_BOUND('',#2155,.T.);
#648=CONICAL_SURFACE('',#2156,0.518635227155716,0.5235987755982);
#649=FACE_OUTER_BOUND('',#2157,.T.);
#650=CONICAL_SURFACE('',#2158,0.516623923097306,0.5235987755982);
#651=FACE_OUTER_BOUND('',#2159,.T.);
#652=CYLINDRICAL_SURFACE('',#2160,0.7112);
#653=FACE_OUTER_BOUND('',#2161,.T.);
#654=PLANE('',#2162);
#655=FACE_OUTER_BOUND('',#2163,.T.);
#656=SPHERICAL_SURFACE('',#2164,1.524);
#657=FACE_OUTER_BOUND('',#2165,.T.);
#658=B_SPLINE_SURFACE_WITH_KNOTS('',3,3,((#2166,#2167,#2168,#2169),(#2170,#2171,#2172,#2173),(#2174,#2175,#2176,#2177),(#2178,#2179,#2180,#2181),(#2182,#2183,#2184,#2185),(#2186,#2187,#2188,#2189),(#2190,#2191,#2192,#2193),(#2194,#2195,#2196,#2197),(#2198,#2199,#2200,#2201),(#2202,#2203,#2204,#2205),(#2206,#2207,#2208,#2209)),.UNSPECIFIED.,.F.,.F.,.F.,(4,1,1,1,1,1,1,1,4),(4,4),(-0.01516160246159,0.125,0.25,0.375,0.5,0.625,0.75,0.875,1.015246439879),(-0.0391796221311368,1.00493238193937),.UNSPECIFIED.);
#659=FACE_OUTER_BOUND('',#2210,.T.);
#660=CYLINDRICAL_SURFACE('',#2211,1.397);
#661=FACE_OUTER_BOUND('',#2212,.T.);
#662=SPHERICAL_SURFACE('',#2213,1.524);
#663=FACE_OUTER_BOUND('',#2214,.T.);
#664=PLANE('',#2215);
#665=FACE_OUTER_BOUND('',#2216,.T.);
#666=SPHERICAL_SURFACE('',#2217,1.524);
#667=FACE_OUTER_BOUND('',#2218,.T.);
#668=B_SPLINE_SURFACE_WITH_KNOTS('',3,3,((#2219,#2220,#2221,#2222),(#2223,#2224,#2225,#2226),(#2227,#2228,#2229,#2230),(#2231,#2232,#2233,#2234),(#2235,#2236,#2237,#2238),(#2239,#2240,#2241,#2242),(#2243,#2244,#2245,#2246),(#2247,#2248,#2249,#2250),(#2251,#2252,#2253,#2254),(#2255,#2256,#2257,#2258),(#2259,#2260,#2261,#2262)),.UNSPECIFIED.,.F.,.F.,.F.,(4,1,1,1,1,1,1,1,4),(4,4),(-0.01520277315131,0.125,0.25,0.375,0.5,0.625,0.75,0.875,1.015227587586),(-0.0391796221277683,1.0049323819385),.UNSPECIFIED.);
#669=FACE_OUTER_BOUND('',#2263,.T.);
#670=CYLINDRICAL_SURFACE('',#2264,1.397);
#671=FACE_OUTER_BOUND('',#2265,.T.);
#672=CYLINDRICAL_SURFACE('',#2266,1.524);
#673=FACE_OUTER_BOUND('',#2267,.T.);
#674=CYLINDRICAL_SURFACE('',#2268,0.7112);
#675=FACE_OUTER_BOUND('',#2269,.T.);
#676=CONICAL_SURFACE('',#2270,0.516629547438864,0.5235987755982);
#677=FACE_OUTER_BOUND('',#2271,.T.);
#678=CONICAL_SURFACE('',#2272,0.516629547438864,0.5235987755982);
#679=FACE_OUTER_BOUND('',#2273,.T.);
#680=CYLINDRICAL_SURFACE('',#2274,0.7112);
#681=FACE_OUTER_BOUND('',#2275,.T.);
#682=PLANE('',#2276);
#683=FACE_OUTER_BOUND('',#2277,.T.);
#684=CYLINDRICAL_SURFACE('',#2278,0.7112);
#685=FACE_OUTER_BOUND('',#2279,.T.);
#686=CONICAL_SURFACE('',#2280,0.516629547438864,0.5235987755982);
#687=FACE_OUTER_BOUND('',#2281,.T.);
#688=CONICAL_SURFACE('',#2282,0.516629547438864,0.5235987755982);
#689=FACE_OUTER_BOUND('',#2283,.T.);
#690=CYLINDRICAL_SURFACE('',#2284,0.7112);
#691=FACE_OUTER_BOUND('',#2285,.T.);
#692=PLANE('',#2286);
#693=FACE_OUTER_BOUND('',#2287,.T.);
#694=PLANE('',#2288);
#695=FACE_OUTER_BOUND('',#2289,.T.);
#696=SPHERICAL_SURFACE('',#2290,1.52000000000002);
#697=FACE_OUTER_BOUND('',#2291,.T.);
#698=CONICAL_SURFACE('',#2292,0.9779,0.714090698612108);
#699=FACE_OUTER_BOUND('',#2293,.T.);
#700=CONICAL_SURFACE('',#2294,0.9779,0.714090698612108);
#701=FACE_OUTER_BOUND('',#2295,.T.);
#702=PLANE('',#2296);
#703=FACE_OUTER_BOUND('',#2297,.T.);
#704=CONICAL_SURFACE('',#2298,0.9779,0.714090698612108);
#705=FACE_OUTER_BOUND('',#2299,.T.);
#706=CONICAL_SURFACE('',#2300,0.9779,0.714090698612108);
#707=FACE_OUTER_BOUND('',#2301,.T.);
#708=PLANE('',#2302);
#709=FACE_OUTER_BOUND('',#2303,.T.);
#710=CONICAL_SURFACE('',#2304,0.9779,0.714090698612108);
#711=FACE_OUTER_BOUND('',#2305,.T.);
#712=CONICAL_SURFACE('',#2306,0.9779,0.714090698612108);
#713=FACE_OUTER_BOUND('',#2307,.T.);
#714=PLANE('',#2308);
#715=FACE_OUTER_BOUND('',#2309,.T.);
#716=CONICAL_SURFACE('',#2310,0.9779,0.714090698612108);
#717=FACE_OUTER_BOUND('',#2311,.T.);
#718=CONICAL_SURFACE('',#2312,0.9779,0.714090698612108);
#719=FACE_OUTER_BOUND('',#2313,.T.);
#720=PLANE('',#2314);
#721=FACE_OUTER_BOUND('',#2315,.T.);
#722=PLANE('',#2316);
#723=FACE_OUTER_BOUND('',#2317,.T.);
#724=PLANE('',#2318);
#725=FACE_OUTER_BOUND('',#2319,.T.);
#726=PLANE('',#2320);
#727=FACE_OUTER_BOUND('',#2321,.T.);
#728=CYLINDRICAL_SURFACE('',#2322,0.444999999999998);
#729=FACE_OUTER_BOUND('',#2323,.T.);
#730=CYLINDRICAL_SURFACE('',#2324,0.444999999999998);
#731=FACE_OUTER_BOUND('',#2325,.T.);
#732=PLANE('',#2326);
#733=FACE_OUTER_BOUND('',#2327,.T.);
#734=PLANE('',#2328);
#735=FACE_OUTER_BOUND('',#2329,.T.);
#736=PLANE('',#2330);
#737=FACE_OUTER_BOUND('',#2331,.T.);
#738=PLANE('',#2332);
#739=FACE_OUTER_BOUND('',#2333,.T.);
#740=PLANE('',#2334);
#741=FACE_OUTER_BOUND('',#2335,.T.);
#742=PLANE('',#2336);
#743=FACE_OUTER_BOUND('',#2337,.T.);
#744=PLANE('',#2338);
#745=FACE_OUTER_BOUND('',#2339,.T.);
#746=PLANE('',#2340);
#747=FACE_OUTER_BOUND('',#2341,.T.);
#748=PLANE('',#2342);
#749=FACE_OUTER_BOUND('',#2343,.T.);
#750=PLANE('',#2344);
#751=FACE_OUTER_BOUND('',#2345,.T.);
#752=PLANE('',#2346);
#753=FACE_OUTER_BOUND('',#2347,.T.);
#754=PLANE('',#2348);
#755=FACE_OUTER_BOUND('',#2349,.T.);
#756=PLANE('',#2350);
#757=FACE_OUTER_BOUND('',#2351,.T.);
#758=PLANE('',#2352);
#759=FACE_OUTER_BOUND('',#2353,.T.);
#760=PLANE('',#2354);
#761=FACE_OUTER_BOUND('',#2355,.T.);
#762=PLANE('',#2356);
#763=FACE_OUTER_BOUND('',#2357,.T.);
#764=PLANE('',#2358);
#765=FACE_OUTER_BOUND('',#2359,.T.);
#766=PLANE('',#2360);
#767=FACE_OUTER_BOUND('',#2361,.T.);
#768=PLANE('',#2362);
#769=FACE_OUTER_BOUND('',#2363,.T.);
#770=CYLINDRICAL_SURFACE('',#2364,0.444999999999998);
#771=FACE_OUTER_BOUND('',#2365,.T.);
#772=CYLINDRICAL_SURFACE('',#2366,0.444999999999998);
#773=FACE_OUTER_BOUND('',#2367,.T.);
#774=PLANE('',#2368);
#775=FACE_OUTER_BOUND('',#2369,.T.);
#776=PLANE('',#2370);
#777=FACE_OUTER_BOUND('',#2371,.T.);
#778=PLANE('',#2372);
#779=FACE_OUTER_BOUND('',#2373,.T.);
#780=PLANE('',#2374);
#781=FACE_OUTER_BOUND('',#2375,.T.);
#782=PLANE('',#2376);
#783=FACE_OUTER_BOUND('',#2377,.T.);
#784=PLANE('',#2378);
#785=FACE_OUTER_BOUND('',#2379,.T.);
#786=PLANE('',#2380);
#787=FACE_OUTER_BOUND('',#2381,.T.);
#788=PLANE('',#2382);
#789=FACE_OUTER_BOUND('',#2383,.T.);
#790=CYLINDRICAL_SURFACE('',#2384,0.444999999999998);
#791=FACE_OUTER_BOUND('',#2385,.T.);
#792=CYLINDRICAL_SURFACE('',#2386,0.444999999999998);
#793=FACE_OUTER_BOUND('',#2387,.T.);
#794=PLANE('',#2388);
#795=FACE_OUTER_BOUND('',#2389,.T.);
#796=PLANE('',#2390);
#797=FACE_OUTER_BOUND('',#2391,.T.);
#798=PLANE('',#2392);
#799=FACE_OUTER_BOUND('',#2393,.T.);
#800=PLANE('',#2394);
#801=FACE_OUTER_BOUND('',#2395,.T.);
#802=PLANE('',#2396);
#803=FACE_OUTER_BOUND('',#2397,.T.);
#804=PLANE('',#2398);
#805=FACE_OUTER_BOUND('',#2399,.T.);
#806=PLANE('',#2400);
#807=FACE_OUTER_BOUND('',#2401,.T.);
#808=PLANE('',#2402);
#809=FACE_OUTER_BOUND('',#2403,.T.);
#810=CYLINDRICAL_SURFACE('',#2404,0.444999999999998);
#811=FACE_OUTER_BOUND('',#2405,.T.);
#812=CYLINDRICAL_SURFACE('',#2406,0.444999999999998);
#813=FACE_OUTER_BOUND('',#2407,.T.);
#814=PLANE('',#2408);
#815=FACE_OUTER_BOUND('',#2409,.T.);
#816=PLANE('',#2410);
#817=ADVANCED_FACE('',(#2411),#2412,.F.);
#818=ADVANCED_FACE('',(#2413,#2414),#2415,.F.);
#819=ADVANCED_FACE('',(#2416),#2417,.F.);
#820=ADVANCED_FACE('',(#2418,#2419),#2420,.T.);
#821=ADVANCED_FACE('',(#2421),#2422,.T.);
#822=ADVANCED_FACE('',(#2423),#2424,.T.);
#823=ADVANCED_FACE('',(#2425),#2426,.F.);
#824=ADVANCED_FACE('',(#2427),#2428,.F.);
#825=ADVANCED_FACE('',(#2429),#2430,.T.);
#826=ADVANCED_FACE('',(#2431),#2432,.T.);
#827=ADVANCED_FACE('',(#2433),#2434,.F.);
#828=ADVANCED_FACE('',(#2435,#2436),#2437,.T.);
#829=ADVANCED_FACE('',(#2438),#2439,.T.);
#830=ADVANCED_FACE('',(#2440),#2441,.T.);
#831=ADVANCED_FACE('',(#2442),#2443,.F.);
#832=ADVANCED_FACE('',(#2444),#2445,.F.);
#833=ADVANCED_FACE('',(#2446),#2447,.T.);
#834=ADVANCED_FACE('',(#2448),#2449,.F.);
#835=ADVANCED_FACE('',(#2450),#2451,.F.);
#836=ADVANCED_FACE('',(#2452),#2453,.F.);
#837=ADVANCED_FACE('',(#2454),#2455,.T.);
#838=ADVANCED_FACE('',(#2456),#2457,.F.);
#839=ADVANCED_FACE('',(#2458),#2459,.F.);
#840=ADVANCED_FACE('',(#2460),#2461,.F.);
#841=ADVANCED_FACE('',(#2462),#2463,.T.);
#842=ADVANCED_FACE('',(#2464),#2465,.F.);
#843=ADVANCED_FACE('',(#2466),#2467,.T.);
#844=ADVANCED_FACE('',(#2468),#2469,.F.);
#845=ADVANCED_FACE('',(#2470,#2471),#2472,.F.);
#846=ADVANCED_FACE('',(#2473),#2474,.F.);
#847=ADVANCED_FACE('',(#2475,#2476),#2477,.T.);
#848=ADVANCED_FACE('',(#2478),#2479,.T.);
#849=ADVANCED_FACE('',(#2480),#2481,.T.);
#850=ADVANCED_FACE('',(#2482),#2483,.F.);
#851=ADVANCED_FACE('',(#2484),#2485,.F.);
#852=ADVANCED_FACE('',(#2486),#2487,.T.);
#853=ADVANCED_FACE('',(#2488),#2489,.T.);
#854=ADVANCED_FACE('',(#2490),#2491,.F.);
#855=ADVANCED_FACE('',(#2492,#2493),#2494,.T.);
#856=ADVANCED_FACE('',(#2495),#2496,.T.);
#857=ADVANCED_FACE('',(#2497),#2498,.T.);
#858=ADVANCED_FACE('',(#2499),#2500,.F.);
#859=ADVANCED_FACE('',(#2501),#2502,.F.);
#860=ADVANCED_FACE('',(#2503,#2504),#2505,.F.);
#861=ADVANCED_FACE('',(#2506),#2507,.F.);
#862=ADVANCED_FACE('',(#2508,#2509),#2510,.T.);
#863=ADVANCED_FACE('',(#2511),#2512,.T.);
#864=ADVANCED_FACE('',(#2513),#2514,.T.);
#865=ADVANCED_FACE('',(#2515),#2516,.F.);
#866=ADVANCED_FACE('',(#2517,#2518),#2519,.T.);
#867=ADVANCED_FACE('',(#2520),#2521,.T.);
#868=ADVANCED_FACE('',(#2522),#2523,.T.);
#869=ADVANCED_FACE('',(#2524),#2525,.F.);
#870=ADVANCED_FACE('',(#2526),#2527,.F.);
#871=ADVANCED_FACE('',(#2528,#2529),#2530,.F.);
#872=ADVANCED_FACE('',(#2531),#2532,.F.);
#873=ADVANCED_FACE('',(#2533,#2534),#2535,.T.);
#874=ADVANCED_FACE('',(#2536),#2537,.T.);
#875=ADVANCED_FACE('',(#2538),#2539,.T.);
#876=ADVANCED_FACE('',(#2540),#2541,.F.);
#877=ADVANCED_FACE('',(#2542,#2543),#2544,.T.);
#878=ADVANCED_FACE('',(#2545),#2546,.T.);
#879=ADVANCED_FACE('',(#2547),#2548,.T.);
#880=ADVANCED_FACE('',(#2549),#2550,.F.);
#881=ADVANCED_FACE('',(#2551),#2552,.F.);
#882=ADVANCED_FACE('',(#2553),#2554,.F.);
#883=ADVANCED_FACE('',(#2555),#2556,.F.);
#884=ADVANCED_FACE('',(#2557),#2558,.T.);
#885=ADVANCED_FACE('',(#2559),#2560,.F.);
#886=ADVANCED_FACE('',(#2561),#2562,.F.);
#887=ADVANCED_FACE('',(#2563),#2564,.F.);
#888=ADVANCED_FACE('',(#2565),#2566,.F.);
#889=ADVANCED_FACE('',(#2567),#2568,.T.);
#890=ADVANCED_FACE('',(#2569),#2570,.F.);
#891=ADVANCED_FACE('',(#2571,#2572),#2573,.F.);
#892=ADVANCED_FACE('',(#2574),#2575,.F.);
#893=ADVANCED_FACE('',(#2576),#2577,.F.);
#894=ADVANCED_FACE('',(#2578,#2579),#2580,.F.);
#895=ADVANCED_FACE('',(#2581),#2582,.F.);
#896=ADVANCED_FACE('',(#2583),#2584,.F.);
#897=ADVANCED_FACE('',(#2585,#2586),#2587,.F.);
#898=ADVANCED_FACE('',(#2588),#2589,.T.);
#899=ADVANCED_FACE('',(#2590),#2591,.T.);
#900=ADVANCED_FACE('',(#2592),#2593,.F.);
#901=ADVANCED_FACE('',(#2594),#2595,.F.);
#902=ADVANCED_FACE('',(#2596),#2597,.T.);
#903=ADVANCED_FACE('',(#2598),#2599,.F.);
#904=EDGE_LOOP('',(#2600,#2601,#2602,#2603));
#905=AXIS2_PLACEMENT_3D('',#2604,#2605,#2606);
#906=EDGE_LOOP('',(#2607,#2608,#2609,#2610));
#907=AXIS2_PLACEMENT_3D('',#2611,#2612,#2613);
#908=EDGE_LOOP('',(#2614,#2615,#2616,#2617));
#909=AXIS2_PLACEMENT_3D('',#2618,#2619,#2620);
#910=EDGE_LOOP('',(#2621,#2622,#2623,#2624));
#911=AXIS2_PLACEMENT_3D('',#2625,#2626,#2627);
#912=EDGE_LOOP('',(#2628,#2629,#2630,#2631));
#913=AXIS2_PLACEMENT_3D('',#2632,#2633,#2634);
#914=EDGE_LOOP('',(#2635,#2636,#2637,#2638));
#915=AXIS2_PLACEMENT_3D('',#2639,#2640,#2641);
#916=EDGE_LOOP('',(#2642,#2643,#2644,#2645));
#917=AXIS2_PLACEMENT_3D('',#2646,#2647,#2648);
#918=EDGE_LOOP('',(#2649,#2650,#2651,#2652));
#919=AXIS2_PLACEMENT_3D('',#2653,#2654,#2655);
#920=EDGE_LOOP('',(#2656,#2657,#2658));
#921=AXIS2_PLACEMENT_3D('',#2659,#2660,#2661);
#922=EDGE_LOOP('',(#2662,#2663,#2664,#2665));
#923=AXIS2_PLACEMENT_3D('',#2666,#2667,#2668);
#924=EDGE_LOOP('',(#2669,#2670,#2671));
#925=AXIS2_PLACEMENT_3D('',#2672,#2673,#2674);
#926=EDGE_LOOP('',(#2675,#2676,#2677,#2678,#2679,#2680,#2681));
#927=AXIS2_PLACEMENT_3D('',#2682,#2683,#2684);
#928=EDGE_LOOP('',(#2685,#2686,#2687));
#929=AXIS2_PLACEMENT_3D('',#2688,#2689,#2690);
#930=EDGE_LOOP('',(#2691,#2692,#2693,#2694,#2695,#2696,#2697));
#931=AXIS2_PLACEMENT_3D('',#2698,#2699,#2700);
#932=EDGE_LOOP('',(#2701,#2702,#2703));
#933=AXIS2_PLACEMENT_3D('',#2704,#2705,#2706);
#934=EDGE_LOOP('',(#2707,#2708,#2709,#2710));
#935=AXIS2_PLACEMENT_3D('',#2711,#2712,#2713);
#936=EDGE_LOOP('',(#2714,#2715,#2716,#2717,#2718,#2719));
#937=AXIS2_PLACEMENT_3D('',#2720,#2721,#2722);
#938=EDGE_LOOP('',(#2723,#2724,#2725,#2726));
#939=AXIS2_PLACEMENT_3D('',#2727,#2728,#2729);
#940=EDGE_LOOP('',(#2730,#2731,#2732,#2733));
#941=AXIS2_PLACEMENT_3D('',#2734,#2735,#2736);
#942=EDGE_LOOP('',(#2737,#2738,#2739));
#943=AXIS2_PLACEMENT_3D('',#2740,#2741,#2742);
#944=EDGE_LOOP('',(#2743,#2744,#2745,#2746,#2747));
#945=AXIS2_PLACEMENT_3D('',#2748,#2749,#2750);
#946=EDGE_LOOP('',(#2751,#2752,#2753,#2754,#2755));
#947=AXIS2_PLACEMENT_3D('',#2756,#2757,#2758);
#948=EDGE_LOOP('',(#2759,#2760,#2761,#2762));
#949=AXIS2_PLACEMENT_3D('',#2763,#2764,#2765);
#950=EDGE_LOOP('',(#2766,#2767,#2768,#2769,#2770));
#951=AXIS2_PLACEMENT_3D('',#2771,#2772,#2773);
#952=EDGE_LOOP('',(#2774,#2775,#2776,#2777,#2778));
#953=AXIS2_PLACEMENT_3D('',#2779,#2780,#2781);
#954=EDGE_LOOP('',(#2782,#2783,#2784,#2785));
#955=AXIS2_PLACEMENT_3D('',#2786,#2787,#2788);
#956=EDGE_LOOP('',(#2789,#2790,#2791,#2792,#2793));
#957=AXIS2_PLACEMENT_3D('',#2794,#2795,#2796);
#958=EDGE_LOOP('',(#2797,#2798,#2799,#2800,#2801,#2802));
#959=AXIS2_PLACEMENT_3D('',#2803,#2804,#2805);
#960=EDGE_LOOP('',(#2806,#2807,#2808,#2809,#2810));
#961=AXIS2_PLACEMENT_3D('',#2811,#2812,#2813);
#962=EDGE_LOOP('',(#2814,#2815,#2816,#2817,#2818));
#963=AXIS2_PLACEMENT_3D('',#2819,#2820,#2821);
#964=EDGE_LOOP('',(#2822,#2823,#2824,#2825,#2826,#2827,#2828));
#965=AXIS2_PLACEMENT_3D('',#2829,#2830,#2831);
#966=EDGE_LOOP('',(#2832,#2833,#2834,#2835,#2836,#2837));
#967=AXIS2_PLACEMENT_3D('',#2838,#2839,#2840);
#968=EDGE_LOOP('',(#2841,#2842,#2843,#2844));
#969=AXIS2_PLACEMENT_3D('',#2845,#2846,#2847);
#970=EDGE_LOOP('',(#2848,#2849,#2850,#2851));
#971=AXIS2_PLACEMENT_3D('',#2852,#2853,#2854);
#972=EDGE_LOOP('',(#2855,#2856,#2857,#2858));
#973=AXIS2_PLACEMENT_3D('',#2859,#2860,#2861);
#974=EDGE_LOOP('',(#2862,#2863,#2864,#2865));
#975=AXIS2_PLACEMENT_3D('',#2866,#2867,#2868);
#976=EDGE_LOOP('',(#2869,#2870,#2871,#2872));
#977=AXIS2_PLACEMENT_3D('',#2873,#2874,#2875);
#978=EDGE_LOOP('',(#2876,#2877,#2878,#2879,#2880,#2881));
#979=AXIS2_PLACEMENT_3D('',#2882,#2883,#2884);
#980=EDGE_LOOP('',(#2885,#2886));
#981=AXIS2_PLACEMENT_3D('',#2887,#2888,#2889);
#982=EDGE_LOOP('',(#2890,#2891,#2892,#2893,#2894,#2895));
#983=AXIS2_PLACEMENT_3D('',#2896,#2897,#2898);
#984=EDGE_LOOP('',(#2899,#2900));
#985=AXIS2_PLACEMENT_3D('',#2901,#2902,#2903);
#986=EDGE_LOOP('',(#2904,#2905,#2906,#2907,#2908,#2909));
#987=AXIS2_PLACEMENT_3D('',#2910,#2911,#2912);
#988=EDGE_LOOP('',(#2913,#2914));
#989=AXIS2_PLACEMENT_3D('',#2915,#2916,#2917);
#990=EDGE_LOOP('',(#2918,#2919,#2920,#2921,#2922,#2923));
#991=AXIS2_PLACEMENT_3D('',#2924,#2925,#2926);
#992=EDGE_LOOP('',(#2927,#2928));
#993=AXIS2_PLACEMENT_3D('',#2929,#2930,#2931);
#994=EDGE_LOOP('',(#2932,#2933,#2934,#2935,#2936,#2937));
#995=AXIS2_PLACEMENT_3D('',#2938,#2939,#2940);
#996=EDGE_LOOP('',(#2941,#2942));
#997=AXIS2_PLACEMENT_3D('',#2943,#2944,#2945);
#998=EDGE_LOOP('',(#2946,#2947,#2948,#2949,#2950,#2951));
#999=AXIS2_PLACEMENT_3D('',#2952,#2953,#2954);
#1000=EDGE_LOOP('',(#2955,#2956,#2957,#2958));
#1001=AXIS2_PLACEMENT_3D('',#2959,#2960,#2961);
#1002=EDGE_LOOP('',(#2962,#2963,#2964,#2965,#2966,#2967));
#1003=AXIS2_PLACEMENT_3D('',#2968,#2969,#2970);
#1004=EDGE_LOOP('',(#2971,#2972,#2973,#2974));
#1005=AXIS2_PLACEMENT_3D('',#2975,#2976,#2977);
#1006=EDGE_LOOP('',(#2978,#2979,#2980,#2981));
#1007=AXIS2_PLACEMENT_3D('',#2982,#2983,#2984);
#1008=EDGE_LOOP('',(#2985,#2986,#2987,#2988,#2989,#2990,#2991,#2992));
#1009=AXIS2_PLACEMENT_3D('',#2993,#2994,#2995);
#1010=EDGE_LOOP('',(#2996,#2997,#2998,#2999,#3000,#3001,#3002,#3003,#3004,#3005,#3006,#3007,#3008,#3009,#3010,#3011));
#1011=EDGE_LOOP('',(#3012,#3013,#3014,#3015,#3016,#3017,#3018,#3019));
#1012=EDGE_LOOP('',(#3020,#3021,#3022,#3023,#3024,#3025,#3026,#3027));
#1013=EDGE_LOOP('',(#3028,#3029,#3030,#3031,#3032,#3033,#3034,#3035));
#1014=EDGE_LOOP('',(#3036,#3037,#3038,#3039,#3040,#3041,#3042,#3043));
#1015=EDGE_LOOP('',(#3044,#3045,#3046,#3047,#3048,#3049,#3050,#3051));
#1016=AXIS2_PLACEMENT_3D('',#3052,#3053,#3054);
#1017=EDGE_LOOP('',(#3055,#3056,#3057,#3058));
#1018=AXIS2_PLACEMENT_3D('',#3059,#3060,#3061);
#1019=EDGE_LOOP('',(#3062,#3063,#3064));
#1020=AXIS2_PLACEMENT_3D('',#3065,#3066,#3067);
#1021=EDGE_LOOP('',(#3068,#3069,#3070,#3071,#3072,#3073,#3074,#3075));
#1022=AXIS2_PLACEMENT_3D('',#3076,#3077,#3078);
#1023=EDGE_LOOP('',(#3079,#3080,#3081,#3082,#3083,#3084));
#1024=EDGE_LOOP('',(#3085,#3086));
#1025=AXIS2_PLACEMENT_3D('',#3087,#3088,#3089);
#1026=EDGE_LOOP('',(#3090,#3091,#3092,#3093,#3094));
#1027=EDGE_LOOP('',(#3095,#3096));
#1028=AXIS2_PLACEMENT_3D('',#3097,#3098,#3099);
#1029=EDGE_LOOP('',(#3100,#3101,#3102,#3103,#3104,#3105));
#1030=EDGE_LOOP('',(#3106,#3107));
#1031=AXIS2_PLACEMENT_3D('',#3108,#3109,#3110);
#1032=EDGE_LOOP('',(#3111,#3112,#3113,#3114,#3115));
#1033=EDGE_LOOP('',(#3116,#3117));
#1034=AXIS2_PLACEMENT_3D('',#3118,#3119,#3120);
#1035=EDGE_LOOP('',(#3121,#3122,#3123,#3124,#3125,#3126,#3127,#3128,#3129,#3130));
#1036=AXIS2_PLACEMENT_3D('',#3131,#3132,#3133);
#1037=EDGE_LOOP('',(#3134,#3135,#3136));
#1038=AXIS2_PLACEMENT_3D('',#3137,#3138,#3139);
#1039=EDGE_LOOP('',(#3140,#3141,#3142,#3143));
#1040=AXIS2_PLACEMENT_3D('',#3144,#3145,#3146);
#1041=EDGE_LOOP('',(#3147,#3148,#3149));
#1042=AXIS2_PLACEMENT_3D('',#3150,#3151,#3152);
#1043=EDGE_LOOP('',(#3153,#3154,#3155,#3156));
#1044=AXIS2_PLACEMENT_3D('',#3157,#3158,#3159);
#1045=EDGE_LOOP('',(#3160,#3161,#3162,#3163));
#1046=AXIS2_PLACEMENT_3D('',#3164,#3165,#3166);
#1047=EDGE_LOOP('',(#3167,#3168,#3169,#3170));
#1048=AXIS2_PLACEMENT_3D('',#3171,#3172,#3173);
#1049=EDGE_LOOP('',(#3174,#3175,#3176));
#1050=AXIS2_PLACEMENT_3D('',#3177,#3178,#3179);
#1051=EDGE_LOOP('',(#3180,#3181,#3182,#3183,#3184,#3185));
#1052=AXIS2_PLACEMENT_3D('',#3186,#3187,#3188);
#1053=EDGE_LOOP('',(#3189,#3190,#3191,#3192,#3193,#3194,#3195,#3196,#3197,#3198,#3199,#3200));
#1054=AXIS2_PLACEMENT_3D('',#3201,#3202,#3203);
#1055=EDGE_LOOP('',(#3204,#3205,#3206,#3207,#3208,#3209,#3210));
#1056=AXIS2_PLACEMENT_3D('',#3211,#3212,#3213);
#1057=EDGE_LOOP('',(#3214,#3215));
#1058=AXIS2_PLACEMENT_3D('',#3216,#3217,#3218);
#1059=EDGE_LOOP('',(#3219,#3220,#3221));
#1060=AXIS2_PLACEMENT_3D('',#3222,#3223,#3224);
#1061=EDGE_LOOP('',(#3225,#3226,#3227));
#1062=AXIS2_PLACEMENT_3D('',#3228,#3229,#3230);
#1063=EDGE_LOOP('',(#3231,#3232));
#1064=AXIS2_PLACEMENT_3D('',#3233,#3234,#3235);
#1065=EDGE_LOOP('',(#3236,#3237,#3238,#3239));
#1066=AXIS2_PLACEMENT_3D('',#3240,#3241,#3242);
#1067=EDGE_LOOP('',(#3243,#3244,#3245,#3246));
#1068=CARTESIAN_POINT('',(-6.40654176290893,1.41962298322715,9.524062004029));
#1069=CARTESIAN_POINT('',(-6.45974897047171,1.44057307152691,9.52468691520672));
#1070=CARTESIAN_POINT('',(-6.51959511703701,1.39221136770176,9.5249093730269));
#1071=CARTESIAN_POINT('',(-6.50696798576236,1.34553844620504,9.52459563375847));
#1072=CARTESIAN_POINT('',(-6.40342605859343,1.5843703787053,9.52984141346074));
#1073=CARTESIAN_POINT('',(-6.49122754572828,1.55021646020433,9.5265841372776));
#1074=CARTESIAN_POINT('',(-6.58521816066509,1.44660781631562,9.52543746457582));
#1075=CARTESIAN_POINT('',(-6.6100232810175,1.34475645327021,9.52708311891999));
#1076=CARTESIAN_POINT('',(-6.4358980919481,1.8931676713763,9.49003752074851));
#1077=CARTESIAN_POINT('',(-6.5752442239388,1.75492868240305,9.51434874783754));
#1078=CARTESIAN_POINT('',(-6.72106161983831,1.54854518804453,9.52259156773711));
#1079=CARTESIAN_POINT('',(-6.80530263521707,1.34329107223203,9.51005563659279));
#1080=CARTESIAN_POINT('',(-6.61339858944429,2.2728335794679,9.30705102898937));
#1081=CARTESIAN_POINT('',(-6.78965588187328,2.04290492639711,9.41515034735705));
#1082=CARTESIAN_POINT('',(-6.9828575129394,1.67485714646707,9.46862402832414));
#1083=CARTESIAN_POINT('',(-7.07993695756314,1.34147298017024,9.42638701736153));
#1084=CARTESIAN_POINT('',(-6.86513411485291,2.51251741470841,9.04922382260664));
#1085=CARTESIAN_POINT('',(-7.06233994371219,2.25259305513184,9.22430303586317));
#1086=CARTESIAN_POINT('',(-7.26741594906846,1.75535145604949,9.34020826474667));
#1087=CARTESIAN_POINT('',(-7.32242450441746,1.34031260349828,9.29644123115118));
#1088=CARTESIAN_POINT('',(-7.16239602280423,2.59604212978212,8.74986598415143));
#1089=CARTESIAN_POINT('',(-7.36473980586125,2.33213670925518,8.95221619308656));
#1090=CARTESIAN_POINT('',(-7.53987496788981,1.78357682758416,9.1273647786987));
#1091=CARTESIAN_POINT('',(-7.53463277411004,1.33990531024866,9.12213292079532));
#1092=CARTESIAN_POINT('',(-7.46173509144238,2.51248458414435,8.4527534018501));
#1093=CARTESIAN_POINT('',(-7.63663169615839,2.25275713644463,8.64984950779386));
#1094=CARTESIAN_POINT('',(-7.75270673363045,1.75534563843175,8.85495372095429));
#1095=CARTESIAN_POINT('',(-7.70894126453266,1.3403126752507,8.90992396591478));
#1096=CARTESIAN_POINT('',(-7.71958743575907,2.27282873525767,8.20047927469169));
#1097=CARTESIAN_POINT('',(-7.82735900391094,2.04342045809733,8.37684354348679));
#1098=CARTESIAN_POINT('',(-7.8811300282447,1.67486955975135,8.57021791393957));
#1099=CARTESIAN_POINT('',(-7.83888695161449,1.34147276857231,8.66743896650353));
#1100=CARTESIAN_POINT('',(-7.90259419927641,1.89281891982652,8.02514345187939));
#1101=CARTESIAN_POINT('',(-7.92646385218579,1.75570466918489,8.1639281020487));
#1102=CARTESIAN_POINT('',(-7.93507669310004,1.54845726768234,8.30912166693577));
#1103=CARTESIAN_POINT('',(-7.92256124449695,1.34329227174451,8.39277687736586));
#1104=CARTESIAN_POINT('',(-7.94234322909338,1.5845906716926,7.98744089031426));
#1105=CARTESIAN_POINT('',(-7.939135282804,1.55171603856107,8.0764284736963));
#1106=CARTESIAN_POINT('',(-7.93794023360112,1.44671709955237,8.17154537918024));
#1107=CARTESIAN_POINT('',(-7.93958626986739,1.34475479578479,8.19750322948759));
#1108=CARTESIAN_POINT('',(-7.93655999108564,1.41921644411875,7.99534138611006));
#1109=CARTESIAN_POINT('',(-7.9371767313707,1.44177738146972,8.04812755746931));
#1110=CARTESIAN_POINT('',(-7.93740867546309,1.39211697582044,8.10748959386133));
#1111=CARTESIAN_POINT('',(-7.93709431845915,1.34553970892485,8.09440709278285));
#1112=EDGE_LOOP('',(#3247,#3248,#3249,#3250,#3251,#3252));
#1113=AXIS2_PLACEMENT_3D('',#3253,#3254,#3255);
#1114=EDGE_LOOP('',(#3256,#3257,#3258,#3259));
#1115=AXIS2_PLACEMENT_3D('',#3260,#3261,#3262);
#1116=EDGE_LOOP('',(#3263,#3264,#3265,#3266,#3267,#3268,#3269));
#1117=AXIS2_PLACEMENT_3D('',#3270,#3271,#3272);
#1118=EDGE_LOOP('',(#3273,#3274,#3275,#3276,#3277,#3278,#3279,#3280,#3281,#3282,#3283,#3284,#3285,#3286,#3287,#3288,#3289,#3290,#3291,#3292));
#1119=AXIS2_PLACEMENT_3D('',#3293,#3294,#3295);
#1120=EDGE_LOOP('',(#3296,#3297,#3298,#3299,#3300,#3301));
#1121=AXIS2_PLACEMENT_3D('',#3302,#3303,#3304);
#1122=EDGE_LOOP('',(#3305,#3306,#3307,#3308,#3309,#3310,#3311,#3312,#3313,#3314));
#1123=EDGE_LOOP('',(#3315,#3316,#3317,#3318));
#1124=AXIS2_PLACEMENT_3D('',#3319,#3320,#3321);
#1125=EDGE_LOOP('',(#3322,#3323,#3324,#3325));
#1126=AXIS2_PLACEMENT_3D('',#3326,#3327,#3328);
#1127=EDGE_LOOP('',(#3329,#3330,#3331,#3332));
#1128=AXIS2_PLACEMENT_3D('',#3333,#3334,#3335);
#1129=EDGE_LOOP('',(#3336,#3337,#3338,#3339));
#1130=AXIS2_PLACEMENT_3D('',#3340,#3341,#3342);
#1131=EDGE_LOOP('',(#3343,#3344,#3345,#3346));
#1132=AXIS2_PLACEMENT_3D('',#3347,#3348,#3349);
#1133=EDGE_LOOP('',(#3350,#3351,#3352,#3353));
#1134=AXIS2_PLACEMENT_3D('',#3354,#3355,#3356);
#1135=EDGE_LOOP('',(#3357,#3358,#3359,#3360));
#1136=AXIS2_PLACEMENT_3D('',#3361,#3362,#3363);
#1137=EDGE_LOOP('',(#3364,#3365,#3366));
#1138=AXIS2_PLACEMENT_3D('',#3367,#3368,#3369);
#1139=EDGE_LOOP('',(#3370,#3371,#3372,#3373,#3374,#3375,#3376,#3377,#3378,#3379));
#1140=AXIS2_PLACEMENT_3D('',#3380,#3381,#3382);
#1141=EDGE_LOOP('',(#3383,#3384,#3385,#3386));
#1142=AXIS2_PLACEMENT_3D('',#3387,#3388,#3389);
#1143=EDGE_LOOP('',(#3390,#3391,#3392,#3393));
#1144=AXIS2_PLACEMENT_3D('',#3394,#3395,#3396);
#1145=EDGE_LOOP('',(#3397,#3398,#3399,#3400));
#1146=AXIS2_PLACEMENT_3D('',#3401,#3402,#3403);
#1147=EDGE_LOOP('',(#3404,#3405,#3406));
#1148=AXIS2_PLACEMENT_3D('',#3407,#3408,#3409);
#1149=EDGE_LOOP('',(#3410,#3411,#3412,#3413));
#1150=AXIS2_PLACEMENT_3D('',#3414,#3415,#3416);
#1151=EDGE_LOOP('',(#3417,#3418,#3419,#3420));
#1152=AXIS2_PLACEMENT_3D('',#3421,#3422,#3423);
#1153=EDGE_LOOP('',(#3424,#3425,#3426,#3427));
#1154=CARTESIAN_POINT('',(6.40654176291133,1.41962298322787,-11.683062004029));
#1155=CARTESIAN_POINT('',(6.45974897047373,1.44057307152562,-11.6836869152067));
#1156=CARTESIAN_POINT('',(6.51959511703788,1.39221136770102,-11.6839093730269));
#1157=CARTESIAN_POINT('',(6.5069679857627,1.34553844620506,-11.6835956337585));
#1158=CARTESIAN_POINT('',(6.40342605859593,1.5843703787039,-11.6888414134609));
#1159=CARTESIAN_POINT('',(6.49122754572938,1.55021646020164,-11.6855841372776));
#1160=CARTESIAN_POINT('',(6.58521816066519,1.44660781631426,-11.6844374645758));
#1161=CARTESIAN_POINT('',(6.61002328101749,1.34475645327017,-11.68608311892));
#1162=CARTESIAN_POINT('',(6.43589809195308,1.8931676713713,-11.6490375207491));
#1163=CARTESIAN_POINT('',(6.57524422394217,1.75492868239796,-11.6733487478375));
#1164=CARTESIAN_POINT('',(6.72106161983823,1.54854518804213,-11.6815915677373));
#1165=CARTESIAN_POINT('',(6.80530263521671,1.34329107223206,-11.6690556365929));
#1166=CARTESIAN_POINT('',(6.61339858945,2.27283357945954,-11.4660510289925));
#1167=CARTESIAN_POINT('',(6.78965588187709,2.04290492638821,-11.5741503473591));
#1168=CARTESIAN_POINT('',(6.98285751293934,1.67485714646297,-11.6276240283238));
#1169=CARTESIAN_POINT('',(7.07993695756276,1.34147298017017,-11.5853870173614));
#1170=CARTESIAN_POINT('',(6.8651341148618,2.51251741469797,-11.2082238226126));
#1171=CARTESIAN_POINT('',(7.06233994371783,2.25259305511956,-11.3833030358656));
#1172=CARTESIAN_POINT('',(7.26741594906953,1.75535145604444,-11.4992082647466));
#1173=CARTESIAN_POINT('',(7.3224245044176,1.34031260349814,-11.4554412311512));
#1174=CARTESIAN_POINT('',(7.16239602281205,2.59604212977239,-10.9088659841592));
#1175=CARTESIAN_POINT('',(7.36473980586554,2.3321367092418,-11.1112161930908));
#1176=CARTESIAN_POINT('',(7.53987496788974,1.78357682757879,-11.2863647786986));
#1177=CARTESIAN_POINT('',(7.53463277410993,1.33990531024866,-11.2811329207952));
#1178=CARTESIAN_POINT('',(7.46173509144894,2.51248458413568,-10.6117534018573));
#1179=CARTESIAN_POINT('',(7.63663169616208,2.25275713643277,-10.8088495077993));
#1180=CARTESIAN_POINT('',(7.75270673362906,1.7553456384268,-11.0139537209553));
#1181=CARTESIAN_POINT('',(7.70894126453207,1.34031267525074,-11.0689239659149));
#1182=CARTESIAN_POINT('',(7.71958743576325,2.27282873524947,-10.3594792746975));
#1183=CARTESIAN_POINT('',(7.82735900391145,2.04342045808851,-10.5358435434911));
#1184=CARTESIAN_POINT('',(7.88113002824391,1.67486955974744,-10.7292179139413));
#1185=CARTESIAN_POINT('',(7.83888695161429,1.34147276857232,-10.8264389665039));
#1186=CARTESIAN_POINT('',(7.90259419927774,1.89281891982164,-10.1841434518844));
#1187=CARTESIAN_POINT('',(7.92646385218746,1.75570466917985,-10.3229281020521));
#1188=CARTESIAN_POINT('',(7.93507669310071,1.54845726767996,-10.4681216669357));
#1189=CARTESIAN_POINT('',(7.92256124449718,1.34329227174454,-10.5517768773655));
#1190=CARTESIAN_POINT('',(7.94234322909353,1.58459067169132,-10.1464408903191));
#1191=CARTESIAN_POINT('',(7.93913528280405,1.55171603855844,-10.2354284736994));
#1192=CARTESIAN_POINT('',(7.9379402336011,1.44671709955102,-10.3305453791808));
#1193=CARTESIAN_POINT('',(7.93958626986737,1.34475479578474,-10.3565032294877));
#1194=CARTESIAN_POINT('',(7.93655999108561,1.41921644411957,-10.1543413861125));
#1195=CARTESIAN_POINT('',(7.93717673137069,1.44177738146854,-10.2071275574713));
#1196=CARTESIAN_POINT('',(7.9374086754631,1.39211697581989,-10.2664895938622));
#1197=CARTESIAN_POINT('',(7.93709431845915,1.34553970892495,-10.2534070927832));
#1198=EDGE_LOOP('',(#3428,#3429,#3430));
#1199=AXIS2_PLACEMENT_3D('',#3431,#3432,#3433);
#1200=EDGE_LOOP('',(#3434,#3435,#3436,#3437,#3438,#3439,#3440));
#1201=AXIS2_PLACEMENT_3D('',#3441,#3442,#3443);
#1202=EDGE_LOOP('',(#3444,#3445,#3446,#3447,#3448,#3449,#3450,#3451));
#1203=AXIS2_PLACEMENT_3D('',#3452,#3453,#3454);
#1204=EDGE_LOOP('',(#3455,#3456,#3457,#3458,#3459,#3460,#3461,#3462,#3463,#3464));
#1205=AXIS2_PLACEMENT_3D('',#3465,#3466,#3467);
#1206=EDGE_LOOP('',(#3468,#3469,#3470,#3471,#3472,#3473,#3474,#3475));
#1207=AXIS2_PLACEMENT_3D('',#3476,#3477,#3478);
#1208=EDGE_LOOP('',(#3479,#3480,#3481,#3482,#3483,#3484));
#1209=AXIS2_PLACEMENT_3D('',#3485,#3486,#3487);
#1210=EDGE_LOOP('',(#3488,#3489,#3490,#3491));
#1211=AXIS2_PLACEMENT_3D('',#3492,#3493,#3494);
#1212=EDGE_LOOP('',(#3495,#3496,#3497,#3498));
#1213=AXIS2_PLACEMENT_3D('',#3499,#3500,#3501);
#1214=EDGE_LOOP('',(#3502,#3503,#3504,#3505));
#1215=AXIS2_PLACEMENT_3D('',#3506,#3507,#3508);
#1216=EDGE_LOOP('',(#3509,#3510,#3511));
#1217=AXIS2_PLACEMENT_3D('',#3512,#3513,#3514);
#1218=EDGE_LOOP('',(#3515,#3516,#3517,#3518,#3519));
#1219=AXIS2_PLACEMENT_3D('',#3520,#3521,#3522);
#1220=EDGE_LOOP('',(#3523,#3524,#3525));
#1221=EDGE_LOOP('',(#3526,#3527));
#1222=AXIS2_PLACEMENT_3D('',#3528,#3529,#3530);
#1223=EDGE_LOOP('',(#3531,#3532,#3533,#3534));
#1224=AXIS2_PLACEMENT_3D('',#3535,#3536,#3537);
#1225=EDGE_LOOP('',(#3538,#3539,#3540,#3541));
#1226=AXIS2_PLACEMENT_3D('',#3542,#3543,#3544);
#1227=EDGE_LOOP('',(#3545,#3546));
#1228=EDGE_LOOP('',(#3547,#3548));
#1229=AXIS2_PLACEMENT_3D('',#3549,#3550,#3551);
#1230=EDGE_LOOP('',(#3552,#3553,#3554,#3555));
#1231=AXIS2_PLACEMENT_3D('',#3556,#3557,#3558);
#1232=EDGE_LOOP('',(#3559,#3560,#3561,#3562));
#1233=AXIS2_PLACEMENT_3D('',#3563,#3564,#3565);
#1234=EDGE_LOOP('',(#3566,#3567,#3568));
#1235=EDGE_LOOP('',(#3569,#3570));
#1236=AXIS2_PLACEMENT_3D('',#3571,#3572,#3573);
#1237=EDGE_LOOP('',(#3574,#3575,#3576,#3577,#3578,#3579,#3580));
#1238=AXIS2_PLACEMENT_3D('',#3581,#3582,#3583);
#1239=EDGE_LOOP('',(#3584,#3585,#3586));
#1240=AXIS2_PLACEMENT_3D('',#3587,#3588,#3589);
#1241=EDGE_LOOP('',(#3590,#3591,#3592,#3593));
#1242=AXIS2_PLACEMENT_3D('',#3594,#3595,#3596);
#1243=EDGE_LOOP('',(#3597,#3598,#3599,#3600));
#1244=AXIS2_PLACEMENT_3D('',#3601,#3602,#3603);
#1245=EDGE_LOOP('',(#3604,#3605,#3606,#3607));
#1246=AXIS2_PLACEMENT_3D('',#3608,#3609,#3610);
#1247=EDGE_LOOP('',(#3611,#3612,#3613,#3614));
#1248=AXIS2_PLACEMENT_3D('',#3615,#3616,#3617);
#1249=EDGE_LOOP('',(#3618,#3619,#3620,#3621));
#1250=AXIS2_PLACEMENT_3D('',#3622,#3623,#3624);
#1251=EDGE_LOOP('',(#3625,#3626,#3627,#3628));
#1252=AXIS2_PLACEMENT_3D('',#3629,#3630,#3631);
#1253=EDGE_LOOP('',(#3632,#3633,#3634,#3635));
#1254=AXIS2_PLACEMENT_3D('',#3636,#3637,#3638);
#1255=EDGE_LOOP('',(#3639,#3640,#3641,#3642));
#1256=AXIS2_PLACEMENT_3D('',#3643,#3644,#3645);
#1257=EDGE_LOOP('',(#3646,#3647,#3648,#3649,#3650,#3651,#3652,#3653,#3654,#3655,#3656));
#1258=CARTESIAN_POINT('',(-2.32128668529465,5.97038306391254,-4.16765286729103));
#1259=CARTESIAN_POINT('',(-3.07474908387703,5.99322189724672,-3.74799166003722));
#1260=CARTESIAN_POINT('',(-4.34713267590863,6.03889956391254,-2.49062917444264));
#1261=CARTESIAN_POINT('',(-5.008993656639,6.10741606391255,0.11082598846215));
#1262=CARTESIAN_POINT('',(-4.23291261286706,6.17593256391254,2.68032357578334));
#1263=CARTESIAN_POINT('',(-2.24197732002828,6.24444906391254,4.48055757922334));
#1264=CARTESIAN_POINT('',(0.39246682886844,6.31296556391255,4.99477650062201));
#1265=CARTESIAN_POINT('',(2.91426047827854,6.38148206391254,4.07540333542556));
#1266=CARTESIAN_POINT('',(4.59960784833003,6.44999856391254,1.98631187965133));
#1267=CARTESIAN_POINT('',(4.96478075522116,6.51851506391254,-0.672888296636981));
#1268=CARTESIAN_POINT('',(3.90496816263774,6.58703156391254,-3.13895691155728));
#1269=CARTESIAN_POINT('',(1.72435612324014,6.65554806391254,-4.70408574974969));
#1270=CARTESIAN_POINT('',(-0.951178598065616,6.72406456391254,-4.91905337105507));
#1271=CARTESIAN_POINT('',(-3.35370714631625,6.79258106391254,-3.7221600138234));
#1272=CARTESIAN_POINT('',(-4.79365856943337,6.86109756391254,-1.45693661874555));
#1273=CARTESIAN_POINT('',(-4.85773968532708,6.92961406391254,1.2264550302381));
#1274=CARTESIAN_POINT('',(-3.52755800647131,6.99813056391254,3.55783098284507));
#1275=CARTESIAN_POINT('',(-1.1849007313149,7.06664706391254,4.8680424246779));
#1276=CARTESIAN_POINT('',(1.49784537365146,7.13516356391254,4.78103399152684));
#1277=CARTESIAN_POINT('',(3.75068164153925,7.20368006391254,3.32177874269473));
#1278=CARTESIAN_POINT('',(4.92700162686072,7.27219656391254,0.909110422476546));
#1279=CARTESIAN_POINT('',(4.68917933564902,7.34071306391254,-1.76448971373445));
#1280=CARTESIAN_POINT('',(3.10547424492505,7.40922956391254,-3.93164806497593));
#1281=CARTESIAN_POINT('',(0.630439549426968,7.47774606391254,-4.97034935947878));
#1282=CARTESIAN_POINT('',(-2.02554317679413,7.54626256391254,-4.58246676832064));
#1283=CARTESIAN_POINT('',(-4.10015683950382,7.61477906391254,-2.87932986971546));
#1284=CARTESIAN_POINT('',(-4.99794831715206,7.68329556391254,-0.349771154810204));
#1285=CARTESIAN_POINT('',(-4.4612342489626,7.75181206391254,2.28017882139248));
#1286=CARTESIAN_POINT('',(-2.64406278365322,7.82032856391254,4.25567321337354));
#1287=CARTESIAN_POINT('',(-0.0679922524288397,7.88884506391254,5.0097141213722));
#1288=CARTESIAN_POINT('',(2.52758124075563,7.95736156391254,4.32585445090899));
#1289=CARTESIAN_POINT('',(4.39773644600818,8.02587806391254,2.40046120639589));
#1290=CARTESIAN_POINT('',(4.91322448024596,8.08399279885828,0.182772820948315));
#1291=CARTESIAN_POINT('',(4.65514383834008,8.11926870047022,-1.13855578744208));
#1292=CARTESIAN_POINT('',(4.49949708830957,8.13170576874949,-1.58173120238028));
#1293=CARTESIAN_POINT('',(-2.24659347095089,6.05900800255745,-4.03354819555872));
#1294=CARTESIAN_POINT('',(-2.97581132929854,6.08184683589161,-3.62739063897568));
#1295=CARTESIAN_POINT('',(-4.20725279170484,6.12752450255745,-2.41048694127687));
#1296=CARTESIAN_POINT('',(-4.84781673729768,6.19604100255745,0.107259884644162));
#1297=CARTESIAN_POINT('',(-4.09670804533466,6.26455750255745,2.59407745003652));
#1298=CARTESIAN_POINT('',(-2.16983608319625,6.33307400255745,4.33638441450323));
#1299=CARTESIAN_POINT('',(0.379838225448911,6.40159050255745,4.83405705389174));
#1300=CARTESIAN_POINT('',(2.82048684663797,6.47010700255745,3.94426702348329));
#1301=CARTESIAN_POINT('',(4.45160394295737,6.53862350255745,1.92239731885177));
#1302=CARTESIAN_POINT('',(4.80502649674484,6.60714000255745,-0.651236429985365));
#1303=CARTESIAN_POINT('',(3.7793160293512,6.67565650255745,-3.03795310927064));
#1304=CARTESIAN_POINT('',(1.66887064514976,6.74417300255745,-4.55272000616337));
#1305=CARTESIAN_POINT('',(-0.920572043797936,6.81268950255745,-4.76077050572024));
#1306=CARTESIAN_POINT('',(-3.24579321723816,6.88120600255745,-3.60239019069143));
#1307=CARTESIAN_POINT('',(-4.63941059597653,6.94972250255745,-1.41005603314675));
#1308=CARTESIAN_POINT('',(-4.70142974143131,7.01823900255745,1.18699076714776));
#1309=CARTESIAN_POINT('',(-3.41404999043905,7.08675550255745,3.44334885795973));
#1310=CARTESIAN_POINT('',(-1.14677358189359,7.15527200255745,4.71140096433349));
#1311=CARTESIAN_POINT('',(1.4496484463797,7.22378850255745,4.62719224549156));
#1312=CARTESIAN_POINT('',(3.62999406358399,7.29230500255745,3.21489218999025));
#1313=CARTESIAN_POINT('',(4.76846300648312,7.36082150255745,0.879857517146819));
#1314=CARTESIAN_POINT('',(4.53829324327825,7.42933800255745,-1.70771283682809));
#1315=CARTESIAN_POINT('',(3.00554783131792,7.49785450255745,-3.8051374389925));
#1316=CARTESIAN_POINT('',(0.610153577558582,7.56637100255745,-4.81041591720993));
#1317=CARTESIAN_POINT('',(-1.96036625072746,7.63488750255745,-4.43501442013976));
#1318=CARTESIAN_POINT('',(-3.96822402155508,7.70340400255745,-2.78668021791326));
#1319=CARTESIAN_POINT('',(-4.83712680928025,7.77192050255745,-0.338516391663965));
#1320=CARTESIAN_POINT('',(-4.317682860802,7.84043700255745,2.20680835555246));
#1321=CARTESIAN_POINT('',(-2.55898343973108,7.90895350255745,4.11873626649935));
#1322=CARTESIAN_POINT('',(-0.065804431374013,7.97747000255745,4.84851401927246));
#1323=CARTESIAN_POINT('',(2.44624998228528,8.04598650255745,4.1866592469012));
#1324=CARTESIAN_POINT('',(4.25622825873006,8.11450300255745,2.32322035348914));
#1325=CARTESIAN_POINT('',(4.75512917407475,8.17261773750318,0.176891647555216));
#1326=CARTESIAN_POINT('',(4.50535292336133,8.20789363911513,-1.10191990269226));
#1327=CARTESIAN_POINT('',(4.35471449743625,8.2203307073944,-1.53083503841997));
#1328=CARTESIAN_POINT('',(-2.17190025660699,6.14763294120235,-3.89944352382641));
#1329=CARTESIAN_POINT('',(-2.87687357472005,6.17047177453635,-3.50678961791553));
#1330=CARTESIAN_POINT('',(-4.06737290750104,6.21614944120236,-2.33034470811108));
#1331=CARTESIAN_POINT('',(-4.68663981795777,6.28466594120236,0.103693780826174));
#1332=CARTESIAN_POINT('',(-3.96050347780085,6.35318244120236,2.50783132428847));
#1333=CARTESIAN_POINT('',(-2.09769484636422,6.42169894120236,4.19221124978156));
#1334=CARTESIAN_POINT('',(0.367209622029382,6.49021544120236,4.67333760716303));
#1335=CARTESIAN_POINT('',(2.7267132149988,6.55873194120236,3.8131307115396));
#1336=CARTESIAN_POINT('',(4.3036000375847,6.62724844120235,1.85848275805221));
#1337=CARTESIAN_POINT('',(4.64527223826852,6.69576494120236,-0.62958456333389));
#1338=CARTESIAN_POINT('',(3.65366389606466,6.76428144120236,-2.93694930698415));
#1339=CARTESIAN_POINT('',(1.61338516705939,6.83279794120236,-4.4013542625769));
#1340=CARTESIAN_POINT('',(-0.889965489530101,6.90131444120236,-4.60248764038541));
#1341=CARTESIAN_POINT('',(-3.13787928816007,6.96983094120236,-3.48262036756102));
#1342=CARTESIAN_POINT('',(-4.48516262251969,7.03834744120236,-1.36317544754795));
#1343=CARTESIAN_POINT('',(-4.54511979753695,7.10686394120236,1.14752650405755));
#1344=CARTESIAN_POINT('',(-3.30054197440834,7.17538044120235,3.32886673307439));
#1345=CARTESIAN_POINT('',(-1.10864643247213,7.24389694120236,4.55475950398924));
#1346=CARTESIAN_POINT('',(1.4014515191078,7.31241344120236,4.47335049945628));
#1347=CARTESIAN_POINT('',(3.50930648563014,7.38092994120235,3.10800563728437));
#1348=CARTESIAN_POINT('',(4.60992438610411,7.44944644120236,0.850604611816952));
#1349=CARTESIAN_POINT('',(4.38740715090904,7.51796294120236,-1.65093595992174));
#1350=CARTESIAN_POINT('',(2.90562141771079,7.58647944120235,-3.67862681300922));
#1351=CARTESIAN_POINT('',(0.589867605690337,7.65499594120235,-4.65048247494248));
#1352=CARTESIAN_POINT('',(-1.89518932466078,7.72351244120236,-4.28756207195749));
#1353=CARTESIAN_POINT('',(-3.83629120360649,7.79202894120235,-2.69403056611122));
#1354=CARTESIAN_POINT('',(-4.67630530140844,7.86054544120235,-0.327261628517866));
#1355=CARTESIAN_POINT('',(-4.17413147263984,7.92906194120236,2.1334378897123));
#1356=CARTESIAN_POINT('',(-2.4739040958103,7.99757844120235,3.98179931962517));
#1357=CARTESIAN_POINT('',(-0.0636166103191722,8.06609494120235,4.68731391717428));
#1358=CARTESIAN_POINT('',(2.36491872381417,8.13461144120236,4.04746404289201));
#1359=CARTESIAN_POINT('',(4.11472007145054,8.20312794120235,2.24597950058239));
#1360=CARTESIAN_POINT('',(4.59703386790334,8.26124267614809,0.171010474162129));
#1361=CARTESIAN_POINT('',(4.35556200838253,8.29651857776004,-1.06528401794236));
#1362=CARTESIAN_POINT('',(4.20993190656317,8.3089556460393,-1.4799388744597));
#1363=CARTESIAN_POINT('',(-2.09720704226323,6.23625787984726,-3.76533885209411));
#1364=CARTESIAN_POINT('',(-2.77793582014156,6.25909671317952,-3.38618859685398));
#1365=CARTESIAN_POINT('',(-3.92749302329725,6.30477437984726,-2.25020247494513));
#1366=CARTESIAN_POINT('',(-4.52546289861645,6.37329087984726,0.100127677008186));
#1367=CARTESIAN_POINT('',(-3.82429891026845,6.44180737984726,2.42158519854045));
#1368=CARTESIAN_POINT('',(-2.02555360953219,6.51032387984726,4.04803808505974));
#1369=CARTESIAN_POINT('',(0.354581018609854,6.57884037984726,4.51261816043447));
#1370=CARTESIAN_POINT('',(2.63293958335823,6.64735687984726,3.68199439959733));
#1371=CARTESIAN_POINT('',(4.15559613221204,6.71587337984726,1.79456819725265));
#1372=CARTESIAN_POINT('',(4.4855179797922,6.78438987984726,-0.607932696682275));
#1373=CARTESIAN_POINT('',(3.52801176277812,6.85290637984726,-2.83594550469923));
#1374=CARTESIAN_POINT('',(1.55789968896918,6.92142287984726,-4.24998851898888));
#1375=CARTESIAN_POINT('',(-0.859358935262251,6.98993937984726,-4.44420477505058));
#1376=CARTESIAN_POINT('',(-3.02996535908198,7.05845587984726,-3.36285054443076));
#1377=CARTESIAN_POINT('',(-4.33091464906285,7.12697237984726,-1.31629486194915));
#1378=CARTESIAN_POINT('',(-4.38880985364118,7.19548887984726,1.10806224096721));
#1379=CARTESIAN_POINT('',(-3.18703395837779,7.26400537984726,3.21438460818905));
#1380=CARTESIAN_POINT('',(-1.07051928305066,7.33252187984726,4.39811804364655));
#1381=CARTESIAN_POINT('',(1.35325459183603,7.40103837984726,4.31950875342101));
#1382=CARTESIAN_POINT('',(3.38861890767488,7.46955487984726,3.00111908457989));
#1383=CARTESIAN_POINT('',(4.45138576572651,7.53807137984726,0.821351706487226));
#1384=CARTESIAN_POINT('',(4.23652105853999,7.60658787984726,-1.59415908301538));
#1385=CARTESIAN_POINT('',(2.80569500410366,7.67510437984726,-3.55211618702749));
#1386=CARTESIAN_POINT('',(0.569581633821951,7.74362087984726,-4.49054903267363));
#1387=CARTESIAN_POINT('',(-1.83001239859411,7.81213737984726,-4.14010972377661));
#1388=CARTESIAN_POINT('',(-3.70435838565947,7.88065387984726,-2.60138091431073));
#1389=CARTESIAN_POINT('',(-4.51548379353664,7.94917037984726,-0.316006865371627));
#1390=CARTESIAN_POINT('',(-4.03058008447753,8.01768687984726,2.06006742387229));
#1391=CARTESIAN_POINT('',(-2.38882475188919,8.08620337984726,3.84486237275098));
#1392=CARTESIAN_POINT('',(-0.0614287892643455,8.15471987984726,4.52611381507625));
#1393=CARTESIAN_POINT('',(2.28358746534314,8.22323637984726,3.90826883888422));
#1394=CARTESIAN_POINT('',(3.97321188417241,8.29175287984726,2.16873864767565));
#1395=CARTESIAN_POINT('',(4.43893856173214,8.34986761479299,0.165129300769031));
#1396=CARTESIAN_POINT('',(4.20577109340379,8.38514351640494,-1.02864813319254));
#1397=CARTESIAN_POINT('',(4.06514931569012,8.39758058468421,-1.42904271049942));
#1398=EDGE_LOOP('',(#3657,#3658,#3659,#3660,#3661,#3662,#3663,#3664,#3665,#3666,#3667,#3668,#3669));
#1399=CARTESIAN_POINT('',(4.30558879571522,5.97028479541539,-0.197386046660553));
#1400=CARTESIAN_POINT('',(4.26730528483192,5.99426496981764,-1.01457740993674));
#1401=CARTESIAN_POINT('',(3.69709198743998,6.04386415966196,-2.68124955653844));
#1402=CARTESIAN_POINT('',(1.55959685922527,6.11908236494837,-4.31103786150626));
#1403=CARTESIAN_POINT('',(-1.18413986342407,6.19593941127461,-4.42879819929335));
#1404=CARTESIAN_POINT('',(-3.50293959144402,6.27279645760085,-2.95738017553074));
#1405=CARTESIAN_POINT('',(-4.56468167706706,6.34965350392709,-0.424648019866646));
#1406=CARTESIAN_POINT('',(-3.98835193512456,6.42651055025333,2.26046303273096));
#1407=CARTESIAN_POINT('',(-1.98077074067485,6.50336759657957,4.13439167568555));
#1408=CARTESIAN_POINT('',(0.737625595698472,6.58022464290581,4.52466070127596));
#1409=CARTESIAN_POINT('',(3.19131919152457,6.65708168923205,3.29121985676944));
#1410=CARTESIAN_POINT('',(4.49978281552592,6.73393873555829,0.876698853596618));
#1411=CARTESIAN_POINT('',(4.19346401383403,6.81079578188453,-1.8524324099411));
#1412=CARTESIAN_POINT('',(2.38228769559012,6.88765282821077,-3.91680374893743));
#1413=CARTESIAN_POINT('',(-0.283791283888144,6.96450987453701,-4.57559928072384));
#1414=CARTESIAN_POINT('',(-2.84802953091499,7.04136692086325,-3.59240505262011));
#1415=CARTESIAN_POINT('',(-4.39022999897059,7.11822396718949,-1.32004803969395));
#1416=CARTESIAN_POINT('',(-4.35696193040568,7.19508101351573,1.42601858611771));
#1417=CARTESIAN_POINT('',(-2.76016383307437,7.27193805984197,3.66034723565285));
#1418=CARTESIAN_POINT('',(-0.172859252939839,7.34879510616821,4.58113151412735));
#1419=CARTESIAN_POINT('',(2.47647722852096,7.42565215249445,3.8579407469766));
#1420=CARTESIAN_POINT('',(4.23711039478711,7.50250919882069,1.7502976245871));
#1421=CARTESIAN_POINT('',(4.47722319717311,7.57936624514693,-0.9854535561985));
#1422=CARTESIAN_POINT('',(3.11064927214397,7.65622329147317,-3.36756698114622));
#1423=CARTESIAN_POINT('',(0.627794402565623,7.73308033779941,-4.54120254072553));
#1424=CARTESIAN_POINT('',(-2.08034939369335,7.80993738412565,-4.08519184142755));
#1425=CARTESIAN_POINT('',(-4.04194356690367,7.88679443045189,-2.16317809184812));
#1426=CARTESIAN_POINT('',(-4.55305413219042,7.96365147677813,0.535109661754029));
#1427=CARTESIAN_POINT('',(-3.43026691347184,8.04050852310437,3.04136707026314));
#1428=CARTESIAN_POINT('',(-1.07649596033621,8.11736556943061,4.45621360925488));
#1429=CARTESIAN_POINT('',(1.66356352007412,8.19422261575685,4.27188449292457));
#1430=CARTESIAN_POINT('',(3.80671669456185,8.27107966208309,2.55466197646211));
#1431=CARTESIAN_POINT('',(4.4610780324252,8.33582277777029,0.33550484917677));
#1432=CARTESIAN_POINT('',(4.2175787027536,8.37494687801545,-0.993833284957696));
#1433=CARTESIAN_POINT('',(4.06486853277811,8.38845196281861,-1.42866176095494));
#1434=CARTESIAN_POINT('',(4.45880111907659,6.05883672327836,-0.204409934970097));
#1435=CARTESIAN_POINT('',(4.41915530772187,6.08281689768061,-1.05068066307617));
#1436=CARTESIAN_POINT('',(3.82865124215627,6.13241608752494,-2.77666054294615));
#1437=CARTESIAN_POINT('',(1.6150943694722,6.20763429281135,-4.46444408727491));
#1438=CARTESIAN_POINT('',(-1.22627691558316,6.28449133913758,-4.58639487050492));
#1439=CARTESIAN_POINT('',(-3.62759002576598,6.36134838546382,-3.06261713828987));
#1440=CARTESIAN_POINT('',(-4.72711369701381,6.43820543179006,-0.439758917079853));
#1441=CARTESIAN_POINT('',(-4.13027553613684,6.51506247811631,2.3409005314215));
#1442=CARTESIAN_POINT('',(-2.05125552257672,6.59191952444255,4.28151203119808));
#1443=CARTESIAN_POINT('',(0.763873650645236,6.66877657076878,4.68566859389145));
#1444=CARTESIAN_POINT('',(3.30488076256994,6.74563361709503,3.40833634533234));
#1445=CARTESIAN_POINT('',(4.65990544044333,6.82249066342126,0.907895764082169));
#1446=CARTESIAN_POINT('',(4.34268643032107,6.8993477097475,-1.91835033356618));
#1447=CARTESIAN_POINT('',(2.46706026679343,6.97620475607375,-4.0561813418755));
#1448=CARTESIAN_POINT('',(-0.293889861345636,7.05306180239999,-4.73841979838829));
#1449=CARTESIAN_POINT('',(-2.9493753031508,7.12991884872622,-3.72023907269985));
#1450=CARTESIAN_POINT('',(-4.54645423917194,7.20677589505247,-1.36702131947188));
#1451=CARTESIAN_POINT('',(-4.51200234225826,7.28363294137871,1.47676277723808));
#1452=CARTESIAN_POINT('',(-2.85838294636659,7.36048998770495,3.79059894590585));
#1453=CARTESIAN_POINT('',(-0.179010366995068,7.43734703403118,4.74414889367909));
#1454=CARTESIAN_POINT('',(2.56460148932206,7.51420408035742,3.99522372806884));
#1455=CARTESIAN_POINT('',(4.38788594691844,7.59106112668367,1.81258113059766));
#1456=CARTESIAN_POINT('',(4.63654304883388,7.66791817300991,-1.02052045089596));
#1457=CARTESIAN_POINT('',(3.22134024259178,7.74477521933615,-3.48740024571074));
#1458=CARTESIAN_POINT('',(0.650134166898401,7.82163226566238,-4.70279906680531));
#1459=CARTESIAN_POINT('',(-2.15437763446001,7.89848931198862,-4.23056144430837));
#1460=CARTESIAN_POINT('',(-4.1857742005672,7.97534635831486,-2.240153752326));
#1461=CARTESIAN_POINT('',(-4.71507239149958,8.0522034046411,0.554151283799382));
#1462=CARTESIAN_POINT('',(-3.55233132521608,8.12906045096734,3.14959266660835));
#1463=CARTESIAN_POINT('',(-1.11480255555412,8.20591749729358,4.61478584475256));
#1464=CARTESIAN_POINT('',(1.72276063435096,8.28277454361982,4.42389746474969));
#1465=CARTESIAN_POINT('',(3.94217689218607,8.35963158994606,2.64556840422119));
#1466=CARTESIAN_POINT('',(4.61982336610037,8.42437470563327,0.347443629185845));
#1467=CARTESIAN_POINT('',(4.36765922894113,8.46349880587842,-1.02919836830553));
#1468=CARTESIAN_POINT('',(4.20951494041579,8.47700389068159,-1.47950000819092));
#1469=CARTESIAN_POINT('',(4.61201344243772,6.14738865114134,-0.211433823279637));
#1470=CARTESIAN_POINT('',(4.57100533061042,6.17136882554358,-1.08678391621568));
#1471=CARTESIAN_POINT('',(3.96021049687119,6.22096801538791,-2.8720715293552));
#1472=CARTESIAN_POINT('',(1.67059187971912,6.29618622067432,-4.61785031304216));
#1473=CARTESIAN_POINT('',(-1.2684139677421,6.37304326700056,-4.74399154171649));
#1474=CARTESIAN_POINT('',(-3.75224046008935,6.4499003133268,-3.16785410105055));
#1475=CARTESIAN_POINT('',(-4.88954571696057,6.52675735965304,-0.45486981429306));
#1476=CARTESIAN_POINT('',(-4.27219913714771,6.60361440597928,2.42133803011203));
#1477=CARTESIAN_POINT('',(-2.12174030447859,6.68047145230552,4.4286323867106));
#1478=CARTESIAN_POINT('',(0.79012170559186,6.75732849863176,4.84667648650553));
#1479=CARTESIAN_POINT('',(3.41844233361671,6.834185544958,3.52545283389384));
#1480=CARTESIAN_POINT('',(4.82002806536215,6.91104259128424,0.93909267456786));
#1481=CARTESIAN_POINT('',(4.49190884680655,6.98789963761048,-1.98426825719126));
#1482=CARTESIAN_POINT('',(2.55183283799712,7.06475668393672,-4.19555893481218));
#1483=CARTESIAN_POINT('',(-0.303988438803285,7.14161373026296,-4.90124031605273));
#1484=CARTESIAN_POINT('',(-3.05072107538802,7.2184707765892,-3.8480730927796));
#1485=CARTESIAN_POINT('',(-4.70267847937469,7.29532782291544,-1.41399459924982));
#1486=CARTESIAN_POINT('',(-4.66704275411084,7.37218486924168,1.52750696835845));
#1487=CARTESIAN_POINT('',(-2.95660205966037,7.44904191556792,3.9208506561573));
#1488=CARTESIAN_POINT('',(-0.185161481050355,7.52589896189416,4.90716627322944));
#1489=CARTESIAN_POINT('',(2.6527257501227,7.6027560082204,4.13250670916248));
#1490=CARTESIAN_POINT('',(4.53866149905117,7.67961305454664,1.87486463660823));
#1491=CARTESIAN_POINT('',(4.79586290049466,7.75647010087288,-1.05558734559342));
#1492=CARTESIAN_POINT('',(3.33203121303958,7.83332714719912,-3.6072335102737));
#1493=CARTESIAN_POINT('',(0.67247393123118,7.91018419352536,-4.86439559288524));
#1494=CARTESIAN_POINT('',(-2.22840587522665,7.9870412398516,-4.37593104718919));
#1495=CARTESIAN_POINT('',(-4.32960483423057,8.06389828617784,-2.31712941280388));
#1496=CARTESIAN_POINT('',(-4.87709065080733,8.14075533250408,0.573192905844735));
#1497=CARTESIAN_POINT('',(-3.67439573696033,8.21761237883032,3.25781826295201));
#1498=CARTESIAN_POINT('',(-1.15310915077188,8.29446942515656,4.77335808024884));
#1499=CARTESIAN_POINT('',(1.78195774862796,8.3713264714828,4.57591043657341));
#1500=CARTESIAN_POINT('',(4.07763708981013,8.44818351780904,2.73647483197871));
#1501=CARTESIAN_POINT('',(4.77856869977552,8.51292663349624,0.359382409194688));
#1502=CARTESIAN_POINT('',(4.51773975512866,8.5520507337414,-1.06456345165351));
#1503=CARTESIAN_POINT('',(4.35416134805347,8.56555581854456,-1.530338255427));
#1504=CARTESIAN_POINT('',(4.76522576579909,6.23594057900431,-0.218457711589181));
#1505=CARTESIAN_POINT('',(4.72285535350037,6.25992075340656,-1.12288716935511));
#1506=CARTESIAN_POINT('',(4.09176975158747,6.30951994325089,-2.96748251576291));
#1507=CARTESIAN_POINT('',(1.72608938996588,6.38473814853729,-4.77125653881082));
#1508=CARTESIAN_POINT('',(-1.31055101990102,6.46159519486354,-4.90158821292806));
#1509=CARTESIAN_POINT('',(-3.87689089441131,6.53845224118977,-3.27309106381139));
#1510=CARTESIAN_POINT('',(-5.05197773690733,6.61530928751601,-0.469980711506267));
#1511=CARTESIAN_POINT('',(-4.41412273815999,6.69216633384226,2.5017755288024));
#1512=CARTESIAN_POINT('',(-2.19222508638045,6.7690233801685,4.57575274222313));
#1513=CARTESIAN_POINT('',(0.816369760538624,6.84588042649474,5.00768437912102));
#1514=CARTESIAN_POINT('',(3.53200390466208,6.92273747282098,3.64256932245674));
#1515=CARTESIAN_POINT('',(4.98015069027956,6.99959451914722,0.97028958505341));
#1516=CARTESIAN_POINT('',(4.64113126329188,7.07645156547346,-2.05018618081634));
#1517=CARTESIAN_POINT('',(2.63660540920008,7.1533086117997,-4.33493652775026));
#1518=CARTESIAN_POINT('',(-0.314087016260948,7.23016565812594,-5.06406083371718));
#1519=CARTESIAN_POINT('',(-3.15206684762384,7.30702270445217,-3.97590711285934));
#1520=CARTESIAN_POINT('',(-4.85890271957604,7.38387975077841,-1.46096787902776));
#1521=CARTESIAN_POINT('',(-4.82208316596342,7.46073679710465,1.57825115947882));
#1522=CARTESIAN_POINT('',(-3.0548211729543,7.5375938434309,4.0511023664086));
#1523=CARTESIAN_POINT('',(-0.191312595105601,7.61445088975714,5.07018365278119));
#1524=CARTESIAN_POINT('',(2.74085001092328,7.69130793608337,4.26978969025472));
#1525=CARTESIAN_POINT('',(4.6894370511825,7.76816498240961,1.93714814261879));
#1526=CARTESIAN_POINT('',(4.95518275215543,7.84502202873586,-1.09065424029088));
#1527=CARTESIAN_POINT('',(3.44272218348739,7.9218790750621,-3.72706677483651));
#1528=CARTESIAN_POINT('',(0.694813695563958,7.99873612138834,-5.02599211896673));
#1529=CARTESIAN_POINT('',(-2.30243411599314,8.07559316771457,-4.52130065007002));
#1530=CARTESIAN_POINT('',(-4.47343546789238,8.15245021404081,-2.39410507328175));
#1531=CARTESIAN_POINT('',(-5.03910891011649,8.22930726036705,0.592234527890089));
#1532=CARTESIAN_POINT('',(-3.79646014870458,8.3061643066933,3.36604385929551));
#1533=CARTESIAN_POINT('',(-1.19141574598979,8.38302135301953,4.93193031574652));
#1534=CARTESIAN_POINT('',(1.84115486290497,8.45987839934578,4.72792340839853));
#1535=CARTESIAN_POINT('',(4.21309728743264,8.53673544567201,2.82738125973761));
#1536=CARTESIAN_POINT('',(4.93731403345043,8.60147856135922,0.371321189203737));
#1537=CARTESIAN_POINT('',(4.66782028131614,8.64060266160437,-1.09992853500135));
#1538=CARTESIAN_POINT('',(4.49880775569112,8.65410774640754,-1.5811765026632));
#1539=EDGE_LOOP('',(#3670,#3671,#3672,#3673));
#1540=AXIS2_PLACEMENT_3D('',#3674,#3675,#3676);
#1541=EDGE_LOOP('',(#3677,#3678,#3679,#3680));
#1542=AXIS2_PLACEMENT_3D('',#3681,#3682,#3683);
#1543=EDGE_LOOP('',(#3684,#3685,#3686,#3687));
#1544=AXIS2_PLACEMENT_3D('',#3688,#3689,#3690);
#1545=EDGE_LOOP('',(#3691,#3692,#3693,#3694));
#1546=AXIS2_PLACEMENT_3D('',#3695,#3696,#3697);
#1547=EDGE_LOOP('',(#3698,#3699,#3700,#3701));
#1548=AXIS2_PLACEMENT_3D('',#3702,#3703,#3704);
#1549=EDGE_LOOP('',(#3705,#3706,#3707,#3708));
#1550=AXIS2_PLACEMENT_3D('',#3709,#3710,#3711);
#1551=EDGE_LOOP('',(#3712,#3713,#3714,#3715));
#1552=AXIS2_PLACEMENT_3D('',#3716,#3717,#3718);
#1553=EDGE_LOOP('',(#3719,#3720,#3721,#3722,#3723,#3724,#3725,#3726,#3727,#3728,#3729,#3730,#3731));
#1554=CARTESIAN_POINT('',(4.66399930116836,8.11730764345259,-0.974043551375073));
#1555=CARTESIAN_POINT('',(4.57185381583388,8.12927944806102,-1.416309195109));
#1556=CARTESIAN_POINT('',(4.08169594589519,8.16739208600238,-2.78271911082853));
#1557=CARTESIAN_POINT('',(2.25609728154494,8.23164555727752,-4.55453207259619));
#1558=CARTESIAN_POINT('',(-0.814015217683782,8.31006805727752,-5.01695337005628));
#1559=CARTESIAN_POINT('',(-3.58035834889551,8.38849055727752,-3.6074644386442));
#1560=CARTESIAN_POINT('',(-5.01070173183267,8.46691305727752,-0.851813151000044));
#1561=CARTESIAN_POINT('',(-4.5713078153195,8.54533555727746,2.22167956095485));
#1562=CARTESIAN_POINT('',(-2.42613767249263,8.62375805727745,4.46615893727213));
#1563=CARTESIAN_POINT('',(0.624342196288575,8.70218055727746,5.04409701597659));
#1564=CARTESIAN_POINT('',(3.4418496860525,8.78060305727746,3.73983810846858));
#1565=CARTESIAN_POINT('',(4.97503615669704,8.85902555727746,1.04006418448238));
#1566=CARTESIAN_POINT('',(4.65179537596104,8.93744805727745,-2.04780810787153));
#1567=CARTESIAN_POINT('',(2.59274415697955,9.01587055727746,-4.37154389304159));
#1568=CARTESIAN_POINT('',(-0.433785639576838,9.09429305727746,-5.06404465707085));
#1569=CARTESIAN_POINT('',(-3.29844897797908,9.17271555727746,-3.86690478421943));
#1570=CARTESIAN_POINT('',(-4.93230104782176,9.25113805727745,-1.22683521472879));
#1571=CARTESIAN_POINT('',(-4.72567240985848,9.32956055727752,1.87102606746602));
#1572=CARTESIAN_POINT('',(-2.75566622916527,9.40798305727752,4.27071679040943));
#1573=CARTESIAN_POINT('',(0.242612654842446,9.48640555727752,5.07679597485058));
#1574=CARTESIAN_POINT('',(3.15036099201412,9.56482805727752,3.98847638703062));
#1575=CARTESIAN_POINT('',(4.88255686978938,9.64325055727752,1.41186284234851));
#1576=CARTESIAN_POINT('',(4.79283400399933,9.72167305727752,-1.69158519636921));
#1577=CARTESIAN_POINT('',(2.91467235105106,9.80009555727752,-4.163820763951));
#1578=CARTESIAN_POINT('',(-0.051094912362414,9.87851805727752,-5.08233289433779));
#1579=CARTESIAN_POINT('',(-2.99779614044265,9.95694055727752,-4.10438012189636));
#1580=CARTESIAN_POINT('',(-4.82587442418043,10.0353630572775,-1.59488422805969));
#1581=CARTESIAN_POINT('',(-4.85318429740718,10.1137855572775,1.50974083516749));
#1582=CARTESIAN_POINT('',(-3.06953813656267,10.1922080572775,4.0510064327016));
#1583=CARTESIAN_POINT('',(-0.140489570055834,10.2706305572775,5.08065234623528));
#1584=CARTESIAN_POINT('',(2.84094935411665,10.3490530572775,4.21443337345533));
#1585=CARTESIAN_POINT('',(4.7624158878131,10.4274755572775,1.7757061287323));
#1586=CARTESIAN_POINT('',(4.87969618468967,10.4913833234666,-0.751925152129589));
#1587=CARTESIAN_POINT('',(4.31270180698499,10.5291502563218,-2.07303289040465));
#1588=CARTESIAN_POINT('',(4.08696083030981,10.5407763558441,-2.4492046542256));
#1589=CARTESIAN_POINT('',(4.51743284251421,8.20378745769358,-0.943434174168665));
#1590=CARTESIAN_POINT('',(4.4281830346003,8.21575926230201,-1.37180159343884));
#1591=CARTESIAN_POINT('',(3.95342840521504,8.25387190024338,-2.69527199534538));
#1592=CARTESIAN_POINT('',(2.18519928873153,8.31812537151852,-4.41140562818718));
#1593=CARTESIAN_POINT('',(-0.788434740491993,8.39654787151852,-4.85929530855117));
#1594=CARTESIAN_POINT('',(-3.46784537236545,8.4749703715185,-3.49409965161246));
#1595=CARTESIAN_POINT('',(-4.85324012843482,8.5533928715185,-0.825044871479464));
#1596=CARTESIAN_POINT('',(-4.4276541921856,8.63181537151809,2.15186314708185));
#1597=CARTESIAN_POINT('',(-2.34989615016316,8.71023787151809,4.32580962395775));
#1598=CARTESIAN_POINT('',(0.604722205205929,8.78866037151809,4.88558596376602));
#1599=CARTESIAN_POINT('',(3.33368935258548,8.86708287151809,3.62231347089829));
#1600=CARTESIAN_POINT('',(4.81869534614387,8.94550537151809,1.00738010490826));
#1601=CARTESIAN_POINT('',(4.50561242639085,9.0239278715181,-1.98345561487286));
#1602=CARTESIAN_POINT('',(2.51126701585065,9.1023503715181,-4.23416786318284));
#1603=CARTESIAN_POINT('',(-0.420153899753891,9.18077287151809,-4.90490674903825));
#1604=CARTESIAN_POINT('',(-3.19479502039064,9.2591953715181,-3.74538706871826));
#1605=CARTESIAN_POINT('',(-4.77730319063596,9.33761787151809,-1.18828184429206));
#1606=CARTESIAN_POINT('',(-4.57716787005396,9.41604037151849,1.81222896072341));
#1607=CARTESIAN_POINT('',(-2.6690692521164,9.49446287151849,4.13650925831805));
#1608=CARTESIAN_POINT('',(0.234988537566954,9.5728853715185,4.91725735588909));
#1609=CARTESIAN_POINT('',(3.05136070829534,9.65130787151852,3.863138276597));
#1610=CARTESIAN_POINT('',(4.72912222639116,9.72973037151852,1.36749496758129));
#1611=CARTESIAN_POINT('',(4.64221890705753,9.80815287151852,-1.63842702979699));
#1612=CARTESIAN_POINT('',(2.82307859705472,9.88657537151852,-4.03297244592258));
#1613=CARTESIAN_POINT('',(-0.049489251667235,9.96499787151852,-4.92262027734749));
#1614=CARTESIAN_POINT('',(-2.90359021636314,10.0434203715185,-3.97539972962113));
#1615=CARTESIAN_POINT('',(-4.67422103004521,10.1218428715185,-1.54476489523486));
#1616=CARTESIAN_POINT('',(-4.70067268886324,10.2002653715185,1.46229713858705));
#1617=CARTESIAN_POINT('',(-2.9730777159395,10.2786878715185,3.92370331182091));
#1618=CARTESIAN_POINT('',(-0.136074676864118,10.3571103715185,4.92099254057092));
#1619=CARTESIAN_POINT('',(2.75167234973318,10.4355328715185,4.08199455112814));
#1620=CARTESIAN_POINT('',(4.61275668200175,10.5139553715185,1.71990445679947));
#1621=CARTESIAN_POINT('',(4.72635143849272,10.5778631377075,-0.728295858983515));
#1622=CARTESIAN_POINT('',(4.17717489322143,10.6156300705628,-2.00788770709719));
#1623=CARTESIAN_POINT('',(3.95852784032038,10.6272561700851,-2.37223825060724));
#1624=CARTESIAN_POINT('',(4.37086638386012,8.29026727193446,-0.91282479696223));
#1625=CARTESIAN_POINT('',(4.28451225336679,8.3022390765429,-1.32729399176862));
#1626=CARTESIAN_POINT('',(3.82516086453504,8.34035171448437,-2.60782487986197));
#1627=CARTESIAN_POINT('',(2.11430129591827,8.40460518575951,-4.2682791837767));
#1628=CARTESIAN_POINT('',(-0.762854263300056,8.48302768575951,-4.70163724704738));
#1629=CARTESIAN_POINT('',(-3.35533239583407,8.56145018575931,-3.38073486458071));
#1630=CARTESIAN_POINT('',(-4.69577852503697,8.63987268575931,-0.798276591959016));
#1631=CARTESIAN_POINT('',(-4.28400056905154,8.71829518575742,2.08204673320885));
#1632=CARTESIAN_POINT('',(-2.27365462783369,8.79671768575742,4.18546031064189));
#1633=CARTESIAN_POINT('',(0.585102214123153,8.87514018575742,4.72707491155546));
#1634=CARTESIAN_POINT('',(3.22552901911846,8.95356268575742,3.504788833328));
#1635=CARTESIAN_POINT('',(4.66235453559201,9.03198518575742,0.974696025334287));
#1636=CARTESIAN_POINT('',(4.35942947681935,9.11040768575742,-1.91910312187406));
#1637=CARTESIAN_POINT('',(2.42978987472217,9.18883018575741,-4.09679183332556));
#1638=CARTESIAN_POINT('',(-0.406522159930813,9.26725268575742,-4.74576884100565));
#1639=CARTESIAN_POINT('',(-3.09114106280351,9.34567518575742,-3.6238693532171));
#1640=CARTESIAN_POINT('',(-4.62230533345033,9.42409768575742,-1.14972847385519));
#1641=CARTESIAN_POINT('',(-4.42866333024798,9.50252018575931,1.7534318539808));
#1642=CARTESIAN_POINT('',(-2.58247227506743,9.58094268575931,4.00230172622667));
#1643=CARTESIAN_POINT('',(0.22736442029137,9.65936518575931,4.75771873692759));
#1644=CARTESIAN_POINT('',(2.95236042457656,9.73778768575951,3.73780016616339));
#1645=CARTESIAN_POINT('',(4.57568758299426,9.81621018575951,1.32312709281419));
#1646=CARTESIAN_POINT('',(4.49160381011442,9.89463268575951,-1.58526886322493));
#1647=CARTESIAN_POINT('',(2.73148484305839,9.97305518575951,-3.90212412789417));
#1648=CARTESIAN_POINT('',(-0.0478835909720444,10.0514776857595,-4.76290766035865));
#1649=CARTESIAN_POINT('',(-2.80938429228232,10.1299001857595,-3.84641933734458));
#1650=CARTESIAN_POINT('',(-4.52256763591146,10.2083226857595,-1.4946455624099));
#1651=CARTESIAN_POINT('',(-4.54816108032062,10.2867451857595,1.41485344200649));
#1652=CARTESIAN_POINT('',(-2.87661729531618,10.3651676857595,3.79640019094006));
#1653=CARTESIAN_POINT('',(-0.131659783672389,10.4435901857595,4.76133273490787));
#1654=CARTESIAN_POINT('',(2.66239534535119,10.5220126857595,3.94955572879964));
#1655=CARTESIAN_POINT('',(4.46309747619041,10.6004351857595,1.66410278486664));
#1656=CARTESIAN_POINT('',(4.57300669229684,10.6643429519485,-0.704666565837428));
#1657=CARTESIAN_POINT('',(4.04164797945842,10.7021098848038,-1.94274252378973));
#1658=CARTESIAN_POINT('',(3.83009485033121,10.7137359843261,-2.29527184698898));
#1659=CARTESIAN_POINT('',(4.22429992520645,8.3767470861745,-0.882215419755778));
#1660=CARTESIAN_POINT('',(4.14084147213389,8.38871889078303,-1.28278639009838));
#1661=CARTESIAN_POINT('',(3.69689332385625,8.42683152872536,-2.52037776437852));
#1662=CARTESIAN_POINT('',(2.04340330310502,8.4910850000005,-4.12515273936605));
#1663=CARTESIAN_POINT('',(-0.737273786108103,8.5695075000005,-4.5439791855423));
#1664=CARTESIAN_POINT('',(-3.24281941930399,8.64792999999866,-3.26737007754897));
#1665=CARTESIAN_POINT('',(-4.53831692163912,8.72635249999867,-0.771508312438438));
#1666=CARTESIAN_POINT('',(-4.14034694591602,8.80477499999803,2.01223031933584));
#1667=CARTESIAN_POINT('',(-2.19741310550421,8.88319749999804,4.04511099732587));
#1668=CARTESIAN_POINT('',(0.565482223040506,8.96161999999803,4.56856385934489));
#1669=CARTESIAN_POINT('',(3.11736868565144,9.04004249999804,3.38726419575771));
#1670=CARTESIAN_POINT('',(4.50601372503886,9.11846499999803,0.94201194576033));
#1671=CARTESIAN_POINT('',(4.21324652724914,9.19688749999804,-1.85475062887539));
#1672=CARTESIAN_POINT('',(2.3483127335936,9.27530999999804,-3.95941580346845));
#1673=CARTESIAN_POINT('',(-0.392890420107865,9.35373249999804,-4.58663093297304));
#1674=CARTESIAN_POINT('',(-2.98748710521509,9.43215499999804,-3.50235163771593));
#1675=CARTESIAN_POINT('',(-4.46730747626616,9.51057749999804,-1.11117510341846));
#1676=CARTESIAN_POINT('',(-4.28015879044182,9.58899999999867,1.69463474723818));
#1677=CARTESIAN_POINT('',(-2.49587529801743,9.66742249999867,3.8680941941353));
#1678=CARTESIAN_POINT('',(0.219740303015876,9.74584499999867,4.59818011796609));
#1679=CARTESIAN_POINT('',(2.85336014085778,9.8242675000005,3.61246205572977));
#1680=CARTESIAN_POINT('',(4.42225293959607,9.9026900000005,1.27875921804697));
#1681=CARTESIAN_POINT('',(4.34098871317261,9.9811125000005,-1.53211069665287));
#1682=CARTESIAN_POINT('',(2.63989108906206,10.0595350000005,-3.77127580986575));
#1683=CARTESIAN_POINT('',(-0.0462779302768814,10.1379575000005,-4.60319504336998));
#1684=CARTESIAN_POINT('',(-2.71517836820279,10.2163800000005,-3.71743894506933));
#1685=CARTESIAN_POINT('',(-4.37091424177788,10.2948025000005,-1.44452622958507));
#1686=CARTESIAN_POINT('',(-4.3956494717767,10.3732250000005,1.36740974542605));
#1687=CARTESIAN_POINT('',(-2.7801568746914,10.4516475000005,3.66909707005774));
#1688=CARTESIAN_POINT('',(-0.127244890480673,10.5300700000005,4.60167292924353));
#1689=CARTESIAN_POINT('',(2.57311834096952,10.6084925000005,3.81711690647243));
#1690=CARTESIAN_POINT('',(4.31343827037906,10.6869150000005,1.60830111293381));
#1691=CARTESIAN_POINT('',(4.41966194609991,10.7508227661895,-0.681037272691222));
#1692=CARTESIAN_POINT('',(3.90612106569487,10.7885896990448,-1.8775973404822));
#1693=CARTESIAN_POINT('',(3.70166186034163,10.8002157985671,-2.21830544337057));
#1694=EDGE_LOOP('',(#3732,#3733,#3734,#3735,#3736,#3737,#3738,#3739,#3740,#3741,#3742,#3743,#3744));
#1695=CARTESIAN_POINT('',(4.22446048959775,8.37572404389165,-0.881444421175175));
#1696=CARTESIAN_POINT('',(4.14102038623235,8.38770352926105,-1.2822875600432));
#1697=CARTESIAN_POINT('',(3.69709097950607,8.42582384796338,-2.52018593205021));
#1698=CARTESIAN_POINT('',(2.04340330310502,8.49008499999949,-4.12515273936604));
#1699=CARTESIAN_POINT('',(-0.737273786108101,8.56850749999949,-4.54397918554228));
#1700=CARTESIAN_POINT('',(-3.24281941930399,8.64692999999949,-3.26737007754896));
#1701=CARTESIAN_POINT('',(-4.53831692163911,8.72535249999949,-0.771508312438436));
#1702=CARTESIAN_POINT('',(-4.14034694591601,8.80377499999949,2.01223031933584));
#1703=CARTESIAN_POINT('',(-2.19741310550421,8.88219749999949,4.04511099732586));
#1704=CARTESIAN_POINT('',(0.565482223040504,8.96061999999949,4.56856385934488));
#1705=CARTESIAN_POINT('',(3.11736868565144,9.03904249999949,3.3872641957577));
#1706=CARTESIAN_POINT('',(4.50601372503885,9.11746499999949,0.942011945760328));
#1707=CARTESIAN_POINT('',(4.21324652724913,9.19588749999949,-1.85475062887539));
#1708=CARTESIAN_POINT('',(2.3483127335936,9.27430999999949,-3.95941580346844));
#1709=CARTESIAN_POINT('',(-0.392890420107864,9.35273249999949,-4.58663093297303));
#1710=CARTESIAN_POINT('',(-2.98748710521508,9.43115499999949,-3.50235163771593));
#1711=CARTESIAN_POINT('',(-4.46730747626615,9.50957749999949,-1.11117510341846));
#1712=CARTESIAN_POINT('',(-4.28015879044181,9.58799999999949,1.69463474723818));
#1713=CARTESIAN_POINT('',(-2.49587529801742,9.66642249999949,3.86809419413529));
#1714=CARTESIAN_POINT('',(0.219740303015851,9.74484499999949,4.59818011796608));
#1715=CARTESIAN_POINT('',(2.85336014085777,9.82326749999949,3.61246205572976));
#1716=CARTESIAN_POINT('',(4.42225293959606,9.90168999999949,1.27875921804696));
#1717=CARTESIAN_POINT('',(4.3409887131726,9.98011249999949,-1.53211069665288));
#1718=CARTESIAN_POINT('',(2.63989108906205,10.0585349999995,-3.77127580986574));
#1719=CARTESIAN_POINT('',(-0.0462779302768629,10.1369574999995,-4.60319504336997));
#1720=CARTESIAN_POINT('',(-2.71517836820278,10.2153799999995,-3.71743894506932));
#1721=CARTESIAN_POINT('',(-4.37091424177787,10.2938024999995,-1.44452622958506));
#1722=CARTESIAN_POINT('',(-4.39564947177669,10.3722249999995,1.36740974542605));
#1723=CARTESIAN_POINT('',(-2.7801568746914,10.4506474999995,3.66909707005773));
#1724=CARTESIAN_POINT('',(-0.127244890480672,10.5290699999995,4.60167292924352));
#1725=CARTESIAN_POINT('',(2.57311834096952,10.6074924999995,3.81711690647242));
#1726=CARTESIAN_POINT('',(4.31343827037905,10.6859149999995,1.60830111293381));
#1727=CARTESIAN_POINT('',(4.41966194609995,10.7498227661885,-0.681037272690946));
#1728=CARTESIAN_POINT('',(3.90612106569506,10.7875896990447,-1.87759734048177));
#1729=CARTESIAN_POINT('',(3.70166186034198,10.7992157985671,-2.21830544337));
#1730=CARTESIAN_POINT('',(4.37107397487541,8.46222831763689,-0.912035697620022));
#1731=CARTESIAN_POINT('',(4.28473801193295,8.47420780300629,-1.32679043769347));
#1732=CARTESIAN_POINT('',(3.82540165852096,8.51232812170862,-2.60765112292069));
#1733=CARTESIAN_POINT('',(2.11432134834057,8.57658927374473,-4.2683196649214));
#1734=CARTESIAN_POINT('',(-0.762861498350176,8.65501177374473,-4.70168183823965));
#1735=CARTESIAN_POINT('',(-3.35536421842355,8.73343427374473,-3.38076692809187));
#1736=CARTESIAN_POINT('',(-4.69582306066404,8.81185677374473,-0.798284162961015));
#1737=CARTESIAN_POINT('',(-4.28404119930075,8.89027927374473,2.08206647972295));
#1738=CARTESIAN_POINT('',(-2.27367619159229,8.96870177374473,4.18550000631717));
#1739=CARTESIAN_POINT('',(0.58510776334015,9.04712427374473,4.72711974400321));
#1740=CARTESIAN_POINT('',(3.22555961062884,9.12554677374473,3.50482207338981));
#1741=CARTESIAN_POINT('',(4.66239875421982,9.20396927374473,0.974705269530635));
#1742=CARTESIAN_POINT('',(4.35947082245019,9.28239177374473,-1.91912132300099));
#1743=CARTESIAN_POINT('',(2.42981291929618,9.36081427374473,-4.0968306880527));
#1744=CARTESIAN_POINT('',(-0.406526015461736,9.43923677374473,-4.74581385075006));
#1745=CARTESIAN_POINT('',(-3.0911703797538,9.51765927374473,-3.62390372266046));
#1746=CARTESIAN_POINT('',(-4.62234917224414,9.59608177374473,-1.14973937809147));
#1747=CARTESIAN_POINT('',(-4.42870533250542,9.67450427374473,1.75344848385095));
#1748=CARTESIAN_POINT('',(-2.58249676770939,9.75292677374473,4.00233968479225));
#1749=CARTESIAN_POINT('',(0.227366576657322,9.83134927374473,4.75776386000702));
#1750=CARTESIAN_POINT('',(2.95238842530576,9.90977177374473,3.73783561614753));
#1751=CARTESIAN_POINT('',(4.57573097965676,9.98819427374473,1.32313964159486));
#1752=CARTESIAN_POINT('',(4.49164640931095,10.0666167737447,-1.58528389820639));
#1753=CARTESIAN_POINT('',(2.73151074896295,10.1450392737447,-3.90216113635698));
#1754=CARTESIAN_POINT('',(-0.0478840451088248,10.2234617737447,-4.76295283265079));
#1755=CARTESIAN_POINT('',(-2.80941093699958,10.3018842737447,-3.84645581749292));
#1756=CARTESIAN_POINT('',(-4.52261052877461,10.3803067737447,-1.49465973790327));
#1757=CARTESIAN_POINT('',(-4.5482042159167,10.4587292737447,1.41486686073672));
#1758=CARTESIAN_POINT('',(-2.87664457768361,10.5371517737447,3.79643619669761));
#1759=CARTESIAN_POINT('',(-0.131661032357989,10.6155742737447,4.76137789226313));
#1760=CARTESIAN_POINT('',(2.66242059599826,10.6939967737447,3.94959318711248));
#1761=CARTESIAN_POINT('',(4.46313980502762,10.7724192737447,1.66411856752348));
#1762=CARTESIAN_POINT('',(4.57305006353361,10.8363270399338,-0.704673249024339));
#1763=CARTESIAN_POINT('',(4.04168631119146,10.8740939727891,-1.9427609491166));
#1764=CARTESIAN_POINT('',(3.83013117565558,10.8857200723114,-2.29529361576865));
#1765=CARTESIAN_POINT('',(4.51768746015351,8.54873259138212,-0.942626974064852));
#1766=CARTESIAN_POINT('',(4.42845563763417,8.56071207675152,-1.37129331534374));
#1767=CARTESIAN_POINT('',(3.95371233753706,8.59883239545385,-2.69511631379114));
#1768=CARTESIAN_POINT('',(2.18523939357614,8.66309354748997,-4.4114865904766));
#1769=CARTESIAN_POINT('',(-0.788449210592233,8.74151604748997,-4.85938449093572));
#1770=CARTESIAN_POINT('',(-3.46790901754441,8.81993854748997,-3.49416377863479));
#1771=CARTESIAN_POINT('',(-4.85332919968897,8.89836104748997,-0.825060013483463));
#1772=CARTESIAN_POINT('',(-4.42773545268403,8.97678354748997,2.15190264011005));
#1773=CARTESIAN_POINT('',(-2.34993927768038,9.05520604748997,4.32588901530831));
#1774=CARTESIAN_POINT('',(0.604733303639925,9.13362854748997,4.88567562866154));
#1775=CARTESIAN_POINT('',(3.33375053560625,9.21205104748997,3.62237995102192));
#1776=CARTESIAN_POINT('',(4.81878378339949,9.29047354748997,1.00739859330096));
#1777=CARTESIAN_POINT('',(4.50569511765255,9.36889604748997,-1.98349201712671));
#1778=CARTESIAN_POINT('',(2.51131310499866,9.44731854748997,-4.23424557263712));
#1779=CARTESIAN_POINT('',(-0.420161610815738,9.52574104748997,-4.9049967685271));
#1780=CARTESIAN_POINT('',(-3.19485365429122,9.60416354748997,-3.745455807605));
#1781=CARTESIAN_POINT('',(-4.77739086822359,9.68258604748997,-1.18830365276461));
#1782=CARTESIAN_POINT('',(-4.57725187456886,9.76100854748997,1.81226222046372));
#1783=CARTESIAN_POINT('',(-2.66911823740034,9.83943104748997,4.13658517544922));
#1784=CARTESIAN_POINT('',(0.234992850298897,9.91785354748997,4.91734760204796));
#1785=CARTESIAN_POINT('',(3.05141670975374,9.99627604748997,3.8632091765653));
#1786=CARTESIAN_POINT('',(4.72920901971616,10.07469854749,1.36752006514262));
#1787=CARTESIAN_POINT('',(4.64230410545059,10.15312104749,-1.63845709976004));
#1788=CARTESIAN_POINT('',(2.82313040886385,10.23154354749,-4.03304646284823));
#1789=CARTESIAN_POINT('',(-0.0494901599407997,10.30996604749,-4.92271062193176));
#1790=CARTESIAN_POINT('',(-2.90364350579768,10.38838854749,-3.97547268991781));
#1791=CARTESIAN_POINT('',(-4.67430681577151,10.46681104749,-1.54479324622161));
#1792=CARTESIAN_POINT('',(-4.70075896005541,10.54523354749,1.46232397604752));
#1793=CARTESIAN_POINT('',(-2.97313228067437,10.62365604749,3.92377532333603));
#1794=CARTESIAN_POINT('',(-0.136077174235321,10.70207854749,4.92108285528143));
#1795=CARTESIAN_POINT('',(2.75172285102731,10.78050104749,4.08206946775384));
#1796=CARTESIAN_POINT('',(4.61284133967619,10.85892354749,1.71993602211315));
#1797=CARTESIAN_POINT('',(4.72643818096713,10.922831313679,-0.728309225357837));
#1798=CARTESIAN_POINT('',(4.1772515566878,10.9605982465343,-2.00792455775147));
#1799=CARTESIAN_POINT('',(3.95860049096912,10.9722243460566,-2.37228178816722));
#1800=CARTESIAN_POINT('',(4.66430094543166,8.63523686512736,-0.973218250509655));
#1801=CARTESIAN_POINT('',(4.57217326333546,8.64721635049677,-1.41579619299393));
#1802=CARTESIAN_POINT('',(4.0820230165533,8.68533666919909,-2.78258150466133));
#1803=CARTESIAN_POINT('',(2.25615743881186,8.74959782123521,-4.55465351603031));
#1804=CARTESIAN_POINT('',(-0.814036922834144,8.82802032123521,-5.0170871436331));
#1805=CARTESIAN_POINT('',(-3.58045381666396,8.90644282123521,-3.6075606291777));
#1806=CARTESIAN_POINT('',(-5.0108353387139,8.98486532123521,-0.851835864006043));
#1807=CARTESIAN_POINT('',(-4.57142970606715,9.06328782123521,2.22173880049716));
#1808=CARTESIAN_POINT('',(-2.42620236376846,9.14171032123521,4.46627802429798));
#1809=CARTESIAN_POINT('',(0.624358843939568,9.22013282123521,5.04423151331988));
#1810=CARTESIAN_POINT('',(3.44194146058366,9.29855532123521,3.73993782865404));
#1811=CARTESIAN_POINT('',(4.97516881258048,9.37697782123521,1.04009191707143));
#1812=CARTESIAN_POINT('',(4.65191941285359,9.45540032123521,-2.04786271125231));
#1813=CARTESIAN_POINT('',(2.59281329070157,9.5338228212352,-4.37166045722301));
#1814=CARTESIAN_POINT('',(-0.433797206169609,9.61224532123521,-5.06417968630413));
#1815=CARTESIAN_POINT('',(-3.29853692882996,9.69066782123521,-3.86700789254953));
#1816=CARTESIAN_POINT('',(-4.9324325642032,9.76909032123521,-1.22686792743763));
#1817=CARTESIAN_POINT('',(-4.72579841663082,9.84751282123521,1.87107595707649));
#1818=CARTESIAN_POINT('',(-2.75573970709118,9.92593532123521,4.27083066610619));
#1819=CARTESIAN_POINT('',(0.242619123940367,10.0043578212352,5.07693134408889));
#1820=CARTESIAN_POINT('',(3.15044499420172,10.0827803212352,3.98858273698307));
#1821=CARTESIAN_POINT('',(4.88268705977687,10.1612028212352,1.41190048869052));
#1822=CARTESIAN_POINT('',(4.79296180158892,10.2396253212352,-1.69163030131355));
#1823=CARTESIAN_POINT('',(2.91475006876476,10.3180478212352,-4.16393178933946));
#1824=CARTESIAN_POINT('',(-0.0510962747727614,10.3964703212352,-5.08246841121422));
#1825=CARTESIAN_POINT('',(-2.99787607459446,10.4748928212352,-4.1044895623414));
#1826=CARTESIAN_POINT('',(-4.82600310276988,10.5533153212352,-1.59492675453981));
#1827=CARTESIAN_POINT('',(-4.85331370419543,10.6317378212352,1.50978109135818));
#1828=CARTESIAN_POINT('',(-3.06961998366497,10.7101603212352,4.05111444997429));
#1829=CARTESIAN_POINT('',(-0.140493316112654,10.7885828212352,5.08078781830106));
#1830=CARTESIAN_POINT('',(2.84102510605785,10.8670053212352,4.21454574839388));
#1831=CARTESIAN_POINT('',(4.76254287432476,10.9454278212352,1.77575347670282));
#1832=CARTESIAN_POINT('',(4.87982629839946,11.0093355874242,-0.751945201691228));
#1833=CARTESIAN_POINT('',(4.3128168021835,11.0471025202795,-2.07308816638629));
#1834=CARTESIAN_POINT('',(4.08706980628208,11.0587286198018,-2.44926996056587));
#1835=EDGE_LOOP('',(#3745,#3746,#3747,#3748,#3749,#3750,#3751,#3752,#3753,#3754,#3755));
#1836=CARTESIAN_POINT('',(3.93107912737099,10.7838564162892,-1.77935958157564));
#1837=CARTESIAN_POINT('',(3.77312633107979,10.7950628323404,-2.12812680274885));
#1838=CARTESIAN_POINT('',(3.19374899169667,10.8269067483916,-3.06000674729266));
#1839=CARTESIAN_POINT('',(1.70593575583539,10.8793881644428,-4.155411406504));
#1840=CARTESIAN_POINT('',(-0.450816360923484,10.9413006644428,-4.4692438245685));
#1841=CARTESIAN_POINT('',(-2.50144731500011,11.0032131644428,-3.73098158506322));
#1842=CARTESIAN_POINT('',(-3.96319128800888,11.0651256644428,-2.11436908665397));
#1843=CARTESIAN_POINT('',(-4.49193112955891,11.1270381644428,-1.46045086517774E-07));
#1844=CARTESIAN_POINT('',(-3.96319139112412,11.1889506644428,2.1143696708171));
#1845=CARTESIAN_POINT('',(-2.50144690255925,11.2508631644428,3.73097954046989));
#1846=CARTESIAN_POINT('',(-0.450817907599611,11.3127756644428,4.46925141875754));
#1847=CARTESIAN_POINT('',(1.70594153006879,11.3746881644428,4.15538307433665));
#1848=CARTESIAN_POINT('',(3.46109239806576,11.4366006644428,2.86326464351042));
#1849=CARTESIAN_POINT('',(4.40144138308204,11.4985131644428,0.8970834723613));
#1850=CARTESIAN_POINT('',(4.30561383391942,11.5604256644428,-1.28028688911084));
#1851=CARTESIAN_POINT('',(3.19616923707123,11.6223381644428,-3.15625525160894));
#1852=CARTESIAN_POINT('',(1.33429031822094,11.6842506644428,-4.28918574463421));
#1853=CARTESIAN_POINT('',(-0.841703954504598,11.7461631644428,-4.41236665048022));
#1854=CARTESIAN_POINT('',(-2.81954634685081,11.8080756644428,-3.49679902242647));
#1855=CARTESIAN_POINT('',(-4.13361805420114,11.8699881644428,-1.75802354571253));
#1856=CARTESIAN_POINT('',(-4.47456353845686,11.9319006644428,0.394621521952191));
#1857=CARTESIAN_POINT('',(-3.76211825002557,11.9938131644428,2.45436575879039));
#1858=CARTESIAN_POINT('',(-2.16400431110289,12.0557256644428,3.93630922924742));
#1859=CARTESIAN_POINT('',(-0.0564457854897693,12.1176381644428,4.49157643503963));
#1860=CARTESIAN_POINT('',(2.06440106926438,12.1795506644428,3.98944773810914));
#1861=CARTESIAN_POINT('',(3.6992516851067,12.2414631644428,2.54813302399464));
#1862=CARTESIAN_POINT('',(4.46323355382111,12.3033756644428,0.506943144344804));
#1863=CARTESIAN_POINT('',(4.17649188673179,12.3652881644428,-1.65359027354436));
#1864=CARTESIAN_POINT('',(2.90653089443667,12.4272006644428,-3.4248386793588));
#1865=CARTESIAN_POINT('',(0.952320967102719,12.4891131644428,-4.38982312097189));
#1866=CARTESIAN_POINT('',(-1.22607993191518,12.5510256644428,-4.32135438899462));
#1867=CARTESIAN_POINT('',(-3.1158479174509,12.6129381644428,-3.23560697793419));
#1868=CARTESIAN_POINT('',(-4.09593599580788,12.6654195626326,-1.66942543436773));
#1869=CARTESIAN_POINT('',(-4.29157964876735,12.6972634608225,-0.589703028573659));
#1870=CARTESIAN_POINT('',(-4.3100507985073,12.7084698590123,-0.207281782128566));
#1871=CARTESIAN_POINT('',(4.06748869476756,10.8703177856998,-1.84110386677146));
#1872=CARTESIAN_POINT('',(3.90405489137565,10.881524201751,-2.20197341003525));
#1873=CARTESIAN_POINT('',(3.30457299299935,10.9133681178022,-3.16618985455383));
#1874=CARTESIAN_POINT('',(1.76513221332739,10.9658495338534,-4.29960536799759));
#1875=CARTESIAN_POINT('',(-0.466459817281598,11.0277620338534,-4.62432786051674));
#1876=CARTESIAN_POINT('',(-2.58824825058267,11.0896745338534,-3.86044771064845));
#1877=CARTESIAN_POINT('',(-4.10071515654409,11.1515870338534,-2.18773829726606));
#1878=CARTESIAN_POINT('',(-4.64780242146248,11.2134995338534,-1.51112892707779E-07));
#1879=CARTESIAN_POINT('',(-4.10071526323664,11.2754120338534,2.18773890169988));
#1880=CARTESIAN_POINT('',(-2.58824782383002,11.3373245338534,3.86044559510718));
#1881=CARTESIAN_POINT('',(-0.4664614176278,11.3992370338534,4.62433571822654));
#1882=CARTESIAN_POINT('',(1.76513818792841,11.4611495338534,4.29957605269608));
#1883=CARTESIAN_POINT('',(3.58119329185265,11.5230620338534,2.96262074363354));
#1884=CARTESIAN_POINT('',(4.5541726549642,11.5849745338534,0.928212524822173));
#1885=CARTESIAN_POINT('',(4.45501986250328,11.6468870338534,-1.32471320947474));
#1886=CARTESIAN_POINT('',(3.30707722157917,11.7087995338534,-3.26577820943285));
#1887=CARTESIAN_POINT('',(1.38059057298409,11.7707120338534,-4.43802171383167));
#1888=CARTESIAN_POINT('',(-0.870911321894147,11.8326245338534,-4.56547703225807));
#1889=CARTESIAN_POINT('',(-2.91738540960276,11.8945370338534,-3.61813894626582));
#1890=CARTESIAN_POINT('',(-4.2770557801518,11.9564495338534,-1.81902746437594));
#1891=CARTESIAN_POINT('',(-4.62983216999416,12.0183620338534,0.408315001363539));
#1892=CARTESIAN_POINT('',(-3.89266482676798,12.0802745338534,2.53953295093898));
#1893=CARTESIAN_POINT('',(-2.23909587816604,12.1421870338534,4.07290028267169));
#1894=CARTESIAN_POINT('',(-0.0584044703522789,12.2040995338534,4.64743541894308));
#1895=CARTESIAN_POINT('',(2.13603637541544,12.2660120338534,4.12788271295327));
#1896=CARTESIAN_POINT('',(3.82761677410908,12.3279245338534,2.63655396700064));
#1897=CARTESIAN_POINT('',(4.61810903165901,12.3898370338534,0.524534216102558));
#1898=CARTESIAN_POINT('',(4.32141734690422,12.4517495338534,-1.71097032786493));
#1899=CARTESIAN_POINT('',(3.00738834581111,12.5136620338534,-3.5436815587617));
#1900=CARTESIAN_POINT('',(0.985366776392438,12.5755745338534,-4.54215123584289));
#1901=CARTESIAN_POINT('',(-1.26862525539712,12.6374870338534,-4.47130661932928));
#1902=CARTESIAN_POINT('',(-3.22396872924962,12.6993995338534,-3.34788346330344));
#1903=CARTESIAN_POINT('',(-4.23806614357973,12.7518809320432,-1.72735497328721));
#1904=CARTESIAN_POINT('',(-4.44049868712181,12.7837248302331,-0.610165891928569));
#1905=CARTESIAN_POINT('',(-4.45961079102836,12.7949312284229,-0.214474519113354));
#1906=CARTESIAN_POINT('',(4.20389826216525,10.9567791551104,-1.90284815196699));
#1907=CARTESIAN_POINT('',(4.03498345167238,10.9679855711616,-2.27582001732117));
#1908=CARTESIAN_POINT('',(3.41539699430206,10.9998294872128,-3.2723729618139));
#1909=CARTESIAN_POINT('',(1.82432867081952,11.052310903264,-4.44379932949119));
#1910=CARTESIAN_POINT('',(-0.482103273639711,11.114223403264,-4.77941189646498));
#1911=CARTESIAN_POINT('',(-2.67504918616612,11.176135903264,-3.98991383623221));
#1912=CARTESIAN_POINT('',(-4.23823902507799,11.238048403264,-2.26110750787818));
#1913=CARTESIAN_POINT('',(-4.80367371336752,11.299960903264,-1.56180698721266E-07));
#1914=CARTESIAN_POINT('',(-4.23823913534786,11.361873403264,2.26110813258266));
#1915=CARTESIAN_POINT('',(-2.67504874510195,11.423785903264,3.9899116497443));
#1916=CARTESIAN_POINT('',(-0.482104927656118,11.485698403264,4.77942001769423));
#1917=CARTESIAN_POINT('',(1.82433484578802,11.547610903264,4.44376903105552));
#1918=CARTESIAN_POINT('',(3.70129418563938,11.609523403264,3.0619768437552));
#1919=CARTESIAN_POINT('',(4.70690392684506,11.671435903264,0.959341577283193));
#1920=CARTESIAN_POINT('',(4.60442589108583,11.733348403264,-1.36913952983864));
#1921=CARTESIAN_POINT('',(3.41798520608711,11.795260903264,-3.37530116725676));
#1922=CARTESIAN_POINT('',(1.42689082774725,11.857173403264,-4.58685768302914));
#1923=CARTESIAN_POINT('',(-0.900118689283825,11.919085903264,-4.7185874140346));
#1924=CARTESIAN_POINT('',(-3.01522447235619,11.980998403264,-3.73947887010664));
#1925=CARTESIAN_POINT('',(-4.42049350610247,12.042910903264,-1.88003138303921));
#1926=CARTESIAN_POINT('',(-4.78510080153275,12.104823403264,0.422008480774903));
#1927=CARTESIAN_POINT('',(-4.02321140351054,12.166735903264,2.62470014308813));
#1928=CARTESIAN_POINT('',(-2.31418744522933,12.228648403264,4.20949133609726));
#1929=CARTESIAN_POINT('',(-0.0603631552147869,12.290560903264,4.80329440284784));
#1930=CARTESIAN_POINT('',(2.20767168156651,12.352473403264,4.26631768779871));
#1931=CARTESIAN_POINT('',(3.95598186311015,12.414385903264,2.72497491000794));
#1932=CARTESIAN_POINT('',(4.7729845094969,12.476298403264,0.542125287860442));
#1933=CARTESIAN_POINT('',(4.46634280707666,12.538210903264,-1.7683503821855));
#1934=CARTESIAN_POINT('',(3.10824579718426,12.600123403264,-3.66252443816591));
#1935=CARTESIAN_POINT('',(1.01841258568217,12.662035903264,-4.69447935071519));
#1936=CARTESIAN_POINT('',(-1.31117057887907,12.723948403264,-4.62125884966525));
#1937=CARTESIAN_POINT('',(-3.33208954104819,12.785860903264,-3.46015994867269));
#1938=CARTESIAN_POINT('',(-4.38019629135156,12.8383423014539,-1.7852845122067));
#1939=CARTESIAN_POINT('',(-4.58941772547538,12.8701861996437,-0.630628755283479));
#1940=CARTESIAN_POINT('',(-4.60917078354832,12.8813925978335,-0.221667256098138));
#1941=CARTESIAN_POINT('',(4.34030782956305,11.0432405245211,-1.9645924371629));
#1942=CARTESIAN_POINT('',(4.1659120119692,11.0544469405723,-2.34966662460767));
#1943=CARTESIAN_POINT('',(3.52622099560474,11.0862908566234,-3.37855606907507));
#1944=CARTESIAN_POINT('',(1.88352512831152,11.1387722726746,-4.58799329098478));
#1945=CARTESIAN_POINT('',(-0.497746729997825,11.2006847726746,-4.93449593241322));
#1946=CARTESIAN_POINT('',(-2.76185012174966,11.2625972726746,-4.11937996181582));
#1947=CARTESIAN_POINT('',(-4.3757628936132,11.3245097726746,-2.33447671849044));
#1948=CARTESIAN_POINT('',(-4.95954500527272,11.3864222726746,-1.61248504911378E-07));
#1949=CARTESIAN_POINT('',(-4.37576300746038,11.4483347726746,2.33447736346544));
#1950=CARTESIAN_POINT('',(-2.76184966637256,11.5102472726746,4.11937770437996));
#1951=CARTESIAN_POINT('',(-0.497748437684306,11.5721597726746,4.93450431716323));
#1952=CARTESIAN_POINT('',(1.88353150364764,11.6340722726746,4.58796200941495));
#1953=CARTESIAN_POINT('',(3.82139507942463,11.6959847726746,3.1613329438767));
#1954=CARTESIAN_POINT('',(4.85963519872722,11.7578972726746,0.990470629744229));
#1955=CARTESIAN_POINT('',(4.75383191966969,11.8198097726746,-1.41356585020254));
#1956=CARTESIAN_POINT('',(3.52889319059505,11.8817222726746,-3.48482412508067));
#1957=CARTESIAN_POINT('',(1.4731910825104,11.9436347726746,-4.73569365222661));
#1958=CARTESIAN_POINT('',(-0.929326056673374,12.0055472726746,-4.87169779581244));
#1959=CARTESIAN_POINT('',(-3.11306353510977,12.0674597726746,-3.86081879394762));
#1960=CARTESIAN_POINT('',(-4.56393123205314,12.1293722726746,-1.94103530170262));
#1961=CARTESIAN_POINT('',(-4.94036943307005,12.1912847726746,0.435701960186414));
#1962=CARTESIAN_POINT('',(-4.15375798025457,12.2531972726746,2.70986733523574));
#1963=CARTESIAN_POINT('',(-2.38927901229265,12.3151097726746,4.34608238952153));
#1964=CARTESIAN_POINT('',(-0.0623218400772802,12.3770222726746,4.95915338675129));
#1965=CARTESIAN_POINT('',(2.27930698771757,12.4389347726746,4.40475266264284));
#1966=CARTESIAN_POINT('',(4.08434695211253,12.5008472726746,2.81339585301394));
#1967=CARTESIAN_POINT('',(4.9278599873348,12.5627597726746,0.559716359618195));
#1968=CARTESIAN_POINT('',(4.61126826724909,12.6246722726746,-1.82573043650607));
#1969=CARTESIAN_POINT('',(3.2091032485587,12.6865847726746,-3.78136731756882));
#1970=CARTESIAN_POINT('',(1.05145839497205,12.7484972726746,-4.84680746558619));
#1971=CARTESIAN_POINT('',(-1.35371590236101,12.8104097726746,-4.77121107999991));
#1972=CARTESIAN_POINT('',(-3.44021035284528,12.8723222726746,-3.57243643404194));
#1973=CARTESIAN_POINT('',(-4.52232643912316,12.9248036708645,-1.84321405112618));
#1974=CARTESIAN_POINT('',(-4.73833676382881,12.9566475690543,-0.651091618638388));
#1975=CARTESIAN_POINT('',(-4.75873077606838,12.9678539672442,-0.2288599930829));
#1976=EDGE_LOOP('',(#3756,#3757,#3758,#3759,#3760));
#1977=EDGE_LOOP('',(#3761,#3762));
#1978=AXIS2_PLACEMENT_3D('',#3763,#3764,#3765);
#1979=EDGE_LOOP('',(#3766,#3767,#3768,#3769));
#1980=AXIS2_PLACEMENT_3D('',#3770,#3771,#3772);
#1981=EDGE_LOOP('',(#3773,#3774));
#1982=EDGE_LOOP('',(#3775,#3776));
#1983=AXIS2_PLACEMENT_3D('',#3777,#3778,#3779);
#1984=EDGE_LOOP('',(#3780,#3781,#3782,#3783,#3784));
#1985=AXIS2_PLACEMENT_3D('',#3785,#3786,#3787);
#1986=EDGE_LOOP('',(#3788,#3789,#3790,#3791,#3792));
#1987=AXIS2_PLACEMENT_3D('',#3793,#3794,#3795);
#1988=EDGE_LOOP('',(#3796,#3797,#3798,#3799));
#1989=AXIS2_PLACEMENT_3D('',#3800,#3801,#3802);
#1990=EDGE_LOOP('',(#3803,#3804,#3805,#3806));
#1991=AXIS2_PLACEMENT_3D('',#3807,#3808,#3809);
#1992=EDGE_LOOP('',(#3810,#3811,#3812,#3813));
#1993=AXIS2_PLACEMENT_3D('',#3814,#3815,#3816);
#1994=EDGE_LOOP('',(#3817,#3818,#3819,#3820));
#1995=AXIS2_PLACEMENT_3D('',#3821,#3822,#3823);
#1996=EDGE_LOOP('',(#3824,#3825,#3826,#3827,#3828,#3829,#3830,#3831,#3832,#3833,#3834));
#1997=CARTESIAN_POINT('',(4.34674562823197,10.5230768835548,-1.96729181478042));
#1998=CARTESIAN_POINT('',(4.1696992332629,10.5344378819601,-2.35826460314482));
#1999=CARTESIAN_POINT('',(3.51604724202196,10.5668335492383,-3.40566552141446));
#2000=CARTESIAN_POINT('',(1.82898543754293,10.6202638853894,-4.62620357286869));
#2001=CARTESIAN_POINT('',(-0.610441378486864,10.6833678920076,-4.93699507451345));
#2002=CARTESIAN_POINT('',(-2.90070209796367,10.7464718986244,-4.04136151348192));
#2003=CARTESIAN_POINT('',(-4.48210082747234,10.8095759052432,-2.1581058319994));
#2004=CARTESIAN_POINT('',(-4.96818678143704,10.8726799118619,0.252533206364507));
#2005=CARTESIAN_POINT('',(-4.24017173041674,10.9357839184781,2.60146045912323));
#2006=CARTESIAN_POINT('',(-2.47596463256723,10.9988879250969,4.31465545508561));
#2007=CARTESIAN_POINT('',(-0.10669358453767,11.0619919317157,4.97345646090967));
#2008=CARTESIAN_POINT('',(2.28865070769931,11.1250959383338,4.41686886661019));
#2009=CARTESIAN_POINT('',(4.12470591168286,11.1881999449506,2.78090880819801));
#2010=CARTESIAN_POINT('',(4.95278597737152,11.2513039515694,0.465364070146606));
#2011=CARTESIAN_POINT('',(4.57052881279507,11.3144079581882,-1.96390402692989));
#2012=CARTESIAN_POINT('',(3.07134852458069,11.3775119648044,-3.91324301522568));
#2013=CARTESIAN_POINT('',(0.821607343242363,11.4406159714231,-4.90628311750736));
#2014=CARTESIAN_POINT('',(-1.62891415866554,11.5037199780419,-4.70035012731224));
#2015=CARTESIAN_POINT('',(-3.68136971137298,11.5668239846606,-3.34576892564015));
#2016=CARTESIAN_POINT('',(-4.83419042408236,11.6299279912769,-1.1735653366344));
#2017=CARTESIAN_POINT('',(-4.80565569853792,11.6930319978956,1.28542831876629));
#2018=CARTESIAN_POINT('',(-3.60273870925924,11.7561360045144,3.43029538789706));
#2019=CARTESIAN_POINT('',(-1.51940233343745,11.8192400111306,4.73688391313585));
#2020=CARTESIAN_POINT('',(0.935238035162048,11.8823440177494,4.8858962805479));
#2021=CARTESIAN_POINT('',(3.1613295816985,11.9454480243681,3.8409175941977));
#2022=CARTESIAN_POINT('',(4.6148711022827,12.0085520309868,1.8573145310223));
#2023=CARTESIAN_POINT('',(4.94065338494233,12.0716560376031,-0.580169762794628));
#2024=CARTESIAN_POINT('',(4.05906321268202,12.1347600442219,-2.8758753017173));
#2025=CARTESIAN_POINT('',(2.18553981392835,12.1978640508406,-4.46878779217346));
#2026=CARTESIAN_POINT('',(-0.222076718440041,12.2609680574588,-4.96964359636705));
#2027=CARTESIAN_POINT('',(-2.57541663155281,12.3240720640756,-4.25602963056791));
#2028=CARTESIAN_POINT('',(-4.29941370794368,12.3871760706944,-2.50239665047659));
#2029=CARTESIAN_POINT('',(-4.97264929994844,12.4502800773131,-0.137059921242325));
#2030=CARTESIAN_POINT('',(-4.61157467976698,12.4923494150564,1.46171151897878));
#2031=CARTESIAN_POINT('',(-4.25035103513588,12.5133840839294,2.16942360045358));
#2032=CARTESIAN_POINT('',(4.20820833782408,10.6108863432094,-1.90459127953592));
#2033=CARTESIAN_POINT('',(4.03680467650783,10.6222473416147,-2.28310317983462));
#2034=CARTESIAN_POINT('',(3.40398555276865,10.6546430088929,-3.29712186284162));
#2035=CARTESIAN_POINT('',(1.77069293359075,10.708073345044,-4.47875953940689));
#2036=CARTESIAN_POINT('',(-0.590985697901614,10.7711773516604,-4.77964565062844));
#2037=CARTESIAN_POINT('',(-2.80825237964525,10.834281358279,-3.91255727198189));
#2038=CARTESIAN_POINT('',(-4.33924956423371,10.8973853648978,-2.08932376837054));
#2039=CARTESIAN_POINT('',(-4.80984323115696,10.9604893715165,0.244484595026232));
#2040=CARTESIAN_POINT('',(-4.10503110967753,11.0235933781327,2.51854801981007));
#2041=CARTESIAN_POINT('',(-2.39705193311825,11.0866973847515,4.17714092653661));
#2042=CARTESIAN_POINT('',(-0.103293100274275,11.1498013913703,4.81494495805574));
#2043=CARTESIAN_POINT('',(2.2157079834516,11.2129053979867,4.27609664361695));
#2044=CARTESIAN_POINT('',(3.99324535944357,11.2760094046052,2.69227708135882));
#2045=CARTESIAN_POINT('',(4.79493327377046,11.339113411224,0.450532220564066));
#2046=CARTESIAN_POINT('',(4.42485921728369,11.4022174178427,-1.90131146555581));
#2047=CARTESIAN_POINT('',(2.97346004918178,11.465321424459,-3.78852210206304));
#2048=CARTESIAN_POINT('',(0.79542148723714,11.5284254310777,-4.74991252966868));
#2049=CARTESIAN_POINT('',(-1.57699822588513,11.5915294376965,-4.55054293215961));
#2050=CARTESIAN_POINT('',(-3.56403894752803,11.6546334443149,-3.23913426124301));
#2051=CARTESIAN_POINT('',(-4.68011753830861,11.7177374509315,-1.13616205248586));
#2052=CARTESIAN_POINT('',(-4.65249225718355,11.7808414575502,1.24445979391434));
#2053=CARTESIAN_POINT('',(-3.4879140331628,11.843945464169,3.32096673860811));
#2054=CARTESIAN_POINT('',(-1.47097670647028,11.9070494707852,4.58591233153669));
#2055=CARTESIAN_POINT('',(0.905430598896131,11.970153477404,4.73017545172173));
#2056=CARTESIAN_POINT('',(3.06057327530444,12.0332574840227,3.71850180047717));
#2057=CARTESIAN_POINT('',(4.46778825162399,12.0963614906411,1.79811913645121));
#2058=CARTESIAN_POINT('',(4.78318736522741,12.1594654972577,-0.561678883919153));
#2059=CARTESIAN_POINT('',(3.92969479152783,12.2225695038765,-2.78421685056203));
#2060=CARTESIAN_POINT('',(2.1158833882259,12.2856735104952,-4.32636083529959));
#2061=CARTESIAN_POINT('',(-0.214998800966434,12.3487775171117,-4.81125361521362));
#2062=CARTESIAN_POINT('',(-2.4933342480127,12.4118815237302,-4.12038359481052));
#2063=CARTESIAN_POINT('',(-4.16238495669303,12.474985530349,-2.42264152304713));
#2064=CARTESIAN_POINT('',(-4.81416352252295,12.5380895369674,-0.132691616368645));
#2065=CARTESIAN_POINT('',(-4.46459689102844,12.580158874711,1.41512458463363));
#2066=CARTESIAN_POINT('',(-4.11488598471603,12.601193543584,2.10028082260111));
#2067=CARTESIAN_POINT('',(4.06967104741612,10.698695802864,-1.84189074429137));
#2068=CARTESIAN_POINT('',(3.90391011975223,10.7100568012693,-2.20794175652436));
#2069=CARTESIAN_POINT('',(3.29192386351415,10.7424524685475,-3.18857820426858));
#2070=CARTESIAN_POINT('',(1.71240042963844,10.7958828046986,-4.3313155059437));
#2071=CARTESIAN_POINT('',(-0.571530017316225,10.8589868113148,-4.62229622674191));
#2072=CARTESIAN_POINT('',(-2.71580266132683,10.9220908179336,-3.78375303048048));
#2073=CARTESIAN_POINT('',(-4.19639830099369,10.9851948245523,-2.02054170474183));
#2074=CARTESIAN_POINT('',(-4.65149968087688,11.0482988311709,0.236435983688003));
#2075=CARTESIAN_POINT('',(-3.96989048893817,11.1114028377873,2.43563558049678));
#2076=CARTESIAN_POINT('',(-2.31813923366928,11.1745068444061,4.03962639798621));
#2077=CARTESIAN_POINT('',(-0.0998926160108939,11.2376108510248,4.65643345520042));
#2078=CARTESIAN_POINT('',(2.14276525920389,11.3007148576411,4.13532442062524));
#2079=CARTESIAN_POINT('',(3.86178480720289,11.3638188642598,2.60364535451964));
#2080=CARTESIAN_POINT('',(4.63708057017094,11.4269228708786,0.435700370981527));
#2081=CARTESIAN_POINT('',(4.27918962177231,11.4900268774972,-1.83871890418187));
#2082=CARTESIAN_POINT('',(2.87557157378288,11.5531308841136,-3.6638011889004));
#2083=CARTESIAN_POINT('',(0.769235631232057,11.6162348907323,-4.5935419418286));
#2084=CARTESIAN_POINT('',(-1.52508229310472,11.6793388973511,-4.40073573700699));
#2085=CARTESIAN_POINT('',(-3.44670818368294,11.7424429039677,-3.13249959684572));
#2086=CARTESIAN_POINT('',(-4.52604465253473,11.8055469105861,-1.09875876833745));
#2087=CARTESIAN_POINT('',(-4.49932881583057,11.8686509172048,1.20349126906226));
#2088=CARTESIAN_POINT('',(-3.3730893570679,11.9317549238234,3.21163808931916));
#2089=CARTESIAN_POINT('',(-1.42255107950311,11.9948589304398,4.43494074993753));
#2090=CARTESIAN_POINT('',(0.875623162630075,12.0579629370586,4.57445462289571));
#2091=CARTESIAN_POINT('',(2.959816968909,12.1210669436773,3.59608600675663));
#2092=CARTESIAN_POINT('',(4.32070540096373,12.184170950294,1.73892374187998));
#2093=CARTESIAN_POINT('',(4.62572134551095,12.2472749569123,-0.543188005043539));
#2094=CARTESIAN_POINT('',(3.80032637037503,12.3103789635311,-2.69255839940663));
#2095=CARTESIAN_POINT('',(2.04622696252345,12.3734829701498,-4.18393387842557));
#2096=CARTESIAN_POINT('',(-0.207920883492813,12.4365869767661,-4.65286363406019));
#2097=CARTESIAN_POINT('',(-2.41125186447275,12.4996909833848,-3.98473755905314));
#2098=CARTESIAN_POINT('',(-4.025356205441,12.5627949900036,-2.34288639561768));
#2099=CARTESIAN_POINT('',(-4.65567774509608,12.6258989966202,-0.128323311494979));
#2100=CARTESIAN_POINT('',(-4.31761910228852,12.6679683343656,1.36853765028848));
#2101=CARTESIAN_POINT('',(-3.97942093429619,12.6890030032385,2.03113804474863));
#2102=CARTESIAN_POINT('',(3.93113375700849,10.7865052625186,-1.77919020904686));
#2103=CARTESIAN_POINT('',(3.77101556299714,10.7978662609239,-2.13278033321415));
#2104=CARTESIAN_POINT('',(3.1798621742608,10.8302619282021,-3.08003454569573));
#2105=CARTESIAN_POINT('',(1.65410792568625,10.8836922643532,-4.18387147248186));
#2106=CARTESIAN_POINT('',(-0.55207433673097,10.9467962709694,-4.46494680285521));
#2107=CARTESIAN_POINT('',(-2.62335294300842,11.0099002775882,-3.65494878898041));
#2108=CARTESIAN_POINT('',(-4.05354703775501,11.0730042842069,-1.95175964111314));
#2109=CARTESIAN_POINT('',(-4.49315613059681,11.1361082908238,0.228387372349763));
#2110=CARTESIAN_POINT('',(-3.8347498681973,11.1992122974419,2.35272314118362));
#2111=CARTESIAN_POINT('',(-2.2392265342203,11.2623163040607,3.90211186943716));
#2112=CARTESIAN_POINT('',(-0.0964921317474991,11.3254203106794,4.49792195234645));
#2113=CARTESIAN_POINT('',(2.06982253495617,11.3885243172957,3.99455219763371));
#2114=CARTESIAN_POINT('',(3.73032425496357,11.4516283239144,2.51501362768062));
#2115=CARTESIAN_POINT('',(4.47922786657158,11.5147323305332,0.420868521398987));
#2116=CARTESIAN_POINT('',(4.13352002626093,11.5778363371501,-1.7761263428078));
#2117=CARTESIAN_POINT('',(2.77768309838397,11.6409403437682,-3.53908027573776));
#2118=CARTESIAN_POINT('',(0.743049775226839,11.7040443503869,-4.43717135398988));
#2119=CARTESIAN_POINT('',(-1.4731663603243,11.7671483570057,-4.25092854185436));
#2120=CARTESIAN_POINT('',(-3.32937741983633,11.830252363622,-3.02586493244692));
#2121=CARTESIAN_POINT('',(-4.37197176675933,11.8933563702407,-1.06135548418892));
#2122=CARTESIAN_POINT('',(-4.34616537447625,11.9564603768594,1.16252274421031));
#2123=CARTESIAN_POINT('',(-3.25826468097317,12.0195643834763,3.10230944003021));
#2124=CARTESIAN_POINT('',(-1.37412545253594,12.0826683900944,4.28396916833837));
#2125=CARTESIAN_POINT('',(0.845815726364154,12.1457723967132,4.4187337940712));
#2126=CARTESIAN_POINT('',(2.85906066251491,12.2088764033319,3.47367021303609));
#2127=CARTESIAN_POINT('',(4.17362255030332,12.2719804099482,1.67972834730889));
#2128=CARTESIAN_POINT('',(4.46825532579432,12.3350844165669,-0.52469712616806));
#2129=CARTESIAN_POINT('',(3.67095794922088,12.3981884231857,-2.60089994824971));
#2130=CARTESIAN_POINT('',(1.97657053682099,12.4612924298044,-4.04150692155004));
#2131=CARTESIAN_POINT('',(-0.200842966019205,12.5243964364206,-4.49447365290675));
#2132=CARTESIAN_POINT('',(-2.32916948093281,12.5875004430394,-3.84909152329576));
#2133=CARTESIAN_POINT('',(-3.8883274541903,12.6506044496582,-2.26313126818822));
#2134=CARTESIAN_POINT('',(-4.49719196767056,12.7137084562744,-0.123955006621299));
#2135=CARTESIAN_POINT('',(-4.17064131354995,12.7557777940202,1.32195071594334));
#2136=CARTESIAN_POINT('',(-3.84395588387634,12.7768124628931,1.96199526689616));
#2137=EDGE_LOOP('',(#3835,#3836,#3837,#3838));
#2138=AXIS2_PLACEMENT_3D('',#3839,#3840,#3841);
#2139=EDGE_LOOP('',(#3842,#3843,#3844));
#2140=AXIS2_PLACEMENT_3D('',#3845,#3846,#3847);
#2141=EDGE_LOOP('',(#3848,#3849,#3850,#3851,#3852,#3853,#3854,#3855,#3856,#3857,#3858,#3859));
#2142=AXIS2_PLACEMENT_3D('',#3860,#3861,#3862);
#2143=EDGE_LOOP('',(#3863,#3864,#3865,#3866,#3867,#3868,#3869));
#2144=AXIS2_PLACEMENT_3D('',#3870,#3871,#3872);
#2145=EDGE_LOOP('',(#3873,#3874,#3875));
#2146=AXIS2_PLACEMENT_3D('',#3876,#3877,#3878);
#2147=EDGE_LOOP('',(#3879,#3880,#3881,#3882,#3883,#3884));
#2148=AXIS2_PLACEMENT_3D('',#3885,#3886,#3887);
#2149=EDGE_LOOP('',(#3888,#3889,#3890));
#2150=AXIS2_PLACEMENT_3D('',#3891,#3892,#3893);
#2151=EDGE_LOOP('',(#3894,#3895,#3896,#3897,#3898,#3899));
#2152=AXIS2_PLACEMENT_3D('',#3900,#3901,#3902);
#2153=EDGE_LOOP('',(#3903,#3904,#3905));
#2154=AXIS2_PLACEMENT_3D('',#3906,#3907,#3908);
#2155=EDGE_LOOP('',(#3909,#3910,#3911,#3912,#3913,#3914));
#2156=AXIS2_PLACEMENT_3D('',#3915,#3916,#3917);
#2157=EDGE_LOOP('',(#3918,#3919,#3920));
#2158=AXIS2_PLACEMENT_3D('',#3921,#3922,#3923);
#2159=EDGE_LOOP('',(#3924,#3925,#3926,#3927,#3928,#3929,#3930));
#2160=AXIS2_PLACEMENT_3D('',#3931,#3932,#3933);
#2161=EDGE_LOOP('',(#3934,#3935));
#2162=AXIS2_PLACEMENT_3D('',#3936,#3937,#3938);
#2163=EDGE_LOOP('',(#3939,#3940,#3941,#3942));
#2164=AXIS2_PLACEMENT_3D('',#3943,#3944,#3945);
#2165=EDGE_LOOP('',(#3946,#3947,#3948,#3949));
#2166=CARTESIAN_POINT('',(7.9365681373194,1.41944989669737,7.99533025168942));
#2167=CARTESIAN_POINT('',(7.93717949045134,1.44193257741745,8.04816752101435));
#2168=CARTESIAN_POINT('',(7.93740942448932,1.39219405275377,8.10758002539485));
#2169=CARTESIAN_POINT('',(7.9370978286441,1.34553860089277,8.09455263081993));
#2170=CARTESIAN_POINT('',(7.94232344578664,1.58474403484391,7.98745965515601));
#2171=CARTESIAN_POINT('',(7.9391289744494,1.55181753739957,8.07647201474281));
#2172=CARTESIAN_POINT('',(7.93793880668605,1.44676772179644,8.17161383598039));
#2173=CARTESIAN_POINT('',(7.93957779619724,1.34475406808528,8.19760039197123));
#2174=CARTESIAN_POINT('',(7.90256325394017,1.89288317718975,8.02517310010363));
#2175=CARTESIAN_POINT('',(7.92644709415657,1.75575332018657,8.16396410476032));
#2176=CARTESIAN_POINT('',(7.9350675710459,1.54847864323748,8.30916581673084));
#2177=CARTESIAN_POINT('',(7.92254709568051,1.34329196407749,8.39282332106364));
#2178=CARTESIAN_POINT('',(7.71958743575809,2.2728287352619,8.20047927468732));
#2179=CARTESIAN_POINT('',(7.82735900390998,2.04342045810184,8.37684354348432));
#2180=CARTESIAN_POINT('',(7.8811300282459,1.67486955975344,8.57021791393933));
#2181=CARTESIAN_POINT('',(7.83888695161496,1.34147276857221,8.66743896650365));
#2182=CARTESIAN_POINT('',(7.46173509144043,2.51248458415009,8.4527534018477));
#2183=CARTESIAN_POINT('',(7.63663169615729,2.25275713645074,8.64984950779177));
#2184=CARTESIAN_POINT('',(7.75270673362998,1.75534563843427,8.85495372095395));
#2185=CARTESIAN_POINT('',(7.70894126453238,1.34031267525077,8.90992396591476));
#2186=CARTESIAN_POINT('',(7.16239602280028,2.59604212978655,8.74986598414738));
#2187=CARTESIAN_POINT('',(7.36473980585915,2.33213670926172,8.95221619308397));
#2188=CARTESIAN_POINT('',(7.53987496789088,1.78357682758686,9.127364778698));
#2189=CARTESIAN_POINT('',(7.53463277411053,1.33990531024859,9.12213292079507));
#2190=CARTESIAN_POINT('',(6.86513411485051,2.51251741471244,9.04922382260308));
#2191=CARTESIAN_POINT('',(7.06233994371009,2.25259305513771,9.22430303586233));
#2192=CARTESIAN_POINT('',(7.26741594906811,1.75535145605196,9.34020826474794));
#2193=CARTESIAN_POINT('',(7.32242450441743,1.34031260349818,9.29644123115164));
#2194=CARTESIAN_POINT('',(6.61339858944152,2.27283357947211,9.30705102898731));
#2195=CARTESIAN_POINT('',(6.7896558818706,2.04290492640158,9.41515034735713));
#2196=CARTESIAN_POINT('',(6.98285751293767,1.67485714646898,9.46862402832402));
#2197=CARTESIAN_POINT('',(7.07993695756424,1.34147298017006,9.42638701736136));
#2198=CARTESIAN_POINT('',(6.43587822825843,1.89312518380805,9.49005799836121));
#2199=CARTESIAN_POINT('',(6.57522022960361,1.75489645562187,9.51435984890974));
#2200=CARTESIAN_POINT('',(6.72103232283793,1.54853105275427,9.52259760712465));
#2201=CARTESIAN_POINT('',(6.80527190149678,1.34329127569068,9.51006499976211));
#2202=CARTESIAN_POINT('',(6.4034153676734,1.58426868783959,9.52985451891858));
#2203=CARTESIAN_POINT('',(6.4911998800165,1.55014904654208,9.52658816499716));
#2204=CARTESIAN_POINT('',(6.5851734274369,1.44657424706438,9.52543840083555));
#2205=CARTESIAN_POINT('',(6.60995897368478,1.34475693583845,9.52708872513014));
#2206=CARTESIAN_POINT('',(6.40654468000634,1.41946904903762,9.52405659616181));
#2207=CARTESIAN_POINT('',(6.45971956184359,1.44047062446666,9.52468514008025));
#2208=CARTESIAN_POINT('',(6.5195338031432,1.39216054156458,9.52490887900816));
#2209=CARTESIAN_POINT('',(6.5068716948346,1.34553917687188,9.52459330620443));
#2210=EDGE_LOOP('',(#3950,#3951,#3952,#3953));
#2211=AXIS2_PLACEMENT_3D('',#3954,#3955,#3956);
#2212=EDGE_LOOP('',(#3957,#3958,#3959,#3960));
#2213=AXIS2_PLACEMENT_3D('',#3961,#3962,#3963);
#2214=EDGE_LOOP('',(#3964,#3965));
#2215=AXIS2_PLACEMENT_3D('',#3966,#3967,#3968);
#2216=EDGE_LOOP('',(#3969,#3970,#3971));
#2217=AXIS2_PLACEMENT_3D('',#3972,#3973,#3974);
#2218=EDGE_LOOP('',(#3975,#3976,#3977,#3978));
#2219=CARTESIAN_POINT('',(-7.93656200402899,1.41962298322707,-10.1530417629083));
#2220=CARTESIAN_POINT('',(-7.93718691520672,1.44057307152717,-10.2062489704724));
#2221=CARTESIAN_POINT('',(-7.93740937302691,1.39221136770177,-10.2660951170375));
#2222=CARTESIAN_POINT('',(-7.93709563375847,1.34553844620502,-10.2534679857625));
#2223=CARTESIAN_POINT('',(-7.94234141346082,1.58437037870553,-10.1499260585912));
#2224=CARTESIAN_POINT('',(-7.93908413727762,1.55021646020488,-10.2377275457266));
#2225=CARTESIAN_POINT('',(-7.93793746457581,1.44660781631587,-10.3317181606647));
#2226=CARTESIAN_POINT('',(-7.93958311891998,1.34475645327026,-10.3565232810174));
#2227=CARTESIAN_POINT('',(-7.9025375207479,1.89316767137758,-10.182398091947));
#2228=CARTESIAN_POINT('',(-7.92684874783737,1.75492868240429,-10.3217442239382));
#2229=CARTESIAN_POINT('',(-7.9350915677372,1.54854518804525,-10.4675616198378));
#2230=CARTESIAN_POINT('',(-7.92255563659283,1.34329107223222,-10.5518026352169));
#2231=CARTESIAN_POINT('',(-7.71955102898907,2.27283357946996,-10.3598985894423));
#2232=CARTESIAN_POINT('',(-7.82765034735805,2.04290492639932,-10.5361558818718));
#2233=CARTESIAN_POINT('',(-7.88112402832491,1.67485714646824,-10.7293575129387));
#2234=CARTESIAN_POINT('',(-7.83888701736177,1.34147298017053,-10.8264369575629));
#2235=CARTESIAN_POINT('',(-7.46172382260464,2.51251741470946,-10.6116341148521));
#2236=CARTESIAN_POINT('',(-7.63680303586304,2.25259305513467,-10.8088399437108));
#2237=CARTESIAN_POINT('',(-7.75270826474731,1.75535145605121,-11.0139159490681));
#2238=CARTESIAN_POINT('',(-7.70894123115143,1.34031260349875,-11.0689245044174));
#2239=CARTESIAN_POINT('',(-7.16236598415045,2.59604212978468,-10.9088960228032));
#2240=CARTESIAN_POINT('',(-7.36471619308564,2.33213670925836,-11.1112398058603));
#2241=CARTESIAN_POINT('',(-7.53986477869893,1.78357682758592,-11.28637496789));
#2242=CARTESIAN_POINT('',(-7.53463292079545,1.33990531024928,-11.2811327741102));
#2243=CARTESIAN_POINT('',(-6.86525340184925,2.51248458414709,-11.208235091442));
#2244=CARTESIAN_POINT('',(-7.06234950779245,2.25275713644765,-11.383131696158));
#2245=CARTESIAN_POINT('',(-7.26745372095394,1.75534563843335,-11.4992067336294));
#2246=CARTESIAN_POINT('',(-7.32242396591472,1.34031267525127,-11.4554412645322));
#2247=CARTESIAN_POINT('',(-6.61297927468976,2.27282873525974,-11.4660874357581));
#2248=CARTESIAN_POINT('',(-6.78934354348584,2.04342045809959,-11.5738590039102));
#2249=CARTESIAN_POINT('',(-6.98271791394062,1.6748695597527,-11.627630028245));
#2250=CARTESIAN_POINT('',(-7.07993896650405,1.34147276857268,-11.5853869516146));
#2251=CARTESIAN_POINT('',(-6.43764345187831,1.89281891982779,-11.6490941992775));
#2252=CARTESIAN_POINT('',(-6.57642810204812,1.75570466918619,-11.6729638521859));
#2253=CARTESIAN_POINT('',(-6.72162166693528,1.54845726768325,-11.6815766931002));
#2254=CARTESIAN_POINT('',(-6.80527687736569,1.34329227174477,-11.669061244497));
#2255=CARTESIAN_POINT('',(-6.39994089031444,1.58459067169281,-11.6888432290935));
#2256=CARTESIAN_POINT('',(-6.48892847369662,1.55171603856169,-11.685635282804));
#2257=CARTESIAN_POINT('',(-6.58404537918034,1.4467170995528,-11.6844402336011));
#2258=CARTESIAN_POINT('',(-6.61000322948761,1.34475479578491,-11.6860862698674));
#2259=CARTESIAN_POINT('',(-6.40784138611043,1.41921644411864,-11.6830599910856));
#2260=CARTESIAN_POINT('',(-6.4606275574685,1.44177738147005,-11.6836767313707));
#2261=CARTESIAN_POINT('',(-6.51998959386135,1.39211697582065,-11.6839086754631));
#2262=CARTESIAN_POINT('',(-6.5069070927829,1.34553970892507,-11.6835943184591));
#2263=EDGE_LOOP('',(#3979,#3980,#3981,#3982));
#2264=AXIS2_PLACEMENT_3D('',#3983,#3984,#3985);
#2265=EDGE_LOOP('',(#3986,#3987,#3988,#3989));
#2266=AXIS2_PLACEMENT_3D('',#3990,#3991,#3992);
#2267=EDGE_LOOP('',(#3993,#3994,#3995,#3996,#3997));
#2268=AXIS2_PLACEMENT_3D('',#3998,#3999,#4000);
#2269=EDGE_LOOP('',(#4001,#4002,#4003,#4004));
#2270=AXIS2_PLACEMENT_3D('',#4005,#4006,#4007);
#2271=EDGE_LOOP('',(#4008,#4009,#4010,#4011));
#2272=AXIS2_PLACEMENT_3D('',#4012,#4013,#4014);
#2273=EDGE_LOOP('',(#4015,#4016,#4017,#4018,#4019));
#2274=AXIS2_PLACEMENT_3D('',#4020,#4021,#4022);
#2275=EDGE_LOOP('',(#4023,#4024));
#2276=AXIS2_PLACEMENT_3D('',#4025,#4026,#4027);
#2277=EDGE_LOOP('',(#4028,#4029,#4030,#4031,#4032));
#2278=AXIS2_PLACEMENT_3D('',#4033,#4034,#4035);
#2279=EDGE_LOOP('',(#4036,#4037,#4038,#4039));
#2280=AXIS2_PLACEMENT_3D('',#4040,#4041,#4042);
#2281=EDGE_LOOP('',(#4043,#4044,#4045,#4046));
#2282=AXIS2_PLACEMENT_3D('',#4047,#4048,#4049);
#2283=EDGE_LOOP('',(#4050,#4051,#4052,#4053,#4054));
#2284=AXIS2_PLACEMENT_3D('',#4055,#4056,#4057);
#2285=EDGE_LOOP('',(#4058,#4059));
#2286=AXIS2_PLACEMENT_3D('',#4060,#4061,#4062);
#2287=EDGE_LOOP('',(#4063,#4064,#4065,#4066));
#2288=AXIS2_PLACEMENT_3D('',#4067,#4068,#4069);
#2289=EDGE_LOOP('',(#4070,#4071,#4072,#4073));
#2290=AXIS2_PLACEMENT_3D('',#4074,#4075,#4076);
#2291=EDGE_LOOP('',(#4077,#4078,#4079,#4080));
#2292=AXIS2_PLACEMENT_3D('',#4081,#4082,#4083);
#2293=EDGE_LOOP('',(#4084,#4085,#4086,#4087));
#2294=AXIS2_PLACEMENT_3D('',#4088,#4089,#4090);
#2295=EDGE_LOOP('',(#4091,#4092));
#2296=AXIS2_PLACEMENT_3D('',#4093,#4094,#4095);
#2297=EDGE_LOOP('',(#4096,#4097,#4098,#4099));
#2298=AXIS2_PLACEMENT_3D('',#4100,#4101,#4102);
#2299=EDGE_LOOP('',(#4103,#4104,#4105,#4106));
#2300=AXIS2_PLACEMENT_3D('',#4107,#4108,#4109);
#2301=EDGE_LOOP('',(#4110,#4111));
#2302=AXIS2_PLACEMENT_3D('',#4112,#4113,#4114);
#2303=EDGE_LOOP('',(#4115,#4116,#4117,#4118));
#2304=AXIS2_PLACEMENT_3D('',#4119,#4120,#4121);
#2305=EDGE_LOOP('',(#4122,#4123,#4124,#4125));
#2306=AXIS2_PLACEMENT_3D('',#4126,#4127,#4128);
#2307=EDGE_LOOP('',(#4129,#4130));
#2308=AXIS2_PLACEMENT_3D('',#4131,#4132,#4133);
#2309=EDGE_LOOP('',(#4134,#4135,#4136,#4137));
#2310=AXIS2_PLACEMENT_3D('',#4138,#4139,#4140);
#2311=EDGE_LOOP('',(#4141,#4142,#4143,#4144));
#2312=AXIS2_PLACEMENT_3D('',#4145,#4146,#4147);
#2313=EDGE_LOOP('',(#4148,#4149));
#2314=AXIS2_PLACEMENT_3D('',#4150,#4151,#4152);
#2315=EDGE_LOOP('',(#4153,#4154,#4155,#4156,#4157,#4158));
#2316=AXIS2_PLACEMENT_3D('',#4159,#4160,#4161);
#2317=EDGE_LOOP('',(#4162,#4163,#4164,#4165));
#2318=AXIS2_PLACEMENT_3D('',#4166,#4167,#4168);
#2319=EDGE_LOOP('',(#4169,#4170,#4171,#4172,#4173,#4174));
#2320=AXIS2_PLACEMENT_3D('',#4175,#4176,#4177);
#2321=EDGE_LOOP('',(#4178,#4179,#4180,#4181));
#2322=AXIS2_PLACEMENT_3D('',#4182,#4183,#4184);
#2323=EDGE_LOOP('',(#4185,#4186,#4187,#4188));
#2324=AXIS2_PLACEMENT_3D('',#4189,#4190,#4191);
#2325=EDGE_LOOP('',(#4192,#4193,#4194,#4195,#4196,#4197,#4198,#4199));
#2326=AXIS2_PLACEMENT_3D('',#4200,#4201,#4202);
#2327=EDGE_LOOP('',(#4203,#4204,#4205,#4206));
#2328=AXIS2_PLACEMENT_3D('',#4207,#4208,#4209);
#2329=EDGE_LOOP('',(#4210,#4211,#4212,#4213));
#2330=AXIS2_PLACEMENT_3D('',#4214,#4215,#4216);
#2331=EDGE_LOOP('',(#4217,#4218,#4219,#4220));
#2332=AXIS2_PLACEMENT_3D('',#4221,#4222,#4223);
#2333=EDGE_LOOP('',(#4224,#4225,#4226,#4227));
#2334=AXIS2_PLACEMENT_3D('',#4228,#4229,#4230);
#2335=EDGE_LOOP('',(#4231,#4232,#4233,#4234));
#2336=AXIS2_PLACEMENT_3D('',#4235,#4236,#4237);
#2337=EDGE_LOOP('',(#4238,#4239,#4240,#4241));
#2338=AXIS2_PLACEMENT_3D('',#4242,#4243,#4244);
#2339=EDGE_LOOP('',(#4245,#4246,#4247,#4248));
#2340=AXIS2_PLACEMENT_3D('',#4249,#4250,#4251);
#2341=EDGE_LOOP('',(#4252,#4253,#4254,#4255));
#2342=AXIS2_PLACEMENT_3D('',#4256,#4257,#4258);
#2343=EDGE_LOOP('',(#4259,#4260,#4261,#4262));
#2344=AXIS2_PLACEMENT_3D('',#4263,#4264,#4265);
#2345=EDGE_LOOP('',(#4266,#4267,#4268,#4269));
#2346=AXIS2_PLACEMENT_3D('',#4270,#4271,#4272);
#2347=EDGE_LOOP('',(#4273,#4274,#4275,#4276));
#2348=AXIS2_PLACEMENT_3D('',#4277,#4278,#4279);
#2349=EDGE_LOOP('',(#4280,#4281,#4282,#4283));
#2350=AXIS2_PLACEMENT_3D('',#4284,#4285,#4286);
#2351=EDGE_LOOP('',(#4287,#4288,#4289,#4290));
#2352=AXIS2_PLACEMENT_3D('',#4291,#4292,#4293);
#2353=EDGE_LOOP('',(#4294,#4295,#4296,#4297));
#2354=AXIS2_PLACEMENT_3D('',#4298,#4299,#4300);
#2355=EDGE_LOOP('',(#4301,#4302,#4303,#4304));
#2356=AXIS2_PLACEMENT_3D('',#4305,#4306,#4307);
#2357=EDGE_LOOP('',(#4308,#4309,#4310,#4311));
#2358=AXIS2_PLACEMENT_3D('',#4312,#4313,#4314);
#2359=EDGE_LOOP('',(#4315,#4316,#4317,#4318));
#2360=AXIS2_PLACEMENT_3D('',#4319,#4320,#4321);
#2361=EDGE_LOOP('',(#4322,#4323,#4324,#4325,#4326,#4327));
#2362=AXIS2_PLACEMENT_3D('',#4328,#4329,#4330);
#2363=EDGE_LOOP('',(#4331,#4332,#4333,#4334));
#2364=AXIS2_PLACEMENT_3D('',#4335,#4336,#4337);
#2365=EDGE_LOOP('',(#4338,#4339,#4340,#4341));
#2366=AXIS2_PLACEMENT_3D('',#4342,#4343,#4344);
#2367=EDGE_LOOP('',(#4345,#4346,#4347,#4348,#4349,#4350,#4351,#4352));
#2368=AXIS2_PLACEMENT_3D('',#4353,#4354,#4355);
#2369=EDGE_LOOP('',(#4356,#4357,#4358,#4359,#4360,#4361));
#2370=AXIS2_PLACEMENT_3D('',#4362,#4363,#4364);
#2371=EDGE_LOOP('',(#4365,#4366,#4367,#4368));
#2372=AXIS2_PLACEMENT_3D('',#4369,#4370,#4371);
#2373=EDGE_LOOP('',(#4372,#4373,#4374,#4375));
#2374=AXIS2_PLACEMENT_3D('',#4376,#4377,#4378);
#2375=EDGE_LOOP('',(#4379,#4380,#4381,#4382));
#2376=AXIS2_PLACEMENT_3D('',#4383,#4384,#4385);
#2377=EDGE_LOOP('',(#4386,#4387,#4388,#4389));
#2378=AXIS2_PLACEMENT_3D('',#4390,#4391,#4392);
#2379=EDGE_LOOP('',(#4393,#4394,#4395,#4396));
#2380=AXIS2_PLACEMENT_3D('',#4397,#4398,#4399);
#2381=EDGE_LOOP('',(#4400,#4401,#4402,#4403,#4404,#4405));
#2382=AXIS2_PLACEMENT_3D('',#4406,#4407,#4408);
#2383=EDGE_LOOP('',(#4409,#4410,#4411,#4412));
#2384=AXIS2_PLACEMENT_3D('',#4413,#4414,#4415);
#2385=EDGE_LOOP('',(#4416,#4417,#4418,#4419));
#2386=AXIS2_PLACEMENT_3D('',#4420,#4421,#4422);
#2387=EDGE_LOOP('',(#4423,#4424,#4425,#4426,#4427,#4428,#4429,#4430));
#2388=AXIS2_PLACEMENT_3D('',#4431,#4432,#4433);
#2389=EDGE_LOOP('',(#4434,#4435,#4436,#4437,#4438,#4439));
#2390=AXIS2_PLACEMENT_3D('',#4440,#4441,#4442);
#2391=EDGE_LOOP('',(#4443,#4444,#4445,#4446));
#2392=AXIS2_PLACEMENT_3D('',#4447,#4448,#4449);
#2393=EDGE_LOOP('',(#4450,#4451,#4452,#4453));
#2394=AXIS2_PLACEMENT_3D('',#4454,#4455,#4456);
#2395=EDGE_LOOP('',(#4457,#4458,#4459,#4460));
#2396=AXIS2_PLACEMENT_3D('',#4461,#4462,#4463);
#2397=EDGE_LOOP('',(#4464,#4465,#4466,#4467));
#2398=AXIS2_PLACEMENT_3D('',#4468,#4469,#4470);
#2399=EDGE_LOOP('',(#4471,#4472,#4473,#4474));
#2400=AXIS2_PLACEMENT_3D('',#4475,#4476,#4477);
#2401=EDGE_LOOP('',(#4478,#4479,#4480,#4481,#4482,#4483));
#2402=AXIS2_PLACEMENT_3D('',#4484,#4485,#4486);
#2403=EDGE_LOOP('',(#4487,#4488,#4489,#4490));
#2404=AXIS2_PLACEMENT_3D('',#4491,#4492,#4493);
#2405=EDGE_LOOP('',(#4494,#4495,#4496,#4497));
#2406=AXIS2_PLACEMENT_3D('',#4498,#4499,#4500);
#2407=EDGE_LOOP('',(#4501,#4502,#4503,#4504,#4505,#4506,#4507,#4508));
#2408=AXIS2_PLACEMENT_3D('',#4509,#4510,#4511);
#2409=EDGE_LOOP('',(#4512,#4513,#4514,#4515,#4516,#4517));
#2410=AXIS2_PLACEMENT_3D('',#4518,#4519,#4520);
#2411=FACE_OUTER_BOUND('',#4521,.T.);
#2412=CYLINDRICAL_SURFACE('',#4522,0.7112);
#2413=FACE_OUTER_BOUND('',#4523,.T.);
#2414=FACE_BOUND('',#4524,.T.);
#2415=PLANE('',#4525);
#2416=FACE_OUTER_BOUND('',#4526,.T.);
#2417=CYLINDRICAL_SURFACE('',#4527,0.7112);
#2418=FACE_OUTER_BOUND('',#4528,.T.);
#2419=FACE_BOUND('',#4529,.T.);
#2420=PLANE('',#4530);
#2421=FACE_OUTER_BOUND('',#4531,.T.);
#2422=CONICAL_SURFACE('',#4532,0.3362041764727,0.5235987755982);
#2423=FACE_OUTER_BOUND('',#4533,.T.);
#2424=CONICAL_SURFACE('',#4534,0.3362041764727,0.5235987755982);
#2425=FACE_OUTER_BOUND('',#4535,.T.);
#2426=CYLINDRICAL_SURFACE('',#4536,0.7112);
#2427=FACE_OUTER_BOUND('',#4537,.T.);
#2428=CYLINDRICAL_SURFACE('',#4538,0.7112);
#2429=FACE_OUTER_BOUND('',#4539,.T.);
#2430=CONICAL_SURFACE('',#4540,0.516623923097306,0.5235987755982);
#2431=FACE_OUTER_BOUND('',#4541,.T.);
#2432=CONICAL_SURFACE('',#4542,0.516623923097306,0.5235987755982);
#2433=FACE_OUTER_BOUND('',#4543,.T.);
#2434=CYLINDRICAL_SURFACE('',#4544,0.7112);
#2435=FACE_OUTER_BOUND('',#4545,.T.);
#2436=FACE_BOUND('',#4546,.T.);
#2437=PLANE('',#4547);
#2438=FACE_OUTER_BOUND('',#4548,.T.);
#2439=CONICAL_SURFACE('',#4549,0.516623923097306,0.5235987755982);
#2440=FACE_OUTER_BOUND('',#4550,.T.);
#2441=CONICAL_SURFACE('',#4551,0.518635227155716,0.5235987755982);
#2442=FACE_OUTER_BOUND('',#4552,.T.);
#2443=CYLINDRICAL_SURFACE('',#4553,0.7112);
#2444=FACE_OUTER_BOUND('',#4554,.T.);
#2445=PLANE('',#4555);
#2446=FACE_OUTER_BOUND('',#4556,.T.);
#2447=CYLINDRICAL_SURFACE('',#4557,1.5748);
#2448=FACE_OUTER_BOUND('',#4558,.T.);
#2449=PLANE('',#4559);
#2450=FACE_OUTER_BOUND('',#4560,.T.);
#2451=PLANE('',#4561);
#2452=FACE_OUTER_BOUND('',#4562,.T.);
#2453=CYLINDRICAL_SURFACE('',#4563,0.889);
#2454=FACE_OUTER_BOUND('',#4564,.T.);
#2455=PLANE('',#4565);
#2456=FACE_OUTER_BOUND('',#4566,.T.);
#2457=CYLINDRICAL_SURFACE('',#4567,0.889);
#2458=FACE_OUTER_BOUND('',#4568,.T.);
#2459=PLANE('',#4569);
#2460=FACE_OUTER_BOUND('',#4570,.T.);
#2461=PLANE('',#4571);
#2462=FACE_OUTER_BOUND('',#4572,.T.);
#2463=CYLINDRICAL_SURFACE('',#4573,1.5748);
#2464=FACE_OUTER_BOUND('',#4574,.T.);
#2465=PLANE('',#4575);
#2466=FACE_OUTER_BOUND('',#4576,.T.);
#2467=PLANE('',#4577);
#2468=FACE_OUTER_BOUND('',#4578,.T.);
#2469=CYLINDRICAL_SURFACE('',#4579,0.7112);
#2470=FACE_OUTER_BOUND('',#4580,.T.);
#2471=FACE_BOUND('',#4581,.T.);
#2472=PLANE('',#4582);
#2473=FACE_OUTER_BOUND('',#4583,.T.);
#2474=CYLINDRICAL_SURFACE('',#4584,0.7112);
#2475=FACE_OUTER_BOUND('',#4585,.T.);
#2476=FACE_BOUND('',#4586,.T.);
#2477=PLANE('',#4587);
#2478=FACE_OUTER_BOUND('',#4588,.T.);
#2479=CONICAL_SURFACE('',#4589,0.3362041764727,0.5235987755982);
#2480=FACE_OUTER_BOUND('',#4590,.T.);
#2481=CONICAL_SURFACE('',#4591,0.3362041764727,0.5235987755982);
#2482=FACE_OUTER_BOUND('',#4592,.T.);
#2483=CYLINDRICAL_SURFACE('',#4593,0.7112);
#2484=FACE_OUTER_BOUND('',#4594,.T.);
#2485=CYLINDRICAL_SURFACE('',#4595,0.7112);
#2486=FACE_OUTER_BOUND('',#4596,.T.);
#2487=CONICAL_SURFACE('',#4597,0.516623923097306,0.5235987755982);
#2488=FACE_OUTER_BOUND('',#4598,.T.);
#2489=CONICAL_SURFACE('',#4599,0.516623923097306,0.5235987755982);
#2490=FACE_OUTER_BOUND('',#4600,.T.);
#2491=CYLINDRICAL_SURFACE('',#4601,0.7112);
#2492=FACE_OUTER_BOUND('',#4602,.T.);
#2493=FACE_BOUND('',#4603,.T.);
#2494=PLANE('',#4604);
#2495=FACE_OUTER_BOUND('',#4605,.T.);
#2496=CONICAL_SURFACE('',#4606,0.516623923097306,0.5235987755982);
#2497=FACE_OUTER_BOUND('',#4607,.T.);
#2498=CONICAL_SURFACE('',#4608,0.518635227155716,0.5235987755982);
#2499=FACE_OUTER_BOUND('',#4609,.T.);
#2500=CYLINDRICAL_SURFACE('',#4610,0.7112);
#2501=FACE_OUTER_BOUND('',#4611,.T.);
#2502=CYLINDRICAL_SURFACE('',#4612,0.7112);
#2503=FACE_OUTER_BOUND('',#4613,.T.);
#2504=FACE_BOUND('',#4614,.T.);
#2505=PLANE('',#4615);
#2506=FACE_OUTER_BOUND('',#4616,.T.);
#2507=CYLINDRICAL_SURFACE('',#4617,0.7112);
#2508=FACE_OUTER_BOUND('',#4618,.T.);
#2509=FACE_BOUND('',#4619,.T.);
#2510=PLANE('',#4620);
#2511=FACE_OUTER_BOUND('',#4621,.T.);
#2512=CONICAL_SURFACE('',#4622,0.3362041764727,0.5235987755982);
#2513=FACE_OUTER_BOUND('',#4623,.T.);
#2514=CONICAL_SURFACE('',#4624,0.3362041764727,0.5235987755982);
#2515=FACE_OUTER_BOUND('',#4625,.T.);
#2516=CYLINDRICAL_SURFACE('',#4626,0.7112);
#2517=FACE_OUTER_BOUND('',#4627,.T.);
#2518=FACE_BOUND('',#4628,.T.);
#2519=PLANE('',#4629);
#2520=FACE_OUTER_BOUND('',#4630,.T.);
#2521=CONICAL_SURFACE('',#4631,0.516629547438864,0.5235987755982);
#2522=FACE_OUTER_BOUND('',#4632,.T.);
#2523=CONICAL_SURFACE('',#4633,0.516629547438864,0.5235987755982);
#2524=FACE_OUTER_BOUND('',#4634,.T.);
#2525=CYLINDRICAL_SURFACE('',#4635,0.7112);
#2526=FACE_OUTER_BOUND('',#4636,.T.);
#2527=CYLINDRICAL_SURFACE('',#4637,0.7112);
#2528=FACE_OUTER_BOUND('',#4638,.T.);
#2529=FACE_BOUND('',#4639,.T.);
#2530=PLANE('',#4640);
#2531=FACE_OUTER_BOUND('',#4641,.T.);
#2532=CYLINDRICAL_SURFACE('',#4642,0.7112);
#2533=FACE_OUTER_BOUND('',#4643,.T.);
#2534=FACE_BOUND('',#4644,.T.);
#2535=PLANE('',#4645);
#2536=FACE_OUTER_BOUND('',#4646,.T.);
#2537=CONICAL_SURFACE('',#4647,0.3362041764727,0.5235987755982);
#2538=FACE_OUTER_BOUND('',#4648,.T.);
#2539=CONICAL_SURFACE('',#4649,0.3362041764727,0.5235987755982);
#2540=FACE_OUTER_BOUND('',#4650,.T.);
#2541=CYLINDRICAL_SURFACE('',#4651,0.7112);
#2542=FACE_OUTER_BOUND('',#4652,.T.);
#2543=FACE_BOUND('',#4653,.T.);
#2544=PLANE('',#4654);
#2545=FACE_OUTER_BOUND('',#4655,.T.);
#2546=CONICAL_SURFACE('',#4656,0.516629547438864,0.5235987755982);
#2547=FACE_OUTER_BOUND('',#4657,.T.);
#2548=CONICAL_SURFACE('',#4658,0.516629547438864,0.5235987755982);
#2549=FACE_OUTER_BOUND('',#4659,.T.);
#2550=CYLINDRICAL_SURFACE('',#4660,0.7112);
#2551=FACE_OUTER_BOUND('',#4661,.T.);
#2552=CYLINDRICAL_SURFACE('',#4662,0.508);
#2553=FACE_OUTER_BOUND('',#4663,.T.);
#2554=CYLINDRICAL_SURFACE('',#4664,0.508);
#2555=FACE_OUTER_BOUND('',#4665,.T.);
#2556=PLANE('',#4666);
#2557=FACE_OUTER_BOUND('',#4667,.T.);
#2558=CYLINDRICAL_SURFACE('',#4668,5.842);
#2559=FACE_OUTER_BOUND('',#4669,.T.);
#2560=PLANE('',#4670);
#2561=FACE_OUTER_BOUND('',#4671,.T.);
#2562=CYLINDRICAL_SURFACE('',#4672,0.508);
#2563=FACE_OUTER_BOUND('',#4673,.T.);
#2564=PLANE('',#4674);
#2565=FACE_OUTER_BOUND('',#4675,.T.);
#2566=CYLINDRICAL_SURFACE('',#4676,0.508);
#2567=FACE_OUTER_BOUND('',#4677,.T.);
#2568=CYLINDRICAL_SURFACE('',#4678,5.842);
#2569=FACE_OUTER_BOUND('',#4679,.T.);
#2570=PLANE('',#4680);
#2571=FACE_OUTER_BOUND('',#4681,.T.);
#2572=FACE_BOUND('',#4682,.T.);
#2573=PLANE('',#4683);
#2574=FACE_OUTER_BOUND('',#4684,.T.);
#2575=CYLINDRICAL_SURFACE('',#4685,4.76758);
#2576=FACE_OUTER_BOUND('',#4686,.T.);
#2577=CYLINDRICAL_SURFACE('',#4687,4.76758);
#2578=FACE_OUTER_BOUND('',#4688,.T.);
#2579=FACE_BOUND('',#4689,.T.);
#2580=PLANE('',#4690);
#2581=FACE_OUTER_BOUND('',#4691,.T.);
#2582=CYLINDRICAL_SURFACE('',#4692,4.318);
#2583=FACE_OUTER_BOUND('',#4693,.T.);
#2584=CYLINDRICAL_SURFACE('',#4694,4.318);
#2585=FACE_OUTER_BOUND('',#4695,.T.);
#2586=FACE_BOUND('',#4696,.T.);
#2587=PLANE('',#4697);
#2588=FACE_OUTER_BOUND('',#4698,.T.);
#2589=CYLINDRICAL_SURFACE('',#4699,4.2799);
#2590=FACE_OUTER_BOUND('',#4700,.T.);
#2591=CYLINDRICAL_SURFACE('',#4701,4.2799);
#2592=FACE_OUTER_BOUND('',#4702,.T.);
#2593=PLANE('',#4703);
#2594=FACE_OUTER_BOUND('',#4704,.T.);
#2595=CYLINDRICAL_SURFACE('',#4705,4.2545);
#2596=FACE_OUTER_BOUND('',#4706,.T.);
#2597=PLANE('',#4707);
#2598=FACE_OUTER_BOUND('',#4708,.T.);
#2599=CYLINDRICAL_SURFACE('',#4709,4.2545);
#2600=ORIENTED_EDGE('',*,*,#4710,.T.);
#2601=ORIENTED_EDGE('',*,*,#4711,.T.);
#2602=ORIENTED_EDGE('',*,*,#4712,.F.);
#2603=ORIENTED_EDGE('',*,*,#4713,.F.);
#2604=CARTESIAN_POINT('',(5.08,-13.081,-9.55999999999986));
#2605=DIRECTION('',(0.0,-1.0,0.0));
#2606=DIRECTION('',(1.0,0.0,0.0));
#2607=ORIENTED_EDGE('',*,*,#4714,.F.);
#2608=ORIENTED_EDGE('',*,*,#4715,.T.);
#2609=ORIENTED_EDGE('',*,*,#4710,.F.);
#2610=ORIENTED_EDGE('',*,*,#4716,.F.);
#2611=CARTESIAN_POINT('',(5.08,-13.081,-9.55999999999986));
#2612=DIRECTION('',(0.0,-1.0,0.0));
#2613=DIRECTION('',(1.0,0.0,0.0));
#2614=ORIENTED_EDGE('',*,*,#4717,.T.);
#2615=ORIENTED_EDGE('',*,*,#4718,.T.);
#2616=ORIENTED_EDGE('',*,*,#4719,.F.);
#2617=ORIENTED_EDGE('',*,*,#4720,.F.);
#2618=CARTESIAN_POINT('',(2.54,-13.081,-9.55999999999986));
#2619=DIRECTION('',(0.0,-1.0,0.0));
#2620=DIRECTION('',(1.0,0.0,0.0));
#2621=ORIENTED_EDGE('',*,*,#4721,.F.);
#2622=ORIENTED_EDGE('',*,*,#4722,.T.);
#2623=ORIENTED_EDGE('',*,*,#4717,.F.);
#2624=ORIENTED_EDGE('',*,*,#4723,.F.);
#2625=CARTESIAN_POINT('',(2.54,-13.081,-9.55999999999986));
#2626=DIRECTION('',(0.0,-1.0,0.0));
#2627=DIRECTION('',(1.0,0.0,0.0));
#2628=ORIENTED_EDGE('',*,*,#4724,.T.);
#2629=ORIENTED_EDGE('',*,*,#4725,.T.);
#2630=ORIENTED_EDGE('',*,*,#4726,.F.);
#2631=ORIENTED_EDGE('',*,*,#4727,.F.);
#2632=CARTESIAN_POINT('',(-5.08,-13.081,-9.55999999999986));
#2633=DIRECTION('',(0.0,-1.0,0.0));
#2634=DIRECTION('',(1.0,0.0,0.0));
#2635=ORIENTED_EDGE('',*,*,#4728,.F.);
#2636=ORIENTED_EDGE('',*,*,#4729,.T.);
#2637=ORIENTED_EDGE('',*,*,#4724,.F.);
#2638=ORIENTED_EDGE('',*,*,#4730,.F.);
#2639=CARTESIAN_POINT('',(-5.08,-13.081,-9.55999999999986));
#2640=DIRECTION('',(0.0,-1.0,0.0));
#2641=DIRECTION('',(1.0,0.0,0.0));
#2642=ORIENTED_EDGE('',*,*,#4731,.T.);
#2643=ORIENTED_EDGE('',*,*,#4732,.T.);
#2644=ORIENTED_EDGE('',*,*,#4733,.F.);
#2645=ORIENTED_EDGE('',*,*,#4734,.F.);
#2646=CARTESIAN_POINT('',(-2.54,-13.081,-9.55999999999986));
#2647=DIRECTION('',(0.0,-1.0,0.0));
#2648=DIRECTION('',(1.0,0.0,0.0));
#2649=ORIENTED_EDGE('',*,*,#4735,.F.);
#2650=ORIENTED_EDGE('',*,*,#4736,.T.);
#2651=ORIENTED_EDGE('',*,*,#4731,.F.);
#2652=ORIENTED_EDGE('',*,*,#4737,.F.);
#2653=CARTESIAN_POINT('',(-2.54,-13.081,-9.55999999999986));
#2654=DIRECTION('',(0.0,-1.0,0.0));
#2655=DIRECTION('',(1.0,0.0,0.0));
#2656=ORIENTED_EDGE('',*,*,#4738,.T.);
#2657=ORIENTED_EDGE('',*,*,#4739,.F.);
#2658=ORIENTED_EDGE('',*,*,#4740,.F.);
#2659=CARTESIAN_POINT('',(6.35,2.63300383215808,7.869999999999));
#2660=DIRECTION('',(-0.0,-1.0,0.0));
#2661=DIRECTION('',(-1.0,0.0,0.0));
#2662=ORIENTED_EDGE('',*,*,#4741,.F.);
#2663=ORIENTED_EDGE('',*,*,#4742,.F.);
#2664=ORIENTED_EDGE('',*,*,#4738,.F.);
#2665=ORIENTED_EDGE('',*,*,#4743,.F.);
#2666=CARTESIAN_POINT('',(6.35,2.63300383215808,7.869999999999));
#2667=DIRECTION('',(-0.0,-1.0,0.0));
#2668=DIRECTION('',(-1.0,0.0,0.0));
#2669=ORIENTED_EDGE('',*,*,#4744,.T.);
#2670=ORIENTED_EDGE('',*,*,#4745,.T.);
#2671=ORIENTED_EDGE('',*,*,#4746,.F.);
#2672=CARTESIAN_POINT('',(6.35,2.9972,7.874));
#2673=DIRECTION('',(0.0,1.0,-0.0));
#2674=DIRECTION('',(1.0,0.0,0.0));
#2675=ORIENTED_EDGE('',*,*,#4747,.F.);
#2676=ORIENTED_EDGE('',*,*,#4748,.T.);
#2677=ORIENTED_EDGE('',*,*,#4744,.F.);
#2678=ORIENTED_EDGE('',*,*,#4749,.F.);
#2679=ORIENTED_EDGE('',*,*,#4750,.F.);
#2680=ORIENTED_EDGE('',*,*,#4751,.F.);
#2681=ORIENTED_EDGE('',*,*,#4752,.F.);
#2682=CARTESIAN_POINT('',(6.35,2.9972,7.874));
#2683=DIRECTION('',(0.0,1.0,-0.0));
#2684=DIRECTION('',(1.0,0.0,0.0));
#2685=ORIENTED_EDGE('',*,*,#4753,.T.);
#2686=ORIENTED_EDGE('',*,*,#4754,.T.);
#2687=ORIENTED_EDGE('',*,*,#4755,.F.);
#2688=CARTESIAN_POINT('',(-6.35,2.9972,7.874));
#2689=DIRECTION('',(0.0,1.0,-0.0));
#2690=DIRECTION('',(1.0,0.0,0.0));
#2691=ORIENTED_EDGE('',*,*,#4756,.F.);
#2692=ORIENTED_EDGE('',*,*,#4757,.T.);
#2693=ORIENTED_EDGE('',*,*,#4753,.F.);
#2694=ORIENTED_EDGE('',*,*,#4758,.F.);
#2695=ORIENTED_EDGE('',*,*,#4759,.F.);
#2696=ORIENTED_EDGE('',*,*,#4760,.F.);
#2697=ORIENTED_EDGE('',*,*,#4761,.F.);
#2698=CARTESIAN_POINT('',(-6.35,2.9972,7.874));
#2699=DIRECTION('',(0.0,1.0,-0.0));
#2700=DIRECTION('',(1.0,0.0,0.0));
#2701=ORIENTED_EDGE('',*,*,#4762,.T.);
#2702=ORIENTED_EDGE('',*,*,#4763,.F.);
#2703=ORIENTED_EDGE('',*,*,#4764,.F.);
#2704=CARTESIAN_POINT('',(-6.35,2.63300383215808,7.869999999999));
#2705=DIRECTION('',(-0.0,-1.0,0.0));
#2706=DIRECTION('',(-1.0,0.0,0.0));
#2707=ORIENTED_EDGE('',*,*,#4765,.F.);
#2708=ORIENTED_EDGE('',*,*,#4766,.F.);
#2709=ORIENTED_EDGE('',*,*,#4762,.F.);
#2710=ORIENTED_EDGE('',*,*,#4767,.F.);
#2711=CARTESIAN_POINT('',(-6.35,2.63300383215808,7.869999999999));
#2712=DIRECTION('',(-0.0,-1.0,0.0));
#2713=DIRECTION('',(-1.0,0.0,0.0));
#2714=ORIENTED_EDGE('',*,*,#4768,.F.);
#2715=ORIENTED_EDGE('',*,*,#4769,.F.);
#2716=ORIENTED_EDGE('',*,*,#4770,.T.);
#2717=ORIENTED_EDGE('',*,*,#4771,.F.);
#2718=ORIENTED_EDGE('',*,*,#4772,.F.);
#2719=ORIENTED_EDGE('',*,*,#4773,.F.);
#2720=CARTESIAN_POINT('',(0.0,12.5095,0.0));
#2721=DIRECTION('',(-0.0,-1.0,0.0));
#2722=DIRECTION('',(0.0,0.0,1.0));
#2723=ORIENTED_EDGE('',*,*,#4774,.F.);
#2724=ORIENTED_EDGE('',*,*,#4775,.T.);
#2725=ORIENTED_EDGE('',*,*,#4776,.F.);
#2726=ORIENTED_EDGE('',*,*,#4777,.F.);
#2727=CARTESIAN_POINT('',(0.0,25.2222000008534,0.0));
#2728=DIRECTION('',(-0.0,-1.0,-0.0));
#2729=DIRECTION('',(0.0,0.0,-1.0));
#2730=ORIENTED_EDGE('',*,*,#4778,.F.);
#2731=ORIENTED_EDGE('',*,*,#4779,.F.);
#2732=ORIENTED_EDGE('',*,*,#4776,.T.);
#2733=ORIENTED_EDGE('',*,*,#4780,.T.);
#2734=CARTESIAN_POINT('',(0.0,25.2222000008534,0.0));
#2735=DIRECTION('',(-0.0,-1.0,-0.0));
#2736=DIRECTION('',(0.0,0.0,-1.0));
#2737=ORIENTED_EDGE('',*,*,#4781,.T.);
#2738=ORIENTED_EDGE('',*,*,#4782,.F.);
#2739=ORIENTED_EDGE('',*,*,#4772,.T.);
#2740=CARTESIAN_POINT('',(0.0,0.0,0.0));
#2741=DIRECTION('',(0.0,-1.0,0.0));
#2742=DIRECTION('',(1.0,0.0,0.0));
#2743=ORIENTED_EDGE('',*,*,#4783,.F.);
#2744=ORIENTED_EDGE('',*,*,#4784,.F.);
#2745=ORIENTED_EDGE('',*,*,#4781,.F.);
#2746=ORIENTED_EDGE('',*,*,#4771,.T.);
#2747=ORIENTED_EDGE('',*,*,#4785,.F.);
#2748=CARTESIAN_POINT('',(0.0,0.0,0.0));
#2749=DIRECTION('',(0.0,-1.0,0.0));
#2750=DIRECTION('',(1.0,0.0,0.0));
#2751=ORIENTED_EDGE('',*,*,#4786,.F.);
#2752=ORIENTED_EDGE('',*,*,#4787,.T.);
#2753=ORIENTED_EDGE('',*,*,#4788,.F.);
#2754=ORIENTED_EDGE('',*,*,#4789,.F.);
#2755=ORIENTED_EDGE('',*,*,#4790,.F.);
#2756=CARTESIAN_POINT('',(0.0,0.0,0.0));
#2757=DIRECTION('',(0.0,-1.0,0.0));
#2758=DIRECTION('',(1.0,0.0,0.0));
#2759=ORIENTED_EDGE('',*,*,#4791,.F.);
#2760=ORIENTED_EDGE('',*,*,#4792,.T.);
#2761=ORIENTED_EDGE('',*,*,#4793,.F.);
#2762=ORIENTED_EDGE('',*,*,#4794,.F.);
#2763=CARTESIAN_POINT('',(0.0,0.0,0.0));
#2764=DIRECTION('',(0.0,-1.0,0.0));
#2765=DIRECTION('',(1.0,0.0,0.0));
#2766=ORIENTED_EDGE('',*,*,#4795,.F.);
#2767=ORIENTED_EDGE('',*,*,#4796,.T.);
#2768=ORIENTED_EDGE('',*,*,#4797,.T.);
#2769=ORIENTED_EDGE('',*,*,#4798,.F.);
#2770=ORIENTED_EDGE('',*,*,#4799,.F.);
#2771=CARTESIAN_POINT('',(0.0,0.0,0.0));
#2772=DIRECTION('',(0.0,-1.0,0.0));
#2773=DIRECTION('',(1.0,0.0,0.0));
#2774=ORIENTED_EDGE('',*,*,#4800,.F.);
#2775=ORIENTED_EDGE('',*,*,#4801,.T.);
#2776=ORIENTED_EDGE('',*,*,#4802,.F.);
#2777=ORIENTED_EDGE('',*,*,#4803,.F.);
#2778=ORIENTED_EDGE('',*,*,#4804,.F.);
#2779=CARTESIAN_POINT('',(0.0,0.0,0.0));
#2780=DIRECTION('',(0.0,-1.0,0.0));
#2781=DIRECTION('',(1.0,0.0,0.0));
#2782=ORIENTED_EDGE('',*,*,#4805,.F.);
#2783=ORIENTED_EDGE('',*,*,#4806,.T.);
#2784=ORIENTED_EDGE('',*,*,#4807,.F.);
#2785=ORIENTED_EDGE('',*,*,#4808,.T.);
#2786=CARTESIAN_POINT('',(0.0,0.0,0.0));
#2787=DIRECTION('',(0.0,-1.0,0.0));
#2788=DIRECTION('',(1.0,0.0,0.0));
#2789=ORIENTED_EDGE('',*,*,#4809,.F.);
#2790=ORIENTED_EDGE('',*,*,#4810,.T.);
#2791=ORIENTED_EDGE('',*,*,#4811,.T.);
#2792=ORIENTED_EDGE('',*,*,#4812,.F.);
#2793=ORIENTED_EDGE('',*,*,#4813,.F.);
#2794=CARTESIAN_POINT('',(0.0,0.0,0.0));
#2795=DIRECTION('',(0.0,-1.0,0.0));
#2796=DIRECTION('',(1.0,0.0,0.0));
#2797=ORIENTED_EDGE('',*,*,#4814,.F.);
#2798=ORIENTED_EDGE('',*,*,#4815,.F.);
#2799=ORIENTED_EDGE('',*,*,#4816,.T.);
#2800=ORIENTED_EDGE('',*,*,#4817,.F.);
#2801=ORIENTED_EDGE('',*,*,#4818,.T.);
#2802=ORIENTED_EDGE('',*,*,#4819,.T.);
#2803=CARTESIAN_POINT('',(0.0,0.0,0.0));
#2804=DIRECTION('',(0.0,-1.0,0.0));
#2805=DIRECTION('',(1.0,0.0,0.0));
#2806=ORIENTED_EDGE('',*,*,#4820,.F.);
#2807=ORIENTED_EDGE('',*,*,#4821,.F.);
#2808=ORIENTED_EDGE('',*,*,#4822,.F.);
#2809=ORIENTED_EDGE('',*,*,#4819,.F.);
#2810=ORIENTED_EDGE('',*,*,#4823,.F.);
#2811=CARTESIAN_POINT('',(0.0,-0.635,0.0));
#2812=DIRECTION('',(0.0,-1.0,-0.0));
#2813=DIRECTION('',(0.0,0.0,-1.0));
#2814=ORIENTED_EDGE('',*,*,#4824,.F.);
#2815=ORIENTED_EDGE('',*,*,#4825,.T.);
#2816=ORIENTED_EDGE('',*,*,#4826,.T.);
#2817=ORIENTED_EDGE('',*,*,#4827,.T.);
#2818=ORIENTED_EDGE('',*,*,#4828,.F.);
#2819=CARTESIAN_POINT('',(7.9375,1.4732,0.0));
#2820=DIRECTION('',(-0.0,-1.0,0.0));
#2821=DIRECTION('',(-1.0,0.0,0.0));
#2822=ORIENTED_EDGE('',*,*,#4829,.F.);
#2823=ORIENTED_EDGE('',*,*,#4825,.F.);
#2824=ORIENTED_EDGE('',*,*,#4830,.F.);
#2825=ORIENTED_EDGE('',*,*,#4831,.F.);
#2826=ORIENTED_EDGE('',*,*,#4832,.T.);
#2827=ORIENTED_EDGE('',*,*,#4833,.T.);
#2828=ORIENTED_EDGE('',*,*,#4834,.T.);
#2829=CARTESIAN_POINT('',(7.9375,3.429,0.0));
#2830=DIRECTION('',(0.0,1.0,0.0));
#2831=DIRECTION('',(0.0327290426790806,0.0,-0.999464261374718));
#2832=ORIENTED_EDGE('',*,*,#4835,.F.);
#2833=ORIENTED_EDGE('',*,*,#4836,.T.);
#2834=ORIENTED_EDGE('',*,*,#4837,.T.);
#2835=ORIENTED_EDGE('',*,*,#4838,.T.);
#2836=ORIENTED_EDGE('',*,*,#4839,.T.);
#2837=ORIENTED_EDGE('',*,*,#4840,.F.);
#2838=CARTESIAN_POINT('',(0.0,1.4732,0.0));
#2839=DIRECTION('',(-0.0,-1.0,0.0));
#2840=DIRECTION('',(-1.0,0.0,0.0));
#2841=ORIENTED_EDGE('',*,*,#4841,.F.);
#2842=ORIENTED_EDGE('',*,*,#4842,.T.);
#2843=ORIENTED_EDGE('',*,*,#4843,.T.);
#2844=ORIENTED_EDGE('',*,*,#4844,.F.);
#2845=CARTESIAN_POINT('',(6.35,-15.367,-6.35));
#2846=DIRECTION('',(0.0,1.0,-0.0));
#2847=DIRECTION('',(-1.0,0.0,0.0));
#2848=ORIENTED_EDGE('',*,*,#4845,.F.);
#2849=ORIENTED_EDGE('',*,*,#4846,.F.);
#2850=ORIENTED_EDGE('',*,*,#4847,.F.);
#2851=ORIENTED_EDGE('',*,*,#4848,.T.);
#2852=CARTESIAN_POINT('',(-6.35,-15.367,-6.35));
#2853=DIRECTION('',(0.0,1.0,-0.0));
#2854=DIRECTION('',(-1.0,0.0,0.0));
#2855=ORIENTED_EDGE('',*,*,#4849,.T.);
#2856=ORIENTED_EDGE('',*,*,#4850,.T.);
#2857=ORIENTED_EDGE('',*,*,#4851,.F.);
#2858=ORIENTED_EDGE('',*,*,#4852,.F.);
#2859=CARTESIAN_POINT('',(0.0,-13.081,-9.55999999999986));
#2860=DIRECTION('',(0.0,-1.0,0.0));
#2861=DIRECTION('',(1.0,0.0,0.0));
#2862=ORIENTED_EDGE('',*,*,#4853,.F.);
#2863=ORIENTED_EDGE('',*,*,#4854,.T.);
#2864=ORIENTED_EDGE('',*,*,#4849,.F.);
#2865=ORIENTED_EDGE('',*,*,#4855,.F.);
#2866=CARTESIAN_POINT('',(0.0,-13.081,-9.55999999999986));
#2867=DIRECTION('',(0.0,-1.0,0.0));
#2868=DIRECTION('',(1.0,0.0,0.0));
#2869=ORIENTED_EDGE('',*,*,#4856,.T.);
#2870=ORIENTED_EDGE('',*,*,#4857,.F.);
#2871=ORIENTED_EDGE('',*,*,#4858,.F.);
#2872=ORIENTED_EDGE('',*,*,#4859,.T.);
#2873=CARTESIAN_POINT('',(-5.3975,-12.5476,-9.8425));
#2874=DIRECTION('',(0.0,0.0,-1.0));
#2875=DIRECTION('',(0.0,-1.0,0.0));
#2876=ORIENTED_EDGE('',*,*,#4860,.F.);
#2877=ORIENTED_EDGE('',*,*,#4861,.F.);
#2878=ORIENTED_EDGE('',*,*,#4850,.F.);
#2879=ORIENTED_EDGE('',*,*,#4854,.F.);
#2880=ORIENTED_EDGE('',*,*,#4862,.F.);
#2881=ORIENTED_EDGE('',*,*,#4863,.F.);
#2882=CARTESIAN_POINT('',(0.0,-14.224,0.0));
#2883=DIRECTION('',(0.0,-1.0,0.0));
#2884=DIRECTION('',(0.0,0.0,-1.0));
#2885=ORIENTED_EDGE('',*,*,#4864,.F.);
#2886=ORIENTED_EDGE('',*,*,#4865,.F.);
#2887=CARTESIAN_POINT('',(0.0,-14.224,0.0));
#2888=DIRECTION('',(0.0,-1.0,0.0));
#2889=DIRECTION('',(0.0,0.0,-1.0));
#2890=ORIENTED_EDGE('',*,*,#4866,.F.);
#2891=ORIENTED_EDGE('',*,*,#4867,.F.);
#2892=ORIENTED_EDGE('',*,*,#4732,.F.);
#2893=ORIENTED_EDGE('',*,*,#4736,.F.);
#2894=ORIENTED_EDGE('',*,*,#4868,.F.);
#2895=ORIENTED_EDGE('',*,*,#4869,.F.);
#2896=CARTESIAN_POINT('',(0.0,-14.224,0.0));
#2897=DIRECTION('',(0.0,-1.0,0.0));
#2898=DIRECTION('',(0.0,0.0,-1.0));
#2899=ORIENTED_EDGE('',*,*,#4870,.F.);
#2900=ORIENTED_EDGE('',*,*,#4871,.F.);
#2901=CARTESIAN_POINT('',(0.0,-14.224,0.0));
#2902=DIRECTION('',(0.0,-1.0,0.0));
#2903=DIRECTION('',(0.0,0.0,-1.0));
#2904=ORIENTED_EDGE('',*,*,#4859,.F.);
#2905=ORIENTED_EDGE('',*,*,#4872,.F.);
#2906=ORIENTED_EDGE('',*,*,#4725,.F.);
#2907=ORIENTED_EDGE('',*,*,#4729,.F.);
#2908=ORIENTED_EDGE('',*,*,#4873,.F.);
#2909=ORIENTED_EDGE('',*,*,#4874,.F.);
#2910=CARTESIAN_POINT('',(0.0,-14.224,0.0));
#2911=DIRECTION('',(0.0,-1.0,0.0));
#2912=DIRECTION('',(0.0,0.0,-1.0));
#2913=ORIENTED_EDGE('',*,*,#4875,.F.);
#2914=ORIENTED_EDGE('',*,*,#4876,.F.);
#2915=CARTESIAN_POINT('',(0.0,-14.224,0.0));
#2916=DIRECTION('',(0.0,-1.0,0.0));
#2917=DIRECTION('',(0.0,0.0,-1.0));
#2918=ORIENTED_EDGE('',*,*,#4877,.F.);
#2919=ORIENTED_EDGE('',*,*,#4878,.F.);
#2920=ORIENTED_EDGE('',*,*,#4718,.F.);
#2921=ORIENTED_EDGE('',*,*,#4722,.F.);
#2922=ORIENTED_EDGE('',*,*,#4879,.F.);
#2923=ORIENTED_EDGE('',*,*,#4880,.F.);
#2924=CARTESIAN_POINT('',(0.0,-14.224,0.0));
#2925=DIRECTION('',(0.0,-1.0,0.0));
#2926=DIRECTION('',(0.0,0.0,-1.0));
#2927=ORIENTED_EDGE('',*,*,#4881,.F.);
#2928=ORIENTED_EDGE('',*,*,#4882,.F.);
#2929=CARTESIAN_POINT('',(0.0,-14.224,0.0));
#2930=DIRECTION('',(0.0,-1.0,0.0));
#2931=DIRECTION('',(0.0,0.0,-1.0));
#2932=ORIENTED_EDGE('',*,*,#4883,.F.);
#2933=ORIENTED_EDGE('',*,*,#4884,.F.);
#2934=ORIENTED_EDGE('',*,*,#4711,.F.);
#2935=ORIENTED_EDGE('',*,*,#4715,.F.);
#2936=ORIENTED_EDGE('',*,*,#4885,.F.);
#2937=ORIENTED_EDGE('',*,*,#4886,.F.);
#2938=CARTESIAN_POINT('',(0.0,-14.224,0.0));
#2939=DIRECTION('',(0.0,-1.0,0.0));
#2940=DIRECTION('',(0.0,0.0,-1.0));
#2941=ORIENTED_EDGE('',*,*,#4887,.F.);
#2942=ORIENTED_EDGE('',*,*,#4888,.F.);
#2943=CARTESIAN_POINT('',(0.0,-14.224,0.0));
#2944=DIRECTION('',(0.0,-1.0,0.0));
#2945=DIRECTION('',(0.0,0.0,-1.0));
#2946=ORIENTED_EDGE('',*,*,#4889,.F.);
#2947=ORIENTED_EDGE('',*,*,#4890,.T.);
#2948=ORIENTED_EDGE('',*,*,#4891,.T.);
#2949=ORIENTED_EDGE('',*,*,#4892,.F.);
#2950=ORIENTED_EDGE('',*,*,#4893,.F.);
#2951=ORIENTED_EDGE('',*,*,#4863,.T.);
#2952=CARTESIAN_POINT('',(0.3175,-12.5476,-9.8425));
#2953=DIRECTION('',(1.0,0.0,0.0));
#2954=DIRECTION('',(0.0,1.0,0.0));
#2955=ORIENTED_EDGE('',*,*,#4893,.T.);
#2956=ORIENTED_EDGE('',*,*,#4894,.F.);
#2957=ORIENTED_EDGE('',*,*,#4895,.F.);
#2958=ORIENTED_EDGE('',*,*,#4860,.T.);
#2959=CARTESIAN_POINT('',(-0.3175,-12.5476,-9.8425));
#2960=DIRECTION('',(0.0,0.0,-1.0));
#2961=DIRECTION('',(0.0,-1.0,0.0));
#2962=ORIENTED_EDGE('',*,*,#4895,.T.);
#2963=ORIENTED_EDGE('',*,*,#4896,.F.);
#2964=ORIENTED_EDGE('',*,*,#4897,.F.);
#2965=ORIENTED_EDGE('',*,*,#4898,.T.);
#2966=ORIENTED_EDGE('',*,*,#4851,.T.);
#2967=ORIENTED_EDGE('',*,*,#4861,.T.);
#2968=CARTESIAN_POINT('',(-0.3175,-12.5476,-9.2075));
#2969=DIRECTION('',(-1.0,0.0,0.0));
#2970=DIRECTION('',(0.0,0.0,1.0));
#2971=ORIENTED_EDGE('',*,*,#4899,.F.);
#2972=ORIENTED_EDGE('',*,*,#4900,.F.);
#2973=ORIENTED_EDGE('',*,*,#4901,.T.);
#2974=ORIENTED_EDGE('',*,*,#4864,.T.);
#2975=CARTESIAN_POINT('',(0.0,-13.081,-9.55999999999986));
#2976=DIRECTION('',(0.0,-1.0,0.0));
#2977=DIRECTION('',(1.0,0.0,0.0));
#2978=ORIENTED_EDGE('',*,*,#4853,.T.);
#2979=ORIENTED_EDGE('',*,*,#4902,.F.);
#2980=ORIENTED_EDGE('',*,*,#4889,.T.);
#2981=ORIENTED_EDGE('',*,*,#4862,.T.);
#2982=CARTESIAN_POINT('',(0.0,-13.081,-9.55999999999986));
#2983=DIRECTION('',(0.0,-1.0,0.0));
#2984=DIRECTION('',(1.0,0.0,0.0));
#2985=ORIENTED_EDGE('',*,*,#4901,.F.);
#2986=ORIENTED_EDGE('',*,*,#4903,.T.);
#2987=ORIENTED_EDGE('',*,*,#4897,.T.);
#2988=ORIENTED_EDGE('',*,*,#4904,.F.);
#2989=ORIENTED_EDGE('',*,*,#4891,.F.);
#2990=ORIENTED_EDGE('',*,*,#4905,.T.);
#2991=ORIENTED_EDGE('',*,*,#4899,.T.);
#2992=ORIENTED_EDGE('',*,*,#4865,.T.);
#2993=CARTESIAN_POINT('',(0.3175,-12.5476,-9.2075));
#2994=DIRECTION('',(0.0,0.0,1.0));
#2995=DIRECTION('',(1.0,0.0,0.0));
#2996=ORIENTED_EDGE('',*,*,#4906,.T.);
#2997=ORIENTED_EDGE('',*,*,#4907,.F.);
#2998=ORIENTED_EDGE('',*,*,#4908,.T.);
#2999=ORIENTED_EDGE('',*,*,#4909,.T.);
#3000=ORIENTED_EDGE('',*,*,#4910,.F.);
#3001=ORIENTED_EDGE('',*,*,#4848,.F.);
#3002=ORIENTED_EDGE('',*,*,#4911,.F.);
#3003=ORIENTED_EDGE('',*,*,#4912,.T.);
#3004=ORIENTED_EDGE('',*,*,#4913,.T.);
#3005=ORIENTED_EDGE('',*,*,#4914,.T.);
#3006=ORIENTED_EDGE('',*,*,#4915,.T.);
#3007=ORIENTED_EDGE('',*,*,#4842,.F.);
#3008=ORIENTED_EDGE('',*,*,#4916,.F.);
#3009=ORIENTED_EDGE('',*,*,#4917,.F.);
#3010=ORIENTED_EDGE('',*,*,#4918,.T.);
#3011=ORIENTED_EDGE('',*,*,#4919,.F.);
#3012=ORIENTED_EDGE('',*,*,#4902,.T.);
#3013=ORIENTED_EDGE('',*,*,#4855,.T.);
#3014=ORIENTED_EDGE('',*,*,#4852,.T.);
#3015=ORIENTED_EDGE('',*,*,#4898,.F.);
#3016=ORIENTED_EDGE('',*,*,#4903,.F.);
#3017=ORIENTED_EDGE('',*,*,#4900,.T.);
#3018=ORIENTED_EDGE('',*,*,#4905,.F.);
#3019=ORIENTED_EDGE('',*,*,#4890,.F.);
#3020=ORIENTED_EDGE('',*,*,#4920,.T.);
#3021=ORIENTED_EDGE('',*,*,#4737,.T.);
#3022=ORIENTED_EDGE('',*,*,#4734,.T.);
#3023=ORIENTED_EDGE('',*,*,#4921,.F.);
#3024=ORIENTED_EDGE('',*,*,#4922,.F.);
#3025=ORIENTED_EDGE('',*,*,#4923,.T.);
#3026=ORIENTED_EDGE('',*,*,#4924,.F.);
#3027=ORIENTED_EDGE('',*,*,#4925,.F.);
#3028=ORIENTED_EDGE('',*,*,#4926,.T.);
#3029=ORIENTED_EDGE('',*,*,#4730,.T.);
#3030=ORIENTED_EDGE('',*,*,#4727,.T.);
#3031=ORIENTED_EDGE('',*,*,#4927,.F.);
#3032=ORIENTED_EDGE('',*,*,#4928,.F.);
#3033=ORIENTED_EDGE('',*,*,#4929,.T.);
#3034=ORIENTED_EDGE('',*,*,#4930,.F.);
#3035=ORIENTED_EDGE('',*,*,#4931,.F.);
#3036=ORIENTED_EDGE('',*,*,#4932,.T.);
#3037=ORIENTED_EDGE('',*,*,#4723,.T.);
#3038=ORIENTED_EDGE('',*,*,#4720,.T.);
#3039=ORIENTED_EDGE('',*,*,#4933,.F.);
#3040=ORIENTED_EDGE('',*,*,#4934,.F.);
#3041=ORIENTED_EDGE('',*,*,#4935,.T.);
#3042=ORIENTED_EDGE('',*,*,#4936,.F.);
#3043=ORIENTED_EDGE('',*,*,#4937,.F.);
#3044=ORIENTED_EDGE('',*,*,#4938,.T.);
#3045=ORIENTED_EDGE('',*,*,#4716,.T.);
#3046=ORIENTED_EDGE('',*,*,#4713,.T.);
#3047=ORIENTED_EDGE('',*,*,#4939,.F.);
#3048=ORIENTED_EDGE('',*,*,#4940,.F.);
#3049=ORIENTED_EDGE('',*,*,#4941,.T.);
#3050=ORIENTED_EDGE('',*,*,#4942,.F.);
#3051=ORIENTED_EDGE('',*,*,#4943,.F.);
#3052=CARTESIAN_POINT('',(0.0,-15.367,0.0));
#3053=DIRECTION('',(0.0,-1.0,0.0));
#3054=DIRECTION('',(0.0,0.0,-1.0));
#3055=ORIENTED_EDGE('',*,*,#4944,.T.);
#3056=ORIENTED_EDGE('',*,*,#4945,.F.);
#3057=ORIENTED_EDGE('',*,*,#4946,.F.);
#3058=ORIENTED_EDGE('',*,*,#4919,.T.);
#3059=CARTESIAN_POINT('',(6.41999999999972,-15.367,8.01000000000098));
#3060=DIRECTION('',(0.0,1.0,-0.0));
#3061=DIRECTION('',(-1.0,0.0,0.0));
#3062=ORIENTED_EDGE('',*,*,#4946,.T.);
#3063=ORIENTED_EDGE('',*,*,#4947,.F.);
#3064=ORIENTED_EDGE('',*,*,#4948,.F.);
#3065=CARTESIAN_POINT('',(4.63999999999922,-15.367,9.52999999999998));
#3066=DIRECTION('',(-1.0,0.0,0.0));
#3067=DIRECTION('',(0.0,0.0,1.0));
#3068=ORIENTED_EDGE('',*,*,#4949,.T.);
#3069=ORIENTED_EDGE('',*,*,#4950,.T.);
#3070=ORIENTED_EDGE('',*,*,#4951,.F.);
#3071=ORIENTED_EDGE('',*,*,#4952,.F.);
#3072=ORIENTED_EDGE('',*,*,#4953,.F.);
#3073=ORIENTED_EDGE('',*,*,#4906,.F.);
#3074=ORIENTED_EDGE('',*,*,#4948,.T.);
#3075=ORIENTED_EDGE('',*,*,#4954,.F.);
#3076=CARTESIAN_POINT('',(12.8663930501571,-13.847000000001,8.01000000000098));
#3077=DIRECTION('',(1.0,-0.0,0.0));
#3078=DIRECTION('',(0.0,0.0,1.0));
#3079=ORIENTED_EDGE('',*,*,#4955,.T.);
#3080=ORIENTED_EDGE('',*,*,#4956,.T.);
#3081=ORIENTED_EDGE('',*,*,#4957,.T.);
#3082=ORIENTED_EDGE('',*,*,#4952,.T.);
#3083=ORIENTED_EDGE('',*,*,#4958,.T.);
#3084=ORIENTED_EDGE('',*,*,#4959,.T.);
#3085=ORIENTED_EDGE('',*,*,#4960,.F.);
#3086=ORIENTED_EDGE('',*,*,#4961,.F.);
#3087=CARTESIAN_POINT('',(0.0,-14.224,0.0));
#3088=DIRECTION('',(0.0,-1.0,0.0));
#3089=DIRECTION('',(0.0,0.0,-1.0));
#3090=ORIENTED_EDGE('',*,*,#4962,.T.);
#3091=ORIENTED_EDGE('',*,*,#4846,.T.);
#3092=ORIENTED_EDGE('',*,*,#4963,.T.);
#3093=ORIENTED_EDGE('',*,*,#4964,.T.);
#3094=ORIENTED_EDGE('',*,*,#4965,.T.);
#3095=ORIENTED_EDGE('',*,*,#4966,.F.);
#3096=ORIENTED_EDGE('',*,*,#4967,.F.);
#3097=CARTESIAN_POINT('',(0.0,-14.224,0.0));
#3098=DIRECTION('',(0.0,-1.0,0.0));
#3099=DIRECTION('',(0.0,0.0,-1.0));
#3100=ORIENTED_EDGE('',*,*,#4947,.T.);
#3101=ORIENTED_EDGE('',*,*,#4945,.T.);
#3102=ORIENTED_EDGE('',*,*,#4968,.T.);
#3103=ORIENTED_EDGE('',*,*,#4969,.T.);
#3104=ORIENTED_EDGE('',*,*,#4970,.T.);
#3105=ORIENTED_EDGE('',*,*,#4954,.T.);
#3106=ORIENTED_EDGE('',*,*,#4971,.F.);
#3107=ORIENTED_EDGE('',*,*,#4972,.F.);
#3108=CARTESIAN_POINT('',(0.0,-14.224,0.0));
#3109=DIRECTION('',(0.0,-1.0,0.0));
#3110=DIRECTION('',(0.0,0.0,-1.0));
#3111=ORIENTED_EDGE('',*,*,#4973,.T.);
#3112=ORIENTED_EDGE('',*,*,#4974,.T.);
#3113=ORIENTED_EDGE('',*,*,#4844,.T.);
#3114=ORIENTED_EDGE('',*,*,#4975,.T.);
#3115=ORIENTED_EDGE('',*,*,#4976,.T.);
#3116=ORIENTED_EDGE('',*,*,#4977,.F.);
#3117=ORIENTED_EDGE('',*,*,#4978,.F.);
#3118=CARTESIAN_POINT('',(0.0,-14.224,0.0));
#3119=DIRECTION('',(0.0,-1.0,0.0));
#3120=DIRECTION('',(0.0,0.0,-1.0));
#3121=ORIENTED_EDGE('',*,*,#4979,.T.);
#3122=ORIENTED_EDGE('',*,*,#4980,.T.);
#3123=ORIENTED_EDGE('',*,*,#4981,.F.);
#3124=ORIENTED_EDGE('',*,*,#4912,.F.);
#3125=ORIENTED_EDGE('',*,*,#4982,.T.);
#3126=ORIENTED_EDGE('',*,*,#4965,.F.);
#3127=ORIENTED_EDGE('',*,*,#4983,.F.);
#3128=ORIENTED_EDGE('',*,*,#4908,.F.);
#3129=ORIENTED_EDGE('',*,*,#4984,.T.);
#3130=ORIENTED_EDGE('',*,*,#4959,.F.);
#3131=CARTESIAN_POINT('',(-6.41999999999972,-13.847000000001,17.132349043717));
#3132=DIRECTION('',(0.0,0.0,1.0));
#3133=DIRECTION('',(-1.0,0.0,0.0));
#3134=ORIENTED_EDGE('',*,*,#4985,.T.);
#3135=ORIENTED_EDGE('',*,*,#4955,.F.);
#3136=ORIENTED_EDGE('',*,*,#4984,.F.);
#3137=CARTESIAN_POINT('',(-7.94000000000126,-15.367,6.23000000000048));
#3138=DIRECTION('',(0.0,0.0,-1.0));
#3139=DIRECTION('',(0.0,-1.0,0.0));
#3140=ORIENTED_EDGE('',*,*,#4986,.T.);
#3141=ORIENTED_EDGE('',*,*,#4956,.F.);
#3142=ORIENTED_EDGE('',*,*,#4985,.F.);
#3143=ORIENTED_EDGE('',*,*,#4907,.T.);
#3144=CARTESIAN_POINT('',(-6.41999999999972,-15.367,8.01000000000098));
#3145=DIRECTION('',(0.0,1.0,-0.0));
#3146=DIRECTION('',(-1.0,0.0,0.0));
#3147=ORIENTED_EDGE('',*,*,#4957,.F.);
#3148=ORIENTED_EDGE('',*,*,#4986,.F.);
#3149=ORIENTED_EDGE('',*,*,#4953,.T.);
#3150=CARTESIAN_POINT('',(-4.63999999999922,-15.367,8.01000000000098));
#3151=DIRECTION('',(1.0,0.0,0.0));
#3152=DIRECTION('',(0.0,1.0,0.0));
#3153=ORIENTED_EDGE('',*,*,#4983,.T.);
#3154=ORIENTED_EDGE('',*,*,#4964,.F.);
#3155=ORIENTED_EDGE('',*,*,#4987,.F.);
#3156=ORIENTED_EDGE('',*,*,#4909,.F.);
#3157=CARTESIAN_POINT('',(-6.35,-15.367,-4.7800000000012));
#3158=DIRECTION('',(0.0,0.0,1.0));
#3159=DIRECTION('',(1.0,0.0,0.0));
#3160=ORIENTED_EDGE('',*,*,#4845,.T.);
#3161=ORIENTED_EDGE('',*,*,#4910,.T.);
#3162=ORIENTED_EDGE('',*,*,#4987,.T.);
#3163=ORIENTED_EDGE('',*,*,#4963,.F.);
#3164=CARTESIAN_POINT('',(-6.35,-15.367,-6.35));
#3165=DIRECTION('',(0.0,1.0,-0.0));
#3166=DIRECTION('',(-1.0,0.0,0.0));
#3167=ORIENTED_EDGE('',*,*,#4847,.T.);
#3168=ORIENTED_EDGE('',*,*,#4962,.F.);
#3169=ORIENTED_EDGE('',*,*,#4982,.F.);
#3170=ORIENTED_EDGE('',*,*,#4911,.T.);
#3171=CARTESIAN_POINT('',(-7.94000000000126,-15.367,-7.9199999999988));
#3172=DIRECTION('',(0.0,0.0,-1.0));
#3173=DIRECTION('',(0.0,-1.0,0.0));
#3174=ORIENTED_EDGE('',*,*,#4988,.F.);
#3175=ORIENTED_EDGE('',*,*,#4981,.T.);
#3176=ORIENTED_EDGE('',*,*,#4989,.F.);
#3177=CARTESIAN_POINT('',(-6.41999999999972,-13.847000000001,-10.16));
#3178=DIRECTION('',(0.707106781186547,-0.707106781186547,0.0));
#3179=DIRECTION('',(-0.707106781186547,-0.707106781186547,0.0));
#3180=ORIENTED_EDGE('',*,*,#4990,.F.);
#3181=ORIENTED_EDGE('',*,*,#4991,.F.);
#3182=ORIENTED_EDGE('',*,*,#4992,.F.);
#3183=ORIENTED_EDGE('',*,*,#4989,.T.);
#3184=ORIENTED_EDGE('',*,*,#4993,.T.);
#3185=ORIENTED_EDGE('',*,*,#4994,.F.);
#3186=CARTESIAN_POINT('',(-6.41999999999972,-15.4111608141039,-10.16));
#3187=DIRECTION('',(-0.0,-1.0,0.0));
#3188=DIRECTION('',(-1.0,0.0,0.0));
#3189=ORIENTED_EDGE('',*,*,#4995,.T.);
#3190=ORIENTED_EDGE('',*,*,#4996,.T.);
#3191=ORIENTED_EDGE('',*,*,#4997,.F.);
#3192=ORIENTED_EDGE('',*,*,#4998,.F.);
#3193=ORIENTED_EDGE('',*,*,#4999,.T.);
#3194=ORIENTED_EDGE('',*,*,#5000,.F.);
#3195=ORIENTED_EDGE('',*,*,#4990,.T.);
#3196=ORIENTED_EDGE('',*,*,#4994,.T.);
#3197=ORIENTED_EDGE('',*,*,#4993,.F.);
#3198=ORIENTED_EDGE('',*,*,#4980,.F.);
#3199=ORIENTED_EDGE('',*,*,#5001,.T.);
#3200=ORIENTED_EDGE('',*,*,#5002,.T.);
#3201=CARTESIAN_POINT('',(-7.9375,-2.794,-10.287));
#3202=DIRECTION('',(-1.0,0.0,0.0));
#3203=DIRECTION('',(0.0,0.0,1.0));
#3204=ORIENTED_EDGE('',*,*,#5001,.F.);
#3205=ORIENTED_EDGE('',*,*,#5003,.T.);
#3206=ORIENTED_EDGE('',*,*,#5004,.T.);
#3207=ORIENTED_EDGE('',*,*,#5005,.F.);
#3208=ORIENTED_EDGE('',*,*,#5006,.F.);
#3209=ORIENTED_EDGE('',*,*,#4995,.F.);
#3210=ORIENTED_EDGE('',*,*,#5002,.F.);
#3211=CARTESIAN_POINT('',(-6.41999999999972,-15.4111608141039,8.01000000000098));
#3212=DIRECTION('',(0.0,-1.0,0.0));
#3213=DIRECTION('',(0.0,0.0,1.0));
#3214=ORIENTED_EDGE('',*,*,#5007,.F.);
#3215=ORIENTED_EDGE('',*,*,#5006,.T.);
#3216=CARTESIAN_POINT('',(0.0,-8.636,0.0));
#3217=DIRECTION('',(-0.0,1.0,0.0));
#3218=DIRECTION('',(1.0,0.0,0.0));
#3219=ORIENTED_EDGE('',*,*,#5008,.F.);
#3220=ORIENTED_EDGE('',*,*,#5009,.F.);
#3221=ORIENTED_EDGE('',*,*,#4991,.T.);
#3222=CARTESIAN_POINT('',(0.0,-8.636,0.0));
#3223=DIRECTION('',(-0.0,1.0,0.0));
#3224=DIRECTION('',(1.0,0.0,0.0));
#3225=ORIENTED_EDGE('',*,*,#5010,.F.);
#3226=ORIENTED_EDGE('',*,*,#5011,.F.);
#3227=ORIENTED_EDGE('',*,*,#5012,.T.);
#3228=CARTESIAN_POINT('',(0.0,-8.636,0.0));
#3229=DIRECTION('',(-0.0,1.0,0.0));
#3230=DIRECTION('',(1.0,0.0,0.0));
#3231=ORIENTED_EDGE('',*,*,#5013,.F.);
#3232=ORIENTED_EDGE('',*,*,#5014,.T.);
#3233=CARTESIAN_POINT('',(0.0,-8.636,0.0));
#3234=DIRECTION('',(-0.0,1.0,0.0));
#3235=DIRECTION('',(1.0,0.0,0.0));
#3236=ORIENTED_EDGE('',*,*,#5015,.T.);
#3237=ORIENTED_EDGE('',*,*,#5016,.T.);
#3238=ORIENTED_EDGE('',*,*,#4996,.F.);
#3239=ORIENTED_EDGE('',*,*,#5007,.T.);
#3240=CARTESIAN_POINT('',(-6.5405,-2.794,8.128));
#3241=DIRECTION('',(0.0,-1.0,0.0));
#3242=DIRECTION('',(1.0,0.0,0.0));
#3243=ORIENTED_EDGE('',*,*,#5017,.T.);
#3244=ORIENTED_EDGE('',*,*,#4997,.T.);
#3245=ORIENTED_EDGE('',*,*,#5016,.F.);
#3246=ORIENTED_EDGE('',*,*,#5018,.F.);
#3247=ORIENTED_EDGE('',*,*,#5019,.T.);
#3248=ORIENTED_EDGE('',*,*,#5020,.F.);
#3249=ORIENTED_EDGE('',*,*,#5021,.F.);
#3250=ORIENTED_EDGE('',*,*,#5018,.T.);
#3251=ORIENTED_EDGE('',*,*,#5015,.F.);
#3252=ORIENTED_EDGE('',*,*,#5022,.T.);
#3253=CARTESIAN_POINT('',(-6.5405,-2.794,9.525));
#3254=DIRECTION('',(0.0,0.0,1.0));
#3255=DIRECTION('',(1.0,0.0,0.0));
#3256=ORIENTED_EDGE('',*,*,#5005,.T.);
#3257=ORIENTED_EDGE('',*,*,#5023,.F.);
#3258=ORIENTED_EDGE('',*,*,#5024,.T.);
#3259=ORIENTED_EDGE('',*,*,#5022,.F.);
#3260=CARTESIAN_POINT('',(0.0,-8.636,0.0));
#3261=DIRECTION('',(0.0,-1.0,0.0));
#3262=DIRECTION('',(0.0,0.0,-1.0));
#3263=ORIENTED_EDGE('',*,*,#5025,.F.);
#3264=ORIENTED_EDGE('',*,*,#5014,.F.);
#3265=ORIENTED_EDGE('',*,*,#5024,.F.);
#3266=ORIENTED_EDGE('',*,*,#5026,.F.);
#3267=ORIENTED_EDGE('',*,*,#5027,.T.);
#3268=ORIENTED_EDGE('',*,*,#5028,.T.);
#3269=ORIENTED_EDGE('',*,*,#5029,.F.);
#3270=CARTESIAN_POINT('',(6.41999999999972,-15.4111608141039,8.01000000000098));
#3271=DIRECTION('',(0.0,-1.0,0.0));
#3272=DIRECTION('',(1.0,0.0,0.0));
#3273=ORIENTED_EDGE('',*,*,#5030,.T.);
#3274=ORIENTED_EDGE('',*,*,#5031,.T.);
#3275=ORIENTED_EDGE('',*,*,#5032,.F.);
#3276=ORIENTED_EDGE('',*,*,#5033,.F.);
#3277=ORIENTED_EDGE('',*,*,#5034,.T.);
#3278=ORIENTED_EDGE('',*,*,#4831,.T.);
#3279=ORIENTED_EDGE('',*,*,#5035,.T.);
#3280=ORIENTED_EDGE('',*,*,#5036,.F.);
#3281=ORIENTED_EDGE('',*,*,#4827,.F.);
#3282=ORIENTED_EDGE('',*,*,#5037,.T.);
#3283=ORIENTED_EDGE('',*,*,#5038,.F.);
#3284=ORIENTED_EDGE('',*,*,#5039,.F.);
#3285=ORIENTED_EDGE('',*,*,#5040,.T.);
#3286=ORIENTED_EDGE('',*,*,#5041,.F.);
#3287=ORIENTED_EDGE('',*,*,#5025,.T.);
#3288=ORIENTED_EDGE('',*,*,#5029,.T.);
#3289=ORIENTED_EDGE('',*,*,#5028,.F.);
#3290=ORIENTED_EDGE('',*,*,#5042,.F.);
#3291=ORIENTED_EDGE('',*,*,#5043,.T.);
#3292=ORIENTED_EDGE('',*,*,#5044,.T.);
#3293=CARTESIAN_POINT('',(7.9375,-2.794,8.128));
#3294=DIRECTION('',(1.0,0.0,0.0));
#3295=DIRECTION('',(0.0,1.0,0.0));
#3296=ORIENTED_EDGE('',*,*,#5043,.F.);
#3297=ORIENTED_EDGE('',*,*,#5045,.T.);
#3298=ORIENTED_EDGE('',*,*,#5046,.T.);
#3299=ORIENTED_EDGE('',*,*,#5012,.F.);
#3300=ORIENTED_EDGE('',*,*,#5030,.F.);
#3301=ORIENTED_EDGE('',*,*,#5044,.F.);
#3302=CARTESIAN_POINT('',(6.41999999999972,-15.4111608141039,-10.16));
#3303=DIRECTION('',(0.0,-1.0,-0.0));
#3304=DIRECTION('',(0.0,0.0,-1.0));
#3305=ORIENTED_EDGE('',*,*,#5047,.F.);
#3306=ORIENTED_EDGE('',*,*,#5048,.F.);
#3307=ORIENTED_EDGE('',*,*,#5049,.F.);
#3308=ORIENTED_EDGE('',*,*,#5050,.T.);
#3309=ORIENTED_EDGE('',*,*,#5051,.F.);
#3310=ORIENTED_EDGE('',*,*,#5010,.T.);
#3311=ORIENTED_EDGE('',*,*,#5046,.F.);
#3312=ORIENTED_EDGE('',*,*,#5052,.F.);
#3313=ORIENTED_EDGE('',*,*,#4992,.T.);
#3314=ORIENTED_EDGE('',*,*,#5009,.T.);
#3315=ORIENTED_EDGE('',*,*,#5053,.T.);
#3316=ORIENTED_EDGE('',*,*,#5054,.T.);
#3317=ORIENTED_EDGE('',*,*,#5055,.F.);
#3318=ORIENTED_EDGE('',*,*,#5056,.T.);
#3319=CARTESIAN_POINT('',(6.5405,-2.794,-11.684));
#3320=DIRECTION('',(0.0,0.0,-1.0));
#3321=DIRECTION('',(0.0,-1.0,0.0));
#3322=ORIENTED_EDGE('',*,*,#5056,.F.);
#3323=ORIENTED_EDGE('',*,*,#5057,.T.);
#3324=ORIENTED_EDGE('',*,*,#5058,.F.);
#3325=ORIENTED_EDGE('',*,*,#5059,.F.);
#3326=CARTESIAN_POINT('',(0.0,-2.794,0.0));
#3327=DIRECTION('',(-0.0,1.0,0.0));
#3328=DIRECTION('',(1.0,0.0,0.0));
#3329=ORIENTED_EDGE('',*,*,#5053,.F.);
#3330=ORIENTED_EDGE('',*,*,#5059,.T.);
#3331=ORIENTED_EDGE('',*,*,#5060,.F.);
#3332=ORIENTED_EDGE('',*,*,#5061,.F.);
#3333=CARTESIAN_POINT('',(-0.6731,-2.794,-11.684));
#3334=DIRECTION('',(-1.0,0.0,0.0));
#3335=DIRECTION('',(0.0,0.0,1.0));
#3336=ORIENTED_EDGE('',*,*,#5062,.T.);
#3337=ORIENTED_EDGE('',*,*,#5063,.T.);
#3338=ORIENTED_EDGE('',*,*,#5054,.F.);
#3339=ORIENTED_EDGE('',*,*,#5061,.T.);
#3340=CARTESIAN_POINT('',(0.0,-5.842,0.0));
#3341=DIRECTION('',(-0.0,1.0,0.0));
#3342=DIRECTION('',(1.0,0.0,0.0));
#3343=ORIENTED_EDGE('',*,*,#5064,.T.);
#3344=ORIENTED_EDGE('',*,*,#5057,.F.);
#3345=ORIENTED_EDGE('',*,*,#5055,.T.);
#3346=ORIENTED_EDGE('',*,*,#5063,.F.);
#3347=CARTESIAN_POINT('',(3.2131,-2.794,-11.049));
#3348=DIRECTION('',(1.0,0.0,0.0));
#3349=DIRECTION('',(0.0,1.0,0.0));
#3350=ORIENTED_EDGE('',*,*,#5064,.F.);
#3351=ORIENTED_EDGE('',*,*,#5062,.F.);
#3352=ORIENTED_EDGE('',*,*,#5060,.T.);
#3353=ORIENTED_EDGE('',*,*,#5058,.T.);
#3354=CARTESIAN_POINT('',(-6.477,1.397,-11.43));
#3355=DIRECTION('',(0.0,0.0,-1.0));
#3356=DIRECTION('',(0.0,-1.0,0.0));
#3357=ORIENTED_EDGE('',*,*,#4988,.T.);
#3358=ORIENTED_EDGE('',*,*,#5052,.T.);
#3359=ORIENTED_EDGE('',*,*,#5065,.F.);
#3360=ORIENTED_EDGE('',*,*,#4913,.F.);
#3361=CARTESIAN_POINT('',(-12.8663930501571,-13.847000000001,-10.16));
#3362=DIRECTION('',(-1.0,0.0,-0.0));
#3363=DIRECTION('',(0.0,0.0,-1.0));
#3364=ORIENTED_EDGE('',*,*,#5066,.F.);
#3365=ORIENTED_EDGE('',*,*,#5065,.T.);
#3366=ORIENTED_EDGE('',*,*,#5045,.F.);
#3367=CARTESIAN_POINT('',(6.41999999999972,-13.847000000001,-10.16));
#3368=DIRECTION('',(0.707106781186547,0.707106781186547,0.0));
#3369=DIRECTION('',(0.707106781186547,-0.707106781186547,0.0));
#3370=ORIENTED_EDGE('',*,*,#5067,.F.);
#3371=ORIENTED_EDGE('',*,*,#4914,.F.);
#3372=ORIENTED_EDGE('',*,*,#5066,.T.);
#3373=ORIENTED_EDGE('',*,*,#5042,.T.);
#3374=ORIENTED_EDGE('',*,*,#5068,.F.);
#3375=ORIENTED_EDGE('',*,*,#4969,.F.);
#3376=ORIENTED_EDGE('',*,*,#5069,.F.);
#3377=ORIENTED_EDGE('',*,*,#4918,.F.);
#3378=ORIENTED_EDGE('',*,*,#5070,.T.);
#3379=ORIENTED_EDGE('',*,*,#4976,.F.);
#3380=CARTESIAN_POINT('',(6.41999999999972,-13.847000000001,-19.2823490437186));
#3381=DIRECTION('',(0.0,0.0,-1.0));
#3382=DIRECTION('',(1.0,0.0,0.0));
#3383=ORIENTED_EDGE('',*,*,#5071,.T.);
#3384=ORIENTED_EDGE('',*,*,#4973,.F.);
#3385=ORIENTED_EDGE('',*,*,#5070,.F.);
#3386=ORIENTED_EDGE('',*,*,#4917,.T.);
#3387=CARTESIAN_POINT('',(7.94000000000126,-15.367,-4.7800000000012));
#3388=DIRECTION('',(0.0,0.0,1.0));
#3389=DIRECTION('',(1.0,0.0,0.0));
#3390=ORIENTED_EDGE('',*,*,#4841,.T.);
#3391=ORIENTED_EDGE('',*,*,#4974,.F.);
#3392=ORIENTED_EDGE('',*,*,#5071,.F.);
#3393=ORIENTED_EDGE('',*,*,#4916,.T.);
#3394=CARTESIAN_POINT('',(6.35,-15.367,-6.35));
#3395=DIRECTION('',(0.0,1.0,-0.0));
#3396=DIRECTION('',(-1.0,0.0,0.0));
#3397=ORIENTED_EDGE('',*,*,#5067,.T.);
#3398=ORIENTED_EDGE('',*,*,#4975,.F.);
#3399=ORIENTED_EDGE('',*,*,#4843,.F.);
#3400=ORIENTED_EDGE('',*,*,#4915,.F.);
#3401=CARTESIAN_POINT('',(6.35,-15.367,-7.9199999999988));
#3402=DIRECTION('',(0.0,0.0,-1.0));
#3403=DIRECTION('',(0.0,-1.0,0.0));
#3404=ORIENTED_EDGE('',*,*,#4968,.F.);
#3405=ORIENTED_EDGE('',*,*,#4944,.F.);
#3406=ORIENTED_EDGE('',*,*,#5069,.T.);
#3407=CARTESIAN_POINT('',(6.41999999999972,-15.367,6.23000000000048));
#3408=DIRECTION('',(0.0,0.0,-1.0));
#3409=DIRECTION('',(0.0,-1.0,0.0));
#3410=ORIENTED_EDGE('',*,*,#5068,.T.);
#3411=ORIENTED_EDGE('',*,*,#5027,.F.);
#3412=ORIENTED_EDGE('',*,*,#4949,.F.);
#3413=ORIENTED_EDGE('',*,*,#4970,.F.);
#3414=CARTESIAN_POINT('',(6.41999999999972,-13.847000000001,8.01000000000098));
#3415=DIRECTION('',(0.0,0.707106781186547,0.707106781186547));
#3416=DIRECTION('',(0.0,-0.707106781186547,0.707106781186547));
#3417=ORIENTED_EDGE('',*,*,#5051,.T.);
#3418=ORIENTED_EDGE('',*,*,#5072,.T.);
#3419=ORIENTED_EDGE('',*,*,#5031,.F.);
#3420=ORIENTED_EDGE('',*,*,#5011,.T.);
#3421=CARTESIAN_POINT('',(6.5405,-2.794,-10.287));
#3422=DIRECTION('',(0.0,-1.0,0.0));
#3423=DIRECTION('',(1.0,0.0,0.0));
#3424=ORIENTED_EDGE('',*,*,#5073,.T.);
#3425=ORIENTED_EDGE('',*,*,#5032,.T.);
#3426=ORIENTED_EDGE('',*,*,#5072,.F.);
#3427=ORIENTED_EDGE('',*,*,#5050,.F.);
#3428=ORIENTED_EDGE('',*,*,#5074,.F.);
#3429=ORIENTED_EDGE('',*,*,#5075,.T.);
#3430=ORIENTED_EDGE('',*,*,#5073,.F.);
#3431=CARTESIAN_POINT('',(6.4135,1.4732,-10.16));
#3432=DIRECTION('',(0.0,-0.707106781186547,-0.707106781186547));
#3433=DIRECTION('',(0.0,0.707106781186547,-0.707106781186547));
#3434=ORIENTED_EDGE('',*,*,#5076,.T.);
#3435=ORIENTED_EDGE('',*,*,#4752,.T.);
#3436=ORIENTED_EDGE('',*,*,#5077,.T.);
#3437=ORIENTED_EDGE('',*,*,#5039,.T.);
#3438=ORIENTED_EDGE('',*,*,#5078,.F.);
#3439=ORIENTED_EDGE('',*,*,#4838,.F.);
#3440=ORIENTED_EDGE('',*,*,#5079,.F.);
#3441=CARTESIAN_POINT('',(6.4135,1.4732,9.59243698270514));
#3442=DIRECTION('',(-0.0,0.0,1.0));
#3443=DIRECTION('',(0.0,1.0,0.0));
#3444=ORIENTED_EDGE('',*,*,#5080,.F.);
#3445=ORIENTED_EDGE('',*,*,#5081,.F.);
#3446=ORIENTED_EDGE('',*,*,#5033,.T.);
#3447=ORIENTED_EDGE('',*,*,#5075,.F.);
#3448=ORIENTED_EDGE('',*,*,#5082,.F.);
#3449=ORIENTED_EDGE('',*,*,#5083,.T.);
#3450=ORIENTED_EDGE('',*,*,#5084,.T.);
#3451=ORIENTED_EDGE('',*,*,#5085,.F.);
#3452=CARTESIAN_POINT('',(6.4135,1.4732,9.59243698270514));
#3453=DIRECTION('',(-0.0,0.0,1.0));
#3454=DIRECTION('',(0.0,1.0,0.0));
#3455=ORIENTED_EDGE('',*,*,#5085,.T.);
#3456=ORIENTED_EDGE('',*,*,#5086,.T.);
#3457=ORIENTED_EDGE('',*,*,#5087,.T.);
#3458=ORIENTED_EDGE('',*,*,#5082,.T.);
#3459=ORIENTED_EDGE('',*,*,#5088,.T.);
#3460=ORIENTED_EDGE('',*,*,#5089,.T.);
#3461=ORIENTED_EDGE('',*,*,#5090,.T.);
#3462=ORIENTED_EDGE('',*,*,#5091,.T.);
#3463=ORIENTED_EDGE('',*,*,#5092,.T.);
#3464=ORIENTED_EDGE('',*,*,#5093,.F.);
#3465=CARTESIAN_POINT('',(0.0,2.9972,0.0));
#3466=DIRECTION('',(-0.0,1.0,0.0));
#3467=DIRECTION('',(1.0,0.0,0.0));
#3468=ORIENTED_EDGE('',*,*,#5094,.T.);
#3469=ORIENTED_EDGE('',*,*,#5095,.T.);
#3470=ORIENTED_EDGE('',*,*,#4761,.T.);
#3471=ORIENTED_EDGE('',*,*,#5096,.T.);
#3472=ORIENTED_EDGE('',*,*,#4749,.T.);
#3473=ORIENTED_EDGE('',*,*,#5097,.T.);
#3474=ORIENTED_EDGE('',*,*,#5079,.T.);
#3475=ORIENTED_EDGE('',*,*,#4837,.F.);
#3476=CARTESIAN_POINT('',(0.0,2.9972,0.0));
#3477=DIRECTION('',(-0.0,1.0,0.0));
#3478=DIRECTION('',(1.0,0.0,0.0));
#3479=ORIENTED_EDGE('',*,*,#4835,.T.);
#3480=ORIENTED_EDGE('',*,*,#5098,.F.);
#3481=ORIENTED_EDGE('',*,*,#5099,.F.);
#3482=ORIENTED_EDGE('',*,*,#5080,.T.);
#3483=ORIENTED_EDGE('',*,*,#5093,.T.);
#3484=ORIENTED_EDGE('',*,*,#5100,.T.);
#3485=CARTESIAN_POINT('',(0.0,1.4732,0.0));
#3486=DIRECTION('',(-0.0,-1.0,0.0));
#3487=DIRECTION('',(-1.0,0.0,0.0));
#3488=ORIENTED_EDGE('',*,*,#5034,.F.);
#3489=ORIENTED_EDGE('',*,*,#5081,.T.);
#3490=ORIENTED_EDGE('',*,*,#5099,.T.);
#3491=ORIENTED_EDGE('',*,*,#4832,.F.);
#3492=CARTESIAN_POINT('',(7.9375,1.4732,0.0));
#3493=DIRECTION('',(-0.0,-1.0,0.0));
#3494=DIRECTION('',(-1.0,0.0,0.0));
#3495=ORIENTED_EDGE('',*,*,#4829,.T.);
#3496=ORIENTED_EDGE('',*,*,#5101,.T.);
#3497=ORIENTED_EDGE('',*,*,#5037,.F.);
#3498=ORIENTED_EDGE('',*,*,#4826,.F.);
#3499=CARTESIAN_POINT('',(7.9375,3.429,0.0));
#3500=DIRECTION('',(0.0,1.0,0.0));
#3501=DIRECTION('',(0.0327290426790806,0.0,-0.999464261374718));
#3502=ORIENTED_EDGE('',*,*,#4824,.T.);
#3503=ORIENTED_EDGE('',*,*,#5102,.F.);
#3504=ORIENTED_EDGE('',*,*,#5035,.F.);
#3505=ORIENTED_EDGE('',*,*,#4830,.T.);
#3506=CARTESIAN_POINT('',(7.9375,1.4732,0.0));
#3507=DIRECTION('',(-0.0,-1.0,0.0));
#3508=DIRECTION('',(-1.0,0.0,0.0));
#3509=ORIENTED_EDGE('',*,*,#5036,.T.);
#3510=ORIENTED_EDGE('',*,*,#5102,.T.);
#3511=ORIENTED_EDGE('',*,*,#4828,.T.);
#3512=CARTESIAN_POINT('',(0.0,3.9624,0.0));
#3513=DIRECTION('',(-0.0,1.0,0.0));
#3514=DIRECTION('',(1.0,0.0,0.0));
#3515=ORIENTED_EDGE('',*,*,#4839,.F.);
#3516=ORIENTED_EDGE('',*,*,#5078,.T.);
#3517=ORIENTED_EDGE('',*,*,#5038,.T.);
#3518=ORIENTED_EDGE('',*,*,#5101,.F.);
#3519=ORIENTED_EDGE('',*,*,#4834,.F.);
#3520=CARTESIAN_POINT('',(7.9375,1.4732,0.0));
#3521=DIRECTION('',(-0.0,-1.0,0.0));
#3522=DIRECTION('',(-1.0,0.0,0.0));
#3523=ORIENTED_EDGE('',*,*,#5098,.T.);
#3524=ORIENTED_EDGE('',*,*,#4840,.T.);
#3525=ORIENTED_EDGE('',*,*,#4833,.F.);
#3526=ORIENTED_EDGE('',*,*,#5103,.F.);
#3527=ORIENTED_EDGE('',*,*,#5104,.T.);
#3528=CARTESIAN_POINT('',(0.0,3.175,0.0));
#3529=DIRECTION('',(-0.0,1.0,0.0));
#3530=DIRECTION('',(1.0,0.0,0.0));
#3531=ORIENTED_EDGE('',*,*,#5105,.T.);
#3532=ORIENTED_EDGE('',*,*,#5106,.T.);
#3533=ORIENTED_EDGE('',*,*,#5104,.F.);
#3534=ORIENTED_EDGE('',*,*,#5107,.F.);
#3535=CARTESIAN_POINT('',(0.0,-0.635,0.0));
#3536=DIRECTION('',(0.0,-1.0,-0.0));
#3537=DIRECTION('',(0.0,0.0,-1.0));
#3538=ORIENTED_EDGE('',*,*,#5103,.T.);
#3539=ORIENTED_EDGE('',*,*,#5106,.F.);
#3540=ORIENTED_EDGE('',*,*,#5108,.F.);
#3541=ORIENTED_EDGE('',*,*,#5107,.T.);
#3542=CARTESIAN_POINT('',(0.0,-0.635,0.0));
#3543=DIRECTION('',(0.0,-1.0,-0.0));
#3544=DIRECTION('',(0.0,0.0,-1.0));
#3545=ORIENTED_EDGE('',*,*,#5105,.F.);
#3546=ORIENTED_EDGE('',*,*,#5108,.T.);
#3547=ORIENTED_EDGE('',*,*,#5109,.F.);
#3548=ORIENTED_EDGE('',*,*,#5110,.T.);
#3549=CARTESIAN_POINT('',(0.0,4.7498,0.0));
#3550=DIRECTION('',(-0.0,1.0,0.0));
#3551=DIRECTION('',(1.0,0.0,0.0));
#3552=ORIENTED_EDGE('',*,*,#5111,.T.);
#3553=ORIENTED_EDGE('',*,*,#5112,.T.);
#3554=ORIENTED_EDGE('',*,*,#5110,.F.);
#3555=ORIENTED_EDGE('',*,*,#5113,.F.);
#3556=CARTESIAN_POINT('',(0.0,-0.635,0.0));
#3557=DIRECTION('',(0.0,-1.0,-0.0));
#3558=DIRECTION('',(0.0,0.0,-1.0));
#3559=ORIENTED_EDGE('',*,*,#5109,.T.);
#3560=ORIENTED_EDGE('',*,*,#5112,.F.);
#3561=ORIENTED_EDGE('',*,*,#5114,.F.);
#3562=ORIENTED_EDGE('',*,*,#5113,.T.);
#3563=CARTESIAN_POINT('',(0.0,-0.635,0.0));
#3564=DIRECTION('',(0.0,-1.0,-0.0));
#3565=DIRECTION('',(0.0,0.0,-1.0));
#3566=ORIENTED_EDGE('',*,*,#4818,.F.);
#3567=ORIENTED_EDGE('',*,*,#5115,.T.);
#3568=ORIENTED_EDGE('',*,*,#4823,.T.);
#3569=ORIENTED_EDGE('',*,*,#5111,.F.);
#3570=ORIENTED_EDGE('',*,*,#5114,.T.);
#3571=CARTESIAN_POINT('',(0.0,6.0198,0.0));
#3572=DIRECTION('',(-0.0,1.0,0.0));
#3573=DIRECTION('',(1.0,0.0,0.0));
#3574=ORIENTED_EDGE('',*,*,#4820,.T.);
#3575=ORIENTED_EDGE('',*,*,#5115,.F.);
#3576=ORIENTED_EDGE('',*,*,#4817,.T.);
#3577=ORIENTED_EDGE('',*,*,#4816,.F.);
#3578=ORIENTED_EDGE('',*,*,#5116,.T.);
#3579=ORIENTED_EDGE('',*,*,#5117,.F.);
#3580=ORIENTED_EDGE('',*,*,#5118,.F.);
#3581=CARTESIAN_POINT('',(0.0,-0.635,0.0));
#3582=DIRECTION('',(0.0,-1.0,-0.0));
#3583=DIRECTION('',(0.0,0.0,-1.0));
#3584=ORIENTED_EDGE('',*,*,#4814,.T.);
#3585=ORIENTED_EDGE('',*,*,#4822,.T.);
#3586=ORIENTED_EDGE('',*,*,#5119,.F.);
#3587=CARTESIAN_POINT('',(0.0,0.0,0.0));
#3588=DIRECTION('',(0.0,-1.0,0.0));
#3589=DIRECTION('',(1.0,0.0,0.0));
#3590=ORIENTED_EDGE('',*,*,#4809,.T.);
#3591=ORIENTED_EDGE('',*,*,#5120,.F.);
#3592=ORIENTED_EDGE('',*,*,#5121,.T.);
#3593=ORIENTED_EDGE('',*,*,#5122,.T.);
#3594=CARTESIAN_POINT('',(0.0,0.0,0.0));
#3595=DIRECTION('',(0.0,-1.0,0.0));
#3596=DIRECTION('',(1.0,0.0,0.0));
#3597=ORIENTED_EDGE('',*,*,#4805,.T.);
#3598=ORIENTED_EDGE('',*,*,#5123,.T.);
#3599=ORIENTED_EDGE('',*,*,#5124,.T.);
#3600=ORIENTED_EDGE('',*,*,#5125,.T.);
#3601=CARTESIAN_POINT('',(0.0,0.0,0.0));
#3602=DIRECTION('',(0.0,-1.0,0.0));
#3603=DIRECTION('',(1.0,0.0,0.0));
#3604=ORIENTED_EDGE('',*,*,#4800,.T.);
#3605=ORIENTED_EDGE('',*,*,#5126,.F.);
#3606=ORIENTED_EDGE('',*,*,#5127,.T.);
#3607=ORIENTED_EDGE('',*,*,#5128,.T.);
#3608=CARTESIAN_POINT('',(0.0,0.0,0.0));
#3609=DIRECTION('',(0.0,-1.0,0.0));
#3610=DIRECTION('',(1.0,0.0,0.0));
#3611=ORIENTED_EDGE('',*,*,#4795,.T.);
#3612=ORIENTED_EDGE('',*,*,#5129,.F.);
#3613=ORIENTED_EDGE('',*,*,#5130,.T.);
#3614=ORIENTED_EDGE('',*,*,#5131,.T.);
#3615=CARTESIAN_POINT('',(0.0,0.0,0.0));
#3616=DIRECTION('',(0.0,-1.0,0.0));
#3617=DIRECTION('',(1.0,0.0,0.0));
#3618=ORIENTED_EDGE('',*,*,#4791,.T.);
#3619=ORIENTED_EDGE('',*,*,#5132,.F.);
#3620=ORIENTED_EDGE('',*,*,#5133,.T.);
#3621=ORIENTED_EDGE('',*,*,#5134,.T.);
#3622=CARTESIAN_POINT('',(0.0,0.0,0.0));
#3623=DIRECTION('',(0.0,-1.0,0.0));
#3624=DIRECTION('',(1.0,0.0,0.0));
#3625=ORIENTED_EDGE('',*,*,#4786,.T.);
#3626=ORIENTED_EDGE('',*,*,#5135,.F.);
#3627=ORIENTED_EDGE('',*,*,#5136,.T.);
#3628=ORIENTED_EDGE('',*,*,#5137,.T.);
#3629=CARTESIAN_POINT('',(0.0,0.0,0.0));
#3630=DIRECTION('',(0.0,-1.0,0.0));
#3631=DIRECTION('',(1.0,0.0,0.0));
#3632=ORIENTED_EDGE('',*,*,#4783,.T.);
#3633=ORIENTED_EDGE('',*,*,#5138,.F.);
#3634=ORIENTED_EDGE('',*,*,#5139,.T.);
#3635=ORIENTED_EDGE('',*,*,#5140,.F.);
#3636=CARTESIAN_POINT('',(0.0,0.0,0.0));
#3637=DIRECTION('',(0.0,-1.0,0.0));
#3638=DIRECTION('',(1.0,0.0,0.0));
#3639=ORIENTED_EDGE('',*,*,#5141,.T.);
#3640=ORIENTED_EDGE('',*,*,#4815,.T.);
#3641=ORIENTED_EDGE('',*,*,#5119,.T.);
#3642=ORIENTED_EDGE('',*,*,#5142,.T.);
#3643=CARTESIAN_POINT('',(0.0,6.2738,0.0));
#3644=DIRECTION('',(-0.0,1.0,0.0));
#3645=DIRECTION('',(1.0,0.0,0.0));
#3646=ORIENTED_EDGE('',*,*,#4821,.T.);
#3647=ORIENTED_EDGE('',*,*,#5118,.T.);
#3648=ORIENTED_EDGE('',*,*,#5143,.T.);
#3649=ORIENTED_EDGE('',*,*,#5132,.T.);
#3650=ORIENTED_EDGE('',*,*,#4794,.T.);
#3651=ORIENTED_EDGE('',*,*,#5144,.T.);
#3652=ORIENTED_EDGE('',*,*,#5135,.T.);
#3653=ORIENTED_EDGE('',*,*,#4790,.T.);
#3654=ORIENTED_EDGE('',*,*,#5145,.T.);
#3655=ORIENTED_EDGE('',*,*,#5146,.F.);
#3656=ORIENTED_EDGE('',*,*,#5142,.F.);
#3657=ORIENTED_EDGE('',*,*,#5146,.T.);
#3658=ORIENTED_EDGE('',*,*,#5147,.T.);
#3659=ORIENTED_EDGE('',*,*,#4796,.F.);
#3660=ORIENTED_EDGE('',*,*,#5131,.F.);
#3661=ORIENTED_EDGE('',*,*,#5148,.F.);
#3662=ORIENTED_EDGE('',*,*,#4787,.F.);
#3663=ORIENTED_EDGE('',*,*,#5137,.F.);
#3664=ORIENTED_EDGE('',*,*,#5149,.F.);
#3665=ORIENTED_EDGE('',*,*,#4792,.F.);
#3666=ORIENTED_EDGE('',*,*,#5134,.F.);
#3667=ORIENTED_EDGE('',*,*,#5150,.F.);
#3668=ORIENTED_EDGE('',*,*,#5116,.F.);
#3669=ORIENTED_EDGE('',*,*,#5141,.F.);
#3670=ORIENTED_EDGE('',*,*,#5117,.T.);
#3671=ORIENTED_EDGE('',*,*,#5150,.T.);
#3672=ORIENTED_EDGE('',*,*,#5133,.F.);
#3673=ORIENTED_EDGE('',*,*,#5143,.F.);
#3674=CARTESIAN_POINT('',(0.0,-0.635,0.0));
#3675=DIRECTION('',(0.0,-1.0,-0.0));
#3676=DIRECTION('',(0.0,0.0,-1.0));
#3677=ORIENTED_EDGE('',*,*,#4793,.T.);
#3678=ORIENTED_EDGE('',*,*,#5149,.T.);
#3679=ORIENTED_EDGE('',*,*,#5136,.F.);
#3680=ORIENTED_EDGE('',*,*,#5144,.F.);
#3681=CARTESIAN_POINT('',(0.0,-0.635,0.0));
#3682=DIRECTION('',(0.0,-1.0,-0.0));
#3683=DIRECTION('',(0.0,0.0,-1.0));
#3684=ORIENTED_EDGE('',*,*,#5130,.F.);
#3685=ORIENTED_EDGE('',*,*,#5151,.F.);
#3686=ORIENTED_EDGE('',*,*,#4788,.T.);
#3687=ORIENTED_EDGE('',*,*,#5148,.T.);
#3688=CARTESIAN_POINT('',(0.0,-0.635,0.0));
#3689=DIRECTION('',(0.0,-1.0,-0.0));
#3690=DIRECTION('',(0.0,0.0,-1.0));
#3691=ORIENTED_EDGE('',*,*,#4798,.T.);
#3692=ORIENTED_EDGE('',*,*,#5152,.T.);
#3693=ORIENTED_EDGE('',*,*,#5124,.F.);
#3694=ORIENTED_EDGE('',*,*,#5153,.F.);
#3695=CARTESIAN_POINT('',(0.0,-0.635,0.0));
#3696=DIRECTION('',(0.0,-1.0,-0.0));
#3697=DIRECTION('',(0.0,0.0,-1.0));
#3698=ORIENTED_EDGE('',*,*,#5127,.F.);
#3699=ORIENTED_EDGE('',*,*,#5154,.T.);
#3700=ORIENTED_EDGE('',*,*,#4807,.T.);
#3701=ORIENTED_EDGE('',*,*,#5155,.T.);
#3702=CARTESIAN_POINT('',(0.0,-0.635,0.0));
#3703=DIRECTION('',(0.0,-1.0,-0.0));
#3704=DIRECTION('',(0.0,0.0,-1.0));
#3705=ORIENTED_EDGE('',*,*,#5121,.F.);
#3706=ORIENTED_EDGE('',*,*,#5156,.T.);
#3707=ORIENTED_EDGE('',*,*,#4802,.T.);
#3708=ORIENTED_EDGE('',*,*,#5157,.T.);
#3709=CARTESIAN_POINT('',(0.0,-0.635,0.0));
#3710=DIRECTION('',(0.0,-1.0,-0.0));
#3711=DIRECTION('',(0.0,0.0,-1.0));
#3712=ORIENTED_EDGE('',*,*,#4812,.T.);
#3713=ORIENTED_EDGE('',*,*,#5158,.T.);
#3714=ORIENTED_EDGE('',*,*,#5139,.F.);
#3715=ORIENTED_EDGE('',*,*,#5159,.F.);
#3716=CARTESIAN_POINT('',(0.0,-0.635,0.0));
#3717=DIRECTION('',(0.0,-1.0,-0.0));
#3718=DIRECTION('',(0.0,0.0,-1.0));
#3719=ORIENTED_EDGE('',*,*,#5160,.T.);
#3720=ORIENTED_EDGE('',*,*,#5161,.F.);
#3721=ORIENTED_EDGE('',*,*,#5145,.F.);
#3722=ORIENTED_EDGE('',*,*,#4789,.T.);
#3723=ORIENTED_EDGE('',*,*,#5151,.T.);
#3724=ORIENTED_EDGE('',*,*,#5129,.T.);
#3725=ORIENTED_EDGE('',*,*,#4799,.T.);
#3726=ORIENTED_EDGE('',*,*,#5153,.T.);
#3727=ORIENTED_EDGE('',*,*,#5123,.F.);
#3728=ORIENTED_EDGE('',*,*,#4808,.F.);
#3729=ORIENTED_EDGE('',*,*,#5154,.F.);
#3730=ORIENTED_EDGE('',*,*,#5126,.T.);
#3731=ORIENTED_EDGE('',*,*,#4804,.T.);
#3732=ORIENTED_EDGE('',*,*,#5147,.F.);
#3733=ORIENTED_EDGE('',*,*,#5161,.T.);
#3734=ORIENTED_EDGE('',*,*,#5162,.T.);
#3735=ORIENTED_EDGE('',*,*,#4810,.F.);
#3736=ORIENTED_EDGE('',*,*,#5122,.F.);
#3737=ORIENTED_EDGE('',*,*,#5157,.F.);
#3738=ORIENTED_EDGE('',*,*,#4801,.F.);
#3739=ORIENTED_EDGE('',*,*,#5128,.F.);
#3740=ORIENTED_EDGE('',*,*,#5155,.F.);
#3741=ORIENTED_EDGE('',*,*,#4806,.F.);
#3742=ORIENTED_EDGE('',*,*,#5125,.F.);
#3743=ORIENTED_EDGE('',*,*,#5152,.F.);
#3744=ORIENTED_EDGE('',*,*,#4797,.F.);
#3745=ORIENTED_EDGE('',*,*,#5163,.F.);
#3746=ORIENTED_EDGE('',*,*,#5164,.T.);
#3747=ORIENTED_EDGE('',*,*,#4773,.T.);
#3748=ORIENTED_EDGE('',*,*,#4782,.T.);
#3749=ORIENTED_EDGE('',*,*,#4784,.T.);
#3750=ORIENTED_EDGE('',*,*,#5140,.T.);
#3751=ORIENTED_EDGE('',*,*,#5158,.F.);
#3752=ORIENTED_EDGE('',*,*,#4811,.F.);
#3753=ORIENTED_EDGE('',*,*,#5162,.F.);
#3754=ORIENTED_EDGE('',*,*,#5165,.T.);
#3755=ORIENTED_EDGE('',*,*,#5166,.F.);
#3756=ORIENTED_EDGE('',*,*,#4769,.T.);
#3757=ORIENTED_EDGE('',*,*,#5167,.T.);
#3758=ORIENTED_EDGE('',*,*,#5168,.F.);
#3759=ORIENTED_EDGE('',*,*,#5166,.T.);
#3760=ORIENTED_EDGE('',*,*,#5169,.T.);
#3761=ORIENTED_EDGE('',*,*,#5170,.F.);
#3762=ORIENTED_EDGE('',*,*,#5171,.F.);
#3763=CARTESIAN_POINT('',(0.0,12.7,0.0));
#3764=DIRECTION('',(-0.0,1.0,0.0));
#3765=DIRECTION('',(1.0,0.0,0.0));
#3766=ORIENTED_EDGE('',*,*,#5172,.F.);
#3767=ORIENTED_EDGE('',*,*,#5171,.T.);
#3768=ORIENTED_EDGE('',*,*,#5173,.T.);
#3769=ORIENTED_EDGE('',*,*,#5174,.F.);
#3770=CARTESIAN_POINT('',(0.0,12.573,0.0));
#3771=DIRECTION('',(0.0,1.0,-0.0));
#3772=DIRECTION('',(-1.0,0.0,0.0));
#3773=ORIENTED_EDGE('',*,*,#5175,.T.);
#3774=ORIENTED_EDGE('',*,*,#5174,.T.);
#3775=ORIENTED_EDGE('',*,*,#5176,.T.);
#3776=ORIENTED_EDGE('',*,*,#5177,.T.);
#3777=CARTESIAN_POINT('',(0.0,12.446,0.0));
#3778=DIRECTION('',(-0.0,1.0,0.0));
#3779=DIRECTION('',(1.0,0.0,0.0));
#3780=ORIENTED_EDGE('',*,*,#5178,.F.);
#3781=ORIENTED_EDGE('',*,*,#4775,.F.);
#3782=ORIENTED_EDGE('',*,*,#5179,.F.);
#3783=ORIENTED_EDGE('',*,*,#5180,.T.);
#3784=ORIENTED_EDGE('',*,*,#5177,.F.);
#3785=CARTESIAN_POINT('',(0.0,-14.0208,0.0));
#3786=DIRECTION('',(0.0,1.0,-0.0));
#3787=DIRECTION('',(1.0,0.0,0.0));
#3788=ORIENTED_EDGE('',*,*,#5180,.F.);
#3789=ORIENTED_EDGE('',*,*,#5181,.F.);
#3790=ORIENTED_EDGE('',*,*,#4780,.F.);
#3791=ORIENTED_EDGE('',*,*,#5178,.T.);
#3792=ORIENTED_EDGE('',*,*,#5176,.F.);
#3793=CARTESIAN_POINT('',(0.0,-14.0208,0.0));
#3794=DIRECTION('',(0.0,1.0,-0.0));
#3795=DIRECTION('',(1.0,0.0,0.0));
#3796=ORIENTED_EDGE('',*,*,#4778,.T.);
#3797=ORIENTED_EDGE('',*,*,#5181,.T.);
#3798=ORIENTED_EDGE('',*,*,#5182,.F.);
#3799=ORIENTED_EDGE('',*,*,#5183,.F.);
#3800=CARTESIAN_POINT('',(0.0,25.2222000008534,0.0));
#3801=DIRECTION('',(-0.0,-1.0,-0.0));
#3802=DIRECTION('',(0.0,0.0,-1.0));
#3803=ORIENTED_EDGE('',*,*,#5184,.T.);
#3804=ORIENTED_EDGE('',*,*,#4777,.T.);
#3805=ORIENTED_EDGE('',*,*,#4779,.T.);
#3806=ORIENTED_EDGE('',*,*,#5183,.T.);
#3807=CARTESIAN_POINT('',(0.0,25.3492,0.0));
#3808=DIRECTION('',(0.0,-1.0,0.0));
#3809=DIRECTION('',(0.0,0.0,-1.0));
#3810=ORIENTED_EDGE('',*,*,#4774,.T.);
#3811=ORIENTED_EDGE('',*,*,#5184,.F.);
#3812=ORIENTED_EDGE('',*,*,#5182,.T.);
#3813=ORIENTED_EDGE('',*,*,#5179,.T.);
#3814=CARTESIAN_POINT('',(0.0,25.2222000008534,0.0));
#3815=DIRECTION('',(-0.0,-1.0,-0.0));
#3816=DIRECTION('',(0.0,0.0,-1.0));
#3817=ORIENTED_EDGE('',*,*,#5173,.F.);
#3818=ORIENTED_EDGE('',*,*,#5170,.T.);
#3819=ORIENTED_EDGE('',*,*,#5172,.T.);
#3820=ORIENTED_EDGE('',*,*,#5175,.F.);
#3821=CARTESIAN_POINT('',(0.0,12.573,0.0));
#3822=DIRECTION('',(0.0,1.0,-0.0));
#3823=DIRECTION('',(-1.0,0.0,0.0));
#3824=ORIENTED_EDGE('',*,*,#5165,.F.);
#3825=ORIENTED_EDGE('',*,*,#5160,.F.);
#3826=ORIENTED_EDGE('',*,*,#4803,.T.);
#3827=ORIENTED_EDGE('',*,*,#5156,.F.);
#3828=ORIENTED_EDGE('',*,*,#5120,.T.);
#3829=ORIENTED_EDGE('',*,*,#4813,.T.);
#3830=ORIENTED_EDGE('',*,*,#5159,.T.);
#3831=ORIENTED_EDGE('',*,*,#5138,.T.);
#3832=ORIENTED_EDGE('',*,*,#4785,.T.);
#3833=ORIENTED_EDGE('',*,*,#4770,.F.);
#3834=ORIENTED_EDGE('',*,*,#5169,.F.);
#3835=ORIENTED_EDGE('',*,*,#4768,.T.);
#3836=ORIENTED_EDGE('',*,*,#5164,.F.);
#3837=ORIENTED_EDGE('',*,*,#5185,.T.);
#3838=ORIENTED_EDGE('',*,*,#5167,.F.);
#3839=CARTESIAN_POINT('',(0.0,12.5095,0.0));
#3840=DIRECTION('',(-0.0,-1.0,0.0));
#3841=DIRECTION('',(0.0,0.0,1.0));
#3842=ORIENTED_EDGE('',*,*,#5168,.T.);
#3843=ORIENTED_EDGE('',*,*,#5185,.F.);
#3844=ORIENTED_EDGE('',*,*,#5163,.T.);
#3845=CARTESIAN_POINT('',(0.0,12.6537513129598,0.0));
#3846=DIRECTION('',(-0.0,-1.0,0.0));
#3847=DIRECTION('',(0.0,0.0,1.0));
#3848=ORIENTED_EDGE('',*,*,#5186,.T.);
#3849=ORIENTED_EDGE('',*,*,#5187,.T.);
#3850=ORIENTED_EDGE('',*,*,#5089,.F.);
#3851=ORIENTED_EDGE('',*,*,#5188,.T.);
#3852=ORIENTED_EDGE('',*,*,#4998,.T.);
#3853=ORIENTED_EDGE('',*,*,#5189,.F.);
#3854=ORIENTED_EDGE('',*,*,#4758,.T.);
#3855=ORIENTED_EDGE('',*,*,#5190,.T.);
#3856=ORIENTED_EDGE('',*,*,#5094,.F.);
#3857=ORIENTED_EDGE('',*,*,#4836,.F.);
#3858=ORIENTED_EDGE('',*,*,#5100,.F.);
#3859=ORIENTED_EDGE('',*,*,#5092,.F.);
#3860=CARTESIAN_POINT('',(-6.4135,1.4732,-11.7613974162209));
#3861=DIRECTION('',(0.0,0.0,-1.0));
#3862=DIRECTION('',(0.0,1.0,0.0));
#3863=ORIENTED_EDGE('',*,*,#5191,.F.);
#3864=ORIENTED_EDGE('',*,*,#5095,.F.);
#3865=ORIENTED_EDGE('',*,*,#5190,.F.);
#3866=ORIENTED_EDGE('',*,*,#4755,.T.);
#3867=ORIENTED_EDGE('',*,*,#5192,.T.);
#3868=ORIENTED_EDGE('',*,*,#4767,.T.);
#3869=ORIENTED_EDGE('',*,*,#4764,.T.);
#3870=CARTESIAN_POINT('',(-6.35,2.9972,7.874));
#3871=DIRECTION('',(0.0,1.0,-0.0));
#3872=DIRECTION('',(1.0,0.0,0.0));
#3873=ORIENTED_EDGE('',*,*,#4765,.T.);
#3874=ORIENTED_EDGE('',*,*,#5192,.F.);
#3875=ORIENTED_EDGE('',*,*,#5193,.T.);
#3876=CARTESIAN_POINT('',(-6.35,2.63300383215808,7.869999999999));
#3877=DIRECTION('',(-0.0,-1.0,0.0));
#3878=DIRECTION('',(-1.0,0.0,0.0));
#3879=ORIENTED_EDGE('',*,*,#4763,.T.);
#3880=ORIENTED_EDGE('',*,*,#5194,.T.);
#3881=ORIENTED_EDGE('',*,*,#5193,.F.);
#3882=ORIENTED_EDGE('',*,*,#4754,.F.);
#3883=ORIENTED_EDGE('',*,*,#4757,.F.);
#3884=ORIENTED_EDGE('',*,*,#5195,.F.);
#3885=CARTESIAN_POINT('',(-6.35,2.6295201513378,7.869999999999));
#3886=DIRECTION('',(-0.0,-1.0,0.0));
#3887=DIRECTION('',(-1.0,0.0,0.0));
#3888=ORIENTED_EDGE('',*,*,#4756,.T.);
#3889=ORIENTED_EDGE('',*,*,#5191,.T.);
#3890=ORIENTED_EDGE('',*,*,#5195,.T.);
#3891=CARTESIAN_POINT('',(-6.35,2.9972,7.874));
#3892=DIRECTION('',(0.0,1.0,-0.0));
#3893=DIRECTION('',(1.0,0.0,0.0));
#3894=ORIENTED_EDGE('',*,*,#5096,.F.);
#3895=ORIENTED_EDGE('',*,*,#4760,.T.);
#3896=ORIENTED_EDGE('',*,*,#5196,.T.);
#3897=ORIENTED_EDGE('',*,*,#5021,.T.);
#3898=ORIENTED_EDGE('',*,*,#5197,.F.);
#3899=ORIENTED_EDGE('',*,*,#4750,.T.);
#3900=CARTESIAN_POINT('',(-8.00134451113978,1.4732,8.001));
#3901=DIRECTION('',(-1.0,0.0,0.0));
#3902=DIRECTION('',(0.0,1.0,0.0));
#3903=ORIENTED_EDGE('',*,*,#4747,.T.);
#3904=ORIENTED_EDGE('',*,*,#5198,.T.);
#3905=ORIENTED_EDGE('',*,*,#5199,.T.);
#3906=CARTESIAN_POINT('',(6.35,2.9972,7.874));
#3907=DIRECTION('',(0.0,1.0,-0.0));
#3908=DIRECTION('',(1.0,0.0,0.0));
#3909=ORIENTED_EDGE('',*,*,#4739,.T.);
#3910=ORIENTED_EDGE('',*,*,#5200,.T.);
#3911=ORIENTED_EDGE('',*,*,#5201,.F.);
#3912=ORIENTED_EDGE('',*,*,#4745,.F.);
#3913=ORIENTED_EDGE('',*,*,#4748,.F.);
#3914=ORIENTED_EDGE('',*,*,#5199,.F.);
#3915=CARTESIAN_POINT('',(6.35,2.6295201513378,7.869999999999));
#3916=DIRECTION('',(-0.0,-1.0,0.0));
#3917=DIRECTION('',(-1.0,0.0,0.0));
#3918=ORIENTED_EDGE('',*,*,#4741,.T.);
#3919=ORIENTED_EDGE('',*,*,#5202,.F.);
#3920=ORIENTED_EDGE('',*,*,#5201,.T.);
#3921=CARTESIAN_POINT('',(6.35,2.63300383215808,7.869999999999));
#3922=DIRECTION('',(-0.0,-1.0,0.0));
#3923=DIRECTION('',(-1.0,0.0,0.0));
#3924=ORIENTED_EDGE('',*,*,#5198,.F.);
#3925=ORIENTED_EDGE('',*,*,#5076,.F.);
#3926=ORIENTED_EDGE('',*,*,#5097,.F.);
#3927=ORIENTED_EDGE('',*,*,#4746,.T.);
#3928=ORIENTED_EDGE('',*,*,#5202,.T.);
#3929=ORIENTED_EDGE('',*,*,#4743,.T.);
#3930=ORIENTED_EDGE('',*,*,#4740,.T.);
#3931=CARTESIAN_POINT('',(6.35,2.9972,7.874));
#3932=DIRECTION('',(0.0,1.0,-0.0));
#3933=DIRECTION('',(1.0,0.0,0.0));
#3934=ORIENTED_EDGE('',*,*,#5200,.F.);
#3935=ORIENTED_EDGE('',*,*,#4742,.T.);
#3936=CARTESIAN_POINT('',(6.35,2.97000000000082,7.869999999999));
#3937=DIRECTION('',(0.0,-1.0,0.0));
#3938=DIRECTION('',(0.0,0.0,-1.0));
#3939=ORIENTED_EDGE('',*,*,#5197,.T.);
#3940=ORIENTED_EDGE('',*,*,#5203,.F.);
#3941=ORIENTED_EDGE('',*,*,#5077,.F.);
#3942=ORIENTED_EDGE('',*,*,#4751,.T.);
#3943=CARTESIAN_POINT('',(6.4135,1.4732,8.001));
#3944=DIRECTION('',(0.0,0.707106781186547,-0.707106781186547));
#3945=DIRECTION('',(0.0,0.707106781186547,0.707106781186547));
#3946=ORIENTED_EDGE('',*,*,#5203,.T.);
#3947=ORIENTED_EDGE('',*,*,#5020,.T.);
#3948=ORIENTED_EDGE('',*,*,#5204,.F.);
#3949=ORIENTED_EDGE('',*,*,#5040,.F.);
#3950=ORIENTED_EDGE('',*,*,#5041,.T.);
#3951=ORIENTED_EDGE('',*,*,#5204,.T.);
#3952=ORIENTED_EDGE('',*,*,#5019,.F.);
#3953=ORIENTED_EDGE('',*,*,#5013,.T.);
#3954=CARTESIAN_POINT('',(6.5405,-2.794,8.128));
#3955=DIRECTION('',(0.0,-1.0,0.0));
#3956=DIRECTION('',(1.0,0.0,0.0));
#3957=ORIENTED_EDGE('',*,*,#5189,.T.);
#3958=ORIENTED_EDGE('',*,*,#5017,.F.);
#3959=ORIENTED_EDGE('',*,*,#5196,.F.);
#3960=ORIENTED_EDGE('',*,*,#4759,.T.);
#3961=CARTESIAN_POINT('',(-6.4135,1.4732,8.001));
#3962=DIRECTION('',(0.0,-0.707106781186547,0.707106781186547));
#3963=DIRECTION('',(0.0,0.707106781186547,0.707106781186547));
#3964=ORIENTED_EDGE('',*,*,#5194,.F.);
#3965=ORIENTED_EDGE('',*,*,#4766,.T.);
#3966=CARTESIAN_POINT('',(-6.35,2.97000000000082,7.869999999999));
#3967=DIRECTION('',(0.0,-1.0,0.0));
#3968=DIRECTION('',(0.0,0.0,-1.0));
#3969=ORIENTED_EDGE('',*,*,#5188,.F.);
#3970=ORIENTED_EDGE('',*,*,#5205,.T.);
#3971=ORIENTED_EDGE('',*,*,#5206,.F.);
#3972=CARTESIAN_POINT('',(-6.4135,1.4732,-10.16));
#3973=DIRECTION('',(-0.707106781186547,-0.707106781186547,0.0));
#3974=DIRECTION('',(-0.707106781186547,0.707106781186547,0.0));
#3975=ORIENTED_EDGE('',*,*,#5206,.T.);
#3976=ORIENTED_EDGE('',*,*,#5048,.T.);
#3977=ORIENTED_EDGE('',*,*,#5207,.F.);
#3978=ORIENTED_EDGE('',*,*,#4999,.F.);
#3979=ORIENTED_EDGE('',*,*,#5000,.T.);
#3980=ORIENTED_EDGE('',*,*,#5207,.T.);
#3981=ORIENTED_EDGE('',*,*,#5047,.T.);
#3982=ORIENTED_EDGE('',*,*,#5008,.T.);
#3983=CARTESIAN_POINT('',(-6.5405,-2.794,-10.287));
#3984=DIRECTION('',(0.0,-1.0,0.0));
#3985=DIRECTION('',(1.0,0.0,0.0));
#3986=ORIENTED_EDGE('',*,*,#5205,.F.);
#3987=ORIENTED_EDGE('',*,*,#5088,.F.);
#3988=ORIENTED_EDGE('',*,*,#5074,.T.);
#3989=ORIENTED_EDGE('',*,*,#5049,.T.);
#3990=CARTESIAN_POINT('',(7.99538407363472,1.4732,-10.16));
#3991=DIRECTION('',(1.0,-0.0,0.0));
#3992=DIRECTION('',(0.0,1.0,0.0));
#3993=ORIENTED_EDGE('',*,*,#5208,.F.);
#3994=ORIENTED_EDGE('',*,*,#5090,.F.);
#3995=ORIENTED_EDGE('',*,*,#5187,.F.);
#3996=ORIENTED_EDGE('',*,*,#5209,.T.);
#3997=ORIENTED_EDGE('',*,*,#5210,.T.);
#3998=CARTESIAN_POINT('',(-6.35,2.9972,-6.35));
#3999=DIRECTION('',(0.0,1.0,-0.0));
#4000=DIRECTION('',(1.0,0.0,0.0));
#4001=ORIENTED_EDGE('',*,*,#5211,.T.);
#4002=ORIENTED_EDGE('',*,*,#5212,.F.);
#4003=ORIENTED_EDGE('',*,*,#5213,.F.);
#4004=ORIENTED_EDGE('',*,*,#5210,.F.);
#4005=CARTESIAN_POINT('',(-6.35,2.63299409051132,-6.35));
#4006=DIRECTION('',(-0.0,-1.0,0.0));
#4007=DIRECTION('',(-1.0,0.0,0.0));
#4008=ORIENTED_EDGE('',*,*,#5213,.T.);
#4009=ORIENTED_EDGE('',*,*,#5214,.T.);
#4010=ORIENTED_EDGE('',*,*,#5211,.F.);
#4011=ORIENTED_EDGE('',*,*,#5215,.F.);
#4012=CARTESIAN_POINT('',(-6.35,2.63299409051132,-6.35));
#4013=DIRECTION('',(-0.0,-1.0,0.0));
#4014=DIRECTION('',(-1.0,0.0,0.0));
#4015=ORIENTED_EDGE('',*,*,#5209,.F.);
#4016=ORIENTED_EDGE('',*,*,#5186,.F.);
#4017=ORIENTED_EDGE('',*,*,#5091,.F.);
#4018=ORIENTED_EDGE('',*,*,#5208,.T.);
#4019=ORIENTED_EDGE('',*,*,#5215,.T.);
#4020=CARTESIAN_POINT('',(-6.35,2.9972,-6.35));
#4021=DIRECTION('',(0.0,1.0,-0.0));
#4022=DIRECTION('',(1.0,0.0,0.0));
#4023=ORIENTED_EDGE('',*,*,#5214,.F.);
#4024=ORIENTED_EDGE('',*,*,#5212,.T.);
#4025=CARTESIAN_POINT('',(-6.35,2.97000000000082,-6.35));
#4026=DIRECTION('',(0.0,-1.0,0.0));
#4027=DIRECTION('',(0.0,0.0,-1.0));
#4028=ORIENTED_EDGE('',*,*,#5216,.F.);
#4029=ORIENTED_EDGE('',*,*,#5083,.F.);
#4030=ORIENTED_EDGE('',*,*,#5087,.F.);
#4031=ORIENTED_EDGE('',*,*,#5217,.T.);
#4032=ORIENTED_EDGE('',*,*,#5218,.T.);
#4033=CARTESIAN_POINT('',(6.35,2.9972,-6.35));
#4034=DIRECTION('',(0.0,1.0,-0.0));
#4035=DIRECTION('',(1.0,0.0,0.0));
#4036=ORIENTED_EDGE('',*,*,#5219,.T.);
#4037=ORIENTED_EDGE('',*,*,#5220,.F.);
#4038=ORIENTED_EDGE('',*,*,#5221,.F.);
#4039=ORIENTED_EDGE('',*,*,#5218,.F.);
#4040=CARTESIAN_POINT('',(6.35,2.63299409051132,-6.35));
#4041=DIRECTION('',(-0.0,-1.0,0.0));
#4042=DIRECTION('',(-1.0,0.0,0.0));
#4043=ORIENTED_EDGE('',*,*,#5221,.T.);
#4044=ORIENTED_EDGE('',*,*,#5222,.T.);
#4045=ORIENTED_EDGE('',*,*,#5219,.F.);
#4046=ORIENTED_EDGE('',*,*,#5223,.F.);
#4047=CARTESIAN_POINT('',(6.35,2.63299409051132,-6.35));
#4048=DIRECTION('',(-0.0,-1.0,0.0));
#4049=DIRECTION('',(-1.0,0.0,0.0));
#4050=ORIENTED_EDGE('',*,*,#5217,.F.);
#4051=ORIENTED_EDGE('',*,*,#5086,.F.);
#4052=ORIENTED_EDGE('',*,*,#5084,.F.);
#4053=ORIENTED_EDGE('',*,*,#5216,.T.);
#4054=ORIENTED_EDGE('',*,*,#5223,.T.);
#4055=CARTESIAN_POINT('',(6.35,2.9972,-6.35));
#4056=DIRECTION('',(0.0,1.0,-0.0));
#4057=DIRECTION('',(1.0,0.0,0.0));
#4058=ORIENTED_EDGE('',*,*,#5222,.F.);
#4059=ORIENTED_EDGE('',*,*,#5220,.T.);
#4060=CARTESIAN_POINT('',(6.35,2.97000000000082,-6.35));
#4061=DIRECTION('',(0.0,-1.0,0.0));
#4062=DIRECTION('',(0.0,0.0,-1.0));
#4063=ORIENTED_EDGE('',*,*,#5026,.T.);
#4064=ORIENTED_EDGE('',*,*,#5023,.T.);
#4065=ORIENTED_EDGE('',*,*,#5004,.F.);
#4066=ORIENTED_EDGE('',*,*,#4950,.F.);
#4067=CARTESIAN_POINT('',(7.94000000000126,-8.636,9.52999999999998));
#4068=DIRECTION('',(0.0,0.0,1.0));
#4069=DIRECTION('',(1.0,0.0,0.0));
#4070=ORIENTED_EDGE('',*,*,#4951,.T.);
#4071=ORIENTED_EDGE('',*,*,#5003,.F.);
#4072=ORIENTED_EDGE('',*,*,#4979,.F.);
#4073=ORIENTED_EDGE('',*,*,#4958,.F.);
#4074=CARTESIAN_POINT('',(-6.41999999999972,-13.847000000001,8.01000000000098));
#4075=DIRECTION('',(-0.707106781186547,0.707106781186547,0.0));
#4076=DIRECTION('',(-0.707106781186547,-0.707106781186547,0.0));
#4077=ORIENTED_EDGE('',*,*,#5224,.F.);
#4078=ORIENTED_EDGE('',*,*,#5225,.F.);
#4079=ORIENTED_EDGE('',*,*,#5226,.T.);
#4080=ORIENTED_EDGE('',*,*,#4972,.T.);
#4081=CARTESIAN_POINT('',(6.35,-14.605,7.869999999999));
#4082=DIRECTION('',(-0.0,1.0,-0.0));
#4083=DIRECTION('',(1.0,0.0,0.0));
#4084=ORIENTED_EDGE('',*,*,#5226,.F.);
#4085=ORIENTED_EDGE('',*,*,#5227,.T.);
#4086=ORIENTED_EDGE('',*,*,#5224,.T.);
#4087=ORIENTED_EDGE('',*,*,#4971,.T.);
#4088=CARTESIAN_POINT('',(6.35,-14.605,7.869999999999));
#4089=DIRECTION('',(-0.0,1.0,-0.0));
#4090=DIRECTION('',(1.0,0.0,0.0));
#4091=ORIENTED_EDGE('',*,*,#5225,.T.);
#4092=ORIENTED_EDGE('',*,*,#5227,.F.);
#4093=CARTESIAN_POINT('',(6.35,-14.986,7.869999999999));
#4094=DIRECTION('',(0.0,-1.0,0.0));
#4095=DIRECTION('',(0.0,0.0,-1.0));
#4096=ORIENTED_EDGE('',*,*,#5228,.F.);
#4097=ORIENTED_EDGE('',*,*,#5229,.F.);
#4098=ORIENTED_EDGE('',*,*,#5230,.T.);
#4099=ORIENTED_EDGE('',*,*,#4961,.T.);
#4100=CARTESIAN_POINT('',(-6.35,-14.605,7.869999999999));
#4101=DIRECTION('',(-0.0,1.0,-0.0));
#4102=DIRECTION('',(1.0,0.0,0.0));
#4103=ORIENTED_EDGE('',*,*,#5230,.F.);
#4104=ORIENTED_EDGE('',*,*,#5231,.T.);
#4105=ORIENTED_EDGE('',*,*,#5228,.T.);
#4106=ORIENTED_EDGE('',*,*,#4960,.T.);
#4107=CARTESIAN_POINT('',(-6.35,-14.605,7.869999999999));
#4108=DIRECTION('',(-0.0,1.0,-0.0));
#4109=DIRECTION('',(1.0,0.0,0.0));
#4110=ORIENTED_EDGE('',*,*,#5229,.T.);
#4111=ORIENTED_EDGE('',*,*,#5231,.F.);
#4112=CARTESIAN_POINT('',(-6.35,-14.986,7.869999999999));
#4113=DIRECTION('',(0.0,-1.0,0.0));
#4114=DIRECTION('',(0.0,0.0,-1.0));
#4115=ORIENTED_EDGE('',*,*,#5232,.F.);
#4116=ORIENTED_EDGE('',*,*,#5233,.F.);
#4117=ORIENTED_EDGE('',*,*,#5234,.T.);
#4118=ORIENTED_EDGE('',*,*,#4967,.T.);
#4119=CARTESIAN_POINT('',(-6.35,-14.605,-6.35));
#4120=DIRECTION('',(-0.0,1.0,-0.0));
#4121=DIRECTION('',(1.0,0.0,0.0));
#4122=ORIENTED_EDGE('',*,*,#5234,.F.);
#4123=ORIENTED_EDGE('',*,*,#5235,.T.);
#4124=ORIENTED_EDGE('',*,*,#5232,.T.);
#4125=ORIENTED_EDGE('',*,*,#4966,.T.);
#4126=CARTESIAN_POINT('',(-6.35,-14.605,-6.35));
#4127=DIRECTION('',(-0.0,1.0,-0.0));
#4128=DIRECTION('',(1.0,0.0,0.0));
#4129=ORIENTED_EDGE('',*,*,#5233,.T.);
#4130=ORIENTED_EDGE('',*,*,#5235,.F.);
#4131=CARTESIAN_POINT('',(-6.35,-14.986,-6.35));
#4132=DIRECTION('',(0.0,-1.0,0.0));
#4133=DIRECTION('',(0.0,0.0,-1.0));
#4134=ORIENTED_EDGE('',*,*,#5236,.F.);
#4135=ORIENTED_EDGE('',*,*,#5237,.F.);
#4136=ORIENTED_EDGE('',*,*,#5238,.T.);
#4137=ORIENTED_EDGE('',*,*,#4978,.T.);
#4138=CARTESIAN_POINT('',(6.35,-14.605,-6.35));
#4139=DIRECTION('',(-0.0,1.0,-0.0));
#4140=DIRECTION('',(1.0,0.0,0.0));
#4141=ORIENTED_EDGE('',*,*,#5238,.F.);
#4142=ORIENTED_EDGE('',*,*,#5239,.T.);
#4143=ORIENTED_EDGE('',*,*,#5236,.T.);
#4144=ORIENTED_EDGE('',*,*,#4977,.T.);
#4145=CARTESIAN_POINT('',(6.35,-14.605,-6.35));
#4146=DIRECTION('',(-0.0,1.0,-0.0));
#4147=DIRECTION('',(1.0,0.0,0.0));
#4148=ORIENTED_EDGE('',*,*,#5237,.T.);
#4149=ORIENTED_EDGE('',*,*,#5239,.F.);
#4150=CARTESIAN_POINT('',(6.35,-14.986,-6.35));
#4151=DIRECTION('',(0.0,-1.0,0.0));
#4152=DIRECTION('',(0.0,0.0,-1.0));
#4153=ORIENTED_EDGE('',*,*,#5240,.F.);
#4154=ORIENTED_EDGE('',*,*,#4925,.T.);
#4155=ORIENTED_EDGE('',*,*,#5241,.T.);
#4156=ORIENTED_EDGE('',*,*,#5242,.F.);
#4157=ORIENTED_EDGE('',*,*,#5243,.F.);
#4158=ORIENTED_EDGE('',*,*,#4869,.T.);
#4159=CARTESIAN_POINT('',(-2.2225,-12.5476,-9.8425));
#4160=DIRECTION('',(1.0,0.0,0.0));
#4161=DIRECTION('',(0.0,1.0,0.0));
#4162=ORIENTED_EDGE('',*,*,#5243,.T.);
#4163=ORIENTED_EDGE('',*,*,#5244,.F.);
#4164=ORIENTED_EDGE('',*,*,#5245,.F.);
#4165=ORIENTED_EDGE('',*,*,#4866,.T.);
#4166=CARTESIAN_POINT('',(-2.8575,-12.5476,-9.8425));
#4167=DIRECTION('',(0.0,0.0,-1.0));
#4168=DIRECTION('',(0.0,-1.0,0.0));
#4169=ORIENTED_EDGE('',*,*,#5245,.T.);
#4170=ORIENTED_EDGE('',*,*,#5246,.F.);
#4171=ORIENTED_EDGE('',*,*,#5247,.F.);
#4172=ORIENTED_EDGE('',*,*,#4921,.T.);
#4173=ORIENTED_EDGE('',*,*,#4733,.T.);
#4174=ORIENTED_EDGE('',*,*,#4867,.T.);
#4175=CARTESIAN_POINT('',(-2.8575,-12.5476,-9.2075));
#4176=DIRECTION('',(-1.0,0.0,0.0));
#4177=DIRECTION('',(0.0,0.0,1.0));
#4178=ORIENTED_EDGE('',*,*,#5248,.F.);
#4179=ORIENTED_EDGE('',*,*,#4923,.F.);
#4180=ORIENTED_EDGE('',*,*,#5249,.T.);
#4181=ORIENTED_EDGE('',*,*,#4870,.T.);
#4182=CARTESIAN_POINT('',(-2.54,-13.081,-9.55999999999986));
#4183=DIRECTION('',(0.0,-1.0,0.0));
#4184=DIRECTION('',(1.0,0.0,0.0));
#4185=ORIENTED_EDGE('',*,*,#4735,.T.);
#4186=ORIENTED_EDGE('',*,*,#4920,.F.);
#4187=ORIENTED_EDGE('',*,*,#5240,.T.);
#4188=ORIENTED_EDGE('',*,*,#4868,.T.);
#4189=CARTESIAN_POINT('',(-2.54,-13.081,-9.55999999999986));
#4190=DIRECTION('',(0.0,-1.0,0.0));
#4191=DIRECTION('',(1.0,0.0,0.0));
#4192=ORIENTED_EDGE('',*,*,#5249,.F.);
#4193=ORIENTED_EDGE('',*,*,#4922,.T.);
#4194=ORIENTED_EDGE('',*,*,#5247,.T.);
#4195=ORIENTED_EDGE('',*,*,#5250,.F.);
#4196=ORIENTED_EDGE('',*,*,#5241,.F.);
#4197=ORIENTED_EDGE('',*,*,#4924,.T.);
#4198=ORIENTED_EDGE('',*,*,#5248,.T.);
#4199=ORIENTED_EDGE('',*,*,#4871,.T.);
#4200=CARTESIAN_POINT('',(-2.2225,-12.5476,-9.2075));
#4201=DIRECTION('',(0.0,0.0,1.0));
#4202=DIRECTION('',(1.0,0.0,0.0));
#4203=ORIENTED_EDGE('',*,*,#5251,.T.);
#4204=ORIENTED_EDGE('',*,*,#5250,.T.);
#4205=ORIENTED_EDGE('',*,*,#5252,.F.);
#4206=ORIENTED_EDGE('',*,*,#5253,.F.);
#4207=CARTESIAN_POINT('',(-2.2225,-24.0038000000002,-9.4615));
#4208=DIRECTION('',(0.0,0.707106781186547,-0.707106781186547));
#4209=DIRECTION('',(-1.0,0.0,0.0));
#4210=ORIENTED_EDGE('',*,*,#5254,.T.);
#4211=ORIENTED_EDGE('',*,*,#5255,.T.);
#4212=ORIENTED_EDGE('',*,*,#5256,.T.);
#4213=ORIENTED_EDGE('',*,*,#5257,.T.);
#4214=CARTESIAN_POINT('',(0.0,-24.0038000000002,-9.525));
#4215=DIRECTION('',(0.0,-1.0,0.0));
#4216=DIRECTION('',(0.0,0.0,-1.0));
#4217=ORIENTED_EDGE('',*,*,#5253,.T.);
#4218=ORIENTED_EDGE('',*,*,#5258,.T.);
#4219=ORIENTED_EDGE('',*,*,#5259,.T.);
#4220=ORIENTED_EDGE('',*,*,#5260,.T.);
#4221=CARTESIAN_POINT('',(0.0,-24.0038000000002,-9.525));
#4222=DIRECTION('',(0.0,-1.0,0.0));
#4223=DIRECTION('',(0.0,0.0,-1.0));
#4224=ORIENTED_EDGE('',*,*,#5261,.T.);
#4225=ORIENTED_EDGE('',*,*,#5262,.T.);
#4226=ORIENTED_EDGE('',*,*,#5263,.T.);
#4227=ORIENTED_EDGE('',*,*,#5264,.T.);
#4228=CARTESIAN_POINT('',(0.0,-24.0038000000002,-9.525));
#4229=DIRECTION('',(0.0,-1.0,0.0));
#4230=DIRECTION('',(0.0,0.0,-1.0));
#4231=ORIENTED_EDGE('',*,*,#5265,.T.);
#4232=ORIENTED_EDGE('',*,*,#5266,.T.);
#4233=ORIENTED_EDGE('',*,*,#5267,.T.);
#4234=ORIENTED_EDGE('',*,*,#5268,.T.);
#4235=CARTESIAN_POINT('',(0.0,-24.0038000000002,-9.525));
#4236=DIRECTION('',(0.0,-1.0,0.0));
#4237=DIRECTION('',(0.0,0.0,-1.0));
#4238=ORIENTED_EDGE('',*,*,#5269,.T.);
#4239=ORIENTED_EDGE('',*,*,#5270,.T.);
#4240=ORIENTED_EDGE('',*,*,#5271,.T.);
#4241=ORIENTED_EDGE('',*,*,#5272,.T.);
#4242=CARTESIAN_POINT('',(0.0,-24.0038000000002,-9.525));
#4243=DIRECTION('',(0.0,-1.0,0.0));
#4244=DIRECTION('',(0.0,0.0,-1.0));
#4245=ORIENTED_EDGE('',*,*,#5273,.T.);
#4246=ORIENTED_EDGE('',*,*,#4892,.T.);
#4247=ORIENTED_EDGE('',*,*,#5274,.F.);
#4248=ORIENTED_EDGE('',*,*,#5257,.F.);
#4249=CARTESIAN_POINT('',(0.0635,-24.0038000000002,-9.8425));
#4250=DIRECTION('',(-0.707106781186547,0.707106781186547,0.0));
#4251=DIRECTION('',(0.0,0.0,1.0));
#4252=ORIENTED_EDGE('',*,*,#5274,.T.);
#4253=ORIENTED_EDGE('',*,*,#4904,.T.);
#4254=ORIENTED_EDGE('',*,*,#5275,.F.);
#4255=ORIENTED_EDGE('',*,*,#5254,.F.);
#4256=CARTESIAN_POINT('',(0.3175,-24.0038000000002,-9.4615));
#4257=DIRECTION('',(0.0,0.707106781186547,-0.707106781186547));
#4258=DIRECTION('',(-1.0,0.0,0.0));
#4259=ORIENTED_EDGE('',*,*,#5275,.T.);
#4260=ORIENTED_EDGE('',*,*,#4896,.T.);
#4261=ORIENTED_EDGE('',*,*,#5276,.F.);
#4262=ORIENTED_EDGE('',*,*,#5255,.F.);
#4263=CARTESIAN_POINT('',(-0.0635,-24.0038000000002,-9.2075));
#4264=DIRECTION('',(0.707106781186547,0.707106781186547,0.0));
#4265=DIRECTION('',(0.0,0.0,-1.0));
#4266=ORIENTED_EDGE('',*,*,#5276,.T.);
#4267=ORIENTED_EDGE('',*,*,#4894,.T.);
#4268=ORIENTED_EDGE('',*,*,#5273,.F.);
#4269=ORIENTED_EDGE('',*,*,#5256,.F.);
#4270=CARTESIAN_POINT('',(-0.3175,-24.0038000000002,-9.5885));
#4271=DIRECTION('',(0.0,0.707106781186547,0.707106781186547));
#4272=DIRECTION('',(1.0,0.0,-0.0));
#4273=ORIENTED_EDGE('',*,*,#5277,.T.);
#4274=ORIENTED_EDGE('',*,*,#5242,.T.);
#4275=ORIENTED_EDGE('',*,*,#5251,.F.);
#4276=ORIENTED_EDGE('',*,*,#5260,.F.);
#4277=CARTESIAN_POINT('',(-2.4765,-24.0038000000002,-9.8425));
#4278=DIRECTION('',(-0.707106781186547,0.707106781186547,0.0));
#4279=DIRECTION('',(0.0,0.0,1.0));
#4280=ORIENTED_EDGE('',*,*,#5278,.T.);
#4281=ORIENTED_EDGE('',*,*,#5244,.T.);
#4282=ORIENTED_EDGE('',*,*,#5277,.F.);
#4283=ORIENTED_EDGE('',*,*,#5259,.F.);
#4284=CARTESIAN_POINT('',(-2.8575,-24.0038000000002,-9.5885));
#4285=DIRECTION('',(0.0,0.707106781186547,0.707106781186547));
#4286=DIRECTION('',(1.0,0.0,-0.0));
#4287=ORIENTED_EDGE('',*,*,#5252,.T.);
#4288=ORIENTED_EDGE('',*,*,#5246,.T.);
#4289=ORIENTED_EDGE('',*,*,#5278,.F.);
#4290=ORIENTED_EDGE('',*,*,#5258,.F.);
#4291=CARTESIAN_POINT('',(-2.6035,-24.0038000000002,-9.2075));
#4292=DIRECTION('',(0.707106781186547,0.707106781186547,0.0));
#4293=DIRECTION('',(0.0,0.0,-1.0));
#4294=ORIENTED_EDGE('',*,*,#5279,.T.);
#4295=ORIENTED_EDGE('',*,*,#5280,.T.);
#4296=ORIENTED_EDGE('',*,*,#5281,.F.);
#4297=ORIENTED_EDGE('',*,*,#5264,.F.);
#4298=CARTESIAN_POINT('',(-5.0165,-24.0038000000002,-9.8425));
#4299=DIRECTION('',(-0.707106781186547,0.707106781186547,0.0));
#4300=DIRECTION('',(0.0,0.0,1.0));
#4301=ORIENTED_EDGE('',*,*,#5281,.T.);
#4302=ORIENTED_EDGE('',*,*,#5282,.T.);
#4303=ORIENTED_EDGE('',*,*,#5283,.F.);
#4304=ORIENTED_EDGE('',*,*,#5261,.F.);
#4305=CARTESIAN_POINT('',(-4.7625,-24.0038000000002,-9.4615));
#4306=DIRECTION('',(0.0,0.707106781186547,-0.707106781186547));
#4307=DIRECTION('',(-1.0,0.0,0.0));
#4308=ORIENTED_EDGE('',*,*,#5283,.T.);
#4309=ORIENTED_EDGE('',*,*,#5284,.T.);
#4310=ORIENTED_EDGE('',*,*,#5285,.F.);
#4311=ORIENTED_EDGE('',*,*,#5262,.F.);
#4312=CARTESIAN_POINT('',(-5.1435,-24.0038000000002,-9.2075));
#4313=DIRECTION('',(0.707106781186547,0.707106781186547,0.0));
#4314=DIRECTION('',(0.0,0.0,-1.0));
#4315=ORIENTED_EDGE('',*,*,#5285,.T.);
#4316=ORIENTED_EDGE('',*,*,#4857,.T.);
#4317=ORIENTED_EDGE('',*,*,#5279,.F.);
#4318=ORIENTED_EDGE('',*,*,#5263,.F.);
#4319=CARTESIAN_POINT('',(-5.3975,-24.0038000000002,-9.5885));
#4320=DIRECTION('',(0.0,0.707106781186547,0.707106781186547));
#4321=DIRECTION('',(1.0,0.0,-0.0));
#4322=ORIENTED_EDGE('',*,*,#4858,.T.);
#4323=ORIENTED_EDGE('',*,*,#5284,.F.);
#4324=ORIENTED_EDGE('',*,*,#5286,.F.);
#4325=ORIENTED_EDGE('',*,*,#4927,.T.);
#4326=ORIENTED_EDGE('',*,*,#4726,.T.);
#4327=ORIENTED_EDGE('',*,*,#4872,.T.);
#4328=CARTESIAN_POINT('',(-5.3975,-12.5476,-9.2075));
#4329=DIRECTION('',(-1.0,0.0,0.0));
#4330=DIRECTION('',(0.0,0.0,1.0));
#4331=ORIENTED_EDGE('',*,*,#5287,.F.);
#4332=ORIENTED_EDGE('',*,*,#4929,.F.);
#4333=ORIENTED_EDGE('',*,*,#5288,.T.);
#4334=ORIENTED_EDGE('',*,*,#4875,.T.);
#4335=CARTESIAN_POINT('',(-5.08,-13.081,-9.55999999999986));
#4336=DIRECTION('',(0.0,-1.0,0.0));
#4337=DIRECTION('',(1.0,0.0,0.0));
#4338=ORIENTED_EDGE('',*,*,#4728,.T.);
#4339=ORIENTED_EDGE('',*,*,#4926,.F.);
#4340=ORIENTED_EDGE('',*,*,#5289,.T.);
#4341=ORIENTED_EDGE('',*,*,#4873,.T.);
#4342=CARTESIAN_POINT('',(-5.08,-13.081,-9.55999999999986));
#4343=DIRECTION('',(0.0,-1.0,0.0));
#4344=DIRECTION('',(1.0,0.0,0.0));
#4345=ORIENTED_EDGE('',*,*,#5288,.F.);
#4346=ORIENTED_EDGE('',*,*,#4928,.T.);
#4347=ORIENTED_EDGE('',*,*,#5286,.T.);
#4348=ORIENTED_EDGE('',*,*,#5282,.F.);
#4349=ORIENTED_EDGE('',*,*,#5290,.F.);
#4350=ORIENTED_EDGE('',*,*,#4930,.T.);
#4351=ORIENTED_EDGE('',*,*,#5287,.T.);
#4352=ORIENTED_EDGE('',*,*,#4876,.T.);
#4353=CARTESIAN_POINT('',(-4.7625,-12.5476,-9.2075));
#4354=DIRECTION('',(0.0,0.0,1.0));
#4355=DIRECTION('',(1.0,0.0,0.0));
#4356=ORIENTED_EDGE('',*,*,#5289,.F.);
#4357=ORIENTED_EDGE('',*,*,#4931,.T.);
#4358=ORIENTED_EDGE('',*,*,#5290,.T.);
#4359=ORIENTED_EDGE('',*,*,#5280,.F.);
#4360=ORIENTED_EDGE('',*,*,#4856,.F.);
#4361=ORIENTED_EDGE('',*,*,#4874,.T.);
#4362=CARTESIAN_POINT('',(-4.7625,-12.5476,-9.8425));
#4363=DIRECTION('',(1.0,0.0,0.0));
#4364=DIRECTION('',(0.0,1.0,0.0));
#4365=ORIENTED_EDGE('',*,*,#5291,.T.);
#4366=ORIENTED_EDGE('',*,*,#5292,.T.);
#4367=ORIENTED_EDGE('',*,*,#5293,.F.);
#4368=ORIENTED_EDGE('',*,*,#5268,.F.);
#4369=CARTESIAN_POINT('',(2.6035,-24.0038000000002,-9.8425));
#4370=DIRECTION('',(-0.707106781186547,0.707106781186547,0.0));
#4371=DIRECTION('',(0.0,0.0,1.0));
#4372=ORIENTED_EDGE('',*,*,#5293,.T.);
#4373=ORIENTED_EDGE('',*,*,#5294,.T.);
#4374=ORIENTED_EDGE('',*,*,#5295,.F.);
#4375=ORIENTED_EDGE('',*,*,#5265,.F.);
#4376=CARTESIAN_POINT('',(2.8575,-24.0038000000002,-9.4615));
#4377=DIRECTION('',(0.0,0.707106781186547,-0.707106781186547));
#4378=DIRECTION('',(-1.0,0.0,0.0));
#4379=ORIENTED_EDGE('',*,*,#5295,.T.);
#4380=ORIENTED_EDGE('',*,*,#5296,.T.);
#4381=ORIENTED_EDGE('',*,*,#5297,.F.);
#4382=ORIENTED_EDGE('',*,*,#5266,.F.);
#4383=CARTESIAN_POINT('',(2.4765,-24.0038000000002,-9.2075));
#4384=DIRECTION('',(0.707106781186547,0.707106781186547,0.0));
#4385=DIRECTION('',(0.0,0.0,-1.0));
#4386=ORIENTED_EDGE('',*,*,#5297,.T.);
#4387=ORIENTED_EDGE('',*,*,#5298,.T.);
#4388=ORIENTED_EDGE('',*,*,#5291,.F.);
#4389=ORIENTED_EDGE('',*,*,#5267,.F.);
#4390=CARTESIAN_POINT('',(2.2225,-24.0038000000002,-9.5885));
#4391=DIRECTION('',(0.0,0.707106781186547,0.707106781186547));
#4392=DIRECTION('',(1.0,0.0,-0.0));
#4393=ORIENTED_EDGE('',*,*,#5299,.T.);
#4394=ORIENTED_EDGE('',*,*,#5298,.F.);
#4395=ORIENTED_EDGE('',*,*,#5300,.F.);
#4396=ORIENTED_EDGE('',*,*,#4877,.T.);
#4397=CARTESIAN_POINT('',(2.2225,-12.5476,-9.8425));
#4398=DIRECTION('',(0.0,0.0,-1.0));
#4399=DIRECTION('',(0.0,-1.0,0.0));
#4400=ORIENTED_EDGE('',*,*,#5300,.T.);
#4401=ORIENTED_EDGE('',*,*,#5296,.F.);
#4402=ORIENTED_EDGE('',*,*,#5301,.F.);
#4403=ORIENTED_EDGE('',*,*,#4933,.T.);
#4404=ORIENTED_EDGE('',*,*,#4719,.T.);
#4405=ORIENTED_EDGE('',*,*,#4878,.T.);
#4406=CARTESIAN_POINT('',(2.2225,-12.5476,-9.2075));
#4407=DIRECTION('',(-1.0,0.0,0.0));
#4408=DIRECTION('',(0.0,0.0,1.0));
#4409=ORIENTED_EDGE('',*,*,#5302,.F.);
#4410=ORIENTED_EDGE('',*,*,#4935,.F.);
#4411=ORIENTED_EDGE('',*,*,#5303,.T.);
#4412=ORIENTED_EDGE('',*,*,#4881,.T.);
#4413=CARTESIAN_POINT('',(2.54,-13.081,-9.55999999999986));
#4414=DIRECTION('',(0.0,-1.0,0.0));
#4415=DIRECTION('',(1.0,0.0,0.0));
#4416=ORIENTED_EDGE('',*,*,#4721,.T.);
#4417=ORIENTED_EDGE('',*,*,#4932,.F.);
#4418=ORIENTED_EDGE('',*,*,#5304,.T.);
#4419=ORIENTED_EDGE('',*,*,#4879,.T.);
#4420=CARTESIAN_POINT('',(2.54,-13.081,-9.55999999999986));
#4421=DIRECTION('',(0.0,-1.0,0.0));
#4422=DIRECTION('',(1.0,0.0,0.0));
#4423=ORIENTED_EDGE('',*,*,#5303,.F.);
#4424=ORIENTED_EDGE('',*,*,#4934,.T.);
#4425=ORIENTED_EDGE('',*,*,#5301,.T.);
#4426=ORIENTED_EDGE('',*,*,#5294,.F.);
#4427=ORIENTED_EDGE('',*,*,#5305,.F.);
#4428=ORIENTED_EDGE('',*,*,#4936,.T.);
#4429=ORIENTED_EDGE('',*,*,#5302,.T.);
#4430=ORIENTED_EDGE('',*,*,#4882,.T.);
#4431=CARTESIAN_POINT('',(2.8575,-12.5476,-9.2075));
#4432=DIRECTION('',(0.0,0.0,1.0));
#4433=DIRECTION('',(1.0,0.0,0.0));
#4434=ORIENTED_EDGE('',*,*,#5304,.F.);
#4435=ORIENTED_EDGE('',*,*,#4937,.T.);
#4436=ORIENTED_EDGE('',*,*,#5305,.T.);
#4437=ORIENTED_EDGE('',*,*,#5292,.F.);
#4438=ORIENTED_EDGE('',*,*,#5299,.F.);
#4439=ORIENTED_EDGE('',*,*,#4880,.T.);
#4440=CARTESIAN_POINT('',(2.8575,-12.5476,-9.8425));
#4441=DIRECTION('',(1.0,0.0,0.0));
#4442=DIRECTION('',(0.0,1.0,0.0));
#4443=ORIENTED_EDGE('',*,*,#5306,.T.);
#4444=ORIENTED_EDGE('',*,*,#5307,.T.);
#4445=ORIENTED_EDGE('',*,*,#5308,.F.);
#4446=ORIENTED_EDGE('',*,*,#5272,.F.);
#4447=CARTESIAN_POINT('',(5.1435,-24.0038000000002,-9.8425));
#4448=DIRECTION('',(-0.707106781186547,0.707106781186547,0.0));
#4449=DIRECTION('',(0.0,0.0,1.0));
#4450=ORIENTED_EDGE('',*,*,#5308,.T.);
#4451=ORIENTED_EDGE('',*,*,#5309,.T.);
#4452=ORIENTED_EDGE('',*,*,#5310,.F.);
#4453=ORIENTED_EDGE('',*,*,#5269,.F.);
#4454=CARTESIAN_POINT('',(5.3975,-24.0038000000002,-9.4615));
#4455=DIRECTION('',(0.0,0.707106781186547,-0.707106781186547));
#4456=DIRECTION('',(-1.0,0.0,0.0));
#4457=ORIENTED_EDGE('',*,*,#5310,.T.);
#4458=ORIENTED_EDGE('',*,*,#5311,.T.);
#4459=ORIENTED_EDGE('',*,*,#5312,.F.);
#4460=ORIENTED_EDGE('',*,*,#5270,.F.);
#4461=CARTESIAN_POINT('',(5.0165,-24.0038000000002,-9.2075));
#4462=DIRECTION('',(0.707106781186547,0.707106781186547,0.0));
#4463=DIRECTION('',(0.0,0.0,-1.0));
#4464=ORIENTED_EDGE('',*,*,#5312,.T.);
#4465=ORIENTED_EDGE('',*,*,#5313,.T.);
#4466=ORIENTED_EDGE('',*,*,#5306,.F.);
#4467=ORIENTED_EDGE('',*,*,#5271,.F.);
#4468=CARTESIAN_POINT('',(4.7625,-24.0038000000002,-9.5885));
#4469=DIRECTION('',(0.0,0.707106781186547,0.707106781186547));
#4470=DIRECTION('',(1.0,0.0,-0.0));
#4471=ORIENTED_EDGE('',*,*,#5314,.T.);
#4472=ORIENTED_EDGE('',*,*,#5313,.F.);
#4473=ORIENTED_EDGE('',*,*,#5315,.F.);
#4474=ORIENTED_EDGE('',*,*,#4883,.T.);
#4475=CARTESIAN_POINT('',(4.7625,-12.5476,-9.8425));
#4476=DIRECTION('',(0.0,0.0,-1.0));
#4477=DIRECTION('',(0.0,-1.0,0.0));
#4478=ORIENTED_EDGE('',*,*,#5315,.T.);
#4479=ORIENTED_EDGE('',*,*,#5311,.F.);
#4480=ORIENTED_EDGE('',*,*,#5316,.F.);
#4481=ORIENTED_EDGE('',*,*,#4939,.T.);
#4482=ORIENTED_EDGE('',*,*,#4712,.T.);
#4483=ORIENTED_EDGE('',*,*,#4884,.T.);
#4484=CARTESIAN_POINT('',(4.7625,-12.5476,-9.2075));
#4485=DIRECTION('',(-1.0,0.0,0.0));
#4486=DIRECTION('',(0.0,0.0,1.0));
#4487=ORIENTED_EDGE('',*,*,#5317,.F.);
#4488=ORIENTED_EDGE('',*,*,#4941,.F.);
#4489=ORIENTED_EDGE('',*,*,#5318,.T.);
#4490=ORIENTED_EDGE('',*,*,#4887,.T.);
#4491=CARTESIAN_POINT('',(5.08,-13.081,-9.55999999999986));
#4492=DIRECTION('',(0.0,-1.0,0.0));
#4493=DIRECTION('',(1.0,0.0,0.0));
#4494=ORIENTED_EDGE('',*,*,#4714,.T.);
#4495=ORIENTED_EDGE('',*,*,#4938,.F.);
#4496=ORIENTED_EDGE('',*,*,#5319,.T.);
#4497=ORIENTED_EDGE('',*,*,#4885,.T.);
#4498=CARTESIAN_POINT('',(5.08,-13.081,-9.55999999999986));
#4499=DIRECTION('',(0.0,-1.0,0.0));
#4500=DIRECTION('',(1.0,0.0,0.0));
#4501=ORIENTED_EDGE('',*,*,#5318,.F.);
#4502=ORIENTED_EDGE('',*,*,#4940,.T.);
#4503=ORIENTED_EDGE('',*,*,#5316,.T.);
#4504=ORIENTED_EDGE('',*,*,#5309,.F.);
#4505=ORIENTED_EDGE('',*,*,#5320,.F.);
#4506=ORIENTED_EDGE('',*,*,#4942,.T.);
#4507=ORIENTED_EDGE('',*,*,#5317,.T.);
#4508=ORIENTED_EDGE('',*,*,#4888,.T.);
#4509=CARTESIAN_POINT('',(5.3975,-12.5476,-9.2075));
#4510=DIRECTION('',(0.0,0.0,1.0));
#4511=DIRECTION('',(1.0,0.0,0.0));
#4512=ORIENTED_EDGE('',*,*,#5319,.F.);
#4513=ORIENTED_EDGE('',*,*,#4943,.T.);
#4514=ORIENTED_EDGE('',*,*,#5320,.T.);
#4515=ORIENTED_EDGE('',*,*,#5307,.F.);
#4516=ORIENTED_EDGE('',*,*,#5314,.F.);
#4517=ORIENTED_EDGE('',*,*,#4886,.T.);
#4518=CARTESIAN_POINT('',(5.3975,-12.5476,-9.8425));
#4519=DIRECTION('',(1.0,0.0,0.0));
#4520=DIRECTION('',(0.0,1.0,0.0));
#4521=EDGE_LOOP('',(#5321,#5322,#5323,#5324));
#4522=AXIS2_PLACEMENT_3D('',#5325,#5326,#5327);
#4523=EDGE_LOOP('',(#5328,#5329));
#4524=EDGE_LOOP('',(#5330,#5331));
#4525=AXIS2_PLACEMENT_3D('',#5332,#5333,#5334);
#4526=EDGE_LOOP('',(#5335,#5336,#5337,#5338));
#4527=AXIS2_PLACEMENT_3D('',#5339,#5340,#5341);
#4528=EDGE_LOOP('',(#5342,#5343));
#4529=EDGE_LOOP('',(#5344,#5345));
#4530=AXIS2_PLACEMENT_3D('',#5346,#5347,#5348);
#4531=EDGE_LOOP('',(#5349,#5350,#5351,#5352));
#4532=AXIS2_PLACEMENT_3D('',#5353,#5354,#5355);
#4533=EDGE_LOOP('',(#5356,#5357,#5358,#5359));
#4534=AXIS2_PLACEMENT_3D('',#5360,#5361,#5362);
#4535=EDGE_LOOP('',(#5363,#5364,#5365));
#4536=AXIS2_PLACEMENT_3D('',#5366,#5367,#5368);
#4537=EDGE_LOOP('',(#5369,#5370,#5371,#5372));
#4538=AXIS2_PLACEMENT_3D('',#5373,#5374,#5375);
#4539=EDGE_LOOP('',(#5376,#5377,#5378));
#4540=AXIS2_PLACEMENT_3D('',#5379,#5380,#5381);
#4541=EDGE_LOOP('',(#5382,#5383,#5384,#5385));
#4542=AXIS2_PLACEMENT_3D('',#5386,#5387,#5388);
#4543=EDGE_LOOP('',(#5389,#5390,#5391,#5392,#5393,#5394));
#4544=AXIS2_PLACEMENT_3D('',#5395,#5396,#5397);
#4545=EDGE_LOOP('',(#5398,#5399));
#4546=EDGE_LOOP('',(#5400,#5401));
#4547=AXIS2_PLACEMENT_3D('',#5402,#5403,#5404);
#4548=EDGE_LOOP('',(#5405,#5406,#5407));
#4549=AXIS2_PLACEMENT_3D('',#5408,#5409,#5410);
#4550=EDGE_LOOP('',(#5411,#5412,#5413,#5414,#5415,#5416));
#4551=AXIS2_PLACEMENT_3D('',#5417,#5418,#5419);
#4552=EDGE_LOOP('',(#5420,#5421,#5422));
#4553=AXIS2_PLACEMENT_3D('',#5423,#5424,#5425);
#4554=EDGE_LOOP('',(#5426,#5427,#5428,#5429,#5430,#5431,#5432,#5433,#5434,#5435));
#4555=AXIS2_PLACEMENT_3D('',#5436,#5437,#5438);
#4556=EDGE_LOOP('',(#5439,#5440,#5441,#5442));
#4557=AXIS2_PLACEMENT_3D('',#5443,#5444,#5445);
#4558=EDGE_LOOP('',(#5446,#5447,#5448,#5449));
#4559=AXIS2_PLACEMENT_3D('',#5450,#5451,#5452);
#4560=EDGE_LOOP('',(#5453,#5454,#5455,#5456));
#4561=AXIS2_PLACEMENT_3D('',#5457,#5458,#5459);
#4562=EDGE_LOOP('',(#5460,#5461,#5462,#5463));
#4563=AXIS2_PLACEMENT_3D('',#5464,#5465,#5466);
#4564=EDGE_LOOP('',(#5467,#5468,#5469,#5470));
#4565=AXIS2_PLACEMENT_3D('',#5471,#5472,#5473);
#4566=EDGE_LOOP('',(#5474,#5475,#5476,#5477));
#4567=AXIS2_PLACEMENT_3D('',#5478,#5479,#5480);
#4568=EDGE_LOOP('',(#5481,#5482,#5483,#5484));
#4569=AXIS2_PLACEMENT_3D('',#5485,#5486,#5487);
#4570=EDGE_LOOP('',(#5488,#5489,#5490,#5491));
#4571=AXIS2_PLACEMENT_3D('',#5492,#5493,#5494);
#4572=EDGE_LOOP('',(#5495,#5496,#5497,#5498));
#4573=AXIS2_PLACEMENT_3D('',#5499,#5500,#5501);
#4574=EDGE_LOOP('',(#5502,#5503,#5504,#5505));
#4575=AXIS2_PLACEMENT_3D('',#5506,#5507,#5508);
#4576=EDGE_LOOP('',(#5509,#5510,#5511,#5512,#5513,#5514,#5515,#5516,#5517,#5518));
#4577=AXIS2_PLACEMENT_3D('',#5519,#5520,#5521);
#4578=EDGE_LOOP('',(#5522,#5523,#5524,#5525));
#4579=AXIS2_PLACEMENT_3D('',#5526,#5527,#5528);
#4580=EDGE_LOOP('',(#5529,#5530));
#4581=EDGE_LOOP('',(#5531,#5532));
#4582=AXIS2_PLACEMENT_3D('',#5533,#5534,#5535);
#4583=EDGE_LOOP('',(#5536,#5537,#5538,#5539));
#4584=AXIS2_PLACEMENT_3D('',#5540,#5541,#5542);
#4585=EDGE_LOOP('',(#5543,#5544));
#4586=EDGE_LOOP('',(#5545,#5546));
#4587=AXIS2_PLACEMENT_3D('',#5547,#5548,#5549);
#4588=EDGE_LOOP('',(#5550,#5551,#5552,#5553));
#4589=AXIS2_PLACEMENT_3D('',#5554,#5555,#5556);
#4590=EDGE_LOOP('',(#5557,#5558,#5559,#5560));
#4591=AXIS2_PLACEMENT_3D('',#5561,#5562,#5563);
#4592=EDGE_LOOP('',(#5564,#5565,#5566));
#4593=AXIS2_PLACEMENT_3D('',#5567,#5568,#5569);
#4594=EDGE_LOOP('',(#5570,#5571,#5572,#5573));
#4595=AXIS2_PLACEMENT_3D('',#5574,#5575,#5576);
#4596=EDGE_LOOP('',(#5577,#5578,#5579));
#4597=AXIS2_PLACEMENT_3D('',#5580,#5581,#5582);
#4598=EDGE_LOOP('',(#5583,#5584,#5585,#5586));
#4599=AXIS2_PLACEMENT_3D('',#5587,#5588,#5589);
#4600=EDGE_LOOP('',(#5590,#5591,#5592,#5593,#5594,#5595));
#4601=AXIS2_PLACEMENT_3D('',#5596,#5597,#5598);
#4602=EDGE_LOOP('',(#5599,#5600));
#4603=EDGE_LOOP('',(#5601,#5602));
#4604=AXIS2_PLACEMENT_3D('',#5603,#5604,#5605);
#4605=EDGE_LOOP('',(#5606,#5607,#5608));
#4606=AXIS2_PLACEMENT_3D('',#5609,#5610,#5611);
#4607=EDGE_LOOP('',(#5612,#5613,#5614,#5615,#5616,#5617));
#4608=AXIS2_PLACEMENT_3D('',#5618,#5619,#5620);
#4609=EDGE_LOOP('',(#5621,#5622,#5623));
#4610=AXIS2_PLACEMENT_3D('',#5624,#5625,#5626);
#4611=EDGE_LOOP('',(#5627,#5628,#5629,#5630));
#4612=AXIS2_PLACEMENT_3D('',#5631,#5632,#5633);
#4613=EDGE_LOOP('',(#5634,#5635));
#4614=EDGE_LOOP('',(#5636,#5637));
#4615=AXIS2_PLACEMENT_3D('',#5638,#5639,#5640);
#4616=EDGE_LOOP('',(#5641,#5642,#5643,#5644));
#4617=AXIS2_PLACEMENT_3D('',#5645,#5646,#5647);
#4618=EDGE_LOOP('',(#5648,#5649));
#4619=EDGE_LOOP('',(#5650,#5651));
#4620=AXIS2_PLACEMENT_3D('',#5652,#5653,#5654);
#4621=EDGE_LOOP('',(#5655,#5656,#5657,#5658));
#4622=AXIS2_PLACEMENT_3D('',#5659,#5660,#5661);
#4623=EDGE_LOOP('',(#5662,#5663,#5664,#5665));
#4624=AXIS2_PLACEMENT_3D('',#5666,#5667,#5668);
#4625=EDGE_LOOP('',(#5669,#5670,#5671,#5672));
#4626=AXIS2_PLACEMENT_3D('',#5673,#5674,#5675);
#4627=EDGE_LOOP('',(#5676,#5677));
#4628=EDGE_LOOP('',(#5678,#5679));
#4629=AXIS2_PLACEMENT_3D('',#5680,#5681,#5682);
#4630=EDGE_LOOP('',(#5683,#5684,#5685,#5686));
#4631=AXIS2_PLACEMENT_3D('',#5687,#5688,#5689);
#4632=EDGE_LOOP('',(#5690,#5691,#5692,#5693));
#4633=AXIS2_PLACEMENT_3D('',#5694,#5695,#5696);
#4634=EDGE_LOOP('',(#5697,#5698,#5699,#5700));
#4635=AXIS2_PLACEMENT_3D('',#5701,#5702,#5703);
#4636=EDGE_LOOP('',(#5704,#5705,#5706,#5707));
#4637=AXIS2_PLACEMENT_3D('',#5708,#5709,#5710);
#4638=EDGE_LOOP('',(#5711,#5712));
#4639=EDGE_LOOP('',(#5713,#5714));
#4640=AXIS2_PLACEMENT_3D('',#5715,#5716,#5717);
#4641=EDGE_LOOP('',(#5718,#5719,#5720,#5721));
#4642=AXIS2_PLACEMENT_3D('',#5722,#5723,#5724);
#4643=EDGE_LOOP('',(#5725,#5726));
#4644=EDGE_LOOP('',(#5727,#5728));
#4645=AXIS2_PLACEMENT_3D('',#5729,#5730,#5731);
#4646=EDGE_LOOP('',(#5732,#5733,#5734,#5735));
#4647=AXIS2_PLACEMENT_3D('',#5736,#5737,#5738);
#4648=EDGE_LOOP('',(#5739,#5740,#5741,#5742));
#4649=AXIS2_PLACEMENT_3D('',#5743,#5744,#5745);
#4650=EDGE_LOOP('',(#5746,#5747,#5748,#5749));
#4651=AXIS2_PLACEMENT_3D('',#5750,#5751,#5752);
#4652=EDGE_LOOP('',(#5753,#5754));
#4653=EDGE_LOOP('',(#5755,#5756));
#4654=AXIS2_PLACEMENT_3D('',#5757,#5758,#5759);
#4655=EDGE_LOOP('',(#5760,#5761,#5762,#5763));
#4656=AXIS2_PLACEMENT_3D('',#5764,#5765,#5766);
#4657=EDGE_LOOP('',(#5767,#5768,#5769,#5770));
#4658=AXIS2_PLACEMENT_3D('',#5771,#5772,#5773);
#4659=EDGE_LOOP('',(#5774,#5775,#5776,#5777));
#4660=AXIS2_PLACEMENT_3D('',#5778,#5779,#5780);
#4661=EDGE_LOOP('',(#5781,#5782,#5783,#5784));
#4662=AXIS2_PLACEMENT_3D('',#5785,#5786,#5787);
#4663=EDGE_LOOP('',(#5788,#5789,#5790,#5791));
#4664=AXIS2_PLACEMENT_3D('',#5792,#5793,#5794);
#4665=EDGE_LOOP('',(#5795,#5796,#5797));
#4666=AXIS2_PLACEMENT_3D('',#5798,#5799,#5800);
#4667=EDGE_LOOP('',(#5801,#5802,#5803,#5804));
#4668=AXIS2_PLACEMENT_3D('',#5805,#5806,#5807);
#4669=EDGE_LOOP('',(#5808,#5809,#5810));
#4670=AXIS2_PLACEMENT_3D('',#5811,#5812,#5813);
#4671=EDGE_LOOP('',(#5814,#5815,#5816,#5817));
#4672=AXIS2_PLACEMENT_3D('',#5818,#5819,#5820);
#4673=EDGE_LOOP('',(#5821,#5822,#5823));
#4674=AXIS2_PLACEMENT_3D('',#5824,#5825,#5826);
#4675=EDGE_LOOP('',(#5827,#5828,#5829,#5830));
#4676=AXIS2_PLACEMENT_3D('',#5831,#5832,#5833);
#4677=EDGE_LOOP('',(#5834,#5835,#5836,#5837));
#4678=AXIS2_PLACEMENT_3D('',#5838,#5839,#5840);
#4679=EDGE_LOOP('',(#5841,#5842,#5843));
#4680=AXIS2_PLACEMENT_3D('',#5844,#5845,#5846);
#4681=EDGE_LOOP('',(#5847,#5848));
#4682=EDGE_LOOP('',(#5849,#5850));
#4683=AXIS2_PLACEMENT_3D('',#5851,#5852,#5853);
#4684=EDGE_LOOP('',(#5854,#5855,#5856,#5857));
#4685=AXIS2_PLACEMENT_3D('',#5858,#5859,#5860);
#4686=EDGE_LOOP('',(#5861,#5862,#5863,#5864));
#4687=AXIS2_PLACEMENT_3D('',#5865,#5866,#5867);
#4688=EDGE_LOOP('',(#5868,#5869));
#4689=EDGE_LOOP('',(#5870,#5871));
#4690=AXIS2_PLACEMENT_3D('',#5872,#5873,#5874);
#4691=EDGE_LOOP('',(#5875,#5876,#5877,#5878));
#4692=AXIS2_PLACEMENT_3D('',#5879,#5880,#5881);
#4693=EDGE_LOOP('',(#5882,#5883,#5884,#5885));
#4694=AXIS2_PLACEMENT_3D('',#5886,#5887,#5888);
#4695=EDGE_LOOP('',(#5889,#5890));
#4696=EDGE_LOOP('',(#5891,#5892));
#4697=AXIS2_PLACEMENT_3D('',#5893,#5894,#5895);
#4698=EDGE_LOOP('',(#5896,#5897,#5898,#5899));
#4699=AXIS2_PLACEMENT_3D('',#5900,#5901,#5902);
#4700=EDGE_LOOP('',(#5903,#5904,#5905,#5906));
#4701=AXIS2_PLACEMENT_3D('',#5907,#5908,#5909);
#4702=EDGE_LOOP('',(#5910,#5911));
#4703=AXIS2_PLACEMENT_3D('',#5912,#5913,#5914);
#4704=EDGE_LOOP('',(#5915,#5916,#5917,#5918));
#4705=AXIS2_PLACEMENT_3D('',#5919,#5920,#5921);
#4706=EDGE_LOOP('',(#5922,#5923));
#4707=AXIS2_PLACEMENT_3D('',#5924,#5925,#5926);
#4708=EDGE_LOOP('',(#5927,#5928,#5929,#5930));
#4709=AXIS2_PLACEMENT_3D('',#5931,#5932,#5933);
#4710=EDGE_CURVE('',#5934,#5935,#5936,.T.);
#4711=EDGE_CURVE('',#5935,#5937,#5938,.T.);
#4712=EDGE_CURVE('',#5939,#5937,#5940,.T.);
#4713=EDGE_CURVE('',#5934,#5939,#5941,.T.);
#4714=EDGE_CURVE('',#5942,#5943,#5944,.T.);
#4715=EDGE_CURVE('',#5942,#5935,#5945,.T.);
#4716=EDGE_CURVE('',#5943,#5934,#5946,.T.);
#4717=EDGE_CURVE('',#5947,#5948,#5949,.T.);
#4718=EDGE_CURVE('',#5948,#5950,#5951,.T.);
#4719=EDGE_CURVE('',#5952,#5950,#5953,.T.);
#4720=EDGE_CURVE('',#5947,#5952,#5954,.T.);
#4721=EDGE_CURVE('',#5955,#5956,#5957,.T.);
#4722=EDGE_CURVE('',#5955,#5948,#5958,.T.);
#4723=EDGE_CURVE('',#5956,#5947,#5959,.T.);
#4724=EDGE_CURVE('',#5960,#5961,#5962,.T.);
#4725=EDGE_CURVE('',#5961,#5963,#5964,.T.);
#4726=EDGE_CURVE('',#5965,#5963,#5966,.T.);
#4727=EDGE_CURVE('',#5960,#5965,#5967,.T.);
#4728=EDGE_CURVE('',#5968,#5969,#5970,.T.);
#4729=EDGE_CURVE('',#5968,#5961,#5971,.T.);
#4730=EDGE_CURVE('',#5969,#5960,#5972,.T.);
#4731=EDGE_CURVE('',#5973,#5974,#5975,.T.);
#4732=EDGE_CURVE('',#5974,#5976,#5977,.T.);
#4733=EDGE_CURVE('',#5978,#5976,#5979,.T.);
#4734=EDGE_CURVE('',#5973,#5978,#5980,.T.);
#4735=EDGE_CURVE('',#5981,#5982,#5983,.T.);
#4736=EDGE_CURVE('',#5981,#5974,#5984,.T.);
#4737=EDGE_CURVE('',#5982,#5973,#5985,.T.);
#4738=EDGE_CURVE('',#5986,#5987,#5988,.T.);
#4739=EDGE_CURVE('',#5989,#5987,#5990,.T.);
#4740=EDGE_CURVE('',#5986,#5989,#5991,.T.);
#4741=EDGE_CURVE('',#5992,#5993,#5994,.T.);
#4742=EDGE_CURVE('',#5987,#5992,#5995,.T.);
#4743=EDGE_CURVE('',#5993,#5986,#5996,.T.);
#4744=EDGE_CURVE('',#5997,#5998,#5999,.T.);
#4745=EDGE_CURVE('',#5998,#6000,#6001,.T.);
#4746=EDGE_CURVE('',#5997,#6000,#6002,.T.);
#4747=EDGE_CURVE('',#6003,#6004,#6005,.T.);
#4748=EDGE_CURVE('',#6003,#5998,#6006,.T.);
#4749=EDGE_CURVE('',#6007,#5997,#6008,.T.);
#4750=EDGE_CURVE('',#6009,#6007,#6010,.T.);
#4751=EDGE_CURVE('',#6011,#6009,#6012,.T.);
#4752=EDGE_CURVE('',#6004,#6011,#6013,.T.);
#4753=EDGE_CURVE('',#6014,#6015,#6016,.T.);
#4754=EDGE_CURVE('',#6015,#6017,#6018,.T.);
#4755=EDGE_CURVE('',#6014,#6017,#6019,.T.);
#4756=EDGE_CURVE('',#6020,#6021,#6022,.T.);
#4757=EDGE_CURVE('',#6020,#6015,#6023,.T.);
#4758=EDGE_CURVE('',#6024,#6014,#6025,.T.);
#4759=EDGE_CURVE('',#6026,#6024,#6027,.T.);
#4760=EDGE_CURVE('',#6028,#6026,#6029,.T.);
#4761=EDGE_CURVE('',#6021,#6028,#6030,.T.);
#4762=EDGE_CURVE('',#6031,#6032,#6033,.T.);
#4763=EDGE_CURVE('',#6034,#6032,#6035,.T.);
#4764=EDGE_CURVE('',#6031,#6034,#6036,.T.);
#4765=EDGE_CURVE('',#6037,#6038,#6039,.T.);
#4766=EDGE_CURVE('',#6032,#6037,#6040,.T.);
#4767=EDGE_CURVE('',#6038,#6031,#6041,.T.);
#4768=EDGE_CURVE('',#6042,#6043,#6044,.T.);
#4769=EDGE_CURVE('',#6045,#6042,#6046,.T.);
#4770=EDGE_CURVE('',#6045,#6047,#6048,.T.);
#4771=EDGE_CURVE('',#6049,#6047,#6050,.T.);
#4772=EDGE_CURVE('',#6051,#6049,#6052,.T.);
#4773=EDGE_CURVE('',#6043,#6051,#6053,.T.);
#4774=EDGE_CURVE('',#6054,#6055,#6056,.T.);
#4775=EDGE_CURVE('',#6054,#6057,#6058,.T.);
#4776=EDGE_CURVE('',#6059,#6057,#6060,.T.);
#4777=EDGE_CURVE('',#6055,#6059,#6061,.T.);
#4778=EDGE_CURVE('',#6062,#6063,#6064,.T.);
#4779=EDGE_CURVE('',#6059,#6062,#6065,.T.);
#4780=EDGE_CURVE('',#6057,#6063,#6066,.T.);
#4781=EDGE_CURVE('',#6049,#6067,#6068,.T.);
#4782=EDGE_CURVE('',#6051,#6067,#6069,.T.);
#4783=EDGE_CURVE('',#6070,#6071,#6072,.T.);
#4784=EDGE_CURVE('',#6067,#6070,#6073,.T.);
#4785=EDGE_CURVE('',#6071,#6047,#6074,.T.);
#4786=EDGE_CURVE('',#6075,#6076,#6077,.T.);
#4787=EDGE_CURVE('',#6075,#6078,#6079,.T.);
#4788=EDGE_CURVE('',#6080,#6078,#6081,.T.);
#4789=EDGE_CURVE('',#6082,#6080,#6083,.T.);
#4790=EDGE_CURVE('',#6076,#6082,#6084,.T.);
#4791=EDGE_CURVE('',#6085,#6086,#6087,.T.);
#4792=EDGE_CURVE('',#6085,#6088,#6089,.T.);
#4793=EDGE_CURVE('',#6090,#6088,#6091,.T.);
#4794=EDGE_CURVE('',#6086,#6090,#6092,.T.);
#4795=EDGE_CURVE('',#6093,#6094,#6095,.T.);
#4796=EDGE_CURVE('',#6093,#6096,#6097,.T.);
#4797=EDGE_CURVE('',#6096,#6098,#6099,.T.);
#4798=EDGE_CURVE('',#6100,#6098,#6101,.T.);
#4799=EDGE_CURVE('',#6094,#6100,#6102,.T.);
#4800=EDGE_CURVE('',#6103,#6104,#6105,.T.);
#4801=EDGE_CURVE('',#6103,#6106,#6107,.T.);
#4802=EDGE_CURVE('',#6108,#6106,#6109,.T.);
#4803=EDGE_CURVE('',#6110,#6108,#6111,.T.);
#4804=EDGE_CURVE('',#6104,#6110,#6112,.T.);
#4805=EDGE_CURVE('',#6113,#6114,#6115,.T.);
#4806=EDGE_CURVE('',#6113,#6116,#6117,.T.);
#4807=EDGE_CURVE('',#6118,#6116,#6119,.T.);
#4808=EDGE_CURVE('',#6118,#6114,#6120,.T.);
#4809=EDGE_CURVE('',#6121,#6122,#6123,.T.);
#4810=EDGE_CURVE('',#6121,#6124,#6125,.T.);
#4811=EDGE_CURVE('',#6124,#6126,#6127,.T.);
#4812=EDGE_CURVE('',#6128,#6126,#6129,.T.);
#4813=EDGE_CURVE('',#6122,#6128,#6130,.T.);
#4814=EDGE_CURVE('',#6131,#6132,#6133,.T.);
#4815=EDGE_CURVE('',#6134,#6131,#6135,.T.);
#4816=EDGE_CURVE('',#6134,#6136,#6137,.T.);
#4817=EDGE_CURVE('',#6138,#6136,#6139,.T.);
#4818=EDGE_CURVE('',#6138,#6140,#6141,.T.);
#4819=EDGE_CURVE('',#6140,#6132,#6142,.T.);
#4820=EDGE_CURVE('',#6143,#6144,#6145,.T.);
#4821=EDGE_CURVE('',#6146,#6143,#6147,.T.);
#4822=EDGE_CURVE('',#6132,#6146,#6148,.T.);
#4823=EDGE_CURVE('',#6144,#6140,#6149,.T.);
#4824=EDGE_CURVE('',#6150,#6151,#6152,.T.);
#4825=EDGE_CURVE('',#6150,#6153,#6154,.T.);
#4826=EDGE_CURVE('',#6153,#6155,#6156,.T.);
#4827=EDGE_CURVE('',#6155,#6157,#6158,.T.);
#4828=EDGE_CURVE('',#6151,#6157,#6159,.T.);
#4829=EDGE_CURVE('',#6153,#6160,#6161,.T.);
#4830=EDGE_CURVE('',#6162,#6150,#6163,.T.);
#4831=EDGE_CURVE('',#6164,#6162,#6165,.T.);
#4832=EDGE_CURVE('',#6164,#6166,#6167,.T.);
#4833=EDGE_CURVE('',#6166,#6168,#6169,.T.);
#4834=EDGE_CURVE('',#6168,#6160,#6170,.T.);
#4835=EDGE_CURVE('',#6171,#6172,#6173,.T.);
#4836=EDGE_CURVE('',#6171,#6174,#6175,.T.);
#4837=EDGE_CURVE('',#6174,#6176,#6177,.T.);
#4838=EDGE_CURVE('',#6176,#6178,#6179,.T.);
#4839=EDGE_CURVE('',#6178,#6168,#6180,.T.);
#4840=EDGE_CURVE('',#6172,#6168,#6181,.T.);
#4841=EDGE_CURVE('',#6182,#6183,#6184,.T.);
#4842=EDGE_CURVE('',#6182,#6185,#6186,.T.);
#4843=EDGE_CURVE('',#6185,#6187,#6188,.T.);
#4844=EDGE_CURVE('',#6183,#6187,#6189,.T.);
#4845=EDGE_CURVE('',#6190,#6191,#6192,.T.);
#4846=EDGE_CURVE('',#6193,#6190,#6194,.T.);
#4847=EDGE_CURVE('',#6195,#6193,#6196,.T.);
#4848=EDGE_CURVE('',#6195,#6191,#6197,.T.);
#4849=EDGE_CURVE('',#6198,#6199,#6200,.T.);
#4850=EDGE_CURVE('',#6199,#6201,#6202,.T.);
#4851=EDGE_CURVE('',#6203,#6201,#6204,.T.);
#4852=EDGE_CURVE('',#6198,#6203,#6205,.T.);
#4853=EDGE_CURVE('',#6206,#6207,#6208,.T.);
#4854=EDGE_CURVE('',#6206,#6199,#6209,.T.);
#4855=EDGE_CURVE('',#6207,#6198,#6210,.T.);
#4856=EDGE_CURVE('',#6211,#6212,#6213,.T.);
#4857=EDGE_CURVE('',#6214,#6212,#6215,.T.);
#4858=EDGE_CURVE('',#6216,#6214,#6217,.T.);
#4859=EDGE_CURVE('',#6216,#6211,#6218,.T.);
#4860=EDGE_CURVE('',#6219,#6220,#6221,.T.);
#4861=EDGE_CURVE('',#6201,#6219,#6222,.T.);
#4862=EDGE_CURVE('',#6223,#6206,#6224,.T.);
#4863=EDGE_CURVE('',#6220,#6223,#6225,.T.);
#4864=EDGE_CURVE('',#6226,#6227,#6228,.T.);
#4865=EDGE_CURVE('',#6227,#6226,#6229,.T.);
#4866=EDGE_CURVE('',#6230,#6231,#6232,.T.);
#4867=EDGE_CURVE('',#5976,#6230,#6233,.T.);
#4868=EDGE_CURVE('',#6234,#5981,#6235,.T.);
#4869=EDGE_CURVE('',#6231,#6234,#6236,.T.);
#4870=EDGE_CURVE('',#6237,#6238,#6239,.T.);
#4871=EDGE_CURVE('',#6238,#6237,#6240,.T.);
#4872=EDGE_CURVE('',#5963,#6216,#6241,.T.);
#4873=EDGE_CURVE('',#6242,#5968,#6243,.T.);
#4874=EDGE_CURVE('',#6211,#6242,#6244,.T.);
#4875=EDGE_CURVE('',#6245,#6246,#6247,.T.);
#4876=EDGE_CURVE('',#6246,#6245,#6248,.T.);
#4877=EDGE_CURVE('',#6249,#6250,#6251,.T.);
#4878=EDGE_CURVE('',#5950,#6249,#6252,.T.);
#4879=EDGE_CURVE('',#6253,#5955,#6254,.T.);
#4880=EDGE_CURVE('',#6250,#6253,#6255,.T.);
#4881=EDGE_CURVE('',#6256,#6257,#6258,.T.);
#4882=EDGE_CURVE('',#6257,#6256,#6259,.T.);
#4883=EDGE_CURVE('',#6260,#6261,#6262,.T.);
#4884=EDGE_CURVE('',#5937,#6260,#6263,.T.);
#4885=EDGE_CURVE('',#6264,#5942,#6265,.T.);
#4886=EDGE_CURVE('',#6261,#6264,#6266,.T.);
#4887=EDGE_CURVE('',#6267,#6268,#6269,.T.);
#4888=EDGE_CURVE('',#6268,#6267,#6270,.T.);
#4889=EDGE_CURVE('',#6271,#6223,#6272,.T.);
#4890=EDGE_CURVE('',#6271,#6273,#6274,.T.);
#4891=EDGE_CURVE('',#6273,#6275,#6276,.T.);
#4892=EDGE_CURVE('',#6277,#6275,#6278,.T.);
#4893=EDGE_CURVE('',#6220,#6277,#6279,.T.);
#4894=EDGE_CURVE('',#6280,#6277,#6281,.T.);
#4895=EDGE_CURVE('',#6219,#6280,#6282,.T.);
#4896=EDGE_CURVE('',#6283,#6280,#6284,.T.);
#4897=EDGE_CURVE('',#6285,#6283,#6286,.T.);
#4898=EDGE_CURVE('',#6285,#6203,#6287,.T.);
#4899=EDGE_CURVE('',#6288,#6227,#6289,.T.);
#4900=EDGE_CURVE('',#6290,#6288,#6291,.T.);
#4901=EDGE_CURVE('',#6290,#6226,#6292,.T.);
#4902=EDGE_CURVE('',#6271,#6207,#6293,.T.);
#4903=EDGE_CURVE('',#6290,#6285,#6294,.T.);
#4904=EDGE_CURVE('',#6275,#6283,#6295,.T.);
#4905=EDGE_CURVE('',#6273,#6288,#6296,.T.);
#4906=EDGE_CURVE('',#6297,#6298,#6299,.T.);
#4907=EDGE_CURVE('',#6300,#6298,#6301,.T.);
#4908=EDGE_CURVE('',#6300,#6302,#6303,.T.);
#4909=EDGE_CURVE('',#6302,#6304,#6305,.T.);
#4910=EDGE_CURVE('',#6191,#6304,#6306,.T.);
#4911=EDGE_CURVE('',#6307,#6195,#6308,.T.);
#4912=EDGE_CURVE('',#6307,#6309,#6310,.T.);
#4913=EDGE_CURVE('',#6309,#6311,#6312,.T.);
#4914=EDGE_CURVE('',#6311,#6313,#6314,.T.);
#4915=EDGE_CURVE('',#6313,#6185,#6315,.T.);
#4916=EDGE_CURVE('',#6316,#6182,#6317,.T.);
#4917=EDGE_CURVE('',#6318,#6316,#6319,.T.);
#4918=EDGE_CURVE('',#6318,#6320,#6321,.T.);
#4919=EDGE_CURVE('',#6297,#6320,#6322,.T.);
#4920=EDGE_CURVE('',#6323,#5982,#6324,.T.);
#4921=EDGE_CURVE('',#6325,#5978,#6326,.T.);
#4922=EDGE_CURVE('',#6327,#6325,#6328,.T.);
#4923=EDGE_CURVE('',#6327,#6329,#6330,.T.);
#4924=EDGE_CURVE('',#6331,#6329,#6332,.T.);
#4925=EDGE_CURVE('',#6323,#6331,#6333,.T.);
#4926=EDGE_CURVE('',#6334,#5969,#6335,.T.);
#4927=EDGE_CURVE('',#6336,#5965,#6337,.T.);
#4928=EDGE_CURVE('',#6338,#6336,#6339,.T.);
#4929=EDGE_CURVE('',#6338,#6340,#6341,.T.);
#4930=EDGE_CURVE('',#6342,#6340,#6343,.T.);
#4931=EDGE_CURVE('',#6334,#6342,#6344,.T.);
#4932=EDGE_CURVE('',#6345,#5956,#6346,.T.);
#4933=EDGE_CURVE('',#6347,#5952,#6348,.T.);
#4934=EDGE_CURVE('',#6349,#6347,#6350,.T.);
#4935=EDGE_CURVE('',#6349,#6351,#6352,.T.);
#4936=EDGE_CURVE('',#6353,#6351,#6354,.T.);
#4937=EDGE_CURVE('',#6345,#6353,#6355,.T.);
#4938=EDGE_CURVE('',#6356,#5943,#6357,.T.);
#4939=EDGE_CURVE('',#6358,#5939,#6359,.T.);
#4940=EDGE_CURVE('',#6360,#6358,#6361,.T.);
#4941=EDGE_CURVE('',#6360,#6362,#6363,.T.);
#4942=EDGE_CURVE('',#6364,#6362,#6365,.T.);
#4943=EDGE_CURVE('',#6356,#6364,#6366,.T.);
#4944=EDGE_CURVE('',#6320,#6367,#6368,.T.);
#4945=EDGE_CURVE('',#6369,#6367,#6370,.T.);
#4946=EDGE_CURVE('',#6297,#6369,#6371,.T.);
#4947=EDGE_CURVE('',#6372,#6369,#6373,.T.);
#4948=EDGE_CURVE('',#6297,#6372,#6374,.T.);
#4949=EDGE_CURVE('',#6375,#6376,#6377,.T.);
#4950=EDGE_CURVE('',#6376,#6378,#6379,.T.);
#4951=EDGE_CURVE('',#6380,#6378,#6381,.T.);
#4952=EDGE_CURVE('',#6382,#6380,#6383,.T.);
#4953=EDGE_CURVE('',#6298,#6382,#6384,.T.);
#4954=EDGE_CURVE('',#6375,#6372,#6385,.T.);
#4955=EDGE_CURVE('',#6386,#6387,#6388,.T.);
#4956=EDGE_CURVE('',#6387,#6389,#6390,.T.);
#4957=EDGE_CURVE('',#6389,#6382,#6391,.T.);
#4958=EDGE_CURVE('',#6380,#6392,#6393,.T.);
#4959=EDGE_CURVE('',#6392,#6386,#6394,.T.);
#4960=EDGE_CURVE('',#6395,#6396,#6397,.T.);
#4961=EDGE_CURVE('',#6396,#6395,#6398,.T.);
#4962=EDGE_CURVE('',#6399,#6193,#6400,.T.);
#4963=EDGE_CURVE('',#6190,#6401,#6402,.T.);
#4964=EDGE_CURVE('',#6401,#6403,#6404,.T.);
#4965=EDGE_CURVE('',#6403,#6399,#6405,.T.);
#4966=EDGE_CURVE('',#6406,#6407,#6408,.T.);
#4967=EDGE_CURVE('',#6407,#6406,#6409,.T.);
#4968=EDGE_CURVE('',#6367,#6410,#6411,.T.);
#4969=EDGE_CURVE('',#6410,#6412,#6413,.T.);
#4970=EDGE_CURVE('',#6412,#6375,#6414,.T.);
#4971=EDGE_CURVE('',#6415,#6416,#6417,.T.);
#4972=EDGE_CURVE('',#6416,#6415,#6418,.T.);
#4973=EDGE_CURVE('',#6419,#6420,#6421,.T.);
#4974=EDGE_CURVE('',#6420,#6183,#6422,.T.);
#4975=EDGE_CURVE('',#6187,#6423,#6424,.T.);
#4976=EDGE_CURVE('',#6423,#6419,#6425,.T.);
#4977=EDGE_CURVE('',#6426,#6427,#6428,.T.);
#4978=EDGE_CURVE('',#6427,#6426,#6429,.T.);
#4979=EDGE_CURVE('',#6392,#6430,#6431,.T.);
#4980=EDGE_CURVE('',#6430,#6432,#6433,.T.);
#4981=EDGE_CURVE('',#6309,#6432,#6434,.T.);
#4982=EDGE_CURVE('',#6307,#6399,#6435,.T.);
#4983=EDGE_CURVE('',#6302,#6403,#6436,.T.);
#4984=EDGE_CURVE('',#6300,#6386,#6437,.T.);
#4985=EDGE_CURVE('',#6300,#6387,#6438,.T.);
#4986=EDGE_CURVE('',#6298,#6389,#6439,.T.);
#4987=EDGE_CURVE('',#6304,#6401,#6440,.T.);
#4988=EDGE_CURVE('',#6309,#6441,#6442,.T.);
#4989=EDGE_CURVE('',#6441,#6432,#6443,.T.);
#4990=EDGE_CURVE('',#6444,#6445,#6446,.T.);
#4991=EDGE_CURVE('',#6447,#6444,#6448,.T.);
#4992=EDGE_CURVE('',#6441,#6447,#6449,.T.);
#4993=EDGE_CURVE('',#6432,#6450,#6451,.T.);
#4994=EDGE_CURVE('',#6445,#6450,#6452,.T.);
#4995=EDGE_CURVE('',#6453,#6454,#6455,.T.);
#4996=EDGE_CURVE('',#6454,#6456,#6457,.T.);
#4997=EDGE_CURVE('',#6458,#6456,#6459,.T.);
#4998=EDGE_CURVE('',#6460,#6458,#6461,.T.);
#4999=EDGE_CURVE('',#6460,#6462,#6463,.T.);
#5000=EDGE_CURVE('',#6444,#6462,#6464,.T.);
#5001=EDGE_CURVE('',#6430,#6465,#6466,.T.);
#5002=EDGE_CURVE('',#6465,#6453,#6467,.T.);
#5003=EDGE_CURVE('',#6430,#6378,#6468,.T.);
#5004=EDGE_CURVE('',#6378,#6469,#6470,.T.);
#5005=EDGE_CURVE('',#6471,#6469,#6472,.T.);
#5006=EDGE_CURVE('',#6454,#6471,#6473,.T.);
#5007=EDGE_CURVE('',#6454,#6471,#6474,.T.);
#5008=EDGE_CURVE('',#6475,#6444,#6476,.T.);
#5009=EDGE_CURVE('',#6447,#6475,#6477,.T.);
#5010=EDGE_CURVE('',#6478,#6479,#6480,.T.);
#5011=EDGE_CURVE('',#6481,#6478,#6482,.T.);
#5012=EDGE_CURVE('',#6481,#6479,#6483,.T.);
#5013=EDGE_CURVE('',#6484,#6485,#6486,.T.);
#5014=EDGE_CURVE('',#6484,#6485,#6487,.T.);
#5015=EDGE_CURVE('',#6471,#6488,#6489,.T.);
#5016=EDGE_CURVE('',#6488,#6456,#6490,.T.);
#5017=EDGE_CURVE('',#6491,#6458,#6492,.T.);
#5018=EDGE_CURVE('',#6491,#6488,#6493,.T.);
#5019=EDGE_CURVE('',#6484,#6494,#6495,.T.);
#5020=EDGE_CURVE('',#6496,#6494,#6497,.T.);
#5021=EDGE_CURVE('',#6491,#6496,#6498,.T.);
#5022=EDGE_CURVE('',#6471,#6484,#6499,.T.);
#5023=EDGE_CURVE('',#6500,#6469,#6501,.T.);
#5024=EDGE_CURVE('',#6500,#6484,#6502,.T.);
#5025=EDGE_CURVE('',#6485,#6503,#6504,.T.);
#5026=EDGE_CURVE('',#6376,#6500,#6505,.T.);
#5027=EDGE_CURVE('',#6376,#6506,#6507,.T.);
#5028=EDGE_CURVE('',#6506,#6508,#6509,.T.);
#5029=EDGE_CURVE('',#6503,#6508,#6510,.T.);
#5030=EDGE_CURVE('',#6511,#6481,#6512,.T.);
#5031=EDGE_CURVE('',#6481,#6513,#6514,.T.);
#5032=EDGE_CURVE('',#6515,#6513,#6516,.T.);
#5033=EDGE_CURVE('',#6517,#6515,#6518,.T.);
#5034=EDGE_CURVE('',#6517,#6164,#6519,.T.);
#5035=EDGE_CURVE('',#6162,#6520,#6521,.T.);
#5036=EDGE_CURVE('',#6157,#6520,#6522,.T.);
#5037=EDGE_CURVE('',#6155,#6523,#6524,.T.);
#5038=EDGE_CURVE('',#6525,#6523,#6526,.T.);
#5039=EDGE_CURVE('',#6527,#6525,#6528,.T.);
#5040=EDGE_CURVE('',#6527,#6529,#6530,.T.);
#5041=EDGE_CURVE('',#6485,#6529,#6531,.T.);
#5042=EDGE_CURVE('',#6532,#6506,#6533,.T.);
#5043=EDGE_CURVE('',#6532,#6534,#6535,.T.);
#5044=EDGE_CURVE('',#6534,#6511,#6536,.T.);
#5045=EDGE_CURVE('',#6532,#6537,#6538,.T.);
#5046=EDGE_CURVE('',#6537,#6479,#6539,.T.);
#5047=EDGE_CURVE('',#6540,#6475,#6541,.T.);
#5048=EDGE_CURVE('',#6542,#6540,#6543,.T.);
#5049=EDGE_CURVE('',#6544,#6542,#6545,.T.);
#5050=EDGE_CURVE('',#6544,#6546,#6547,.T.);
#5051=EDGE_CURVE('',#6478,#6546,#6548,.T.);
#5052=EDGE_CURVE('',#6441,#6537,#6549,.T.);
#5053=EDGE_CURVE('',#6550,#6551,#6552,.T.);
#5054=EDGE_CURVE('',#6551,#6553,#6554,.T.);
#5055=EDGE_CURVE('',#6555,#6553,#6556,.T.);
#5056=EDGE_CURVE('',#6555,#6550,#6557,.T.);
#5057=EDGE_CURVE('',#6555,#6558,#6559,.T.);
#5058=EDGE_CURVE('',#6560,#6558,#6561,.T.);
#5059=EDGE_CURVE('',#6550,#6560,#6562,.T.);
#5060=EDGE_CURVE('',#6563,#6560,#6564,.T.);
#5061=EDGE_CURVE('',#6551,#6563,#6565,.T.);
#5062=EDGE_CURVE('',#6563,#6566,#6567,.T.);
#5063=EDGE_CURVE('',#6566,#6553,#6568,.T.);
#5064=EDGE_CURVE('',#6566,#6558,#6569,.T.);
#5065=EDGE_CURVE('',#6311,#6537,#6570,.T.);
#5066=EDGE_CURVE('',#6311,#6532,#6571,.T.);
#5067=EDGE_CURVE('',#6313,#6423,#6572,.T.);
#5068=EDGE_CURVE('',#6412,#6506,#6573,.T.);
#5069=EDGE_CURVE('',#6320,#6410,#6574,.T.);
#5070=EDGE_CURVE('',#6318,#6419,#6575,.T.);
#5071=EDGE_CURVE('',#6316,#6420,#6576,.T.);
#5072=EDGE_CURVE('',#6546,#6513,#6577,.T.);
#5073=EDGE_CURVE('',#6544,#6515,#6578,.T.);
#5074=EDGE_CURVE('',#6579,#6544,#6580,.T.);
#5075=EDGE_CURVE('',#6579,#6515,#6581,.T.);
#5076=EDGE_CURVE('',#6582,#6004,#6583,.T.);
#5077=EDGE_CURVE('',#6011,#6527,#6584,.T.);
#5078=EDGE_CURVE('',#6178,#6525,#6585,.T.);
#5079=EDGE_CURVE('',#6582,#6176,#6586,.T.);
#5080=EDGE_CURVE('',#6587,#6588,#6589,.T.);
#5081=EDGE_CURVE('',#6517,#6587,#6590,.T.);
#5082=EDGE_CURVE('',#6591,#6579,#6592,.T.);
#5083=EDGE_CURVE('',#6591,#6593,#6594,.T.);
#5084=EDGE_CURVE('',#6593,#6595,#6596,.T.);
#5085=EDGE_CURVE('',#6588,#6595,#6597,.T.);
#5086=EDGE_CURVE('',#6595,#6598,#6599,.T.);
#5087=EDGE_CURVE('',#6598,#6591,#6600,.T.);
#5088=EDGE_CURVE('',#6579,#6601,#6602,.T.);
#5089=EDGE_CURVE('',#6601,#6603,#6604,.T.);
#5090=EDGE_CURVE('',#6603,#6605,#6606,.T.);
#5091=EDGE_CURVE('',#6605,#6607,#6608,.T.);
#5092=EDGE_CURVE('',#6607,#6609,#6610,.T.);
#5093=EDGE_CURVE('',#6588,#6609,#6611,.T.);
#5094=EDGE_CURVE('',#6174,#6612,#6613,.T.);
#5095=EDGE_CURVE('',#6612,#6021,#6614,.T.);
#5096=EDGE_CURVE('',#6028,#6007,#6615,.T.);
#5097=EDGE_CURVE('',#5997,#6582,#6616,.T.);
#5098=EDGE_CURVE('',#6166,#6172,#6617,.T.);
#5099=EDGE_CURVE('',#6587,#6166,#6618,.T.);
#5100=EDGE_CURVE('',#6609,#6171,#6619,.T.);
#5101=EDGE_CURVE('',#6160,#6523,#6620,.T.);
#5102=EDGE_CURVE('',#6520,#6151,#6621,.T.);
#5103=EDGE_CURVE('',#6622,#6623,#6624,.T.);
#5104=EDGE_CURVE('',#6622,#6623,#6625,.T.);
#5105=EDGE_CURVE('',#6626,#6627,#6628,.T.);
#5106=EDGE_CURVE('',#6627,#6623,#6629,.T.);
#5107=EDGE_CURVE('',#6626,#6622,#6630,.T.);
#5108=EDGE_CURVE('',#6626,#6627,#6631,.T.);
#5109=EDGE_CURVE('',#6632,#6633,#6634,.T.);
#5110=EDGE_CURVE('',#6632,#6633,#6635,.T.);
#5111=EDGE_CURVE('',#6636,#6637,#6638,.T.);
#5112=EDGE_CURVE('',#6637,#6633,#6639,.T.);
#5113=EDGE_CURVE('',#6636,#6632,#6640,.T.);
#5114=EDGE_CURVE('',#6636,#6637,#6641,.T.);
#5115=EDGE_CURVE('',#6138,#6144,#6642,.T.);
#5116=EDGE_CURVE('',#6134,#6643,#6644,.T.);
#5117=EDGE_CURVE('',#6645,#6643,#6646,.T.);
#5118=EDGE_CURVE('',#6143,#6645,#6647,.T.);
#5119=EDGE_CURVE('',#6131,#6146,#6648,.T.);
#5120=EDGE_CURVE('',#6649,#6122,#6650,.T.);
#5121=EDGE_CURVE('',#6649,#6651,#6652,.T.);
#5122=EDGE_CURVE('',#6651,#6121,#6653,.T.);
#5123=EDGE_CURVE('',#6114,#6654,#6655,.T.);
#5124=EDGE_CURVE('',#6654,#6656,#6657,.T.);
#5125=EDGE_CURVE('',#6656,#6113,#6658,.T.);
#5126=EDGE_CURVE('',#6659,#6104,#6660,.T.);
#5127=EDGE_CURVE('',#6659,#6661,#6662,.T.);
#5128=EDGE_CURVE('',#6661,#6103,#6663,.T.);
#5129=EDGE_CURVE('',#6664,#6094,#6665,.T.);
#5130=EDGE_CURVE('',#6664,#6666,#6667,.T.);
#5131=EDGE_CURVE('',#6666,#6093,#6668,.T.);
#5132=EDGE_CURVE('',#6669,#6086,#6670,.T.);
#5133=EDGE_CURVE('',#6669,#6671,#6672,.T.);
#5134=EDGE_CURVE('',#6671,#6085,#6673,.T.);
#5135=EDGE_CURVE('',#6674,#6076,#6675,.T.);
#5136=EDGE_CURVE('',#6674,#6676,#6677,.T.);
#5137=EDGE_CURVE('',#6676,#6075,#6678,.T.);
#5138=EDGE_CURVE('',#6679,#6071,#6680,.T.);
#5139=EDGE_CURVE('',#6679,#6681,#6682,.T.);
#5140=EDGE_CURVE('',#6070,#6681,#6683,.T.);
#5141=EDGE_CURVE('',#6684,#6134,#6685,.T.);
#5142=EDGE_CURVE('',#6146,#6684,#6686,.T.);
#5143=EDGE_CURVE('',#6645,#6669,#6687,.T.);
#5144=EDGE_CURVE('',#6090,#6674,#6688,.T.);
#5145=EDGE_CURVE('',#6082,#6689,#6690,.T.);
#5146=EDGE_CURVE('',#6684,#6689,#6691,.T.);
#5147=EDGE_CURVE('',#6689,#6096,#6692,.T.);
#5148=EDGE_CURVE('',#6078,#6666,#6693,.T.);
#5149=EDGE_CURVE('',#6088,#6676,#6694,.T.);
#5150=EDGE_CURVE('',#6643,#6671,#6695,.T.);
#5151=EDGE_CURVE('',#6080,#6664,#6696,.T.);
#5152=EDGE_CURVE('',#6098,#6656,#6697,.T.);
#5153=EDGE_CURVE('',#6100,#6654,#6698,.T.);
#5154=EDGE_CURVE('',#6659,#6118,#6699,.T.);
#5155=EDGE_CURVE('',#6116,#6661,#6700,.T.);
#5156=EDGE_CURVE('',#6649,#6108,#6701,.T.);
#5157=EDGE_CURVE('',#6106,#6651,#6702,.T.);
#5158=EDGE_CURVE('',#6126,#6681,#6703,.T.);
#5159=EDGE_CURVE('',#6128,#6679,#6704,.T.);
#5160=EDGE_CURVE('',#6110,#6705,#6706,.T.);
#5161=EDGE_CURVE('',#6689,#6705,#6707,.T.);
#5162=EDGE_CURVE('',#6705,#6124,#6708,.T.);
#5163=EDGE_CURVE('',#6709,#6710,#6711,.T.);
#5164=EDGE_CURVE('',#6709,#6043,#6712,.T.);
#5165=EDGE_CURVE('',#6705,#6713,#6714,.T.);
#5166=EDGE_CURVE('',#6710,#6713,#6715,.T.);
#5167=EDGE_CURVE('',#6042,#6716,#6717,.T.);
#5168=EDGE_CURVE('',#6710,#6716,#6718,.T.);
#5169=EDGE_CURVE('',#6713,#6045,#6719,.T.);
#5170=EDGE_CURVE('',#6720,#6721,#6722,.T.);
#5171=EDGE_CURVE('',#6721,#6720,#6723,.T.);
#5172=EDGE_CURVE('',#6721,#6724,#6725,.T.);
#5173=EDGE_CURVE('',#6720,#6726,#6727,.T.);
#5174=EDGE_CURVE('',#6724,#6726,#6728,.T.);
#5175=EDGE_CURVE('',#6726,#6724,#6729,.T.);
#5176=EDGE_CURVE('',#6730,#6731,#6732,.T.);
#5177=EDGE_CURVE('',#6731,#6730,#6733,.T.);
#5178=EDGE_CURVE('',#6057,#6731,#6734,.T.);
#5179=EDGE_CURVE('',#6735,#6054,#6736,.T.);
#5180=EDGE_CURVE('',#6735,#6730,#6737,.T.);
#5181=EDGE_CURVE('',#6063,#6735,#6738,.T.);
#5182=EDGE_CURVE('',#6739,#6735,#6740,.T.);
#5183=EDGE_CURVE('',#6062,#6739,#6741,.T.);
#5184=EDGE_CURVE('',#6739,#6055,#6742,.T.);
#5185=EDGE_CURVE('',#6709,#6716,#6743,.T.);
#5186=EDGE_CURVE('',#6607,#6744,#6745,.T.);
#5187=EDGE_CURVE('',#6744,#6603,#6746,.T.);
#5188=EDGE_CURVE('',#6601,#6460,#6747,.T.);
#5189=EDGE_CURVE('',#6024,#6458,#6748,.T.);
#5190=EDGE_CURVE('',#6014,#6612,#6749,.T.);
#5191=EDGE_CURVE('',#6021,#6034,#6750,.T.);
#5192=EDGE_CURVE('',#6017,#6038,#6751,.T.);
#5193=EDGE_CURVE('',#6017,#6037,#6752,.T.);
#5194=EDGE_CURVE('',#6032,#6037,#6753,.T.);
#5195=EDGE_CURVE('',#6034,#6020,#6754,.T.);
#5196=EDGE_CURVE('',#6026,#6491,#6755,.T.);
#5197=EDGE_CURVE('',#6009,#6496,#6756,.T.);
#5198=EDGE_CURVE('',#6004,#5989,#6757,.T.);
#5199=EDGE_CURVE('',#5989,#6003,#6758,.T.);
#5200=EDGE_CURVE('',#5987,#5992,#6759,.T.);
#5201=EDGE_CURVE('',#6000,#5992,#6760,.T.);
#5202=EDGE_CURVE('',#6000,#5993,#6761,.T.);
#5203=EDGE_CURVE('',#6527,#6496,#6762,.T.);
#5204=EDGE_CURVE('',#6529,#6494,#6763,.T.);
#5205=EDGE_CURVE('',#6601,#6542,#6764,.T.);
#5206=EDGE_CURVE('',#6460,#6542,#6765,.T.);
#5207=EDGE_CURVE('',#6462,#6540,#6766,.T.);
#5208=EDGE_CURVE('',#6605,#6767,#6768,.T.);
#5209=EDGE_CURVE('',#6744,#6769,#6770,.T.);
#5210=EDGE_CURVE('',#6769,#6767,#6771,.T.);
#5211=EDGE_CURVE('',#6769,#6772,#6773,.T.);
#5212=EDGE_CURVE('',#6774,#6772,#6775,.T.);
#5213=EDGE_CURVE('',#6767,#6774,#6776,.T.);
#5214=EDGE_CURVE('',#6774,#6772,#6777,.T.);
#5215=EDGE_CURVE('',#6767,#6769,#6778,.T.);
#5216=EDGE_CURVE('',#6593,#6779,#6780,.T.);
#5217=EDGE_CURVE('',#6598,#6781,#6782,.T.);
#5218=EDGE_CURVE('',#6781,#6779,#6783,.T.);
#5219=EDGE_CURVE('',#6781,#6784,#6785,.T.);
#5220=EDGE_CURVE('',#6786,#6784,#6787,.T.);
#5221=EDGE_CURVE('',#6779,#6786,#6788,.T.);
#5222=EDGE_CURVE('',#6786,#6784,#6789,.T.);
#5223=EDGE_CURVE('',#6779,#6781,#6790,.T.);
#5224=EDGE_CURVE('',#6791,#6415,#6792,.T.);
#5225=EDGE_CURVE('',#6793,#6791,#6794,.T.);
#5226=EDGE_CURVE('',#6793,#6416,#6795,.T.);
#5227=EDGE_CURVE('',#6793,#6791,#6796,.T.);
#5228=EDGE_CURVE('',#6797,#6395,#6798,.T.);
#5229=EDGE_CURVE('',#6799,#6797,#6800,.T.);
#5230=EDGE_CURVE('',#6799,#6396,#6801,.T.);
#5231=EDGE_CURVE('',#6799,#6797,#6802,.T.);
#5232=EDGE_CURVE('',#6803,#6406,#6804,.T.);
#5233=EDGE_CURVE('',#6805,#6803,#6806,.T.);
#5234=EDGE_CURVE('',#6805,#6407,#6807,.T.);
#5235=EDGE_CURVE('',#6805,#6803,#6808,.T.);
#5236=EDGE_CURVE('',#6809,#6426,#6810,.T.);
#5237=EDGE_CURVE('',#6811,#6809,#6812,.T.);
#5238=EDGE_CURVE('',#6811,#6427,#6813,.T.);
#5239=EDGE_CURVE('',#6811,#6809,#6814,.T.);
#5240=EDGE_CURVE('',#6323,#6234,#6815,.T.);
#5241=EDGE_CURVE('',#6331,#6816,#6817,.T.);
#5242=EDGE_CURVE('',#6818,#6816,#6819,.T.);
#5243=EDGE_CURVE('',#6231,#6818,#6820,.T.);
#5244=EDGE_CURVE('',#6821,#6818,#6822,.T.);
#5245=EDGE_CURVE('',#6230,#6821,#6823,.T.);
#5246=EDGE_CURVE('',#6824,#6821,#6825,.T.);
#5247=EDGE_CURVE('',#6325,#6824,#6826,.T.);
#5248=EDGE_CURVE('',#6329,#6238,#6827,.T.);
#5249=EDGE_CURVE('',#6327,#6237,#6828,.T.);
#5250=EDGE_CURVE('',#6816,#6824,#6829,.T.);
#5251=EDGE_CURVE('',#6830,#6816,#6831,.T.);
#5252=EDGE_CURVE('',#6832,#6824,#6833,.T.);
#5253=EDGE_CURVE('',#6830,#6832,#6834,.T.);
#5254=EDGE_CURVE('',#6835,#6836,#6837,.T.);
#5255=EDGE_CURVE('',#6836,#6838,#6839,.T.);
#5256=EDGE_CURVE('',#6838,#6840,#6841,.T.);
#5257=EDGE_CURVE('',#6840,#6835,#6842,.T.);
#5258=EDGE_CURVE('',#6832,#6843,#6844,.T.);
#5259=EDGE_CURVE('',#6843,#6845,#6846,.T.);
#5260=EDGE_CURVE('',#6845,#6830,#6847,.T.);
#5261=EDGE_CURVE('',#6848,#6849,#6850,.T.);
#5262=EDGE_CURVE('',#6849,#6851,#6852,.T.);
#5263=EDGE_CURVE('',#6851,#6853,#6854,.T.);
#5264=EDGE_CURVE('',#6853,#6848,#6855,.T.);
#5265=EDGE_CURVE('',#6856,#6857,#6858,.T.);
#5266=EDGE_CURVE('',#6857,#6859,#6860,.T.);
#5267=EDGE_CURVE('',#6859,#6861,#6862,.T.);
#5268=EDGE_CURVE('',#6861,#6856,#6863,.T.);
#5269=EDGE_CURVE('',#6864,#6865,#6866,.T.);
#5270=EDGE_CURVE('',#6865,#6867,#6868,.T.);
#5271=EDGE_CURVE('',#6867,#6869,#6870,.T.);
#5272=EDGE_CURVE('',#6869,#6864,#6871,.T.);
#5273=EDGE_CURVE('',#6840,#6277,#6872,.T.);
#5274=EDGE_CURVE('',#6835,#6275,#6873,.T.);
#5275=EDGE_CURVE('',#6836,#6283,#6874,.T.);
#5276=EDGE_CURVE('',#6838,#6280,#6875,.T.);
#5277=EDGE_CURVE('',#6845,#6818,#6876,.T.);
#5278=EDGE_CURVE('',#6843,#6821,#6877,.T.);
#5279=EDGE_CURVE('',#6853,#6212,#6878,.T.);
#5280=EDGE_CURVE('',#6212,#6879,#6880,.T.);
#5281=EDGE_CURVE('',#6848,#6879,#6881,.T.);
#5282=EDGE_CURVE('',#6879,#6882,#6883,.T.);
#5283=EDGE_CURVE('',#6849,#6882,#6884,.T.);
#5284=EDGE_CURVE('',#6882,#6214,#6885,.T.);
#5285=EDGE_CURVE('',#6851,#6214,#6886,.T.);
#5286=EDGE_CURVE('',#6336,#6882,#6887,.T.);
#5287=EDGE_CURVE('',#6340,#6246,#6888,.T.);
#5288=EDGE_CURVE('',#6338,#6245,#6889,.T.);
#5289=EDGE_CURVE('',#6334,#6242,#6890,.T.);
#5290=EDGE_CURVE('',#6342,#6879,#6891,.T.);
#5291=EDGE_CURVE('',#6861,#6892,#6893,.T.);
#5292=EDGE_CURVE('',#6892,#6894,#6895,.T.);
#5293=EDGE_CURVE('',#6856,#6894,#6896,.T.);
#5294=EDGE_CURVE('',#6894,#6897,#6898,.T.);
#5295=EDGE_CURVE('',#6857,#6897,#6899,.T.);
#5296=EDGE_CURVE('',#6897,#6900,#6901,.T.);
#5297=EDGE_CURVE('',#6859,#6900,#6902,.T.);
#5298=EDGE_CURVE('',#6900,#6892,#6903,.T.);
#5299=EDGE_CURVE('',#6250,#6892,#6904,.T.);
#5300=EDGE_CURVE('',#6249,#6900,#6905,.T.);
#5301=EDGE_CURVE('',#6347,#6897,#6906,.T.);
#5302=EDGE_CURVE('',#6351,#6257,#6907,.T.);
#5303=EDGE_CURVE('',#6349,#6256,#6908,.T.);
#5304=EDGE_CURVE('',#6345,#6253,#6909,.T.);
#5305=EDGE_CURVE('',#6353,#6894,#6910,.T.);
#5306=EDGE_CURVE('',#6869,#6911,#6912,.T.);
#5307=EDGE_CURVE('',#6911,#6913,#6914,.T.);
#5308=EDGE_CURVE('',#6864,#6913,#6915,.T.);
#5309=EDGE_CURVE('',#6913,#6916,#6917,.T.);
#5310=EDGE_CURVE('',#6865,#6916,#6918,.T.);
#5311=EDGE_CURVE('',#6916,#6919,#6920,.T.);
#5312=EDGE_CURVE('',#6867,#6919,#6921,.T.);
#5313=EDGE_CURVE('',#6919,#6911,#6922,.T.);
#5314=EDGE_CURVE('',#6261,#6911,#6923,.T.);
#5315=EDGE_CURVE('',#6260,#6919,#6924,.T.);
#5316=EDGE_CURVE('',#6358,#6916,#6925,.T.);
#5317=EDGE_CURVE('',#6362,#6268,#6926,.T.);
#5318=EDGE_CURVE('',#6360,#6267,#6927,.T.);
#5319=EDGE_CURVE('',#6356,#6264,#6928,.T.);
#5320=EDGE_CURVE('',#6364,#6913,#6929,.T.);
#5321=ORIENTED_EDGE('',*,*,#6930,.T.);
#5322=ORIENTED_EDGE('',*,*,#6931,.F.);
#5323=ORIENTED_EDGE('',*,*,#6932,.F.);
#5324=ORIENTED_EDGE('',*,*,#6933,.T.);
#5325=CARTESIAN_POINT('',(-6.35,2.9972,7.874));
#5326=DIRECTION('',(0.0,1.0,-0.0));
#5327=DIRECTION('',(1.0,0.0,0.0));
#5328=ORIENTED_EDGE('',*,*,#6934,.F.);
#5329=ORIENTED_EDGE('',*,*,#6930,.F.);
#5330=ORIENTED_EDGE('',*,*,#6935,.T.);
#5331=ORIENTED_EDGE('',*,*,#6936,.T.);
#5332=CARTESIAN_POINT('',(0.0,1.397,0.0));
#5333=DIRECTION('',(0.0,-1.0,0.0));
#5334=DIRECTION('',(0.0,0.0,-1.0));
#5335=ORIENTED_EDGE('',*,*,#6934,.T.);
#5336=ORIENTED_EDGE('',*,*,#6933,.F.);
#5337=ORIENTED_EDGE('',*,*,#6937,.F.);
#5338=ORIENTED_EDGE('',*,*,#6931,.T.);
#5339=CARTESIAN_POINT('',(-6.35,2.9972,7.874));
#5340=DIRECTION('',(0.0,1.0,-0.0));
#5341=DIRECTION('',(1.0,0.0,0.0));
#5342=ORIENTED_EDGE('',*,*,#6937,.T.);
#5343=ORIENTED_EDGE('',*,*,#6932,.T.);
#5344=ORIENTED_EDGE('',*,*,#6938,.T.);
#5345=ORIENTED_EDGE('',*,*,#6939,.F.);
#5346=CARTESIAN_POINT('',(-6.35,1.44600000000006,7.869999999999));
#5347=DIRECTION('',(0.0,-1.0,0.0));
#5348=DIRECTION('',(0.0,0.0,-1.0));
#5349=ORIENTED_EDGE('',*,*,#6936,.F.);
#5350=ORIENTED_EDGE('',*,*,#6940,.T.);
#5351=ORIENTED_EDGE('',*,*,#6938,.F.);
#5352=ORIENTED_EDGE('',*,*,#6941,.F.);
#5353=CARTESIAN_POINT('',(-6.35,1.4214999999999,7.869999999999));
#5354=DIRECTION('',(-0.0,-1.0,0.0));
#5355=DIRECTION('',(-1.0,0.0,0.0));
#5356=ORIENTED_EDGE('',*,*,#6935,.F.);
#5357=ORIENTED_EDGE('',*,*,#6941,.T.);
#5358=ORIENTED_EDGE('',*,*,#6939,.T.);
#5359=ORIENTED_EDGE('',*,*,#6940,.F.);
#5360=CARTESIAN_POINT('',(-6.35,1.4214999999999,7.869999999999));
#5361=DIRECTION('',(-0.0,-1.0,0.0));
#5362=DIRECTION('',(-1.0,0.0,0.0));
#5363=ORIENTED_EDGE('',*,*,#6942,.T.);
#5364=ORIENTED_EDGE('',*,*,#6943,.T.);
#5365=ORIENTED_EDGE('',*,*,#6944,.F.);
#5366=CARTESIAN_POINT('',(-6.35,2.9972,7.874));
#5367=DIRECTION('',(0.0,1.0,-0.0));
#5368=DIRECTION('',(1.0,0.0,0.0));
#5369=ORIENTED_EDGE('',*,*,#6945,.F.);
#5370=ORIENTED_EDGE('',*,*,#6946,.T.);
#5371=ORIENTED_EDGE('',*,*,#6942,.F.);
#5372=ORIENTED_EDGE('',*,*,#6947,.F.);
#5373=CARTESIAN_POINT('',(-6.35,2.9972,7.874));
#5374=DIRECTION('',(0.0,1.0,-0.0));
#5375=DIRECTION('',(1.0,0.0,0.0));
#5376=ORIENTED_EDGE('',*,*,#6948,.T.);
#5377=ORIENTED_EDGE('',*,*,#6949,.F.);
#5378=ORIENTED_EDGE('',*,*,#6950,.F.);
#5379=CARTESIAN_POINT('',(-6.35,1.87100383215732,7.869999999999));
#5380=DIRECTION('',(-0.0,-1.0,0.0));
#5381=DIRECTION('',(-1.0,0.0,0.0));
#5382=ORIENTED_EDGE('',*,*,#6951,.F.);
#5383=ORIENTED_EDGE('',*,*,#6952,.F.);
#5384=ORIENTED_EDGE('',*,*,#6948,.F.);
#5385=ORIENTED_EDGE('',*,*,#6953,.F.);
#5386=CARTESIAN_POINT('',(-6.35,1.87100383215732,7.869999999999));
#5387=DIRECTION('',(-0.0,-1.0,0.0));
#5388=DIRECTION('',(-1.0,0.0,0.0));
#5389=ORIENTED_EDGE('',*,*,#6954,.F.);
#5390=ORIENTED_EDGE('',*,*,#6944,.T.);
#5391=ORIENTED_EDGE('',*,*,#6955,.T.);
#5392=ORIENTED_EDGE('',*,*,#6953,.T.);
#5393=ORIENTED_EDGE('',*,*,#6950,.T.);
#5394=ORIENTED_EDGE('',*,*,#6956,.F.);
#5395=CARTESIAN_POINT('',(-6.35,2.9972,7.874));
#5396=DIRECTION('',(0.0,1.0,-0.0));
#5397=DIRECTION('',(1.0,0.0,0.0));
#5398=ORIENTED_EDGE('',*,*,#6947,.T.);
#5399=ORIENTED_EDGE('',*,*,#6954,.T.);
#5400=ORIENTED_EDGE('',*,*,#6952,.T.);
#5401=ORIENTED_EDGE('',*,*,#6957,.F.);
#5402=CARTESIAN_POINT('',(-6.35,2.20800000000006,7.869999999999));
#5403=DIRECTION('',(0.0,-1.0,0.0));
#5404=DIRECTION('',(0.0,0.0,-1.0));
#5405=ORIENTED_EDGE('',*,*,#6951,.T.);
#5406=ORIENTED_EDGE('',*,*,#6955,.F.);
#5407=ORIENTED_EDGE('',*,*,#6958,.T.);
#5408=CARTESIAN_POINT('',(-6.35,1.87100383215732,7.869999999999));
#5409=DIRECTION('',(-0.0,-1.0,0.0));
#5410=DIRECTION('',(-1.0,0.0,0.0));
#5411=ORIENTED_EDGE('',*,*,#6959,.F.);
#5412=ORIENTED_EDGE('',*,*,#6949,.T.);
#5413=ORIENTED_EDGE('',*,*,#6957,.T.);
#5414=ORIENTED_EDGE('',*,*,#6958,.F.);
#5415=ORIENTED_EDGE('',*,*,#6943,.F.);
#5416=ORIENTED_EDGE('',*,*,#6946,.F.);
#5417=CARTESIAN_POINT('',(-6.35,1.86752015133882,7.869999999999));
#5418=DIRECTION('',(-0.0,-1.0,0.0));
#5419=DIRECTION('',(-1.0,0.0,0.0));
#5420=ORIENTED_EDGE('',*,*,#6945,.T.);
#5421=ORIENTED_EDGE('',*,*,#6956,.T.);
#5422=ORIENTED_EDGE('',*,*,#6959,.T.);
#5423=CARTESIAN_POINT('',(-6.35,2.9972,7.874));
#5424=DIRECTION('',(0.0,1.0,-0.0));
#5425=DIRECTION('',(1.0,0.0,0.0));
#5426=ORIENTED_EDGE('',*,*,#6960,.T.);
#5427=ORIENTED_EDGE('',*,*,#6961,.F.);
#5428=ORIENTED_EDGE('',*,*,#6962,.T.);
#5429=ORIENTED_EDGE('',*,*,#6963,.F.);
#5430=ORIENTED_EDGE('',*,*,#6964,.F.);
#5431=ORIENTED_EDGE('',*,*,#6965,.F.);
#5432=ORIENTED_EDGE('',*,*,#6966,.F.);
#5433=ORIENTED_EDGE('',*,*,#6967,.F.);
#5434=ORIENTED_EDGE('',*,*,#6968,.F.);
#5435=ORIENTED_EDGE('',*,*,#6969,.F.);
#5436=CARTESIAN_POINT('',(0.0,1.397,0.0));
#5437=DIRECTION('',(0.0,-1.0,0.0));
#5438=DIRECTION('',(0.0,0.0,-1.0));
#5439=ORIENTED_EDGE('',*,*,#6960,.F.);
#5440=ORIENTED_EDGE('',*,*,#6970,.T.);
#5441=ORIENTED_EDGE('',*,*,#6971,.F.);
#5442=ORIENTED_EDGE('',*,*,#6972,.F.);
#5443=CARTESIAN_POINT('',(-6.35,-2.794,-6.35));
#5444=DIRECTION('',(0.0,1.0,-0.0));
#5445=DIRECTION('',(-1.0,0.0,0.0));
#5446=ORIENTED_EDGE('',*,*,#6969,.T.);
#5447=ORIENTED_EDGE('',*,*,#6973,.T.);
#5448=ORIENTED_EDGE('',*,*,#6974,.F.);
#5449=ORIENTED_EDGE('',*,*,#6970,.F.);
#5450=CARTESIAN_POINT('',(-6.35,-2.794,-7.9248));
#5451=DIRECTION('',(0.0,0.0,1.0));
#5452=DIRECTION('',(1.0,0.0,0.0));
#5453=ORIENTED_EDGE('',*,*,#6968,.T.);
#5454=ORIENTED_EDGE('',*,*,#6975,.T.);
#5455=ORIENTED_EDGE('',*,*,#6976,.F.);
#5456=ORIENTED_EDGE('',*,*,#6973,.F.);
#5457=CARTESIAN_POINT('',(-7.1755,-2.794,-7.9248));
#5458=DIRECTION('',(-1.0,0.0,0.0));
#5459=DIRECTION('',(0.0,0.0,1.0));
#5460=ORIENTED_EDGE('',*,*,#6967,.T.);
#5461=ORIENTED_EDGE('',*,*,#6977,.F.);
#5462=ORIENTED_EDGE('',*,*,#6978,.F.);
#5463=ORIENTED_EDGE('',*,*,#6975,.F.);
#5464=CARTESIAN_POINT('',(-6.2865,-2.794,-10.287));
#5465=DIRECTION('',(0.0,1.0,-0.0));
#5466=DIRECTION('',(-1.0,0.0,0.0));
#5467=ORIENTED_EDGE('',*,*,#6966,.T.);
#5468=ORIENTED_EDGE('',*,*,#6979,.T.);
#5469=ORIENTED_EDGE('',*,*,#6980,.T.);
#5470=ORIENTED_EDGE('',*,*,#6977,.T.);
#5471=CARTESIAN_POINT('',(-7.1755,2.1082,-10.2958332576649));
#5472=DIRECTION('',(0.0,-0.707106781186547,0.707106781186547));
#5473=DIRECTION('',(-1.0,0.0,0.0));
#5474=ORIENTED_EDGE('',*,*,#6965,.T.);
#5475=ORIENTED_EDGE('',*,*,#6981,.T.);
#5476=ORIENTED_EDGE('',*,*,#6982,.F.);
#5477=ORIENTED_EDGE('',*,*,#6979,.F.);
#5478=CARTESIAN_POINT('',(6.2865,-2.794,-10.287));
#5479=DIRECTION('',(0.0,1.0,-0.0));
#5480=DIRECTION('',(-1.0,0.0,0.0));
#5481=ORIENTED_EDGE('',*,*,#6964,.T.);
#5482=ORIENTED_EDGE('',*,*,#6983,.T.);
#5483=ORIENTED_EDGE('',*,*,#6984,.F.);
#5484=ORIENTED_EDGE('',*,*,#6981,.F.);
#5485=CARTESIAN_POINT('',(7.1755,-2.794,-10.287));
#5486=DIRECTION('',(1.0,0.0,0.0));
#5487=DIRECTION('',(0.0,1.0,0.0));
#5488=ORIENTED_EDGE('',*,*,#6963,.T.);
#5489=ORIENTED_EDGE('',*,*,#6985,.T.);
#5490=ORIENTED_EDGE('',*,*,#6986,.F.);
#5491=ORIENTED_EDGE('',*,*,#6983,.F.);
#5492=CARTESIAN_POINT('',(7.1755,-2.794,-7.9248));
#5493=DIRECTION('',(0.0,0.0,1.0));
#5494=DIRECTION('',(1.0,0.0,0.0));
#5495=ORIENTED_EDGE('',*,*,#6962,.F.);
#5496=ORIENTED_EDGE('',*,*,#6987,.T.);
#5497=ORIENTED_EDGE('',*,*,#6988,.F.);
#5498=ORIENTED_EDGE('',*,*,#6985,.F.);
#5499=CARTESIAN_POINT('',(6.35,-2.794,-6.35));
#5500=DIRECTION('',(0.0,1.0,-0.0));
#5501=DIRECTION('',(-1.0,0.0,0.0));
#5502=ORIENTED_EDGE('',*,*,#6961,.T.);
#5503=ORIENTED_EDGE('',*,*,#6972,.T.);
#5504=ORIENTED_EDGE('',*,*,#6989,.F.);
#5505=ORIENTED_EDGE('',*,*,#6987,.F.);
#5506=CARTESIAN_POINT('',(4.94494142470748,0.0,-7.0612));
#5507=DIRECTION('',(0.0,0.0,1.0));
#5508=DIRECTION('',(1.0,0.0,0.0));
#5509=ORIENTED_EDGE('',*,*,#6980,.F.);
#5510=ORIENTED_EDGE('',*,*,#6982,.T.);
#5511=ORIENTED_EDGE('',*,*,#6984,.T.);
#5512=ORIENTED_EDGE('',*,*,#6986,.T.);
#5513=ORIENTED_EDGE('',*,*,#6988,.T.);
#5514=ORIENTED_EDGE('',*,*,#6989,.T.);
#5515=ORIENTED_EDGE('',*,*,#6971,.T.);
#5516=ORIENTED_EDGE('',*,*,#6974,.T.);
#5517=ORIENTED_EDGE('',*,*,#6976,.T.);
#5518=ORIENTED_EDGE('',*,*,#6978,.T.);
#5519=CARTESIAN_POINT('',(0.0,2.1082,0.0));
#5520=DIRECTION('',(0.0,-1.0,0.0));
#5521=DIRECTION('',(0.0,0.0,-1.0));
#5522=ORIENTED_EDGE('',*,*,#6990,.T.);
#5523=ORIENTED_EDGE('',*,*,#6991,.F.);
#5524=ORIENTED_EDGE('',*,*,#6992,.F.);
#5525=ORIENTED_EDGE('',*,*,#6993,.T.);
#5526=CARTESIAN_POINT('',(6.35,2.9972,7.874));
#5527=DIRECTION('',(0.0,1.0,-0.0));
#5528=DIRECTION('',(1.0,0.0,0.0));
#5529=ORIENTED_EDGE('',*,*,#6994,.F.);
#5530=ORIENTED_EDGE('',*,*,#6990,.F.);
#5531=ORIENTED_EDGE('',*,*,#6995,.T.);
#5532=ORIENTED_EDGE('',*,*,#6996,.T.);
#5533=CARTESIAN_POINT('',(0.0,1.397,0.0));
#5534=DIRECTION('',(0.0,-1.0,0.0));
#5535=DIRECTION('',(0.0,0.0,-1.0));
#5536=ORIENTED_EDGE('',*,*,#6994,.T.);
#5537=ORIENTED_EDGE('',*,*,#6993,.F.);
#5538=ORIENTED_EDGE('',*,*,#6997,.F.);
#5539=ORIENTED_EDGE('',*,*,#6991,.T.);
#5540=CARTESIAN_POINT('',(6.35,2.9972,7.874));
#5541=DIRECTION('',(0.0,1.0,-0.0));
#5542=DIRECTION('',(1.0,0.0,0.0));
#5543=ORIENTED_EDGE('',*,*,#6997,.T.);
#5544=ORIENTED_EDGE('',*,*,#6992,.T.);
#5545=ORIENTED_EDGE('',*,*,#6998,.T.);
#5546=ORIENTED_EDGE('',*,*,#6999,.F.);
#5547=CARTESIAN_POINT('',(6.35,1.44600000000006,7.869999999999));
#5548=DIRECTION('',(0.0,-1.0,0.0));
#5549=DIRECTION('',(0.0,0.0,-1.0));
#5550=ORIENTED_EDGE('',*,*,#6996,.F.);
#5551=ORIENTED_EDGE('',*,*,#7000,.T.);
#5552=ORIENTED_EDGE('',*,*,#6998,.F.);
#5553=ORIENTED_EDGE('',*,*,#7001,.F.);
#5554=CARTESIAN_POINT('',(6.35,1.4214999999999,7.869999999999));
#5555=DIRECTION('',(-0.0,-1.0,0.0));
#5556=DIRECTION('',(-1.0,0.0,0.0));
#5557=ORIENTED_EDGE('',*,*,#6995,.F.);
#5558=ORIENTED_EDGE('',*,*,#7001,.T.);
#5559=ORIENTED_EDGE('',*,*,#6999,.T.);
#5560=ORIENTED_EDGE('',*,*,#7000,.F.);
#5561=CARTESIAN_POINT('',(6.35,1.4214999999999,7.869999999999));
#5562=DIRECTION('',(-0.0,-1.0,0.0));
#5563=DIRECTION('',(-1.0,0.0,0.0));
#5564=ORIENTED_EDGE('',*,*,#7002,.T.);
#5565=ORIENTED_EDGE('',*,*,#7003,.T.);
#5566=ORIENTED_EDGE('',*,*,#7004,.F.);
#5567=CARTESIAN_POINT('',(6.35,2.9972,7.874));
#5568=DIRECTION('',(0.0,1.0,-0.0));
#5569=DIRECTION('',(1.0,0.0,0.0));
#5570=ORIENTED_EDGE('',*,*,#7005,.F.);
#5571=ORIENTED_EDGE('',*,*,#7006,.T.);
#5572=ORIENTED_EDGE('',*,*,#7002,.F.);
#5573=ORIENTED_EDGE('',*,*,#7007,.F.);
#5574=CARTESIAN_POINT('',(6.35,2.9972,7.874));
#5575=DIRECTION('',(0.0,1.0,-0.0));
#5576=DIRECTION('',(1.0,0.0,0.0));
#5577=ORIENTED_EDGE('',*,*,#7008,.T.);
#5578=ORIENTED_EDGE('',*,*,#7009,.F.);
#5579=ORIENTED_EDGE('',*,*,#7010,.F.);
#5580=CARTESIAN_POINT('',(6.35,1.87100383215732,7.869999999999));
#5581=DIRECTION('',(-0.0,-1.0,0.0));
#5582=DIRECTION('',(-1.0,0.0,0.0));
#5583=ORIENTED_EDGE('',*,*,#7011,.F.);
#5584=ORIENTED_EDGE('',*,*,#7012,.F.);
#5585=ORIENTED_EDGE('',*,*,#7008,.F.);
#5586=ORIENTED_EDGE('',*,*,#7013,.F.);
#5587=CARTESIAN_POINT('',(6.35,1.87100383215732,7.869999999999));
#5588=DIRECTION('',(-0.0,-1.0,0.0));
#5589=DIRECTION('',(-1.0,0.0,0.0));
#5590=ORIENTED_EDGE('',*,*,#7014,.F.);
#5591=ORIENTED_EDGE('',*,*,#7004,.T.);
#5592=ORIENTED_EDGE('',*,*,#7015,.T.);
#5593=ORIENTED_EDGE('',*,*,#7013,.T.);
#5594=ORIENTED_EDGE('',*,*,#7010,.T.);
#5595=ORIENTED_EDGE('',*,*,#7016,.F.);
#5596=CARTESIAN_POINT('',(6.35,2.9972,7.874));
#5597=DIRECTION('',(0.0,1.0,-0.0));
#5598=DIRECTION('',(1.0,0.0,0.0));
#5599=ORIENTED_EDGE('',*,*,#7007,.T.);
#5600=ORIENTED_EDGE('',*,*,#7014,.T.);
#5601=ORIENTED_EDGE('',*,*,#7012,.T.);
#5602=ORIENTED_EDGE('',*,*,#7017,.F.);
#5603=CARTESIAN_POINT('',(6.35,2.20800000000006,7.869999999999));
#5604=DIRECTION('',(0.0,-1.0,0.0));
#5605=DIRECTION('',(0.0,0.0,-1.0));
#5606=ORIENTED_EDGE('',*,*,#7011,.T.);
#5607=ORIENTED_EDGE('',*,*,#7015,.F.);
#5608=ORIENTED_EDGE('',*,*,#7018,.T.);
#5609=CARTESIAN_POINT('',(6.35,1.87100383215732,7.869999999999));
#5610=DIRECTION('',(-0.0,-1.0,0.0));
#5611=DIRECTION('',(-1.0,0.0,0.0));
#5612=ORIENTED_EDGE('',*,*,#7019,.F.);
#5613=ORIENTED_EDGE('',*,*,#7009,.T.);
#5614=ORIENTED_EDGE('',*,*,#7017,.T.);
#5615=ORIENTED_EDGE('',*,*,#7018,.F.);
#5616=ORIENTED_EDGE('',*,*,#7003,.F.);
#5617=ORIENTED_EDGE('',*,*,#7006,.F.);
#5618=CARTESIAN_POINT('',(6.35,1.86752015133882,7.869999999999));
#5619=DIRECTION('',(-0.0,-1.0,0.0));
#5620=DIRECTION('',(-1.0,0.0,0.0));
#5621=ORIENTED_EDGE('',*,*,#7005,.T.);
#5622=ORIENTED_EDGE('',*,*,#7016,.T.);
#5623=ORIENTED_EDGE('',*,*,#7019,.T.);
#5624=CARTESIAN_POINT('',(6.35,2.9972,7.874));
#5625=DIRECTION('',(0.0,1.0,-0.0));
#5626=DIRECTION('',(1.0,0.0,0.0));
#5627=ORIENTED_EDGE('',*,*,#7020,.T.);
#5628=ORIENTED_EDGE('',*,*,#7021,.F.);
#5629=ORIENTED_EDGE('',*,*,#7022,.F.);
#5630=ORIENTED_EDGE('',*,*,#7023,.T.);
#5631=CARTESIAN_POINT('',(-6.35,2.9972,-6.35));
#5632=DIRECTION('',(0.0,1.0,-0.0));
#5633=DIRECTION('',(1.0,0.0,0.0));
#5634=ORIENTED_EDGE('',*,*,#7024,.F.);
#5635=ORIENTED_EDGE('',*,*,#7020,.F.);
#5636=ORIENTED_EDGE('',*,*,#7025,.T.);
#5637=ORIENTED_EDGE('',*,*,#7026,.T.);
#5638=CARTESIAN_POINT('',(0.0,1.397,0.0));
#5639=DIRECTION('',(0.0,-1.0,0.0));
#5640=DIRECTION('',(0.0,0.0,-1.0));
#5641=ORIENTED_EDGE('',*,*,#7024,.T.);
#5642=ORIENTED_EDGE('',*,*,#7023,.F.);
#5643=ORIENTED_EDGE('',*,*,#7027,.F.);
#5644=ORIENTED_EDGE('',*,*,#7021,.T.);
#5645=CARTESIAN_POINT('',(-6.35,2.9972,-6.35));
#5646=DIRECTION('',(0.0,1.0,-0.0));
#5647=DIRECTION('',(1.0,0.0,0.0));
#5648=ORIENTED_EDGE('',*,*,#7027,.T.);
#5649=ORIENTED_EDGE('',*,*,#7022,.T.);
#5650=ORIENTED_EDGE('',*,*,#7028,.T.);
#5651=ORIENTED_EDGE('',*,*,#7029,.F.);
#5652=CARTESIAN_POINT('',(-6.35,1.44600000000006,-6.35));
#5653=DIRECTION('',(0.0,-1.0,0.0));
#5654=DIRECTION('',(0.0,0.0,-1.0));
#5655=ORIENTED_EDGE('',*,*,#7026,.F.);
#5656=ORIENTED_EDGE('',*,*,#7030,.T.);
#5657=ORIENTED_EDGE('',*,*,#7028,.F.);
#5658=ORIENTED_EDGE('',*,*,#7031,.F.);
#5659=CARTESIAN_POINT('',(-6.35,1.4214999999999,-6.35));
#5660=DIRECTION('',(-0.0,-1.0,0.0));
#5661=DIRECTION('',(-1.0,0.0,0.0));
#5662=ORIENTED_EDGE('',*,*,#7025,.F.);
#5663=ORIENTED_EDGE('',*,*,#7031,.T.);
#5664=ORIENTED_EDGE('',*,*,#7029,.T.);
#5665=ORIENTED_EDGE('',*,*,#7030,.F.);
#5666=CARTESIAN_POINT('',(-6.35,1.4214999999999,-6.35));
#5667=DIRECTION('',(-0.0,-1.0,0.0));
#5668=DIRECTION('',(-1.0,0.0,0.0));
#5669=ORIENTED_EDGE('',*,*,#7032,.F.);
#5670=ORIENTED_EDGE('',*,*,#7033,.T.);
#5671=ORIENTED_EDGE('',*,*,#7034,.T.);
#5672=ORIENTED_EDGE('',*,*,#7035,.F.);
#5673=CARTESIAN_POINT('',(-6.35,2.9972,-6.35));
#5674=DIRECTION('',(0.0,1.0,-0.0));
#5675=DIRECTION('',(1.0,0.0,0.0));
#5676=ORIENTED_EDGE('',*,*,#7036,.T.);
#5677=ORIENTED_EDGE('',*,*,#7032,.T.);
#5678=ORIENTED_EDGE('',*,*,#7037,.T.);
#5679=ORIENTED_EDGE('',*,*,#7038,.F.);
#5680=CARTESIAN_POINT('',(-6.35,2.20800000000006,-6.35));
#5681=DIRECTION('',(0.0,-1.0,0.0));
#5682=DIRECTION('',(0.0,0.0,-1.0));
#5683=ORIENTED_EDGE('',*,*,#7034,.F.);
#5684=ORIENTED_EDGE('',*,*,#7039,.T.);
#5685=ORIENTED_EDGE('',*,*,#7037,.F.);
#5686=ORIENTED_EDGE('',*,*,#7040,.F.);
#5687=CARTESIAN_POINT('',(-6.35,1.87099409051234,-6.35));
#5688=DIRECTION('',(-0.0,-1.0,0.0));
#5689=DIRECTION('',(-1.0,0.0,0.0));
#5690=ORIENTED_EDGE('',*,*,#7041,.F.);
#5691=ORIENTED_EDGE('',*,*,#7040,.T.);
#5692=ORIENTED_EDGE('',*,*,#7038,.T.);
#5693=ORIENTED_EDGE('',*,*,#7039,.F.);
#5694=CARTESIAN_POINT('',(-6.35,1.87099409051234,-6.35));
#5695=DIRECTION('',(-0.0,-1.0,0.0));
#5696=DIRECTION('',(-1.0,0.0,0.0));
#5697=ORIENTED_EDGE('',*,*,#7041,.T.);
#5698=ORIENTED_EDGE('',*,*,#7033,.F.);
#5699=ORIENTED_EDGE('',*,*,#7036,.F.);
#5700=ORIENTED_EDGE('',*,*,#7035,.T.);
#5701=CARTESIAN_POINT('',(-6.35,2.9972,-6.35));
#5702=DIRECTION('',(0.0,1.0,-0.0));
#5703=DIRECTION('',(1.0,0.0,0.0));
#5704=ORIENTED_EDGE('',*,*,#7042,.T.);
#5705=ORIENTED_EDGE('',*,*,#7043,.F.);
#5706=ORIENTED_EDGE('',*,*,#7044,.F.);
#5707=ORIENTED_EDGE('',*,*,#7045,.T.);
#5708=CARTESIAN_POINT('',(6.35,2.9972,-6.35));
#5709=DIRECTION('',(0.0,1.0,-0.0));
#5710=DIRECTION('',(1.0,0.0,0.0));
#5711=ORIENTED_EDGE('',*,*,#7046,.F.);
#5712=ORIENTED_EDGE('',*,*,#7042,.F.);
#5713=ORIENTED_EDGE('',*,*,#7047,.T.);
#5714=ORIENTED_EDGE('',*,*,#7048,.T.);
#5715=CARTESIAN_POINT('',(0.0,1.397,0.0));
#5716=DIRECTION('',(0.0,-1.0,0.0));
#5717=DIRECTION('',(0.0,0.0,-1.0));
#5718=ORIENTED_EDGE('',*,*,#7046,.T.);
#5719=ORIENTED_EDGE('',*,*,#7045,.F.);
#5720=ORIENTED_EDGE('',*,*,#7049,.F.);
#5721=ORIENTED_EDGE('',*,*,#7043,.T.);
#5722=CARTESIAN_POINT('',(6.35,2.9972,-6.35));
#5723=DIRECTION('',(0.0,1.0,-0.0));
#5724=DIRECTION('',(1.0,0.0,0.0));
#5725=ORIENTED_EDGE('',*,*,#7049,.T.);
#5726=ORIENTED_EDGE('',*,*,#7044,.T.);
#5727=ORIENTED_EDGE('',*,*,#7050,.T.);
#5728=ORIENTED_EDGE('',*,*,#7051,.F.);
#5729=CARTESIAN_POINT('',(6.35,1.44600000000006,-6.35));
#5730=DIRECTION('',(0.0,-1.0,0.0));
#5731=DIRECTION('',(0.0,0.0,-1.0));
#5732=ORIENTED_EDGE('',*,*,#7048,.F.);
#5733=ORIENTED_EDGE('',*,*,#7052,.T.);
#5734=ORIENTED_EDGE('',*,*,#7050,.F.);
#5735=ORIENTED_EDGE('',*,*,#7053,.F.);
#5736=CARTESIAN_POINT('',(6.35,1.4214999999999,-6.35));
#5737=DIRECTION('',(-0.0,-1.0,0.0));
#5738=DIRECTION('',(-1.0,0.0,0.0));
#5739=ORIENTED_EDGE('',*,*,#7047,.F.);
#5740=ORIENTED_EDGE('',*,*,#7053,.T.);
#5741=ORIENTED_EDGE('',*,*,#7051,.T.);
#5742=ORIENTED_EDGE('',*,*,#7052,.F.);
#5743=CARTESIAN_POINT('',(6.35,1.4214999999999,-6.35));
#5744=DIRECTION('',(-0.0,-1.0,0.0));
#5745=DIRECTION('',(-1.0,0.0,0.0));
#5746=ORIENTED_EDGE('',*,*,#7054,.F.);
#5747=ORIENTED_EDGE('',*,*,#7055,.T.);
#5748=ORIENTED_EDGE('',*,*,#7056,.T.);
#5749=ORIENTED_EDGE('',*,*,#7057,.F.);
#5750=CARTESIAN_POINT('',(6.35,2.9972,-6.35));
#5751=DIRECTION('',(0.0,1.0,-0.0));
#5752=DIRECTION('',(1.0,0.0,0.0));
#5753=ORIENTED_EDGE('',*,*,#7058,.T.);
#5754=ORIENTED_EDGE('',*,*,#7054,.T.);
#5755=ORIENTED_EDGE('',*,*,#7059,.T.);
#5756=ORIENTED_EDGE('',*,*,#7060,.F.);
#5757=CARTESIAN_POINT('',(6.35,2.20800000000006,-6.35));
#5758=DIRECTION('',(0.0,-1.0,0.0));
#5759=DIRECTION('',(0.0,0.0,-1.0));
#5760=ORIENTED_EDGE('',*,*,#7056,.F.);
#5761=ORIENTED_EDGE('',*,*,#7061,.T.);
#5762=ORIENTED_EDGE('',*,*,#7059,.F.);
#5763=ORIENTED_EDGE('',*,*,#7062,.F.);
#5764=CARTESIAN_POINT('',(6.35,1.87099409051234,-6.35));
#5765=DIRECTION('',(-0.0,-1.0,0.0));
#5766=DIRECTION('',(-1.0,0.0,0.0));
#5767=ORIENTED_EDGE('',*,*,#7063,.F.);
#5768=ORIENTED_EDGE('',*,*,#7062,.T.);
#5769=ORIENTED_EDGE('',*,*,#7060,.T.);
#5770=ORIENTED_EDGE('',*,*,#7061,.F.);
#5771=CARTESIAN_POINT('',(6.35,1.87099409051234,-6.35));
#5772=DIRECTION('',(-0.0,-1.0,0.0));
#5773=DIRECTION('',(-1.0,0.0,0.0));
#5774=ORIENTED_EDGE('',*,*,#7063,.T.);
#5775=ORIENTED_EDGE('',*,*,#7055,.F.);
#5776=ORIENTED_EDGE('',*,*,#7058,.F.);
#5777=ORIENTED_EDGE('',*,*,#7057,.T.);
#5778=CARTESIAN_POINT('',(6.35,2.9972,-6.35));
#5779=DIRECTION('',(0.0,1.0,-0.0));
#5780=DIRECTION('',(1.0,0.0,0.0));
#5781=ORIENTED_EDGE('',*,*,#7064,.F.);
#5782=ORIENTED_EDGE('',*,*,#7065,.F.);
#5783=ORIENTED_EDGE('',*,*,#7066,.T.);
#5784=ORIENTED_EDGE('',*,*,#7067,.T.);
#5785=CARTESIAN_POINT('',(3.556,0.0,4.8006));
#5786=DIRECTION('',(-0.0,-1.0,0.0));
#5787=DIRECTION('',(-1.0,0.0,0.0));
#5788=ORIENTED_EDGE('',*,*,#7064,.T.);
#5789=ORIENTED_EDGE('',*,*,#7068,.T.);
#5790=ORIENTED_EDGE('',*,*,#7069,.F.);
#5791=ORIENTED_EDGE('',*,*,#7070,.F.);
#5792=CARTESIAN_POINT('',(3.556,0.0,4.8006));
#5793=DIRECTION('',(-0.0,-1.0,0.0));
#5794=DIRECTION('',(-1.0,0.0,0.0));
#5795=ORIENTED_EDGE('',*,*,#7065,.T.);
#5796=ORIENTED_EDGE('',*,*,#7070,.T.);
#5797=ORIENTED_EDGE('',*,*,#7071,.F.);
#5798=CARTESIAN_POINT('',(0.0,1.397,0.0));
#5799=DIRECTION('',(0.0,-1.0,0.0));
#5800=DIRECTION('',(0.0,0.0,-1.0));
#5801=ORIENTED_EDGE('',*,*,#7071,.T.);
#5802=ORIENTED_EDGE('',*,*,#7069,.T.);
#5803=ORIENTED_EDGE('',*,*,#7072,.F.);
#5804=ORIENTED_EDGE('',*,*,#7066,.F.);
#5805=CARTESIAN_POINT('',(0.0,-0.635,0.0));
#5806=DIRECTION('',(0.0,-1.0,-0.0));
#5807=DIRECTION('',(0.0,0.0,-1.0));
#5808=ORIENTED_EDGE('',*,*,#7072,.T.);
#5809=ORIENTED_EDGE('',*,*,#7068,.F.);
#5810=ORIENTED_EDGE('',*,*,#7067,.F.);
#5811=CARTESIAN_POINT('',(0.0,1.4732,0.0));
#5812=DIRECTION('',(-0.0,1.0,0.0));
#5813=DIRECTION('',(1.0,0.0,0.0));
#5814=ORIENTED_EDGE('',*,*,#7073,.F.);
#5815=ORIENTED_EDGE('',*,*,#7074,.T.);
#5816=ORIENTED_EDGE('',*,*,#7075,.F.);
#5817=ORIENTED_EDGE('',*,*,#7076,.F.);
#5818=CARTESIAN_POINT('',(-3.556,0.0,4.8006));
#5819=DIRECTION('',(-0.0,-1.0,0.0));
#5820=DIRECTION('',(-1.0,0.0,0.0));
#5821=ORIENTED_EDGE('',*,*,#7077,.T.);
#5822=ORIENTED_EDGE('',*,*,#7076,.T.);
#5823=ORIENTED_EDGE('',*,*,#7078,.F.);
#5824=CARTESIAN_POINT('',(0.0,1.397,0.0));
#5825=DIRECTION('',(0.0,-1.0,0.0));
#5826=DIRECTION('',(0.0,0.0,-1.0));
#5827=ORIENTED_EDGE('',*,*,#7073,.T.);
#5828=ORIENTED_EDGE('',*,*,#7077,.F.);
#5829=ORIENTED_EDGE('',*,*,#7079,.T.);
#5830=ORIENTED_EDGE('',*,*,#7080,.T.);
#5831=CARTESIAN_POINT('',(-3.556,0.0,4.8006));
#5832=DIRECTION('',(-0.0,-1.0,0.0));
#5833=DIRECTION('',(-1.0,0.0,0.0));
#5834=ORIENTED_EDGE('',*,*,#7078,.T.);
#5835=ORIENTED_EDGE('',*,*,#7075,.T.);
#5836=ORIENTED_EDGE('',*,*,#7081,.F.);
#5837=ORIENTED_EDGE('',*,*,#7079,.F.);
#5838=CARTESIAN_POINT('',(0.0,-0.635,0.0));
#5839=DIRECTION('',(0.0,-1.0,-0.0));
#5840=DIRECTION('',(0.0,0.0,-1.0));
#5841=ORIENTED_EDGE('',*,*,#7081,.T.);
#5842=ORIENTED_EDGE('',*,*,#7074,.F.);
#5843=ORIENTED_EDGE('',*,*,#7080,.F.);
#5844=CARTESIAN_POINT('',(0.0,1.4732,0.0));
#5845=DIRECTION('',(-0.0,1.0,0.0));
#5846=DIRECTION('',(1.0,0.0,0.0));
#5847=ORIENTED_EDGE('',*,*,#7082,.T.);
#5848=ORIENTED_EDGE('',*,*,#7083,.T.);
#5849=ORIENTED_EDGE('',*,*,#7084,.F.);
#5850=ORIENTED_EDGE('',*,*,#7085,.F.);
#5851=CARTESIAN_POINT('',(0.0,1.397,0.0));
#5852=DIRECTION('',(0.0,-1.0,0.0));
#5853=DIRECTION('',(0.0,0.0,-1.0));
#5854=ORIENTED_EDGE('',*,*,#7082,.F.);
#5855=ORIENTED_EDGE('',*,*,#7086,.T.);
#5856=ORIENTED_EDGE('',*,*,#7087,.T.);
#5857=ORIENTED_EDGE('',*,*,#7088,.F.);
#5858=CARTESIAN_POINT('',(0.0,0.0,0.0));
#5859=DIRECTION('',(-0.0,-1.0,0.0));
#5860=DIRECTION('',(-1.0,0.0,0.0));
#5861=ORIENTED_EDGE('',*,*,#7083,.F.);
#5862=ORIENTED_EDGE('',*,*,#7088,.T.);
#5863=ORIENTED_EDGE('',*,*,#7089,.T.);
#5864=ORIENTED_EDGE('',*,*,#7086,.F.);
#5865=CARTESIAN_POINT('',(0.0,0.0,0.0));
#5866=DIRECTION('',(-0.0,-1.0,0.0));
#5867=DIRECTION('',(-1.0,0.0,0.0));
#5868=ORIENTED_EDGE('',*,*,#7087,.F.);
#5869=ORIENTED_EDGE('',*,*,#7089,.F.);
#5870=ORIENTED_EDGE('',*,*,#7090,.T.);
#5871=ORIENTED_EDGE('',*,*,#7091,.T.);
#5872=CARTESIAN_POINT('',(0.0,3.2258,0.0));
#5873=DIRECTION('',(-0.0,1.0,0.0));
#5874=DIRECTION('',(1.0,0.0,0.0));
#5875=ORIENTED_EDGE('',*,*,#7090,.F.);
#5876=ORIENTED_EDGE('',*,*,#7092,.T.);
#5877=ORIENTED_EDGE('',*,*,#7093,.T.);
#5878=ORIENTED_EDGE('',*,*,#7094,.F.);
#5879=CARTESIAN_POINT('',(0.0,3.2258,0.0));
#5880=DIRECTION('',(-0.0,-1.0,0.0));
#5881=DIRECTION('',(-1.0,0.0,0.0));
#5882=ORIENTED_EDGE('',*,*,#7091,.F.);
#5883=ORIENTED_EDGE('',*,*,#7094,.T.);
#5884=ORIENTED_EDGE('',*,*,#7095,.T.);
#5885=ORIENTED_EDGE('',*,*,#7092,.F.);
#5886=CARTESIAN_POINT('',(0.0,3.2258,0.0));
#5887=DIRECTION('',(-0.0,-1.0,0.0));
#5888=DIRECTION('',(-1.0,0.0,0.0));
#5889=ORIENTED_EDGE('',*,*,#7093,.F.);
#5890=ORIENTED_EDGE('',*,*,#7095,.F.);
#5891=ORIENTED_EDGE('',*,*,#7096,.T.);
#5892=ORIENTED_EDGE('',*,*,#7097,.T.);
#5893=CARTESIAN_POINT('',(0.0,3.4798,0.0));
#5894=DIRECTION('',(-0.0,1.0,0.0));
#5895=DIRECTION('',(1.0,0.0,0.0));
#5896=ORIENTED_EDGE('',*,*,#7096,.F.);
#5897=ORIENTED_EDGE('',*,*,#7098,.F.);
#5898=ORIENTED_EDGE('',*,*,#7084,.T.);
#5899=ORIENTED_EDGE('',*,*,#7099,.T.);
#5900=CARTESIAN_POINT('',(0.0,0.0,0.0));
#5901=DIRECTION('',(-0.0,-1.0,0.0));
#5902=DIRECTION('',(-1.0,0.0,0.0));
#5903=ORIENTED_EDGE('',*,*,#7097,.F.);
#5904=ORIENTED_EDGE('',*,*,#7099,.F.);
#5905=ORIENTED_EDGE('',*,*,#7085,.T.);
#5906=ORIENTED_EDGE('',*,*,#7098,.T.);
#5907=CARTESIAN_POINT('',(0.0,0.0,0.0));
#5908=DIRECTION('',(-0.0,-1.0,0.0));
#5909=DIRECTION('',(-1.0,0.0,0.0));
#5910=ORIENTED_EDGE('',*,*,#7100,.F.);
#5911=ORIENTED_EDGE('',*,*,#7101,.F.);
#5912=CARTESIAN_POINT('',(0.0,-14.605,0.0));
#5913=DIRECTION('',(0.0,-1.0,0.0));
#5914=DIRECTION('',(0.0,0.0,-1.0));
#5915=ORIENTED_EDGE('',*,*,#7102,.F.);
#5916=ORIENTED_EDGE('',*,*,#7103,.T.);
#5917=ORIENTED_EDGE('',*,*,#7100,.T.);
#5918=ORIENTED_EDGE('',*,*,#7104,.F.);
#5919=CARTESIAN_POINT('',(0.0,-13.462,0.0));
#5920=DIRECTION('',(0.0,1.0,-0.0));
#5921=DIRECTION('',(-1.0,0.0,0.0));
#5922=ORIENTED_EDGE('',*,*,#7102,.T.);
#5923=ORIENTED_EDGE('',*,*,#7105,.T.);
#5924=CARTESIAN_POINT('',(0.0,-14.224,0.0));
#5925=DIRECTION('',(0.0,-1.0,0.0));
#5926=DIRECTION('',(0.0,0.0,-1.0));
#5927=ORIENTED_EDGE('',*,*,#7105,.F.);
#5928=ORIENTED_EDGE('',*,*,#7104,.T.);
#5929=ORIENTED_EDGE('',*,*,#7101,.T.);
#5930=ORIENTED_EDGE('',*,*,#7103,.F.);
#5931=CARTESIAN_POINT('',(0.0,-13.462,0.0));
#5932=DIRECTION('',(0.0,1.0,-0.0));
#5933=DIRECTION('',(-1.0,0.0,0.0));
#5934=VERTEX_POINT('',#7106);
#5935=VERTEX_POINT('',#7107);
#5936=LINE('',#7108,#7109);
#5937=VERTEX_POINT('',#7110);
#5938=CIRCLE('',#7111,0.444999999999998);
#5939=VERTEX_POINT('',#7112);
#5940=LINE('',#7113,#7114);
#5941=CIRCLE('',#7115,0.444999999999998);
#5942=VERTEX_POINT('',#7116);
#5943=VERTEX_POINT('',#7117);
#5944=LINE('',#7118,#7119);
#5945=CIRCLE('',#7120,0.444999999999998);
#5946=CIRCLE('',#7121,0.444999999999998);
#5947=VERTEX_POINT('',#7122);
#5948=VERTEX_POINT('',#7123);
#5949=LINE('',#7124,#7125);
#5950=VERTEX_POINT('',#7126);
#5951=CIRCLE('',#7127,0.444999999999998);
#5952=VERTEX_POINT('',#7128);
#5953=LINE('',#7129,#7130);
#5954=CIRCLE('',#7131,0.444999999999998);
#5955=VERTEX_POINT('',#7132);
#5956=VERTEX_POINT('',#7133);
#5957=LINE('',#7134,#7135);
#5958=CIRCLE('',#7136,0.444999999999998);
#5959=CIRCLE('',#7137,0.444999999999998);
#5960=VERTEX_POINT('',#7138);
#5961=VERTEX_POINT('',#7139);
#5962=LINE('',#7140,#7141);
#5963=VERTEX_POINT('',#7142);
#5964=CIRCLE('',#7143,0.444999999999998);
#5965=VERTEX_POINT('',#7144);
#5966=LINE('',#7145,#7146);
#5967=CIRCLE('',#7147,0.444999999999998);
#5968=VERTEX_POINT('',#7148);
#5969=VERTEX_POINT('',#7149);
#5970=LINE('',#7150,#7151);
#5971=CIRCLE('',#7152,0.444999999999998);
#5972=CIRCLE('',#7153,0.444999999999998);
#5973=VERTEX_POINT('',#7154);
#5974=VERTEX_POINT('',#7155);
#5975=LINE('',#7156,#7157);
#5976=VERTEX_POINT('',#7158);
#5977=CIRCLE('',#7159,0.444999999999998);
#5978=VERTEX_POINT('',#7160);
#5979=LINE('',#7161,#7162);
#5980=CIRCLE('',#7163,0.444999999999998);
#5981=VERTEX_POINT('',#7164);
#5982=VERTEX_POINT('',#7165);
#5983=LINE('',#7166,#7167);
#5984=CIRCLE('',#7168,0.444999999999998);
#5985=CIRCLE('',#7169,0.444999999999998);
#5986=VERTEX_POINT('',#7170);
#5987=VERTEX_POINT('',#7171);
#5988=LINE('',#7172,#7173);
#5989=VERTEX_POINT('',#7174);
#5990=LINE('',#7175,#7176);
#5991=B_SPLINE_CURVE_WITH_KNOTS('',3,(#7177,#7178,#7179,#7180,#7181,#7182,#7183,#7184,#7185,#7186,#7187,#7188,#7189,#7190),.UNSPECIFIED.,.F.,.F.,(4,1,1,1,1,1,1,1,1,1,1,4),(0.0,0.09090909090909,0.1818181818182,0.2727272727273,0.3636363636364,0.4545454545455,0.5454545454545,0.6363636363636,0.7272727272727,0.8181818181818,0.9090909090909,1.0),.UNSPECIFIED.);
#5992=VERTEX_POINT('',#7191);
#5993=VERTEX_POINT('',#7192);
#5994=LINE('',#7193,#7194);
#5995=CIRCLE('',#7195,0.322059094877474);
#5996=B_SPLINE_CURVE_WITH_KNOTS('',3,(#7196,#7197,#7198,#7199,#7200,#7201,#7202,#7203,#7204,#7205,#7206,#7207,#7208,#7209),.UNSPECIFIED.,.F.,.F.,(4,1,1,1,1,1,1,1,1,1,1,4),(0.0,0.09090909090909,0.1818181818182,0.2727272727273,0.3636363636364,0.4545454545455,0.5454545454545,0.6363636363636,0.7272727272727,0.8181818181818,0.9090909090909,1.0),.UNSPECIFIED.);
#5997=VERTEX_POINT('',#7210);
#5998=VERTEX_POINT('',#7211);
#5999=LINE('',#7212,#7213);
#6000=VERTEX_POINT('',#7214);
#6001=B_SPLINE_CURVE_WITH_KNOTS('',3,(#7215,#7216,#7217,#7218,#7219,#7220,#7221,#7222,#7223,#7224,#7225,#7226,#7227,#7228),.UNSPECIFIED.,.F.,.F.,(4,1,1,1,1,1,1,1,1,1,1,4),(0.0,0.09090909090909,0.1818181818182,0.2727272727273,0.3636363636364,0.4545454545455,0.5454545454545,0.6363636363636,0.7272727272727,0.8181818181818,0.9090909090909,1.0),.UNSPECIFIED.);
#6002=LINE('',#7229,#7230);
#6003=VERTEX_POINT('',#7231);
#6004=VERTEX_POINT('',#7232);
#6005=LINE('',#7233,#7234);
#6006=B_SPLINE_CURVE_WITH_KNOTS('',3,(#7235,#7236,#7237,#7238,#7239,#7240,#7241,#7242,#7243,#7244,#7245,#7246,#7247,#7248),.UNSPECIFIED.,.F.,.F.,(4,1,1,1,1,1,1,1,1,1,1,4),(0.0,0.09090909090909,0.1818181818182,0.2727272727273,0.3636363636364,0.4545454545455,0.5454545454545,0.6363636363636,0.7272727272727,0.8181818181818,0.9090909090909,1.0),.UNSPECIFIED.);
#6007=VERTEX_POINT('',#7249);
#6008=CIRCLE('',#7250,0.7112);
#6009=VERTEX_POINT('',#7251);
#6010=B_SPLINE_CURVE_WITH_KNOTS('',3,(#7252,#7253,#7254,#7255,#7256,#7257,#7258,#7259,#7260,#7261,#7262,#7263),.UNSPECIFIED.,.F.,.F.,(4,1,1,1,1,1,1,1,1,4),(0.0,0.1111111111111,0.2222222222222,0.3333333333333,0.4444444444444,0.5555555555556,0.6666666666667,0.7777777777778,0.8888888888889,1.0),.UNSPECIFIED.);
#6011=VERTEX_POINT('',#7264);
#6012=B_SPLINE_CURVE_WITH_KNOTS('',3,(#7265,#7266,#7267,#7268,#7269,#7270,#7271,#7272),.UNSPECIFIED.,.F.,.F.,(4,1,1,1,1,4),(0.0,0.2,0.4,0.6,0.8,1.0),.UNSPECIFIED.);
#6013=B_SPLINE_CURVE_WITH_KNOTS('',3,(#7273,#7274,#7275,#7276,#7277),.UNSPECIFIED.,.F.,.F.,(4,1,4),(0.0,0.5,1.0),.UNSPECIFIED.);
#6014=VERTEX_POINT('',#7278);
#6015=VERTEX_POINT('',#7279);
#6016=LINE('',#7280,#7281);
#6017=VERTEX_POINT('',#7282);
#6018=B_SPLINE_CURVE_WITH_KNOTS('',3,(#7283,#7284,#7285,#7286,#7287,#7288,#7289,#7290,#7291,#7292,#7293,#7294,#7295,#7296),.UNSPECIFIED.,.F.,.F.,(4,1,1,1,1,1,1,1,1,1,1,4),(0.0,0.09090909090909,0.1818181818182,0.2727272727273,0.3636363636364,0.4545454545455,0.5454545454545,0.6363636363636,0.7272727272727,0.8181818181818,0.9090909090909,1.0),.UNSPECIFIED.);
#6019=LINE('',#7297,#7298);
#6020=VERTEX_POINT('',#7299);
#6021=VERTEX_POINT('',#7300);
#6022=LINE('',#7301,#7302);
#6023=B_SPLINE_CURVE_WITH_KNOTS('',3,(#7303,#7304,#7305,#7306,#7307,#7308,#7309,#7310,#7311,#7312,#7313,#7314,#7315,#7316),.UNSPECIFIED.,.F.,.F.,(4,1,1,1,1,1,1,1,1,1,1,4),(0.0,0.09090909090909,0.1818181818182,0.2727272727273,0.3636363636364,0.4545454545455,0.5454545454545,0.6363636363636,0.7272727272727,0.8181818181818,0.9090909090909,1.0),.UNSPECIFIED.);
#6024=VERTEX_POINT('',#7317);
#6025=B_SPLINE_CURVE_WITH_KNOTS('',3,(#7318,#7319,#7320,#7321,#7322),.UNSPECIFIED.,.F.,.F.,(4,1,4),(0.0,0.5,1.0),.UNSPECIFIED.);
#6026=VERTEX_POINT('',#7323);
#6027=B_SPLINE_CURVE_WITH_KNOTS('',3,(#7324,#7325,#7326,#7327,#7328,#7329,#7330,#7331,#7332),.UNSPECIFIED.,.F.,.F.,(4,1,1,1,1,1,4),(0.0,0.1666666666667,0.3333333333333,0.5,0.6666666666667,0.8333333333333,1.0),.UNSPECIFIED.);
#6028=VERTEX_POINT('',#7333);
#6029=B_SPLINE_CURVE_WITH_KNOTS('',3,(#7334,#7335,#7336,#7337,#7338,#7339,#7340,#7341,#7342,#7343,#7344,#7345),.UNSPECIFIED.,.F.,.F.,(4,1,1,1,1,1,1,1,1,4),(0.0,0.1111111111111,0.2222222222222,0.3333333333333,0.4444444444444,0.5555555555556,0.6666666666667,0.7777777777778,0.8888888888889,1.0),.UNSPECIFIED.);
#6030=CIRCLE('',#7346,0.7112);
#6031=VERTEX_POINT('',#7347);
#6032=VERTEX_POINT('',#7348);
#6033=LINE('',#7349,#7350);
#6034=VERTEX_POINT('',#7351);
#6035=LINE('',#7352,#7353);
#6036=B_SPLINE_CURVE_WITH_KNOTS('',3,(#7354,#7355,#7356,#7357,#7358,#7359,#7360,#7361,#7362,#7363,#7364,#7365,#7366,#7367),.UNSPECIFIED.,.F.,.F.,(4,1,1,1,1,1,1,1,1,1,1,4),(0.0,0.09090909090909,0.1818181818182,0.2727272727273,0.3636363636364,0.4545454545455,0.5454545454545,0.6363636363636,0.7272727272727,0.8181818181818,0.9090909090909,1.0),.UNSPECIFIED.);
#6037=VERTEX_POINT('',#7368);
#6038=VERTEX_POINT('',#7369);
#6039=LINE('',#7370,#7371);
#6040=CIRCLE('',#7372,0.322059094877474);
#6041=B_SPLINE_CURVE_WITH_KNOTS('',3,(#7373,#7374,#7375,#7376,#7377,#7378,#7379,#7380,#7381,#7382,#7383,#7384,#7385,#7386),.UNSPECIFIED.,.F.,.F.,(4,1,1,1,1,1,1,1,1,1,1,4),(0.0,0.09090909090909,0.1818181818182,0.2727272727273,0.3636363636364,0.4545454545455,0.5454545454545,0.6363636363636,0.7272727272727,0.8181818181818,0.9090909090909,1.0),.UNSPECIFIED.);
#6042=VERTEX_POINT('',#7387);
#6043=VERTEX_POINT('',#7388);
#6044=LINE('',#7389,#7390);
#6045=VERTEX_POINT('',#7391);
#6046=CIRCLE('',#7392,4.3815);
#6047=VERTEX_POINT('',#7393);
#6048=B_SPLINE_CURVE_WITH_KNOTS('',3,(#7394,#7395,#7396,#7397,#7398,#7399,#7400,#7401,#7402,#7403,#7404,#7405),.UNSPECIFIED.,.F.,.F.,(4,1,1,1,1,1,1,1,1,4),(0.0,0.1111111111111,0.2222222222222,0.3333333333333,0.4444444444444,0.5555555555556,0.6666666666667,0.7777777777778,0.8888888888889,1.0),.UNSPECIFIED.);
#6049=VERTEX_POINT('',#7406);
#6050=CIRCLE('',#7407,4.7625);
#6051=VERTEX_POINT('',#7408);
#6052=CIRCLE('',#7409,4.7625);
#6053=B_SPLINE_CURVE_WITH_KNOTS('',3,(#7410,#7411,#7412,#7413,#7414,#7415,#7416,#7417,#7418,#7419,#7420,#7421,#7422,#7423,#7424,#7425,#7426,#7427,#7428,#7429,#7430,#7431,#7432,#7433,#7434,#7435),.UNSPECIFIED.,.F.,.F.,(4,1,1,1,1,1,1,1,1,1,1,1,1,1,1,1,1,1,1,1,1,1,1,4),(0.0,0.04347826086957,0.08695652173913,0.1304347826087,0.1739130434783,0.2173913043478,0.2608695652174,0.304347826087,0.3478260869565,0.3913043478261,0.4347826086957,0.4782608695652,0.5217391304348,0.5652173913043,0.6086956521739,0.6521739130435,0.695652173913,0.7391304347826,0.7826086956522,0.8260869565217,0.8695652173913,0.9130434782609,0.9565217391304,1.0),.UNSPECIFIED.);
#6054=VERTEX_POINT('',#7436);
#6055=VERTEX_POINT('',#7437);
#6056=LINE('',#7438,#7439);
#6057=VERTEX_POINT('',#7440);
#6058=CIRCLE('',#7441,3.17119);
#6059=VERTEX_POINT('',#7442);
#6060=LINE('',#7443,#7444);
#6061=CIRCLE('',#7445,2.91719);
#6062=VERTEX_POINT('',#7446);
#6063=VERTEX_POINT('',#7447);
#6064=LINE('',#7448,#7449);
#6065=CIRCLE('',#7450,2.91719);
#6066=CIRCLE('',#7451,3.17119);
#6067=VERTEX_POINT('',#7452);
#6068=LINE('',#7453,#7454);
#6069=B_SPLINE_CURVE_WITH_KNOTS('',3,(#7455,#7456,#7457,#7458,#7459,#7460,#7461,#7462,#7463,#7464,#7465,#7466,#7467,#7468,#7469,#7470,#7471,#7472,#7473,#7474,#7475,#7476,#7477,#7478,#7479,#7480,#7481,#7482,#7483,#7484,#7485,#7486,#7487,#7488,#7489,#7490,#7491,#7492,#7493,#7494,#7495),.UNSPECIFIED.,.F.,.F.,(4,1,1,1,1,1,1,1,1,1,1,1,1,1,1,1,1,1,1,1,1,1,1,1,1,1,1,1,1,1,1,1,1,1,1,1,1,1,4),(0.0,0.02631578947368,0.05263157894737,0.07894736842105,0.1052631578947,0.1315789473684,0.1578947368421,0.1842105263158,0.2105263157895,0.2368421052632,0.2631578947368,0.2894736842105,0.3157894736842,0.3421052631579,0.3684210526316,0.3947368421053,0.4210526315789,0.4473684210526,0.4736842105263,0.5,0.5263157894737,0.5526315789474,0.5789473684211,0.6052631578947,0.6315789473684,0.6578947368421,0.6842105263158,0.7105263157895,0.7368421052632,0.7631578947368,0.7894736842105,0.8157894736842,0.8421052631579,0.8684210526316,0.8947368421053,0.9210526315789,0.9473684210526,0.9736842105263,1.0),.UNSPECIFIED.);
#6070=VERTEX_POINT('',#7496);
#6071=VERTEX_POINT('',#7497);
#6072=LINE('',#7498,#7499);
#6073=B_SPLINE_CURVE_WITH_KNOTS('',3,(#7500,#7501,#7502,#7503,#7504,#7505,#7506,#7507,#7508,#7509,#7510,#7511,#7512,#7513,#7514,#7515,#7516,#7517,#7518,#7519,#7520,#7521,#7522,#7523,#7524,#7525,#7526,#7527,#7528,#7529,#7530,#7531,#7532,#7533,#7534,#7535,#7536,#7537,#7538,#7539,#7540),.UNSPECIFIED.,.F.,.F.,(4,1,1,1,1,1,1,1,1,1,1,1,1,1,1,1,1,1,1,1,1,1,1,1,1,1,1,1,1,1,1,1,1,1,1,1,1,1,4),(0.0,0.02631578947368,0.05263157894737,0.07894736842105,0.1052631578947,0.1315789473684,0.1578947368421,0.1842105263158,0.2105263157895,0.2368421052632,0.2631578947368,0.2894736842105,0.3157894736842,0.3421052631579,0.3684210526316,0.3947368421053,0.4210526315789,0.4473684210526,0.4736842105263,0.5,0.5263157894737,0.5526315789474,0.5789473684211,0.6052631578947,0.6315789473684,0.6578947368421,0.6842105263158,0.7105263157895,0.7368421052632,0.7631578947368,0.7894736842105,0.8157894736842,0.8421052631579,0.8684210526316,0.8947368421053,0.9210526315789,0.9473684210526,0.9736842105263,1.0),.UNSPECIFIED.);
#6074=B_SPLINE_CURVE_WITH_KNOTS('',3,(#7541,#7542,#7543,#7544,#7545,#7546,#7547,#7548,#7549,#7550,#7551,#7552,#7553,#7554,#7555,#7556,#7557,#7558,#7559,#7560,#7561,#7562,#7563,#7564,#7565,#7566,#7567),.UNSPECIFIED.,.F.,.F.,(4,1,1,1,1,1,1,1,1,1,1,1,1,1,1,1,1,1,1,1,1,1,1,1,4),(0.0,0.04166666666667,0.08333333333333,0.125,0.1666666666667,0.2083333333333,0.25,0.2916666666667,0.3333333333333,0.375,0.4166666666667,0.4583333333333,0.5,0.5416666666667,0.5833333333333,0.625,0.6666666666667,0.7083333333333,0.75,0.7916666666667,0.8333333333333,0.875,0.9166666666667,0.9583333333333,1.0),.UNSPECIFIED.);
#6075=VERTEX_POINT('',#7568);
#6076=VERTEX_POINT('',#7569);
#6077=LINE('',#7570,#7571);
#6078=VERTEX_POINT('',#7572);
#6079=B_SPLINE_CURVE_WITH_KNOTS('',3,(#7573,#7574,#7575,#7576,#7577,#7578,#7579,#7580,#7581,#7582,#7583,#7584,#7585,#7586,#7587,#7588,#7589,#7590,#7591,#7592,#7593,#7594,#7595,#7596),.UNSPECIFIED.,.F.,.F.,(4,1,1,1,1,1,1,1,1,1,1,1,1,1,1,1,1,1,1,1,1,4),(0.0,0.04761904761905,0.0952380952381,0.1428571428571,0.1904761904762,0.2380952380952,0.2857142857143,0.3333333333333,0.3809523809524,0.4285714285714,0.4761904761905,0.5238095238095,0.5714285714286,0.6190476190476,0.6666666666667,0.7142857142857,0.7619047619048,0.8095238095238,0.8571428571429,0.9047619047619,0.952380952381,1.0),.UNSPECIFIED.);
#6080=VERTEX_POINT('',#7597);
#6081=LINE('',#7598,#7599);
#6082=VERTEX_POINT('',#7600);
#6083=B_SPLINE_CURVE_WITH_KNOTS('',3,(#7601,#7602,#7603,#7604,#7605,#7606,#7607,#7608,#7609,#7610,#7611,#7612),.UNSPECIFIED.,.F.,.F.,(4,1,1,1,1,1,1,1,1,4),(0.0,0.1111111111111,0.2222222222222,0.3333333333333,0.4444444444444,0.5555555555556,0.6666666666667,0.7777777777778,0.8888888888889,1.0),.UNSPECIFIED.);
#6084=B_SPLINE_CURVE_WITH_KNOTS('',3,(#7613,#7614,#7615,#7616,#7617,#7618,#7619,#7620,#7621,#7622,#7623,#7624,#7625,#7626,#7627),.UNSPECIFIED.,.F.,.F.,(4,1,1,1,1,1,1,1,1,1,1,1,4),(0.0,0.08333333333333,0.1666666666667,0.25,0.3333333333333,0.4166666666667,0.5,0.5833333333333,0.6666666666667,0.75,0.8333333333333,0.9166666666667,1.0),.UNSPECIFIED.);
#6085=VERTEX_POINT('',#7628);
#6086=VERTEX_POINT('',#7629);
#6087=LINE('',#7630,#7631);
#6088=VERTEX_POINT('',#7632);
#6089=B_SPLINE_CURVE_WITH_KNOTS('',3,(#7633,#7634,#7635,#7636,#7637,#7638,#7639,#7640,#7641,#7642,#7643,#7644,#7645,#7646,#7647,#7648,#7649,#7650,#7651,#7652,#7653,#7654,#7655,#7656),.UNSPECIFIED.,.F.,.F.,(4,1,1,1,1,1,1,1,1,1,1,1,1,1,1,1,1,1,1,1,1,4),(0.0,0.04761904761905,0.0952380952381,0.1428571428571,0.1904761904762,0.2380952380952,0.2857142857143,0.3333333333333,0.3809523809524,0.4285714285714,0.4761904761905,0.5238095238095,0.5714285714286,0.6190476190476,0.6666666666667,0.7142857142857,0.7619047619048,0.8095238095238,0.8571428571429,0.9047619047619,0.952380952381,1.0),.UNSPECIFIED.);
#6090=VERTEX_POINT('',#7657);
#6091=LINE('',#7658,#7659);
#6092=B_SPLINE_CURVE_WITH_KNOTS('',3,(#7660,#7661,#7662,#7663,#7664,#7665,#7666,#7667,#7668,#7669,#7670,#7671,#7672,#7673,#7674,#7675,#7676,#7677,#7678,#7679,#7680,#7681,#7682,#7683),.UNSPECIFIED.,.F.,.F.,(4,1,1,1,1,1,1,1,1,1,1,1,1,1,1,1,1,1,1,1,1,4),(0.0,0.04761904761905,0.0952380952381,0.1428571428571,0.1904761904762,0.2380952380952,0.2857142857143,0.3333333333333,0.3809523809524,0.4285714285714,0.4761904761905,0.5238095238095,0.5714285714286,0.6190476190476,0.6666666666667,0.7142857142857,0.7619047619048,0.8095238095238,0.8571428571429,0.9047619047619,0.952380952381,1.0),.UNSPECIFIED.);
#6093=VERTEX_POINT('',#7684);
#6094=VERTEX_POINT('',#7685);
#6095=LINE('',#7686,#7687);
#6096=VERTEX_POINT('',#7688);
#6097=B_SPLINE_CURVE_WITH_KNOTS('',3,(#7689,#7690,#7691,#7692,#7693,#7694,#7695,#7696,#7697,#7698,#7699,#7700,#7701,#7702,#7703),.UNSPECIFIED.,.F.,.F.,(4,1,1,1,1,1,1,1,1,1,1,1,4),(0.0,0.08333333333333,0.1666666666667,0.25,0.3333333333333,0.4166666666667,0.5,0.5833333333333,0.6666666666667,0.75,0.8333333333333,0.9166666666667,1.0),.UNSPECIFIED.);
#6098=VERTEX_POINT('',#7704);
#6099=B_SPLINE_CURVE_WITH_KNOTS('',3,(#7705,#7706,#7707,#7708,#7709,#7710,#7711,#7712,#7713,#7714,#7715,#7716),.UNSPECIFIED.,.F.,.F.,(4,1,1,1,1,1,1,1,1,4),(0.0,0.1111111111111,0.2222222222222,0.3333333333333,0.4444444444444,0.5555555555556,0.6666666666667,0.7777777777778,0.8888888888889,1.0),.UNSPECIFIED.);
#6100=VERTEX_POINT('',#7717);
#6101=LINE('',#7718,#7719);
#6102=B_SPLINE_CURVE_WITH_KNOTS('',3,(#7720,#7721,#7722,#7723,#7724,#7725,#7726,#7727,#7728,#7729,#7730,#7731,#7732,#7733,#7734,#7735,#7736,#7737,#7738,#7739,#7740,#7741,#7742,#7743),.UNSPECIFIED.,.F.,.F.,(4,1,1,1,1,1,1,1,1,1,1,1,1,1,1,1,1,1,1,1,1,4),(0.0,0.04761904761905,0.0952380952381,0.1428571428571,0.1904761904762,0.2380952380952,0.2857142857143,0.3333333333333,0.3809523809524,0.4285714285714,0.4761904761905,0.5238095238095,0.5714285714286,0.6190476190476,0.6666666666667,0.7142857142857,0.7619047619048,0.8095238095238,0.8571428571429,0.9047619047619,0.952380952381,1.0),.UNSPECIFIED.);
#6103=VERTEX_POINT('',#7744);
#6104=VERTEX_POINT('',#7745);
#6105=LINE('',#7746,#7747);
#6106=VERTEX_POINT('',#7748);
#6107=B_SPLINE_CURVE_WITH_KNOTS('',3,(#7749,#7750,#7751,#7752,#7753,#7754,#7755,#7756,#7757,#7758,#7759,#7760,#7761,#7762,#7763,#7764,#7765,#7766,#7767,#7768,#7769,#7770,#7771,#7772),.UNSPECIFIED.,.F.,.F.,(4,1,1,1,1,1,1,1,1,1,1,1,1,1,1,1,1,1,1,1,1,4),(0.0,0.04761904761905,0.0952380952381,0.1428571428571,0.1904761904762,0.2380952380952,0.2857142857143,0.3333333333333,0.3809523809524,0.4285714285714,0.4761904761905,0.5238095238095,0.5714285714286,0.6190476190476,0.6666666666667,0.7142857142857,0.7619047619048,0.8095238095238,0.8571428571429,0.9047619047619,0.952380952381,1.0),.UNSPECIFIED.);
#6108=VERTEX_POINT('',#7773);
#6109=LINE('',#7774,#7775);
#6110=VERTEX_POINT('',#7776);
#6111=B_SPLINE_CURVE_WITH_KNOTS('',3,(#7777,#7778,#7779,#7780,#7781,#7782,#7783,#7784,#7785,#7786),.UNSPECIFIED.,.F.,.F.,(4,1,1,1,1,1,1,4),(0.0,0.1428571428571,0.2857142857143,0.4285714285714,0.5714285714286,0.7142857142857,0.8571428571429,1.0),.UNSPECIFIED.);
#6112=B_SPLINE_CURVE_WITH_KNOTS('',3,(#7787,#7788,#7789,#7790,#7791,#7792,#7793,#7794,#7795,#7796,#7797,#7798,#7799,#7800,#7801,#7802,#7803),.UNSPECIFIED.,.F.,.F.,(4,1,1,1,1,1,1,1,1,1,1,1,1,1,4),(0.0,0.07142857142857,0.1428571428571,0.2142857142857,0.2857142857143,0.3571428571429,0.4285714285714,0.5,0.5714285714286,0.6428571428571,0.7142857142857,0.7857142857143,0.8571428571429,0.9285714285714,1.0),.UNSPECIFIED.);
#6113=VERTEX_POINT('',#7804);
#6114=VERTEX_POINT('',#7805);
#6115=LINE('',#7806,#7807);
#6116=VERTEX_POINT('',#7808);
#6117=B_SPLINE_CURVE_WITH_KNOTS('',3,(#7809,#7810,#7811,#7812,#7813,#7814,#7815,#7816,#7817,#7818,#7819,#7820,#7821,#7822,#7823,#7824,#7825,#7826,#7827,#7828,#7829,#7830,#7831,#7832),.UNSPECIFIED.,.F.,.F.,(4,1,1,1,1,1,1,1,1,1,1,1,1,1,1,1,1,1,1,1,1,4),(0.0,0.04761904761905,0.0952380952381,0.1428571428571,0.1904761904762,0.2380952380952,0.2857142857143,0.3333333333333,0.3809523809524,0.4285714285714,0.4761904761905,0.5238095238095,0.5714285714286,0.6190476190476,0.6666666666667,0.7142857142857,0.7619047619048,0.8095238095238,0.8571428571429,0.9047619047619,0.952380952381,1.0),.UNSPECIFIED.);
#6118=VERTEX_POINT('',#7833);
#6119=LINE('',#7834,#7835);
#6120=B_SPLINE_CURVE_WITH_KNOTS('',3,(#7836,#7837,#7838,#7839,#7840,#7841,#7842,#7843,#7844,#7845,#7846,#7847,#7848,#7849,#7850,#7851,#7852,#7853,#7854,#7855,#7856,#7857,#7858,#7859),.UNSPECIFIED.,.F.,.F.,(4,1,1,1,1,1,1,1,1,1,1,1,1,1,1,1,1,1,1,1,1,4),(0.0,0.04761904761905,0.0952380952381,0.1428571428571,0.1904761904762,0.2380952380952,0.2857142857143,0.3333333333333,0.3809523809524,0.4285714285714,0.4761904761905,0.5238095238095,0.5714285714286,0.6190476190476,0.6666666666667,0.7142857142857,0.7619047619048,0.8095238095238,0.8571428571429,0.9047619047619,0.952380952381,1.0),.UNSPECIFIED.);
#6121=VERTEX_POINT('',#7860);
#6122=VERTEX_POINT('',#7861);
#6123=LINE('',#7862,#7863);
#6124=VERTEX_POINT('',#7864);
#6125=B_SPLINE_CURVE_WITH_KNOTS('',3,(#7865,#7866,#7867,#7868,#7869,#7870,#7871,#7872,#7873,#7874,#7875,#7876,#7877,#7878,#7879,#7880,#7881),.UNSPECIFIED.,.F.,.F.,(4,1,1,1,1,1,1,1,1,1,1,1,1,1,4),(0.0,0.07142857142857,0.1428571428571,0.2142857142857,0.2857142857143,0.3571428571429,0.4285714285714,0.5,0.5714285714286,0.6428571428571,0.7142857142857,0.7857142857143,0.8571428571429,0.9285714285714,1.0),.UNSPECIFIED.);
#6126=VERTEX_POINT('',#7882);
#6127=B_SPLINE_CURVE_WITH_KNOTS('',3,(#7883,#7884,#7885,#7886,#7887,#7888,#7889,#7890,#7891,#7892,#7893),.UNSPECIFIED.,.F.,.F.,(4,1,1,1,1,1,1,1,4),(0.0,0.125,0.25,0.375,0.5,0.625,0.75,0.875,1.0),.UNSPECIFIED.);
#6128=VERTEX_POINT('',#7894);
#6129=LINE('',#7895,#7896);
#6130=B_SPLINE_CURVE_WITH_KNOTS('',3,(#7897,#7898,#7899,#7900,#7901,#7902,#7903,#7904,#7905,#7906,#7907,#7908,#7909,#7910,#7911,#7912,#7913,#7914,#7915,#7916,#7917,#7918,#7919,#7920),.UNSPECIFIED.,.F.,.F.,(4,1,1,1,1,1,1,1,1,1,1,1,1,1,1,1,1,1,1,1,1,4),(0.0,0.04761904761905,0.0952380952381,0.1428571428571,0.1904761904762,0.2380952380952,0.2857142857143,0.3333333333333,0.3809523809524,0.4285714285714,0.4761904761905,0.5238095238095,0.5714285714286,0.6190476190476,0.6666666666667,0.7142857142857,0.7619047619048,0.8095238095238,0.8571428571429,0.9047619047619,0.952380952381,1.0),.UNSPECIFIED.);
#6131=VERTEX_POINT('',#7921);
#6132=VERTEX_POINT('',#7922);
#6133=LINE('',#7923,#7924);
#6134=VERTEX_POINT('',#7925);
#6135=CIRCLE('',#7926,4.7625);
#6136=VERTEX_POINT('',#7927);
#6137=B_SPLINE_CURVE_WITH_KNOTS('',3,(#7928,#7929,#7930,#7931,#7932,#7933),.UNSPECIFIED.,.F.,.F.,(4,1,1,4),(0.0,0.3333333333333,0.6666666666667,1.0),.UNSPECIFIED.);
#6138=VERTEX_POINT('',#7934);
#6139=LINE('',#7935,#7936);
#6140=VERTEX_POINT('',#7937);
#6141=CIRCLE('',#7938,4.7625);
#6142=B_SPLINE_CURVE_WITH_KNOTS('',3,(#7939,#7940,#7941,#7942,#7943,#7944,#7945,#7946,#7947),.UNSPECIFIED.,.F.,.F.,(4,1,1,1,1,1,4),(0.0,0.1666666666667,0.3333333333333,0.5,0.6666666666667,0.8333333333333,1.0),.UNSPECIFIED.);
#6143=VERTEX_POINT('',#7948);
#6144=VERTEX_POINT('',#7949);
#6145=LINE('',#7950,#7951);
#6146=VERTEX_POINT('',#7952);
#6147=B_SPLINE_CURVE_WITH_KNOTS('',3,(#7953,#7954,#7955,#7956,#7957,#7958,#7959,#7960,#7961,#7962,#7963,#7964,#7965,#7966,#7967,#7968,#7969,#7970,#7971,#7972,#7973,#7974,#7975,#7976,#7977,#7978),.UNSPECIFIED.,.F.,.F.,(4,1,1,1,1,1,1,1,1,1,1,1,1,1,1,1,1,1,1,1,1,1,1,4),(0.0,0.04347826086957,0.08695652173913,0.1304347826087,0.1739130434783,0.2173913043478,0.2608695652174,0.304347826087,0.3478260869565,0.3913043478261,0.4347826086957,0.4782608695652,0.5217391304348,0.5652173913043,0.6086956521739,0.6521739130435,0.695652173913,0.7391304347826,0.7826086956522,0.8260869565217,0.8695652173913,0.9130434782609,0.9565217391304,1.0),.UNSPECIFIED.);
#6148=B_SPLINE_CURVE_WITH_KNOTS('',3,(#7979,#7980,#7981,#7982,#7983,#7984,#7985,#7986,#7987,#7988,#7989,#7990),.UNSPECIFIED.,.F.,.F.,(4,1,1,1,1,1,1,1,1,4),(0.0,0.1111111111111,0.2222222222222,0.3333333333333,0.4444444444444,0.5555555555556,0.6666666666667,0.7777777777778,0.8888888888889,1.0),.UNSPECIFIED.);
#6149=CIRCLE('',#7991,4.7625);
#6150=VERTEX_POINT('',#7992);
#6151=VERTEX_POINT('',#7993);
#6152=LINE('',#7994,#7995);
#6153=VERTEX_POINT('',#7996);
#6154=CIRCLE('',#7997,1.1811);
#6155=VERTEX_POINT('',#7998);
#6156=CIRCLE('',#7999,1.1811);
#6157=VERTEX_POINT('',#8000);
#6158=LINE('',#8001,#8002);
#6159=CIRCLE('',#8003,1.1811);
#6160=VERTEX_POINT('',#8004);
#6161=CIRCLE('',#8005,0.254);
#6162=VERTEX_POINT('',#8006);
#6163=CIRCLE('',#8007,1.1811);
#6164=VERTEX_POINT('',#8008);
#6165=CIRCLE('',#8009,0.254);
#6166=VERTEX_POINT('',#8010);
#6167=CIRCLE('',#8011,1.4351);
#6168=VERTEX_POINT('',#8012);
#6169=CIRCLE('',#8013,1.4351);
#6170=CIRCLE('',#8014,1.4351);
#6171=VERTEX_POINT('',#8015);
#6172=VERTEX_POINT('',#8016);
#6173=LINE('',#8017,#8018);
#6174=VERTEX_POINT('',#8019);
#6175=B_SPLINE_CURVE_WITH_KNOTS('',3,(#8020,#8021,#8022,#8023,#8024,#8025,#8026,#8027,#8028,#8029,#8030,#8031),.UNSPECIFIED.,.F.,.F.,(4,1,1,1,1,1,1,1,1,4),(0.0,0.1111111111111,0.2222222222222,0.3333333333333,0.4444444444444,0.5555555555556,0.6666666666667,0.7777777777778,0.8888888888889,1.0),.UNSPECIFIED.);
#6176=VERTEX_POINT('',#8032);
#6177=CIRCLE('',#8033,6.858);
#6178=VERTEX_POINT('',#8034);
#6179=B_SPLINE_CURVE_WITH_KNOTS('',3,(#8035,#8036,#8037,#8038,#8039,#8040,#8041,#8042,#8043,#8044,#8045),.UNSPECIFIED.,.F.,.F.,(4,1,1,1,1,1,1,1,4),(0.0,0.125,0.25,0.375,0.5,0.625,0.75,0.875,1.0),.UNSPECIFIED.);
#6180=LINE('',#8046,#8047);
#6181=CIRCLE('',#8048,6.858);
#6182=VERTEX_POINT('',#8049);
#6183=VERTEX_POINT('',#8050);
#6184=LINE('',#8051,#8052);
#6185=VERTEX_POINT('',#8053);
#6186=CIRCLE('',#8054,1.57000000000007);
#6187=VERTEX_POINT('',#8055);
#6188=LINE('',#8056,#8057);
#6189=CIRCLE('',#8058,1.57000000000007);
#6190=VERTEX_POINT('',#8059);
#6191=VERTEX_POINT('',#8060);
#6192=LINE('',#8061,#8062);
#6193=VERTEX_POINT('',#8063);
#6194=CIRCLE('',#8064,1.57000000000007);
#6195=VERTEX_POINT('',#8065);
#6196=LINE('',#8066,#8067);
#6197=CIRCLE('',#8068,1.57000000000007);
#6198=VERTEX_POINT('',#8069);
#6199=VERTEX_POINT('',#8070);
#6200=LINE('',#8071,#8072);
#6201=VERTEX_POINT('',#8073);
#6202=CIRCLE('',#8074,0.444999999999998);
#6203=VERTEX_POINT('',#8075);
#6204=LINE('',#8076,#8077);
#6205=CIRCLE('',#8078,0.444999999999998);
#6206=VERTEX_POINT('',#8079);
#6207=VERTEX_POINT('',#8080);
#6208=LINE('',#8081,#8082);
#6209=CIRCLE('',#8083,0.444999999999998);
#6210=CIRCLE('',#8084,0.444999999999998);
#6211=VERTEX_POINT('',#8085);
#6212=VERTEX_POINT('',#8086);
#6213=LINE('',#8087,#8088);
#6214=VERTEX_POINT('',#8089);
#6215=LINE('',#8090,#8091);
#6216=VERTEX_POINT('',#8092);
#6217=LINE('',#8093,#8094);
#6218=LINE('',#8095,#8096);
#6219=VERTEX_POINT('',#8097);
#6220=VERTEX_POINT('',#8098);
#6221=LINE('',#8099,#8100);
#6222=LINE('',#8101,#8102);
#6223=VERTEX_POINT('',#8103);
#6224=CIRCLE('',#8104,0.444999999999998);
#6225=LINE('',#8105,#8106);
#6226=VERTEX_POINT('',#8107);
#6227=VERTEX_POINT('',#8108);
#6228=CIRCLE('',#8109,0.444999999999998);
#6229=LINE('',#8110,#8111);
#6230=VERTEX_POINT('',#8112);
#6231=VERTEX_POINT('',#8113);
#6232=LINE('',#8114,#8115);
#6233=LINE('',#8116,#8117);
#6234=VERTEX_POINT('',#8118);
#6235=CIRCLE('',#8119,0.444999999999998);
#6236=LINE('',#8120,#8121);
#6237=VERTEX_POINT('',#8122);
#6238=VERTEX_POINT('',#8123);
#6239=CIRCLE('',#8124,0.444999999999998);
#6240=LINE('',#8125,#8126);
#6241=LINE('',#8127,#8128);
#6242=VERTEX_POINT('',#8129);
#6243=CIRCLE('',#8130,0.444999999999998);
#6244=LINE('',#8131,#8132);
#6245=VERTEX_POINT('',#8133);
#6246=VERTEX_POINT('',#8134);
#6247=CIRCLE('',#8135,0.444999999999998);
#6248=LINE('',#8136,#8137);
#6249=VERTEX_POINT('',#8138);
#6250=VERTEX_POINT('',#8139);
#6251=LINE('',#8140,#8141);
#6252=LINE('',#8142,#8143);
#6253=VERTEX_POINT('',#8144);
#6254=CIRCLE('',#8145,0.444999999999998);
#6255=LINE('',#8146,#8147);
#6256=VERTEX_POINT('',#8148);
#6257=VERTEX_POINT('',#8149);
#6258=CIRCLE('',#8150,0.444999999999998);
#6259=LINE('',#8151,#8152);
#6260=VERTEX_POINT('',#8153);
#6261=VERTEX_POINT('',#8154);
#6262=LINE('',#8155,#8156);
#6263=LINE('',#8157,#8158);
#6264=VERTEX_POINT('',#8159);
#6265=CIRCLE('',#8160,0.444999999999998);
#6266=LINE('',#8161,#8162);
#6267=VERTEX_POINT('',#8163);
#6268=VERTEX_POINT('',#8164);
#6269=CIRCLE('',#8165,0.444999999999998);
#6270=LINE('',#8166,#8167);
#6271=VERTEX_POINT('',#8168);
#6272=LINE('',#8169,#8170);
#6273=VERTEX_POINT('',#8171);
#6274=LINE('',#8172,#8173);
#6275=VERTEX_POINT('',#8174);
#6276=LINE('',#8175,#8176);
#6277=VERTEX_POINT('',#8177);
#6278=LINE('',#8178,#8179);
#6279=LINE('',#8180,#8181);
#6280=VERTEX_POINT('',#8182);
#6281=LINE('',#8183,#8184);
#6282=LINE('',#8185,#8186);
#6283=VERTEX_POINT('',#8187);
#6284=LINE('',#8188,#8189);
#6285=VERTEX_POINT('',#8190);
#6286=LINE('',#8191,#8192);
#6287=LINE('',#8193,#8194);
#6288=VERTEX_POINT('',#8195);
#6289=LINE('',#8196,#8197);
#6290=VERTEX_POINT('',#8198);
#6291=CIRCLE('',#8199,0.444999999999998);
#6292=LINE('',#8200,#8201);
#6293=CIRCLE('',#8202,0.444999999999998);
#6294=LINE('',#8203,#8204);
#6295=LINE('',#8205,#8206);
#6296=LINE('',#8207,#8208);
#6297=VERTEX_POINT('',#8209);
#6298=VERTEX_POINT('',#8210);
#6299=LINE('',#8211,#8212);
#6300=VERTEX_POINT('',#8213);
#6301=CIRCLE('',#8214,1.77999999999999);
#6302=VERTEX_POINT('',#8215);
#6303=LINE('',#8216,#8217);
#6304=VERTEX_POINT('',#8218);
#6305=LINE('',#8219,#8220);
#6306=CIRCLE('',#8221,1.57000000000007);
#6307=VERTEX_POINT('',#8222);
#6308=LINE('',#8223,#8224);
#6309=VERTEX_POINT('',#8225);
#6310=LINE('',#8226,#8227);
#6311=VERTEX_POINT('',#8228);
#6312=LINE('',#8229,#8230);
#6313=VERTEX_POINT('',#8231);
#6314=LINE('',#8232,#8233);
#6315=LINE('',#8234,#8235);
#6316=VERTEX_POINT('',#8236);
#6317=CIRCLE('',#8237,1.57000000000007);
#6318=VERTEX_POINT('',#8238);
#6319=LINE('',#8239,#8240);
#6320=VERTEX_POINT('',#8241);
#6321=LINE('',#8242,#8243);
#6322=CIRCLE('',#8244,1.77999999999999);
#6323=VERTEX_POINT('',#8245);
#6324=CIRCLE('',#8246,0.444999999999998);
#6325=VERTEX_POINT('',#8247);
#6326=LINE('',#8248,#8249);
#6327=VERTEX_POINT('',#8250);
#6328=LINE('',#8251,#8252);
#6329=VERTEX_POINT('',#8253);
#6330=CIRCLE('',#8254,0.444999999999998);
#6331=VERTEX_POINT('',#8255);
#6332=LINE('',#8256,#8257);
#6333=LINE('',#8258,#8259);
#6334=VERTEX_POINT('',#8260);
#6335=CIRCLE('',#8261,0.444999999999998);
#6336=VERTEX_POINT('',#8262);
#6337=LINE('',#8263,#8264);
#6338=VERTEX_POINT('',#8265);
#6339=LINE('',#8266,#8267);
#6340=VERTEX_POINT('',#8268);
#6341=CIRCLE('',#8269,0.444999999999998);
#6342=VERTEX_POINT('',#8270);
#6343=LINE('',#8271,#8272);
#6344=LINE('',#8273,#8274);
#6345=VERTEX_POINT('',#8275);
#6346=CIRCLE('',#8276,0.444999999999998);
#6347=VERTEX_POINT('',#8277);
#6348=LINE('',#8278,#8279);
#6349=VERTEX_POINT('',#8280);
#6350=LINE('',#8281,#8282);
#6351=VERTEX_POINT('',#8283);
#6352=CIRCLE('',#8284,0.444999999999998);
#6353=VERTEX_POINT('',#8285);
#6354=LINE('',#8286,#8287);
#6355=LINE('',#8288,#8289);
#6356=VERTEX_POINT('',#8290);
#6357=CIRCLE('',#8291,0.444999999999998);
#6358=VERTEX_POINT('',#8292);
#6359=LINE('',#8293,#8294);
#6360=VERTEX_POINT('',#8295);
#6361=LINE('',#8296,#8297);
#6362=VERTEX_POINT('',#8298);
#6363=CIRCLE('',#8299,0.444999999999998);
#6364=VERTEX_POINT('',#8300);
#6365=LINE('',#8301,#8302);
#6366=LINE('',#8303,#8304);
#6367=VERTEX_POINT('',#8305);
#6368=LINE('',#8306,#8307);
#6369=VERTEX_POINT('',#8308);
#6370=CIRCLE('',#8309,1.77999999999999);
#6371=LINE('',#8310,#8311);
#6372=VERTEX_POINT('',#8312);
#6373=LINE('',#8313,#8314);
#6374=CIRCLE('',#8315,1.52000000000002);
#6375=VERTEX_POINT('',#8316);
#6376=VERTEX_POINT('',#8317);
#6377=CIRCLE('',#8318,1.52000000000002);
#6378=VERTEX_POINT('',#8319);
#6379=LINE('',#8320,#8321);
#6380=VERTEX_POINT('',#8322);
#6381=CIRCLE('',#8323,1.52000000000002);
#6382=VERTEX_POINT('',#8324);
#6383=LINE('',#8325,#8326);
#6384=CIRCLE('',#8327,1.52000000000002);
#6385=LINE('',#8328,#8329);
#6386=VERTEX_POINT('',#8330);
#6387=VERTEX_POINT('',#8331);
#6388=LINE('',#8332,#8333);
#6389=VERTEX_POINT('',#8334);
#6390=CIRCLE('',#8335,1.77999999999999);
#6391=LINE('',#8336,#8337);
#6392=VERTEX_POINT('',#8338);
#6393=CIRCLE('',#8339,1.47250500848041);
#6394=LINE('',#8340,#8341);
#6395=VERTEX_POINT('',#8342);
#6396=VERTEX_POINT('',#8343);
#6397=CIRCLE('',#8344,1.3081);
#6398=CIRCLE('',#8345,1.3081);
#6399=VERTEX_POINT('',#8346);
#6400=LINE('',#8347,#8348);
#6401=VERTEX_POINT('',#8349);
#6402=CIRCLE('',#8350,1.57000000000007);
#6403=VERTEX_POINT('',#8351);
#6404=LINE('',#8352,#8353);
#6405=LINE('',#8354,#8355);
#6406=VERTEX_POINT('',#8356);
#6407=VERTEX_POINT('',#8357);
#6408=CIRCLE('',#8358,1.3081);
#6409=CIRCLE('',#8359,1.3081);
#6410=VERTEX_POINT('',#8360);
#6411=LINE('',#8361,#8362);
#6412=VERTEX_POINT('',#8363);
#6413=LINE('',#8364,#8365);
#6414=CIRCLE('',#8366,1.47250500848041);
#6415=VERTEX_POINT('',#8367);
#6416=VERTEX_POINT('',#8368);
#6417=CIRCLE('',#8369,1.3081);
#6418=CIRCLE('',#8370,1.3081);
#6419=VERTEX_POINT('',#8371);
#6420=VERTEX_POINT('',#8372);
#6421=LINE('',#8373,#8374);
#6422=CIRCLE('',#8375,1.57000000000007);
#6423=VERTEX_POINT('',#8376);
#6424=LINE('',#8377,#8378);
#6425=LINE('',#8379,#8380);
#6426=VERTEX_POINT('',#8381);
#6427=VERTEX_POINT('',#8382);
#6428=CIRCLE('',#8383,1.3081);
#6429=CIRCLE('',#8384,1.3081);
#6430=VERTEX_POINT('',#8385);
#6431=CIRCLE('',#8386,1.52000000000002);
#6432=VERTEX_POINT('',#8387);
#6433=LINE('',#8388,#8389);
#6434=CIRCLE('',#8390,1.52000000000002);
#6435=CIRCLE('',#8391,1.52000000000002);
#6436=CIRCLE('',#8392,1.52000000000002);
#6437=CIRCLE('',#8393,1.52000000000002);
#6438=LINE('',#8394,#8395);
#6439=LINE('',#8396,#8397);
#6440=LINE('',#8398,#8399);
#6441=VERTEX_POINT('',#8400);
#6442=CIRCLE('',#8401,1.52000000000002);
#6443=CIRCLE('',#8402,1.52000000000002);
#6444=VERTEX_POINT('',#8403);
#6445=VERTEX_POINT('',#8404);
#6446=B_SPLINE_CURVE_WITH_KNOTS('',3,(#8405,#8406,#8407,#8408,#8409),.UNSPECIFIED.,.F.,.F.,(4,1,4),(0.0,0.5,1.0),.UNSPECIFIED.);
#6447=VERTEX_POINT('',#8410);
#6448=CIRCLE('',#8411,1.52000000000002);
#6449=LINE('',#8412,#8413);
#6450=VERTEX_POINT('',#8414);
#6451=LINE('',#8415,#8416);
#6452=B_SPLINE_CURVE_WITH_KNOTS('',3,(#8417,#8418,#8419,#8420),.UNSPECIFIED.,.F.,.F.,(4,4),(0.0,1.0),.UNSPECIFIED.);
#6453=VERTEX_POINT('',#8421);
#6454=VERTEX_POINT('',#8422);
#6455=B_SPLINE_CURVE_WITH_KNOTS('',3,(#8423,#8424,#8425,#8426,#8427),.UNSPECIFIED.,.F.,.F.,(4,1,4),(0.0,0.5,1.0),.UNSPECIFIED.);
#6456=VERTEX_POINT('',#8428);
#6457=LINE('',#8429,#8430);
#6458=VERTEX_POINT('',#8431);
#6459=B_SPLINE_CURVE_WITH_KNOTS('',3,(#8432,#8433,#8434,#8435),.UNSPECIFIED.,.F.,.F.,(4,4),(0.0,1.0),.UNSPECIFIED.);
#6460=VERTEX_POINT('',#8436);
#6461=LINE('',#8437,#8438);
#6462=VERTEX_POINT('',#8439);
#6463=B_SPLINE_CURVE_WITH_KNOTS('',3,(#8440,#8441,#8442,#8443),.UNSPECIFIED.,.F.,.F.,(4,4),(0.0,1.0),.UNSPECIFIED.);
#6464=LINE('',#8444,#8445);
#6465=VERTEX_POINT('',#8446);
#6466=LINE('',#8447,#8448);
#6467=B_SPLINE_CURVE_WITH_KNOTS('',3,(#8449,#8450,#8451,#8452),.UNSPECIFIED.,.F.,.F.,(4,4),(0.0,1.0),.UNSPECIFIED.);
#6468=CIRCLE('',#8453,1.52000000000002);
#6469=VERTEX_POINT('',#8454);
#6470=LINE('',#8455,#8456);
#6471=VERTEX_POINT('',#8457);
#6472=CIRCLE('',#8458,1.52000000000002);
#6473=CIRCLE('',#8459,1.52000000000002);
#6474=CIRCLE('',#8460,1.397);
#6475=VERTEX_POINT('',#8461);
#6476=CIRCLE('',#8462,1.397);
#6477=B_SPLINE_CURVE_WITH_KNOTS('',3,(#8463,#8464,#8465,#8466),.UNSPECIFIED.,.F.,.F.,(4,4),(0.0,1.0),.UNSPECIFIED.);
#6478=VERTEX_POINT('',#8467);
#6479=VERTEX_POINT('',#8468);
#6480=B_SPLINE_CURVE_WITH_KNOTS('',3,(#8469,#8470,#8471,#8472),.UNSPECIFIED.,.F.,.F.,(4,4),(0.0,1.0),.UNSPECIFIED.);
#6481=VERTEX_POINT('',#8473);
#6482=CIRCLE('',#8474,1.397);
#6483=CIRCLE('',#8475,1.52000000000002);
#6484=VERTEX_POINT('',#8476);
#6485=VERTEX_POINT('',#8477);
#6486=CIRCLE('',#8478,1.397);
#6487=CIRCLE('',#8479,1.52000000000002);
#6488=VERTEX_POINT('',#8480);
#6489=LINE('',#8481,#8482);
#6490=CIRCLE('',#8483,1.397);
#6491=VERTEX_POINT('',#8484);
#6492=B_SPLINE_CURVE_WITH_KNOTS('',3,(#8485,#8486,#8487,#8488,#8489,#8490,#8491,#8492,#8493,#8494,#8495,#8496,#8497,#8498,#8499,#8500),.UNSPECIFIED.,.F.,.F.,(4,1,1,1,1,1,1,1,1,1,1,1,1,4),(0.0,0.07692307692308,0.1538461538462,0.2307692307692,0.3076923076923,0.3846153846154,0.4615384615385,0.5384615384615,0.6153846153846,0.6923076923077,0.7692307692308,0.8461538461538,0.9230769230769,1.0),.UNSPECIFIED.);
#6493=B_SPLINE_CURVE_WITH_KNOTS('',3,(#8501,#8502,#8503,#8504),.UNSPECIFIED.,.F.,.F.,(4,4),(0.0,1.0),.UNSPECIFIED.);
#6494=VERTEX_POINT('',#8505);
#6495=LINE('',#8506,#8507);
#6496=VERTEX_POINT('',#8508);
#6497=B_SPLINE_CURVE_WITH_KNOTS('',3,(#8509,#8510,#8511,#8512),.UNSPECIFIED.,.F.,.F.,(4,4),(0.0,1.0),.UNSPECIFIED.);
#6498=LINE('',#8513,#8514);
#6499=LINE('',#8515,#8516);
#6500=VERTEX_POINT('',#8517);
#6501=LINE('',#8518,#8519);
#6502=CIRCLE('',#8520,1.52000000000002);
#6503=VERTEX_POINT('',#8521);
#6504=B_SPLINE_CURVE_WITH_KNOTS('',3,(#8522,#8523,#8524,#8525,#8526),.UNSPECIFIED.,.F.,.F.,(4,1,4),(0.0,0.5,1.0),.UNSPECIFIED.);
#6505=LINE('',#8527,#8528);
#6506=VERTEX_POINT('',#8529);
#6507=CIRCLE('',#8530,1.52000000000002);
#6508=VERTEX_POINT('',#8531);
#6509=LINE('',#8532,#8533);
#6510=B_SPLINE_CURVE_WITH_KNOTS('',3,(#8534,#8535,#8536,#8537),.UNSPECIFIED.,.F.,.F.,(4,4),(0.0,1.0),.UNSPECIFIED.);
#6511=VERTEX_POINT('',#8538);
#6512=B_SPLINE_CURVE_WITH_KNOTS('',3,(#8539,#8540,#8541,#8542,#8543),.UNSPECIFIED.,.F.,.F.,(4,1,4),(0.0,0.5,1.0),.UNSPECIFIED.);
#6513=VERTEX_POINT('',#8544);
#6514=LINE('',#8545,#8546);
#6515=VERTEX_POINT('',#8547);
#6516=B_SPLINE_CURVE_WITH_KNOTS('',3,(#8548,#8549,#8550,#8551),.UNSPECIFIED.,.F.,.F.,(4,4),(0.0,1.0),.UNSPECIFIED.);
#6517=VERTEX_POINT('',#8552);
#6518=LINE('',#8553,#8554);
#6519=LINE('',#8555,#8556);
#6520=VERTEX_POINT('',#8557);
#6521=LINE('',#8558,#8559);
#6522=LINE('',#8560,#8561);
#6523=VERTEX_POINT('',#8562);
#6524=CIRCLE('',#8563,0.254);
#6525=VERTEX_POINT('',#8564);
#6526=LINE('',#8565,#8566);
#6527=VERTEX_POINT('',#8567);
#6528=LINE('',#8568,#8569);
#6529=VERTEX_POINT('',#8570);
#6530=B_SPLINE_CURVE_WITH_KNOTS('',3,(#8571,#8572,#8573,#8574),.UNSPECIFIED.,.F.,.F.,(4,4),(0.0,1.0),.UNSPECIFIED.);
#6531=LINE('',#8575,#8576);
#6532=VERTEX_POINT('',#8577);
#6533=LINE('',#8578,#8579);
#6534=VERTEX_POINT('',#8580);
#6535=LINE('',#8581,#8582);
#6536=B_SPLINE_CURVE_WITH_KNOTS('',3,(#8583,#8584,#8585,#8586),.UNSPECIFIED.,.F.,.F.,(4,4),(0.0,1.0),.UNSPECIFIED.);
#6537=VERTEX_POINT('',#8587);
#6538=CIRCLE('',#8588,1.52000000000002);
#6539=LINE('',#8589,#8590);
#6540=VERTEX_POINT('',#8591);
#6541=LINE('',#8592,#8593);
#6542=VERTEX_POINT('',#8594);
#6543=B_SPLINE_CURVE_WITH_KNOTS('',3,(#8595,#8596,#8597,#8598),.UNSPECIFIED.,.F.,.F.,(4,4),(0.0,1.0),.UNSPECIFIED.);
#6544=VERTEX_POINT('',#8599);
#6545=LINE('',#8600,#8601);
#6546=VERTEX_POINT('',#8602);
#6547=B_SPLINE_CURVE_WITH_KNOTS('',3,(#8603,#8604,#8605,#8606),.UNSPECIFIED.,.F.,.F.,(4,4),(0.0,1.0),.UNSPECIFIED.);
#6548=LINE('',#8607,#8608);
#6549=LINE('',#8609,#8610);
#6550=VERTEX_POINT('',#8611);
#6551=VERTEX_POINT('',#8612);
#6552=LINE('',#8613,#8614);
#6553=VERTEX_POINT('',#8615);
#6554=LINE('',#8616,#8617);
#6555=VERTEX_POINT('',#8618);
#6556=LINE('',#8619,#8620);
#6557=LINE('',#8621,#8622);
#6558=VERTEX_POINT('',#8623);
#6559=LINE('',#8624,#8625);
#6560=VERTEX_POINT('',#8626);
#6561=LINE('',#8627,#8628);
#6562=LINE('',#8629,#8630);
#6563=VERTEX_POINT('',#8631);
#6564=LINE('',#8632,#8633);
#6565=LINE('',#8634,#8635);
#6566=VERTEX_POINT('',#8636);
#6567=LINE('',#8637,#8638);
#6568=LINE('',#8639,#8640);
#6569=LINE('',#8641,#8642);
#6570=CIRCLE('',#8643,1.52000000000002);
#6571=CIRCLE('',#8644,1.52000000000002);
#6572=CIRCLE('',#8645,1.52000000000002);
#6573=CIRCLE('',#8646,1.52000000000002);
#6574=CIRCLE('',#8647,1.52000000000002);
#6575=CIRCLE('',#8648,1.52000000000002);
#6576=LINE('',#8649,#8650);
#6577=CIRCLE('',#8651,1.397);
#6578=B_SPLINE_CURVE_WITH_KNOTS('',3,(#8652,#8653,#8654,#8655,#8656,#8657,#8658,#8659,#8660,#8661,#8662,#8663,#8664,#8665,#8666,#8667),.UNSPECIFIED.,.F.,.F.,(4,1,1,1,1,1,1,1,1,1,1,1,1,4),(0.0,0.07692307692308,0.1538461538462,0.2307692307692,0.3076923076923,0.3846153846154,0.4615384615385,0.5384615384615,0.6153846153846,0.6923076923077,0.7692307692308,0.8461538461538,0.9230769230769,1.0),.UNSPECIFIED.);
#6579=VERTEX_POINT('',#8668);
#6580=CIRCLE('',#8669,1.524);
#6581=CIRCLE('',#8670,1.524);
#6582=VERTEX_POINT('',#8671);
#6583=B_SPLINE_CURVE_WITH_KNOTS('',3,(#8672,#8673,#8674,#8675,#8676,#8677,#8678,#8679,#8680,#8681,#8682),.UNSPECIFIED.,.F.,.F.,(4,1,1,1,1,1,1,1,4),(0.0,0.125,0.25,0.375,0.5,0.625,0.75,0.875,1.0),.UNSPECIFIED.);
#6584=CIRCLE('',#8683,1.524);
#6585=B_SPLINE_CURVE_WITH_KNOTS('',3,(#8684,#8685,#8686,#8687,#8688,#8689,#8690,#8691,#8692,#8693,#8694,#8695,#8696),.UNSPECIFIED.,.F.,.F.,(4,1,1,1,1,1,1,1,1,1,4),(0.0,0.1,0.2,0.3,0.4,0.5,0.6,0.7,0.8,0.9,1.0),.UNSPECIFIED.);
#6586=LINE('',#8697,#8698);
#6587=VERTEX_POINT('',#8699);
#6588=VERTEX_POINT('',#8700);
#6589=B_SPLINE_CURVE_WITH_KNOTS('',3,(#8701,#8702,#8703,#8704,#8705,#8706,#8707,#8708,#8709,#8710,#8711),.UNSPECIFIED.,.F.,.F.,(4,1,1,1,1,1,1,1,4),(0.0,0.125,0.25,0.375,0.5,0.625,0.75,0.875,1.0),.UNSPECIFIED.);
#6590=B_SPLINE_CURVE_WITH_KNOTS('',3,(#8712,#8713,#8714,#8715,#8716,#8717,#8718,#8719,#8720,#8721,#8722,#8723,#8724),.UNSPECIFIED.,.F.,.F.,(4,1,1,1,1,1,1,1,1,1,4),(0.0,0.1,0.2,0.3,0.4,0.5,0.6,0.7,0.8,0.9,1.0),.UNSPECIFIED.);
#6591=VERTEX_POINT('',#8725);
#6592=LINE('',#8726,#8727);
#6593=VERTEX_POINT('',#8728);
#6594=B_SPLINE_CURVE_WITH_KNOTS('',3,(#8729,#8730,#8731,#8732,#8733,#8734,#8735,#8736,#8737,#8738,#8739),.UNSPECIFIED.,.F.,.F.,(4,1,1,1,1,1,1,1,4),(0.0,0.125,0.25,0.375,0.5,0.625,0.75,0.875,1.0),.UNSPECIFIED.);
#6595=VERTEX_POINT('',#8740);
#6596=B_SPLINE_CURVE_WITH_KNOTS('',3,(#8741,#8742,#8743,#8744,#8745,#8746,#8747,#8748,#8749,#8750,#8751),.UNSPECIFIED.,.F.,.F.,(4,1,1,1,1,1,1,1,4),(0.0,0.125,0.25,0.375,0.5,0.625,0.75,0.875,1.0),.UNSPECIFIED.);
#6597=LINE('',#8752,#8753);
#6598=VERTEX_POINT('',#8754);
#6599=CIRCLE('',#8755,0.7112);
#6600=CIRCLE('',#8756,0.7112);
#6601=VERTEX_POINT('',#8757);
#6602=LINE('',#8758,#8759);
#6603=VERTEX_POINT('',#8760);
#6604=LINE('',#8761,#8762);
#6605=VERTEX_POINT('',#8763);
#6606=CIRCLE('',#8764,0.7112);
#6607=VERTEX_POINT('',#8765);
#6608=CIRCLE('',#8766,0.7112);
#6609=VERTEX_POINT('',#8767);
#6610=LINE('',#8768,#8769);
#6611=CIRCLE('',#8770,6.858);
#6612=VERTEX_POINT('',#8771);
#6613=LINE('',#8772,#8773);
#6614=CIRCLE('',#8774,0.7112);
#6615=LINE('',#8775,#8776);
#6616=CIRCLE('',#8777,0.7112);
#6617=CIRCLE('',#8778,6.858);
#6618=LINE('',#8779,#8780);
#6619=B_SPLINE_CURVE_WITH_KNOTS('',3,(#8781,#8782,#8783,#8784,#8785,#8786,#8787,#8788,#8789,#8790,#8791,#8792),.UNSPECIFIED.,.F.,.F.,(4,1,1,1,1,1,1,1,1,4),(0.0,0.1111111111111,0.2222222222222,0.3333333333333,0.4444444444444,0.5555555555556,0.6666666666667,0.7777777777778,0.8888888888889,1.0),.UNSPECIFIED.);
#6620=CIRCLE('',#8793,1.4351);
#6621=CIRCLE('',#8794,1.1811);
#6622=VERTEX_POINT('',#8795);
#6623=VERTEX_POINT('',#8796);
#6624=CIRCLE('',#8797,5.15747);
#6625=CIRCLE('',#8798,5.15747);
#6626=VERTEX_POINT('',#8799);
#6627=VERTEX_POINT('',#8800);
#6628=CIRCLE('',#8801,5.15747);
#6629=LINE('',#8802,#8803);
#6630=LINE('',#8804,#8805);
#6631=CIRCLE('',#8806,5.15747);
#6632=VERTEX_POINT('',#8807);
#6633=VERTEX_POINT('',#8808);
#6634=CIRCLE('',#8809,4.2799);
#6635=CIRCLE('',#8810,4.2799);
#6636=VERTEX_POINT('',#8811);
#6637=VERTEX_POINT('',#8812);
#6638=CIRCLE('',#8813,4.2799);
#6639=LINE('',#8814,#8815);
#6640=LINE('',#8816,#8817);
#6641=CIRCLE('',#8818,4.2799);
#6642=CIRCLE('',#8819,4.7625);
#6643=VERTEX_POINT('',#8820);
#6644=B_SPLINE_CURVE_WITH_KNOTS('',3,(#8821,#8822,#8823,#8824,#8825,#8826,#8827,#8828,#8829,#8830,#8831,#8832),.UNSPECIFIED.,.F.,.F.,(4,1,1,1,1,1,1,1,1,4),(0.0,0.1111111111111,0.2222222222222,0.3333333333333,0.4444444444444,0.5555555555556,0.6666666666667,0.7777777777778,0.8888888888889,1.0),.UNSPECIFIED.);
#6645=VERTEX_POINT('',#8833);
#6646=LINE('',#8834,#8835);
#6647=B_SPLINE_CURVE_WITH_KNOTS('',3,(#8836,#8837,#8838,#8839,#8840,#8841,#8842,#8843,#8844,#8845,#8846,#8847,#8848,#8849,#8850,#8851,#8852,#8853,#8854,#8855,#8856,#8857,#8858,#8859,#8860,#8861),.UNSPECIFIED.,.F.,.F.,(4,1,1,1,1,1,1,1,1,1,1,1,1,1,1,1,1,1,1,1,1,1,1,4),(0.0,0.04347826086957,0.08695652173913,0.1304347826087,0.1739130434783,0.2173913043478,0.2608695652174,0.304347826087,0.3478260869565,0.3913043478261,0.4347826086957,0.4782608695652,0.5217391304348,0.5652173913043,0.6086956521739,0.6521739130435,0.695652173913,0.7391304347826,0.7826086956522,0.8260869565217,0.8695652173913,0.9130434782609,0.9565217391304,1.0),.UNSPECIFIED.);
#6648=CIRCLE('',#8862,4.7625);
#6649=VERTEX_POINT('',#8863);
#6650=B_SPLINE_CURVE_WITH_KNOTS('',3,(#8864,#8865,#8866,#8867,#8868,#8869,#8870,#8871,#8872,#8873,#8874,#8875,#8876,#8877,#8878,#8879,#8880,#8881,#8882,#8883,#8884,#8885,#8886,#8887),.UNSPECIFIED.,.F.,.F.,(4,1,1,1,1,1,1,1,1,1,1,1,1,1,1,1,1,1,1,1,1,4),(0.0,0.04761904761905,0.0952380952381,0.1428571428571,0.1904761904762,0.2380952380952,0.2857142857143,0.3333333333333,0.3809523809524,0.4285714285714,0.4761904761905,0.5238095238095,0.5714285714286,0.6190476190476,0.6666666666667,0.7142857142857,0.7619047619048,0.8095238095238,0.8571428571429,0.9047619047619,0.952380952381,1.0),.UNSPECIFIED.);
#6651=VERTEX_POINT('',#8888);
#6652=LINE('',#8889,#8890);
#6653=B_SPLINE_CURVE_WITH_KNOTS('',3,(#8891,#8892,#8893,#8894,#8895,#8896,#8897,#8898,#8899,#8900,#8901,#8902,#8903,#8904,#8905,#8906,#8907),.UNSPECIFIED.,.F.,.F.,(4,1,1,1,1,1,1,1,1,1,1,1,1,1,4),(0.0,0.07142857142857,0.1428571428571,0.2142857142857,0.2857142857143,0.3571428571429,0.4285714285714,0.5,0.5714285714286,0.6428571428571,0.7142857142857,0.7857142857143,0.8571428571429,0.9285714285714,1.0),.UNSPECIFIED.);
#6654=VERTEX_POINT('',#8908);
#6655=B_SPLINE_CURVE_WITH_KNOTS('',3,(#8909,#8910,#8911,#8912,#8913,#8914,#8915,#8916,#8917,#8918,#8919,#8920,#8921,#8922,#8923,#8924,#8925,#8926,#8927,#8928,#8929,#8930,#8931,#8932),.UNSPECIFIED.,.F.,.F.,(4,1,1,1,1,1,1,1,1,1,1,1,1,1,1,1,1,1,1,1,1,4),(0.0,0.04761904761905,0.0952380952381,0.1428571428571,0.1904761904762,0.2380952380952,0.2857142857143,0.3333333333333,0.3809523809524,0.4285714285714,0.4761904761905,0.5238095238095,0.5714285714286,0.6190476190476,0.6666666666667,0.7142857142857,0.7619047619048,0.8095238095238,0.8571428571429,0.9047619047619,0.952380952381,1.0),.UNSPECIFIED.);
#6656=VERTEX_POINT('',#8933);
#6657=LINE('',#8934,#8935);
#6658=B_SPLINE_CURVE_WITH_KNOTS('',3,(#8936,#8937,#8938,#8939,#8940,#8941,#8942,#8943,#8944,#8945,#8946,#8947,#8948,#8949,#8950,#8951,#8952,#8953,#8954,#8955,#8956,#8957,#8958,#8959),.UNSPECIFIED.,.F.,.F.,(4,1,1,1,1,1,1,1,1,1,1,1,1,1,1,1,1,1,1,1,1,4),(0.0,0.04761904761905,0.0952380952381,0.1428571428571,0.1904761904762,0.2380952380952,0.2857142857143,0.3333333333333,0.3809523809524,0.4285714285714,0.4761904761905,0.5238095238095,0.5714285714286,0.6190476190476,0.6666666666667,0.7142857142857,0.7619047619048,0.8095238095238,0.8571428571429,0.9047619047619,0.952380952381,1.0),.UNSPECIFIED.);
#6659=VERTEX_POINT('',#8960);
#6660=B_SPLINE_CURVE_WITH_KNOTS('',3,(#8961,#8962,#8963,#8964,#8965,#8966,#8967,#8968,#8969,#8970,#8971,#8972,#8973,#8974,#8975,#8976,#8977),.UNSPECIFIED.,.F.,.F.,(4,1,1,1,1,1,1,1,1,1,1,1,1,1,4),(0.0,0.07142857142857,0.1428571428571,0.2142857142857,0.2857142857143,0.3571428571429,0.4285714285714,0.5,0.5714285714286,0.6428571428571,0.7142857142857,0.7857142857143,0.8571428571429,0.9285714285714,1.0),.UNSPECIFIED.);
#6661=VERTEX_POINT('',#8978);
#6662=LINE('',#8979,#8980);
#6663=B_SPLINE_CURVE_WITH_KNOTS('',3,(#8981,#8982,#8983,#8984,#8985,#8986,#8987,#8988,#8989,#8990,#8991,#8992,#8993,#8994,#8995,#8996,#8997,#8998,#8999,#9000,#9001,#9002,#9003,#9004),.UNSPECIFIED.,.F.,.F.,(4,1,1,1,1,1,1,1,1,1,1,1,1,1,1,1,1,1,1,1,1,4),(0.0,0.04761904761905,0.0952380952381,0.1428571428571,0.1904761904762,0.2380952380952,0.2857142857143,0.3333333333333,0.3809523809524,0.4285714285714,0.4761904761905,0.5238095238095,0.5714285714286,0.6190476190476,0.6666666666667,0.7142857142857,0.7619047619048,0.8095238095238,0.8571428571429,0.9047619047619,0.952380952381,1.0),.UNSPECIFIED.);
#6664=VERTEX_POINT('',#9005);
#6665=B_SPLINE_CURVE_WITH_KNOTS('',3,(#9006,#9007,#9008,#9009,#9010,#9011,#9012,#9013,#9014,#9015,#9016,#9017,#9018,#9019,#9020,#9021,#9022,#9023,#9024,#9025,#9026,#9027,#9028,#9029),.UNSPECIFIED.,.F.,.F.,(4,1,1,1,1,1,1,1,1,1,1,1,1,1,1,1,1,1,1,1,1,4),(0.0,0.04761904761905,0.0952380952381,0.1428571428571,0.1904761904762,0.2380952380952,0.2857142857143,0.3333333333333,0.3809523809524,0.4285714285714,0.4761904761905,0.5238095238095,0.5714285714286,0.6190476190476,0.6666666666667,0.7142857142857,0.7619047619048,0.8095238095238,0.8571428571429,0.9047619047619,0.952380952381,1.0),.UNSPECIFIED.);
#6666=VERTEX_POINT('',#9030);
#6667=LINE('',#9031,#9032);
#6668=B_SPLINE_CURVE_WITH_KNOTS('',3,(#9033,#9034,#9035,#9036,#9037,#9038,#9039,#9040,#9041,#9042,#9043,#9044,#9045,#9046,#9047),.UNSPECIFIED.,.F.,.F.,(4,1,1,1,1,1,1,1,1,1,1,1,4),(0.0,0.08333333333333,0.1666666666667,0.25,0.3333333333333,0.4166666666667,0.5,0.5833333333333,0.6666666666667,0.75,0.8333333333333,0.9166666666667,1.0),.UNSPECIFIED.);
#6669=VERTEX_POINT('',#9048);
#6670=B_SPLINE_CURVE_WITH_KNOTS('',3,(#9049,#9050,#9051,#9052,#9053,#9054,#9055,#9056,#9057,#9058,#9059,#9060,#9061,#9062,#9063,#9064,#9065,#9066,#9067,#9068,#9069,#9070,#9071,#9072),.UNSPECIFIED.,.F.,.F.,(4,1,1,1,1,1,1,1,1,1,1,1,1,1,1,1,1,1,1,1,1,4),(0.0,0.04761904761905,0.0952380952381,0.1428571428571,0.1904761904762,0.2380952380952,0.2857142857143,0.3333333333333,0.3809523809524,0.4285714285714,0.4761904761905,0.5238095238095,0.5714285714286,0.6190476190476,0.6666666666667,0.7142857142857,0.7619047619048,0.8095238095238,0.8571428571429,0.9047619047619,0.952380952381,1.0),.UNSPECIFIED.);
#6671=VERTEX_POINT('',#9073);
#6672=LINE('',#9074,#9075);
#6673=B_SPLINE_CURVE_WITH_KNOTS('',3,(#9076,#9077,#9078,#9079,#9080,#9081,#9082,#9083,#9084,#9085,#9086,#9087,#9088,#9089,#9090,#9091,#9092,#9093,#9094,#9095,#9096,#9097,#9098,#9099),.UNSPECIFIED.,.F.,.F.,(4,1,1,1,1,1,1,1,1,1,1,1,1,1,1,1,1,1,1,1,1,4),(0.0,0.04761904761905,0.0952380952381,0.1428571428571,0.1904761904762,0.2380952380952,0.2857142857143,0.3333333333333,0.3809523809524,0.4285714285714,0.4761904761905,0.5238095238095,0.5714285714286,0.6190476190476,0.6666666666667,0.7142857142857,0.7619047619048,0.8095238095238,0.8571428571429,0.9047619047619,0.952380952381,1.0),.UNSPECIFIED.);
#6674=VERTEX_POINT('',#9100);
#6675=B_SPLINE_CURVE_WITH_KNOTS('',3,(#9101,#9102,#9103,#9104,#9105,#9106,#9107,#9108,#9109,#9110,#9111,#9112,#9113,#9114,#9115),.UNSPECIFIED.,.F.,.F.,(4,1,1,1,1,1,1,1,1,1,1,1,4),(0.0,0.08333333333333,0.1666666666667,0.25,0.3333333333333,0.4166666666667,0.5,0.5833333333333,0.6666666666667,0.75,0.8333333333333,0.9166666666667,1.0),.UNSPECIFIED.);
#6676=VERTEX_POINT('',#9116);
#6677=LINE('',#9117,#9118);
#6678=B_SPLINE_CURVE_WITH_KNOTS('',3,(#9119,#9120,#9121,#9122,#9123,#9124,#9125,#9126,#9127,#9128,#9129,#9130,#9131,#9132,#9133,#9134,#9135,#9136,#9137,#9138,#9139,#9140,#9141,#9142),.UNSPECIFIED.,.F.,.F.,(4,1,1,1,1,1,1,1,1,1,1,1,1,1,1,1,1,1,1,1,1,4),(0.0,0.04761904761905,0.0952380952381,0.1428571428571,0.1904761904762,0.2380952380952,0.2857142857143,0.3333333333333,0.3809523809524,0.4285714285714,0.4761904761905,0.5238095238095,0.5714285714286,0.6190476190476,0.6666666666667,0.7142857142857,0.7619047619048,0.8095238095238,0.8571428571429,0.9047619047619,0.952380952381,1.0),.UNSPECIFIED.);
#6679=VERTEX_POINT('',#9143);
#6680=B_SPLINE_CURVE_WITH_KNOTS('',3,(#9144,#9145,#9146,#9147,#9148,#9149,#9150,#9151,#9152,#9153,#9154,#9155,#9156,#9157,#9158,#9159,#9160,#9161,#9162,#9163,#9164,#9165,#9166,#9167,#9168,#9169,#9170),.UNSPECIFIED.,.F.,.F.,(4,1,1,1,1,1,1,1,1,1,1,1,1,1,1,1,1,1,1,1,1,1,1,1,4),(0.0,0.04166666666667,0.08333333333333,0.125,0.1666666666667,0.2083333333333,0.25,0.2916666666667,0.3333333333333,0.375,0.4166666666667,0.4583333333333,0.5,0.5416666666667,0.5833333333333,0.625,0.6666666666667,0.7083333333333,0.75,0.7916666666667,0.8333333333333,0.875,0.9166666666667,0.9583333333333,1.0),.UNSPECIFIED.);
#6681=VERTEX_POINT('',#9171);
#6682=LINE('',#9172,#9173);
#6683=B_SPLINE_CURVE_WITH_KNOTS('',3,(#9174,#9175,#9176,#9177,#9178,#9179,#9180,#9181,#9182,#9183,#9184,#9185,#9186,#9187,#9188,#9189,#9190,#9191,#9192,#9193,#9194,#9195,#9196,#9197,#9198,#9199,#9200,#9201,#9202,#9203,#9204,#9205,#9206,#9207,#9208,#9209,#9210,#9211,#9212,#9213,#9214),.UNSPECIFIED.,.F.,.F.,(4,1,1,1,1,1,1,1,1,1,1,1,1,1,1,1,1,1,1,1,1,1,1,1,1,1,1,1,1,1,1,1,1,1,1,1,1,1,4),(0.0,0.02631578947368,0.05263157894737,0.07894736842105,0.1052631578947,0.1315789473684,0.1578947368421,0.1842105263158,0.2105263157895,0.2368421052632,0.2631578947368,0.2894736842105,0.3157894736842,0.3421052631579,0.3684210526316,0.3947368421053,0.4210526315789,0.4473684210526,0.4736842105263,0.5,0.5263157894737,0.5526315789474,0.5789473684211,0.6052631578947,0.6315789473684,0.6578947368421,0.6842105263158,0.7105263157895,0.7368421052632,0.7631578947368,0.7894736842105,0.8157894736842,0.8421052631579,0.8684210526316,0.8947368421053,0.9210526315789,0.9473684210526,0.9736842105263,1.0),.UNSPECIFIED.);
#6684=VERTEX_POINT('',#9215);
#6685=B_SPLINE_CURVE_WITH_KNOTS('',3,(#9216,#9217,#9218,#9219,#9220,#9221,#9222,#9223,#9224,#9225,#9226,#9227,#9228,#9229,#9230,#9231,#9232,#9233),.UNSPECIFIED.,.F.,.F.,(4,1,1,1,1,1,1,1,1,1,1,1,1,1,1,4),(0.0,0.06666666666667,0.1333333333333,0.2,0.2666666666667,0.3333333333333,0.4,0.4666666666667,0.5333333333333,0.6,0.6666666666667,0.7333333333333,0.8,0.8666666666667,0.9333333333333,1.0),.UNSPECIFIED.);
#6686=B_SPLINE_CURVE_WITH_KNOTS('',3,(#9234,#9235,#9236,#9237,#9238,#9239,#9240,#9241,#9242,#9243,#9244,#9245,#9246,#9247,#9248,#9249,#9250,#9251),.UNSPECIFIED.,.F.,.F.,(4,1,1,1,1,1,1,1,1,1,1,1,1,1,1,4),(0.0,0.06666666666667,0.1333333333333,0.2,0.2666666666667,0.3333333333333,0.4,0.4666666666667,0.5333333333333,0.6,0.6666666666667,0.7333333333333,0.8,0.8666666666667,0.9333333333333,1.0),.UNSPECIFIED.);
#6687=B_SPLINE_CURVE_WITH_KNOTS('',3,(#9252,#9253,#9254,#9255,#9256,#9257,#9258,#9259,#9260,#9261,#9262,#9263,#9264,#9265,#9266,#9267,#9268,#9269,#9270,#9271,#9272,#9273,#9274,#9275),.UNSPECIFIED.,.F.,.F.,(4,1,1,1,1,1,1,1,1,1,1,1,1,1,1,1,1,1,1,1,1,4),(0.0,0.04761904761905,0.0952380952381,0.1428571428571,0.1904761904762,0.2380952380952,0.2857142857143,0.3333333333333,0.3809523809524,0.4285714285714,0.4761904761905,0.5238095238095,0.5714285714286,0.6190476190476,0.6666666666667,0.7142857142857,0.7619047619048,0.8095238095238,0.8571428571429,0.9047619047619,0.952380952381,1.0),.UNSPECIFIED.);
#6688=B_SPLINE_CURVE_WITH_KNOTS('',3,(#9276,#9277,#9278,#9279,#9280,#9281,#9282,#9283,#9284,#9285,#9286,#9287,#9288,#9289,#9290,#9291,#9292,#9293,#9294,#9295,#9296,#9297,#9298,#9299),.UNSPECIFIED.,.F.,.F.,(4,1,1,1,1,1,1,1,1,1,1,1,1,1,1,1,1,1,1,1,1,4),(0.0,0.04761904761905,0.0952380952381,0.1428571428571,0.1904761904762,0.2380952380952,0.2857142857143,0.3333333333333,0.3809523809524,0.4285714285714,0.4761904761905,0.5238095238095,0.5714285714286,0.6190476190476,0.6666666666667,0.7142857142857,0.7619047619048,0.8095238095238,0.8571428571429,0.9047619047619,0.952380952381,1.0),.UNSPECIFIED.);
#6689=VERTEX_POINT('',#9300);
#6690=LINE('',#9301,#9302);
#6691=B_SPLINE_CURVE_WITH_KNOTS('',3,(#9303,#9304,#9305,#9306,#9307,#9308,#9309,#9310,#9311,#9312,#9313,#9314,#9315,#9316,#9317,#9318,#9319,#9320,#9321,#9322,#9323,#9324,#9325,#9326,#9327,#9328,#9329,#9330,#9331,#9332,#9333,#9334,#9335,#9336,#9337,#9338,#9339,#9340,#9341,#9342,#9343,#9344,#9345,#9346,#9347,#9348,#9349,#9350,#9351,#9352,#9353,#9354,#9355,#9356,#9357,#9358,#9359,#9360,#9361,#9362,#9363,#9364,#9365,#9366,#9367,#9368,#9369,#9370,#9371,#9372,#9373,#9374,#9375,#9376,#9377,#9378,#9379,#9380,#9381,#9382,#9383,#9384,#9385,#9386,#9387,#9388,#9389,#9390,#9391,#9392,#9393,#9394,#9395,#9396,#9397,#9398,#9399,#9400,#9401,#9402,#9403,#9404,#9405,#9406,#9407,#9408,#9409,#9410,#9411),.UNSPECIFIED.,.F.,.F.,(4,1,1,1,1,1,1,1,1,1,1,1,1,1,1,1,1,1,1,1,1,1,1,1,1,1,1,1,1,1,1,1,1,1,1,1,1,1,1,1,1,1,1,1,1,1,1,1,1,1,1,1,1,1,1,1,1,1,1,1,1,1,1,1,1,1,1,1,1,1,1,1,1,1,1,1,1,1,1,1,1,1,1,1,1,1,1,1,1,1,1,1,1,1,1,1,1,1,1,1,1,1,1,1,1,1,4),(0.0,0.009433962264151,0.0188679245283,0.02830188679245,0.0377358490566,0.04716981132075,0.05660377358491,0.06603773584906,0.07547169811321,0.08490566037736,0.09433962264151,0.1037735849057,0.1132075471698,0.122641509434,0.1320754716981,0.1415094339623,0.1509433962264,0.1603773584906,0.1698113207547,0.1792452830189,0.188679245283,0.1981132075472,0.2075471698113,0.2169811320755,0.2264150943396,0.2358490566038,0.2452830188679,0.2547169811321,0.2641509433962,0.2735849056604,0.2830188679245,0.2924528301887,0.3018867924528,0.311320754717,0.3207547169811,0.3301886792453,0.3396226415094,0.3490566037736,0.3584905660377,0.3679245283019,0.377358490566,0.3867924528302,0.3962264150943,0.4056603773585,0.4150943396226,0.4245283018868,0.4339622641509,0.4433962264151,0.4528301886792,0.4622641509434,0.4716981132075,0.4811320754717,0.4905660377358,0.5,0.5094339622642,0.5188679245283,0.5283018867925,0.5377358490566,0.5471698113208,0.5566037735849,0.5660377358491,0.5754716981132,0.5849056603774,0.5943396226415,0.6037735849057,0.6132075471698,0.622641509434,0.6320754716981,0.6415094339623,0.6509433962264,0.6603773584906,0.6698113207547,0.6792452830189,0.688679245283,0.6981132075472,0.7075471698113,0.7169811320755,0.7264150943396,0.7358490566038,0.7452830188679,0.7547169811321,0.7641509433962,0.7735849056604,0.7830188679245,0.7924528301887,0.8018867924528,0.811320754717,0.8207547169811,0.8301886792453,0.8396226415094,0.8490566037736,0.8584905660377,0.8679245283019,0.877358490566,0.8867924528302,0.8962264150943,0.9056603773585,0.9150943396226,0.9245283018868,0.9339622641509,0.9433962264151,0.9528301886792,0.9622641509434,0.9716981132075,0.9811320754717,0.9905660377358,1.0),.UNSPECIFIED.);
#6692=LINE('',#9412,#9413);
#6693=B_SPLINE_CURVE_WITH_KNOTS('',3,(#9414,#9415,#9416,#9417,#9418,#9419,#9420,#9421,#9422,#9423,#9424,#9425,#9426,#9427,#9428,#9429,#9430,#9431,#9432,#9433,#9434,#9435,#9436,#9437),.UNSPECIFIED.,.F.,.F.,(4,1,1,1,1,1,1,1,1,1,1,1,1,1,1,1,1,1,1,1,1,4),(0.0,0.04761904761905,0.0952380952381,0.1428571428571,0.1904761904762,0.2380952380952,0.2857142857143,0.3333333333333,0.3809523809524,0.4285714285714,0.4761904761905,0.5238095238095,0.5714285714286,0.6190476190476,0.6666666666667,0.7142857142857,0.7619047619048,0.8095238095238,0.8571428571429,0.9047619047619,0.952380952381,1.0),.UNSPECIFIED.);
#6694=B_SPLINE_CURVE_WITH_KNOTS('',3,(#9438,#9439,#9440,#9441,#9442,#9443,#9444,#9445,#9446,#9447,#9448,#9449,#9450,#9451,#9452,#9453,#9454,#9455,#9456,#9457,#9458,#9459,#9460,#9461),.UNSPECIFIED.,.F.,.F.,(4,1,1,1,1,1,1,1,1,1,1,1,1,1,1,1,1,1,1,1,1,4),(0.0,0.04761904761905,0.0952380952381,0.1428571428571,0.1904761904762,0.2380952380952,0.2857142857143,0.3333333333333,0.3809523809524,0.4285714285714,0.4761904761905,0.5238095238095,0.5714285714286,0.6190476190476,0.6666666666667,0.7142857142857,0.7619047619048,0.8095238095238,0.8571428571429,0.9047619047619,0.952380952381,1.0),.UNSPECIFIED.);
#6695=B_SPLINE_CURVE_WITH_KNOTS('',3,(#9462,#9463,#9464,#9465,#9466,#9467,#9468,#9469,#9470,#9471,#9472,#9473,#9474,#9475,#9476,#9477,#9478,#9479,#9480,#9481,#9482,#9483,#9484,#9485),.UNSPECIFIED.,.F.,.F.,(4,1,1,1,1,1,1,1,1,1,1,1,1,1,1,1,1,1,1,1,1,4),(0.0,0.04761904761905,0.0952380952381,0.1428571428571,0.1904761904762,0.2380952380952,0.2857142857143,0.3333333333333,0.3809523809524,0.4285714285714,0.4761904761905,0.5238095238095,0.5714285714286,0.6190476190476,0.6666666666667,0.7142857142857,0.7619047619048,0.8095238095238,0.8571428571429,0.9047619047619,0.952380952381,1.0),.UNSPECIFIED.);
#6696=B_SPLINE_CURVE_WITH_KNOTS('',3,(#9486,#9487,#9488,#9489,#9490,#9491,#9492,#9493,#9494,#9495,#9496,#9497,#9498,#9499,#9500,#9501,#9502,#9503,#9504,#9505,#9506,#9507,#9508,#9509),.UNSPECIFIED.,.F.,.F.,(4,1,1,1,1,1,1,1,1,1,1,1,1,1,1,1,1,1,1,1,1,4),(0.0,0.04761904761905,0.0952380952381,0.1428571428571,0.1904761904762,0.2380952380952,0.2857142857143,0.3333333333333,0.3809523809524,0.4285714285714,0.4761904761905,0.5238095238095,0.5714285714286,0.6190476190476,0.6666666666667,0.7142857142857,0.7619047619048,0.8095238095238,0.8571428571429,0.9047619047619,0.952380952381,1.0),.UNSPECIFIED.);
#6697=B_SPLINE_CURVE_WITH_KNOTS('',3,(#9510,#9511,#9512,#9513,#9514,#9515,#9516,#9517,#9518,#9519,#9520,#9521,#9522,#9523,#9524,#9525,#9526,#9527,#9528,#9529,#9530,#9531,#9532,#9533),.UNSPECIFIED.,.F.,.F.,(4,1,1,1,1,1,1,1,1,1,1,1,1,1,1,1,1,1,1,1,1,4),(0.0,0.04761904761905,0.0952380952381,0.1428571428571,0.1904761904762,0.2380952380952,0.2857142857143,0.3333333333333,0.3809523809524,0.4285714285714,0.4761904761905,0.5238095238095,0.5714285714286,0.6190476190476,0.6666666666667,0.7142857142857,0.7619047619048,0.8095238095238,0.8571428571429,0.9047619047619,0.952380952381,1.0),.UNSPECIFIED.);
#6698=B_SPLINE_CURVE_WITH_KNOTS('',3,(#9534,#9535,#9536,#9537,#9538,#9539,#9540,#9541,#9542,#9543,#9544,#9545,#9546,#9547,#9548,#9549,#9550,#9551,#9552,#9553,#9554,#9555,#9556,#9557),.UNSPECIFIED.,.F.,.F.,(4,1,1,1,1,1,1,1,1,1,1,1,1,1,1,1,1,1,1,1,1,4),(0.0,0.04761904761905,0.0952380952381,0.1428571428571,0.1904761904762,0.2380952380952,0.2857142857143,0.3333333333333,0.3809523809524,0.4285714285714,0.4761904761905,0.5238095238095,0.5714285714286,0.6190476190476,0.6666666666667,0.7142857142857,0.7619047619048,0.8095238095238,0.8571428571429,0.9047619047619,0.952380952381,1.0),.UNSPECIFIED.);
#6699=B_SPLINE_CURVE_WITH_KNOTS('',3,(#9558,#9559,#9560,#9561,#9562,#9563,#9564,#9565,#9566,#9567,#9568,#9569,#9570,#9571,#9572,#9573,#9574,#9575,#9576,#9577,#9578,#9579,#9580,#9581),.UNSPECIFIED.,.F.,.F.,(4,1,1,1,1,1,1,1,1,1,1,1,1,1,1,1,1,1,1,1,1,4),(0.0,0.04761904761905,0.0952380952381,0.1428571428571,0.1904761904762,0.2380952380952,0.2857142857143,0.3333333333333,0.3809523809524,0.4285714285714,0.4761904761905,0.5238095238095,0.5714285714286,0.6190476190476,0.6666666666667,0.7142857142857,0.7619047619048,0.8095238095238,0.8571428571429,0.9047619047619,0.952380952381,1.0),.UNSPECIFIED.);
#6700=B_SPLINE_CURVE_WITH_KNOTS('',3,(#9582,#9583,#9584,#9585,#9586,#9587,#9588,#9589,#9590,#9591,#9592,#9593,#9594,#9595,#9596,#9597,#9598,#9599,#9600,#9601,#9602,#9603,#9604,#9605),.UNSPECIFIED.,.F.,.F.,(4,1,1,1,1,1,1,1,1,1,1,1,1,1,1,1,1,1,1,1,1,4),(0.0,0.04761904761905,0.0952380952381,0.1428571428571,0.1904761904762,0.2380952380952,0.2857142857143,0.3333333333333,0.3809523809524,0.4285714285714,0.4761904761905,0.5238095238095,0.5714285714286,0.6190476190476,0.6666666666667,0.7142857142857,0.7619047619048,0.8095238095238,0.8571428571429,0.9047619047619,0.952380952381,1.0),.UNSPECIFIED.);
#6701=B_SPLINE_CURVE_WITH_KNOTS('',3,(#9606,#9607,#9608,#9609,#9610,#9611,#9612,#9613,#9614,#9615,#9616,#9617,#9618,#9619,#9620,#9621,#9622,#9623,#9624,#9625,#9626,#9627,#9628,#9629),.UNSPECIFIED.,.F.,.F.,(4,1,1,1,1,1,1,1,1,1,1,1,1,1,1,1,1,1,1,1,1,4),(0.0,0.04761904761905,0.0952380952381,0.1428571428571,0.1904761904762,0.2380952380952,0.2857142857143,0.3333333333333,0.3809523809524,0.4285714285714,0.4761904761905,0.5238095238095,0.5714285714286,0.6190476190476,0.6666666666667,0.7142857142857,0.7619047619048,0.8095238095238,0.8571428571429,0.9047619047619,0.952380952381,1.0),.UNSPECIFIED.);
#6702=B_SPLINE_CURVE_WITH_KNOTS('',3,(#9630,#9631,#9632,#9633,#9634,#9635,#9636,#9637,#9638,#9639,#9640,#9641,#9642,#9643,#9644,#9645,#9646,#9647,#9648,#9649,#9650,#9651,#9652,#9653),.UNSPECIFIED.,.F.,.F.,(4,1,1,1,1,1,1,1,1,1,1,1,1,1,1,1,1,1,1,1,1,4),(0.0,0.04761904761905,0.0952380952381,0.1428571428571,0.1904761904762,0.2380952380952,0.2857142857143,0.3333333333333,0.3809523809524,0.4285714285714,0.4761904761905,0.5238095238095,0.5714285714286,0.6190476190476,0.6666666666667,0.7142857142857,0.7619047619048,0.8095238095238,0.8571428571429,0.9047619047619,0.952380952381,1.0),.UNSPECIFIED.);
#6703=B_SPLINE_CURVE_WITH_KNOTS('',3,(#9654,#9655,#9656,#9657,#9658,#9659,#9660,#9661,#9662,#9663,#9664,#9665,#9666,#9667,#9668,#9669,#9670,#9671,#9672,#9673,#9674,#9675,#9676,#9677),.UNSPECIFIED.,.F.,.F.,(4,1,1,1,1,1,1,1,1,1,1,1,1,1,1,1,1,1,1,1,1,4),(0.0,0.04761904761905,0.0952380952381,0.1428571428571,0.1904761904762,0.2380952380952,0.2857142857143,0.3333333333333,0.3809523809524,0.4285714285714,0.4761904761905,0.5238095238095,0.5714285714286,0.6190476190476,0.6666666666667,0.7142857142857,0.7619047619048,0.8095238095238,0.8571428571429,0.9047619047619,0.952380952381,1.0),.UNSPECIFIED.);
#6704=B_SPLINE_CURVE_WITH_KNOTS('',3,(#9678,#9679,#9680,#9681,#9682,#9683,#9684,#9685,#9686,#9687,#9688,#9689,#9690,#9691,#9692,#9693,#9694,#9695,#9696,#9697,#9698,#9699,#9700,#9701),.UNSPECIFIED.,.F.,.F.,(4,1,1,1,1,1,1,1,1,1,1,1,1,1,1,1,1,1,1,1,1,4),(0.0,0.04761904761905,0.0952380952381,0.1428571428571,0.1904761904762,0.2380952380952,0.2857142857143,0.3333333333333,0.3809523809524,0.4285714285714,0.4761904761905,0.5238095238095,0.5714285714286,0.6190476190476,0.6666666666667,0.7142857142857,0.7619047619048,0.8095238095238,0.8571428571429,0.9047619047619,0.952380952381,1.0),.UNSPECIFIED.);
#6705=VERTEX_POINT('',#9702);
#6706=LINE('',#9703,#9704);
#6707=B_SPLINE_CURVE_WITH_KNOTS('',3,(#9705,#9706,#9707,#9708,#9709,#9710,#9711,#9712,#9713,#9714,#9715,#9716,#9717,#9718,#9719,#9720,#9721,#9722,#9723,#9724,#9725,#9726,#9727,#9728,#9729,#9730,#9731,#9732,#9733,#9734,#9735,#9736,#9737,#9738,#9739,#9740,#9741,#9742,#9743,#9744,#9745,#9746,#9747,#9748,#9749,#9750,#9751,#9752,#9753,#9754,#9755,#9756,#9757,#9758,#9759,#9760,#9761,#9762,#9763,#9764,#9765,#9766,#9767,#9768,#9769,#9770,#9771,#9772,#9773,#9774,#9775,#9776,#9777,#9778,#9779,#9780,#9781,#9782,#9783,#9784,#9785,#9786,#9787,#9788,#9789,#9790,#9791,#9792,#9793,#9794,#9795,#9796,#9797,#9798,#9799,#9800,#9801,#9802,#9803,#9804,#9805,#9806,#9807,#9808,#9809,#9810,#9811,#9812,#9813,#9814,#9815,#9816,#9817,#9818,#9819,#9820,#9821,#9822,#9823,#9824,#9825,#9826,#9827),.UNSPECIFIED.,.F.,.F.,(4,1,1,1,1,1,1,1,1,1,1,1,1,1,1,1,1,1,1,1,1,1,1,1,1,1,1,1,1,1,1,1,1,1,1,1,1,1,1,1,1,1,1,1,1,1,1,1,1,1,1,1,1,1,1,1,1,1,1,1,1,1,1,1,1,1,1,1,1,1,1,1,1,1,1,1,1,1,1,1,1,1,1,1,1,1,1,1,1,1,1,1,1,1,1,1,1,1,1,1,1,1,1,1,1,1,1,1,1,1,1,1,1,1,1,1,1,1,1,1,4),(0.0,0.008333333333333,0.01666666666667,0.025,0.03333333333333,0.04166666666667,0.05,0.05833333333333,0.06666666666667,0.075,0.08333333333333,0.09166666666667,0.1,0.1083333333333,0.1166666666667,0.125,0.1333333333333,0.1416666666667,0.15,0.1583333333333,0.1666666666667,0.175,0.1833333333333,0.1916666666667,0.2,0.2083333333333,0.2166666666667,0.225,0.2333333333333,0.2416666666667,0.25,0.2583333333333,0.2666666666667,0.275,0.2833333333333,0.2916666666667,0.3,0.3083333333333,0.3166666666667,0.325,0.3333333333333,0.3416666666667,0.35,0.3583333333333,0.3666666666667,0.375,0.3833333333333,0.3916666666667,0.4,0.4083333333333,0.4166666666667,0.425,0.4333333333333,0.4416666666667,0.45,0.4583333333333,0.4666666666667,0.475,0.4833333333333,0.4916666666667,0.5,0.5083333333333,0.5166666666667,0.525,0.5333333333333,0.5416666666667,0.55,0.5583333333333,0.5666666666667,0.575,0.5833333333333,0.5916666666667,0.6,0.6083333333333,0.6166666666667,0.625,0.6333333333333,0.6416666666667,0.65,0.6583333333333,0.6666666666667,0.675,0.6833333333333,0.6916666666667,0.7,0.7083333333333,0.7166666666667,0.725,0.7333333333333,0.7416666666667,0.75,0.7583333333333,0.7666666666667,0.775,0.7833333333333,0.7916666666667,0.8,0.8083333333333,0.8166666666667,0.825,0.8333333333333,0.8416666666667,0.85,0.8583333333333,0.8666666666667,0.875,0.8833333333333,0.8916666666667,0.9,0.9083333333333,0.9166666666667,0.925,0.9333333333333,0.9416666666667,0.95,0.9583333333333,0.9666666666667,0.975,0.9833333333333,0.9916666666667,1.0),.UNSPECIFIED.);
#6708=LINE('',#9828,#9829);
#6709=VERTEX_POINT('',#9830);
#6710=VERTEX_POINT('',#9831);
#6711=B_SPLINE_CURVE_WITH_KNOTS('',3,(#9832,#9833,#9834,#9835,#9836,#9837,#9838,#9839,#9840,#9841,#9842),.UNSPECIFIED.,.F.,.F.,(4,1,1,1,1,1,1,1,4),(0.0,0.125,0.25,0.375,0.5,0.625,0.75,0.875,1.0),.UNSPECIFIED.);
#6712=B_SPLINE_CURVE_WITH_KNOTS('',3,(#9843,#9844,#9845,#9846,#9847,#9848,#9849,#9850,#9851,#9852,#9853,#9854,#9855,#9856,#9857,#9858,#9859,#9860,#9861,#9862,#9863,#9864,#9865,#9866,#9867,#9868),.UNSPECIFIED.,.F.,.F.,(4,1,1,1,1,1,1,1,1,1,1,1,1,1,1,1,1,1,1,1,1,1,1,4),(0.0,0.04347826086957,0.08695652173913,0.1304347826087,0.1739130434783,0.2173913043478,0.2608695652174,0.304347826087,0.3478260869565,0.3913043478261,0.4347826086957,0.4782608695652,0.5217391304348,0.5652173913043,0.6086956521739,0.6521739130435,0.695652173913,0.7391304347826,0.7826086956522,0.8260869565217,0.8695652173913,0.9130434782609,0.9565217391304,1.0),.UNSPECIFIED.);
#6713=VERTEX_POINT('',#9869);
#6714=B_SPLINE_CURVE_WITH_KNOTS('',3,(#9870,#9871,#9872,#9873,#9874,#9875,#9876,#9877,#9878,#9879,#9880,#9881,#9882,#9883,#9884,#9885,#9886,#9887,#9888,#9889,#9890,#9891,#9892,#9893,#9894,#9895,#9896,#9897,#9898,#9899,#9900,#9901,#9902,#9903,#9904,#9905,#9906,#9907,#9908,#9909,#9910,#9911,#9912,#9913,#9914,#9915,#9916,#9917,#9918,#9919,#9920,#9921,#9922,#9923,#9924,#9925,#9926,#9927,#9928,#9929,#9930,#9931,#9932,#9933,#9934,#9935,#9936,#9937,#9938,#9939,#9940,#9941,#9942,#9943,#9944,#9945,#9946,#9947,#9948,#9949,#9950,#9951,#9952,#9953,#9954,#9955,#9956,#9957,#9958,#9959,#9960,#9961,#9962,#9963,#9964,#9965,#9966,#9967),.UNSPECIFIED.,.F.,.F.,(4,1,1,1,1,1,1,1,1,1,1,1,1,1,1,1,1,1,1,1,1,1,1,1,1,1,1,1,1,1,1,1,1,1,1,1,1,1,1,1,1,1,1,1,1,1,1,1,1,1,1,1,1,1,1,1,1,1,1,1,1,1,1,1,1,1,1,1,1,1,1,1,1,1,1,1,1,1,1,1,1,1,1,1,1,1,1,1,1,1,1,1,1,1,1,4),(0.0,0.01052631578947,0.02105263157895,0.03157894736842,0.04210526315789,0.05263157894737,0.06315789473684,0.07368421052632,0.08421052631579,0.09473684210526,0.1052631578947,0.1157894736842,0.1263157894737,0.1368421052632,0.1473684210526,0.1578947368421,0.1684210526316,0.1789473684211,0.1894736842105,0.2,0.2105263157895,0.2210526315789,0.2315789473684,0.2421052631579,0.2526315789474,0.2631578947368,0.2736842105263,0.2842105263158,0.2947368421053,0.3052631578947,0.3157894736842,0.3263157894737,0.3368421052632,0.3473684210526,0.3578947368421,0.3684210526316,0.3789473684211,0.3894736842105,0.4,0.4105263157895,0.4210526315789,0.4315789473684,0.4421052631579,0.4526315789474,0.4631578947368,0.4736842105263,0.4842105263158,0.4947368421053,0.5052631578947,0.5157894736842,0.5263157894737,0.5368421052632,0.5473684210526,0.5578947368421,0.5684210526316,0.5789473684211,0.5894736842105,0.6,0.6105263157895,0.6210526315789,0.6315789473684,0.6421052631579,0.6526315789474,0.6631578947368,0.6736842105263,0.6842105263158,0.6947368421053,0.7052631578947,0.7157894736842,0.7263157894737,0.7368421052632,0.7473684210526,0.7578947368421,0.7684210526316,0.7789473684211,0.7894736842105,0.8,0.8105263157895,0.8210526315789,0.8315789473684,0.8421052631579,0.8526315789474,0.8631578947368,0.8736842105263,0.8842105263158,0.8947368421053,0.9052631578947,0.9157894736842,0.9263157894737,0.9368421052632,0.9473684210526,0.9578947368421,0.9684210526316,0.9789473684211,0.9894736842105,1.0),.UNSPECIFIED.);
#6715=B_SPLINE_CURVE_WITH_KNOTS('',3,(#9968,#9969,#9970,#9971,#9972,#9973),.UNSPECIFIED.,.F.,.F.,(4,1,1,4),(0.0,0.3333333333333,0.6666666666667,1.0),.UNSPECIFIED.);
#6716=VERTEX_POINT('',#9974);
#6717=CIRCLE('',#9975,4.3815);
#6718=CIRCLE('',#9976,4.3815);
#6719=B_SPLINE_CURVE_WITH_KNOTS('',3,(#9977,#9978,#9979,#9980,#9981,#9982),.UNSPECIFIED.,.F.,.F.,(4,1,1,4),(0.0,0.3333333333333,0.6666666666667,1.0),.UNSPECIFIED.);
#6720=VERTEX_POINT('',#9983);
#6721=VERTEX_POINT('',#9984);
#6722=CIRCLE('',#9985,3.7084);
#6723=CIRCLE('',#9986,3.7084);
#6724=VERTEX_POINT('',#9987);
#6725=LINE('',#9988,#9989);
#6726=VERTEX_POINT('',#9990);
#6727=LINE('',#9991,#9992);
#6728=CIRCLE('',#9993,3.4544);
#6729=CIRCLE('',#9994,3.4544);
#6730=VERTEX_POINT('',#9995);
#6731=VERTEX_POINT('',#9996);
#6732=CIRCLE('',#9997,3.17119);
#6733=CIRCLE('',#9998,3.17119);
#6734=LINE('',#9999,#10000);
#6735=VERTEX_POINT('',#10001);
#6736=CIRCLE('',#10002,3.17119);
#6737=LINE('',#10003,#10004);
#6738=CIRCLE('',#10005,3.17119);
#6739=VERTEX_POINT('',#10006);
#6740=LINE('',#10007,#10008);
#6741=CIRCLE('',#10009,2.91719);
#6742=CIRCLE('',#10010,2.91719);
#6743=LINE('',#10011,#10012);
#6744=VERTEX_POINT('',#10013);
#6745=B_SPLINE_CURVE_WITH_KNOTS('',3,(#10014,#10015,#10016,#10017,#10018,#10019,#10020,#10021,#10022,#10023,#10024),.UNSPECIFIED.,.F.,.F.,(4,1,1,1,1,1,1,1,4),(0.0,0.125,0.25,0.375,0.5,0.625,0.75,0.875,1.0),.UNSPECIFIED.);
#6746=B_SPLINE_CURVE_WITH_KNOTS('',3,(#10025,#10026,#10027,#10028,#10029,#10030,#10031,#10032,#10033,#10034,#10035),.UNSPECIFIED.,.F.,.F.,(4,1,1,1,1,1,1,1,4),(0.0,0.125,0.25,0.375,0.5,0.625,0.75,0.875,1.0),.UNSPECIFIED.);
#6747=CIRCLE('',#10036,1.524);
#6748=CIRCLE('',#10037,1.524);
#6749=B_SPLINE_CURVE_WITH_KNOTS('',3,(#10038,#10039,#10040,#10041,#10042,#10043,#10044,#10045,#10046,#10047,#10048),.UNSPECIFIED.,.F.,.F.,(4,1,1,1,1,1,1,1,4),(0.0,0.125,0.25,0.375,0.5,0.625,0.75,0.875,1.0),.UNSPECIFIED.);
#6750=LINE('',#10049,#10050);
#6751=B_SPLINE_CURVE_WITH_KNOTS('',3,(#10051,#10052,#10053,#10054,#10055,#10056,#10057,#10058,#10059,#10060,#10061,#10062,#10063,#10064),.UNSPECIFIED.,.F.,.F.,(4,1,1,1,1,1,1,1,1,1,1,4),(0.0,0.09090909090909,0.1818181818182,0.2727272727273,0.3636363636364,0.4545454545455,0.5454545454545,0.6363636363636,0.7272727272727,0.8181818181818,0.9090909090909,1.0),.UNSPECIFIED.);
#6752=LINE('',#10065,#10066);
#6753=CIRCLE('',#10067,0.322059094877474);
#6754=B_SPLINE_CURVE_WITH_KNOTS('',3,(#10068,#10069,#10070,#10071,#10072,#10073,#10074,#10075,#10076,#10077,#10078,#10079,#10080,#10081),.UNSPECIFIED.,.F.,.F.,(4,1,1,1,1,1,1,1,1,1,1,4),(0.0,0.09090909090909,0.1818181818182,0.2727272727273,0.3636363636364,0.4545454545455,0.5454545454545,0.6363636363636,0.7272727272727,0.8181818181818,0.9090909090909,1.0),.UNSPECIFIED.);
#6755=CIRCLE('',#10082,1.524);
#6756=CIRCLE('',#10083,1.524);
#6757=LINE('',#10084,#10085);
#6758=B_SPLINE_CURVE_WITH_KNOTS('',3,(#10086,#10087,#10088,#10089,#10090,#10091,#10092,#10093,#10094,#10095,#10096,#10097,#10098,#10099),.UNSPECIFIED.,.F.,.F.,(4,1,1,1,1,1,1,1,1,1,1,4),(0.0,0.09090909090909,0.1818181818182,0.2727272727273,0.3636363636364,0.4545454545455,0.5454545454545,0.6363636363636,0.7272727272727,0.8181818181818,0.9090909090909,1.0),.UNSPECIFIED.);
#6759=CIRCLE('',#10100,0.322059094877474);
#6760=LINE('',#10101,#10102);
#6761=B_SPLINE_CURVE_WITH_KNOTS('',3,(#10103,#10104,#10105,#10106,#10107,#10108,#10109,#10110,#10111,#10112,#10113,#10114,#10115,#10116),.UNSPECIFIED.,.F.,.F.,(4,1,1,1,1,1,1,1,1,1,1,4),(0.0,0.09090909090909,0.1818181818182,0.2727272727273,0.3636363636364,0.4545454545455,0.5454545454545,0.6363636363636,0.7272727272727,0.8181818181818,0.9090909090909,1.0),.UNSPECIFIED.);
#6762=B_SPLINE_CURVE_WITH_KNOTS('',3,(#10117,#10118,#10119,#10120,#10121,#10122,#10123,#10124,#10125,#10126,#10127,#10128,#10129,#10130,#10131,#10132),.UNSPECIFIED.,.F.,.F.,(4,1,1,1,1,1,1,1,1,1,1,1,1,4),(0.0,0.07692307692308,0.1538461538462,0.2307692307692,0.3076923076923,0.3846153846154,0.4615384615385,0.5384615384615,0.6153846153846,0.6923076923077,0.7692307692308,0.8461538461538,0.9230769230769,1.0),.UNSPECIFIED.);
#6763=CIRCLE('',#10133,1.397);
#6764=CIRCLE('',#10134,1.524);
#6765=B_SPLINE_CURVE_WITH_KNOTS('',3,(#10135,#10136,#10137,#10138,#10139,#10140,#10141,#10142,#10143,#10144,#10145,#10146,#10147,#10148,#10149,#10150),.UNSPECIFIED.,.F.,.F.,(4,1,1,1,1,1,1,1,1,1,1,1,1,4),(0.0,0.07692307692308,0.1538461538462,0.2307692307692,0.3076923076923,0.3846153846154,0.4615384615385,0.5384615384615,0.6153846153846,0.6923076923077,0.7692307692308,0.8461538461538,0.9230769230769,1.0),.UNSPECIFIED.);
#6766=CIRCLE('',#10151,1.397);
#6767=VERTEX_POINT('',#10152);
#6768=LINE('',#10153,#10154);
#6769=VERTEX_POINT('',#10155);
#6770=LINE('',#10156,#10157);
#6771=CIRCLE('',#10158,0.7112);
#6772=VERTEX_POINT('',#10159);
#6773=LINE('',#10160,#10161);
#6774=VERTEX_POINT('',#10162);
#6775=CIRCLE('',#10163,0.322059094877474);
#6776=LINE('',#10164,#10165);
#6777=CIRCLE('',#10166,0.322059094877474);
#6778=CIRCLE('',#10167,0.7112);
#6779=VERTEX_POINT('',#10168);
#6780=LINE('',#10169,#10170);
#6781=VERTEX_POINT('',#10171);
#6782=LINE('',#10172,#10173);
#6783=CIRCLE('',#10174,0.7112);
#6784=VERTEX_POINT('',#10175);
#6785=LINE('',#10176,#10177);
#6786=VERTEX_POINT('',#10178);
#6787=CIRCLE('',#10179,0.322059094877474);
#6788=LINE('',#10180,#10181);
#6789=CIRCLE('',#10182,0.322059094877474);
#6790=CIRCLE('',#10183,0.7112);
#6791=VERTEX_POINT('',#10184);
#6792=LINE('',#10185,#10186);
#6793=VERTEX_POINT('',#10187);
#6794=CIRCLE('',#10188,0.6477);
#6795=LINE('',#10189,#10190);
#6796=CIRCLE('',#10191,0.6477);
#6797=VERTEX_POINT('',#10192);
#6798=LINE('',#10193,#10194);
#6799=VERTEX_POINT('',#10195);
#6800=CIRCLE('',#10196,0.6477);
#6801=LINE('',#10197,#10198);
#6802=CIRCLE('',#10199,0.6477);
#6803=VERTEX_POINT('',#10200);
#6804=LINE('',#10201,#10202);
#6805=VERTEX_POINT('',#10203);
#6806=CIRCLE('',#10204,0.6477);
#6807=LINE('',#10205,#10206);
#6808=CIRCLE('',#10207,0.6477);
#6809=VERTEX_POINT('',#10208);
#6810=LINE('',#10209,#10210);
#6811=VERTEX_POINT('',#10211);
#6812=CIRCLE('',#10212,0.6477);
#6813=LINE('',#10213,#10214);
#6814=CIRCLE('',#10215,0.6477);
#6815=LINE('',#10216,#10217);
#6816=VERTEX_POINT('',#10218);
#6817=LINE('',#10219,#10220);
#6818=VERTEX_POINT('',#10221);
#6819=LINE('',#10222,#10223);
#6820=LINE('',#10224,#10225);
#6821=VERTEX_POINT('',#10226);
#6822=LINE('',#10227,#10228);
#6823=LINE('',#10229,#10230);
#6824=VERTEX_POINT('',#10231);
#6825=LINE('',#10232,#10233);
#6826=LINE('',#10234,#10235);
#6827=LINE('',#10236,#10237);
#6828=LINE('',#10238,#10239);
#6829=LINE('',#10240,#10241);
#6830=VERTEX_POINT('',#10242);
#6831=LINE('',#10243,#10244);
#6832=VERTEX_POINT('',#10245);
#6833=LINE('',#10246,#10247);
#6834=LINE('',#10248,#10249);
#6835=VERTEX_POINT('',#10250);
#6836=VERTEX_POINT('',#10251);
#6837=LINE('',#10252,#10253);
#6838=VERTEX_POINT('',#10254);
#6839=LINE('',#10255,#10256);
#6840=VERTEX_POINT('',#10257);
#6841=LINE('',#10258,#10259);
#6842=LINE('',#10260,#10261);
#6843=VERTEX_POINT('',#10262);
#6844=LINE('',#10263,#10264);
#6845=VERTEX_POINT('',#10265);
#6846=LINE('',#10266,#10267);
#6847=LINE('',#10268,#10269);
#6848=VERTEX_POINT('',#10270);
#6849=VERTEX_POINT('',#10271);
#6850=LINE('',#10272,#10273);
#6851=VERTEX_POINT('',#10274);
#6852=LINE('',#10275,#10276);
#6853=VERTEX_POINT('',#10277);
#6854=LINE('',#10278,#10279);
#6855=LINE('',#10280,#10281);
#6856=VERTEX_POINT('',#10282);
#6857=VERTEX_POINT('',#10283);
#6858=LINE('',#10284,#10285);
#6859=VERTEX_POINT('',#10286);
#6860=LINE('',#10287,#10288);
#6861=VERTEX_POINT('',#10289);
#6862=LINE('',#10290,#10291);
#6863=LINE('',#10292,#10293);
#6864=VERTEX_POINT('',#10294);
#6865=VERTEX_POINT('',#10295);
#6866=LINE('',#10296,#10297);
#6867=VERTEX_POINT('',#10298);
#6868=LINE('',#10299,#10300);
#6869=VERTEX_POINT('',#10301);
#6870=LINE('',#10302,#10303);
#6871=LINE('',#10304,#10305);
#6872=LINE('',#10306,#10307);
#6873=LINE('',#10308,#10309);
#6874=LINE('',#10310,#10311);
#6875=LINE('',#10312,#10313);
#6876=LINE('',#10314,#10315);
#6877=LINE('',#10316,#10317);
#6878=LINE('',#10318,#10319);
#6879=VERTEX_POINT('',#10320);
#6880=LINE('',#10321,#10322);
#6881=LINE('',#10323,#10324);
#6882=VERTEX_POINT('',#10325);
#6883=LINE('',#10326,#10327);
#6884=LINE('',#10328,#10329);
#6885=LINE('',#10330,#10331);
#6886=LINE('',#10332,#10333);
#6887=LINE('',#10334,#10335);
#6888=LINE('',#10336,#10337);
#6889=LINE('',#10338,#10339);
#6890=LINE('',#10340,#10341);
#6891=LINE('',#10342,#10343);
#6892=VERTEX_POINT('',#10344);
#6893=LINE('',#10345,#10346);
#6894=VERTEX_POINT('',#10347);
#6895=LINE('',#10348,#10349);
#6896=LINE('',#10350,#10351);
#6897=VERTEX_POINT('',#10352);
#6898=LINE('',#10353,#10354);
#6899=LINE('',#10355,#10356);
#6900=VERTEX_POINT('',#10357);
#6901=LINE('',#10358,#10359);
#6902=LINE('',#10360,#10361);
#6903=LINE('',#10362,#10363);
#6904=LINE('',#10364,#10365);
#6905=LINE('',#10366,#10367);
#6906=LINE('',#10368,#10369);
#6907=LINE('',#10370,#10371);
#6908=LINE('',#10372,#10373);
#6909=LINE('',#10374,#10375);
#6910=LINE('',#10376,#10377);
#6911=VERTEX_POINT('',#10378);
#6912=LINE('',#10379,#10380);
#6913=VERTEX_POINT('',#10381);
#6914=LINE('',#10382,#10383);
#6915=LINE('',#10384,#10385);
#6916=VERTEX_POINT('',#10386);
#6917=LINE('',#10387,#10388);
#6918=LINE('',#10389,#10390);
#6919=VERTEX_POINT('',#10391);
#6920=LINE('',#10392,#10393);
#6921=LINE('',#10394,#10395);
#6922=LINE('',#10396,#10397);
#6923=LINE('',#10398,#10399);
#6924=LINE('',#10400,#10401);
#6925=LINE('',#10402,#10403);
#6926=LINE('',#10404,#10405);
#6927=LINE('',#10406,#10407);
#6928=LINE('',#10408,#10409);
#6929=LINE('',#10410,#10411);
#6930=EDGE_CURVE('',#10412,#10413,#10414,.T.);
#6931=EDGE_CURVE('',#10415,#10413,#10416,.T.);
#6932=EDGE_CURVE('',#10417,#10415,#10418,.T.);
#6933=EDGE_CURVE('',#10417,#10412,#10419,.T.);
#6934=EDGE_CURVE('',#10413,#10412,#10420,.T.);
#6935=EDGE_CURVE('',#10421,#10422,#10423,.T.);
#6936=EDGE_CURVE('',#10422,#10421,#10424,.T.);
#6937=EDGE_CURVE('',#10415,#10417,#10425,.T.);
#6938=EDGE_CURVE('',#10426,#10427,#10428,.T.);
#6939=EDGE_CURVE('',#10426,#10427,#10429,.T.);
#6940=EDGE_CURVE('',#10422,#10427,#10430,.T.);
#6941=EDGE_CURVE('',#10421,#10426,#10431,.T.);
#6942=EDGE_CURVE('',#10432,#10433,#10434,.T.);
#6943=EDGE_CURVE('',#10433,#10435,#10436,.T.);
#6944=EDGE_CURVE('',#10432,#10435,#10437,.T.);
#6945=EDGE_CURVE('',#10438,#10439,#10440,.T.);
#6946=EDGE_CURVE('',#10438,#10433,#10441,.T.);
#6947=EDGE_CURVE('',#10439,#10432,#10442,.T.);
#6948=EDGE_CURVE('',#10443,#10444,#10445,.T.);
#6949=EDGE_CURVE('',#10446,#10444,#10447,.T.);
#6950=EDGE_CURVE('',#10443,#10446,#10448,.T.);
#6951=EDGE_CURVE('',#10449,#10450,#10451,.T.);
#6952=EDGE_CURVE('',#10444,#10449,#10452,.T.);
#6953=EDGE_CURVE('',#10450,#10443,#10453,.T.);
#6954=EDGE_CURVE('',#10432,#10439,#10454,.T.);
#6955=EDGE_CURVE('',#10435,#10450,#10455,.T.);
#6956=EDGE_CURVE('',#10439,#10446,#10456,.T.);
#6957=EDGE_CURVE('',#10444,#10449,#10457,.T.);
#6958=EDGE_CURVE('',#10435,#10449,#10458,.T.);
#6959=EDGE_CURVE('',#10446,#10438,#10459,.T.);
#6960=EDGE_CURVE('',#10460,#10461,#10462,.T.);
#6961=EDGE_CURVE('',#10463,#10461,#10464,.T.);
#6962=EDGE_CURVE('',#10463,#10465,#10466,.T.);
#6963=EDGE_CURVE('',#10467,#10465,#10468,.T.);
#6964=EDGE_CURVE('',#10469,#10467,#10470,.T.);
#6965=EDGE_CURVE('',#10471,#10469,#10472,.T.);
#6966=EDGE_CURVE('',#10473,#10471,#10474,.T.);
#6967=EDGE_CURVE('',#10475,#10473,#10476,.T.);
#6968=EDGE_CURVE('',#10477,#10475,#10478,.T.);
#6969=EDGE_CURVE('',#10460,#10477,#10479,.T.);
#6970=EDGE_CURVE('',#10460,#10480,#10481,.T.);
#6971=EDGE_CURVE('',#10482,#10480,#10483,.T.);
#6972=EDGE_CURVE('',#10461,#10482,#10484,.T.);
#6973=EDGE_CURVE('',#10477,#10485,#10486,.T.);
#6974=EDGE_CURVE('',#10480,#10485,#10487,.T.);
#6975=EDGE_CURVE('',#10475,#10488,#10489,.T.);
#6976=EDGE_CURVE('',#10485,#10488,#10490,.T.);
#6977=EDGE_CURVE('',#10491,#10473,#10492,.T.);
#6978=EDGE_CURVE('',#10488,#10491,#10493,.T.);
#6979=EDGE_CURVE('',#10471,#10494,#10495,.T.);
#6980=EDGE_CURVE('',#10494,#10491,#10496,.T.);
#6981=EDGE_CURVE('',#10469,#10497,#10498,.T.);
#6982=EDGE_CURVE('',#10494,#10497,#10499,.T.);
#6983=EDGE_CURVE('',#10467,#10500,#10501,.T.);
#6984=EDGE_CURVE('',#10497,#10500,#10502,.T.);
#6985=EDGE_CURVE('',#10465,#10503,#10504,.T.);
#6986=EDGE_CURVE('',#10500,#10503,#10505,.T.);
#6987=EDGE_CURVE('',#10463,#10506,#10507,.T.);
#6988=EDGE_CURVE('',#10503,#10506,#10508,.T.);
#6989=EDGE_CURVE('',#10506,#10482,#10509,.T.);
#6990=EDGE_CURVE('',#10510,#10511,#10512,.T.);
#6991=EDGE_CURVE('',#10513,#10511,#10514,.T.);
#6992=EDGE_CURVE('',#10515,#10513,#10516,.T.);
#6993=EDGE_CURVE('',#10515,#10510,#10517,.T.);
#6994=EDGE_CURVE('',#10511,#10510,#10518,.T.);
#6995=EDGE_CURVE('',#10519,#10520,#10521,.T.);
#6996=EDGE_CURVE('',#10520,#10519,#10522,.T.);
#6997=EDGE_CURVE('',#10513,#10515,#10523,.T.);
#6998=EDGE_CURVE('',#10524,#10525,#10526,.T.);
#6999=EDGE_CURVE('',#10524,#10525,#10527,.T.);
#7000=EDGE_CURVE('',#10520,#10525,#10528,.T.);
#7001=EDGE_CURVE('',#10519,#10524,#10529,.T.);
#7002=EDGE_CURVE('',#10530,#10531,#10532,.T.);
#7003=EDGE_CURVE('',#10531,#10533,#10534,.T.);
#7004=EDGE_CURVE('',#10530,#10533,#10535,.T.);
#7005=EDGE_CURVE('',#10536,#10537,#10538,.T.);
#7006=EDGE_CURVE('',#10536,#10531,#10539,.T.);
#7007=EDGE_CURVE('',#10537,#10530,#10540,.T.);
#7008=EDGE_CURVE('',#10541,#10542,#10543,.T.);
#7009=EDGE_CURVE('',#10544,#10542,#10545,.T.);
#7010=EDGE_CURVE('',#10541,#10544,#10546,.T.);
#7011=EDGE_CURVE('',#10547,#10548,#10549,.T.);
#7012=EDGE_CURVE('',#10542,#10547,#10550,.T.);
#7013=EDGE_CURVE('',#10548,#10541,#10551,.T.);
#7014=EDGE_CURVE('',#10530,#10537,#10552,.T.);
#7015=EDGE_CURVE('',#10533,#10548,#10553,.T.);
#7016=EDGE_CURVE('',#10537,#10544,#10554,.T.);
#7017=EDGE_CURVE('',#10542,#10547,#10555,.T.);
#7018=EDGE_CURVE('',#10533,#10547,#10556,.T.);
#7019=EDGE_CURVE('',#10544,#10536,#10557,.T.);
#7020=EDGE_CURVE('',#10558,#10559,#10560,.T.);
#7021=EDGE_CURVE('',#10561,#10559,#10562,.T.);
#7022=EDGE_CURVE('',#10563,#10561,#10564,.T.);
#7023=EDGE_CURVE('',#10563,#10558,#10565,.T.);
#7024=EDGE_CURVE('',#10559,#10558,#10566,.T.);
#7025=EDGE_CURVE('',#10567,#10568,#10569,.T.);
#7026=EDGE_CURVE('',#10568,#10567,#10570,.T.);
#7027=EDGE_CURVE('',#10561,#10563,#10571,.T.);
#7028=EDGE_CURVE('',#10572,#10573,#10574,.T.);
#7029=EDGE_CURVE('',#10572,#10573,#10575,.T.);
#7030=EDGE_CURVE('',#10568,#10573,#10576,.T.);
#7031=EDGE_CURVE('',#10567,#10572,#10577,.T.);
#7032=EDGE_CURVE('',#10578,#10579,#10580,.T.);
#7033=EDGE_CURVE('',#10578,#10581,#10582,.T.);
#7034=EDGE_CURVE('',#10581,#10583,#10584,.T.);
#7035=EDGE_CURVE('',#10579,#10583,#10585,.T.);
#7036=EDGE_CURVE('',#10579,#10578,#10586,.T.);
#7037=EDGE_CURVE('',#10587,#10588,#10589,.T.);
#7038=EDGE_CURVE('',#10587,#10588,#10590,.T.);
#7039=EDGE_CURVE('',#10581,#10588,#10591,.T.);
#7040=EDGE_CURVE('',#10583,#10587,#10592,.T.);
#7041=EDGE_CURVE('',#10583,#10581,#10593,.T.);
#7042=EDGE_CURVE('',#10594,#10595,#10596,.T.);
#7043=EDGE_CURVE('',#10597,#10595,#10598,.T.);
#7044=EDGE_CURVE('',#10599,#10597,#10600,.T.);
#7045=EDGE_CURVE('',#10599,#10594,#10601,.T.);
#7046=EDGE_CURVE('',#10595,#10594,#10602,.T.);
#7047=EDGE_CURVE('',#10603,#10604,#10605,.T.);
#7048=EDGE_CURVE('',#10604,#10603,#10606,.T.);
#7049=EDGE_CURVE('',#10597,#10599,#10607,.T.);
#7050=EDGE_CURVE('',#10608,#10609,#10610,.T.);
#7051=EDGE_CURVE('',#10608,#10609,#10611,.T.);
#7052=EDGE_CURVE('',#10604,#10609,#10612,.T.);
#7053=EDGE_CURVE('',#10603,#10608,#10613,.T.);
#7054=EDGE_CURVE('',#10614,#10615,#10616,.T.);
#7055=EDGE_CURVE('',#10614,#10617,#10618,.T.);
#7056=EDGE_CURVE('',#10617,#10619,#10620,.T.);
#7057=EDGE_CURVE('',#10615,#10619,#10621,.T.);
#7058=EDGE_CURVE('',#10615,#10614,#10622,.T.);
#7059=EDGE_CURVE('',#10623,#10624,#10625,.T.);
#7060=EDGE_CURVE('',#10623,#10624,#10626,.T.);
#7061=EDGE_CURVE('',#10617,#10624,#10627,.T.);
#7062=EDGE_CURVE('',#10619,#10623,#10628,.T.);
#7063=EDGE_CURVE('',#10619,#10617,#10629,.T.);
#7064=EDGE_CURVE('',#10630,#10631,#10632,.T.);
#7065=EDGE_CURVE('',#10633,#10630,#10634,.T.);
#7066=EDGE_CURVE('',#10633,#10635,#10636,.T.);
#7067=EDGE_CURVE('',#10635,#10631,#10637,.T.);
#7068=EDGE_CURVE('',#10631,#10638,#10639,.T.);
#7069=EDGE_CURVE('',#10640,#10638,#10641,.T.);
#7070=EDGE_CURVE('',#10630,#10640,#10642,.T.);
#7071=EDGE_CURVE('',#10633,#10640,#10643,.T.);
#7072=EDGE_CURVE('',#10635,#10638,#10644,.T.);
#7073=EDGE_CURVE('',#10645,#10646,#10647,.T.);
#7074=EDGE_CURVE('',#10645,#10648,#10649,.T.);
#7075=EDGE_CURVE('',#10650,#10648,#10651,.T.);
#7076=EDGE_CURVE('',#10646,#10650,#10652,.T.);
#7077=EDGE_CURVE('',#10653,#10646,#10654,.T.);
#7078=EDGE_CURVE('',#10653,#10650,#10655,.T.);
#7079=EDGE_CURVE('',#10653,#10656,#10657,.T.);
#7080=EDGE_CURVE('',#10656,#10645,#10658,.T.);
#7081=EDGE_CURVE('',#10656,#10648,#10659,.T.);
#7082=EDGE_CURVE('',#10660,#10661,#10662,.T.);
#7083=EDGE_CURVE('',#10661,#10660,#10663,.T.);
#7084=EDGE_CURVE('',#10664,#10665,#10666,.T.);
#7085=EDGE_CURVE('',#10665,#10664,#10667,.T.);
#7086=EDGE_CURVE('',#10660,#10668,#10669,.T.);
#7087=EDGE_CURVE('',#10668,#10670,#10671,.T.);
#7088=EDGE_CURVE('',#10661,#10670,#10672,.T.);
#7089=EDGE_CURVE('',#10670,#10668,#10673,.T.);
#7090=EDGE_CURVE('',#10674,#10675,#10676,.T.);
#7091=EDGE_CURVE('',#10675,#10674,#10677,.T.);
#7092=EDGE_CURVE('',#10674,#10678,#10679,.T.);
#7093=EDGE_CURVE('',#10678,#10680,#10681,.T.);
#7094=EDGE_CURVE('',#10675,#10680,#10682,.T.);
#7095=EDGE_CURVE('',#10680,#10678,#10683,.T.);
#7096=EDGE_CURVE('',#10684,#10685,#10686,.T.);
#7097=EDGE_CURVE('',#10685,#10684,#10687,.T.);
#7098=EDGE_CURVE('',#10664,#10684,#10688,.T.);
#7099=EDGE_CURVE('',#10665,#10685,#10689,.T.);
#7100=EDGE_CURVE('',#10690,#10691,#10692,.T.);
#7101=EDGE_CURVE('',#10691,#10690,#10693,.T.);
#7102=EDGE_CURVE('',#10694,#10695,#10696,.T.);
#7103=EDGE_CURVE('',#10694,#10690,#10697,.T.);
#7104=EDGE_CURVE('',#10695,#10691,#10698,.T.);
#7105=EDGE_CURVE('',#10695,#10694,#10699,.T.);
#7106=CARTESIAN_POINT('',(4.635,-15.367,-9.55999999999986));
#7107=CARTESIAN_POINT('',(4.635,-14.224,-9.55999999999986));
#7108=CARTESIAN_POINT('',(4.635,-14.7955,-9.55999999999986));
#7109=VECTOR('',#10700,1.0);
#7110=CARTESIAN_POINT('',(4.7625,-14.224,-9.24820078576108));
#7111=AXIS2_PLACEMENT_3D('',#10701,#10702,#10703);
#7112=CARTESIAN_POINT('',(4.7625,-15.367,-9.24820078576108));
#7113=CARTESIAN_POINT('',(4.7625,-15.367,-9.24820078576108));
#7114=VECTOR('',#10704,1.143);
#7115=AXIS2_PLACEMENT_3D('',#10705,#10706,#10707);
#7116=CARTESIAN_POINT('',(5.525,-14.224,-9.55999999999986));
#7117=CARTESIAN_POINT('',(5.525,-15.367,-9.55999999999986));
#7118=CARTESIAN_POINT('',(5.525,-14.7955,-9.55999999999986));
#7119=VECTOR('',#10708,1.0);
#7120=AXIS2_PLACEMENT_3D('',#10709,#10710,#10711);
#7121=AXIS2_PLACEMENT_3D('',#10712,#10713,#10714);
#7122=CARTESIAN_POINT('',(2.095,-15.367,-9.55999999999986));
#7123=CARTESIAN_POINT('',(2.095,-14.224,-9.55999999999986));
#7124=CARTESIAN_POINT('',(2.095,-14.7955,-9.55999999999986));
#7125=VECTOR('',#10715,1.0);
#7126=CARTESIAN_POINT('',(2.2225,-14.224,-9.24820078576108));
#7127=AXIS2_PLACEMENT_3D('',#10716,#10717,#10718);
#7128=CARTESIAN_POINT('',(2.2225,-15.367,-9.24820078576108));
#7129=CARTESIAN_POINT('',(2.2225,-15.367,-9.24820078576108));
#7130=VECTOR('',#10719,1.143);
#7131=AXIS2_PLACEMENT_3D('',#10720,#10721,#10722);
#7132=CARTESIAN_POINT('',(2.985,-14.224,-9.55999999999986));
#7133=CARTESIAN_POINT('',(2.985,-15.367,-9.55999999999986));
#7134=CARTESIAN_POINT('',(2.985,-14.7955,-9.55999999999986));
#7135=VECTOR('',#10723,1.0);
#7136=AXIS2_PLACEMENT_3D('',#10724,#10725,#10726);
#7137=AXIS2_PLACEMENT_3D('',#10727,#10728,#10729);
#7138=CARTESIAN_POINT('',(-5.525,-15.367,-9.55999999999986));
#7139=CARTESIAN_POINT('',(-5.525,-14.224,-9.55999999999986));
#7140=CARTESIAN_POINT('',(-5.525,-14.7955,-9.55999999999986));
#7141=VECTOR('',#10730,1.0);
#7142=CARTESIAN_POINT('',(-5.3975,-14.224,-9.24820078576108));
#7143=AXIS2_PLACEMENT_3D('',#10731,#10732,#10733);
#7144=CARTESIAN_POINT('',(-5.3975,-15.367,-9.24820078576108));
#7145=CARTESIAN_POINT('',(-5.3975,-15.367,-9.24820078576108));
#7146=VECTOR('',#10734,1.143);
#7147=AXIS2_PLACEMENT_3D('',#10735,#10736,#10737);
#7148=CARTESIAN_POINT('',(-4.635,-14.224,-9.55999999999986));
#7149=CARTESIAN_POINT('',(-4.635,-15.367,-9.55999999999986));
#7150=CARTESIAN_POINT('',(-4.635,-14.7955,-9.55999999999986));
#7151=VECTOR('',#10738,1.0);
#7152=AXIS2_PLACEMENT_3D('',#10739,#10740,#10741);
#7153=AXIS2_PLACEMENT_3D('',#10742,#10743,#10744);
#7154=CARTESIAN_POINT('',(-2.985,-15.367,-9.55999999999986));
#7155=CARTESIAN_POINT('',(-2.985,-14.224,-9.55999999999986));
#7156=CARTESIAN_POINT('',(-2.985,-14.7955,-9.55999999999986));
#7157=VECTOR('',#10745,1.0);
#7158=CARTESIAN_POINT('',(-2.8575,-14.224,-9.24820078576108));
#7159=AXIS2_PLACEMENT_3D('',#10746,#10747,#10748);
#7160=CARTESIAN_POINT('',(-2.8575,-15.367,-9.24820078576108));
#7161=CARTESIAN_POINT('',(-2.8575,-15.367,-9.24820078576108));
#7162=VECTOR('',#10749,1.143);
#7163=AXIS2_PLACEMENT_3D('',#10750,#10751,#10752);
#7164=CARTESIAN_POINT('',(-2.095,-14.224,-9.55999999999986));
#7165=CARTESIAN_POINT('',(-2.095,-15.367,-9.55999999999986));
#7166=CARTESIAN_POINT('',(-2.095,-14.7955,-9.55999999999986));
#7167=VECTOR('',#10753,1.0);
#7168=AXIS2_PLACEMENT_3D('',#10754,#10755,#10756);
#7169=AXIS2_PLACEMENT_3D('',#10757,#10758,#10759);
#7170=CARTESIAN_POINT('',(7.06118875131711,2.29600766431539,7.869999999999));
#7171=CARTESIAN_POINT('',(6.67205909487722,2.97000000000082,7.869999999999));
#7172=CARTESIAN_POINT('',(6.86662392309731,2.63300383215808,7.869999999999));
#7173=VECTOR('',#10760,1.0);
#7174=CARTESIAN_POINT('',(7.06119437565768,2.29598818117854,7.8719999999995));
#7175=CARTESIAN_POINT('',(7.06119437565768,2.29598818117854,7.8719999999995));
#7176=VECTOR('',#10761,0.778281567724328);
#7177=CARTESIAN_POINT('',(5.63880562434232,2.29598818117854,7.8719999999995));
#7178=CARTESIAN_POINT('',(5.63880562434232,2.29598818117854,7.80253090527528));
#7179=CARTESIAN_POINT('',(5.65945751781366,2.29829331872294,7.66772610126592));
#7180=CARTESIAN_POINT('',(5.74492687827922,2.29970782832902,7.4820931165052));
#7181=CARTESIAN_POINT('',(5.87935163809058,2.30132139605514,7.3279934625766));
#7182=CARTESIAN_POINT('',(6.05155625691916,2.30237152232623,7.21781528055342));
#7183=CARTESIAN_POINT('',(6.247784648932,2.30294088143237,7.16042004321052));
#7184=CARTESIAN_POINT('',(6.45222648431472,2.30294086491475,7.16042172882056));
#7185=CARTESIAN_POINT('',(6.6484522482683,2.30237148182568,7.21781941644812));
#7186=CARTESIAN_POINT('',(6.82065301242336,2.30132135277278,7.3279978854659));
#7187=CARTESIAN_POINT('',(6.95507458628478,2.29970780100573,7.48209591839698));
#7188=CARTESIAN_POINT('',(7.04054248707838,2.29829331269806,7.66772670193528));
#7189=CARTESIAN_POINT('',(7.06119437565768,2.29598818117854,7.80253094342608));
#7190=CARTESIAN_POINT('',(7.06119437565768,2.29598818117854,7.8719999999995));
#7191=CARTESIAN_POINT('',(6.02794090512278,2.97000000000082,7.869999999999));
#7192=CARTESIAN_POINT('',(5.63881124868289,2.29600766431539,7.869999999999));
#7193=CARTESIAN_POINT('',(5.83337607690269,2.63300383215808,7.869999999999));
#7194=VECTOR('',#10762,1.0);
#7195=AXIS2_PLACEMENT_3D('',#10763,#10764,#10765);
#7196=CARTESIAN_POINT('',(5.63880562434232,2.29598818117854,7.8719999999995));
#7197=CARTESIAN_POINT('',(5.63880562434232,2.29598818117854,7.80253090527528));
#7198=CARTESIAN_POINT('',(5.65945751781366,2.29829331872294,7.66772610126592));
#7199=CARTESIAN_POINT('',(5.74492687827922,2.29970782832902,7.4820931165052));
#7200=CARTESIAN_POINT('',(5.87935163809058,2.30132139605514,7.3279934625766));
#7201=CARTESIAN_POINT('',(6.05155625691916,2.30237152232623,7.21781528055342));
#7202=CARTESIAN_POINT('',(6.247784648932,2.30294088143237,7.16042004321052));
#7203=CARTESIAN_POINT('',(6.45222648431472,2.30294086491475,7.16042172882056));
#7204=CARTESIAN_POINT('',(6.6484522482683,2.30237148182568,7.21781941644812));
#7205=CARTESIAN_POINT('',(6.82065301242336,2.30132135277278,7.3279978854659));
#7206=CARTESIAN_POINT('',(6.95507458628478,2.29970780100573,7.48209591839698));
#7207=CARTESIAN_POINT('',(7.04054248707838,2.29829331269806,7.66772670193528));
#7208=CARTESIAN_POINT('',(7.06119437565768,2.29598818117854,7.80253094342608));
#7209=CARTESIAN_POINT('',(7.06119437565768,2.29598818117854,7.8719999999995));
#7210=CARTESIAN_POINT('',(5.6388,2.9972,7.874));
#7211=CARTESIAN_POINT('',(5.6388,2.29596869804133,7.874));
#7212=CARTESIAN_POINT('',(5.6388,2.9972,7.874));
#7213=VECTOR('',#10766,1.0);
#7214=CARTESIAN_POINT('',(5.63880562434232,2.29598818117854,7.8719999999995));
#7215=CARTESIAN_POINT('',(7.06119437565768,2.29598818117854,7.8719999999995));
#7216=CARTESIAN_POINT('',(7.06119437565768,2.29598818117854,7.93971141811716));
#7217=CARTESIAN_POINT('',(7.04173293412344,2.29367601087833,8.0780416417889));
#7218=CARTESIAN_POINT('',(6.95648230105634,2.29226161721715,8.2635279077727));
#7219=CARTESIAN_POINT('',(6.8221016885227,2.29064960829436,8.41892095810866));
#7220=CARTESIAN_POINT('',(6.64947556370452,2.28960271708157,8.52977232439634));
#7221=CARTESIAN_POINT('',(6.4525913866634,2.28903556551966,8.58760044555724));
#7222=CARTESIAN_POINT('',(6.2473974595362,2.28903558192578,8.58759875176332));
#7223=CARTESIAN_POINT('',(6.05051590250762,2.28960275742617,8.52976816066578));
#7224=CARTESIAN_POINT('',(5.87789363107772,2.29064965167706,8.41891648718034));
#7225=CARTESIAN_POINT('',(5.74351622177872,2.29226164484194,8.26352505897982));
#7226=CARTESIAN_POINT('',(5.65826706315114,2.29367601705535,8.0780410271851));
#7227=CARTESIAN_POINT('',(5.63880562434232,2.29598818117854,7.93971137597856));
#7228=CARTESIAN_POINT('',(5.63880562434232,2.29598818117854,7.8719999999995));
#7229=CARTESIAN_POINT('',(5.6388,2.9972,7.874));
#7230=VECTOR('',#10767,0.701214671043342);
#7231=CARTESIAN_POINT('',(7.0612,2.29596869804133,7.874));
#7232=CARTESIAN_POINT('',(7.0612,2.85271466465578,7.874));
#7233=CARTESIAN_POINT('',(7.0612,2.9972,7.874));
#7234=VECTOR('',#10768,1.0);
#7235=CARTESIAN_POINT('',(7.06119437565768,2.29598818117854,7.8719999999995));
#7236=CARTESIAN_POINT('',(7.06119437565768,2.29598818117854,7.93971141811716));
#7237=CARTESIAN_POINT('',(7.04173293412344,2.29367601087833,8.0780416417889));
#7238=CARTESIAN_POINT('',(6.95648230105634,2.29226161721715,8.2635279077727));
#7239=CARTESIAN_POINT('',(6.8221016885227,2.29064960829436,8.41892095810866));
#7240=CARTESIAN_POINT('',(6.64947556370452,2.28960271708157,8.52977232439634));
#7241=CARTESIAN_POINT('',(6.4525913866634,2.28903556551966,8.58760044555724));
#7242=CARTESIAN_POINT('',(6.2473974595362,2.28903558192578,8.58759875176332));
#7243=CARTESIAN_POINT('',(6.05051590250762,2.28960275742617,8.52976816066578));
#7244=CARTESIAN_POINT('',(5.87789363107772,2.29064965167706,8.41891648718034));
#7245=CARTESIAN_POINT('',(5.74351622177872,2.29226164484194,8.26352505897982));
#7246=CARTESIAN_POINT('',(5.65826706315114,2.29367601705535,8.0780410271851));
#7247=CARTESIAN_POINT('',(5.63880562434232,2.29598818117854,7.93971137597856));
#7248=CARTESIAN_POINT('',(5.63880562434232,2.29598818117854,7.8719999999995));
#7249=CARTESIAN_POINT('',(5.65023115245134,2.9972,8.001));
#7250=AXIS2_PLACEMENT_3D('',#10769,#10770,#10771);
#7251=CARTESIAN_POINT('',(6.4135,2.88195729796618,8.58235950618392));
#7252=CARTESIAN_POINT('',(6.4135,2.88195729796618,8.58235950618392));
#7253=CARTESIAN_POINT('',(6.36740006014774,2.88025188736888,8.58649207750474));
#7254=CARTESIAN_POINT('',(6.27747656212108,2.88054444103066,8.58580635255412));
#7255=CARTESIAN_POINT('',(6.14459821172134,2.89152047118422,8.55910054326582));
#7256=CARTESIAN_POINT('',(6.02918675536412,2.9092185688639,8.51237912364052));
#7257=CARTESIAN_POINT('',(5.93209080551018,2.9291631428177,8.4529750961496));
#7258=CARTESIAN_POINT('',(5.84915546403296,2.94930332861294,8.3827362416822));
#7259=CARTESIAN_POINT('',(5.77826060846456,2.96813648730672,8.30159055424822));
#7260=CARTESIAN_POINT('',(5.71947844415968,2.98399278362556,8.20912533916632));
#7261=CARTESIAN_POINT('',(5.67533243542114,2.99464402465984,8.10777097056736));
#7262=CARTESIAN_POINT('',(5.65680030144408,2.9972,8.03719595133668));
#7263=CARTESIAN_POINT('',(5.65023115245134,2.9972,8.001));
#7264=CARTESIAN_POINT('',(7.04976884754866,2.85802415982544,8.001));
#7265=CARTESIAN_POINT('',(7.04976884754866,2.85802415982544,8.001));
#7266=CARTESIAN_POINT('',(7.03887328394994,2.86303021611506,8.06103445656788));
#7267=CARTESIAN_POINT('',(7.00156277473062,2.87202283660324,8.17834240006176));
#7268=CARTESIAN_POINT('',(6.90235984225804,2.8816399351846,8.33433999110126));
#7269=CARTESIAN_POINT('',(6.76693264398674,2.88688153340344,8.46035535221202));
#7270=CARTESIAN_POINT('',(6.5971311853277,2.8872962589875,8.5498780700471));
#7271=CARTESIAN_POINT('',(6.47507787948306,2.884235295907,8.57683943436404));
#7272=CARTESIAN_POINT('',(6.4135,2.88195729796618,8.58235950618392));
#7273=CARTESIAN_POINT('',(7.0612,2.85271466465578,7.874));
#7274=CARTESIAN_POINT('',(7.0612,2.85271466465578,7.89521174654518));
#7275=CARTESIAN_POINT('',(7.05930600488274,2.85360627831832,7.93758900851134));
#7276=CARTESIAN_POINT('',(7.05360175552418,2.85626309874,7.9798807118348));
#7277=CARTESIAN_POINT('',(7.04976884754866,2.85802415982544,8.001));
#7278=CARTESIAN_POINT('',(-7.0612,2.85271466465578,7.874));
#7279=CARTESIAN_POINT('',(-7.0612,2.29596869804133,7.874));
#7280=CARTESIAN_POINT('',(-7.0612,2.9972,7.874));
#7281=VECTOR('',#10772,1.0);
#7282=CARTESIAN_POINT('',(-7.06119437565768,2.29598818117854,7.8719999999995));
#7283=CARTESIAN_POINT('',(-5.63880562434232,2.29598818117854,7.8719999999995));
#7284=CARTESIAN_POINT('',(-5.63880562434232,2.29598818117854,7.93971141811716));
#7285=CARTESIAN_POINT('',(-5.65826706587656,2.29367601087833,8.0780416417889));
#7286=CARTESIAN_POINT('',(-5.74351769894366,2.29226161721715,8.2635279077727));
#7287=CARTESIAN_POINT('',(-5.8778983114773,2.29064960829436,8.41892095810866));
#7288=CARTESIAN_POINT('',(-6.05052443629548,2.28960271708157,8.52977232439634));
#7289=CARTESIAN_POINT('',(-6.2474086133366,2.28903556551966,8.58760044555724));
#7290=CARTESIAN_POINT('',(-6.4526025404638,2.28903558192578,8.58759875176332));
#7291=CARTESIAN_POINT('',(-6.64948409749238,2.28960275742617,8.52976816066578));
#7292=CARTESIAN_POINT('',(-6.82210636892228,2.29064965167706,8.41891648718034));
#7293=CARTESIAN_POINT('',(-6.95648377822128,2.29226164484194,8.26352505897982));
#7294=CARTESIAN_POINT('',(-7.04173293684886,2.29367601705535,8.0780410271851));
#7295=CARTESIAN_POINT('',(-7.06119437565768,2.29598818117854,7.93971137597856));
#7296=CARTESIAN_POINT('',(-7.06119437565768,2.29598818117854,7.8719999999995));
#7297=CARTESIAN_POINT('',(-7.0612,2.85271466465578,7.874));
#7298=VECTOR('',#10773,0.556730075922178);
#7299=CARTESIAN_POINT('',(-5.6388,2.29596869804133,7.874));
#7300=CARTESIAN_POINT('',(-5.6388,2.9972,7.874));
#7301=CARTESIAN_POINT('',(-5.6388,2.9972,7.874));
#7302=VECTOR('',#10774,1.0);
#7303=CARTESIAN_POINT('',(-5.63880562434232,2.29598818117854,7.8719999999995));
#7304=CARTESIAN_POINT('',(-5.63880562434232,2.29598818117854,7.93971141811716));
#7305=CARTESIAN_POINT('',(-5.65826706587656,2.29367601087833,8.0780416417889));
#7306=CARTESIAN_POINT('',(-5.74351769894366,2.29226161721715,8.2635279077727));
#7307=CARTESIAN_POINT('',(-5.8778983114773,2.29064960829436,8.41892095810866));
#7308=CARTESIAN_POINT('',(-6.05052443629548,2.28960271708157,8.52977232439634));
#7309=CARTESIAN_POINT('',(-6.2474086133366,2.28903556551966,8.58760044555724));
#7310=CARTESIAN_POINT('',(-6.4526025404638,2.28903558192578,8.58759875176332));
#7311=CARTESIAN_POINT('',(-6.64948409749238,2.28960275742617,8.52976816066578));
#7312=CARTESIAN_POINT('',(-6.82210636892228,2.29064965167706,8.41891648718034));
#7313=CARTESIAN_POINT('',(-6.95648377822128,2.29226164484194,8.26352505897982));
#7314=CARTESIAN_POINT('',(-7.04173293684886,2.29367601705535,8.0780410271851));
#7315=CARTESIAN_POINT('',(-7.06119437565768,2.29598818117854,7.93971137597856));
#7316=CARTESIAN_POINT('',(-7.06119437565768,2.29598818117854,7.8719999999995));
#7317=CARTESIAN_POINT('',(-7.04976884754866,2.85802415982544,8.001));
#7318=CARTESIAN_POINT('',(-7.04976884754866,2.85802415982544,8.001));
#7319=CARTESIAN_POINT('',(-7.05359454163208,2.85626641322156,7.97992046031258));
#7320=CARTESIAN_POINT('',(-7.05929869505484,2.85360971916488,7.9376704598572));
#7321=CARTESIAN_POINT('',(-7.0612,2.85271466465578,7.89525227604756));
#7322=CARTESIAN_POINT('',(-7.0612,2.85271466465578,7.874));
#7323=CARTESIAN_POINT('',(-6.4135,2.88195729796618,8.58235950618392));
#7324=CARTESIAN_POINT('',(-6.4135,2.88195729796618,8.58235950618392));
#7325=CARTESIAN_POINT('',(-6.46458876045626,2.88384726384588,8.57777971829246));
#7326=CARTESIAN_POINT('',(-6.56640838606476,2.88660696258098,8.55756166900804));
#7327=CARTESIAN_POINT('',(-6.71222048336302,2.8873487653722,8.49291983192164));
#7328=CARTESIAN_POINT('',(-6.83827944689102,2.8845434939063,8.39866088869492));
#7329=CARTESIAN_POINT('',(-6.9377957145891,2.87868312206344,8.28386509404008));
#7330=CARTESIAN_POINT('',(-7.01174569667106,2.86983857266342,8.1492512707181));
#7331=CARTESIAN_POINT('',(-7.04067297222762,2.86220333453794,8.05111819048478));
#7332=CARTESIAN_POINT('',(-7.04976884754866,2.85802415982544,8.001));
#7333=CARTESIAN_POINT('',(-5.65023115245134,2.9972,8.001));
#7334=CARTESIAN_POINT('',(-5.65023115245134,2.9972,8.001));
#7335=CARTESIAN_POINT('',(-5.65690204296272,2.9972,8.0377565461845));
#7336=CARTESIAN_POINT('',(-5.67579864694236,2.99456587733074,8.10938567411468));
#7337=CARTESIAN_POINT('',(-5.7210231073848,2.98359438073936,8.2121959745592));
#7338=CARTESIAN_POINT('',(-5.78123337375346,2.96732644833752,8.30569439370372));
#7339=CARTESIAN_POINT('',(-5.85410098794936,2.94802693930644,8.3876670713811));
#7340=CARTESIAN_POINT('',(-5.93859409840654,2.92768888076242,8.4576652795429));
#7341=CARTESIAN_POINT('',(-6.03670316235312,2.90787975220956,8.51606681361082));
#7342=CARTESIAN_POINT('',(-6.15129248574196,2.8907679264282,8.5609613293258));
#7343=CARTESIAN_POINT('',(-6.28228443030314,2.88042494552416,8.58608620391466));
#7344=CARTESIAN_POINT('',(-6.36921657289012,2.8803190870262,8.5863292384959));
#7345=CARTESIAN_POINT('',(-6.4135,2.88195729796618,8.58235950618392));
#7346=AXIS2_PLACEMENT_3D('',#10775,#10776,#10777);
#7347=CARTESIAN_POINT('',(-5.63881124868289,2.29600766431539,7.869999999999));
#7348=CARTESIAN_POINT('',(-6.02794090512278,2.97000000000082,7.869999999999));
#7349=CARTESIAN_POINT('',(-5.83337607690269,2.63300383215808,7.869999999999));
#7350=VECTOR('',#10778,1.0);
#7351=CARTESIAN_POINT('',(-5.63880562434232,2.29598818117854,7.8719999999995));
#7352=CARTESIAN_POINT('',(-5.63880562434232,2.29598818117854,7.8719999999995));
#7353=VECTOR('',#10779,0.778281567724328);
#7354=CARTESIAN_POINT('',(-7.06119437565768,2.29598818117854,7.8719999999995));
#7355=CARTESIAN_POINT('',(-7.06119437565768,2.29598818117854,7.80253090527528));
#7356=CARTESIAN_POINT('',(-7.04054248218634,2.29829331872294,7.66772610126592));
#7357=CARTESIAN_POINT('',(-6.95507312172078,2.29970782832902,7.4820931165052));
#7358=CARTESIAN_POINT('',(-6.82064836190942,2.30132139605514,7.3279934625766));
#7359=CARTESIAN_POINT('',(-6.64844374308084,2.30237152232623,7.21781528055342));
#7360=CARTESIAN_POINT('',(-6.452215351068,2.30294088143237,7.16042004321052));
#7361=CARTESIAN_POINT('',(-6.24777351568528,2.30294086491475,7.16042172882056));
#7362=CARTESIAN_POINT('',(-6.0515477517317,2.30237148182568,7.21781941644812));
#7363=CARTESIAN_POINT('',(-5.87934698757664,2.30132135277278,7.3279978854659));
#7364=CARTESIAN_POINT('',(-5.74492541371522,2.29970780100573,7.48209591839698));
#7365=CARTESIAN_POINT('',(-5.65945751292162,2.29829331269806,7.66772670193528));
#7366=CARTESIAN_POINT('',(-5.63880562434232,2.29598818117854,7.80253094342608));
#7367=CARTESIAN_POINT('',(-5.63880562434232,2.29598818117854,7.8719999999995));
#7368=CARTESIAN_POINT('',(-6.67205909487722,2.97000000000082,7.869999999999));
#7369=CARTESIAN_POINT('',(-7.06118875131711,2.29600766431539,7.869999999999));
#7370=CARTESIAN_POINT('',(-6.86662392309731,2.63300383215808,7.869999999999));
#7371=VECTOR('',#10780,1.0);
#7372=AXIS2_PLACEMENT_3D('',#10781,#10782,#10783);
#7373=CARTESIAN_POINT('',(-7.06119437565768,2.29598818117854,7.8719999999995));
#7374=CARTESIAN_POINT('',(-7.06119437565768,2.29598818117854,7.80253090527528));
#7375=CARTESIAN_POINT('',(-7.04054248218634,2.29829331872294,7.66772610126592));
#7376=CARTESIAN_POINT('',(-6.95507312172078,2.29970782832902,7.4820931165052));
#7377=CARTESIAN_POINT('',(-6.82064836190942,2.30132139605514,7.3279934625766));
#7378=CARTESIAN_POINT('',(-6.64844374308084,2.30237152232623,7.21781528055342));
#7379=CARTESIAN_POINT('',(-6.452215351068,2.30294088143237,7.16042004321052));
#7380=CARTESIAN_POINT('',(-6.24777351568528,2.30294086491475,7.16042172882056));
#7381=CARTESIAN_POINT('',(-6.0515477517317,2.30237148182568,7.21781941644812));
#7382=CARTESIAN_POINT('',(-5.87934698757664,2.30132135277278,7.3279978854659));
#7383=CARTESIAN_POINT('',(-5.74492541371522,2.29970780100573,7.48209591839698));
#7384=CARTESIAN_POINT('',(-5.65945751292162,2.29829331269806,7.66772670193528));
#7385=CARTESIAN_POINT('',(-5.63880562434232,2.29598818117854,7.80253094342608));
#7386=CARTESIAN_POINT('',(-5.63880562434232,2.29598818117854,7.8719999999995));
#7387=CARTESIAN_POINT('',(-5.48031425380619E-16,12.7,4.3815));
#7388=CARTESIAN_POINT('',(-4.26413256198405E-15,12.3558969959115,4.72560300408846));
#7389=CARTESIAN_POINT('',(-5.71360176420935E-16,12.5095,4.572));
#7390=VECTOR('',#10784,1.0);
#7391=CARTESIAN_POINT('',(-4.32231960693862,12.7,0.717701515580128));
#7392=AXIS2_PLACEMENT_3D('',#10785,#10786,#10787);
#7393=CARTESIAN_POINT('',(-2.11711448393325,12.319,-4.26605584960098));
#7394=CARTESIAN_POINT('',(-4.32231960693862,12.7,0.717701515580128));
#7395=CARTESIAN_POINT('',(-4.370713969121,12.6857144752615,0.513460796146712));
#7396=CARTESIAN_POINT('',(-4.43868411417866,12.6571333597187,0.0958720292045294));
#7397=CARTESIAN_POINT('',(-4.44920230281458,12.6139619944817,-0.549328113847798));
#7398=CARTESIAN_POINT('',(-4.36664261906966,12.571299418471,-1.18783562391836));
#7399=CARTESIAN_POINT('',(-4.19495642534596,12.5291514379437,-1.80641767003729));
#7400=CARTESIAN_POINT('',(-3.9365329289504,12.4871351927739,-2.39831312528465));
#7401=CARTESIAN_POINT('',(-3.59236952213,12.4448938998271,-2.95594006412024));
#7402=CARTESIAN_POINT('',(-3.16745378925298,12.4025420315034,-3.46488910912842));
#7403=CARTESIAN_POINT('',(-2.67595577356416,12.3606548701572,-3.90782515472522));
#7404=CARTESIAN_POINT('',(-2.30868825431987,12.3328539804073,-4.15551740323864));
#7405=CARTESIAN_POINT('',(-2.11711448393325,12.319,-4.26605584960098));
#7406=CARTESIAN_POINT('',(-4.7625,12.319,5.83207934566677E-16));
#7407=AXIS2_PLACEMENT_3D('',#10788,#10789,#10790);
#7408=CARTESIAN_POINT('',(-2.11711448393478,12.319,4.26605584960098));
#7409=AXIS2_PLACEMENT_3D('',#10791,#10792,#10793);
#7410=CARTESIAN_POINT('',(0.0,12.6075026259197,-4.47399737408032));
#7411=CARTESIAN_POINT('',(0.235435078277467,12.6032880762995,-4.47821192370048));
#7412=CARTESIAN_POINT('',(0.707472025550198,12.5948619246047,-4.44939329497768));
#7413=CARTESIAN_POINT('',(1.40141421665542,12.5822312909557,-4.29509697788894));
#7414=CARTESIAN_POINT('',(2.06387727569668,12.5696099973947,-4.0331949334797));
#7415=CARTESIAN_POINT('',(2.6783170760958,12.5569974921473,-3.66981651395656));
#7416=CARTESIAN_POINT('',(3.22932392273878,12.5443935609316,-3.21361696605776));
#7417=CARTESIAN_POINT('',(3.70302490855818,12.531797937558,-2.67556420877706));
#7418=CARTESIAN_POINT('',(4.08739908957968,12.5192112416341,-2.0687162693344));
#7419=CARTESIAN_POINT('',(4.3726382628594,12.5066338848509,-1.40786425871137));
#7420=CARTESIAN_POINT('',(4.55139115463916,12.4940646308251,-0.709070008054506));
#7421=CARTESIAN_POINT('',(4.61886970064954,12.4815034452541,0.0105788441388429));
#7422=CARTESIAN_POINT('',(4.57302035713632,12.4689507805601,0.733412071482042));
#7423=CARTESIAN_POINT('',(4.41460026691846,12.4564074569422,1.44162452355494));
#7424=CARTESIAN_POINT('',(4.14711634238014,12.4438725026726,2.11783883874565));
#7425=CARTESIAN_POINT('',(3.77673054620122,12.431345344364,2.7453953818297));
#7426=CARTESIAN_POINT('',(3.31217573388014,12.4188266675472,3.30872639730664));
#7427=CARTESIAN_POINT('',(2.76451867800518,12.4063169422416,3.79382622702122));
#7428=CARTESIAN_POINT('',(2.14686314448814,12.3938161221836,4.1886080973416));
#7429=CARTESIAN_POINT('',(1.47395623783118,12.3813227176276,4.48317865289832));
#7430=CARTESIAN_POINT('',(0.762081804305784,12.3688382869222,4.6700101124884));
#7431=CARTESIAN_POINT('',(0.0282271487871694,12.3563595060047,4.74418186761678));
#7432=CARTESIAN_POINT('',(-0.709021570204976,12.3439005706483,4.70359973142028));
#7433=CARTESIAN_POINT('',(-1.43283601298493,12.3314440133822,4.54890771416536));
#7434=CARTESIAN_POINT('',(-1.89437173485398,12.3231470889321,4.37196664991764));
#7435=CARTESIAN_POINT('',(-2.11711448393478,12.319,4.26605584960098));
#7436=CARTESIAN_POINT('',(-3.88345942317798E-16,25.0952,3.17119));
#7437=CARTESIAN_POINT('',(-3.5724094093071E-16,25.3492,2.91719));
#7438=CARTESIAN_POINT('',(-3.72793441519741E-16,25.2222000008534,3.04418999914656));
#7439=VECTOR('',#10794,1.0);
#7440=CARTESIAN_POINT('',(3.17119,25.0952,0.0));
#7441=AXIS2_PLACEMENT_3D('',#10795,#10796,#10797);
#7442=CARTESIAN_POINT('',(2.91719,25.3492,0.0));
#7443=CARTESIAN_POINT('',(2.91718999909068,25.3492000009093,4.60650245449762E-10));
#7444=VECTOR('',#10798,0.359210245080232);
#7445=AXIS2_PLACEMENT_3D('',#10799,#10800,#10801);
#7446=CARTESIAN_POINT('',(3.5724094093071E-16,25.3492,-2.91719));
#7447=CARTESIAN_POINT('',(3.88345942317799E-16,25.0952,-3.17119));
#7448=CARTESIAN_POINT('',(3.72793441519741E-16,25.2222000008534,-3.04418999914656));
#7449=VECTOR('',#10802,1.0);
#7450=AXIS2_PLACEMENT_3D('',#10803,#10804,#10805);
#7451=AXIS2_PLACEMENT_3D('',#10806,#10807,#10808);
#7452=CARTESIAN_POINT('',(-4.7625,12.1789053993114,-1.01290808665122E-15));
#7453=CARTESIAN_POINT('',(-4.7625,11.9513384494161,5.83207934566677E-16));
#7454=VECTOR('',#10809,1.0);
#7455=CARTESIAN_POINT('',(-2.11711448393478,12.319,4.26605584960098));
#7456=CARTESIAN_POINT('',(-2.33499583276481,12.312547954992,4.15792792637288));
#7457=CARTESIAN_POINT('',(-2.75415735989118,12.299643838146,3.90822368796168));
#7458=CARTESIAN_POINT('',(-3.3183725149689,12.2802875801022,3.44209257029944));
#7459=CARTESIAN_POINT('',(-3.80483714647254,12.2609312461835,2.89530873647026));
#7460=CARTESIAN_POINT('',(-4.20215252642744,12.2415748408247,2.28068278245666));
#7461=CARTESIAN_POINT('',(-4.50100785864954,12.2222183691237,1.61261563834216));
#7462=CARTESIAN_POINT('',(-4.69439955851256,12.202861836003,0.906760624944262));
#7463=CARTESIAN_POINT('',(-4.77779514747924,12.1835052464282,0.179656804770178));
#7464=CARTESIAN_POINT('',(-4.7492395941993,12.1641486053549,-0.551658611030838));
#7465=CARTESIAN_POINT('',(-4.6094011590304,12.1447919177412,-1.27004949335161));
#7466=CARTESIAN_POINT('',(-4.36155578562384,12.1254351885426,-1.95868236620808));
#7467=CARTESIAN_POINT('',(-4.01151037245724,12.1060784227249,-2.60142089010946));
#7468=CARTESIAN_POINT('',(-3.5674667261521,12.086721625213,-3.18320401592112));
#7469=CARTESIAN_POINT('',(-3.03982939525412,12.0673648010972,-3.69039894380508));
#7470=CARTESIAN_POINT('',(-2.44096183755424,12.0480079548249,-4.11112061633008));
#7471=CARTESIAN_POINT('',(-1.78489682345931,12.0286510932745,-4.43551024879666));
#7472=CARTESIAN_POINT('',(-1.08700715943498,12.009294214221,-4.65596639718498));
#7473=CARTESIAN_POINT('',(-0.363647072899218,11.9899373494296,-4.76732303798408));
#7474=CARTESIAN_POINT('',(0.36823712928627,11.9705804038231,-4.766970893395));
#7475=CARTESIAN_POINT('',(1.09149540727482,11.9512233844803,-4.65491655802482));
#7476=CARTESIAN_POINT('',(1.78917627437842,11.931866390314,-4.43378598858758));
#7477=CARTESIAN_POINT('',(2.44493223076787,11.9125093986343,-4.10876091990648));
#7478=CARTESIAN_POINT('',(3.0433970050277,11.8931524193296,-3.68745770067818));
#7479=CARTESIAN_POINT('',(3.57054720656212,11.8737954535656,-3.1797487327936));
#7480=CARTESIAN_POINT('',(4.01403052118884,11.8544385048399,-2.5975311328674));
#7481=CARTESIAN_POINT('',(4.36345527502526,11.8350815760303,-1.95444792191295));
#7482=CARTESIAN_POINT('',(4.61063390648108,11.8157246701747,-1.26556830891395));
#7483=CARTESIAN_POINT('',(4.74977482142196,11.7963677902729,-0.547034553299546));
#7484=CARTESIAN_POINT('',(4.77761808745998,11.7770109393346,0.184316314887664));
#7485=CARTESIAN_POINT('',(4.69351180093324,11.7576541203648,0.911347052034026));
#7486=CARTESIAN_POINT('',(4.49942733444966,11.7382973363708,1.6170217880066));
#7487=CARTESIAN_POINT('',(4.19991310900128,11.7189405903574,2.28480523162297));
#7488=CARTESIAN_POINT('',(3.80198797749474,11.699583885332,2.8990501389214));
#7489=CARTESIAN_POINT('',(3.31497671006634,11.680227224302,3.4453639639319));
#7490=CARTESIAN_POINT('',(2.75029147358944,11.6608706102772,3.91094609977364));
#7491=CARTESIAN_POINT('',(2.12116429490143,11.6415140462446,4.2848878074234));
#7492=CARTESIAN_POINT('',(1.44233727454015,11.622157535293,4.55842780429456));
#7493=CARTESIAN_POINT('',(0.729715962033534,11.6028010801147,4.72515752374276));
#7494=CARTESIAN_POINT('',(0.2432392681338,11.5898968166345,4.7625));
#7495=CARTESIAN_POINT('',(0.0,11.5834446946543,4.7625));
#7496=CARTESIAN_POINT('',(4.7625,11.7822941471844,-2.24838288962641E-15));
#7497=CARTESIAN_POINT('',(4.7625,12.0621220139028,-4.85903838033971E-16));
#7498=CARTESIAN_POINT('',(4.7625,11.9513384494161,-5.83229617449137E-16));
#7499=VECTOR('',#10810,1.0);
#7500=CARTESIAN_POINT('',(-2.11711448393478,12.319,4.26605584960098));
#7501=CARTESIAN_POINT('',(-2.33499583276481,12.312547954992,4.15792792637288));
#7502=CARTESIAN_POINT('',(-2.75415735989118,12.299643838146,3.90822368796168));
#7503=CARTESIAN_POINT('',(-3.3183725149689,12.2802875801022,3.44209257029944));
#7504=CARTESIAN_POINT('',(-3.80483714647254,12.2609312461835,2.89530873647026));
#7505=CARTESIAN_POINT('',(-4.20215252642744,12.2415748408247,2.28068278245666));
#7506=CARTESIAN_POINT('',(-4.50100785864954,12.2222183691237,1.61261563834216));
#7507=CARTESIAN_POINT('',(-4.69439955851256,12.202861836003,0.906760624944262));
#7508=CARTESIAN_POINT('',(-4.77779514747924,12.1835052464282,0.179656804770178));
#7509=CARTESIAN_POINT('',(-4.7492395941993,12.1641486053549,-0.551658611030838));
#7510=CARTESIAN_POINT('',(-4.6094011590304,12.1447919177412,-1.27004949335161));
#7511=CARTESIAN_POINT('',(-4.36155578562384,12.1254351885426,-1.95868236620808));
#7512=CARTESIAN_POINT('',(-4.01151037245724,12.1060784227249,-2.60142089010946));
#7513=CARTESIAN_POINT('',(-3.5674667261521,12.086721625213,-3.18320401592112));
#7514=CARTESIAN_POINT('',(-3.03982939525412,12.0673648010972,-3.69039894380508));
#7515=CARTESIAN_POINT('',(-2.44096183755424,12.0480079548249,-4.11112061633008));
#7516=CARTESIAN_POINT('',(-1.78489682345931,12.0286510932745,-4.43551024879666));
#7517=CARTESIAN_POINT('',(-1.08700715943498,12.009294214221,-4.65596639718498));
#7518=CARTESIAN_POINT('',(-0.363647072899218,11.9899373494296,-4.76732303798408));
#7519=CARTESIAN_POINT('',(0.36823712928627,11.9705804038231,-4.766970893395));
#7520=CARTESIAN_POINT('',(1.09149540727482,11.9512233844803,-4.65491655802482));
#7521=CARTESIAN_POINT('',(1.78917627437842,11.931866390314,-4.43378598858758));
#7522=CARTESIAN_POINT('',(2.44493223076787,11.9125093986343,-4.10876091990648));
#7523=CARTESIAN_POINT('',(3.0433970050277,11.8931524193296,-3.68745770067818));
#7524=CARTESIAN_POINT('',(3.57054720656212,11.8737954535656,-3.1797487327936));
#7525=CARTESIAN_POINT('',(4.01403052118884,11.8544385048399,-2.5975311328674));
#7526=CARTESIAN_POINT('',(4.36345527502526,11.8350815760303,-1.95444792191295));
#7527=CARTESIAN_POINT('',(4.61063390648108,11.8157246701747,-1.26556830891395));
#7528=CARTESIAN_POINT('',(4.74977482142196,11.7963677902729,-0.547034553299546));
#7529=CARTESIAN_POINT('',(4.77761808745998,11.7770109393346,0.184316314887664));
#7530=CARTESIAN_POINT('',(4.69351180093324,11.7576541203648,0.911347052034026));
#7531=CARTESIAN_POINT('',(4.49942733444966,11.7382973363708,1.6170217880066));
#7532=CARTESIAN_POINT('',(4.19991310900128,11.7189405903574,2.28480523162297));
#7533=CARTESIAN_POINT('',(3.80198797749474,11.699583885332,2.8990501389214));
#7534=CARTESIAN_POINT('',(3.31497671006634,11.680227224302,3.4453639639319));
#7535=CARTESIAN_POINT('',(2.75029147358944,11.6608706102772,3.91094609977364));
#7536=CARTESIAN_POINT('',(2.12116429490143,11.6415140462446,4.2848878074234));
#7537=CARTESIAN_POINT('',(1.44233727454015,11.622157535293,4.55842780429456));
#7538=CARTESIAN_POINT('',(0.729715962033534,11.6028010801147,4.72515752374276));
#7539=CARTESIAN_POINT('',(0.2432392681338,11.5898968166345,4.7625));
#7540=CARTESIAN_POINT('',(0.0,11.5834446946543,4.7625));
#7541=CARTESIAN_POINT('',(0.0,11.8639303053457,4.7625));
#7542=CARTESIAN_POINT('',(0.238280084483861,11.8702508808935,4.7625));
#7543=CARTESIAN_POINT('',(0.714842613600458,11.8828921539827,4.72666782008716));
#7544=CARTESIAN_POINT('',(1.41363602854246,11.901854686784,4.56662124788478));
#7545=CARTESIAN_POINT('',(2.08063190972176,11.9208170712011,4.30387651439892));
#7546=CARTESIAN_POINT('',(2.70080866538228,11.9397785396255,3.94436379208214));
#7547=CARTESIAN_POINT('',(3.26026353631028,11.9587403005462,3.49615096640392));
#7548=CARTESIAN_POINT('',(3.74642745228886,11.97770304385,2.96928986843912));
#7549=CARTESIAN_POINT('',(4.14833733942506,11.9966658925181,2.37564654184296));
#7550=CARTESIAN_POINT('',(4.45694495141612,12.0156283415604,1.72858926951457));
#7551=CARTESIAN_POINT('',(4.6653146774546,12.0345897207242,1.04269861353612));
#7552=CARTESIAN_POINT('',(4.76878403617206,12.0535523214781,0.33331570474267));
#7553=CARTESIAN_POINT('',(4.76500493613058,12.0725151291785,-0.383571658038792));
#7554=CARTESIAN_POINT('',(4.65406327250762,12.0914777220356,-1.09182418553141));
#7555=CARTESIAN_POINT('',(4.43847151564018,12.1104392208765,-1.77548381384645));
#7556=CARTESIAN_POINT('',(4.12307433971494,12.1294008309873,-2.41922354071266));
#7557=CARTESIAN_POINT('',(3.71494408877108,12.1483631975151,-3.00858525305368));
#7558=CARTESIAN_POINT('',(3.22326687803044,12.1673256218177,-3.53028840859372));
#7559=CARTESIAN_POINT('',(2.65912604914392,12.1862873069398,-3.9725840125377));
#7560=CARTESIAN_POINT('',(2.03519188797461,12.2052489509417,-4.32554949450982));
#7561=CARTESIAN_POINT('',(1.36548570585345,12.224210774763,-4.58124576542766));
#7562=CARTESIAN_POINT('',(0.665084394525782,12.243172317866,-4.73393026974816));
#7563=CARTESIAN_POINT('',(-0.0503760803621666,12.262136600552,-4.7801433354397));
#7564=CARTESIAN_POINT('',(-0.764250332887438,12.2810887855203,-4.71891449684352));
#7565=CARTESIAN_POINT('',(-1.46115005912889,12.3000463411129,-4.55162999849726));
#7566=CARTESIAN_POINT('',(-1.90376631447601,12.3126821944644,-4.3719340930206));
#7567=CARTESIAN_POINT('',(-2.11711448393325,12.319,-4.26605584960098));
#7568=CARTESIAN_POINT('',(4.7625,7.81402760614674,-4.80189042554365E-15));
#7569=CARTESIAN_POINT('',(4.7625,8.09355195906868,5.14501398570736E-15));
#7570=CARTESIAN_POINT('',(4.7625,7.95324799886613,-5.83218776007907E-16));
#7571=VECTOR('',#10811,1.0);
#7572=CARTESIAN_POINT('',(0.0,8.01156969465432,-4.7625));
#7573=CARTESIAN_POINT('',(0.0,7.61469469465432,4.7625));
#7574=CARTESIAN_POINT('',(0.237489444646374,7.62099429782852,4.7625));
#7575=CARTESIAN_POINT('',(0.712466038626668,7.63359350417946,4.7269053523299));
#7576=CARTESIAN_POINT('',(1.40901745382103,7.65249231370206,4.5679221262279));
#7577=CARTESIAN_POINT('',(2.07409325488089,7.6713911232272,4.30689906809218));
#7578=CARTESIAN_POINT('',(2.69283737193958,7.6902899327498,3.94966700171192));
#7579=CARTESIAN_POINT('',(3.25142791652664,7.70918874227494,3.50420590113984));
#7580=CARTESIAN_POINT('',(3.73738694375574,7.72808755179754,2.98046663126462));
#7581=CARTESIAN_POINT('',(4.13985891997096,7.74698636132268,2.39014866191765));
#7582=CARTESIAN_POINT('',(4.44985328950346,7.76588517084528,1.74643872106579));
#7583=CARTESIAN_POINT('',(4.66044528952766,7.78478398036788,1.06371622508857));
#7584=CARTESIAN_POINT('',(4.76693064298528,7.80368278989302,0.357232066381022));
#7585=CARTESIAN_POINT('',(4.76693064298528,7.82258159941562,-0.357232066381022));
#7586=CARTESIAN_POINT('',(4.66044528952766,7.84148040894076,-1.06371622508857));
#7587=CARTESIAN_POINT('',(4.44985328950346,7.86037921846336,-1.74643872106579));
#7588=CARTESIAN_POINT('',(4.13985891997096,7.8792780279885,-2.39014866191765));
#7589=CARTESIAN_POINT('',(3.73738694375574,7.8981768375111,-2.98046663126462));
#7590=CARTESIAN_POINT('',(3.25142791652664,7.91707564703624,-3.50420590113984));
#7591=CARTESIAN_POINT('',(2.69283737193958,7.93597445655884,-3.94966700171192));
#7592=CARTESIAN_POINT('',(2.07409325488089,7.95487326608398,-4.30689906809218));
#7593=CARTESIAN_POINT('',(1.40901745382103,7.97377207560658,-4.5679221262279));
#7594=CARTESIAN_POINT('',(0.712466038626668,7.99267088513172,-4.7269053523299));
#7595=CARTESIAN_POINT('',(0.237489444646374,8.00527009148012,-4.7625));
#7596=CARTESIAN_POINT('',(0.0,8.01156969465432,-4.7625));
#7597=CARTESIAN_POINT('',(0.0,8.29205530534568,-4.7625));
#7598=CARTESIAN_POINT('',(0.0,8.29205530534568,-4.7625));
#7599=VECTOR('',#10812,0.28048561069009);
#7600=CARTESIAN_POINT('',(4.61287730487464,8.12536780534568,-1.18438558762261));
#7601=CARTESIAN_POINT('',(4.61287730487464,8.12536780534568,-1.18438558762261));
#7602=CARTESIAN_POINT('',(4.55605329460874,8.1314287823474,-1.40570049560075));
#7603=CARTESIAN_POINT('',(4.40980874493688,8.14363210118176,-1.84317720371391));
#7604=CARTESIAN_POINT('',(4.09174199656314,8.16224777366586,-2.47087675278779));
#7605=CARTESIAN_POINT('',(3.68202260192178,8.18097434116312,-3.04821883667688));
#7606=CARTESIAN_POINT('',(3.19226788736154,8.19965785950594,-3.5570619808961));
#7607=CARTESIAN_POINT('',(2.64651792401986,8.21791430536534,-3.97939920699974));
#7608=CARTESIAN_POINT('',(2.04082468505367,8.23632563081846,-4.32207766580198));
#7609=CARTESIAN_POINT('',(1.38219933479697,8.25499600657898,-4.57576843437574));
#7610=CARTESIAN_POINT('',(0.6931758787585,8.27366925524206,-4.72913154862934));
#7611=CARTESIAN_POINT('',(0.230327721221741,8.28594567278468,-4.7625));
#7612=CARTESIAN_POINT('',(0.0,8.29205530534568,-4.7625));
#7613=CARTESIAN_POINT('',(0.0,7.89518030534568,4.7625));
#7614=CARTESIAN_POINT('',(0.239997364920033,7.9015464331722,4.7625));
#7615=CARTESIAN_POINT('',(0.720142955315476,7.9142817352987,4.72631523724902));
#7616=CARTESIAN_POINT('',(1.42793010802384,7.9334981750598,4.56247557777126));
#7617=CARTESIAN_POINT('',(2.09596389292769,7.95251505995204,4.2966038472755));
#7618=CARTESIAN_POINT('',(2.71938125208768,7.97162080317558,3.93185046180786));
#7619=CARTESIAN_POINT('',(3.28026242021642,7.99070303100546,3.47804087549946));
#7620=CARTESIAN_POINT('',(3.77244453720658,8.01004119556248,2.93736570146208));
#7621=CARTESIAN_POINT('',(4.17370640398782,8.02926662296372,2.33125759090831));
#7622=CARTESIAN_POINT('',(4.47558730611254,8.04825904096306,1.67978765074691));
#7623=CARTESIAN_POINT('',(4.67791070695896,8.0673408357966,0.987316165945126));
#7624=CARTESIAN_POINT('',(4.77437725457666,8.08674912820422,0.259847179414838));
#7625=CARTESIAN_POINT('',(4.75744139253532,8.10620033454938,-0.475427528630214));
#7626=CARTESIAN_POINT('',(4.67261419838004,8.11899613365166,-0.951725748467734));
#7627=CARTESIAN_POINT('',(4.61287730487464,8.12536780534568,-1.18438558762261));
#7628=CARTESIAN_POINT('',(4.7625,7.02019156768106,-5.09332396950776E-15));
#7629=CARTESIAN_POINT('',(4.7625,7.29934183070055,-2.80040056017928E-13));
#7630=CARTESIAN_POINT('',(4.7625,7.1596381061658,-5.83218776007907E-16));
#7631=VECTOR('',#10813,1.0);
#7632=CARTESIAN_POINT('',(0.0,7.21781969465432,-4.7625));
#7633=CARTESIAN_POINT('',(0.0,6.82094469465432,4.7625));
#7634=CARTESIAN_POINT('',(0.237489444646374,6.82724429782852,4.7625));
#7635=CARTESIAN_POINT('',(0.712466038626668,6.83984350417946,4.7269053523299));
#7636=CARTESIAN_POINT('',(1.40901745382103,6.85874231370206,4.5679221262279));
#7637=CARTESIAN_POINT('',(2.07409325488089,6.8776411232272,4.30689906809218));
#7638=CARTESIAN_POINT('',(2.69283737193958,6.8965399327498,3.94966700171192));
#7639=CARTESIAN_POINT('',(3.25142791652664,6.91543874227494,3.50420590113984));
#7640=CARTESIAN_POINT('',(3.73738694375574,6.93433755179754,2.98046663126462));
#7641=CARTESIAN_POINT('',(4.13985891997096,6.95323636132014,2.39014866191765));
#7642=CARTESIAN_POINT('',(4.44985328950346,6.97213517084528,1.74643872106579));
#7643=CARTESIAN_POINT('',(4.66044528952766,6.99103398036788,1.06371622508857));
#7644=CARTESIAN_POINT('',(4.76693064298528,7.00993278989302,0.357232066381276));
#7645=CARTESIAN_POINT('',(4.76693064298528,7.02883159941562,-0.357232066381276));
#7646=CARTESIAN_POINT('',(4.66044528952766,7.04773040894076,-1.06371622508857));
#7647=CARTESIAN_POINT('',(4.44985328950346,7.06662921846336,-1.74643872106579));
#7648=CARTESIAN_POINT('',(4.13985891997096,7.0855280279885,-2.39014866191765));
#7649=CARTESIAN_POINT('',(3.73738694375574,7.1044268375111,-2.98046663126462));
#7650=CARTESIAN_POINT('',(3.25142791652664,7.12332564703624,-3.50420590113984));
#7651=CARTESIAN_POINT('',(2.69283737193958,7.14222445655884,-3.94966700171192));
#7652=CARTESIAN_POINT('',(2.07409325488089,7.16112326608398,-4.30689906809218));
#7653=CARTESIAN_POINT('',(1.40901745382103,7.18002207560658,-4.5679221262279));
#7654=CARTESIAN_POINT('',(0.712466038626668,7.19892088513172,-4.7269053523299));
#7655=CARTESIAN_POINT('',(0.237489444646374,7.21152009148012,-4.7625));
#7656=CARTESIAN_POINT('',(0.0,7.21781969465432,-4.7625));
#7657=CARTESIAN_POINT('',(0.0,7.49830530534568,-4.7625));
#7658=CARTESIAN_POINT('',(0.0,7.49830530534568,-4.7625));
#7659=VECTOR('',#10814,0.280485610690598);
#7660=CARTESIAN_POINT('',(0.0,7.10143030534568,4.7625));
#7661=CARTESIAN_POINT('',(0.235692778064301,7.10768225045924,4.7625));
#7662=CARTESIAN_POINT('',(0.709792243871398,7.12025683265572,4.72756566619596));
#7663=CARTESIAN_POINT('',(1.41627353189076,7.13942371377832,4.56633367330372));
#7664=CARTESIAN_POINT('',(2.09099540726803,7.15861680696686,4.29921334965872));
#7665=CARTESIAN_POINT('',(2.7110953602089,7.17761352585676,3.93694497357716));
#7666=CARTESIAN_POINT('',(3.26186852474622,7.19630950454804,3.49403195315656));
#7667=CARTESIAN_POINT('',(3.74589474486558,7.21517807897236,2.97009031502466));
#7668=CARTESIAN_POINT('',(4.15020489809532,7.2342538492688,2.3728707582782));
#7669=CARTESIAN_POINT('',(4.45842407280636,7.25325096596334,1.72418477253821));
#7670=CARTESIAN_POINT('',(4.66422539568346,7.27200278458866,1.0458142586754));
#7671=CARTESIAN_POINT('',(4.7678667859898,7.29081651731418,0.342214524796912));
#7672=CARTESIAN_POINT('',(4.7660587909393,7.30965424791652,-0.36997284699593));
#7673=CARTESIAN_POINT('',(4.6567655759092,7.32864001223854,-1.07931481603306));
#7674=CARTESIAN_POINT('',(4.4460303184499,7.3473807758593,-1.75576979811734));
#7675=CARTESIAN_POINT('',(4.13402196366166,7.36632168178742,-2.40021740776615));
#7676=CARTESIAN_POINT('',(3.73232178503924,7.38512117242814,-2.98654998446238));
#7677=CARTESIAN_POINT('',(3.24679673334554,7.4039742362815,-3.50826838487414));
#7678=CARTESIAN_POINT('',(2.6917767159151,7.4227409341049,-3.95017911666686));
#7679=CARTESIAN_POINT('',(2.07229187931575,7.44166509735378,-4.30806280682388));
#7680=CARTESIAN_POINT('',(1.40172661938113,7.46070989084654,-4.57024112051294));
#7681=CARTESIAN_POINT('',(0.708176857417138,7.47951987827856,-4.7273151093209));
#7682=CARTESIAN_POINT('',(0.235707845720805,7.49205296055042,-4.7625));
#7683=CARTESIAN_POINT('',(0.0,7.49830530534568,-4.7625));
#7684=CARTESIAN_POINT('',(4.7625,8.60689862075241,9.83412366839E-16));
#7685=CARTESIAN_POINT('',(4.7625,8.88645879094581,-1.30086237158514E-12));
#7686=CARTESIAN_POINT('',(4.7625,8.74700156540162,-5.83218776007907E-16));
#7687=VECTOR('',#10815,1.0);
#7688=CARTESIAN_POINT('',(4.61287730487464,8.63863219465432,-1.18438558762261));
#7689=CARTESIAN_POINT('',(0.0,8.40844469465432,4.7625));
#7690=CARTESIAN_POINT('',(0.241051786316063,8.41483879187626,4.7625));
#7691=CARTESIAN_POINT('',(0.723152886045666,8.42762698632268,4.72582743773186));
#7692=CARTESIAN_POINT('',(1.42966515793067,8.4468092779885,4.5620667834936));
#7693=CARTESIAN_POINT('',(2.10327712094992,8.46599156965432,4.29332281564606));
#7694=CARTESIAN_POINT('',(2.72848813690156,8.48517386132268,3.92577993128194));
#7695=CARTESIAN_POINT('',(3.29091052802354,8.5043561529885,3.46789611022134));
#7696=CARTESIAN_POINT('',(3.77760175145652,8.52353844465432,2.93020827951076));
#7697=CARTESIAN_POINT('',(4.17736194478696,8.54272073632268,2.32508982987327));
#7698=CARTESIAN_POINT('',(4.4809917426341,8.5619030279885,1.6664658965985));
#7699=CARTESIAN_POINT('',(4.68150393441054,8.58108531965432,0.969492835953808));
#7700=CARTESIAN_POINT('',(4.77428433324612,8.60026761132268,0.250209724398321));
#7701=CARTESIAN_POINT('',(4.75719768822212,8.6194499029885,-0.474831783905018));
#7702=CARTESIAN_POINT('',(4.67282444641522,8.63223809743238,-0.950906886436932));
#7703=CARTESIAN_POINT('',(4.61287730487464,8.63863219465432,-1.18438558762261));
#7704=CARTESIAN_POINT('',(0.0,8.80531969465432,-4.7625));
#7705=CARTESIAN_POINT('',(4.61287730487464,8.63863219465432,-1.18438558762261));
#7706=CARTESIAN_POINT('',(4.55499730614668,8.64480580576656,-1.40981329911224));
#7707=CARTESIAN_POINT('',(4.40612915718304,8.6571530279885,-1.85216585175233));
#7708=CARTESIAN_POINT('',(4.08829154727914,8.67567386132014,-2.47595745306681));
#7709=CARTESIAN_POINT('',(3.68273838778256,8.69419469465432,-3.04662612881836));
#7710=CARTESIAN_POINT('',(3.19817081390466,8.7127155279885,-3.55192853872968));
#7711=CARTESIAN_POINT('',(2.64498543330278,8.73123636132014,-3.98102310427518));
#7712=CARTESIAN_POINT('',(2.03505097251196,8.74975719465432,-4.32470349745912));
#7713=CARTESIAN_POINT('',(1.38145393312141,8.7682780279885,-4.5755959301081));
#7714=CARTESIAN_POINT('',(0.698216892691184,8.78679886132014,-4.72831742408792));
#7715=CARTESIAN_POINT('',(0.232739655753438,8.79914608354208,-4.7625));
#7716=CARTESIAN_POINT('',(0.0,8.80531969465432,-4.7625));
#7717=CARTESIAN_POINT('',(0.0,9.08580530534314,-4.7625));
#7718=CARTESIAN_POINT('',(0.0,9.08580530534314,-4.7625));
#7719=VECTOR('',#10816,0.280485610689836);
#7720=CARTESIAN_POINT('',(0.0,8.68893030534314,4.7625));
#7721=CARTESIAN_POINT('',(0.236430573225614,8.69520182108304,4.7625));
#7722=CARTESIAN_POINT('',(0.711802131453088,8.70781010041812,4.7273592462405));
#7723=CARTESIAN_POINT('',(1.41973642405487,8.72701920990178,4.56530667060538));
#7724=CARTESIAN_POINT('',(2.09459748171182,8.74622216915898,4.29748267750666));
#7725=CARTESIAN_POINT('',(2.7139703669684,8.76520856983228,3.93480078054272));
#7726=CARTESIAN_POINT('',(3.2632310271317,8.78385422245708,3.49300254910158));
#7727=CARTESIAN_POINT('',(3.75214407877786,8.80293332661274,2.96273043910944));
#7728=CARTESIAN_POINT('',(4.15620921334346,8.82207199002444,2.36242196867544));
#7729=CARTESIAN_POINT('',(4.46308266753538,8.84109331907086,1.71209461101221));
#7730=CARTESIAN_POINT('',(4.66646424199062,8.8597968821361,1.03491966475597));
#7731=CARTESIAN_POINT('',(4.76861034061902,8.87854811330006,0.333477762075908));
#7732=CARTESIAN_POINT('',(4.76511947453498,8.89754183474104,-0.384603106387626));
#7733=CARTESIAN_POINT('',(4.65327229042182,8.91654233063634,-1.09414421415855));
#7734=CARTESIAN_POINT('',(4.4405512165684,8.9352666656641,-1.76930434157372));
#7735=CARTESIAN_POINT('',(4.12843353204454,8.95410465593572,-2.40934871462771));
#7736=CARTESIAN_POINT('',(3.7273624594207,8.97283291082102,-2.99284546880306));
#7737=CARTESIAN_POINT('',(3.23833742931676,8.9917811111948,-3.51621361615154));
#7738=CARTESIAN_POINT('',(2.68297752004896,9.01052029163864,-3.95606094674976));
#7739=CARTESIAN_POINT('',(2.06449370406733,9.02939096476336,-4.31155517958004));
#7740=CARTESIAN_POINT('',(1.39948448983619,9.04826964373694,-4.5706546042021));
#7741=CARTESIAN_POINT('',(0.708461356991902,9.06701230581466,-4.72722415411038));
#7742=CARTESIAN_POINT('',(0.236115384973061,9.07954215023422,-4.7625));
#7743=CARTESIAN_POINT('',(0.0,9.08580530534314,-4.7625));
#7744=CARTESIAN_POINT('',(4.7625,10.1955340990093,-1.80412999941986E-14));
#7745=CARTESIAN_POINT('',(4.7625,10.4736929959628,-1.59207387094432E-12));
#7746=CARTESIAN_POINT('',(4.7625,10.3345384720331,-5.83218776007907E-16));
#7747=VECTOR('',#10817,1.0);
#7748=CARTESIAN_POINT('',(0.0,10.3928196946543,-4.7625));
#7749=CARTESIAN_POINT('',(0.0,9.99594469465432,4.7625));
#7750=CARTESIAN_POINT('',(0.237489444646374,10.0022442978285,4.7625));
#7751=CARTESIAN_POINT('',(0.712466038626668,10.0148435041769,4.7269053523299));
#7752=CARTESIAN_POINT('',(1.40901745382103,10.0337423137021,4.5679221262279));
#7753=CARTESIAN_POINT('',(2.07409325488089,10.0526411232247,4.30689906809218));
#7754=CARTESIAN_POINT('',(2.69283737193958,10.0715399327498,3.94966700171192));
#7755=CARTESIAN_POINT('',(3.25142791652664,10.0904387422724,3.50420590113984));
#7756=CARTESIAN_POINT('',(3.73738694375574,10.1093375517975,2.98046663126462));
#7757=CARTESIAN_POINT('',(4.13985891997096,10.1282363613201,2.39014866191765));
#7758=CARTESIAN_POINT('',(4.44985328950346,10.1471351708453,1.74643872106579));
#7759=CARTESIAN_POINT('',(4.66044528952766,10.1660339803679,1.06371622508857));
#7760=CARTESIAN_POINT('',(4.76693064298528,10.184932789893,0.357232066381022));
#7761=CARTESIAN_POINT('',(4.76693064298528,10.2038315994156,-0.357232066381022));
#7762=CARTESIAN_POINT('',(4.66044528952766,10.2227304089408,-1.06371622508882));
#7763=CARTESIAN_POINT('',(4.44985328950346,10.2416292184634,-1.74643872106579));
#7764=CARTESIAN_POINT('',(4.13985891997096,10.2605280279885,-2.39014866191765));
#7765=CARTESIAN_POINT('',(3.73738694375574,10.2794268375111,-2.98046663126462));
#7766=CARTESIAN_POINT('',(3.25142791652664,10.2983256470362,-3.50420590113984));
#7767=CARTESIAN_POINT('',(2.69283737193958,10.3172244565588,-3.94966700171192));
#7768=CARTESIAN_POINT('',(2.07409325488089,10.336123266084,-4.30689906809218));
#7769=CARTESIAN_POINT('',(1.40901745382103,10.3550220756066,-4.5679221262279));
#7770=CARTESIAN_POINT('',(0.712466038626668,10.3739208851317,-4.7269053523299));
#7771=CARTESIAN_POINT('',(0.237489444646348,10.3865200914801,-4.7625));
#7772=CARTESIAN_POINT('',(0.0,10.3928196946543,-4.7625));
#7773=CARTESIAN_POINT('',(0.0,10.6733053053457,-4.7625));
#7774=CARTESIAN_POINT('',(0.0,10.6733053053457,-4.7625));
#7775=VECTOR('',#10818,0.280485610690852);
#7776=CARTESIAN_POINT('',(4.17341056370828,10.5383678053457,-2.29435187290938));
#7777=CARTESIAN_POINT('',(4.17341056370828,10.5383678053457,-2.29435187290938));
#7778=CARTESIAN_POINT('',(4.05691268014622,10.5447822916353,-2.5062607364337));
#7779=CARTESIAN_POINT('',(3.7914387332618,10.5576284935654,-2.91302700858));
#7780=CARTESIAN_POINT('',(3.29926421734356,10.5770981873971,-3.4604272625835));
#7781=CARTESIAN_POINT('',(2.73639648868198,10.5963221634804,-3.92035177610322));
#7782=CARTESIAN_POINT('',(2.10948150754163,10.6155768305819,-4.29033284632502));
#7783=CARTESIAN_POINT('',(1.43651903638366,10.6347515513789,-4.56002700521096));
#7784=CARTESIAN_POINT('',(0.725349189056658,10.65406547745,-4.72572655906138));
#7785=CARTESIAN_POINT('',(0.241763509370668,10.6668923290835,-4.7625));
#7786=CARTESIAN_POINT('',(0.0,10.6733053053457,-4.7625));
#7787=CARTESIAN_POINT('',(0.0,10.2764303053457,4.7625));
#7788=CARTESIAN_POINT('',(0.233087797236707,10.2826131511969,4.7625));
#7789=CARTESIAN_POINT('',(0.701673208906046,10.2950416090272,4.72833334510002));
#7790=CARTESIAN_POINT('',(1.39954963879581,10.313965116311,4.57098755305868));
#7791=CARTESIAN_POINT('',(2.06605168304331,10.3328918776877,4.31063630633524));
#7792=CARTESIAN_POINT('',(2.67830479280058,10.3515750147156,3.95862567272012));
#7793=CARTESIAN_POINT('',(3.22706374920986,10.3700585092878,3.52610679936488));
#7794=CARTESIAN_POINT('',(3.7175507958589,10.3889807179279,3.00545299764688));
#7795=CARTESIAN_POINT('',(4.12467678700788,10.4079204365457,2.41637474808031));
#7796=CARTESIAN_POINT('',(4.43718679731554,10.4267509058113,1.7768259496463));
#7797=CARTESIAN_POINT('',(4.64783621448678,10.4451576631964,1.11367934400389));
#7798=CARTESIAN_POINT('',(4.7614681849567,10.4637469139807,0.420263487590216));
#7799=CARTESIAN_POINT('',(4.77138539946818,10.4825608004854,-0.29093050053687));
#7800=CARTESIAN_POINT('',(4.67504115738438,10.5013668759898,-0.99528676983396));
#7801=CARTESIAN_POINT('',(4.47954505097834,10.51986122814,-1.66651727326537));
#7802=CARTESIAN_POINT('',(4.28527353066516,10.5322085220509,-2.09087389139498));
#7803=CARTESIAN_POINT('',(4.17341056370828,10.5383678053457,-2.29435187290938));
#7804=CARTESIAN_POINT('',(4.7625,9.40155808770473,-7.77173701641595E-15));
#7805=CARTESIAN_POINT('',(4.7625,9.67997137620214,2.0677624519447E-12));
#7806=CARTESIAN_POINT('',(4.7625,9.54110134877403,-5.83218776007907E-16));
#7807=VECTOR('',#10819,1.0);
#7808=CARTESIAN_POINT('',(0.0,9.59906969465432,-4.7625));
#7809=CARTESIAN_POINT('',(0.0,9.20219469465432,4.7625));
#7810=CARTESIAN_POINT('',(0.237489444646374,9.20849429782852,4.7625));
#7811=CARTESIAN_POINT('',(0.712466038626668,9.22109350417692,4.7269053523299));
#7812=CARTESIAN_POINT('',(1.40901745382103,9.23999231370206,4.5679221262279));
#7813=CARTESIAN_POINT('',(2.07409325488063,9.25889112322466,4.30689906809218));
#7814=CARTESIAN_POINT('',(2.69283737193958,9.2777899327498,3.94966700171192));
#7815=CARTESIAN_POINT('',(3.25142791652664,9.2966887422724,3.50420590113984));
#7816=CARTESIAN_POINT('',(3.73738694375574,9.31558755179754,2.98046663126462));
#7817=CARTESIAN_POINT('',(4.13985891997096,9.33448636132014,2.39014866191765));
#7818=CARTESIAN_POINT('',(4.44985328950346,9.35338517084528,1.74643872106579));
#7819=CARTESIAN_POINT('',(4.66044528952766,9.37228398036788,1.06371622508857));
#7820=CARTESIAN_POINT('',(4.76693064298528,9.39118278989302,0.357232066381022));
#7821=CARTESIAN_POINT('',(4.76693064298528,9.41008159941562,-0.357232066381022));
#7822=CARTESIAN_POINT('',(4.66044528952766,9.42898040893822,-1.06371622508882));
#7823=CARTESIAN_POINT('',(4.44985328950346,9.44787921846336,-1.74643872106579));
#7824=CARTESIAN_POINT('',(4.13985891997096,9.46677802798596,-2.39014866191765));
#7825=CARTESIAN_POINT('',(3.73738694375574,9.4856768375111,-2.98046663126462));
#7826=CARTESIAN_POINT('',(3.25142791652664,9.5045756470337,-3.50420590113984));
#7827=CARTESIAN_POINT('',(2.69283737193958,9.52347445655884,-3.94966700171192));
#7828=CARTESIAN_POINT('',(2.07409325488063,9.54237326608144,-4.30689906809218));
#7829=CARTESIAN_POINT('',(1.40901745382103,9.56127207560658,-4.5679221262279));
#7830=CARTESIAN_POINT('',(0.712466038626668,9.58017088512918,-4.7269053523299));
#7831=CARTESIAN_POINT('',(0.237489444646374,9.59277009148012,-4.7625));
#7832=CARTESIAN_POINT('',(0.0,9.59906969465432,-4.7625));
#7833=CARTESIAN_POINT('',(0.0,9.87955530534568,-4.7625));
#7834=CARTESIAN_POINT('',(0.0,9.87955530534568,-4.7625));
#7835=VECTOR('',#10820,0.280485610691106);
#7836=CARTESIAN_POINT('',(0.0,9.87955530534568,-4.7625));
#7837=CARTESIAN_POINT('',(0.236282267515368,9.87328772353746,-4.7625));
#7838=CARTESIAN_POINT('',(0.711368056293554,9.86068699280298,-4.72739954894628));
#7839=CARTESIAN_POINT('',(1.41888182299903,9.84148996058498,-4.56555746152112));
#7840=CARTESIAN_POINT('',(2.09351885105197,9.82229469648638,-4.29797218531098));
#7841=CARTESIAN_POINT('',(2.71244450525,9.8033259818534,-3.93585161027748));
#7842=CARTESIAN_POINT('',(3.26268034622646,9.78465344089528,-3.49363629604084));
#7843=CARTESIAN_POINT('',(3.75274386603904,9.76552876145866,-2.96207051030738));
#7844=CARTESIAN_POINT('',(4.15701568243918,9.74637199479386,-2.36106450124535));
#7845=CARTESIAN_POINT('',(4.46373826923662,9.72734176872688,-1.71030052458007));
#7846=CARTESIAN_POINT('',(4.6666392006374,9.70866571314536,-1.03406586452276));
#7847=CARTESIAN_POINT('',(4.76880951395956,9.68988946320492,-0.331671065736298));
#7848=CARTESIAN_POINT('',(4.76491143319338,9.67086641777382,0.387523429319638));
#7849=CARTESIAN_POINT('',(4.65256609391194,9.65186081606958,1.09718707239972));
#7850=CARTESIAN_POINT('',(4.43939456305748,9.63314056014466,1.77203340735612));
#7851=CARTESIAN_POINT('',(4.12776073441376,9.6143470374727,2.41044349598729));
#7852=CARTESIAN_POINT('',(3.72606139283564,9.59559580414974,2.99455918359508));
#7853=CARTESIAN_POINT('',(3.23638527270038,9.57663450493754,3.51800459705014));
#7854=CARTESIAN_POINT('',(2.68101146642964,9.55790278297764,3.95738395546772));
#7855=CARTESIAN_POINT('',(2.06286028781956,9.53904791391072,4.31223043520692));
#7856=CARTESIAN_POINT('',(1.3999961636325,9.52023052216788,4.57045383735192));
#7857=CARTESIAN_POINT('',(0.70822190723128,9.50146663855272,4.72729870646064));
#7858=CARTESIAN_POINT('',(0.236065207254011,9.48894212944888,4.7625));
#7859=CARTESIAN_POINT('',(0.0,9.48268030534568,4.7625));
#7860=CARTESIAN_POINT('',(4.76249999999999,10.9892945003635,-8.79869331419422E-15));
#7861=CARTESIAN_POINT('',(4.7625,11.2684460669772,3.98221362704837E-14));
#7862=CARTESIAN_POINT('',(4.7625,11.1282083415471,-5.83218776007907E-16));
#7863=VECTOR('',#10821,1.0);
#7864=CARTESIAN_POINT('',(4.17341056370828,11.0516321946543,-2.29435187290938));
#7865=CARTESIAN_POINT('',(0.0,10.7896946946543,4.7625));
#7866=CARTESIAN_POINT('',(0.235114550199906,10.7959313017975,4.7625));
#7867=CARTESIAN_POINT('',(0.705341467896158,10.808404516084,4.72761498006482));
#7868=CARTESIAN_POINT('',(1.39524040403533,10.8271143375111,4.57177808212532));
#7869=CARTESIAN_POINT('',(2.05459060310674,10.8458241589408,4.31584380694384));
#7870=CARTESIAN_POINT('',(2.6689564321679,10.8645339803679,3.96541574010008));
#7871=CARTESIAN_POINT('',(3.22488642121248,10.8832438017975,3.5281663734982));
#7872=CARTESIAN_POINT('',(3.71020873299162,10.9019536232272,3.01366911911148));
#7873=CARTESIAN_POINT('',(4.11429740483044,10.9206634446543,2.43318870238452));
#7874=CARTESIAN_POINT('',(4.42830506932084,10.939373266084,1.79943452641788));
#7875=CARTESIAN_POINT('',(4.64535664338294,10.9580830875111,1.12628240001667));
#7876=CARTESIAN_POINT('',(4.76069986941434,10.9767929089408,0.42847074812156));
#7877=CARTESIAN_POINT('',(4.77180932987254,10.9955027303679,-0.278722140586862));
#7878=CARTESIAN_POINT('',(4.67844186394338,11.0142125517975,-0.979812401917632));
#7879=CARTESIAN_POINT('',(4.48264143136164,11.0329223732272,-1.65945044635536));
#7880=CARTESIAN_POINT('',(4.28667786210338,11.0453955875111,-2.08831942199365));
#7881=CARTESIAN_POINT('',(4.17341056370828,11.0516321946543,-2.29435187290938));
#7882=CARTESIAN_POINT('',(0.0,11.1865696946543,-4.7625));
#7883=CARTESIAN_POINT('',(4.17341056370828,11.0516321946543,-2.29435187290938));
#7884=CARTESIAN_POINT('',(4.07129837803466,11.0572545904885,-2.48009324911372));
#7885=CARTESIAN_POINT('',(3.84223800949388,11.0684993821543,-2.83792081407082));
#7886=CARTESIAN_POINT('',(3.43025317756476,11.0853665696543,-3.324146649509));
#7887=CARTESIAN_POINT('',(2.9572082388356,11.1022337571543,-3.75120075052228));
#7888=CARTESIAN_POINT('',(2.4315234686266,11.1191009446543,-4.11148164832074));
#7889=CARTESIAN_POINT('',(1.86255634172543,11.1359681321543,-4.39857607782898));
#7890=CARTESIAN_POINT('',(1.2604348430191,11.1528353196543,-4.60737363539432));
#7891=CARTESIAN_POINT('',(0.63587668895909,11.1697025071543,-4.73415761302474));
#7892=CARTESIAN_POINT('',(0.211959329346889,11.1809472988227,-4.7625));
#7893=CARTESIAN_POINT('',(0.0,11.1865696946543,-4.7625));
#7894=CARTESIAN_POINT('',(0.0,11.4670553053457,-4.7625));
#7895=CARTESIAN_POINT('',(0.0,11.4670553053457,-4.7625));
#7896=VECTOR('',#10822,0.280485610690344);
#7897=CARTESIAN_POINT('',(0.0,11.0701803053457,4.7625));
#7898=CARTESIAN_POINT('',(0.235889338038262,11.0764374643731,4.7625));
#7899=CARTESIAN_POINT('',(0.708354946229362,11.0889706408231,4.72724181076544));
#7900=CARTESIAN_POINT('',(1.40030224397691,11.1077371349614,4.57057689014874));
#7901=CARTESIAN_POINT('',(2.06952028013531,11.126739895701,4.3093373726339));
#7902=CARTESIAN_POINT('',(2.68867401289522,11.1456462493309,3.95224669372804));
#7903=CARTESIAN_POINT('',(3.24381174112656,11.164402781419,3.511087585507));
#7904=CARTESIAN_POINT('',(3.7305311784452,11.1832890068774,2.98877526435268));
#7905=CARTESIAN_POINT('',(4.13161234057642,11.2020414040461,2.40417628656212));
#7906=CARTESIAN_POINT('',(4.44398602890628,11.2209589306357,1.76089963185968));
#7907=CARTESIAN_POINT('',(4.6554351211152,11.2396929019205,1.08494104959819));
#7908=CARTESIAN_POINT('',(4.76569259296456,11.2586807458498,0.37565731124674));
#7909=CARTESIAN_POINT('',(4.76814398801858,11.2775695463754,-0.33845530270069));
#7910=CARTESIAN_POINT('',(4.66534161233596,11.2963381367731,-1.04045765893777));
#7911=CARTESIAN_POINT('',(4.46051251558654,11.3150824960712,-1.718817267337));
#7912=CARTESIAN_POINT('',(4.15297740057926,11.3340840860258,-2.36801508931951));
#7913=CARTESIAN_POINT('',(3.7490536927971,11.3531765587297,-2.9662747577993));
#7914=CARTESIAN_POINT('',(3.2637595639207,11.3721083738429,-3.49229756704952));
#7915=CARTESIAN_POINT('',(2.71436194306358,11.3907660582598,-3.93462320294766));
#7916=CARTESIAN_POINT('',(2.09437587000773,11.4097700412372,-4.29760706517508));
#7917=CARTESIAN_POINT('',(1.41925443039885,11.4289798063254,-4.56546244735504));
#7918=CARTESIAN_POINT('',(0.711386209928062,11.448186554211,-4.72740943376268));
#7919=CARTESIAN_POINT('',(0.236258449783298,11.4607883553244,-4.7625));
#7920=CARTESIAN_POINT('',(0.0,11.4670553053457,-4.7625));
#7921=CARTESIAN_POINT('',(-4.7625,6.2738,5.83217870460964E-16));
#7922=CARTESIAN_POINT('',(-4.7625,6.10924280534568,0.0));
#7923=CARTESIAN_POINT('',(-4.7625,6.14755911121993,5.83217870460964E-16));
#7924=VECTOR('',#10823,1.0);
#7925=CARTESIAN_POINT('',(4.42048662611092,6.2738,-1.77220321587833));
#7926=AXIS2_PLACEMENT_3D('',#10824,#10825,#10826);
#7927=CARTESIAN_POINT('',(4.7625,6.22563219465432,0.0));
#7928=CARTESIAN_POINT('',(4.42048662611092,6.2738,-1.77220321587833));
#7929=CARTESIAN_POINT('',(4.49616167674172,6.26840560095392,-1.58344351481885));
#7930=CARTESIAN_POINT('',(4.62300857630116,6.2576441049433,-1.19720228415783));
#7931=CARTESIAN_POINT('',(4.73767363708742,6.24150451929772,-0.598403455924502));
#7932=CARTESIAN_POINT('',(4.7625,6.23090506352436,-0.198782473208833));
#7933=CARTESIAN_POINT('',(4.7625,6.22563219465432,0.0));
#7934=CARTESIAN_POINT('',(4.7625,6.0198,0.0));
#7935=CARTESIAN_POINT('',(4.7625,6.0198,0.0));
#7936=VECTOR('',#10827,0.205832194654777);
#7937=CARTESIAN_POINT('',(-3.6178580934286,6.0198,-3.09717759675002));
#7938=AXIS2_PLACEMENT_3D('',#10828,#10829,#10830);
#7939=CARTESIAN_POINT('',(-3.6178580934286,6.0198,-3.09717759675002));
#7940=CARTESIAN_POINT('',(-3.7389544074077,6.0247393373019,-2.95572323518128));
#7941=CARTESIAN_POINT('',(-3.96459526417944,6.03462224240016,-2.65844374616258));
#7942=CARTESIAN_POINT('',(-4.24797970816634,6.04941005103378,-2.1772419629638));
#7943=CARTESIAN_POINT('',(-4.47487465497752,6.06430903212476,-1.66236549729385));
#7944=CARTESIAN_POINT('',(-4.6407297683187,6.07934499819958,-1.11927674280221));
#7945=CARTESIAN_POINT('',(-4.74063122952376,6.09437524539582,-0.560507521406896));
#7946=CARTESIAN_POINT('',(-4.7625,6.10429798847384,-0.186415204249516));
#7947=CARTESIAN_POINT('',(-4.7625,6.10924280534568,0.0));
#7948=CARTESIAN_POINT('',(2.01361488358603E-16,6.30751504001196,4.7625));
#7949=CARTESIAN_POINT('',(5.83134218218794E-16,6.0198,4.7625));
#7950=CARTESIAN_POINT('',(5.83134218218794E-16,6.36267062001516,4.7625));
#7951=VECTOR('',#10831,1.0);
#7952=CARTESIAN_POINT('',(-1.26200101982629,6.2738,4.5922499579125));
#7953=CARTESIAN_POINT('',(-1.26200101982629,6.2738,4.5922499579125));
#7954=CARTESIAN_POINT('',(-1.03505896837653,6.28004299989142,4.65461614072116));
#7955=CARTESIAN_POINT('',(-0.571915950549352,6.29252894480772,4.7456408630173));
#7956=CARTESIAN_POINT('',(0.135354274943538,6.31125803792858,4.77806089968586));
#7957=CARTESIAN_POINT('',(0.83962286509432,6.32998628573236,4.70565774381174));
#7958=CARTESIAN_POINT('',(1.5254860856232,6.34871492012668,4.53001968861408));
#7959=CARTESIAN_POINT('',(2.17787447036681,6.36744333021614,4.2550022007101));
#7960=CARTESIAN_POINT('',(2.78248348139986,6.38617170025234,3.8866397722472));
#7961=CARTESIAN_POINT('',(3.32605603012508,6.40490026537578,3.4330073366894));
#7962=CARTESIAN_POINT('',(3.79666610711234,6.42362909607654,2.9040518250572));
#7963=CARTESIAN_POINT('',(4.1839786220311,6.44235783880186,2.31138661547229));
#7964=CARTESIAN_POINT('',(4.47949532145626,6.4610862588786,1.66802391578751));
#7965=CARTESIAN_POINT('',(4.6767419827051,6.47981477287946,0.988064745611032));
#7966=CARTESIAN_POINT('',(4.77138967063312,6.49854364422784,0.286415413093352));
#7967=CARTESIAN_POINT('',(4.7613558784376,6.51727264017846,-0.421522444504606));
#7968=CARTESIAN_POINT('',(4.64686302899348,6.53600127941402,-1.12019892952705));
#7969=CARTESIAN_POINT('',(4.43043082152602,6.55472954019974,-1.79428663437256));
#7970=CARTESIAN_POINT('',(4.11679881755176,6.57345816034466,-2.4290238803093));
#7971=CARTESIAN_POINT('',(3.7128438822857,6.59218701315866,-3.01047844760104));
#7972=CARTESIAN_POINT('',(3.22743755341526,6.6109156587366,-3.52587975292286));
#7973=CARTESIAN_POINT('',(2.67124672143288,6.62964363620818,-3.96391352622618));
#7974=CARTESIAN_POINT('',(2.05646825742864,6.64837129961638,-4.3149867949012));
#7975=CARTESIAN_POINT('',(1.39656007361696,6.66709947514954,-4.57141136805814));
#7976=CARTESIAN_POINT('',(0.706010393567194,6.68582774256466,-4.72754946838482));
#7977=CARTESIAN_POINT('',(0.235335839114426,6.69831282833104,-4.7625));
#7978=CARTESIAN_POINT('',(0.0,6.70455530534568,-4.7625));
#7979=CARTESIAN_POINT('',(-4.7625,6.10924280534568,0.0));
#7980=CARTESIAN_POINT('',(-4.7625,6.11532941834896,0.229459904336957));
#7981=CARTESIAN_POINT('',(-4.729151806727,6.12750702482428,0.688519644513202));
#7982=CARTESIAN_POINT('',(-4.58147024621822,6.14570462118746,1.36031619991283));
#7983=CARTESIAN_POINT('',(-4.33609213679508,6.16407926847416,2.01004971614043));
#7984=CARTESIAN_POINT('',(-4.0001059338844,6.18238988040506,2.61514201277638));
#7985=CARTESIAN_POINT('',(-3.58179121502402,6.20064998081646,3.1641259490659));
#7986=CARTESIAN_POINT('',(-3.08575924091012,6.21901210238526,3.64957956683592));
#7987=CARTESIAN_POINT('',(-2.5272436116157,6.23728895524982,4.05616416373622));
#7988=CARTESIAN_POINT('',(-1.91773408511954,6.25551779826374,4.37744295359798));
#7989=CARTESIAN_POINT('',(-1.48360029157453,6.26770397583444,4.53135202999054));
#7990=CARTESIAN_POINT('',(-1.26200101982629,6.2738,4.5922499579125));
#7991=AXIS2_PLACEMENT_3D('',#10832,#10833,#10834);
#7992=CARTESIAN_POINT('',(6.7564,3.429,1.44638256449961E-16));
#7993=CARTESIAN_POINT('',(6.7564,3.9624,1.44638256449961E-16));
#7994=CARTESIAN_POINT('',(6.7564,3.6957,1.44638256449961E-16));
#7995=VECTOR('',#10835,1.0);
#7996=CARTESIAN_POINT('',(7.89884372769174,3.429,1.18046723910968));
#7997=AXIS2_PLACEMENT_3D('',#10836,#10837,#10838);
#7998=CARTESIAN_POINT('',(7.9375,3.429,1.1811));
#7999=AXIS2_PLACEMENT_3D('',#10839,#10840,#10841);
#8000=CARTESIAN_POINT('',(7.9375,3.9624,1.1811));
#8001=CARTESIAN_POINT('',(7.9375,3.429,1.1811));
#8002=VECTOR('',#10842,0.5334);
#8003=AXIS2_PLACEMENT_3D('',#10843,#10844,#10845);
#8004=CARTESIAN_POINT('',(7.89053055085125,3.175,1.43433116149886));
#8005=AXIS2_PLACEMENT_3D('',#10846,#10847,#10848);
#8006=CARTESIAN_POINT('',(7.9375,3.429,-1.1811));
#8007=AXIS2_PLACEMENT_3D('',#10849,#10850,#10851);
#8008=CARTESIAN_POINT('',(7.9375,3.175,-1.4351));
#8009=AXIS2_PLACEMENT_3D('',#10852,#10853,#10854);
#8010=CARTESIAN_POINT('',(6.8016729600127,3.175,-0.877159589269642));
#8011=AXIS2_PLACEMENT_3D('',#10855,#10856,#10857);
#8012=CARTESIAN_POINT('',(6.80167296228854,3.175,0.877159571609022));
#8013=AXIS2_PLACEMENT_3D('',#10858,#10859,#10860);
#8014=AXIS2_PLACEMENT_3D('',#10861,#10862,#10863);
#8015=CARTESIAN_POINT('',(-6.858,2.93093651597262,-7.86581539193623E-13));
#8016=CARTESIAN_POINT('',(-6.858,3.175,8.39835037451386E-16));
#8017=CARTESIAN_POINT('',(-6.858,3.05219442843815,8.39835037451386E-16));
#8018=VECTOR('',#10864,1.0);
#8019=CARTESIAN_POINT('',(-6.4135,2.9972,2.42882312036106));
#8020=CARTESIAN_POINT('',(-6.4135,2.9972,-2.42882312036106));
#8021=CARTESIAN_POINT('',(-6.47505057229358,2.9972,-2.26629395465093));
#8022=CARTESIAN_POINT('',(-6.58818348787134,2.98981686846454,-1.93114475924352));
#8023=CARTESIAN_POINT('',(-6.72533578989334,2.96647109027684,-1.38192231414908));
#8024=CARTESIAN_POINT('',(-6.8154245840207,2.94374083776944,-0.8278305863599));
#8025=CARTESIAN_POINT('',(-6.8598481319781,2.93039467695356,-0.275670091646522));
#8026=CARTESIAN_POINT('',(-6.85986787259648,2.9303888568763,0.275040438911418));
#8027=CARTESIAN_POINT('',(-6.81553214260416,2.94370813390546,0.826831546117446));
#8028=CARTESIAN_POINT('',(-6.72558685339426,2.96641991787474,1.3807818574488));
#8029=CARTESIAN_POINT('',(-6.5882337239126,2.9898176362659,1.93105160566351));
#8030=CARTESIAN_POINT('',(-6.47505515450438,2.9972,2.26628185496291));
#8031=CARTESIAN_POINT('',(-6.4135,2.9972,2.42882312036106));
#8032=CARTESIAN_POINT('',(6.4135,2.9972,2.42882312036106));
#8033=AXIS2_PLACEMENT_3D('',#10865,#10866,#10867);
#8034=CARTESIAN_POINT('',(6.80167296,2.94693598487926,0.877159589359304));
#8035=CARTESIAN_POINT('',(6.4135,2.9972,2.42882312036106));
#8036=CARTESIAN_POINT('',(6.4371808881601,2.9972,2.36629185781449));
#8037=CARTESIAN_POINT('',(6.48269481335,2.99609854614754,2.24058922622457));
#8038=CARTESIAN_POINT('',(6.54544404815354,2.9918744709,2.0500572068657));
#8039=CARTESIAN_POINT('',(6.60256710088206,2.98575615375388,1.85786570986288));
#8040=CARTESIAN_POINT('',(6.6540282270071,2.97836728370564,1.66416734238459));
#8041=CARTESIAN_POINT('',(6.69978370599126,2.97028113304536,1.46915955944488));
#8042=CARTESIAN_POINT('',(6.73981859494342,2.96201606372336,1.27294109256307));
#8043=CARTESIAN_POINT('',(6.7741135798636,2.95403779544828,1.07560231315836));
#8044=CARTESIAN_POINT('',(6.79312791873858,2.94918669599124,0.943419568492878));
#8045=CARTESIAN_POINT('',(6.80167296,2.94693598487926,0.877159589359304));
#8046=CARTESIAN_POINT('',(6.80167296,2.94693598487926,0.877159589359304));
#8047=VECTOR('',#10868,0.228064015121832);
#8048=AXIS2_PLACEMENT_3D('',#10869,#10870,#10871);
#8049=CARTESIAN_POINT('',(4.77999999999993,-15.367,-6.35));
#8050=CARTESIAN_POINT('',(4.77999999999993,-14.224,-6.35));
#8051=CARTESIAN_POINT('',(4.77999999999993,-15.367,-6.35));
#8052=VECTOR('',#10872,1.0);
#8053=CARTESIAN_POINT('',(6.35,-15.367,-7.9199999999988));
#8054=AXIS2_PLACEMENT_3D('',#10873,#10874,#10875);
#8055=CARTESIAN_POINT('',(6.35,-14.224,-7.9199999999988));
#8056=CARTESIAN_POINT('',(6.35,-15.367,-7.9199999999988));
#8057=VECTOR('',#10876,1.143);
#8058=AXIS2_PLACEMENT_3D('',#10877,#10878,#10879);
#8059=CARTESIAN_POINT('',(-4.77999999999993,-14.224,-6.35));
#8060=CARTESIAN_POINT('',(-4.77999999999993,-15.367,-6.35));
#8061=CARTESIAN_POINT('',(-4.77999999999993,-15.367,-6.35));
#8062=VECTOR('',#10880,1.0);
#8063=CARTESIAN_POINT('',(-6.35,-14.224,-7.9199999999988));
#8064=AXIS2_PLACEMENT_3D('',#10881,#10882,#10883);
#8065=CARTESIAN_POINT('',(-6.35,-15.367,-7.9199999999988));
#8066=CARTESIAN_POINT('',(-6.35,-15.367,-7.9199999999988));
#8067=VECTOR('',#10884,1.143);
#8068=AXIS2_PLACEMENT_3D('',#10885,#10886,#10887);
#8069=CARTESIAN_POINT('',(-0.444999999999998,-15.367,-9.55999999999986));
#8070=CARTESIAN_POINT('',(-0.444999999999998,-14.224,-9.55999999999986));
#8071=CARTESIAN_POINT('',(-0.444999999999998,-14.7955,-9.55999999999986));
#8072=VECTOR('',#10888,1.0);
#8073=CARTESIAN_POINT('',(-0.3175,-14.224,-9.24820078576108));
#8074=AXIS2_PLACEMENT_3D('',#10889,#10890,#10891);
#8075=CARTESIAN_POINT('',(-0.3175,-15.367,-9.24820078576108));
#8076=CARTESIAN_POINT('',(-0.3175,-15.367,-9.24820078576108));
#8077=VECTOR('',#10892,1.143);
#8078=AXIS2_PLACEMENT_3D('',#10893,#10894,#10895);
#8079=CARTESIAN_POINT('',(0.444999999999998,-14.224,-9.55999999999986));
#8080=CARTESIAN_POINT('',(0.444999999999998,-15.367,-9.55999999999986));
#8081=CARTESIAN_POINT('',(0.444999999999998,-14.7955,-9.55999999999986));
#8082=VECTOR('',#10896,1.0);
#8083=AXIS2_PLACEMENT_3D('',#10897,#10898,#10899);
#8084=AXIS2_PLACEMENT_3D('',#10900,#10901,#10902);
#8085=CARTESIAN_POINT('',(-4.7625,-14.224,-9.8425));
#8086=CARTESIAN_POINT('',(-4.7625,-23.7498000000002,-9.8425));
#8087=CARTESIAN_POINT('',(-4.7625,-14.224,-9.8425));
#8088=VECTOR('',#10903,9.5258000000002);
#8089=CARTESIAN_POINT('',(-5.3975,-23.7498000000002,-9.8425));
#8090=CARTESIAN_POINT('',(-5.3975,-23.7498000000002,-9.8425));
#8091=VECTOR('',#10904,0.635);
#8092=CARTESIAN_POINT('',(-5.3975,-14.224,-9.8425));
#8093=CARTESIAN_POINT('',(-5.3975,-14.224,-9.8425));
#8094=VECTOR('',#10905,9.5258000000002);
#8095=CARTESIAN_POINT('',(-5.3975,-14.224,-9.8425));
#8096=VECTOR('',#10906,0.635);
#8097=CARTESIAN_POINT('',(-0.3175,-14.224,-9.8425));
#8098=CARTESIAN_POINT('',(0.3175,-14.224,-9.8425));
#8099=CARTESIAN_POINT('',(-0.3175,-14.224,-9.8425));
#8100=VECTOR('',#10907,0.635);
#8101=CARTESIAN_POINT('',(-0.3175,-14.224,-9.24820078576108));
#8102=VECTOR('',#10908,0.59429921423892);
#8103=CARTESIAN_POINT('',(0.3175,-14.224,-9.24820078576108));
#8104=AXIS2_PLACEMENT_3D('',#10909,#10910,#10911);
#8105=CARTESIAN_POINT('',(0.3175,-14.224,-9.8425));
#8106=VECTOR('',#10912,0.59429921423892);
#8107=CARTESIAN_POINT('',(-0.271604031634386,-14.224,-9.2075));
#8108=CARTESIAN_POINT('',(0.271604031634386,-14.224,-9.2075));
#8109=AXIS2_PLACEMENT_3D('',#10913,#10914,#10915);
#8110=CARTESIAN_POINT('',(0.271604031634386,-14.224,-9.2075));
#8111=VECTOR('',#10916,0.543208063268518);
#8112=CARTESIAN_POINT('',(-2.8575,-14.224,-9.8425));
#8113=CARTESIAN_POINT('',(-2.2225,-14.224,-9.8425));
#8114=CARTESIAN_POINT('',(-2.8575,-14.224,-9.8425));
#8115=VECTOR('',#10917,0.635);
#8116=CARTESIAN_POINT('',(-2.8575,-14.224,-9.24820078576108));
#8117=VECTOR('',#10918,0.59429921423892);
#8118=CARTESIAN_POINT('',(-2.2225,-14.224,-9.24820078576108));
#8119=AXIS2_PLACEMENT_3D('',#10919,#10920,#10921);
#8120=CARTESIAN_POINT('',(-2.2225,-14.224,-9.8425));
#8121=VECTOR('',#10922,0.59429921423892);
#8122=CARTESIAN_POINT('',(-2.81160403163464,-14.224,-9.2075));
#8123=CARTESIAN_POINT('',(-2.26839596836561,-14.224,-9.2075));
#8124=AXIS2_PLACEMENT_3D('',#10923,#10924,#10925);
#8125=CARTESIAN_POINT('',(-2.26839596836561,-14.224,-9.2075));
#8126=VECTOR('',#10926,0.543208063268518);
#8127=CARTESIAN_POINT('',(-5.3975,-14.224,-9.24820078576108));
#8128=VECTOR('',#10927,0.59429921423892);
#8129=CARTESIAN_POINT('',(-4.7625,-14.224,-9.24820078576108));
#8130=AXIS2_PLACEMENT_3D('',#10928,#10929,#10930);
#8131=CARTESIAN_POINT('',(-4.7625,-14.224,-9.8425));
#8132=VECTOR('',#10931,0.59429921423892);
#8133=CARTESIAN_POINT('',(-5.35160403163464,-14.224,-9.2075));
#8134=CARTESIAN_POINT('',(-4.80839596836536,-14.224,-9.2075));
#8135=AXIS2_PLACEMENT_3D('',#10932,#10933,#10934);
#8136=CARTESIAN_POINT('',(-4.80839596836536,-14.224,-9.2075));
#8137=VECTOR('',#10935,0.543208063268518);
#8138=CARTESIAN_POINT('',(2.2225,-14.224,-9.8425));
#8139=CARTESIAN_POINT('',(2.8575,-14.224,-9.8425));
#8140=CARTESIAN_POINT('',(2.2225,-14.224,-9.8425));
#8141=VECTOR('',#10936,0.635);
#8142=CARTESIAN_POINT('',(2.2225,-14.224,-9.24820078576108));
#8143=VECTOR('',#10937,0.59429921423892);
#8144=CARTESIAN_POINT('',(2.8575,-14.224,-9.24820078576108));
#8145=AXIS2_PLACEMENT_3D('',#10938,#10939,#10940);
#8146=CARTESIAN_POINT('',(2.8575,-14.224,-9.8425));
#8147=VECTOR('',#10941,0.59429921423892);
#8148=CARTESIAN_POINT('',(2.26839596836561,-14.224,-9.2075));
#8149=CARTESIAN_POINT('',(2.81160403163464,-14.224,-9.2075));
#8150=AXIS2_PLACEMENT_3D('',#10942,#10943,#10944);
#8151=CARTESIAN_POINT('',(2.81160403163464,-14.224,-9.2075));
#8152=VECTOR('',#10945,0.543208063268518);
#8153=CARTESIAN_POINT('',(4.7625,-14.224,-9.8425));
#8154=CARTESIAN_POINT('',(5.3975,-14.224,-9.8425));
#8155=CARTESIAN_POINT('',(4.7625,-14.224,-9.8425));
#8156=VECTOR('',#10946,0.635);
#8157=CARTESIAN_POINT('',(4.7625,-14.224,-9.24820078576108));
#8158=VECTOR('',#10947,0.59429921423892);
#8159=CARTESIAN_POINT('',(5.3975,-14.224,-9.24820078576108));
#8160=AXIS2_PLACEMENT_3D('',#10948,#10949,#10950);
#8161=CARTESIAN_POINT('',(5.3975,-14.224,-9.8425));
#8162=VECTOR('',#10951,0.59429921423892);
#8163=CARTESIAN_POINT('',(4.80839596836536,-14.224,-9.2075));
#8164=CARTESIAN_POINT('',(5.35160403163464,-14.224,-9.2075));
#8165=AXIS2_PLACEMENT_3D('',#10952,#10953,#10954);
#8166=CARTESIAN_POINT('',(5.35160403163464,-14.224,-9.2075));
#8167=VECTOR('',#10955,0.543208063268518);
#8168=CARTESIAN_POINT('',(0.3175,-15.367,-9.24820078576108));
#8169=CARTESIAN_POINT('',(0.3175,-15.367,-9.24820078576108));
#8170=VECTOR('',#10956,1.143);
#8171=CARTESIAN_POINT('',(0.3175,-15.367,-9.2075));
#8172=CARTESIAN_POINT('',(0.3175,-15.367,-9.24820078576108));
#8173=VECTOR('',#10957,0.0407007857611054);
#8174=CARTESIAN_POINT('',(0.3175,-23.7498000000002,-9.2075));
#8175=CARTESIAN_POINT('',(0.3175,-15.367,-9.2075));
#8176=VECTOR('',#10958,8.3828000000002);
#8177=CARTESIAN_POINT('',(0.3175,-23.7498000000002,-9.8425));
#8178=CARTESIAN_POINT('',(0.3175,-23.7498000000002,-9.8425));
#8179=VECTOR('',#10959,0.635);
#8180=CARTESIAN_POINT('',(0.3175,-14.224,-9.8425));
#8181=VECTOR('',#10960,9.5258000000002);
#8182=CARTESIAN_POINT('',(-0.3175,-23.7498000000002,-9.8425));
#8183=CARTESIAN_POINT('',(-0.3175,-23.7498000000002,-9.8425));
#8184=VECTOR('',#10961,0.635);
#8185=CARTESIAN_POINT('',(-0.3175,-14.224,-9.8425));
#8186=VECTOR('',#10962,9.5258000000002);
#8187=CARTESIAN_POINT('',(-0.3175,-23.7498000000002,-9.2075));
#8188=CARTESIAN_POINT('',(-0.3175,-23.7498000000002,-9.2075));
#8189=VECTOR('',#10963,0.635);
#8190=CARTESIAN_POINT('',(-0.3175,-15.367,-9.2075));
#8191=CARTESIAN_POINT('',(-0.3175,-15.367,-9.2075));
#8192=VECTOR('',#10964,8.3828000000002);
#8193=CARTESIAN_POINT('',(-0.3175,-15.367,-9.2075));
#8194=VECTOR('',#10965,0.04070078576108);
#8195=CARTESIAN_POINT('',(0.271604031634386,-15.367,-9.2075));
#8196=CARTESIAN_POINT('',(0.271604031634386,-15.367,-9.2075));
#8197=VECTOR('',#10966,1.143);
#8198=CARTESIAN_POINT('',(-0.271604031634386,-15.367,-9.2075));
#8199=AXIS2_PLACEMENT_3D('',#10967,#10968,#10969);
#8200=CARTESIAN_POINT('',(-0.271604031634386,-15.367,-9.2075));
#8201=VECTOR('',#10970,1.143);
#8202=AXIS2_PLACEMENT_3D('',#10971,#10972,#10973);
#8203=CARTESIAN_POINT('',(-0.271604031634386,-15.367,-9.2075));
#8204=VECTOR('',#10974,0.0458959683657156);
#8205=CARTESIAN_POINT('',(0.3175,-23.7498000000002,-9.2075));
#8206=VECTOR('',#10975,0.635);
#8207=CARTESIAN_POINT('',(0.3175,-15.367,-9.2075));
#8208=VECTOR('',#10976,0.0458959683657156);
#8209=CARTESIAN_POINT('',(4.63999999999922,-15.367,8.01000000000098));
#8210=CARTESIAN_POINT('',(-4.63999999999922,-15.367,8.01000000000098));
#8211=CARTESIAN_POINT('',(4.63999999999922,-15.367,8.01000000000098));
#8212=VECTOR('',#10977,9.28000000000098);
#8213=CARTESIAN_POINT('',(-6.41999999999972,-15.367,6.23000000000048));
#8214=AXIS2_PLACEMENT_3D('',#10978,#10979,#10980);
#8215=CARTESIAN_POINT('',(-6.41999999999972,-15.367,-4.7800000000012));
#8216=CARTESIAN_POINT('',(-6.41999999999972,-15.367,6.23000000000048));
#8217=VECTOR('',#10981,11.0099999999991);
#8218=CARTESIAN_POINT('',(-6.35,-15.367,-4.7800000000012));
#8219=CARTESIAN_POINT('',(-6.41999999999972,-15.367,-4.7800000000012));
#8220=VECTOR('',#10982,0.0699999999999994);
#8221=AXIS2_PLACEMENT_3D('',#10983,#10984,#10985);
#8222=CARTESIAN_POINT('',(-6.41999999999972,-15.367,-7.9199999999988));
#8223=CARTESIAN_POINT('',(-6.41999999999972,-15.367,-7.9199999999988));
#8224=VECTOR('',#10986,0.0699999999999994);
#8225=CARTESIAN_POINT('',(-6.41999999999972,-15.367,-10.16));
#8226=CARTESIAN_POINT('',(-6.41999999999972,-15.367,-7.9199999999988));
#8227=VECTOR('',#10987,2.23999999999993);
#8228=CARTESIAN_POINT('',(6.41999999999972,-15.367,-10.16));
#8229=CARTESIAN_POINT('',(-6.41999999999972,-15.367,-10.16));
#8230=VECTOR('',#10988,12.8399999999994);
#8231=CARTESIAN_POINT('',(6.41999999999972,-15.367,-7.9199999999988));
#8232=CARTESIAN_POINT('',(6.41999999999972,-15.367,-10.16));
#8233=VECTOR('',#10989,2.23999999999993);
#8234=CARTESIAN_POINT('',(6.41999999999972,-15.367,-7.9199999999988));
#8235=VECTOR('',#10990,0.0699999999999994);
#8236=CARTESIAN_POINT('',(6.35,-15.367,-4.7800000000012));
#8237=AXIS2_PLACEMENT_3D('',#10991,#10992,#10993);
#8238=CARTESIAN_POINT('',(6.41999999999972,-15.367,-4.7800000000012));
#8239=CARTESIAN_POINT('',(6.41999999999972,-15.367,-4.7800000000012));
#8240=VECTOR('',#10994,0.0699999999999994);
#8241=CARTESIAN_POINT('',(6.41999999999972,-15.367,6.23000000000048));
#8242=CARTESIAN_POINT('',(6.41999999999972,-15.367,-4.7800000000012));
#8243=VECTOR('',#10995,11.0099999999991);
#8244=AXIS2_PLACEMENT_3D('',#10996,#10997,#10998);
#8245=CARTESIAN_POINT('',(-2.2225,-15.367,-9.24820078576108));
#8246=AXIS2_PLACEMENT_3D('',#10999,#11000,#11001);
#8247=CARTESIAN_POINT('',(-2.8575,-15.367,-9.2075));
#8248=CARTESIAN_POINT('',(-2.8575,-15.367,-9.2075));
#8249=VECTOR('',#11002,0.04070078576108);
#8250=CARTESIAN_POINT('',(-2.81160403163464,-15.367,-9.2075));
#8251=CARTESIAN_POINT('',(-2.81160403163464,-15.367,-9.2075));
#8252=VECTOR('',#11003,0.0458959683657156);
#8253=CARTESIAN_POINT('',(-2.26839596836561,-15.367,-9.2075));
#8254=AXIS2_PLACEMENT_3D('',#11004,#11005,#11006);
#8255=CARTESIAN_POINT('',(-2.2225,-15.367,-9.2075));
#8256=CARTESIAN_POINT('',(-2.2225,-15.367,-9.2075));
#8257=VECTOR('',#11007,0.0458959683657156);
#8258=CARTESIAN_POINT('',(-2.2225,-15.367,-9.24820078576108));
#8259=VECTOR('',#11008,0.0407007857611054);
#8260=CARTESIAN_POINT('',(-4.7625,-15.367,-9.24820078576108));
#8261=AXIS2_PLACEMENT_3D('',#11009,#11010,#11011);
#8262=CARTESIAN_POINT('',(-5.3975,-15.367,-9.2075));
#8263=CARTESIAN_POINT('',(-5.3975,-15.367,-9.2075));
#8264=VECTOR('',#11012,0.04070078576108);
#8265=CARTESIAN_POINT('',(-5.35160403163464,-15.367,-9.2075));
#8266=CARTESIAN_POINT('',(-5.35160403163464,-15.367,-9.2075));
#8267=VECTOR('',#11013,0.0458959683657156);
#8268=CARTESIAN_POINT('',(-4.80839596836536,-15.367,-9.2075));
#8269=AXIS2_PLACEMENT_3D('',#11014,#11015,#11016);
#8270=CARTESIAN_POINT('',(-4.7625,-15.367,-9.2075));
#8271=CARTESIAN_POINT('',(-4.7625,-15.367,-9.2075));
#8272=VECTOR('',#11017,0.0458959683657156);
#8273=CARTESIAN_POINT('',(-4.7625,-15.367,-9.24820078576108));
#8274=VECTOR('',#11018,0.0407007857611054);
#8275=CARTESIAN_POINT('',(2.8575,-15.367,-9.24820078576108));
#8276=AXIS2_PLACEMENT_3D('',#11019,#11020,#11021);
#8277=CARTESIAN_POINT('',(2.2225,-15.367,-9.2075));
#8278=CARTESIAN_POINT('',(2.2225,-15.367,-9.2075));
#8279=VECTOR('',#11022,0.04070078576108);
#8280=CARTESIAN_POINT('',(2.26839596836561,-15.367,-9.2075));
#8281=CARTESIAN_POINT('',(2.26839596836561,-15.367,-9.2075));
#8282=VECTOR('',#11023,0.0458959683657156);
#8283=CARTESIAN_POINT('',(2.81160403163464,-15.367,-9.2075));
#8284=AXIS2_PLACEMENT_3D('',#11024,#11025,#11026);
#8285=CARTESIAN_POINT('',(2.8575,-15.367,-9.2075));
#8286=CARTESIAN_POINT('',(2.8575,-15.367,-9.2075));
#8287=VECTOR('',#11027,0.0458959683657156);
#8288=CARTESIAN_POINT('',(2.8575,-15.367,-9.24820078576108));
#8289=VECTOR('',#11028,0.0407007857611054);
#8290=CARTESIAN_POINT('',(5.3975,-15.367,-9.24820078576108));
#8291=AXIS2_PLACEMENT_3D('',#11029,#11030,#11031);
#8292=CARTESIAN_POINT('',(4.7625,-15.367,-9.2075));
#8293=CARTESIAN_POINT('',(4.7625,-15.367,-9.2075));
#8294=VECTOR('',#11032,0.04070078576108);
#8295=CARTESIAN_POINT('',(4.80839596836536,-15.367,-9.2075));
#8296=CARTESIAN_POINT('',(4.80839596836536,-15.367,-9.2075));
#8297=VECTOR('',#11033,0.0458959683657156);
#8298=CARTESIAN_POINT('',(5.35160403163464,-15.367,-9.2075));
#8299=AXIS2_PLACEMENT_3D('',#11034,#11035,#11036);
#8300=CARTESIAN_POINT('',(5.3975,-15.367,-9.2075));
#8301=CARTESIAN_POINT('',(5.3975,-15.367,-9.2075));
#8302=VECTOR('',#11037,0.0458959683657156);
#8303=CARTESIAN_POINT('',(5.3975,-15.367,-9.24820078576108));
#8304=VECTOR('',#11038,0.0407007857611054);
#8305=CARTESIAN_POINT('',(6.41999999999972,-14.224,6.23000000000048));
#8306=CARTESIAN_POINT('',(6.41999999999972,-15.367,6.23000000000048));
#8307=VECTOR('',#11039,1.143);
#8308=CARTESIAN_POINT('',(4.63999999999922,-14.224,8.01000000000098));
#8309=AXIS2_PLACEMENT_3D('',#11040,#11041,#11042);
#8310=CARTESIAN_POINT('',(4.63999999999922,-15.367,8.01000000000098));
#8311=VECTOR('',#11043,1.143);
#8312=CARTESIAN_POINT('',(4.63999999999922,-14.224,9.48250500848012));
#8313=CARTESIAN_POINT('',(4.63999999999922,-14.224,9.48250500848012));
#8314=VECTOR('',#11044,1.47250500848041);
#8315=AXIS2_PLACEMENT_3D('',#11045,#11046,#11047);
#8316=CARTESIAN_POINT('',(6.41999999999972,-14.224,9.48250500848012));
#8317=CARTESIAN_POINT('',(6.41999999999972,-13.847000000001,9.52999999999998));
#8318=AXIS2_PLACEMENT_3D('',#11048,#11049,#11050);
#8319=CARTESIAN_POINT('',(-6.41999999999972,-13.847000000001,9.52999999999998));
#8320=CARTESIAN_POINT('',(6.41999999999972,-13.847000000001,9.52999999999998));
#8321=VECTOR('',#11051,12.8399999999994);
#8322=CARTESIAN_POINT('',(-6.42005151342984,-14.2239998706276,9.48250504142646));
#8323=AXIS2_PLACEMENT_3D('',#11052,#11053,#11054);
#8324=CARTESIAN_POINT('',(-4.63999999999922,-14.224,9.48250500848012));
#8325=CARTESIAN_POINT('',(-4.63999999999922,-14.224,9.48250500848012));
#8326=VECTOR('',#11055,1.78005151343037);
#8327=AXIS2_PLACEMENT_3D('',#11056,#11057,#11058);
#8328=CARTESIAN_POINT('',(6.41999999999972,-14.224,9.48250500848012));
#8329=VECTOR('',#11059,1.77999999999999);
#8330=CARTESIAN_POINT('',(-7.8925050084814,-14.224,6.23000000000048));
#8331=CARTESIAN_POINT('',(-6.41999999999972,-14.224,6.23000000000048));
#8332=CARTESIAN_POINT('',(-7.8925050084814,-14.224,6.23000000000048));
#8333=VECTOR('',#11060,1.47250500848041);
#8334=CARTESIAN_POINT('',(-4.63999999999922,-14.224,8.01000000000098));
#8335=AXIS2_PLACEMENT_3D('',#11061,#11062,#11063);
#8336=CARTESIAN_POINT('',(-4.63999999999922,-14.224,8.01000000000098));
#8337=VECTOR('',#11064,1.47250500848041);
#8338=CARTESIAN_POINT('',(-7.8925050084814,-14.224,8.01000000000098));
#8339=AXIS2_PLACEMENT_3D('',#11065,#11066,#11067);
#8340=CARTESIAN_POINT('',(-7.8925050084814,-14.224,8.01000000000098));
#8341=VECTOR('',#11068,1.77999999999999);
#8342=CARTESIAN_POINT('',(-7.6581,-14.224,7.869999999999));
#8343=CARTESIAN_POINT('',(-5.0419,-14.224,7.869999999999));
#8344=AXIS2_PLACEMENT_3D('',#11069,#11070,#11071);
#8345=AXIS2_PLACEMENT_3D('',#11072,#11073,#11074);
#8346=CARTESIAN_POINT('',(-7.8925050084814,-14.224,-7.9199999999988));
#8347=CARTESIAN_POINT('',(-7.8925050084814,-14.224,-7.9199999999988));
#8348=VECTOR('',#11075,1.54250500848038);
#8349=CARTESIAN_POINT('',(-6.35,-14.224,-4.7800000000012));
#8350=AXIS2_PLACEMENT_3D('',#11076,#11077,#11078);
#8351=CARTESIAN_POINT('',(-7.8925050084814,-14.224,-4.7800000000012));
#8352=CARTESIAN_POINT('',(-6.35,-14.224,-4.7800000000012));
#8353=VECTOR('',#11079,1.54250500848038);
#8354=CARTESIAN_POINT('',(-7.8925050084814,-14.224,-4.7800000000012));
#8355=VECTOR('',#11080,3.14000000000014);
#8356=CARTESIAN_POINT('',(-7.6581,-14.224,-6.35));
#8357=CARTESIAN_POINT('',(-5.0419,-14.224,-6.35));
#8358=AXIS2_PLACEMENT_3D('',#11081,#11082,#11083);
#8359=AXIS2_PLACEMENT_3D('',#11084,#11085,#11086);
#8360=CARTESIAN_POINT('',(7.8925050084814,-14.224,6.23000000000048));
#8361=CARTESIAN_POINT('',(6.41999999999972,-14.224,6.23000000000048));
#8362=VECTOR('',#11087,1.47250500848041);
#8363=CARTESIAN_POINT('',(7.89250502509046,-14.2239999349277,8.0100272490143));
#8364=CARTESIAN_POINT('',(7.8925050084814,-14.224,6.23000000000048));
#8365=VECTOR('',#11088,1.78002724901433);
#8366=AXIS2_PLACEMENT_3D('',#11089,#11090,#11091);
#8367=CARTESIAN_POINT('',(5.0419,-14.224,7.869999999999));
#8368=CARTESIAN_POINT('',(7.6581,-14.224,7.869999999999));
#8369=AXIS2_PLACEMENT_3D('',#11092,#11093,#11094);
#8370=AXIS2_PLACEMENT_3D('',#11095,#11096,#11097);
#8371=CARTESIAN_POINT('',(7.8925050084814,-14.224,-4.7800000000012));
#8372=CARTESIAN_POINT('',(6.35,-14.224,-4.7800000000012));
#8373=CARTESIAN_POINT('',(7.8925050084814,-14.224,-4.7800000000012));
#8374=VECTOR('',#11098,1.54250500848038);
#8375=AXIS2_PLACEMENT_3D('',#11099,#11100,#11101);
#8376=CARTESIAN_POINT('',(7.8925050084814,-14.224,-7.9199999999988));
#8377=CARTESIAN_POINT('',(6.35,-14.224,-7.9199999999988));
#8378=VECTOR('',#11102,1.54250500848038);
#8379=CARTESIAN_POINT('',(7.8925050084814,-14.224,-7.9199999999988));
#8380=VECTOR('',#11103,3.14000000000014);
#8381=CARTESIAN_POINT('',(5.0419,-14.224,-6.35));
#8382=CARTESIAN_POINT('',(7.6581,-14.224,-6.35));
#8383=AXIS2_PLACEMENT_3D('',#11104,#11105,#11106);
#8384=AXIS2_PLACEMENT_3D('',#11107,#11108,#11109);
#8385=CARTESIAN_POINT('',(-7.93937499999904,-13.847000000001,8.01000000000098));
#8386=AXIS2_PLACEMENT_3D('',#11110,#11111,#11112);
#8387=CARTESIAN_POINT('',(-7.93937499999904,-13.847000000001,-10.16));
#8388=CARTESIAN_POINT('',(-7.93937499999904,-13.847000000001,8.01000000000098));
#8389=VECTOR('',#11113,18.170000000001);
#8390=AXIS2_PLACEMENT_3D('',#11114,#11115,#11116);
#8391=AXIS2_PLACEMENT_3D('',#11117,#11118,#11119);
#8392=AXIS2_PLACEMENT_3D('',#11120,#11121,#11122);
#8393=AXIS2_PLACEMENT_3D('',#11123,#11124,#11125);
#8394=CARTESIAN_POINT('',(-6.41999999999972,-15.367,6.23000000000048));
#8395=VECTOR('',#11126,1.143);
#8396=CARTESIAN_POINT('',(-4.63999999999922,-15.367,8.01000000000098));
#8397=VECTOR('',#11127,1.143);
#8398=CARTESIAN_POINT('',(-6.35,-15.367,-4.7800000000012));
#8399=VECTOR('',#11128,1.143);
#8400=CARTESIAN_POINT('',(-6.41999999999972,-13.847000000001,-11.679999999999));
#8401=AXIS2_PLACEMENT_3D('',#11129,#11130,#11131);
#8402=AXIS2_PLACEMENT_3D('',#11132,#11133,#11134);
#8403=CARTESIAN_POINT('',(-7.93470466874536,-8.636,-10.286766582669));
#8404=CARTESIAN_POINT('',(-7.93749991765574,-8.636,-10.2471435592279));
#8405=CARTESIAN_POINT('',(-7.93645173439524,-8.636,-10.2869126642641));
#8406=CARTESIAN_POINT('',(-7.93645173439524,-8.636,-10.2801813769774));
#8407=CARTESIAN_POINT('',(-7.93802417397578,-8.636,-10.2669373972043));
#8408=CARTESIAN_POINT('',(-7.93749991765574,-8.636,-10.2536982301775));
#8409=CARTESIAN_POINT('',(-7.93749991765574,-8.636,-10.2471435592279));
#8410=CARTESIAN_POINT('',(-6.41999999999972,-8.636,-11.679999999999));
#8411=AXIS2_PLACEMENT_3D('',#11135,#11136,#11137);
#8412=CARTESIAN_POINT('',(-6.41999999999972,-13.847000000001,-11.6810000000005));
#8413=VECTOR('',#11138,5.21100009595204);
#8414=CARTESIAN_POINT('',(-7.93874999999936,-8.636,-10.16));
#8415=CARTESIAN_POINT('',(-7.93937499999904,-13.847000000001,-10.16));
#8416=VECTOR('',#11139,5.21100003748124);
#8417=CARTESIAN_POINT('',(-7.93749991765574,-8.636,-10.2471435592279));
#8418=CARTESIAN_POINT('',(-7.93749991765574,-8.636,-10.2180961841325));
#8419=CARTESIAN_POINT('',(-7.93874999999936,-8.636,-10.1890473750954));
#8420=CARTESIAN_POINT('',(-7.93874999999936,-8.636,-10.16));
#8421=CARTESIAN_POINT('',(-7.9374999238889,-8.636,8.09714345067182));
#8422=CARTESIAN_POINT('',(-7.93672199706782,-8.636,8.1279397091249));
#8423=CARTESIAN_POINT('',(-7.9374999238889,-8.636,8.09714345067182));
#8424=CARTESIAN_POINT('',(-7.9374999238889,-8.636,8.10222269187476));
#8425=CARTESIAN_POINT('',(-7.93788903952164,-8.636,8.11247306956294));
#8426=CARTESIAN_POINT('',(-7.93672199706782,-8.636,8.12273299209106));
#8427=CARTESIAN_POINT('',(-7.93672199706782,-8.636,8.1279397091249));
#8428=CARTESIAN_POINT('',(-7.9375,1.3462,8.128));
#8429=CARTESIAN_POINT('',(-7.93672199706782,-8.636,8.1279397091249));
#8430=VECTOR('',#11140,9.98220003050032);
#8431=CARTESIAN_POINT('',(-7.9375,1.4732,8.001));
#8432=CARTESIAN_POINT('',(-7.9375,1.4732,8.001));
#8433=CARTESIAN_POINT('',(-7.9375,1.47244967407749,8.06287949591056));
#8434=CARTESIAN_POINT('',(-7.9375,1.4080840448179,8.128));
#8435=CARTESIAN_POINT('',(-7.9375,1.3462,8.128));
#8436=CARTESIAN_POINT('',(-7.9375,1.4732,-10.16));
#8437=CARTESIAN_POINT('',(-7.9375,1.4732,-10.16));
#8438=VECTOR('',#11141,18.161);
#8439=CARTESIAN_POINT('',(-7.9375,1.3462,-10.287));
#8440=CARTESIAN_POINT('',(-7.9375,1.4732,-10.16));
#8441=CARTESIAN_POINT('',(-7.9375,1.47122490374319,-10.221852518121));
#8442=CARTESIAN_POINT('',(-7.9375,1.4080840448179,-10.287));
#8443=CARTESIAN_POINT('',(-7.9375,1.3462,-10.287));
#8444=CARTESIAN_POINT('',(-7.93645173439524,-8.636,-10.2869126642641));
#8445=VECTOR('',#11142,9.9822000554228);
#8446=CARTESIAN_POINT('',(-7.93874999999936,-8.636,8.01000000000098));
#8447=CARTESIAN_POINT('',(-7.93937499999904,-13.847000000001,8.01000000000098));
#8448=VECTOR('',#11143,5.21100003748124);
#8449=CARTESIAN_POINT('',(-7.93874999999936,-8.636,8.01000000000098));
#8450=CARTESIAN_POINT('',(-7.93874999999936,-8.636,8.03904737509636));
#8451=CARTESIAN_POINT('',(-7.9374999238889,-8.636,8.0680960755739));
#8452=CARTESIAN_POINT('',(-7.9374999238889,-8.636,8.09714345067182));
#8453=AXIS2_PLACEMENT_3D('',#11144,#11145,#11146);
#8454=CARTESIAN_POINT('',(-6.41999999999972,-8.636,9.52999999999998));
#8455=CARTESIAN_POINT('',(-6.41999999999972,-13.847000000001,9.52999999999998));
#8456=VECTOR('',#11147,5.211000000001);
#8457=CARTESIAN_POINT('',(-6.54212241590172,-8.636,9.5249990736366));
#8458=AXIS2_PLACEMENT_3D('',#11148,#11149,#11150);
#8459=AXIS2_PLACEMENT_3D('',#11151,#11152,#11153);
#8460=AXIS2_PLACEMENT_3D('',#11154,#11155,#11156);
#8461=CARTESIAN_POINT('',(-6.5405,-8.636,-11.684));
#8462=AXIS2_PLACEMENT_3D('',#11157,#11158,#11159);
#8463=CARTESIAN_POINT('',(-6.41999999999972,-8.636,-11.6819999999995));
#8464=CARTESIAN_POINT('',(-6.46017219878902,-8.636,-11.6819999999995));
#8465=CARTESIAN_POINT('',(-6.5003278012107,-8.636,-11.684));
#8466=CARTESIAN_POINT('',(-6.5405,-8.636,-11.684));
#8467=CARTESIAN_POINT('',(6.5405,-8.636,-11.684));
#8468=CARTESIAN_POINT('',(6.41999999999972,-8.636,-11.679999999999));
#8469=CARTESIAN_POINT('',(6.5405,-8.636,-11.684));
#8470=CARTESIAN_POINT('',(6.5003278012107,-8.636,-11.684));
#8471=CARTESIAN_POINT('',(6.46017219878902,-8.636,-11.6819999999995));
#8472=CARTESIAN_POINT('',(6.41999999999972,-8.636,-11.6819999999995));
#8473=CARTESIAN_POINT('',(7.93645173439524,-8.636,-10.2869126642641));
#8474=AXIS2_PLACEMENT_3D('',#11160,#11161,#11162);
#8475=AXIS2_PLACEMENT_3D('',#11163,#11164,#11165);
#8476=CARTESIAN_POINT('',(6.54212241590172,-8.636,9.5249990736366));
#8477=CARTESIAN_POINT('',(7.93542534678076,-8.636,8.12783895083518));
#8478=AXIS2_PLACEMENT_3D('',#11166,#11167,#11168);
#8479=AXIS2_PLACEMENT_3D('',#11169,#11170,#11171);
#8480=CARTESIAN_POINT('',(-6.5405,1.3462,9.525));
#8481=CARTESIAN_POINT('',(-6.54212241590172,-8.636,9.5249990736366));
#8482=VECTOR('',#11172,9.98220013184632);
#8483=AXIS2_PLACEMENT_3D('',#11173,#11174,#11175);
#8484=CARTESIAN_POINT('',(-6.4135,1.4732,9.525));
#8485=CARTESIAN_POINT('',(-6.4135,1.4732,9.525));
#8486=CARTESIAN_POINT('',(-6.41622684624556,1.55859447446446,9.525));
#8487=CARTESIAN_POINT('',(-6.42367422536144,1.72776472397393,9.51118868833134));
#8488=CARTESIAN_POINT('',(-6.49399374755422,1.97872434485455,9.44454379718908));
#8489=CARTESIAN_POINT('',(-6.6179242975514,2.18169165869559,9.34297265018446));
#8490=CARTESIAN_POINT('',(-6.74560520503134,2.36051503531634,9.20412849177986));
#8491=CARTESIAN_POINT('',(-6.91398733153794,2.47813457632927,9.0425141647831));
#8492=CARTESIAN_POINT('',(-7.09233945752792,2.54051380009762,8.86416136389226));
#8493=CARTESIAN_POINT('',(-7.27663515570236,2.54055368686316,8.67979718114054));
#8494=CARTESIAN_POINT('',(-7.45508625795108,2.47800744753628,8.50162974551778));
#8495=CARTESIAN_POINT('',(-7.6165895266965,2.36052086913907,8.33303373693196));
#8496=CARTESIAN_POINT('',(-7.75530359429956,2.18250421127546,8.20462772926138));
#8497=CARTESIAN_POINT('',(-7.85752664737908,1.97637492338042,8.08314882633702));
#8498=CARTESIAN_POINT('',(-7.92297679887374,1.73025093713941,8.02209613152876));
#8499=CARTESIAN_POINT('',(-7.9375,1.55999247482314,8.00205241070188));
#8500=CARTESIAN_POINT('',(-7.9375,1.4732,8.001));
#8501=CARTESIAN_POINT('',(-6.4135,1.4732,9.525));
#8502=CARTESIAN_POINT('',(-6.47535251812098,1.47122490374319,9.525));
#8503=CARTESIAN_POINT('',(-6.5405,1.4080840448179,9.525));
#8504=CARTESIAN_POINT('',(-6.5405,1.3462,9.525));
#8505=CARTESIAN_POINT('',(6.5405,1.3462,9.525));
#8506=CARTESIAN_POINT('',(6.54212241590172,-8.636,9.5249990736366));
#8507=VECTOR('',#11176,9.98220013184632);
#8508=CARTESIAN_POINT('',(6.4135,1.4732,9.525));
#8509=CARTESIAN_POINT('',(6.4135,1.4732,9.525));
#8510=CARTESIAN_POINT('',(6.47535251812098,1.47122490374319,9.525));
#8511=CARTESIAN_POINT('',(6.5405,1.4080840448179,9.525));
#8512=CARTESIAN_POINT('',(6.5405,1.3462,9.525));
#8513=CARTESIAN_POINT('',(-6.4135,1.4732,9.525));
#8514=VECTOR('',#11177,12.827);
#8515=CARTESIAN_POINT('',(-6.54212241590172,-8.636,9.5249990736366));
#8516=VECTOR('',#11178,13.084244831806);
#8517=CARTESIAN_POINT('',(6.41999999999972,-8.636,9.52999999999998));
#8518=CARTESIAN_POINT('',(6.41999999999972,-8.636,9.52999999999998));
#8519=VECTOR('',#11179,12.8399999999994);
#8520=AXIS2_PLACEMENT_3D('',#11180,#11181,#11182);
#8521=CARTESIAN_POINT('',(7.9374999238889,-8.636,8.09714345067182));
#8522=CARTESIAN_POINT('',(7.93672199706782,-8.636,8.1279397091249));
#8523=CARTESIAN_POINT('',(7.93672199706782,-8.636,8.12273299209106));
#8524=CARTESIAN_POINT('',(7.93788903952164,-8.636,8.11247306956294));
#8525=CARTESIAN_POINT('',(7.9374999238889,-8.636,8.10222269187476));
#8526=CARTESIAN_POINT('',(7.9374999238889,-8.636,8.09714345067182));
#8527=CARTESIAN_POINT('',(6.41999999999972,-13.847000000001,9.52999999999998));
#8528=VECTOR('',#11183,5.211000000001);
#8529=CARTESIAN_POINT('',(7.93937499999904,-13.847000000001,8.01000000000098));
#8530=AXIS2_PLACEMENT_3D('',#11184,#11185,#11186);
#8531=CARTESIAN_POINT('',(7.93874999999936,-8.636,8.01000000000098));
#8532=CARTESIAN_POINT('',(7.93937499999904,-13.847000000001,8.01000000000098));
#8533=VECTOR('',#11187,5.21100003748124);
#8534=CARTESIAN_POINT('',(7.9374999238889,-8.636,8.09714345067182));
#8535=CARTESIAN_POINT('',(7.9374999238889,-8.636,8.0680960755739));
#8536=CARTESIAN_POINT('',(7.93874999999936,-8.636,8.03904737509636));
#8537=CARTESIAN_POINT('',(7.93874999999936,-8.636,8.01000000000098));
#8538=CARTESIAN_POINT('',(7.93749991765574,-8.636,-10.2471435592279));
#8539=CARTESIAN_POINT('',(7.93749991765574,-8.636,-10.2471435592279));
#8540=CARTESIAN_POINT('',(7.93749991765574,-8.636,-10.2536982301775));
#8541=CARTESIAN_POINT('',(7.93802417397578,-8.636,-10.2669373972043));
#8542=CARTESIAN_POINT('',(7.93645173439524,-8.636,-10.2801813769774));
#8543=CARTESIAN_POINT('',(7.93645173439524,-8.636,-10.2869126642641));
#8544=CARTESIAN_POINT('',(7.9375,1.3462,-10.287));
#8545=CARTESIAN_POINT('',(7.93645173439524,-8.636,-10.2869126642641));
#8546=VECTOR('',#11188,9.9822000554228);
#8547=CARTESIAN_POINT('',(7.9375,1.4732,-10.16));
#8548=CARTESIAN_POINT('',(7.9375,1.4732,-10.16));
#8549=CARTESIAN_POINT('',(7.9375,1.47244967407749,-10.2218794959106));
#8550=CARTESIAN_POINT('',(7.9375,1.4080840448179,-10.287));
#8551=CARTESIAN_POINT('',(7.9375,1.3462,-10.287));
#8552=CARTESIAN_POINT('',(7.9375,1.4732,-1.4351));
#8553=CARTESIAN_POINT('',(7.9375,1.4732,-1.4351));
#8554=VECTOR('',#11189,8.7249);
#8555=CARTESIAN_POINT('',(7.9375,1.4732,-1.4351));
#8556=VECTOR('',#11190,1.7018);
#8557=CARTESIAN_POINT('',(7.9375,3.9624,-1.1811));
#8558=CARTESIAN_POINT('',(7.9375,3.429,-1.1811));
#8559=VECTOR('',#11191,0.5334);
#8560=CARTESIAN_POINT('',(7.9375,3.9624,1.1811));
#8561=VECTOR('',#11192,2.3622);
#8562=CARTESIAN_POINT('',(7.9375,3.175,1.4351));
#8563=AXIS2_PLACEMENT_3D('',#11193,#11194,#11195);
#8564=CARTESIAN_POINT('',(7.9375,1.4732,1.4351));
#8565=CARTESIAN_POINT('',(7.9375,1.4732,1.4351));
#8566=VECTOR('',#11196,1.7018);
#8567=CARTESIAN_POINT('',(7.9375,1.4732,8.001));
#8568=CARTESIAN_POINT('',(7.9375,1.4732,8.001));
#8569=VECTOR('',#11197,6.5659);
#8570=CARTESIAN_POINT('',(7.9375,1.3462,8.128));
#8571=CARTESIAN_POINT('',(7.9375,1.4732,8.001));
#8572=CARTESIAN_POINT('',(7.9375,1.47244967407749,8.06287949591056));
#8573=CARTESIAN_POINT('',(7.9375,1.4080840448179,8.128));
#8574=CARTESIAN_POINT('',(7.9375,1.3462,8.128));
#8575=CARTESIAN_POINT('',(7.93672199706782,-8.636,8.1279397091249));
#8576=VECTOR('',#11198,9.98220003050032);
#8577=CARTESIAN_POINT('',(7.94000000000126,-13.847000000001,-10.16));
#8578=CARTESIAN_POINT('',(7.93937499999904,-13.847000000001,-10.16));
#8579=VECTOR('',#11199,18.170000000001);
#8580=CARTESIAN_POINT('',(7.93874999999936,-8.636,-10.16));
#8581=CARTESIAN_POINT('',(7.93937499999904,-13.847000000001,-10.16));
#8582=VECTOR('',#11200,5.21100003748124);
#8583=CARTESIAN_POINT('',(7.93874999999936,-8.636,-10.16));
#8584=CARTESIAN_POINT('',(7.93874999999936,-8.636,-10.1890473750954));
#8585=CARTESIAN_POINT('',(7.93749991765574,-8.636,-10.2180961841325));
#8586=CARTESIAN_POINT('',(7.93749991765574,-8.636,-10.2471435592279));
#8587=CARTESIAN_POINT('',(6.41999999999972,-13.847000000001,-11.6810000000005));
#8588=AXIS2_PLACEMENT_3D('',#11201,#11202,#11203);
#8589=CARTESIAN_POINT('',(6.41999999999972,-13.847000000001,-11.6810000000005));
#8590=VECTOR('',#11204,5.21100009595204);
#8591=CARTESIAN_POINT('',(-6.5405,1.3462,-11.684));
#8592=CARTESIAN_POINT('',(-6.5405,1.3462,-11.684));
#8593=VECTOR('',#11205,9.9822);
#8594=CARTESIAN_POINT('',(-6.4135,1.4732,-11.684));
#8595=CARTESIAN_POINT('',(-6.4135,1.4732,-11.684));
#8596=CARTESIAN_POINT('',(-6.47537949591056,1.47244967407749,-11.684));
#8597=CARTESIAN_POINT('',(-6.5405,1.4080840448179,-11.684));
#8598=CARTESIAN_POINT('',(-6.5405,1.3462,-11.684));
#8599=CARTESIAN_POINT('',(6.4135,1.4732,-11.684));
#8600=CARTESIAN_POINT('',(6.4135,1.4732,-11.684));
#8601=VECTOR('',#11206,12.827);
#8602=CARTESIAN_POINT('',(6.5405,1.3462,-11.684));
#8603=CARTESIAN_POINT('',(6.4135,1.4732,-11.684));
#8604=CARTESIAN_POINT('',(6.47535251812098,1.47122490374319,-11.684));
#8605=CARTESIAN_POINT('',(6.5405,1.4080840448179,-11.684));
#8606=CARTESIAN_POINT('',(6.5405,1.3462,-11.684));
#8607=CARTESIAN_POINT('',(6.5405,-8.636,-11.684));
#8608=VECTOR('',#11207,9.9822);
#8609=CARTESIAN_POINT('',(-6.41999999999972,-13.847000000001,-11.6810000000005));
#8610=VECTOR('',#11208,12.8399999999994);
#8611=CARTESIAN_POINT('',(-0.6731,-2.794,-11.684));
#8612=CARTESIAN_POINT('',(-0.6731,-5.842,-11.684));
#8613=CARTESIAN_POINT('',(-0.6731,-2.794,-11.684));
#8614=VECTOR('',#11209,3.048);
#8615=CARTESIAN_POINT('',(3.2131,-5.842,-11.684));
#8616=CARTESIAN_POINT('',(-0.6731,-5.842,-11.684));
#8617=VECTOR('',#11210,3.8862);
#8618=CARTESIAN_POINT('',(3.2131,-2.794,-11.684));
#8619=CARTESIAN_POINT('',(3.2131,-2.794,-11.684));
#8620=VECTOR('',#11211,3.048);
#8621=CARTESIAN_POINT('',(3.2131,-2.794,-11.684));
#8622=VECTOR('',#11212,3.8862);
#8623=CARTESIAN_POINT('',(3.2131,-2.794,-11.43));
#8624=CARTESIAN_POINT('',(3.2131,-2.794,-11.684));
#8625=VECTOR('',#11213,0.254);
#8626=CARTESIAN_POINT('',(-0.6731,-2.794,-11.43));
#8627=CARTESIAN_POINT('',(-0.6731,-2.794,-11.43));
#8628=VECTOR('',#11214,3.8862);
#8629=CARTESIAN_POINT('',(-0.6731,-2.794,-11.684));
#8630=VECTOR('',#11215,0.254);
#8631=CARTESIAN_POINT('',(-0.6731,-5.842,-11.43));
#8632=CARTESIAN_POINT('',(-0.6731,-5.842,-11.43));
#8633=VECTOR('',#11216,3.048);
#8634=CARTESIAN_POINT('',(-0.6731,-5.842,-11.684));
#8635=VECTOR('',#11217,0.254);
#8636=CARTESIAN_POINT('',(3.2131,-5.842,-11.43));
#8637=CARTESIAN_POINT('',(-0.6731,-5.842,-11.43));
#8638=VECTOR('',#11218,3.8862);
#8639=CARTESIAN_POINT('',(3.2131,-5.842,-11.43));
#8640=VECTOR('',#11219,0.254);
#8641=CARTESIAN_POINT('',(3.2131,-5.842,-11.43));
#8642=VECTOR('',#11220,3.048);
#8643=AXIS2_PLACEMENT_3D('',#11221,#11222,#11223);
#8644=AXIS2_PLACEMENT_3D('',#11224,#11225,#11226);
#8645=AXIS2_PLACEMENT_3D('',#11227,#11228,#11229);
#8646=AXIS2_PLACEMENT_3D('',#11230,#11231,#11232);
#8647=AXIS2_PLACEMENT_3D('',#11233,#11234,#11235);
#8648=AXIS2_PLACEMENT_3D('',#11236,#11237,#11238);
#8649=CARTESIAN_POINT('',(6.35,-15.367,-4.7800000000012));
#8650=VECTOR('',#11239,1.143);
#8651=AXIS2_PLACEMENT_3D('',#11240,#11241,#11242);
#8652=CARTESIAN_POINT('',(6.4135,1.4732,-11.684));
#8653=CARTESIAN_POINT('',(6.41622684624556,1.55859447446319,-11.684));
#8654=CARTESIAN_POINT('',(6.42367422538176,1.72776472397088,-11.6701886883313));
#8655=CARTESIAN_POINT('',(6.49399374754914,1.97872434485531,-11.6035437971891));
#8656=CARTESIAN_POINT('',(6.61792429755394,2.18169165869533,-11.5019726501845));
#8657=CARTESIAN_POINT('',(6.74560520503134,2.36051503531634,-11.3631284917799));
#8658=CARTESIAN_POINT('',(6.91398733153794,2.47813457632927,-11.2015141647831));
#8659=CARTESIAN_POINT('',(7.09233945752792,2.54051380009762,-11.0231613638923));
#8660=CARTESIAN_POINT('',(7.27663515570236,2.54055368686316,-10.8387971811405));
#8661=CARTESIAN_POINT('',(7.45508625795108,2.47800744753628,-10.6606297455178));
#8662=CARTESIAN_POINT('',(7.6165895266965,2.36052086913907,-10.492033736932));
#8663=CARTESIAN_POINT('',(7.75530359429956,2.18250421127546,-10.3636277292614));
#8664=CARTESIAN_POINT('',(7.85752664737908,1.97637492338042,-10.242148826337));
#8665=CARTESIAN_POINT('',(7.92297679887374,1.73025093713941,-10.1810961315288));
#8666=CARTESIAN_POINT('',(7.9375,1.55999247482314,-10.1610524107019));
#8667=CARTESIAN_POINT('',(7.9375,1.4732,-10.16));
#8668=CARTESIAN_POINT('',(6.4135,2.9972,-10.16));
#8669=AXIS2_PLACEMENT_3D('',#11243,#11244,#11245);
#8670=AXIS2_PLACEMENT_3D('',#11246,#11247,#11248);
#8671=CARTESIAN_POINT('',(6.4135,2.9972,7.16564049381608));
#8672=CARTESIAN_POINT('',(6.4135,2.9972,7.16564049381608));
#8673=CARTESIAN_POINT('',(6.45796897831358,2.9972,7.16962685963556));
#8674=CARTESIAN_POINT('',(6.54457918561606,2.99335406412826,7.18567426002228));
#8675=CARTESIAN_POINT('',(6.66890861637504,2.97725614605492,7.2337274127042));
#8676=CARTESIAN_POINT('',(6.78050913018906,2.95364887956114,7.30291235946738));
#8677=CARTESIAN_POINT('',(6.87725184401592,2.9259127109645,7.39078510955338));
#8678=CARTESIAN_POINT('',(6.9564339921588,2.89785029601756,7.4948947745061));
#8679=CARTESIAN_POINT('',(7.01566426042142,2.87351431564466,7.6121422562794));
#8680=CARTESIAN_POINT('',(7.05281344199794,2.85670033050968,7.74073792021786));
#8681=CARTESIAN_POINT('',(7.0612,2.85271466465578,7.82888948841272));
#8682=CARTESIAN_POINT('',(7.0612,2.85271466465578,7.874));
#8683=AXIS2_PLACEMENT_3D('',#11249,#11250,#11251);
#8684=CARTESIAN_POINT('',(6.80167296,2.94693598487926,0.877159589359304));
#8685=CARTESIAN_POINT('',(6.85187382650942,2.93371338656454,0.9421642958048));
#8686=CARTESIAN_POINT('',(6.96035678218468,2.9000808462707,1.06049017880966));
#8687=CARTESIAN_POINT('',(7.15299349003724,2.81182419737922,1.209006771196));
#8688=CARTESIAN_POINT('',(7.33625023251718,2.6924012627102,1.30749716859835));
#8689=CARTESIAN_POINT('',(7.49406129852764,2.55441387488822,1.36767786693775));
#8690=CARTESIAN_POINT('',(7.62697371174724,2.40223464668925,1.40288886650825));
#8691=CARTESIAN_POINT('',(7.73581308055016,2.23930297536223,1.42200421669556));
#8692=CARTESIAN_POINT('',(7.82429695837504,2.06111676968989,1.43132159843287));
#8693=CARTESIAN_POINT('',(7.88949587258706,1.87023691087887,1.43460437816422));
#8694=CARTESIAN_POINT('',(7.92890355918428,1.67212745762816,1.43514042805046));
#8695=CARTESIAN_POINT('',(7.9375,1.53934071888162,1.4351));
#8696=CARTESIAN_POINT('',(7.9375,1.4732,1.4351));
#8697=CARTESIAN_POINT('',(6.4135,2.9972,7.16564049381608));
#8698=VECTOR('',#11252,4.73681737345578);
#8699=CARTESIAN_POINT('',(6.80167296,2.94693598487926,-0.877159589359304));
#8700=CARTESIAN_POINT('',(6.4135,2.9972,-2.42882312036106));
#8701=CARTESIAN_POINT('',(6.80167296,2.94693598487926,-0.877159589359304));
#8702=CARTESIAN_POINT('',(6.79312722224518,2.94918687944528,-0.943424969249412));
#8703=CARTESIAN_POINT('',(6.7741112621898,2.95403838222892,-1.07561790311956));
#8704=CARTESIAN_POINT('',(6.73981290259006,2.962017340876,-1.27297194447571));
#8705=CARTESIAN_POINT('',(6.69977485223198,2.97028285468784,-1.4692002665052));
#8706=CARTESIAN_POINT('',(6.6540174279431,2.97836901292748,-1.66421036585074));
#8707=CARTESIAN_POINT('',(6.60255750681692,2.9857573276479,-1.85789938128804));
#8708=CARTESIAN_POINT('',(6.54543719986396,2.99187501481306,-2.05007859348689));
#8709=CARTESIAN_POINT('',(6.4826922923873,2.99609860534224,-2.24059614868977));
#8710=CARTESIAN_POINT('',(6.43718016979984,2.9972,-2.36629375470198));
#8711=CARTESIAN_POINT('',(6.4135,2.9972,-2.42882312036106));
#8712=CARTESIAN_POINT('',(7.9375,1.4732,-1.4351));
#8713=CARTESIAN_POINT('',(7.9375,1.53937711380959,-1.4351));
#8714=CARTESIAN_POINT('',(7.9288942650398,1.67228708632821,-1.43514038607569));
#8715=CARTESIAN_POINT('',(7.88937980042398,1.87075281489964,-1.43460317603251));
#8716=CARTESIAN_POINT('',(7.82392700886094,2.06202754770755,-1.4312956442991));
#8717=CARTESIAN_POINT('',(7.73533325102976,2.2401250160138,-1.42193906846085));
#8718=CARTESIAN_POINT('',(7.6264217830797,2.40293988168568,-1.40276470554931));
#8719=CARTESIAN_POINT('',(7.493729396941,2.55470713782214,-1.36756080902861));
#8720=CARTESIAN_POINT('',(7.33661680022194,2.69203217284894,-1.30759275885827));
#8721=CARTESIAN_POINT('',(7.15475291495882,2.8108207489213,-1.21008748314506));
#8722=CARTESIAN_POINT('',(6.96165457520758,2.89964175816996,-1.06176141760398));
#8723=CARTESIAN_POINT('',(6.85234801704186,2.93358848770588,-0.942778321390818));
#8724=CARTESIAN_POINT('',(6.80167296,2.94693598487926,-0.877159589359304));
#8725=CARTESIAN_POINT('',(6.4135,2.9972,-7.05835950618392));
#8726=CARTESIAN_POINT('',(6.4135,2.9972,-7.05835950618392));
#8727=VECTOR('',#11253,3.10164049381608);
#8728=CARTESIAN_POINT('',(7.0612,2.85271466465578,-6.35));
#8729=CARTESIAN_POINT('',(6.4135,2.9972,-7.05835950618392));
#8730=CARTESIAN_POINT('',(6.45796897831358,2.9972,-7.05437314036444));
#8731=CARTESIAN_POINT('',(6.54457918561606,2.99335406412826,-7.03832573997772));
#8732=CARTESIAN_POINT('',(6.66890861637504,2.97725614605492,-6.9902725872958));
#8733=CARTESIAN_POINT('',(6.78050913018906,2.95364887956114,-6.92108764053262));
#8734=CARTESIAN_POINT('',(6.87725184401592,2.9259127109645,-6.83321489044662));
#8735=CARTESIAN_POINT('',(6.9564339921588,2.89785029601756,-6.7291052254939));
#8736=CARTESIAN_POINT('',(7.01566426042142,2.87351431564466,-6.6118577437206));
#8737=CARTESIAN_POINT('',(7.05281344199794,2.85670033050968,-6.48326207978214));
#8738=CARTESIAN_POINT('',(7.0612,2.85271466465578,-6.39511051158728));
#8739=CARTESIAN_POINT('',(7.0612,2.85271466465578,-6.35));
#8740=CARTESIAN_POINT('',(6.4135,2.9972,-5.64164049381608));
#8741=CARTESIAN_POINT('',(7.0612,2.85271466465578,-6.35));
#8742=CARTESIAN_POINT('',(7.0612,2.85271466465578,-6.30361189114064));
#8743=CARTESIAN_POINT('',(7.05232167602948,2.8569351603372,-6.21352958746004));
#8744=CARTESIAN_POINT('',(7.01409467658828,2.87420057079234,-6.0841463647792));
#8745=CARTESIAN_POINT('',(6.95425549008452,2.89868596537746,-5.96748911391078));
#8746=CARTESIAN_POINT('',(6.8748982450579,2.9266575574936,-5.86430727100386));
#8747=CARTESIAN_POINT('',(6.77853465337094,2.95412616978258,-5.77749440365712));
#8748=CARTESIAN_POINT('',(6.66734476139506,2.97750446700608,-5.70900487596538));
#8749=CARTESIAN_POINT('',(6.54379272659462,2.99339849814404,-5.66150993052366));
#8750=CARTESIAN_POINT('',(6.45769596168156,2.9972,-5.64560238540206));
#8751=CARTESIAN_POINT('',(6.4135,2.9972,-5.64164049381608));
#8752=CARTESIAN_POINT('',(6.4135,2.9972,-2.42882312036106));
#8753=VECTOR('',#11254,3.21281737345578);
#8754=CARTESIAN_POINT('',(5.6388,2.9972,-6.35));
#8755=AXIS2_PLACEMENT_3D('',#11255,#11256,#11257);
#8756=AXIS2_PLACEMENT_3D('',#11258,#11259,#11260);
#8757=CARTESIAN_POINT('',(-6.4135,2.9972,-10.16));
#8758=CARTESIAN_POINT('',(6.4135,2.9972,-10.16));
#8759=VECTOR('',#11261,12.827);
#8760=CARTESIAN_POINT('',(-6.4135,2.9972,-7.05835950618392));
#8761=CARTESIAN_POINT('',(-6.4135,2.9972,-10.16));
#8762=VECTOR('',#11262,3.10164049381608);
#8763=CARTESIAN_POINT('',(-5.6388,2.9972,-6.35));
#8764=AXIS2_PLACEMENT_3D('',#11263,#11264,#11265);
#8765=CARTESIAN_POINT('',(-6.4135,2.9972,-5.64164049381608));
#8766=AXIS2_PLACEMENT_3D('',#11266,#11267,#11268);
#8767=CARTESIAN_POINT('',(-6.4135,2.9972,-2.42882312036106));
#8768=CARTESIAN_POINT('',(-6.4135,2.9972,-5.64164049381608));
#8769=VECTOR('',#11269,3.21281737345578);
#8770=AXIS2_PLACEMENT_3D('',#11270,#11271,#11272);
#8771=CARTESIAN_POINT('',(-6.4135,2.9972,7.16564049381608));
#8772=CARTESIAN_POINT('',(-6.4135,2.9972,2.42882312036106));
#8773=VECTOR('',#11273,4.73681737345578);
#8774=AXIS2_PLACEMENT_3D('',#11274,#11275,#11276);
#8775=CARTESIAN_POINT('',(-5.65023115245134,2.9972,8.001));
#8776=VECTOR('',#11277,11.3004623049027);
#8777=AXIS2_PLACEMENT_3D('',#11278,#11279,#11280);
#8778=AXIS2_PLACEMENT_3D('',#11281,#11282,#11283);
#8779=CARTESIAN_POINT('',(6.80167296,2.94693598487926,-0.877159589359304));
#8780=VECTOR('',#11284,0.228064015121832);
#8781=CARTESIAN_POINT('',(-6.4135,2.9972,-2.42882312036106));
#8782=CARTESIAN_POINT('',(-6.47505057229358,2.9972,-2.26629395465093));
#8783=CARTESIAN_POINT('',(-6.58818348787134,2.98981686846454,-1.93114475924352));
#8784=CARTESIAN_POINT('',(-6.72533578989334,2.96647109027684,-1.38192231414908));
#8785=CARTESIAN_POINT('',(-6.8154245840207,2.94374083776944,-0.8278305863599));
#8786=CARTESIAN_POINT('',(-6.8598481319781,2.93039467695356,-0.275670091646522));
#8787=CARTESIAN_POINT('',(-6.85986787259648,2.9303888568763,0.275040438911418));
#8788=CARTESIAN_POINT('',(-6.81553214260416,2.94370813390546,0.826831546117446));
#8789=CARTESIAN_POINT('',(-6.72558685339426,2.96641991787474,1.3807818574488));
#8790=CARTESIAN_POINT('',(-6.5882337239126,2.9898176362659,1.93105160566351));
#8791=CARTESIAN_POINT('',(-6.47505515450438,2.9972,2.26628185496291));
#8792=CARTESIAN_POINT('',(-6.4135,2.9972,2.42882312036106));
#8793=AXIS2_PLACEMENT_3D('',#11285,#11286,#11287);
#8794=AXIS2_PLACEMENT_3D('',#11288,#11289,#11290);
#8795=CARTESIAN_POINT('',(0.0,3.175,5.15747));
#8796=CARTESIAN_POINT('',(0.0,3.175,-5.15747));
#8797=AXIS2_PLACEMENT_3D('',#11291,#11292,#11293);
#8798=AXIS2_PLACEMENT_3D('',#11294,#11295,#11296);
#8799=CARTESIAN_POINT('',(0.0,4.7498,5.15747));
#8800=CARTESIAN_POINT('',(0.0,4.7498,-5.15747));
#8801=AXIS2_PLACEMENT_3D('',#11297,#11298,#11299);
#8802=CARTESIAN_POINT('',(0.0,4.7498,-5.15747));
#8803=VECTOR('',#11300,1.5748);
#8804=CARTESIAN_POINT('',(0.0,4.7498,5.15747));
#8805=VECTOR('',#11301,1.5748);
#8806=AXIS2_PLACEMENT_3D('',#11302,#11303,#11304);
#8807=CARTESIAN_POINT('',(0.0,4.7498,4.2799));
#8808=CARTESIAN_POINT('',(0.0,4.7498,-4.2799));
#8809=AXIS2_PLACEMENT_3D('',#11305,#11306,#11307);
#8810=AXIS2_PLACEMENT_3D('',#11308,#11309,#11310);
#8811=CARTESIAN_POINT('',(0.0,6.0198,4.2799));
#8812=CARTESIAN_POINT('',(0.0,6.0198,-4.2799));
#8813=AXIS2_PLACEMENT_3D('',#11311,#11312,#11313);
#8814=CARTESIAN_POINT('',(0.0,6.0198,-4.2799));
#8815=VECTOR('',#11314,1.27);
#8816=CARTESIAN_POINT('',(0.0,6.0198,4.2799));
#8817=VECTOR('',#11315,1.27);
#8818=AXIS2_PLACEMENT_3D('',#11316,#11317,#11318);
#8819=AXIS2_PLACEMENT_3D('',#11319,#11320,#11321);
#8820=CARTESIAN_POINT('',(0.0,6.42406969465432,-4.7625));
#8821=CARTESIAN_POINT('',(4.42048662611092,6.2738,-1.77220321587833));
#8822=CARTESIAN_POINT('',(4.34241067379984,6.27936554424608,-1.96695159457612));
#8823=CARTESIAN_POINT('',(4.16048231120314,6.29049663273824,-2.34611306406116));
#8824=CARTESIAN_POINT('',(3.81501867776806,6.30719326547902,-2.87393325909176));
#8825=CARTESIAN_POINT('',(3.40301029687664,6.32388989821726,-3.35162358512398));
#8826=CARTESIAN_POINT('',(2.93164364724962,6.34058653095804,-3.7708520675264));
#8827=CARTESIAN_POINT('',(2.40914075256255,6.35728316369628,-4.12430607787122));
#8828=CARTESIAN_POINT('',(1.84461552588171,6.37397979643706,-4.4058203888369));
#8829=CARTESIAN_POINT('',(1.24791499564914,6.3906764291753,-4.610484578987));
#8830=CARTESIAN_POINT('',(0.629446990343532,6.40737306191608,-4.73472872058458));
#8831=CARTESIAN_POINT('',(0.209816075015372,6.41850415040824,-4.7625));
#8832=CARTESIAN_POINT('',(0.0,6.42406969465432,-4.7625));
#8833=CARTESIAN_POINT('',(0.0,6.70455530534568,-4.7625));
#8834=CARTESIAN_POINT('',(0.0,6.70455530534568,-4.7625));
#8835=VECTOR('',#11322,0.280485610690344);
#8836=CARTESIAN_POINT('',(-1.26200101982629,6.2738,4.5922499579125));
#8837=CARTESIAN_POINT('',(-1.03505896837653,6.28004299989142,4.65461614072116));
#8838=CARTESIAN_POINT('',(-0.571915950549352,6.29252894480772,4.7456408630173));
#8839=CARTESIAN_POINT('',(0.135354274943538,6.31125803792858,4.77806089968586));
#8840=CARTESIAN_POINT('',(0.83962286509432,6.32998628573236,4.70565774381174));
#8841=CARTESIAN_POINT('',(1.5254860856232,6.34871492012668,4.53001968861408));
#8842=CARTESIAN_POINT('',(2.17787447036681,6.36744333021614,4.2550022007101));
#8843=CARTESIAN_POINT('',(2.78248348139986,6.38617170025234,3.8866397722472));
#8844=CARTESIAN_POINT('',(3.32605603012508,6.40490026537578,3.4330073366894));
#8845=CARTESIAN_POINT('',(3.79666610711234,6.42362909607654,2.9040518250572));
#8846=CARTESIAN_POINT('',(4.1839786220311,6.44235783880186,2.31138661547229));
#8847=CARTESIAN_POINT('',(4.47949532145626,6.4610862588786,1.66802391578751));
#8848=CARTESIAN_POINT('',(4.6767419827051,6.47981477287946,0.988064745611032));
#8849=CARTESIAN_POINT('',(4.77138967063312,6.49854364422784,0.286415413093352));
#8850=CARTESIAN_POINT('',(4.7613558784376,6.51727264017846,-0.421522444504606));
#8851=CARTESIAN_POINT('',(4.64686302899348,6.53600127941402,-1.12019892952705));
#8852=CARTESIAN_POINT('',(4.43043082152602,6.55472954019974,-1.79428663437256));
#8853=CARTESIAN_POINT('',(4.11679881755176,6.57345816034466,-2.4290238803093));
#8854=CARTESIAN_POINT('',(3.7128438822857,6.59218701315866,-3.01047844760104));
#8855=CARTESIAN_POINT('',(3.22743755341526,6.6109156587366,-3.52587975292286));
#8856=CARTESIAN_POINT('',(2.67124672143288,6.62964363620818,-3.96391352622618));
#8857=CARTESIAN_POINT('',(2.05646825742864,6.64837129961638,-4.3149867949012));
#8858=CARTESIAN_POINT('',(1.39656007361696,6.66709947514954,-4.57141136805814));
#8859=CARTESIAN_POINT('',(0.706010393567194,6.68582774256466,-4.72754946838482));
#8860=CARTESIAN_POINT('',(0.235335839114426,6.69831282833104,-4.7625));
#8861=CARTESIAN_POINT('',(0.0,6.70455530534568,-4.7625));
#8862=AXIS2_PLACEMENT_3D('',#11323,#11324,#11325);
#8863=CARTESIAN_POINT('',(0.0,11.0701803053457,4.7625));
#8864=CARTESIAN_POINT('',(0.0,11.0701803053457,4.7625));
#8865=CARTESIAN_POINT('',(0.235889338038262,11.0764374643731,4.7625));
#8866=CARTESIAN_POINT('',(0.708354946229362,11.0889706408231,4.72724181076544));
#8867=CARTESIAN_POINT('',(1.40030224397691,11.1077371349614,4.57057689014874));
#8868=CARTESIAN_POINT('',(2.06952028013531,11.126739895701,4.3093373726339));
#8869=CARTESIAN_POINT('',(2.68867401289522,11.1456462493309,3.95224669372804));
#8870=CARTESIAN_POINT('',(3.24381174112656,11.164402781419,3.511087585507));
#8871=CARTESIAN_POINT('',(3.7305311784452,11.1832890068774,2.98877526435268));
#8872=CARTESIAN_POINT('',(4.13161234057642,11.2020414040461,2.40417628656212));
#8873=CARTESIAN_POINT('',(4.44398602890628,11.2209589306357,1.76089963185968));
#8874=CARTESIAN_POINT('',(4.6554351211152,11.2396929019205,1.08494104959819));
#8875=CARTESIAN_POINT('',(4.76569259296456,11.2586807458498,0.37565731124674));
#8876=CARTESIAN_POINT('',(4.76814398801858,11.2775695463754,-0.33845530270069));
#8877=CARTESIAN_POINT('',(4.66534161233596,11.2963381367731,-1.04045765893777));
#8878=CARTESIAN_POINT('',(4.46051251558654,11.3150824960712,-1.718817267337));
#8879=CARTESIAN_POINT('',(4.15297740057926,11.3340840860258,-2.36801508931951));
#8880=CARTESIAN_POINT('',(3.7490536927971,11.3531765587297,-2.9662747577993));
#8881=CARTESIAN_POINT('',(3.2637595639207,11.3721083738429,-3.49229756704952));
#8882=CARTESIAN_POINT('',(2.71436194306358,11.3907660582598,-3.93462320294766));
#8883=CARTESIAN_POINT('',(2.09437587000773,11.4097700412372,-4.29760706517508));
#8884=CARTESIAN_POINT('',(1.41925443039885,11.4289798063254,-4.56546244735504));
#8885=CARTESIAN_POINT('',(0.711386209928062,11.448186554211,-4.72740943376268));
#8886=CARTESIAN_POINT('',(0.236258449783298,11.4607883553244,-4.7625));
#8887=CARTESIAN_POINT('',(0.0,11.4670553053457,-4.7625));
#8888=CARTESIAN_POINT('',(0.0,10.7896946946543,4.7625));
#8889=CARTESIAN_POINT('',(0.0,11.0701803053457,4.7625));
#8890=VECTOR('',#11326,0.280485610690344);
#8891=CARTESIAN_POINT('',(0.0,10.7896946946543,4.7625));
#8892=CARTESIAN_POINT('',(0.235114550199906,10.7959313017975,4.7625));
#8893=CARTESIAN_POINT('',(0.705341467896158,10.808404516084,4.72761498006482));
#8894=CARTESIAN_POINT('',(1.39524040403533,10.8271143375111,4.57177808212532));
#8895=CARTESIAN_POINT('',(2.05459060310674,10.8458241589408,4.31584380694384));
#8896=CARTESIAN_POINT('',(2.6689564321679,10.8645339803679,3.96541574010008));
#8897=CARTESIAN_POINT('',(3.22488642121248,10.8832438017975,3.5281663734982));
#8898=CARTESIAN_POINT('',(3.71020873299162,10.9019536232272,3.01366911911148));
#8899=CARTESIAN_POINT('',(4.11429740483044,10.9206634446543,2.43318870238452));
#8900=CARTESIAN_POINT('',(4.42830506932084,10.939373266084,1.79943452641788));
#8901=CARTESIAN_POINT('',(4.64535664338294,10.9580830875111,1.12628240001667));
#8902=CARTESIAN_POINT('',(4.76069986941434,10.9767929089408,0.42847074812156));
#8903=CARTESIAN_POINT('',(4.77180932987254,10.9955027303679,-0.278722140586862));
#8904=CARTESIAN_POINT('',(4.67844186394338,11.0142125517975,-0.979812401917632));
#8905=CARTESIAN_POINT('',(4.48264143136164,11.0329223732272,-1.65945044635536));
#8906=CARTESIAN_POINT('',(4.28667786210338,11.0453955875111,-2.08831942199365));
#8907=CARTESIAN_POINT('',(4.17341056370828,11.0516321946543,-2.29435187290938));
#8908=CARTESIAN_POINT('',(0.0,9.48268030534568,4.7625));
#8909=CARTESIAN_POINT('',(0.0,9.87955530534568,-4.7625));
#8910=CARTESIAN_POINT('',(0.236282267515368,9.87328772353746,-4.7625));
#8911=CARTESIAN_POINT('',(0.711368056293554,9.86068699280298,-4.72739954894628));
#8912=CARTESIAN_POINT('',(1.41888182299903,9.84148996058498,-4.56555746152112));
#8913=CARTESIAN_POINT('',(2.09351885105197,9.82229469648638,-4.29797218531098));
#8914=CARTESIAN_POINT('',(2.71244450525,9.8033259818534,-3.93585161027748));
#8915=CARTESIAN_POINT('',(3.26268034622646,9.78465344089528,-3.49363629604084));
#8916=CARTESIAN_POINT('',(3.75274386603904,9.76552876145866,-2.96207051030738));
#8917=CARTESIAN_POINT('',(4.15701568243918,9.74637199479386,-2.36106450124535));
#8918=CARTESIAN_POINT('',(4.46373826923662,9.72734176872688,-1.71030052458007));
#8919=CARTESIAN_POINT('',(4.6666392006374,9.70866571314536,-1.03406586452276));
#8920=CARTESIAN_POINT('',(4.76880951395956,9.68988946320492,-0.331671065736298));
#8921=CARTESIAN_POINT('',(4.76491143319338,9.67086641777382,0.387523429319638));
#8922=CARTESIAN_POINT('',(4.65256609391194,9.65186081606958,1.09718707239972));
#8923=CARTESIAN_POINT('',(4.43939456305748,9.63314056014466,1.77203340735612));
#8924=CARTESIAN_POINT('',(4.12776073441376,9.6143470374727,2.41044349598729));
#8925=CARTESIAN_POINT('',(3.72606139283564,9.59559580414974,2.99455918359508));
#8926=CARTESIAN_POINT('',(3.23638527270038,9.57663450493754,3.51800459705014));
#8927=CARTESIAN_POINT('',(2.68101146642964,9.55790278297764,3.95738395546772));
#8928=CARTESIAN_POINT('',(2.06286028781956,9.53904791391072,4.31223043520692));
#8929=CARTESIAN_POINT('',(1.3999961636325,9.52023052216788,4.57045383735192));
#8930=CARTESIAN_POINT('',(0.70822190723128,9.50146663855272,4.72729870646064));
#8931=CARTESIAN_POINT('',(0.236065207254011,9.48894212944888,4.7625));
#8932=CARTESIAN_POINT('',(0.0,9.48268030534568,4.7625));
#8933=CARTESIAN_POINT('',(0.0,9.20219469465432,4.7625));
#8934=CARTESIAN_POINT('',(0.0,9.48268030534568,4.7625));
#8935=VECTOR('',#11327,0.280485610690598);
#8936=CARTESIAN_POINT('',(0.0,9.20219469465432,4.7625));
#8937=CARTESIAN_POINT('',(0.237489444646374,9.20849429782852,4.7625));
#8938=CARTESIAN_POINT('',(0.712466038626668,9.22109350417692,4.7269053523299));
#8939=CARTESIAN_POINT('',(1.40901745382103,9.23999231370206,4.5679221262279));
#8940=CARTESIAN_POINT('',(2.07409325488063,9.25889112322466,4.30689906809218));
#8941=CARTESIAN_POINT('',(2.69283737193958,9.2777899327498,3.94966700171192));
#8942=CARTESIAN_POINT('',(3.25142791652664,9.2966887422724,3.50420590113984));
#8943=CARTESIAN_POINT('',(3.73738694375574,9.31558755179754,2.98046663126462));
#8944=CARTESIAN_POINT('',(4.13985891997096,9.33448636132014,2.39014866191765));
#8945=CARTESIAN_POINT('',(4.44985328950346,9.35338517084528,1.74643872106579));
#8946=CARTESIAN_POINT('',(4.66044528952766,9.37228398036788,1.06371622508857));
#8947=CARTESIAN_POINT('',(4.76693064298528,9.39118278989302,0.357232066381022));
#8948=CARTESIAN_POINT('',(4.76693064298528,9.41008159941562,-0.357232066381022));
#8949=CARTESIAN_POINT('',(4.66044528952766,9.42898040893822,-1.06371622508882));
#8950=CARTESIAN_POINT('',(4.44985328950346,9.44787921846336,-1.74643872106579));
#8951=CARTESIAN_POINT('',(4.13985891997096,9.46677802798596,-2.39014866191765));
#8952=CARTESIAN_POINT('',(3.73738694375574,9.4856768375111,-2.98046663126462));
#8953=CARTESIAN_POINT('',(3.25142791652664,9.5045756470337,-3.50420590113984));
#8954=CARTESIAN_POINT('',(2.69283737193958,9.52347445655884,-3.94966700171192));
#8955=CARTESIAN_POINT('',(2.07409325488063,9.54237326608144,-4.30689906809218));
#8956=CARTESIAN_POINT('',(1.40901745382103,9.56127207560658,-4.5679221262279));
#8957=CARTESIAN_POINT('',(0.712466038626668,9.58017088512918,-4.7269053523299));
#8958=CARTESIAN_POINT('',(0.237489444646374,9.59277009148012,-4.7625));
#8959=CARTESIAN_POINT('',(0.0,9.59906969465432,-4.7625));
#8960=CARTESIAN_POINT('',(0.0,10.2764303053457,4.7625));
#8961=CARTESIAN_POINT('',(0.0,10.2764303053457,4.7625));
#8962=CARTESIAN_POINT('',(0.233087797236707,10.2826131511969,4.7625));
#8963=CARTESIAN_POINT('',(0.701673208906046,10.2950416090272,4.72833334510002));
#8964=CARTESIAN_POINT('',(1.39954963879581,10.313965116311,4.57098755305868));
#8965=CARTESIAN_POINT('',(2.06605168304331,10.3328918776877,4.31063630633524));
#8966=CARTESIAN_POINT('',(2.67830479280058,10.3515750147156,3.95862567272012));
#8967=CARTESIAN_POINT('',(3.22706374920986,10.3700585092878,3.52610679936488));
#8968=CARTESIAN_POINT('',(3.7175507958589,10.3889807179279,3.00545299764688));
#8969=CARTESIAN_POINT('',(4.12467678700788,10.4079204365457,2.41637474808031));
#8970=CARTESIAN_POINT('',(4.43718679731554,10.4267509058113,1.7768259496463));
#8971=CARTESIAN_POINT('',(4.64783621448678,10.4451576631964,1.11367934400389));
#8972=CARTESIAN_POINT('',(4.7614681849567,10.4637469139807,0.420263487590216));
#8973=CARTESIAN_POINT('',(4.77138539946818,10.4825608004854,-0.29093050053687));
#8974=CARTESIAN_POINT('',(4.67504115738438,10.5013668759898,-0.99528676983396));
#8975=CARTESIAN_POINT('',(4.47954505097834,10.51986122814,-1.66651727326537));
#8976=CARTESIAN_POINT('',(4.28527353066516,10.5322085220509,-2.09087389139498));
#8977=CARTESIAN_POINT('',(4.17341056370828,10.5383678053457,-2.29435187290938));
#8978=CARTESIAN_POINT('',(0.0,9.99594469465432,4.7625));
#8979=CARTESIAN_POINT('',(0.0,10.2764303053457,4.7625));
#8980=VECTOR('',#11328,0.280485610691106);
#8981=CARTESIAN_POINT('',(0.0,9.99594469465432,4.7625));
#8982=CARTESIAN_POINT('',(0.237489444646374,10.0022442978285,4.7625));
#8983=CARTESIAN_POINT('',(0.712466038626668,10.0148435041769,4.7269053523299));
#8984=CARTESIAN_POINT('',(1.40901745382103,10.0337423137021,4.5679221262279));
#8985=CARTESIAN_POINT('',(2.07409325488089,10.0526411232247,4.30689906809218));
#8986=CARTESIAN_POINT('',(2.69283737193958,10.0715399327498,3.94966700171192));
#8987=CARTESIAN_POINT('',(3.25142791652664,10.0904387422724,3.50420590113984));
#8988=CARTESIAN_POINT('',(3.73738694375574,10.1093375517975,2.98046663126462));
#8989=CARTESIAN_POINT('',(4.13985891997096,10.1282363613201,2.39014866191765));
#8990=CARTESIAN_POINT('',(4.44985328950346,10.1471351708453,1.74643872106579));
#8991=CARTESIAN_POINT('',(4.66044528952766,10.1660339803679,1.06371622508857));
#8992=CARTESIAN_POINT('',(4.76693064298528,10.184932789893,0.357232066381022));
#8993=CARTESIAN_POINT('',(4.76693064298528,10.2038315994156,-0.357232066381022));
#8994=CARTESIAN_POINT('',(4.66044528952766,10.2227304089408,-1.06371622508882));
#8995=CARTESIAN_POINT('',(4.44985328950346,10.2416292184634,-1.74643872106579));
#8996=CARTESIAN_POINT('',(4.13985891997096,10.2605280279885,-2.39014866191765));
#8997=CARTESIAN_POINT('',(3.73738694375574,10.2794268375111,-2.98046663126462));
#8998=CARTESIAN_POINT('',(3.25142791652664,10.2983256470362,-3.50420590113984));
#8999=CARTESIAN_POINT('',(2.69283737193958,10.3172244565588,-3.94966700171192));
#9000=CARTESIAN_POINT('',(2.07409325488089,10.336123266084,-4.30689906809218));
#9001=CARTESIAN_POINT('',(1.40901745382103,10.3550220756066,-4.5679221262279));
#9002=CARTESIAN_POINT('',(0.712466038626668,10.3739208851317,-4.7269053523299));
#9003=CARTESIAN_POINT('',(0.237489444646348,10.3865200914801,-4.7625));
#9004=CARTESIAN_POINT('',(0.0,10.3928196946543,-4.7625));
#9005=CARTESIAN_POINT('',(0.0,8.68893030534314,4.7625));
#9006=CARTESIAN_POINT('',(0.0,8.68893030534314,4.7625));
#9007=CARTESIAN_POINT('',(0.236430573225614,8.69520182108304,4.7625));
#9008=CARTESIAN_POINT('',(0.711802131453088,8.70781010041812,4.7273592462405));
#9009=CARTESIAN_POINT('',(1.41973642405487,8.72701920990178,4.56530667060538));
#9010=CARTESIAN_POINT('',(2.09459748171182,8.74622216915898,4.29748267750666));
#9011=CARTESIAN_POINT('',(2.7139703669684,8.76520856983228,3.93480078054272));
#9012=CARTESIAN_POINT('',(3.2632310271317,8.78385422245708,3.49300254910158));
#9013=CARTESIAN_POINT('',(3.75214407877786,8.80293332661274,2.96273043910944));
#9014=CARTESIAN_POINT('',(4.15620921334346,8.82207199002444,2.36242196867544));
#9015=CARTESIAN_POINT('',(4.46308266753538,8.84109331907086,1.71209461101221));
#9016=CARTESIAN_POINT('',(4.66646424199062,8.8597968821361,1.03491966475597));
#9017=CARTESIAN_POINT('',(4.76861034061902,8.87854811330006,0.333477762075908));
#9018=CARTESIAN_POINT('',(4.76511947453498,8.89754183474104,-0.384603106387626));
#9019=CARTESIAN_POINT('',(4.65327229042182,8.91654233063634,-1.09414421415855));
#9020=CARTESIAN_POINT('',(4.4405512165684,8.9352666656641,-1.76930434157372));
#9021=CARTESIAN_POINT('',(4.12843353204454,8.95410465593572,-2.40934871462771));
#9022=CARTESIAN_POINT('',(3.7273624594207,8.97283291082102,-2.99284546880306));
#9023=CARTESIAN_POINT('',(3.23833742931676,8.9917811111948,-3.51621361615154));
#9024=CARTESIAN_POINT('',(2.68297752004896,9.01052029163864,-3.95606094674976));
#9025=CARTESIAN_POINT('',(2.06449370406733,9.02939096476336,-4.31155517958004));
#9026=CARTESIAN_POINT('',(1.39948448983619,9.04826964373694,-4.5706546042021));
#9027=CARTESIAN_POINT('',(0.708461356991902,9.06701230581466,-4.72722415411038));
#9028=CARTESIAN_POINT('',(0.236115384973061,9.07954215023422,-4.7625));
#9029=CARTESIAN_POINT('',(0.0,9.08580530534314,-4.7625));
#9030=CARTESIAN_POINT('',(0.0,8.40844469465432,4.7625));
#9031=CARTESIAN_POINT('',(0.0,8.68893030534314,4.7625));
#9032=VECTOR('',#11329,0.280485610689328);
#9033=CARTESIAN_POINT('',(0.0,8.40844469465432,4.7625));
#9034=CARTESIAN_POINT('',(0.241051786316063,8.41483879187626,4.7625));
#9035=CARTESIAN_POINT('',(0.723152886045666,8.42762698632268,4.72582743773186));
#9036=CARTESIAN_POINT('',(1.42966515793067,8.4468092779885,4.5620667834936));
#9037=CARTESIAN_POINT('',(2.10327712094992,8.46599156965432,4.29332281564606));
#9038=CARTESIAN_POINT('',(2.72848813690156,8.48517386132268,3.92577993128194));
#9039=CARTESIAN_POINT('',(3.29091052802354,8.5043561529885,3.46789611022134));
#9040=CARTESIAN_POINT('',(3.77760175145652,8.52353844465432,2.93020827951076));
#9041=CARTESIAN_POINT('',(4.17736194478696,8.54272073632268,2.32508982987327));
#9042=CARTESIAN_POINT('',(4.4809917426341,8.5619030279885,1.6664658965985));
#9043=CARTESIAN_POINT('',(4.68150393441054,8.58108531965432,0.969492835953808));
#9044=CARTESIAN_POINT('',(4.77428433324612,8.60026761132268,0.250209724398321));
#9045=CARTESIAN_POINT('',(4.75719768822212,8.6194499029885,-0.474831783905018));
#9046=CARTESIAN_POINT('',(4.67282444641522,8.63223809743238,-0.950906886436932));
#9047=CARTESIAN_POINT('',(4.61287730487464,8.63863219465432,-1.18438558762261));
#9048=CARTESIAN_POINT('',(0.0,7.10143030534568,4.7625));
#9049=CARTESIAN_POINT('',(0.0,7.10143030534568,4.7625));
#9050=CARTESIAN_POINT('',(0.235692778064301,7.10768225045924,4.7625));
#9051=CARTESIAN_POINT('',(0.709792243871398,7.12025683265572,4.72756566619596));
#9052=CARTESIAN_POINT('',(1.41627353189076,7.13942371377832,4.56633367330372));
#9053=CARTESIAN_POINT('',(2.09099540726803,7.15861680696686,4.29921334965872));
#9054=CARTESIAN_POINT('',(2.7110953602089,7.17761352585676,3.93694497357716));
#9055=CARTESIAN_POINT('',(3.26186852474622,7.19630950454804,3.49403195315656));
#9056=CARTESIAN_POINT('',(3.74589474486558,7.21517807897236,2.97009031502466));
#9057=CARTESIAN_POINT('',(4.15020489809532,7.2342538492688,2.3728707582782));
#9058=CARTESIAN_POINT('',(4.45842407280636,7.25325096596334,1.72418477253821));
#9059=CARTESIAN_POINT('',(4.66422539568346,7.27200278458866,1.0458142586754));
#9060=CARTESIAN_POINT('',(4.7678667859898,7.29081651731418,0.342214524796912));
#9061=CARTESIAN_POINT('',(4.7660587909393,7.30965424791652,-0.36997284699593));
#9062=CARTESIAN_POINT('',(4.6567655759092,7.32864001223854,-1.07931481603306));
#9063=CARTESIAN_POINT('',(4.4460303184499,7.3473807758593,-1.75576979811734));
#9064=CARTESIAN_POINT('',(4.13402196366166,7.36632168178742,-2.40021740776615));
#9065=CARTESIAN_POINT('',(3.73232178503924,7.38512117242814,-2.98654998446238));
#9066=CARTESIAN_POINT('',(3.24679673334554,7.4039742362815,-3.50826838487414));
#9067=CARTESIAN_POINT('',(2.6917767159151,7.4227409341049,-3.95017911666686));
#9068=CARTESIAN_POINT('',(2.07229187931575,7.44166509735378,-4.30806280682388));
#9069=CARTESIAN_POINT('',(1.40172661938113,7.46070989084654,-4.57024112051294));
#9070=CARTESIAN_POINT('',(0.708176857417138,7.47951987827856,-4.7273151093209));
#9071=CARTESIAN_POINT('',(0.235707845720805,7.49205296055042,-4.7625));
#9072=CARTESIAN_POINT('',(0.0,7.49830530534568,-4.7625));
#9073=CARTESIAN_POINT('',(0.0,6.82094469465432,4.7625));
#9074=CARTESIAN_POINT('',(0.0,7.10143030534568,4.7625));
#9075=VECTOR('',#11330,0.280485610690598);
#9076=CARTESIAN_POINT('',(0.0,6.82094469465432,4.7625));
#9077=CARTESIAN_POINT('',(0.237489444646374,6.82724429782852,4.7625));
#9078=CARTESIAN_POINT('',(0.712466038626668,6.83984350417946,4.7269053523299));
#9079=CARTESIAN_POINT('',(1.40901745382103,6.85874231370206,4.5679221262279));
#9080=CARTESIAN_POINT('',(2.07409325488089,6.8776411232272,4.30689906809218));
#9081=CARTESIAN_POINT('',(2.69283737193958,6.8965399327498,3.94966700171192));
#9082=CARTESIAN_POINT('',(3.25142791652664,6.91543874227494,3.50420590113984));
#9083=CARTESIAN_POINT('',(3.73738694375574,6.93433755179754,2.98046663126462));
#9084=CARTESIAN_POINT('',(4.13985891997096,6.95323636132014,2.39014866191765));
#9085=CARTESIAN_POINT('',(4.44985328950346,6.97213517084528,1.74643872106579));
#9086=CARTESIAN_POINT('',(4.66044528952766,6.99103398036788,1.06371622508857));
#9087=CARTESIAN_POINT('',(4.76693064298528,7.00993278989302,0.357232066381276));
#9088=CARTESIAN_POINT('',(4.76693064298528,7.02883159941562,-0.357232066381276));
#9089=CARTESIAN_POINT('',(4.66044528952766,7.04773040894076,-1.06371622508857));
#9090=CARTESIAN_POINT('',(4.44985328950346,7.06662921846336,-1.74643872106579));
#9091=CARTESIAN_POINT('',(4.13985891997096,7.0855280279885,-2.39014866191765));
#9092=CARTESIAN_POINT('',(3.73738694375574,7.1044268375111,-2.98046663126462));
#9093=CARTESIAN_POINT('',(3.25142791652664,7.12332564703624,-3.50420590113984));
#9094=CARTESIAN_POINT('',(2.69283737193958,7.14222445655884,-3.94966700171192));
#9095=CARTESIAN_POINT('',(2.07409325488089,7.16112326608398,-4.30689906809218));
#9096=CARTESIAN_POINT('',(1.40901745382103,7.18002207560658,-4.5679221262279));
#9097=CARTESIAN_POINT('',(0.712466038626668,7.19892088513172,-4.7269053523299));
#9098=CARTESIAN_POINT('',(0.237489444646374,7.21152009148012,-4.7625));
#9099=CARTESIAN_POINT('',(0.0,7.21781969465432,-4.7625));
#9100=CARTESIAN_POINT('',(0.0,7.89518030534568,4.7625));
#9101=CARTESIAN_POINT('',(0.0,7.89518030534568,4.7625));
#9102=CARTESIAN_POINT('',(0.239997364920033,7.9015464331722,4.7625));
#9103=CARTESIAN_POINT('',(0.720142955315476,7.9142817352987,4.72631523724902));
#9104=CARTESIAN_POINT('',(1.42793010802384,7.9334981750598,4.56247557777126));
#9105=CARTESIAN_POINT('',(2.09596389292769,7.95251505995204,4.2966038472755));
#9106=CARTESIAN_POINT('',(2.71938125208768,7.97162080317558,3.93185046180786));
#9107=CARTESIAN_POINT('',(3.28026242021642,7.99070303100546,3.47804087549946));
#9108=CARTESIAN_POINT('',(3.77244453720658,8.01004119556248,2.93736570146208));
#9109=CARTESIAN_POINT('',(4.17370640398782,8.02926662296372,2.33125759090831));
#9110=CARTESIAN_POINT('',(4.47558730611254,8.04825904096306,1.67978765074691));
#9111=CARTESIAN_POINT('',(4.67791070695896,8.0673408357966,0.987316165945126));
#9112=CARTESIAN_POINT('',(4.77437725457666,8.08674912820422,0.259847179414838));
#9113=CARTESIAN_POINT('',(4.75744139253532,8.10620033454938,-0.475427528630214));
#9114=CARTESIAN_POINT('',(4.67261419838004,8.11899613365166,-0.951725748467734));
#9115=CARTESIAN_POINT('',(4.61287730487464,8.12536780534568,-1.18438558762261));
#9116=CARTESIAN_POINT('',(0.0,7.61469469465432,4.7625));
#9117=CARTESIAN_POINT('',(0.0,7.89518030534568,4.7625));
#9118=VECTOR('',#11331,0.280485610690598);
#9119=CARTESIAN_POINT('',(0.0,7.61469469465432,4.7625));
#9120=CARTESIAN_POINT('',(0.237489444646374,7.62099429782852,4.7625));
#9121=CARTESIAN_POINT('',(0.712466038626668,7.63359350417946,4.7269053523299));
#9122=CARTESIAN_POINT('',(1.40901745382103,7.65249231370206,4.5679221262279));
#9123=CARTESIAN_POINT('',(2.07409325488089,7.6713911232272,4.30689906809218));
#9124=CARTESIAN_POINT('',(2.69283737193958,7.6902899327498,3.94966700171192));
#9125=CARTESIAN_POINT('',(3.25142791652664,7.70918874227494,3.50420590113984));
#9126=CARTESIAN_POINT('',(3.73738694375574,7.72808755179754,2.98046663126462));
#9127=CARTESIAN_POINT('',(4.13985891997096,7.74698636132268,2.39014866191765));
#9128=CARTESIAN_POINT('',(4.44985328950346,7.76588517084528,1.74643872106579));
#9129=CARTESIAN_POINT('',(4.66044528952766,7.78478398036788,1.06371622508857));
#9130=CARTESIAN_POINT('',(4.76693064298528,7.80368278989302,0.357232066381022));
#9131=CARTESIAN_POINT('',(4.76693064298528,7.82258159941562,-0.357232066381022));
#9132=CARTESIAN_POINT('',(4.66044528952766,7.84148040894076,-1.06371622508857));
#9133=CARTESIAN_POINT('',(4.44985328950346,7.86037921846336,-1.74643872106579));
#9134=CARTESIAN_POINT('',(4.13985891997096,7.8792780279885,-2.39014866191765));
#9135=CARTESIAN_POINT('',(3.73738694375574,7.8981768375111,-2.98046663126462));
#9136=CARTESIAN_POINT('',(3.25142791652664,7.91707564703624,-3.50420590113984));
#9137=CARTESIAN_POINT('',(2.69283737193958,7.93597445655884,-3.94966700171192));
#9138=CARTESIAN_POINT('',(2.07409325488089,7.95487326608398,-4.30689906809218));
#9139=CARTESIAN_POINT('',(1.40901745382103,7.97377207560658,-4.5679221262279));
#9140=CARTESIAN_POINT('',(0.712466038626668,7.99267088513172,-4.7269053523299));
#9141=CARTESIAN_POINT('',(0.237489444646374,8.00527009148012,-4.7625));
#9142=CARTESIAN_POINT('',(0.0,8.01156969465432,-4.7625));
#9143=CARTESIAN_POINT('',(0.0,11.8639303053457,4.7625));
#9144=CARTESIAN_POINT('',(0.0,11.8639303053457,4.7625));
#9145=CARTESIAN_POINT('',(0.238280084483861,11.8702508808935,4.7625));
#9146=CARTESIAN_POINT('',(0.714842613600458,11.8828921539827,4.72666782008716));
#9147=CARTESIAN_POINT('',(1.41363602854246,11.901854686784,4.56662124788478));
#9148=CARTESIAN_POINT('',(2.08063190972176,11.9208170712011,4.30387651439892));
#9149=CARTESIAN_POINT('',(2.70080866538228,11.9397785396255,3.94436379208214));
#9150=CARTESIAN_POINT('',(3.26026353631028,11.9587403005462,3.49615096640392));
#9151=CARTESIAN_POINT('',(3.74642745228886,11.97770304385,2.96928986843912));
#9152=CARTESIAN_POINT('',(4.14833733942506,11.9966658925181,2.37564654184296));
#9153=CARTESIAN_POINT('',(4.45694495141612,12.0156283415604,1.72858926951457));
#9154=CARTESIAN_POINT('',(4.6653146774546,12.0345897207242,1.04269861353612));
#9155=CARTESIAN_POINT('',(4.76878403617206,12.0535523214781,0.33331570474267));
#9156=CARTESIAN_POINT('',(4.76500493613058,12.0725151291785,-0.383571658038792));
#9157=CARTESIAN_POINT('',(4.65406327250762,12.0914777220356,-1.09182418553141));
#9158=CARTESIAN_POINT('',(4.43847151564018,12.1104392208765,-1.77548381384645));
#9159=CARTESIAN_POINT('',(4.12307433971494,12.1294008309873,-2.41922354071266));
#9160=CARTESIAN_POINT('',(3.71494408877108,12.1483631975151,-3.00858525305368));
#9161=CARTESIAN_POINT('',(3.22326687803044,12.1673256218177,-3.53028840859372));
#9162=CARTESIAN_POINT('',(2.65912604914392,12.1862873069398,-3.9725840125377));
#9163=CARTESIAN_POINT('',(2.03519188797461,12.2052489509417,-4.32554949450982));
#9164=CARTESIAN_POINT('',(1.36548570585345,12.224210774763,-4.58124576542766));
#9165=CARTESIAN_POINT('',(0.665084394525782,12.243172317866,-4.73393026974816));
#9166=CARTESIAN_POINT('',(-0.0503760803621666,12.262136600552,-4.7801433354397));
#9167=CARTESIAN_POINT('',(-0.764250332887438,12.2810887855203,-4.71891449684352));
#9168=CARTESIAN_POINT('',(-1.46115005912889,12.3000463411129,-4.55162999849726));
#9169=CARTESIAN_POINT('',(-1.90376631447601,12.3126821944644,-4.3719340930206));
#9170=CARTESIAN_POINT('',(-2.11711448393325,12.319,-4.26605584960098));
#9171=CARTESIAN_POINT('',(0.0,11.5834446946543,4.7625));
#9172=CARTESIAN_POINT('',(0.0,11.8639303053457,4.7625));
#9173=VECTOR('',#11332,0.280485610690344);
#9174=CARTESIAN_POINT('',(-2.11711448393478,12.319,4.26605584960098));
#9175=CARTESIAN_POINT('',(-2.33499583276481,12.312547954992,4.15792792637288));
#9176=CARTESIAN_POINT('',(-2.75415735989118,12.299643838146,3.90822368796168));
#9177=CARTESIAN_POINT('',(-3.3183725149689,12.2802875801022,3.44209257029944));
#9178=CARTESIAN_POINT('',(-3.80483714647254,12.2609312461835,2.89530873647026));
#9179=CARTESIAN_POINT('',(-4.20215252642744,12.2415748408247,2.28068278245666));
#9180=CARTESIAN_POINT('',(-4.50100785864954,12.2222183691237,1.61261563834216));
#9181=CARTESIAN_POINT('',(-4.69439955851256,12.202861836003,0.906760624944262));
#9182=CARTESIAN_POINT('',(-4.77779514747924,12.1835052464282,0.179656804770178));
#9183=CARTESIAN_POINT('',(-4.7492395941993,12.1641486053549,-0.551658611030838));
#9184=CARTESIAN_POINT('',(-4.6094011590304,12.1447919177412,-1.27004949335161));
#9185=CARTESIAN_POINT('',(-4.36155578562384,12.1254351885426,-1.95868236620808));
#9186=CARTESIAN_POINT('',(-4.01151037245724,12.1060784227249,-2.60142089010946));
#9187=CARTESIAN_POINT('',(-3.5674667261521,12.086721625213,-3.18320401592112));
#9188=CARTESIAN_POINT('',(-3.03982939525412,12.0673648010972,-3.69039894380508));
#9189=CARTESIAN_POINT('',(-2.44096183755424,12.0480079548249,-4.11112061633008));
#9190=CARTESIAN_POINT('',(-1.78489682345931,12.0286510932745,-4.43551024879666));
#9191=CARTESIAN_POINT('',(-1.08700715943498,12.009294214221,-4.65596639718498));
#9192=CARTESIAN_POINT('',(-0.363647072899218,11.9899373494296,-4.76732303798408));
#9193=CARTESIAN_POINT('',(0.36823712928627,11.9705804038231,-4.766970893395));
#9194=CARTESIAN_POINT('',(1.09149540727482,11.9512233844803,-4.65491655802482));
#9195=CARTESIAN_POINT('',(1.78917627437842,11.931866390314,-4.43378598858758));
#9196=CARTESIAN_POINT('',(2.44493223076787,11.9125093986343,-4.10876091990648));
#9197=CARTESIAN_POINT('',(3.0433970050277,11.8931524193296,-3.68745770067818));
#9198=CARTESIAN_POINT('',(3.57054720656212,11.8737954535656,-3.1797487327936));
#9199=CARTESIAN_POINT('',(4.01403052118884,11.8544385048399,-2.5975311328674));
#9200=CARTESIAN_POINT('',(4.36345527502526,11.8350815760303,-1.95444792191295));
#9201=CARTESIAN_POINT('',(4.61063390648108,11.8157246701747,-1.26556830891395));
#9202=CARTESIAN_POINT('',(4.74977482142196,11.7963677902729,-0.547034553299546));
#9203=CARTESIAN_POINT('',(4.77761808745998,11.7770109393346,0.184316314887664));
#9204=CARTESIAN_POINT('',(4.69351180093324,11.7576541203648,0.911347052034026));
#9205=CARTESIAN_POINT('',(4.49942733444966,11.7382973363708,1.6170217880066));
#9206=CARTESIAN_POINT('',(4.19991310900128,11.7189405903574,2.28480523162297));
#9207=CARTESIAN_POINT('',(3.80198797749474,11.699583885332,2.8990501389214));
#9208=CARTESIAN_POINT('',(3.31497671006634,11.680227224302,3.4453639639319));
#9209=CARTESIAN_POINT('',(2.75029147358944,11.6608706102772,3.91094609977364));
#9210=CARTESIAN_POINT('',(2.12116429490143,11.6415140462446,4.2848878074234));
#9211=CARTESIAN_POINT('',(1.44233727454015,11.622157535293,4.55842780429456));
#9212=CARTESIAN_POINT('',(0.729715962033534,11.6028010801147,4.72515752374276));
#9213=CARTESIAN_POINT('',(0.2432392681338,11.5898968166345,4.7625));
#9214=CARTESIAN_POINT('',(0.0,11.5834446946543,4.7625));
#9215=CARTESIAN_POINT('',(-3.22097386594388,6.2738,-2.87583924357798));
#9216=CARTESIAN_POINT('',(-3.22097386594388,6.2738,-2.87583924357798));
#9217=CARTESIAN_POINT('',(-3.08814541483474,6.2738,-3.04069602628438));
#9218=CARTESIAN_POINT('',(-2.80100664454142,6.2738,-3.34777615768296));
#9219=CARTESIAN_POINT('',(-2.3052289056305,6.2738,-3.74432481983424));
#9220=CARTESIAN_POINT('',(-1.75009113101724,6.2738,-4.06840973324046));
#9221=CARTESIAN_POINT('',(-1.15769212093218,6.2738,-4.3071780975138));
#9222=CARTESIAN_POINT('',(-0.534794593509004,6.2738,-4.45958393723542));
#9223=CARTESIAN_POINT('',(0.110657492953152,6.2738,-4.52205133808904));
#9224=CARTESIAN_POINT('',(0.772425140238832,6.2738,-4.49002990253336));
#9225=CARTESIAN_POINT('',(1.43189397738742,6.2738,-4.35875661274112));
#9226=CARTESIAN_POINT('',(2.04522623327037,6.2738,-4.1391771530617));
#9227=CARTESIAN_POINT('',(2.57958086064254,6.2738,-3.86081036407122));
#9228=CARTESIAN_POINT('',(3.04785850562208,6.2738,-3.5370246999522));
#9229=CARTESIAN_POINT('',(3.46410071073316,6.2738,-3.1687794783542));
#9230=CARTESIAN_POINT('',(3.8378035524319,6.2738,-2.74995328621908));
#9231=CARTESIAN_POINT('',(4.16459771494082,6.2738,-2.27982469296329));
#9232=CARTESIAN_POINT('',(4.34153074816828,6.2738,-1.94564265227714));
#9233=CARTESIAN_POINT('',(4.42048662611092,6.2738,-1.77220321587833));
#9234=CARTESIAN_POINT('',(-1.26200101982629,6.2738,4.5922499579125));
#9235=CARTESIAN_POINT('',(-1.43449645125485,6.2738,4.53621365382582));
#9236=CARTESIAN_POINT('',(-1.77017849881448,6.2738,4.405617499136));
#9237=CARTESIAN_POINT('',(-2.25142435290988,6.2738,4.15162385049236));
#9238=CARTESIAN_POINT('',(-2.6939123279126,6.2738,3.84855418142336));
#9239=CARTESIAN_POINT('',(-3.10196022491652,6.2738,3.49512492639352));
#9240=CARTESIAN_POINT('',(-3.4823139249823,6.2738,3.07857368066862));
#9241=CARTESIAN_POINT('',(-3.83320618290428,6.2738,2.5824604905932));
#9242=CARTESIAN_POINT('',(-4.13906029146154,6.2738,1.9898916643606));
#9243=CARTESIAN_POINT('',(-4.35837217469872,6.2738,1.34020296498952));
#9244=CARTESIAN_POINT('',(-4.47561884324784,6.2738,0.677887754286042));
#9245=CARTESIAN_POINT('',(-4.49424825007582,6.2738,0.0199356299641239));
#9246=CARTESIAN_POINT('',(-4.41838761711108,6.2738,-0.625560696255328));
#9247=CARTESIAN_POINT('',(-4.24990394398258,6.2738,-1.25296485436932));
#9248=CARTESIAN_POINT('',(-3.99004418525762,6.2738,-1.85101362226507));
#9249=CARTESIAN_POINT('',(-3.64810835474152,6.2738,-2.39846668501309));
#9250=CARTESIAN_POINT('',(-3.37185588937862,6.2738,-2.72316061709942));
#9251=CARTESIAN_POINT('',(-3.22097386594388,6.2738,-2.87583924357798));
#9252=CARTESIAN_POINT('',(0.0,6.70455530534568,-4.7625));
#9253=CARTESIAN_POINT('',(-0.236060302606568,6.71081699935008,-4.7625));
#9254=CARTESIAN_POINT('',(-0.708497348895788,6.72334944083582,-4.72720068695894));
#9255=CARTESIAN_POINT('',(-1.39942571872132,6.74208876907464,-4.57073904957042));
#9256=CARTESIAN_POINT('',(-2.06652910537091,6.7610282465728,-4.31067817850956));
#9257=CARTESIAN_POINT('',(-2.68531232425666,6.77991452406306,-3.95449380831178));
#9258=CARTESIAN_POINT('',(-3.24059940932162,6.79866117596008,-3.51410858028034));
#9259=CARTESIAN_POINT('',(-3.72868939853212,6.81758535988456,-2.99111398172502));
#9260=CARTESIAN_POINT('',(-4.12949009431546,6.83630909084444,-2.40763729279046));
#9261=CARTESIAN_POINT('',(-4.44191161685242,6.85518781385146,-1.76602468642947));
#9262=CARTESIAN_POINT('',(-4.65411670275128,6.87391613098708,-1.09053526485018));
#9263=CARTESIAN_POINT('',(-4.76534455771956,6.8929104961682,-0.381140225012412));
#9264=CARTESIAN_POINT('',(-4.76841514934824,6.91186078349488,0.335295431377062));
#9265=CARTESIAN_POINT('',(-4.6661656323694,6.9306042004352,1.03642121545949));
#9266=CARTESIAN_POINT('',(-4.46223621860344,6.94933091659612,1.71434758864772));
#9267=CARTESIAN_POINT('',(-4.15517060280448,6.96834284680688,2.36419654730281));
#9268=CARTESIAN_POINT('',(-3.75130761300858,6.98745989568218,2.96364007671866));
#9269=CARTESIAN_POINT('',(-3.26400256950784,7.00647635848484,3.4921648353414));
#9270=CARTESIAN_POINT('',(-2.715237407081,7.02511181110464,3.93395227290522));
#9271=CARTESIAN_POINT('',(-2.09549050643148,7.04411248366456,4.29707364955916));
#9272=CARTESIAN_POINT('',(-1.42036683879887,7.06332407639954,4.56512667377208));
#9273=CARTESIAN_POINT('',(-0.71210908006652,7.08254238085592,4.7273306403541));
#9274=CARTESIAN_POINT('',(-0.236530758059458,7.09515613212316,4.7625));
#9275=CARTESIAN_POINT('',(0.0,7.10143030534568,4.7625));
#9276=CARTESIAN_POINT('',(0.0,7.49830530534568,-4.7625));
#9277=CARTESIAN_POINT('',(-0.235949396216215,7.5045640574662,-4.7625));
#9278=CARTESIAN_POINT('',(-0.709836381511342,7.51713339430868,-4.7274732977777));
#9279=CARTESIAN_POINT('',(-1.41385503518725,7.53623263166258,-4.56693979951844));
#9280=CARTESIAN_POINT('',(-2.08454052169396,7.55530789822876,-4.30186542528166));
#9281=CARTESIAN_POINT('',(-2.69706077241072,7.57404399141436,-3.9462338838055));
#9282=CARTESIAN_POINT('',(-3.25178338615098,7.59280892459054,-3.50406515635148));
#9283=CARTESIAN_POINT('',(-3.74408040951788,7.611963033346,-2.97300727988668));
#9284=CARTESIAN_POINT('',(-4.15048803251508,7.63113645816392,-2.37267601922597));
#9285=CARTESIAN_POINT('',(-4.4589835626475,7.65017904089148,-1.72226062853561));
#9286=CARTESIAN_POINT('',(-4.66339542119406,7.66878216543014,-1.04933579329602));
#9287=CARTESIAN_POINT('',(-4.7687361908423,7.68779172756588,-0.338483374762148));
#9288=CARTESIAN_POINT('',(-4.7652527197041,7.7069110423193,0.384404128996148));
#9289=CARTESIAN_POINT('',(-4.65293484982924,7.7259658360867,1.09596068541791));
#9290=CARTESIAN_POINT('',(-4.43990092939044,7.74466997939716,1.77018460281218));
#9291=CARTESIAN_POINT('',(-4.13082623317226,7.76335699908172,2.40538056964732));
#9292=CARTESIAN_POINT('',(-3.72546336964002,7.78230047007202,2.99579590980082));
#9293=CARTESIAN_POINT('',(-3.23419421190598,7.80130426346644,3.52000777969604));
#9294=CARTESIAN_POINT('',(-2.67855327285988,7.82003558533316,3.95900912890266));
#9295=CARTESIAN_POINT('',(-2.06261100809612,7.83881662675754,4.31203373461734));
#9296=CARTESIAN_POINT('',(-1.40453254850231,7.8575048213191,4.56909821785336));
#9297=CARTESIAN_POINT('',(-0.707722913701202,7.87640841189132,4.72758142548372));
#9298=CARTESIAN_POINT('',(-0.235834253931082,7.88892460746848,4.7625));
#9299=CARTESIAN_POINT('',(0.0,7.89518030534568,4.7625));
#9300=CARTESIAN_POINT('',(4.18234208975426,8.382,-1.07384293277771));
#9301=CARTESIAN_POINT('',(4.61287730487464,8.12536780534568,-1.18438558762261));
#9302=VECTOR('',#11333,0.513264389309656);
#9303=CARTESIAN_POINT('',(-3.22097386594388,6.2738,-2.87583924357798));
#9304=CARTESIAN_POINT('',(-3.37189338927822,6.28042955974822,-2.70680759773796));
#9305=CARTESIAN_POINT('',(-3.6470640899187,6.29368867924466,-2.34493713570969));
#9306=CARTESIAN_POINT('',(-3.9696124782852,6.31357735848932,-1.74412848355495));
#9307=CARTESIAN_POINT('',(-4.19397324471136,6.33346603773652,-1.10017973828586));
#9308=CARTESIAN_POINT('',(-4.31459737604326,6.35335471698118,-0.429018244220368));
#9309=CARTESIAN_POINT('',(-4.3285011382052,6.37324339622584,0.252754863491675));
#9310=CARTESIAN_POINT('',(-4.23534066053364,6.3931320754705,0.928276159658344));
#9311=CARTESIAN_POINT('',(-4.03742023163818,6.4130207547177,1.5808368062459));
#9312=CARTESIAN_POINT('',(-3.73963535967038,6.43290943396236,2.19429590366815));
#9313=CARTESIAN_POINT('',(-3.34935166825304,6.45279811320702,2.75347971449768));
#9314=CARTESIAN_POINT('',(-2.87622271390832,6.47268679245168,3.24455698607498));
#9315=CARTESIAN_POINT('',(-2.33195120700063,6.49257547169888,3.6553810613975));
#9316=CARTESIAN_POINT('',(-1.72999954880196,6.51246415094354,3.97579032357236));
#9317=CARTESIAN_POINT('',(-1.08525684273902,6.5323528301882,4.19785954042618));
#9318=CARTESIAN_POINT('',(-0.413670616668288,6.55224150943286,4.31609589290652));
#9319=CARTESIAN_POINT('',(0.268147634705436,6.57213018868006,4.32757483838902));
#9320=CARTESIAN_POINT('',(0.943333330435484,6.59201886792472,4.2320124484169));
#9321=CARTESIAN_POINT('',(1.59518594395625,6.61190754716938,4.03177243158252));
#9322=CARTESIAN_POINT('',(2.20758208586916,6.63179622641404,3.73180766787342));
#9323=CARTESIAN_POINT('',(2.76537431140186,6.65168490566124,3.33953770059374));
#9324=CARTESIAN_POINT('',(3.25476578816178,6.6715735849059,2.86466521605562));
#9325=CARTESIAN_POINT('',(3.66365155685546,6.69146226415056,2.31893605039244));
#9326=CARTESIAN_POINT('',(3.98191794403998,6.71135094339522,1.7158486596405));
#9327=CARTESIAN_POINT('',(4.20169272095132,6.73123962264242,1.07032023925212));
#9328=CARTESIAN_POINT('',(4.31753982085686,6.75112830188708,0.398317751504382));
#9329=CARTESIAN_POINT('',(4.32659379861882,6.77101698113174,-0.283537012783616));
#9330=CARTESIAN_POINT('',(4.22863070666122,6.7909056603764,-0.958378569528842));
#9331=CARTESIAN_POINT('',(4.02607363426792,6.8107943396236,-1.60951490434577));
#9332=CARTESIAN_POINT('',(3.72393277313556,6.83068301886826,-2.22084034478617));
#9333=CARTESIAN_POINT('',(3.3296814917159,6.85057169811292,-2.77723392957488));
#9334=CARTESIAN_POINT('',(2.85307148356622,6.87046037735758,-3.26493342129866));
#9335=CARTESIAN_POINT('',(2.30589156197651,6.89034905660478,-3.6718757114409));
#9336=CARTESIAN_POINT('',(1.70167606701622,6.91023773584944,-3.98799519794082));
#9337=CARTESIAN_POINT('',(1.05537009747631,6.9301264150941,-4.20547275501938));
#9338=CARTESIAN_POINT('',(0.38295984809071,6.95001509433876,-4.31892913702158));
#9339=CARTESIAN_POINT('',(-0.298922804452916,6.96990377358596,-4.32555803253694));
#9340=CARTESIAN_POINT('',(-0.973411686263158,6.98979245283062,-4.22519547771508));
#9341=CARTESIAN_POINT('',(-1.62382350626928,7.00968113207528,-4.02032391186848));
#9342=CARTESIAN_POINT('',(-2.23407051269078,7.02956981131994,-3.71601077503496));
#9343=CARTESIAN_POINT('',(-2.78905841901196,7.04945849056714,-3.31978316629034));
#9344=CARTESIAN_POINT('',(-3.27505975688034,7.0693471698118,-2.84144166308702));
#9345=CARTESIAN_POINT('',(-3.68005342112558,7.08923584905646,-2.29281790675075));
#9346=CARTESIAN_POINT('',(-3.99402200840432,7.10912452830112,-1.68748195019623));
#9347=CARTESIAN_POINT('',(-4.20919959481486,7.12901320754832,-1.04040660651283));
#9348=CARTESIAN_POINT('',(-4.32026382382134,7.14890188679298,-0.367597100686218));
#9349=CARTESIAN_POINT('',(-4.3244675532447,7.16879056603764,0.314304815101076));
#9350=CARTESIAN_POINT('',(-4.22170680502518,7.1886792452823,0.988432490487174));
#9351=CARTESIAN_POINT('',(-4.01452333711202,7.2085679245295,1.63811156873958));
#9352=CARTESIAN_POINT('',(-3.70804177378224,7.22845660377416,2.24727242223738));
#9353=CARTESIAN_POINT('',(-3.30984284952382,7.24834528301882,2.80084763015028));
#9354=CARTESIAN_POINT('',(-2.82977590171958,7.26823396226348,3.28514466681462));
#9355=CARTESIAN_POINT('',(-2.27971525008184,7.28812264151068,3.68818458247562));
#9356=CARTESIAN_POINT('',(-1.6732664887189,7.30801132075534,3.99999829919746));
#9357=CARTESIAN_POINT('',(-1.02542995563256,7.3279,4.21287319319536));
#9358=CARTESIAN_POINT('',(-0.352229703612336,7.34778867924466,4.32154386437784));
#9359=CARTESIAN_POINT('',(0.329682850163842,7.36767735849186,4.32332237453684));
#9360=CARTESIAN_POINT('',(1.00344079220533,7.38756603773652,4.21816473272402));
#9361=CARTESIAN_POINT('',(1.65237891102957,7.40745471698118,4.00867198336898));
#9362=CARTESIAN_POINT('',(2.26044590643671,7.42734339622584,3.70002587016968));
#9363=CARTESIAN_POINT('',(2.81260141386644,7.44723207547304,3.29986066714634));
#9364=CARTESIAN_POINT('',(3.2951880235427,7.4671207547177,2.8180743470252));
#9365=CARTESIAN_POINT('',(3.69626909263626,7.48700943396236,2.26658375770277));
#9366=CARTESIAN_POINT('',(4.00592399472984,7.50689811320702,1.65902986239338));
#9367=CARTESIAN_POINT('',(4.2164935036992,7.52678679245168,1.01044033427252));
#9368=CARTESIAN_POINT('',(4.32276924250112,7.54667547169888,0.336857851247898));
#9369=CARTESIAN_POINT('',(4.32212251089644,7.56656415094354,-0.345056715126744));
#9370=CARTESIAN_POINT('',(4.21456930560958,7.5864528301882,-1.01843640158007));
#9371=CARTESIAN_POINT('',(4.00276992464988,7.60634150943286,-1.6666253526743));
#9372=CARTESIAN_POINT('',(3.69196316559408,7.62623018868006,-2.27359079866021));
#9373=CARTESIAN_POINT('',(3.2898367454213,7.64611886792472,-2.82431962148916));
#9374=CARTESIAN_POINT('',(2.80633714701222,7.66600754716938,-3.30518970002648));
#9375=CARTESIAN_POINT('',(2.25342359571123,7.68589622641404,-3.70430684935218));
#9376=CARTESIAN_POINT('',(1.64477225129626,7.70578490566124,-4.01179902004352));
#9377=CARTESIAN_POINT('',(0.995437932033794,7.7256735849059,-4.22006048053018));
#9378=CARTESIAN_POINT('',(0.321481738029142,7.74556226415056,-4.32393994268702));
#9379=CARTESIAN_POINT('',(-0.360426215528652,7.76545094339522,-4.32086797750254));
#9380=CARTESIAN_POINT('',(-1.03341912893485,7.78533962264242,-4.2109205691631));
#9381=CARTESIAN_POINT('',(-1.6808507134727,7.80522830188708,-3.9968172356104));
#9382=CARTESIAN_POINT('',(-2.28670693264023,7.82511698113174,-3.68385376203644));
#9383=CARTESIAN_POINT('',(-2.83600210479928,7.8450056603764,-3.27977121114042));
#9384=CARTESIAN_POINT('',(-3.31514956975618,7.8648943396236,-2.7945644501411));
#9385=CARTESIAN_POINT('',(-3.71229775095226,7.88478301886826,-2.24023493056842));
#9386=CARTESIAN_POINT('',(-4.0176233008308,7.90467169811292,-1.63049383576959));
#9387=CARTESIAN_POINT('',(-4.22357407857028,7.92456037735758,-0.980422938679284));
#9388=CARTESIAN_POINT('',(-4.32505595013242,7.94444905660478,-0.3061015584459));
#9389=CARTESIAN_POINT('',(-4.31955879022506,7.96433773584944,0.375791156963554));
#9390=CARTESIAN_POINT('',(-4.20721856953638,7.9842264150941,1.0483887847557));
#9391=CARTESIAN_POINT('',(-3.9908139915463,8.00411509433876,1.69505481349065));
#9392=CARTESIAN_POINT('',(-3.67569776207212,8.02400377358596,2.29979414247287));
#9393=CARTESIAN_POINT('',(-3.2696641916212,8.04389245283062,2.84764871602468));
#9394=CARTESIAN_POINT('',(-2.78275640532696,8.06378113207528,3.32506750675288));
#9395=CARTESIAN_POINT('',(-2.22701792909544,8.08366981131994,3.72024169636228));
#9396=CARTESIAN_POINT('',(-1.61619479641852,8.10355849056714,4.02339676341898));
#9397=CARTESIAN_POINT('',(-0.965395544130628,8.1234471698118,4.22703425337712));
#9398=CARTESIAN_POINT('',(-0.290717507039058,8.14333584905646,4.32611725071746));
#9399=CARTESIAN_POINT('',(0.391151345082842,8.16322452830112,4.31819496561718));
#9400=CARTESIAN_POINT('',(1.06334517969426,8.18311320754832,4.20346335355686));
#9401=CARTESIAN_POINT('',(1.70923747306102,8.20300188679298,3.98476026838072));
#9402=CARTESIAN_POINT('',(2.31285226262963,8.22289056603764,3.66749526889878));
#9403=CARTESIAN_POINT('',(2.85925930781996,8.2427792452823,3.25951581457738));
#9404=CARTESIAN_POINT('',(3.33494338569044,8.2626679245295,2.77091316240694));
#9405=CARTESIAN_POINT('',(3.72813858463756,8.28255660377416,2.21377275667398));
#9406=CARTESIAN_POINT('',(4.02911933650264,8.30244528301882,1.60187532081725));
#9407=CARTESIAN_POINT('',(4.23044095475776,8.32233396226348,0.950355913432962));
#9408=CARTESIAN_POINT('',(4.32712385500854,8.34222264151068,0.275329871828614));
#9409=CARTESIAN_POINT('',(4.31677643141082,8.36211132075534,-0.406506934280924));
#9410=CARTESIAN_POINT('',(4.23869567902806,8.37537044025178,-0.85436019360411));
#9411=CARTESIAN_POINT('',(4.18234208975426,8.382,-1.07384293277771));
#9412=CARTESIAN_POINT('',(4.18234208975426,8.382,-1.07384293277771));
#9413=VECTOR('',#11334,0.513264389309656);
#9414=CARTESIAN_POINT('',(0.0,8.01156969465432,-4.7625));
#9415=CARTESIAN_POINT('',(-0.237489444646374,8.01786929782852,-4.7625));
#9416=CARTESIAN_POINT('',(-0.712466038626668,8.03046850417946,-4.7269053523299));
#9417=CARTESIAN_POINT('',(-1.40901745382103,8.04936731370206,-4.5679221262279));
#9418=CARTESIAN_POINT('',(-2.07409325488089,8.0682661232272,-4.30689906809218));
#9419=CARTESIAN_POINT('',(-2.69283737193958,8.0871649327498,-3.94966700171192));
#9420=CARTESIAN_POINT('',(-3.25142791652664,8.10606374227494,-3.50420590113984));
#9421=CARTESIAN_POINT('',(-3.73738694375574,8.12496255179754,-2.98046663126462));
#9422=CARTESIAN_POINT('',(-4.13985891997096,8.14386136132268,-2.39014866191765));
#9423=CARTESIAN_POINT('',(-4.44985328950346,8.16276017084528,-1.74643872106579));
#9424=CARTESIAN_POINT('',(-4.66044528952766,8.18165898036788,-1.06371622508857));
#9425=CARTESIAN_POINT('',(-4.76693064298528,8.20055778989302,-0.357232066381022));
#9426=CARTESIAN_POINT('',(-4.76693064298528,8.21945659941562,0.357232066381276));
#9427=CARTESIAN_POINT('',(-4.66044528952766,8.23835540894076,1.06371622508882));
#9428=CARTESIAN_POINT('',(-4.44985328950346,8.25725421846336,1.74643872106579));
#9429=CARTESIAN_POINT('',(-4.13985891997096,8.2761530279885,2.39014866191765));
#9430=CARTESIAN_POINT('',(-3.73738694375574,8.2950518375111,2.98046663126462));
#9431=CARTESIAN_POINT('',(-3.25142791652664,8.31395064703624,3.50420590113984));
#9432=CARTESIAN_POINT('',(-2.69283737193958,8.33284945655884,3.94966700171192));
#9433=CARTESIAN_POINT('',(-2.07409325488089,8.35174826608398,4.30689906809218));
#9434=CARTESIAN_POINT('',(-1.40901745382103,8.37064707560658,4.5679221262279));
#9435=CARTESIAN_POINT('',(-0.712466038626668,8.38954588513172,4.7269053523299));
#9436=CARTESIAN_POINT('',(-0.237489444646374,8.40214509148012,4.7625));
#9437=CARTESIAN_POINT('',(0.0,8.40844469465432,4.7625));
#9438=CARTESIAN_POINT('',(0.0,7.21781969465432,-4.7625));
#9439=CARTESIAN_POINT('',(-0.237489444646374,7.22411929782852,-4.7625));
#9440=CARTESIAN_POINT('',(-0.712466038626668,7.23671850417946,-4.7269053523299));
#9441=CARTESIAN_POINT('',(-1.40901745382103,7.25561731370206,-4.5679221262279));
#9442=CARTESIAN_POINT('',(-2.07409325488063,7.2745161232272,-4.30689906809218));
#9443=CARTESIAN_POINT('',(-2.69283737193958,7.2934149327498,-3.94966700171192));
#9444=CARTESIAN_POINT('',(-3.25142791652664,7.31231374227494,-3.50420590113984));
#9445=CARTESIAN_POINT('',(-3.73738694375574,7.33121255179754,-2.98046663126462));
#9446=CARTESIAN_POINT('',(-4.13985891997096,7.35011136132014,-2.39014866191765));
#9447=CARTESIAN_POINT('',(-4.44985328950346,7.36901017084528,-1.74643872106579));
#9448=CARTESIAN_POINT('',(-4.66044528952766,7.38790898036788,-1.06371622508857));
#9449=CARTESIAN_POINT('',(-4.76693064298528,7.40680778989302,-0.357232066381276));
#9450=CARTESIAN_POINT('',(-4.76693064298528,7.42570659941562,0.357232066381276));
#9451=CARTESIAN_POINT('',(-4.66044528952766,7.44460540894076,1.06371622508857));
#9452=CARTESIAN_POINT('',(-4.44985328950346,7.46350421846336,1.74643872106579));
#9453=CARTESIAN_POINT('',(-4.13985891997096,7.4824030279885,2.39014866191765));
#9454=CARTESIAN_POINT('',(-3.73738694375574,7.5013018375111,2.98046663126462));
#9455=CARTESIAN_POINT('',(-3.25142791652664,7.52020064703624,3.50420590113984));
#9456=CARTESIAN_POINT('',(-2.69283737193958,7.53909945655884,3.94966700171192));
#9457=CARTESIAN_POINT('',(-2.07409325488063,7.55799826608398,4.30689906809218));
#9458=CARTESIAN_POINT('',(-1.40901745382103,7.57689707560658,4.5679221262279));
#9459=CARTESIAN_POINT('',(-0.712466038626668,7.59579588513172,4.7269053523299));
#9460=CARTESIAN_POINT('',(-0.237489444646374,7.60839509148012,4.7625));
#9461=CARTESIAN_POINT('',(0.0,7.61469469465432,4.7625));
#9462=CARTESIAN_POINT('',(0.0,6.42406969465432,-4.7625));
#9463=CARTESIAN_POINT('',(-0.237489444646374,6.43036929782852,-4.7625));
#9464=CARTESIAN_POINT('',(-0.712466038626668,6.44296850417946,-4.7269053523299));
#9465=CARTESIAN_POINT('',(-1.40901745382103,6.46186731370206,-4.5679221262279));
#9466=CARTESIAN_POINT('',(-2.07409325488089,6.4807661232272,-4.30689906809218));
#9467=CARTESIAN_POINT('',(-2.69283737193958,6.4996649327498,-3.94966700171192));
#9468=CARTESIAN_POINT('',(-3.25142791652664,6.51856374227494,-3.50420590113984));
#9469=CARTESIAN_POINT('',(-3.73738694375574,6.53746255179754,-2.98046663126462));
#9470=CARTESIAN_POINT('',(-4.13985891997096,6.55636136132014,-2.39014866191765));
#9471=CARTESIAN_POINT('',(-4.44985328950346,6.57526017084528,-1.74643872106579));
#9472=CARTESIAN_POINT('',(-4.66044528952766,6.59415898036788,-1.06371622508857));
#9473=CARTESIAN_POINT('',(-4.76693064298528,6.61305778989302,-0.357232066381276));
#9474=CARTESIAN_POINT('',(-4.76693064298528,6.63195659941562,0.357232066381276));
#9475=CARTESIAN_POINT('',(-4.66044528952766,6.65085540894076,1.06371622508857));
#9476=CARTESIAN_POINT('',(-4.44985328950346,6.66975421846336,1.74643872106579));
#9477=CARTESIAN_POINT('',(-4.13985891997096,6.6886530279885,2.39014866191765));
#9478=CARTESIAN_POINT('',(-3.73738694375574,6.7075518375111,2.98046663126462));
#9479=CARTESIAN_POINT('',(-3.25142791652664,6.72645064703624,3.50420590113984));
#9480=CARTESIAN_POINT('',(-2.69283737193958,6.74534945655884,3.94966700171192));
#9481=CARTESIAN_POINT('',(-2.07409325488089,6.76424826608398,4.30689906809218));
#9482=CARTESIAN_POINT('',(-1.40901745382103,6.78314707560658,4.5679221262279));
#9483=CARTESIAN_POINT('',(-0.712466038626668,6.80204588513172,4.7269053523299));
#9484=CARTESIAN_POINT('',(-0.237489444646374,6.81464509148012,4.7625));
#9485=CARTESIAN_POINT('',(0.0,6.82094469465432,4.7625));
#9486=CARTESIAN_POINT('',(0.0,8.29205530534568,-4.7625));
#9487=CARTESIAN_POINT('',(-0.235391023208528,8.29829924616232,-4.7625));
#9488=CARTESIAN_POINT('',(-0.707739651127214,8.31082874449164,-4.72746008191132));
#9489=CARTESIAN_POINT('',(-1.40387181261093,8.32970903154938,-4.56971278036058));
#9490=CARTESIAN_POINT('',(-2.07559109136908,8.34879178973126,-4.30651511179888));
#9491=CARTESIAN_POINT('',(-2.69534361192328,8.36773290220202,-3.94779769242286));
#9492=CARTESIAN_POINT('',(-3.25011677290306,8.38650774850036,-3.50510167175114));
#9493=CARTESIAN_POINT('',(-3.73418730966226,8.40531738166334,-2.98426092198692));
#9494=CARTESIAN_POINT('',(-4.13696349462898,8.42418866488082,-2.39537860465739));
#9495=CARTESIAN_POINT('',(-4.44833536469324,8.44314594069746,-1.74991869101058));
#9496=CARTESIAN_POINT('',(-4.65825814204014,8.46189349756346,-1.07294250060347));
#9497=CARTESIAN_POINT('',(-4.76644412507338,8.4808705029444,-0.363776831135002));
#9498=CARTESIAN_POINT('',(-4.76756677139552,8.4996568583358,0.346473816537646));
#9499=CARTESIAN_POINT('',(-4.6629109176063,8.51852628021334,1.05204731205306));
#9500=CARTESIAN_POINT('',(-4.45606063531836,8.53728108713088,1.73023052034128));
#9501=CARTESIAN_POINT('',(-4.14705625317596,8.5562733713535,2.37833477631484));
#9502=CARTESIAN_POINT('',(-3.7425862832656,8.57531957056608,2.97408154686184));
#9503=CARTESIAN_POINT('',(-3.259534047975,8.59413520064366,3.49619679755432));
#9504=CARTESIAN_POINT('',(-2.7073933882631,8.61286683074446,3.93955142075948));
#9505=CARTESIAN_POINT('',(-2.08718420096259,8.6318551836008,4.30102594974446));
#9506=CARTESIAN_POINT('',(-1.41297186887052,8.65102766864412,4.56727861768764));
#9507=CARTESIAN_POINT('',(-0.708404393706032,8.67014043384244,4.72767584828446));
#9508=CARTESIAN_POINT('',(-0.23523392254366,8.6826905317521,4.7625));
#9509=CARTESIAN_POINT('',(0.0,8.68893030534314,4.7625));
#9510=CARTESIAN_POINT('',(0.0,8.80531969465432,-4.7625));
#9511=CARTESIAN_POINT('',(-0.237489444646374,8.81161929782852,-4.7625));
#9512=CARTESIAN_POINT('',(-0.712466038626668,8.82421850417692,-4.7269053523299));
#9513=CARTESIAN_POINT('',(-1.40901745382103,8.84311731370206,-4.5679221262279));
#9514=CARTESIAN_POINT('',(-2.07409325488089,8.86201612322466,-4.30689906809218));
#9515=CARTESIAN_POINT('',(-2.69283737193958,8.8809149327498,-3.94966700171192));
#9516=CARTESIAN_POINT('',(-3.25142791652664,8.8998137422724,-3.50420590113984));
#9517=CARTESIAN_POINT('',(-3.73738694375574,8.91871255179754,-2.98046663126462));
#9518=CARTESIAN_POINT('',(-4.13985891997096,8.93761136132014,-2.39014866191765));
#9519=CARTESIAN_POINT('',(-4.44985328950346,8.95651017084528,-1.74643872106579));
#9520=CARTESIAN_POINT('',(-4.66044528952766,8.97540898036788,-1.06371622508882));
#9521=CARTESIAN_POINT('',(-4.76693064298528,8.99430778989302,-0.357232066381022));
#9522=CARTESIAN_POINT('',(-4.76693064298528,9.01320659941562,0.357232066381022));
#9523=CARTESIAN_POINT('',(-4.66044528952766,9.03210540894076,1.06371622508857));
#9524=CARTESIAN_POINT('',(-4.44985328950346,9.05100421846336,1.74643872106579));
#9525=CARTESIAN_POINT('',(-4.13985891997096,9.06990302798596,2.39014866191765));
#9526=CARTESIAN_POINT('',(-3.73738694375574,9.0888018375111,2.98046663126462));
#9527=CARTESIAN_POINT('',(-3.25142791652664,9.1077006470337,3.50420590113984));
#9528=CARTESIAN_POINT('',(-2.69283737193958,9.12659945655884,3.94966700171192));
#9529=CARTESIAN_POINT('',(-2.07409325488089,9.14549826608144,4.30689906809218));
#9530=CARTESIAN_POINT('',(-1.40901745382103,9.16439707560658,4.5679221262279));
#9531=CARTESIAN_POINT('',(-0.712466038626668,9.18329588512918,4.7269053523299));
#9532=CARTESIAN_POINT('',(-0.237489444646374,9.19589509148012,4.7625));
#9533=CARTESIAN_POINT('',(0.0,9.20219469465432,4.7625));
#9534=CARTESIAN_POINT('',(0.0,9.08580530534314,-4.7625));
#9535=CARTESIAN_POINT('',(-0.235790354682864,9.09205983875734,-4.7625));
#9536=CARTESIAN_POINT('',(-0.708554787085204,9.10459943545102,-4.72754998689026));
#9537=CARTESIAN_POINT('',(-1.40913682531685,9.12360453581006,-4.56809069841298));
#9538=CARTESIAN_POINT('',(-2.07367330337154,9.14249299433736,-4.3067685612742));
#9539=CARTESIAN_POINT('',(-2.6843256962858,9.16113738079248,-3.95486850274146));
#9540=CARTESIAN_POINT('',(-3.24060355918886,9.17990765528894,-3.51434574136558));
#9541=CARTESIAN_POINT('',(-3.73306278883536,9.19899942423512,-2.98665020453118));
#9542=CARTESIAN_POINT('',(-4.14039020457514,9.2181109805306,-2.38981606231895));
#9543=CARTESIAN_POINT('',(-4.44978698303206,9.23701832308668,-1.7455084825219));
#9544=CARTESIAN_POINT('',(-4.65830765702366,9.2556545605106,-1.07253721474754));
#9545=CARTESIAN_POINT('',(-4.76741479100098,9.27476421714516,-0.358405530746814));
#9546=CARTESIAN_POINT('',(-4.76679461574654,9.29392945626952,0.366253811510216));
#9547=CARTESIAN_POINT('',(-4.65662756137192,9.31303134053964,1.07993126319742));
#9548=CARTESIAN_POINT('',(-4.44678216601148,9.33168015108294,1.75297907277551));
#9549=CARTESIAN_POINT('',(-4.13765418271674,9.35051326319312,2.39429786307974));
#9550=CARTESIAN_POINT('',(-3.73053467280702,9.36959181366434,2.98974310499002));
#9551=CARTESIAN_POINT('',(-3.2383335910237,9.38865843084218,3.5163738419017));
#9552=CARTESIAN_POINT('',(-2.6821014908917,9.40741983553926,3.95642044611966));
#9553=CARTESIAN_POINT('',(-2.07057997423741,9.4260828392622,4.30820879772824));
#9554=CARTESIAN_POINT('',(-1.40803164914087,9.44491073288904,4.5683263699711));
#9555=CARTESIAN_POINT('',(-0.708244771422534,9.46389448967126,4.72757802730408));
#9556=CARTESIAN_POINT('',(-0.235767905190577,9.47642636742178,4.7625));
#9557=CARTESIAN_POINT('',(0.0,9.48268030534568,4.7625));
#9558=CARTESIAN_POINT('',(0.0,10.2764303053457,4.7625));
#9559=CARTESIAN_POINT('',(-0.235104065072235,10.2701939763299,4.7625));
#9560=CARTESIAN_POINT('',(-0.707342029060382,10.2576678326878,4.72760235031868));
#9561=CARTESIAN_POINT('',(-1.40603095581689,10.2387177389701,4.56916434286208));
#9562=CARTESIAN_POINT('',(-2.0785285782594,10.2196080312765,4.3051272848514));
#9563=CARTESIAN_POINT('',(-2.69851987989636,10.200651577734,3.9456598344583));
#9564=CARTESIAN_POINT('',(-3.25287892089666,10.1818769727382,3.5024706251311));
#9565=CARTESIAN_POINT('',(-3.73604519305088,10.1630909017303,2.9819973535829));
#9566=CARTESIAN_POINT('',(-4.13960462228042,10.1441615050934,2.39098917944769));
#9567=CARTESIAN_POINT('',(-4.45037774748934,10.1251922215182,1.74472287623637));
#9568=CARTESIAN_POINT('',(-4.65954075011246,10.1064403996137,1.06734625056815));
#9569=CARTESIAN_POINT('',(-4.7667643021394,10.0874804786284,0.358694139980364));
#9570=CARTESIAN_POINT('',(-4.76728878894158,10.0687194494804,-0.35060171731815));
#9571=CARTESIAN_POINT('',(-4.6617153186894,10.0498096392636,-1.05758142897591));
#9572=CARTESIAN_POINT('',(-4.45398830708558,10.0310545213103,-1.73551846194064));
#9573=CARTESIAN_POINT('',(-4.14433683288202,10.0120696271669,-2.38299633794953));
#9574=CARTESIAN_POINT('',(-3.73998456132402,9.99305818164148,-2.9772257573095));
#9575=CARTESIAN_POINT('',(-3.25727711556736,9.97426867622844,-3.49831166265656));
#9576=CARTESIAN_POINT('',(-2.70415992887532,9.95551468182896,-3.94179778085654));
#9577=CARTESIAN_POINT('',(-2.08399828767302,9.93653737982174,-4.3025349772852));
#9578=CARTESIAN_POINT('',(-1.41035247218629,9.91738608785516,-4.5680066432547));
#9579=CARTESIAN_POINT('',(-0.707692111653332,9.89832650263684,-4.7276992449382));
#9580=CARTESIAN_POINT('',(-0.235045782037823,9.88579008835488,-4.7625));
#9581=CARTESIAN_POINT('',(0.0,9.87955530534568,-4.7625));
#9582=CARTESIAN_POINT('',(0.0,9.59906969465432,-4.7625));
#9583=CARTESIAN_POINT('',(-0.237489444646374,9.60536929782852,-4.7625));
#9584=CARTESIAN_POINT('',(-0.712466038626668,9.61796850417692,-4.7269053523299));
#9585=CARTESIAN_POINT('',(-1.40901745382103,9.63686731370206,-4.5679221262279));
#9586=CARTESIAN_POINT('',(-2.07409325488089,9.65576612322466,-4.30689906809218));
#9587=CARTESIAN_POINT('',(-2.69283737193958,9.6746649327498,-3.94966700171192));
#9588=CARTESIAN_POINT('',(-3.25142791652664,9.6935637422724,-3.50420590113984));
#9589=CARTESIAN_POINT('',(-3.73738694375574,9.71246255179754,-2.98046663126462));
#9590=CARTESIAN_POINT('',(-4.13985891997096,9.73136136132014,-2.39014866191765));
#9591=CARTESIAN_POINT('',(-4.44985328950346,9.75026017084528,-1.74643872106579));
#9592=CARTESIAN_POINT('',(-4.66044528952766,9.76915898036788,-1.06371622508857));
#9593=CARTESIAN_POINT('',(-4.76693064298528,9.78805778989302,-0.357232066381022));
#9594=CARTESIAN_POINT('',(-4.76693064298528,9.80695659941562,0.357232066381022));
#9595=CARTESIAN_POINT('',(-4.66044528952766,9.82585540894076,1.06371622508857));
#9596=CARTESIAN_POINT('',(-4.44985328950346,9.84475421846336,1.74643872106579));
#9597=CARTESIAN_POINT('',(-4.13985891997096,9.8636530279885,2.39014866191765));
#9598=CARTESIAN_POINT('',(-3.73738694375574,9.8825518375111,2.98046663126462));
#9599=CARTESIAN_POINT('',(-3.25142791652664,9.9014506470337,3.50420590113984));
#9600=CARTESIAN_POINT('',(-2.69283737193958,9.92034945655884,3.94966700171192));
#9601=CARTESIAN_POINT('',(-2.07409325488089,9.93924826608144,4.30689906809218));
#9602=CARTESIAN_POINT('',(-1.40901745382103,9.95814707560658,4.5679221262279));
#9603=CARTESIAN_POINT('',(-0.712466038626668,9.97704588512918,4.7269053523299));
#9604=CARTESIAN_POINT('',(-0.237489444646374,9.98964509148012,4.7625));
#9605=CARTESIAN_POINT('',(0.0,9.99594469465432,4.7625));
#9606=CARTESIAN_POINT('',(0.0,11.0701803053457,4.7625));
#9607=CARTESIAN_POINT('',(-0.235837767922759,11.0639245142556,4.7625));
#9608=CARTESIAN_POINT('',(-0.709288359272616,11.0513666854292,4.72750710419472));
#9609=CARTESIAN_POINT('',(-1.41210029567032,11.0323009077594,4.56739910829248));
#9610=CARTESIAN_POINT('',(-2.08110657092814,11.0132769791094,4.30339728524816));
#9611=CARTESIAN_POINT('',(-2.6922728206252,10.9945941080322,3.94945229249948));
#9612=CARTESIAN_POINT('',(-3.24764236309446,10.975825864855,3.50790545865054));
#9613=CARTESIAN_POINT('',(-3.7402410105114,10.9566849274982,2.97780133799476));
#9614=CARTESIAN_POINT('',(-4.14735256102632,10.9375153191141,2.37812840513805));
#9615=CARTESIAN_POINT('',(-4.4565864797099,10.9184817483319,1.72844180769494));
#9616=CARTESIAN_POINT('',(-4.66217445375538,10.8998598728808,1.05512799718632));
#9617=CARTESIAN_POINT('',(-4.76854356633042,10.8807957937472,0.34233743603242));
#9618=CARTESIAN_POINT('',(-4.7655262273359,10.861651670481,-0.381502083338478));
#9619=CARTESIAN_POINT('',(-4.65345160529306,10.8425796258718,-1.09375474959331));
#9620=CARTESIAN_POINT('',(-4.44092962942346,10.8238901351254,-1.76755983340031));
#9621=CARTESIAN_POINT('',(-4.13201699935562,10.8051880756944,-2.40346957383839));
#9622=CARTESIAN_POINT('',(-3.72597217573188,10.7862048376361,-2.9952475619567));
#9623=CARTESIAN_POINT('',(-3.23439928884914,10.7671883313664,-3.5198452640292));
#9624=CARTESIAN_POINT('',(-2.67864341729478,10.7484535353156,-3.9589024928599));
#9625=CARTESIAN_POINT('',(-2.0638290464731,10.7297050845652,-4.3114160610216));
#9626=CARTESIAN_POINT('',(-1.40538741197571,10.7110039453915,-4.56889132051252));
#9627=CARTESIAN_POINT('',(-0.70768585901966,10.6920761321499,-4.7276135176014));
#9628=CARTESIAN_POINT('',(-0.235771463455114,10.6795593376534,-4.7625));
#9629=CARTESIAN_POINT('',(0.0,10.6733053053457,-4.7625));
#9630=CARTESIAN_POINT('',(0.0,10.3928196946543,-4.7625));
#9631=CARTESIAN_POINT('',(-0.237489444646374,10.3991192978285,-4.7625));
#9632=CARTESIAN_POINT('',(-0.712466038626668,10.4117185041795,-4.7269053523299));
#9633=CARTESIAN_POINT('',(-1.40901745382103,10.4306173137021,-4.5679221262279));
#9634=CARTESIAN_POINT('',(-2.07409325488089,10.4495161232247,-4.30689906809218));
#9635=CARTESIAN_POINT('',(-2.69283737193958,10.4684149327498,-3.94966700171192));
#9636=CARTESIAN_POINT('',(-3.25142791652664,10.4873137422724,-3.50420590113984));
#9637=CARTESIAN_POINT('',(-3.73738694375574,10.5062125517975,-2.98046663126462));
#9638=CARTESIAN_POINT('',(-4.13985891997096,10.5251113613201,-2.39014866191765));
#9639=CARTESIAN_POINT('',(-4.44985328950346,10.5440101708453,-1.74643872106579));
#9640=CARTESIAN_POINT('',(-4.66044528952766,10.5629089803679,-1.06371622508857));
#9641=CARTESIAN_POINT('',(-4.76693064298528,10.581807789893,-0.357232066381276));
#9642=CARTESIAN_POINT('',(-4.76693064298528,10.6007065994156,0.357232066381276));
#9643=CARTESIAN_POINT('',(-4.66044528952766,10.6196054089408,1.06371622508857));
#9644=CARTESIAN_POINT('',(-4.44985328950346,10.6385042184634,1.74643872106579));
#9645=CARTESIAN_POINT('',(-4.13985891997096,10.6574030279885,2.39014866191765));
#9646=CARTESIAN_POINT('',(-3.73738694375574,10.6763018375111,2.98046663126462));
#9647=CARTESIAN_POINT('',(-3.25142791652664,10.6952006470362,3.50420590113984));
#9648=CARTESIAN_POINT('',(-2.69283737193958,10.7140994565588,3.94966700171192));
#9649=CARTESIAN_POINT('',(-2.07409325488089,10.732998266084,4.30689906809218));
#9650=CARTESIAN_POINT('',(-1.40901745382103,10.7518970756066,4.5679221262279));
#9651=CARTESIAN_POINT('',(-0.712466038626668,10.7707958851317,4.7269053523299));
#9652=CARTESIAN_POINT('',(-0.237489444646348,10.7833950914801,4.7625));
#9653=CARTESIAN_POINT('',(0.0,10.7896946946543,4.7625));
#9654=CARTESIAN_POINT('',(0.0,11.1865696946543,-4.7625));
#9655=CARTESIAN_POINT('',(-0.237489444646399,11.1928692978285,-4.7625));
#9656=CARTESIAN_POINT('',(-0.712466038626668,11.2054685041795,-4.7269053523299));
#9657=CARTESIAN_POINT('',(-1.40901745382103,11.2243673137021,-4.5679221262279));
#9658=CARTESIAN_POINT('',(-2.07409325488063,11.2432661232272,-4.30689906809218));
#9659=CARTESIAN_POINT('',(-2.69283737193958,11.2621649327498,-3.94966700171192));
#9660=CARTESIAN_POINT('',(-3.25142791652664,11.2810637422749,-3.50420590113984));
#9661=CARTESIAN_POINT('',(-3.73738694375574,11.2999625517975,-2.98046663126462));
#9662=CARTESIAN_POINT('',(-4.13985891997096,11.3188613613227,-2.39014866191765));
#9663=CARTESIAN_POINT('',(-4.44985328950346,11.3377601708453,-1.74643872106579));
#9664=CARTESIAN_POINT('',(-4.66044528952766,11.3566589803679,-1.06371622508882));
#9665=CARTESIAN_POINT('',(-4.76693064298528,11.375557789893,-0.357232066381022));
#9666=CARTESIAN_POINT('',(-4.76693064298528,11.3944565994156,0.357232066381022));
#9667=CARTESIAN_POINT('',(-4.66044528952766,11.4133554089408,1.06371622508857));
#9668=CARTESIAN_POINT('',(-4.44985328950346,11.4322542184634,1.74643872106579));
#9669=CARTESIAN_POINT('',(-4.13985891997096,11.4511530279885,2.39014866191765));
#9670=CARTESIAN_POINT('',(-3.73738694375574,11.4700518375111,2.98046663126462));
#9671=CARTESIAN_POINT('',(-3.25142791652664,11.4889506470362,3.50420590113984));
#9672=CARTESIAN_POINT('',(-2.69283737193958,11.5078494565588,3.94966700171192));
#9673=CARTESIAN_POINT('',(-2.07409325488089,11.526748266084,4.30689906809218));
#9674=CARTESIAN_POINT('',(-1.40901745382103,11.5456470756066,4.5679221262279));
#9675=CARTESIAN_POINT('',(-0.712466038626668,11.5645458851317,4.7269053523299));
#9676=CARTESIAN_POINT('',(-0.237489444646374,11.5771450914801,4.7625));
#9677=CARTESIAN_POINT('',(0.0,11.5834446946543,4.7625));
#9678=CARTESIAN_POINT('',(0.0,11.4670553053457,-4.7625));
#9679=CARTESIAN_POINT('',(-0.236521683488301,11.4733292378575,-4.7625));
#9680=CARTESIAN_POINT('',(-0.712101620948088,11.4859430374228,-4.72733289664118));
#9681=CARTESIAN_POINT('',(-1.42042504736317,11.5051630648222,-4.5651159840754));
#9682=CARTESIAN_POINT('',(-2.09564848712289,11.5243778469742,-4.29699487683126));
#9683=CARTESIAN_POINT('',(-2.7154895523984,11.5433811939306,-3.93381885671282));
#9684=CARTESIAN_POINT('',(-3.26447646827302,11.5620278116817,-3.49164609618838));
#9685=CARTESIAN_POINT('',(-3.75023104881932,11.5809829946247,-2.96484620089264));
#9686=CARTESIAN_POINT('',(-4.1539890077788,11.6000805419287,-2.36623728032522));
#9687=CARTESIAN_POINT('',(-4.46125021278272,11.6190823991852,-1.71689978571629));
#9688=CARTESIAN_POINT('',(-4.66572056475052,11.6378214779325,-1.03864346349251));
#9689=CARTESIAN_POINT('',(-4.76825371135006,11.6565790366505,-0.33702199215736));
#9690=CARTESIAN_POINT('',(-4.7655532283233,11.6754843428784,0.377713210553272));
#9691=CARTESIAN_POINT('',(-4.6549598412682,11.69447208583,1.08694425046021));
#9692=CARTESIAN_POINT('',(-4.44326164352498,11.7132029921654,1.76270124299991));
#9693=CARTESIAN_POINT('',(-4.13080278873604,11.7321104105278,2.40550827509803));
#9694=CARTESIAN_POINT('',(-3.72984992642442,11.750850419065,2.98962716827244));
#9695=CARTESIAN_POINT('',(-3.24274585755094,11.7697464618646,3.5120866198691));
#9696=CARTESIAN_POINT('',(-2.6875840918137,11.7884989557464,3.9529742547418));
#9697=CARTESIAN_POINT('',(-2.06853369182858,11.8073993726216,4.30978709599404));
#9698=CARTESIAN_POINT('',(-1.39986918496571,11.8263851739921,4.57067546296658));
#9699=CARTESIAN_POINT('',(-0.708368237222084,11.845139584342,4.72722747443648));
#9700=CARTESIAN_POINT('',(-0.235931648343075,11.8576720240015,4.7625));
#9701=CARTESIAN_POINT('',(0.0,11.8639303053457,4.7625));
#9702=CARTESIAN_POINT('',(3.7838922444305,10.795,-2.08021236477117));
#9703=CARTESIAN_POINT('',(4.17341056370828,10.5383678053457,-2.29435187290938));
#9704=VECTOR('',#11335,0.513264389309656);
#9705=CARTESIAN_POINT('',(4.18234208975426,8.382,-1.07384293277771));
#9706=CARTESIAN_POINT('',(4.12536612148138,8.38870277777806,-1.29574967810709));
#9707=CARTESIAN_POINT('',(3.97601846051004,8.40210833333418,-1.73047216040436));
#9708=CARTESIAN_POINT('',(3.651471039436,8.42221666666582,-2.3388066922843));
#9709=CARTESIAN_POINT('',(3.23460391242516,8.442325,-2.88800876729578));
#9710=CARTESIAN_POINT('',(2.73595650651648,8.46243333333418,-3.3641937000218));
#9711=CARTESIAN_POINT('',(2.16813613661314,8.48254166666582,-3.7553219435956));
#9712=CARTESIAN_POINT('',(1.54549894703504,8.50265,-4.05150468684488));
#9713=CARTESIAN_POINT('',(0.883787028955046,8.52275833333418,-4.24525355019474));
#9714=CARTESIAN_POINT('',(0.199730392175018,8.54286666666582,-4.33167000010724));
#9715=CARTESIAN_POINT('',(-0.489376012469284,8.562975,-4.30856917519138));
#9716=CARTESIAN_POINT('',(-1.16610956159155,8.58308333333164,-4.17653513207686));
#9717=CARTESIAN_POINT('',(-1.81336045365589,8.60319166666582,-3.93890607709716));
#9718=CARTESIAN_POINT('',(-2.41476429486841,8.6233,-3.6016899671289));
#9719=CARTESIAN_POINT('',(-2.95511583883702,8.64340833333164,-3.17341261075924));
#9720=CARTESIAN_POINT('',(-3.4207534196428,8.66351666666582,-2.66490211097506));
#9721=CARTESIAN_POINT('',(-3.7999043586597,8.683625,-2.0890150990633));
#9722=CARTESIAN_POINT('',(-4.08298261228616,8.70373333333164,-1.46031168140712));
#9723=CARTESIAN_POINT('',(-4.26283113512078,8.72384166666582,-0.794687317458356));
#9724=CARTESIAN_POINT('',(-4.33490283099488,8.74395,-0.108970936071941));
#9725=CARTESIAN_POINT('',(-4.29737551684722,8.76405833333164,0.579500548988202));
#9726=CARTESIAN_POINT('',(-4.15119799283252,8.78416666666582,1.25332056688675));
#9727=CARTESIAN_POINT('',(-3.90006605388328,8.804275,1.89545297868971));
#9728=CARTESIAN_POINT('',(-3.55032904921848,8.82438333333164,2.48966280073505));
#9729=CARTESIAN_POINT('',(-3.11082935223284,8.84449166666582,3.02092667245766));
#9730=CARTESIAN_POINT('',(-2.59267879947328,8.8646,3.47581269084484));
#9731=CARTESIAN_POINT('',(-2.00897775093537,8.88470833333164,3.84282000818764));
#9732=CARTESIAN_POINT('',(-1.3744838746808,8.90481666666582,4.11266960712084));
#9733=CARTESIAN_POINT('',(-0.705239029873958,8.924925,4.2785389012871));
#9734=CARTESIAN_POINT('',(-0.0181636817047636,8.94503333333164,4.33623423026756));
#9735=CARTESIAN_POINT('',(0.669370897411738,8.96514166666582,4.28429688756384));
#9736=CARTESIAN_POINT('',(1.33998182436018,8.98525,4.12404000095354));
#9737=CARTESIAN_POINT('',(1.9767140954021,9.00535833333164,3.85951533280048));
#9738=CARTESIAN_POINT('',(2.56346925821252,9.02546666666582,3.49741083964744));
#9739=CARTESIAN_POINT('',(3.08541242779882,9.045575,3.04688158113702));
#9740=CARTESIAN_POINT('',(3.52934735572602,9.06568333333164,2.51931825336104));
#9741=CARTESIAN_POINT('',(3.88405006985232,9.08579166666582,1.92805919876823));
#9742=CARTESIAN_POINT('',(4.14055264913976,9.1059,1.28805317389942));
#9743=CARTESIAN_POINT('',(4.29236995888528,9.12600833333164,0.615481401142178));
#9744=CARTESIAN_POINT('',(4.33566361389292,9.14611666666582,-0.0726515398540846));
#9745=CARTESIAN_POINT('',(4.26933902406586,9.166225,-0.758947637637122));
#9746=CARTESIAN_POINT('',(4.0950730688291,9.18633333333164,-1.42605532151891));
#9747=CARTESIAN_POINT('',(3.81727170073216,9.20644166666582,-2.0571081599817));
#9748=CARTESIAN_POINT('',(3.44295855008894,9.22655,-2.63615129335362));
#9749=CARTESIAN_POINT('',(2.9815973470804,9.24665833333164,-3.14854481927318));
#9750=CARTESIAN_POINT('',(2.44485265099764,9.26676666666582,-3.58133393220986));
#9751=CARTESIAN_POINT('',(1.84629493611293,9.286875,-3.92357645879024));
#9752=CARTESIAN_POINT('',(1.20105749042505,9.30698333333164,-4.16661950792034));
#9753=CARTESIAN_POINT('',(0.525453801925702,9.32709166666582,-4.30431824115326));
#9754=CARTESIAN_POINT('',(-0.163434894046729,9.3472,-4.33319123216256));
#9755=CARTESIAN_POINT('',(-0.84819147834568,9.36730833333164,-4.25250848736886));
#9756=CARTESIAN_POINT('',(-1.51150330368229,9.38741666666582,-4.0643099023139));
#9757=CARTESIAN_POINT('',(-2.13659990893464,9.407525,-3.7733536871358));
#9758=CARTESIAN_POINT('',(-2.70767702540982,9.42763333333164,-3.3869960651231));
#9759=CARTESIAN_POINT('',(-3.21029615492952,9.44774166666582,-2.91500528588328));
#9760=CARTESIAN_POINT('',(-3.63174961726602,9.46785,-2.36931465545824));
#9761=CARTESIAN_POINT('',(-3.96138183741606,9.48795833333164,-1.76372082747788));
#9762=CARTESIAN_POINT('',(-4.19085874967544,9.50806666666582,-1.11353498343993));
#9763=CARTESIAN_POINT('',(-4.31437850718204,9.528175,-0.43519572130481));
#9764=CARTESIAN_POINT('',(-4.32881816954472,9.54828333333164,0.254146560293366));
#9765=CARTESIAN_POINT('',(-4.2338126599041,9.56839166666582,0.93706327423902));
#9766=CARTESIAN_POINT('',(-4.03176399514778,9.5885,1.59628829054124));
#9767=CARTESIAN_POINT('',(-3.72778055590226,9.60860833333164,2.21515447455214));
#9768=CARTESIAN_POINT('',(-3.32954793173918,9.62871666666582,2.77801508083198));
#9769=CARTESIAN_POINT('',(-2.84713460702496,9.648825,3.27063934859138));
#9770=CARTESIAN_POINT('',(-2.29273740020412,9.66893333333164,3.68057229691028));
#9771=CARTESIAN_POINT('',(-1.68037309259634,9.68904166666582,3.9974496230426));
#9772=CARTESIAN_POINT('',(-1.02552404320816,9.70915,4.21325974227494));
#9773=CARTESIAN_POINT('',(-0.34474674945737,9.72925833333164,4.32254634420676));
#9774=CARTESIAN_POINT('',(0.344746749459148,9.74936666666582,4.32254634420676));
#9775=CARTESIAN_POINT('',(1.02552404320994,9.769475,4.21325974227494));
#9776=CARTESIAN_POINT('',(1.68037309259787,9.78958333333164,3.9974496230426));
#9777=CARTESIAN_POINT('',(2.29273740020564,9.80969166666582,3.68057229691028));
#9778=CARTESIAN_POINT('',(2.8471346070275,9.8298,3.27063934859138));
#9779=CARTESIAN_POINT('',(3.32954793174172,9.84990833333164,2.77801508083198));
#9780=CARTESIAN_POINT('',(3.72778055590226,9.87001666666582,2.21515447455062));
#9781=CARTESIAN_POINT('',(4.03176399514778,9.890125,1.59628829053946));
#9782=CARTESIAN_POINT('',(4.2338126599041,9.91023333333164,0.937063274237242));
#9783=CARTESIAN_POINT('',(4.32881816954472,9.93034166666582,0.254146560291588));
#9784=CARTESIAN_POINT('',(4.31437850718204,9.95045,-0.435195721306588));
#9785=CARTESIAN_POINT('',(4.19085874967544,9.97055833333164,-1.11353498344145));
#9786=CARTESIAN_POINT('',(3.96138183741352,9.99066666666582,-1.76372082747941));
#9787=CARTESIAN_POINT('',(3.63174961726602,10.010775,-2.36931465545951));
#9788=CARTESIAN_POINT('',(3.21029615492952,10.0308833333342,-2.91500528588328));
#9789=CARTESIAN_POINT('',(2.70767702540728,10.0509916666658,-3.3869960651231));
#9790=CARTESIAN_POINT('',(2.13659990893337,10.0711,-3.7733536871358));
#9791=CARTESIAN_POINT('',(1.51150330368077,10.0912083333342,-4.0643099023139));
#9792=CARTESIAN_POINT('',(0.84819147834441,10.1113166666658,-4.25250848736886));
#9793=CARTESIAN_POINT('',(0.163434894045382,10.131425,-4.33319123216256));
#9794=CARTESIAN_POINT('',(-0.525453801926972,10.1515333333342,-4.30431824115326));
#9795=CARTESIAN_POINT('',(-1.20105749042632,10.1716416666658,-4.16661950792034));
#9796=CARTESIAN_POINT('',(-1.84629493611394,10.19175,-3.9235764587877));
#9797=CARTESIAN_POINT('',(-2.44485265099866,10.2118583333342,-3.58133393220732));
#9798=CARTESIAN_POINT('',(-2.9815973470804,10.2319666666658,-3.14854481927318));
#9799=CARTESIAN_POINT('',(-3.44295855009148,10.252075,-2.63615129335108));
#9800=CARTESIAN_POINT('',(-3.8172717007347,10.2721833333342,-2.05710815998094));
#9801=CARTESIAN_POINT('',(-4.0950730688291,10.2922916666658,-1.42605532151789));
#9802=CARTESIAN_POINT('',(-4.26933902406586,10.3124,-0.75894763763636));
#9803=CARTESIAN_POINT('',(-4.33566361389292,10.3325083333342,-0.0726515398533734));
#9804=CARTESIAN_POINT('',(-4.29236995888528,10.3526166666658,0.615481401142686));
#9805=CARTESIAN_POINT('',(-4.14055264913976,10.372725,1.28805317389993));
#9806=CARTESIAN_POINT('',(-3.88405006985232,10.3928333333342,1.92805919876848));
#9807=CARTESIAN_POINT('',(-3.52934735572602,10.4129416666658,2.51931825336154));
#9808=CARTESIAN_POINT('',(-3.08541242779882,10.43305,3.04688158113702));
#9809=CARTESIAN_POINT('',(-2.56346925821252,10.4531583333342,3.49741083964744));
#9810=CARTESIAN_POINT('',(-1.9767140954021,10.4732666666658,3.85951533280048));
#9811=CARTESIAN_POINT('',(-1.33998182436018,10.493375,4.12404000095354));
#9812=CARTESIAN_POINT('',(-0.669370897411738,10.5134833333342,4.28429688756384));
#9813=CARTESIAN_POINT('',(0.0181636817044867,10.5335916666658,4.33623423026756));
#9814=CARTESIAN_POINT('',(0.705239029873704,10.5537,4.2785389012871));
#9815=CARTESIAN_POINT('',(1.37448387468004,10.5738083333342,4.1126696071183));
#9816=CARTESIAN_POINT('',(2.00897775093639,10.5939166666658,3.84282000819018));
#9817=CARTESIAN_POINT('',(2.5926787994682,10.614025,3.47581269083722));
#9818=CARTESIAN_POINT('',(3.11082935225062,10.6341333333342,3.02092667249068));
#9819=CARTESIAN_POINT('',(3.5503290491499,10.6542416666658,2.48966280061237));
#9820=CARTESIAN_POINT('',(3.90006605413728,10.67435,1.89545297915098));
#9821=CARTESIAN_POINT('',(4.15119799188764,10.6944583333342,1.25332056516996));
#9822=CARTESIAN_POINT('',(4.29737552037274,10.7145666666658,0.579500555401448));
#9823=CARTESIAN_POINT('',(4.33490281784022,10.734675,-0.108970960000011));
#9824=CARTESIAN_POINT('',(4.26283118421644,10.7547833333342,-0.794687228150686));
#9825=CARTESIAN_POINT('',(4.08298242905564,10.7748916666658,-1.46031201470084));
#9826=CARTESIAN_POINT('',(3.89426417134432,10.7882972222219,-1.87944657502516));
#9827=CARTESIAN_POINT('',(3.7838922444305,10.795,-2.08021236477117));
#9828=CARTESIAN_POINT('',(3.7838922444305,10.795,-2.08021236477117));
#9829=VECTOR('',#11336,0.513264389309656);
#9830=CARTESIAN_POINT('',(0.0,12.6075026259197,-4.47399737408032));
#9831=CARTESIAN_POINT('',(-4.0080408793683,12.7,-1.77007077804999));
#9832=CARTESIAN_POINT('',(0.0,12.6075026259197,-4.47399737408032));
#9833=CARTESIAN_POINT('',(-0.214349960198359,12.6113397284842,-4.47016027151578));
#9834=CARTESIAN_POINT('',(-0.642146322653986,12.6190170315167,-4.43173499961616));
#9835=CARTESIAN_POINT('',(-1.2702864604982,12.6305905431931,-4.28183166017782));
#9836=CARTESIAN_POINT('',(-1.86444959181726,12.6420768217115,-4.0458647212973));
#9837=CARTESIAN_POINT('',(-2.42142919674965,12.6536534673567,-3.72538403189928));
#9838=CARTESIAN_POINT('',(-2.92224465262118,12.665157209706,-3.33180222475662));
#9839=CARTESIAN_POINT('',(-3.366479958924,12.6768308700595,-2.86464583688432));
#9840=CARTESIAN_POINT('',(-3.73559581662934,12.6884659340029,-2.34076373054903));
#9841=CARTESIAN_POINT('',(-3.92675572599278,12.696163331077,-1.96362494930029));
#9842=CARTESIAN_POINT('',(-4.0080408793683,12.7,-1.77007077804999));
#9843=CARTESIAN_POINT('',(0.0,12.6075026259197,-4.47399737408032));
#9844=CARTESIAN_POINT('',(0.235435078277467,12.6032880762995,-4.47821192370048));
#9845=CARTESIAN_POINT('',(0.707472025550198,12.5948619246047,-4.44939329497768));
#9846=CARTESIAN_POINT('',(1.40141421665542,12.5822312909557,-4.29509697788894));
#9847=CARTESIAN_POINT('',(2.06387727569668,12.5696099973947,-4.0331949334797));
#9848=CARTESIAN_POINT('',(2.6783170760958,12.5569974921473,-3.66981651395656));
#9849=CARTESIAN_POINT('',(3.22932392273878,12.5443935609316,-3.21361696605776));
#9850=CARTESIAN_POINT('',(3.70302490855818,12.531797937558,-2.67556420877706));
#9851=CARTESIAN_POINT('',(4.08739908957968,12.5192112416341,-2.0687162693344));
#9852=CARTESIAN_POINT('',(4.3726382628594,12.5066338848509,-1.40786425871137));
#9853=CARTESIAN_POINT('',(4.55139115463916,12.4940646308251,-0.709070008054506));
#9854=CARTESIAN_POINT('',(4.61886970064954,12.4815034452541,0.0105788441388429));
#9855=CARTESIAN_POINT('',(4.57302035713632,12.4689507805601,0.733412071482042));
#9856=CARTESIAN_POINT('',(4.41460026691846,12.4564074569422,1.44162452355494));
#9857=CARTESIAN_POINT('',(4.14711634238014,12.4438725026726,2.11783883874565));
#9858=CARTESIAN_POINT('',(3.77673054620122,12.431345344364,2.7453953818297));
#9859=CARTESIAN_POINT('',(3.31217573388014,12.4188266675472,3.30872639730664));
#9860=CARTESIAN_POINT('',(2.76451867800518,12.4063169422416,3.79382622702122));
#9861=CARTESIAN_POINT('',(2.14686314448814,12.3938161221836,4.1886080973416));
#9862=CARTESIAN_POINT('',(1.47395623783118,12.3813227176276,4.48317865289832));
#9863=CARTESIAN_POINT('',(0.762081804305784,12.3688382869222,4.6700101124884));
#9864=CARTESIAN_POINT('',(0.0282271487871694,12.3563595060047,4.74418186761678));
#9865=CARTESIAN_POINT('',(-0.709021570204976,12.3439005706483,4.70359973142028));
#9866=CARTESIAN_POINT('',(-1.43283601298493,12.3314440133822,4.54890771416536));
#9867=CARTESIAN_POINT('',(-1.89437173485398,12.3231470889321,4.37196664991764));
#9868=CARTESIAN_POINT('',(-2.11711448393478,12.319,4.26605584960098));
#9869=CARTESIAN_POINT('',(-4.2839512802769,12.7,-0.541188902531892));
#9870=CARTESIAN_POINT('',(3.7838922444305,10.795,-2.08021236477117));
#9871=CARTESIAN_POINT('',(3.67382605692552,10.8016842105254,-2.28042201659541));
#9872=CARTESIAN_POINT('',(3.42184834790506,10.8150526315787,-2.66333100477514));
#9873=CARTESIAN_POINT('',(2.9578440143865,10.8351052631574,-3.17073141875816));
#9874=CARTESIAN_POINT('',(2.41946989774242,10.855157894736,-3.59840853407532));
#9875=CARTESIAN_POINT('',(1.82026215365586,10.8752105263147,-3.93560978760898));
#9876=CARTESIAN_POINT('',(1.175286963382,10.8952631578959,-4.17385663541456));
#9877=CARTESIAN_POINT('',(0.500761129929382,10.9153157894746,-4.30715880432404));
#9878=CARTESIAN_POINT('',(-0.186355508483488,10.9353684210533,-4.3321646199816));
#9879=CARTESIAN_POINT('',(-0.868786547719086,10.955421052632,-4.24824535615168));
#9880=CARTESIAN_POINT('',(-1.52937339284705,10.9754736842107,-4.05751102234044));
#9881=CARTESIAN_POINT('',(-2.15150668553936,10.9955263157893,-3.7647573166603));
#9882=CARTESIAN_POINT('',(-2.71954391797012,11.015578947368,-3.37734504447852));
#9883=CARTESIAN_POINT('',(-3.21920273790118,11.0356315789467,-2.90501504360066));
#9884=CARTESIAN_POINT('',(-3.63792005462794,11.0556842105254,-2.35964326697632));
#9885=CARTESIAN_POINT('',(-3.96516791704226,11.0757368421041,-1.75494218163872));
#9886=CARTESIAN_POINT('',(-4.19271822146576,11.0957894736853,-1.10611599149105));
#9887=CARTESIAN_POINT('',(-4.31484959363128,11.115842105264,-0.429478352870888));
#9888=CARTESIAN_POINT('',(-4.32849124314244,11.1358947368426,0.2579578052289));
#9889=CARTESIAN_POINT('',(-4.23330017339288,11.1559473684213,0.938908042988388));
#9890=CARTESIAN_POINT('',(-4.03166980564604,11.176,1.59625099827572));
#9891=CARTESIAN_POINT('',(-3.72866980042552,11.1960526315787,2.21345887484683));
#9892=CARTESIAN_POINT('',(-3.33191858934482,11.2161052631574,2.77501300631544));
#9893=CARTESIAN_POINT('',(-2.8513918222875,11.236157894736,3.2667940472345));
#9894=CARTESIAN_POINT('',(-2.29917154627535,11.2562105263147,3.6764369805632));
#9895=CARTESIAN_POINT('',(-1.68914242247497,11.2762631578934,3.99364201548384));
#9896=CARTESIAN_POINT('',(-1.03664261946322,11.2963157894746,4.21043355852422));
#9897=CARTESIAN_POINT('',(-0.358078160468612,11.3163684210533,4.32136074659828));
#9898=CARTESIAN_POINT('',(0.329489578820134,11.336421052632,4.32363449989684));
#9899=CARTESIAN_POINT('',(1.0087728501922,11.3564736842107,4.2171976486714));
#9900=CARTESIAN_POINT('',(1.66269220461554,11.3765263157893,4.00472637067094));
#9901=CARTESIAN_POINT('',(2.2748059266013,11.396578947368,3.69156290310022));
#9902=CARTESIAN_POINT('',(2.82972343381334,11.4166315789467,3.28558122093516));
#9903=CARTESIAN_POINT('',(3.31349224769364,11.4366842105254,2.79698905892154));
#9904=CARTESIAN_POINT('',(3.7139488053362,11.4567368421041,2.23807125503015));
#9905=CARTESIAN_POINT('',(4.02102429207554,11.4767894736853,1.62288086863843));
#9906=CARTESIAN_POINT('',(4.22699780509086,11.496842105264,0.966885839693592));
#9907=CARTESIAN_POINT('',(4.32669048268504,11.5168947368426,0.286580073072134));
#9908=CARTESIAN_POINT('',(4.31759571814918,11.5369473684213,-0.400931273250658));
#9909=CARTESIAN_POINT('',(4.19994218422126,11.557,-1.07836186897172));
#9910=CARTESIAN_POINT('',(3.97668808349642,11.5770526315787,-1.72867884750941));
#9911=CARTESIAN_POINT('',(3.65344676933772,11.5971052631574,-2.33553106912943));
#9912=CARTESIAN_POINT('',(3.23834560742842,11.617157894736,-2.88366024318106));
#9913=CARTESIAN_POINT('',(2.74182162667344,11.6372105263147,-3.35928457245882));
#9914=CARTESIAN_POINT('',(2.17635909745039,11.6572631578934,-3.75044527359026));
#9915=CARTESIAN_POINT('',(1.55617563537631,11.6773157894746,-4.04730726077188));
#9916=CARTESIAN_POINT('',(0.896864722989344,11.6973684210533,-4.24240643266318));
#9917=CARTESIAN_POINT('',(0.215003637544646,11.717421052632,-4.3308373447977));
#9918=CARTESIAN_POINT('',(-0.472263357074902,11.7374736842107,-4.31037654884104));
#9919=CARTESIAN_POINT('',(-1.14765607438405,11.7575263157893,-4.1815384975108));
#9920=CARTESIAN_POINT('',(-1.79419288686715,11.777578947368,-3.94756260950466));
#9921=CARTESIAN_POINT('',(-2.39561770078372,11.7976315789467,-3.61433181970646));
#9922=CARTESIAN_POINT('',(-2.93680868862894,11.8176842105254,-3.19022466256306));
#9923=CARTESIAN_POINT('',(-3.4041585023628,11.8377368421041,-2.68590460776856));
#9924=CARTESIAN_POINT('',(-3.78591640755514,11.8577894736853,-2.1140519450238));
#9925=CARTESIAN_POINT('',(-4.07248373607796,11.877842105264,-1.48904495923356));
#9926=CARTESIAN_POINT('',(-4.25665522867658,11.8978947368426,-0.82659841242471));
#9927=CARTESIAN_POINT('',(-4.3338001992225,11.9179473684213,-0.143368422169237));
#9928=CARTESIAN_POINT('',(-4.30197896562608,11.938,0.5434663288132));
#9929=CARTESIAN_POINT('',(-4.1619916199295,11.9580526315787,1.21663652208506));
#9930=CARTESIAN_POINT('',(-3.91735791131118,11.9781052631574,1.85921641180485));
#9931=CARTESIAN_POINT('',(-3.57422874784266,11.998157894736,2.45504939447889));
#9932=CARTESIAN_POINT('',(-3.14123154213192,12.0182105263147,2.98915423990664));
#9933=CARTESIAN_POINT('',(-2.62925328936454,12.0382631578959,3.44810176932496));
#9934=CARTESIAN_POINT('',(-2.05116683190426,12.0583157894746,3.820352509775));
#9935=CARTESIAN_POINT('',(-1.4215071930668,12.0783684210533,4.0965468349951));
#9936=CARTESIAN_POINT('',(-0.75610611810732,12.098421052632,4.26974029765244));
#9937=CARTESIAN_POINT('',(-0.0716940112987112,12.1184736842107,4.33557823594328));
#9938=CARTESIAN_POINT('',(0.614520722283758,12.1385263157893,4.29240526431632));
#9939=CARTESIAN_POINT('',(1.28528435350921,12.158578947368,4.1413068953986));
#9940=CARTESIAN_POINT('',(1.92373164553968,12.1786315789467,3.88608224658044));
#9941=CARTESIAN_POINT('',(2.5138099021832,12.1986842105254,3.53314851753186));
#9942=CARTESIAN_POINT('',(3.040682586263,12.2187368421041,3.09137964036272));
#9943=CARTESIAN_POINT('',(3.49110235968886,12.2387894736853,2.57188315936284));
#9944=CARTESIAN_POINT('',(3.85374416576524,12.258842105264,1.98772095025348));
#9945=CARTESIAN_POINT('',(4.1194899789106,12.2788947368426,1.35358080102704));
#9946=CARTESIAN_POINT('',(4.28165806226492,12.2989473684213,0.685407111927256));
#9947=CARTESIAN_POINT('',(4.33617096886754,12.319,1.36446721976648E-12));
#9948=CARTESIAN_POINT('',(4.28165806226492,12.3390526315787,-0.685407111924462));
#9949=CARTESIAN_POINT('',(4.1194899789106,12.3591052631574,-1.3535808010245));
#9950=CARTESIAN_POINT('',(3.85374416576524,12.379157894736,-1.98772095025094));
#9951=CARTESIAN_POINT('',(3.4911023596914,12.3992105263147,-2.5718831593603));
#9952=CARTESIAN_POINT('',(3.04068258626554,12.4192631578959,-3.09137964036018));
#9953=CARTESIAN_POINT('',(2.51380990218548,12.4393157894746,-3.53314851752932));
#9954=CARTESIAN_POINT('',(1.92373164554248,12.4593684210533,-3.88608224658044));
#9955=CARTESIAN_POINT('',(1.285284353512,12.479421052632,-4.14130689539606));
#9956=CARTESIAN_POINT('',(0.61452072228706,12.4994736842107,-4.29240526431886));
#9957=CARTESIAN_POINT('',(-0.0716940112968824,12.5195263157893,-4.33557823593312));
#9958=CARTESIAN_POINT('',(-0.7561061180997,12.539578947368,-4.26974029769054));
#9959=CARTESIAN_POINT('',(-1.42150719308102,12.5596315789467,-4.09654683485794));
#9960=CARTESIAN_POINT('',(-2.05116683183644,12.5796842105254,-3.82035251029062));
#9961=CARTESIAN_POINT('',(-2.6292532896033,12.5997368421041,-3.44810176740726));
#9962=CARTESIAN_POINT('',(-3.14123154122514,12.6197894736853,-2.98915424706944));
#9963=CARTESIAN_POINT('',(-3.57422875121832,12.639842105264,-2.45504936776343));
#9964=CARTESIAN_POINT('',(-3.91735789871278,12.6598947368426,-1.8592165115222));
#9965=CARTESIAN_POINT('',(-4.16199166694236,12.6799473684213,-1.21663614995067));
#9966=CARTESIAN_POINT('',(-4.25531641576366,12.6933157894746,-0.767857195086704));
#9967=CARTESIAN_POINT('',(-4.2839512802769,12.7,-0.541188902531892));
#9968=CARTESIAN_POINT('',(-4.0080408793683,12.7,-1.77007077804999));
#9969=CARTESIAN_POINT('',(-4.05837844119234,12.7,-1.6387229113429));
#9970=CARTESIAN_POINT('',(-4.14598473015518,12.7,-1.37253988122615));
#9971=CARTESIAN_POINT('',(-4.23880618511388,12.7,-0.959585753149776));
#9972=CARTESIAN_POINT('',(-4.27340524925826,12.7,-0.681476187781246));
#9973=CARTESIAN_POINT('',(-4.2839512802769,12.7,-0.541188902531892));
#9974=CARTESIAN_POINT('',(0.0,12.7,-4.3815));
#9975=AXIS2_PLACEMENT_3D('',#11337,#11338,#11339);
#9976=AXIS2_PLACEMENT_3D('',#11340,#11341,#11342);
#9977=CARTESIAN_POINT('',(-4.2839512802769,12.7,-0.541188902531892));
#9978=CARTESIAN_POINT('',(-4.3086977858003,12.7,-0.402275491425056));
#9979=CARTESIAN_POINT('',(-4.344390486589,12.7,-0.123732679687918));
#9980=CARTESIAN_POINT('',(-4.35702849285218,12.7,0.300307139489676));
#9981=CARTESIAN_POINT('',(-4.33831491932436,12.7,0.578794698630284));
#9982=CARTESIAN_POINT('',(-4.32231960693862,12.7,0.717701515580128));
#9983=CARTESIAN_POINT('',(3.7084,12.7,0.0));
#9984=CARTESIAN_POINT('',(-3.7084,12.7,0.0));
#9985=AXIS2_PLACEMENT_3D('',#11343,#11344,#11345);
#9986=AXIS2_PLACEMENT_3D('',#11346,#11347,#11348);
#9987=CARTESIAN_POINT('',(-3.4544,12.446,0.0));
#9988=CARTESIAN_POINT('',(-3.7084,12.7,0.0));
#9989=VECTOR('',#11349,0.359210244842742);
#9990=CARTESIAN_POINT('',(3.4544,12.446,0.0));
#9991=CARTESIAN_POINT('',(3.7084,12.7,0.0));
#9992=VECTOR('',#11350,0.359210244842742);
#9993=AXIS2_PLACEMENT_3D('',#11351,#11352,#11353);
#9994=AXIS2_PLACEMENT_3D('',#11354,#11355,#11356);
#9995=CARTESIAN_POINT('',(-3.17119,12.446,0.0));
#9996=CARTESIAN_POINT('',(3.17119,12.446,0.0));
#9997=AXIS2_PLACEMENT_3D('',#11357,#11358,#11359);
#9998=AXIS2_PLACEMENT_3D('',#11360,#11361,#11362);
#9999=CARTESIAN_POINT('',(3.17118999925832,25.0952000007417,3.7556858789485E-10));
#10000=VECTOR('',#11363,12.6492000007417);
#10001=CARTESIAN_POINT('',(-3.17119,25.0952,0.0));
#10002=AXIS2_PLACEMENT_3D('',#11364,#11365,#11366);
#10003=CARTESIAN_POINT('',(-3.17118999925832,25.0952000007417,-3.75568391234842E-10));
#10004=VECTOR('',#11367,12.6492000007417);
#10005=AXIS2_PLACEMENT_3D('',#11368,#11369,#11370);
#10006=CARTESIAN_POINT('',(-2.91719,25.3492,0.0));
#10007=CARTESIAN_POINT('',(-2.91718999909068,25.3492000009093,-4.60649096070806E-10));
#10008=VECTOR('',#11371,0.359210245080232);
#10009=AXIS2_PLACEMENT_3D('',#11372,#11373,#11374);
#10010=AXIS2_PLACEMENT_3D('',#11375,#11376,#11377);
#10011=CARTESIAN_POINT('',(0.0,12.6075026259197,-4.47399737408032));
#10012=VECTOR('',#11378,0.130811040909628);
#10013=CARTESIAN_POINT('',(-7.0612,2.85271466465578,-6.35));
#10014=CARTESIAN_POINT('',(-6.4135,2.9972,-5.64164049381608));
#10015=CARTESIAN_POINT('',(-6.45796897831358,2.9972,-5.64562685963556));
#10016=CARTESIAN_POINT('',(-6.54457918561606,2.99335406412826,-5.66167426002228));
#10017=CARTESIAN_POINT('',(-6.66890861637504,2.97725614605492,-5.7097274127042));
#10018=CARTESIAN_POINT('',(-6.78050913018906,2.95364887956114,-5.77891235946738));
#10019=CARTESIAN_POINT('',(-6.87725184401592,2.9259127109645,-5.86678510955338));
#10020=CARTESIAN_POINT('',(-6.9564339921588,2.89785029601756,-5.9708947745061));
#10021=CARTESIAN_POINT('',(-7.01566426042142,2.87351431564466,-6.0881422562794));
#10022=CARTESIAN_POINT('',(-7.05281344199794,2.85670033050968,-6.21673792021786));
#10023=CARTESIAN_POINT('',(-7.0612,2.85271466465578,-6.30488948841272));
#10024=CARTESIAN_POINT('',(-7.0612,2.85271466465578,-6.35));
#10025=CARTESIAN_POINT('',(-7.0612,2.85271466465578,-6.35));
#10026=CARTESIAN_POINT('',(-7.0612,2.85271466465578,-6.39638810885936));
#10027=CARTESIAN_POINT('',(-7.05232167602948,2.8569351603372,-6.48647041253996));
#10028=CARTESIAN_POINT('',(-7.01409467658828,2.87420057079234,-6.6158536352208));
#10029=CARTESIAN_POINT('',(-6.95425549008452,2.89868596537746,-6.73251088608922));
#10030=CARTESIAN_POINT('',(-6.8748982450579,2.9266575574936,-6.83569272899614));
#10031=CARTESIAN_POINT('',(-6.77853465337094,2.95412616978258,-6.92250559634288));
#10032=CARTESIAN_POINT('',(-6.66734476139506,2.97750446700608,-6.99099512403462));
#10033=CARTESIAN_POINT('',(-6.54379272659462,2.99339849814404,-7.03849006947634));
#10034=CARTESIAN_POINT('',(-6.45769596168156,2.9972,-7.05439761459794));
#10035=CARTESIAN_POINT('',(-6.4135,2.9972,-7.05835950618392));
#10036=AXIS2_PLACEMENT_3D('',#11379,#11380,#11381);
#10037=AXIS2_PLACEMENT_3D('',#11382,#11383,#11384);
#10038=CARTESIAN_POINT('',(-7.0612,2.85271466465578,7.874));
#10039=CARTESIAN_POINT('',(-7.0612,2.85271466465578,7.82761189114064));
#10040=CARTESIAN_POINT('',(-7.05232167602948,2.8569351603372,7.73752958746004));
#10041=CARTESIAN_POINT('',(-7.01409467658828,2.87420057079234,7.6081463647792));
#10042=CARTESIAN_POINT('',(-6.95425549008452,2.89868596537746,7.49148911391078));
#10043=CARTESIAN_POINT('',(-6.8748982450579,2.9266575574936,7.38830727100386));
#10044=CARTESIAN_POINT('',(-6.77853465337094,2.95412616978258,7.30149440365712));
#10045=CARTESIAN_POINT('',(-6.66734476139506,2.97750446700608,7.23300487596538));
#10046=CARTESIAN_POINT('',(-6.54379272659462,2.99339849814404,7.18550993052366));
#10047=CARTESIAN_POINT('',(-6.45769596168156,2.9972,7.16960238540206));
#10048=CARTESIAN_POINT('',(-6.4135,2.9972,7.16564049381608));
#10049=CARTESIAN_POINT('',(-5.6388,2.9972,7.874));
#10050=VECTOR('',#11385,0.701214671043342);
#10051=CARTESIAN_POINT('',(-7.06119437565768,2.29598818117854,7.8719999999995));
#10052=CARTESIAN_POINT('',(-7.06119437565768,2.29598818117854,7.80253090527528));
#10053=CARTESIAN_POINT('',(-7.04054248218634,2.29829331872294,7.66772610126592));
#10054=CARTESIAN_POINT('',(-6.95507312172078,2.29970782832902,7.4820931165052));
#10055=CARTESIAN_POINT('',(-6.82064836190942,2.30132139605514,7.3279934625766));
#10056=CARTESIAN_POINT('',(-6.64844374308084,2.30237152232623,7.21781528055342));
#10057=CARTESIAN_POINT('',(-6.452215351068,2.30294088143237,7.16042004321052));
#10058=CARTESIAN_POINT('',(-6.24777351568528,2.30294086491475,7.16042172882056));
#10059=CARTESIAN_POINT('',(-6.0515477517317,2.30237148182568,7.21781941644812));
#10060=CARTESIAN_POINT('',(-5.87934698757664,2.30132135277278,7.3279978854659));
#10061=CARTESIAN_POINT('',(-5.74492541371522,2.29970780100573,7.48209591839698));
#10062=CARTESIAN_POINT('',(-5.65945751292162,2.29829331269806,7.66772670193528));
#10063=CARTESIAN_POINT('',(-5.63880562434232,2.29598818117854,7.80253094342608));
#10064=CARTESIAN_POINT('',(-5.63880562434232,2.29598818117854,7.8719999999995));
#10065=CARTESIAN_POINT('',(-7.06119437565768,2.29598818117854,7.8719999999995));
#10066=VECTOR('',#11386,0.778281567724328);
#10067=AXIS2_PLACEMENT_3D('',#11387,#11388,#11389);
#10068=CARTESIAN_POINT('',(-5.63880562434232,2.29598818117854,7.8719999999995));
#10069=CARTESIAN_POINT('',(-5.63880562434232,2.29598818117854,7.93971141811716));
#10070=CARTESIAN_POINT('',(-5.65826706587656,2.29367601087833,8.0780416417889));
#10071=CARTESIAN_POINT('',(-5.74351769894366,2.29226161721715,8.2635279077727));
#10072=CARTESIAN_POINT('',(-5.8778983114773,2.29064960829436,8.41892095810866));
#10073=CARTESIAN_POINT('',(-6.05052443629548,2.28960271708157,8.52977232439634));
#10074=CARTESIAN_POINT('',(-6.2474086133366,2.28903556551966,8.58760044555724));
#10075=CARTESIAN_POINT('',(-6.4526025404638,2.28903558192578,8.58759875176332));
#10076=CARTESIAN_POINT('',(-6.64948409749238,2.28960275742617,8.52976816066578));
#10077=CARTESIAN_POINT('',(-6.82210636892228,2.29064965167706,8.41891648718034));
#10078=CARTESIAN_POINT('',(-6.95648377822128,2.29226164484194,8.26352505897982));
#10079=CARTESIAN_POINT('',(-7.04173293684886,2.29367601705535,8.0780410271851));
#10080=CARTESIAN_POINT('',(-7.06119437565768,2.29598818117854,7.93971137597856));
#10081=CARTESIAN_POINT('',(-7.06119437565768,2.29598818117854,7.8719999999995));
#10082=AXIS2_PLACEMENT_3D('',#11390,#11391,#11392);
#10083=AXIS2_PLACEMENT_3D('',#11393,#11394,#11395);
#10084=CARTESIAN_POINT('',(7.0612,2.85271466465578,7.874));
#10085=VECTOR('',#11396,0.556730075922178);
#10086=CARTESIAN_POINT('',(7.06119437565768,2.29598818117854,7.8719999999995));
#10087=CARTESIAN_POINT('',(7.06119437565768,2.29598818117854,7.93971141811716));
#10088=CARTESIAN_POINT('',(7.04173293412344,2.29367601087833,8.0780416417889));
#10089=CARTESIAN_POINT('',(6.95648230105634,2.29226161721715,8.2635279077727));
#10090=CARTESIAN_POINT('',(6.8221016885227,2.29064960829436,8.41892095810866));
#10091=CARTESIAN_POINT('',(6.64947556370452,2.28960271708157,8.52977232439634));
#10092=CARTESIAN_POINT('',(6.4525913866634,2.28903556551966,8.58760044555724));
#10093=CARTESIAN_POINT('',(6.2473974595362,2.28903558192578,8.58759875176332));
#10094=CARTESIAN_POINT('',(6.05051590250762,2.28960275742617,8.52976816066578));
#10095=CARTESIAN_POINT('',(5.87789363107772,2.29064965167706,8.41891648718034));
#10096=CARTESIAN_POINT('',(5.74351622177872,2.29226164484194,8.26352505897982));
#10097=CARTESIAN_POINT('',(5.65826706315114,2.29367601705535,8.0780410271851));
#10098=CARTESIAN_POINT('',(5.63880562434232,2.29598818117854,7.93971137597856));
#10099=CARTESIAN_POINT('',(5.63880562434232,2.29598818117854,7.8719999999995));
#10100=AXIS2_PLACEMENT_3D('',#11397,#11398,#11399);
#10101=CARTESIAN_POINT('',(5.63880562434232,2.29598818117854,7.8719999999995));
#10102=VECTOR('',#11400,0.778281567724328);
#10103=CARTESIAN_POINT('',(5.63880562434232,2.29598818117854,7.8719999999995));
#10104=CARTESIAN_POINT('',(5.63880562434232,2.29598818117854,7.80253090527528));
#10105=CARTESIAN_POINT('',(5.65945751781366,2.29829331872294,7.66772610126592));
#10106=CARTESIAN_POINT('',(5.74492687827922,2.29970782832902,7.4820931165052));
#10107=CARTESIAN_POINT('',(5.87935163809058,2.30132139605514,7.3279934625766));
#10108=CARTESIAN_POINT('',(6.05155625691916,2.30237152232623,7.21781528055342));
#10109=CARTESIAN_POINT('',(6.247784648932,2.30294088143237,7.16042004321052));
#10110=CARTESIAN_POINT('',(6.45222648431472,2.30294086491475,7.16042172882056));
#10111=CARTESIAN_POINT('',(6.6484522482683,2.30237148182568,7.21781941644812));
#10112=CARTESIAN_POINT('',(6.82065301242336,2.30132135277278,7.3279978854659));
#10113=CARTESIAN_POINT('',(6.95507458628478,2.29970780100573,7.48209591839698));
#10114=CARTESIAN_POINT('',(7.04054248707838,2.29829331269806,7.66772670193528));
#10115=CARTESIAN_POINT('',(7.06119437565768,2.29598818117854,7.80253094342608));
#10116=CARTESIAN_POINT('',(7.06119437565768,2.29598818117854,7.8719999999995));
#10117=CARTESIAN_POINT('',(7.9375,1.4732,8.001));
#10118=CARTESIAN_POINT('',(7.9375,1.55999247482314,8.00205241070188));
#10119=CARTESIAN_POINT('',(7.92297679887374,1.73025093713941,8.02209613152876));
#10120=CARTESIAN_POINT('',(7.85752664737908,1.97637492338042,8.08314882633702));
#10121=CARTESIAN_POINT('',(7.75530359429956,2.18250421127546,8.20462772926138));
#10122=CARTESIAN_POINT('',(7.6165895266965,2.36052086913907,8.33303373693196));
#10123=CARTESIAN_POINT('',(7.45508625795108,2.47800744753628,8.50162974551778));
#10124=CARTESIAN_POINT('',(7.27663515570236,2.54055368686316,8.67979718114054));
#10125=CARTESIAN_POINT('',(7.09233945752792,2.54051380009762,8.86416136389226));
#10126=CARTESIAN_POINT('',(6.91398733153794,2.47813457632927,9.0425141647831));
#10127=CARTESIAN_POINT('',(6.74560520503134,2.36051503531634,9.20412849177986));
#10128=CARTESIAN_POINT('',(6.6179242975514,2.18169165869559,9.34297265018446));
#10129=CARTESIAN_POINT('',(6.49399374755676,1.97872434485429,9.44454379718908));
#10130=CARTESIAN_POINT('',(6.42367422535128,1.7277647239752,9.51118868833134));
#10131=CARTESIAN_POINT('',(6.41622684624556,1.55859447446471,9.525));
#10132=CARTESIAN_POINT('',(6.4135,1.4732,9.525));
#10133=AXIS2_PLACEMENT_3D('',#11401,#11402,#11403);
#10134=AXIS2_PLACEMENT_3D('',#11404,#11405,#11406);
#10135=CARTESIAN_POINT('',(-7.9375,1.4732,-10.16));
#10136=CARTESIAN_POINT('',(-7.9375,1.5585944744642,-10.1627268462456));
#10137=CARTESIAN_POINT('',(-7.92368868833134,1.72776472397342,-10.170174225364));
#10138=CARTESIAN_POINT('',(-7.85704379718908,1.97872434485455,-10.2404937475517));
#10139=CARTESIAN_POINT('',(-7.75547265018446,2.18169165869559,-10.3644242975514));
#10140=CARTESIAN_POINT('',(-7.61662849177986,2.36051503531634,-10.4921052050313));
#10141=CARTESIAN_POINT('',(-7.4550141647831,2.47813457632927,-10.6604873315379));
#10142=CARTESIAN_POINT('',(-7.27666136389226,2.54051380009762,-10.8388394575279));
#10143=CARTESIAN_POINT('',(-7.09229718114054,2.54055368686316,-11.0231351557024));
#10144=CARTESIAN_POINT('',(-6.91412974551778,2.47800744753628,-11.2015862579511));
#10145=CARTESIAN_POINT('',(-6.74553373693196,2.36052086913907,-11.3630895266965));
#10146=CARTESIAN_POINT('',(-6.61712772926138,2.18250421127546,-11.5018035942996));
#10147=CARTESIAN_POINT('',(-6.49564882633702,1.97637492338042,-11.6040266473791));
#10148=CARTESIAN_POINT('',(-6.43459613152876,1.73025093713941,-11.6694767988737));
#10149=CARTESIAN_POINT('',(-6.41455241070188,1.55999247482314,-11.684));
#10150=CARTESIAN_POINT('',(-6.4135,1.4732,-11.684));
#10151=AXIS2_PLACEMENT_3D('',#11407,#11408,#11409);
#10152=CARTESIAN_POINT('',(-5.6388,2.29598818102461,-6.35));
#10153=CARTESIAN_POINT('',(-5.6388,2.9972,-6.35));
#10154=VECTOR('',#11410,0.701211818975386);
#10155=CARTESIAN_POINT('',(-7.0612,2.29598818102461,-6.35));
#10156=CARTESIAN_POINT('',(-7.0612,2.85271466465578,-6.35));
#10157=VECTOR('',#11411,0.556726483631166);
#10158=AXIS2_PLACEMENT_3D('',#11412,#11413,#11414);
#10159=CARTESIAN_POINT('',(-6.67205909487722,2.97000000000082,-6.35));
#10160=CARTESIAN_POINT('',(-7.0612,2.29598818102461,-6.35));
#10161=VECTOR('',#11415,0.778281810245052);
#10162=CARTESIAN_POINT('',(-6.02794090512278,2.97000000000082,-6.35));
#10163=AXIS2_PLACEMENT_3D('',#11416,#11417,#11418);
#10164=CARTESIAN_POINT('',(-5.6388,2.29598818102461,-6.35));
#10165=VECTOR('',#11419,0.778281810245052);
#10166=AXIS2_PLACEMENT_3D('',#11420,#11421,#11422);
#10167=AXIS2_PLACEMENT_3D('',#11423,#11424,#11425);
#10168=CARTESIAN_POINT('',(7.0612,2.29598818102461,-6.35));
#10169=CARTESIAN_POINT('',(7.0612,2.85271466465578,-6.35));
#10170=VECTOR('',#11426,0.556726483631166);
#10171=CARTESIAN_POINT('',(5.6388,2.29598818102461,-6.35));
#10172=CARTESIAN_POINT('',(5.6388,2.9972,-6.35));
#10173=VECTOR('',#11427,0.701211818975386);
#10174=AXIS2_PLACEMENT_3D('',#11428,#11429,#11430);
#10175=CARTESIAN_POINT('',(6.02794090512278,2.97000000000082,-6.35));
#10176=CARTESIAN_POINT('',(5.6388,2.29598818102461,-6.35));
#10177=VECTOR('',#11431,0.778281810245052);
#10178=CARTESIAN_POINT('',(6.67205909487722,2.97000000000082,-6.35));
#10179=AXIS2_PLACEMENT_3D('',#11432,#11433,#11434);
#10180=CARTESIAN_POINT('',(7.0612,2.29598818102461,-6.35));
#10181=VECTOR('',#11435,0.778281810245052);
#10182=AXIS2_PLACEMENT_3D('',#11436,#11437,#11438);
#10183=AXIS2_PLACEMENT_3D('',#11439,#11440,#11441);
#10184=CARTESIAN_POINT('',(5.7023,-14.986,7.869999999999));
#10185=CARTESIAN_POINT('',(5.7023,-14.986,7.869999999999));
#10186=VECTOR('',#11442,1.00835120865702);
#10187=CARTESIAN_POINT('',(6.9977,-14.986,7.869999999999));
#10188=AXIS2_PLACEMENT_3D('',#11443,#11444,#11445);
#10189=CARTESIAN_POINT('',(6.9977,-14.986,7.869999999999));
#10190=VECTOR('',#11446,1.00835120865702);
#10191=AXIS2_PLACEMENT_3D('',#11447,#11448,#11449);
#10192=CARTESIAN_POINT('',(-6.9977,-14.986,7.869999999999));
#10193=CARTESIAN_POINT('',(-6.9977,-14.986,7.869999999999));
#10194=VECTOR('',#11450,1.00835120865702);
#10195=CARTESIAN_POINT('',(-5.7023,-14.986,7.869999999999));
#10196=AXIS2_PLACEMENT_3D('',#11451,#11452,#11453);
#10197=CARTESIAN_POINT('',(-5.7023,-14.986,7.869999999999));
#10198=VECTOR('',#11454,1.00835120865702);
#10199=AXIS2_PLACEMENT_3D('',#11455,#11456,#11457);
#10200=CARTESIAN_POINT('',(-6.9977,-14.986,-6.35));
#10201=CARTESIAN_POINT('',(-6.9977,-14.986,-6.35));
#10202=VECTOR('',#11458,1.00835120865702);
#10203=CARTESIAN_POINT('',(-5.7023,-14.986,-6.35));
#10204=AXIS2_PLACEMENT_3D('',#11459,#11460,#11461);
#10205=CARTESIAN_POINT('',(-5.7023,-14.986,-6.35));
#10206=VECTOR('',#11462,1.00835120865702);
#10207=AXIS2_PLACEMENT_3D('',#11463,#11464,#11465);
#10208=CARTESIAN_POINT('',(5.7023,-14.986,-6.35));
#10209=CARTESIAN_POINT('',(5.7023,-14.986,-6.35));
#10210=VECTOR('',#11466,1.00835120865702);
#10211=CARTESIAN_POINT('',(6.9977,-14.986,-6.35));
#10212=AXIS2_PLACEMENT_3D('',#11467,#11468,#11469);
#10213=CARTESIAN_POINT('',(6.9977,-14.986,-6.35));
#10214=VECTOR('',#11470,1.00835120865702);
#10215=AXIS2_PLACEMENT_3D('',#11471,#11472,#11473);
#10216=CARTESIAN_POINT('',(-2.2225,-15.367,-9.24820078576108));
#10217=VECTOR('',#11474,1.143);
#10218=CARTESIAN_POINT('',(-2.2225,-23.7498000000002,-9.2075));
#10219=CARTESIAN_POINT('',(-2.2225,-15.367,-9.2075));
#10220=VECTOR('',#11475,8.3828000000002);
#10221=CARTESIAN_POINT('',(-2.2225,-23.7498000000002,-9.8425));
#10222=CARTESIAN_POINT('',(-2.2225,-23.7498000000002,-9.8425));
#10223=VECTOR('',#11476,0.635);
#10224=CARTESIAN_POINT('',(-2.2225,-14.224,-9.8425));
#10225=VECTOR('',#11477,9.5258000000002);
#10226=CARTESIAN_POINT('',(-2.8575,-23.7498000000002,-9.8425));
#10227=CARTESIAN_POINT('',(-2.8575,-23.7498000000002,-9.8425));
#10228=VECTOR('',#11478,0.635);
#10229=CARTESIAN_POINT('',(-2.8575,-14.224,-9.8425));
#10230=VECTOR('',#11479,9.5258000000002);
#10231=CARTESIAN_POINT('',(-2.8575,-23.7498000000002,-9.2075));
#10232=CARTESIAN_POINT('',(-2.8575,-23.7498000000002,-9.2075));
#10233=VECTOR('',#11480,0.635);
#10234=CARTESIAN_POINT('',(-2.8575,-15.367,-9.2075));
#10235=VECTOR('',#11481,8.3828000000002);
#10236=CARTESIAN_POINT('',(-2.26839596836561,-15.367,-9.2075));
#10237=VECTOR('',#11482,1.143);
#10238=CARTESIAN_POINT('',(-2.81160403163464,-15.367,-9.2075));
#10239=VECTOR('',#11483,1.143);
#10240=CARTESIAN_POINT('',(-2.2225,-23.7498000000002,-9.2075));
#10241=VECTOR('',#11484,0.635);
#10242=CARTESIAN_POINT('',(-2.4765,-24.0038000000002,-9.4615));
#10243=CARTESIAN_POINT('',(-2.4765,-24.0038000000002,-9.4615));
#10244=VECTOR('',#11485,0.439940905122526);
#10245=CARTESIAN_POINT('',(-2.6035,-24.0038000000002,-9.4615));
#10246=CARTESIAN_POINT('',(-2.6035,-24.0038000000002,-9.4615));
#10247=VECTOR('',#11486,0.439940905122526);
#10248=CARTESIAN_POINT('',(-2.4765,-24.0038000000002,-9.4615));
#10249=VECTOR('',#11487,0.127);
#10250=CARTESIAN_POINT('',(0.0635,-24.0038000000002,-9.4615));
#10251=CARTESIAN_POINT('',(-0.0635,-24.0038000000002,-9.4615));
#10252=CARTESIAN_POINT('',(0.0635,-24.0038000000002,-9.4615));
#10253=VECTOR('',#11488,0.127);
#10254=CARTESIAN_POINT('',(-0.0635,-24.0038000000002,-9.5885));
#10255=CARTESIAN_POINT('',(-0.0635,-24.0038000000002,-9.4615));
#10256=VECTOR('',#11489,0.127);
#10257=CARTESIAN_POINT('',(0.0635,-24.0038000000002,-9.5885));
#10258=CARTESIAN_POINT('',(-0.0635,-24.0038000000002,-9.5885));
#10259=VECTOR('',#11490,0.127);
#10260=CARTESIAN_POINT('',(0.0635,-24.0038000000002,-9.5885));
#10261=VECTOR('',#11491,0.127);
#10262=CARTESIAN_POINT('',(-2.6035,-24.0038000000002,-9.5885));
#10263=CARTESIAN_POINT('',(-2.6035,-24.0038000000002,-9.4615));
#10264=VECTOR('',#11492,0.127);
#10265=CARTESIAN_POINT('',(-2.4765,-24.0038000000002,-9.5885));
#10266=CARTESIAN_POINT('',(-2.6035,-24.0038000000002,-9.5885));
#10267=VECTOR('',#11493,0.127);
#10268=CARTESIAN_POINT('',(-2.4765,-24.0038000000002,-9.5885));
#10269=VECTOR('',#11494,0.127);
#10270=CARTESIAN_POINT('',(-5.0165,-24.0038000000002,-9.4615));
#10271=CARTESIAN_POINT('',(-5.1435,-24.0038000000002,-9.4615));
#10272=CARTESIAN_POINT('',(-5.0165,-24.0038000000002,-9.4615));
#10273=VECTOR('',#11495,0.127);
#10274=CARTESIAN_POINT('',(-5.1435,-24.0038000000002,-9.5885));
#10275=CARTESIAN_POINT('',(-5.1435,-24.0038000000002,-9.4615));
#10276=VECTOR('',#11496,0.127);
#10277=CARTESIAN_POINT('',(-5.0165,-24.0038000000002,-9.5885));
#10278=CARTESIAN_POINT('',(-5.1435,-24.0038000000002,-9.5885));
#10279=VECTOR('',#11497,0.127);
#10280=CARTESIAN_POINT('',(-5.0165,-24.0038000000002,-9.5885));
#10281=VECTOR('',#11498,0.127);
#10282=CARTESIAN_POINT('',(2.6035,-24.0038000000002,-9.4615));
#10283=CARTESIAN_POINT('',(2.4765,-24.0038000000002,-9.4615));
#10284=CARTESIAN_POINT('',(2.6035,-24.0038000000002,-9.4615));
#10285=VECTOR('',#11499,0.127);
#10286=CARTESIAN_POINT('',(2.4765,-24.0038000000002,-9.5885));
#10287=CARTESIAN_POINT('',(2.4765,-24.0038000000002,-9.4615));
#10288=VECTOR('',#11500,0.127);
#10289=CARTESIAN_POINT('',(2.6035,-24.0038000000002,-9.5885));
#10290=CARTESIAN_POINT('',(2.4765,-24.0038000000002,-9.5885));
#10291=VECTOR('',#11501,0.127);
#10292=CARTESIAN_POINT('',(2.6035,-24.0038000000002,-9.5885));
#10293=VECTOR('',#11502,0.127);
#10294=CARTESIAN_POINT('',(5.1435,-24.0038000000002,-9.4615));
#10295=CARTESIAN_POINT('',(5.0165,-24.0038000000002,-9.4615));
#10296=CARTESIAN_POINT('',(5.1435,-24.0038000000002,-9.4615));
#10297=VECTOR('',#11503,0.127);
#10298=CARTESIAN_POINT('',(5.0165,-24.0038000000002,-9.5885));
#10299=CARTESIAN_POINT('',(5.0165,-24.0038000000002,-9.4615));
#10300=VECTOR('',#11504,0.127);
#10301=CARTESIAN_POINT('',(5.1435,-24.0038000000002,-9.5885));
#10302=CARTESIAN_POINT('',(5.0165,-24.0038000000002,-9.5885));
#10303=VECTOR('',#11505,0.127);
#10304=CARTESIAN_POINT('',(5.1435,-24.0038000000002,-9.5885));
#10305=VECTOR('',#11506,0.127);
#10306=CARTESIAN_POINT('',(0.0635,-24.0038000000002,-9.5885));
#10307=VECTOR('',#11507,0.439940905122526);
#10308=CARTESIAN_POINT('',(0.0635,-24.0038000000002,-9.4615));
#10309=VECTOR('',#11508,0.439940905122526);
#10310=CARTESIAN_POINT('',(-0.0635,-24.0038000000002,-9.4615));
#10311=VECTOR('',#11509,0.439940905122526);
#10312=CARTESIAN_POINT('',(-0.0635,-24.0038000000002,-9.5885));
#10313=VECTOR('',#11510,0.439940905122526);
#10314=CARTESIAN_POINT('',(-2.4765,-24.0038000000002,-9.5885));
#10315=VECTOR('',#11511,0.439940905122526);
#10316=CARTESIAN_POINT('',(-2.6035,-24.0038000000002,-9.5885));
#10317=VECTOR('',#11512,0.439940905122526);
#10318=CARTESIAN_POINT('',(-5.0165,-24.0038000000002,-9.5885));
#10319=VECTOR('',#11513,0.439940905122526);
#10320=CARTESIAN_POINT('',(-4.7625,-23.7498000000002,-9.2075));
#10321=CARTESIAN_POINT('',(-4.7625,-23.7498000000002,-9.8425));
#10322=VECTOR('',#11514,0.635);
#10323=CARTESIAN_POINT('',(-5.0165,-24.0038000000002,-9.4615));
#10324=VECTOR('',#11515,0.439940905122526);
#10325=CARTESIAN_POINT('',(-5.3975,-23.7498000000002,-9.2075));
#10326=CARTESIAN_POINT('',(-4.7625,-23.7498000000002,-9.2075));
#10327=VECTOR('',#11516,0.635);
#10328=CARTESIAN_POINT('',(-5.1435,-24.0038000000002,-9.4615));
#10329=VECTOR('',#11517,0.439940905122526);
#10330=CARTESIAN_POINT('',(-5.3975,-23.7498000000002,-9.2075));
#10331=VECTOR('',#11518,0.635);
#10332=CARTESIAN_POINT('',(-5.1435,-24.0038000000002,-9.5885));
#10333=VECTOR('',#11519,0.439940905122526);
#10334=CARTESIAN_POINT('',(-5.3975,-15.367,-9.2075));
#10335=VECTOR('',#11520,8.3828000000002);
#10336=CARTESIAN_POINT('',(-4.80839596836536,-15.367,-9.2075));
#10337=VECTOR('',#11521,1.143);
#10338=CARTESIAN_POINT('',(-5.35160403163464,-15.367,-9.2075));
#10339=VECTOR('',#11522,1.143);
#10340=CARTESIAN_POINT('',(-4.7625,-15.367,-9.24820078576108));
#10341=VECTOR('',#11523,1.143);
#10342=CARTESIAN_POINT('',(-4.7625,-15.367,-9.2075));
#10343=VECTOR('',#11524,8.3828000000002);
#10344=CARTESIAN_POINT('',(2.8575,-23.7498000000002,-9.8425));
#10345=CARTESIAN_POINT('',(2.6035,-24.0038000000002,-9.5885));
#10346=VECTOR('',#11525,0.439940905122526);
#10347=CARTESIAN_POINT('',(2.8575,-23.7498000000002,-9.2075));
#10348=CARTESIAN_POINT('',(2.8575,-23.7498000000002,-9.8425));
#10349=VECTOR('',#11526,0.635);
#10350=CARTESIAN_POINT('',(2.6035,-24.0038000000002,-9.4615));
#10351=VECTOR('',#11527,0.439940905122526);
#10352=CARTESIAN_POINT('',(2.2225,-23.7498000000002,-9.2075));
#10353=CARTESIAN_POINT('',(2.8575,-23.7498000000002,-9.2075));
#10354=VECTOR('',#11528,0.635);
#10355=CARTESIAN_POINT('',(2.4765,-24.0038000000002,-9.4615));
#10356=VECTOR('',#11529,0.439940905122526);
#10357=CARTESIAN_POINT('',(2.2225,-23.7498000000002,-9.8425));
#10358=CARTESIAN_POINT('',(2.2225,-23.7498000000002,-9.2075));
#10359=VECTOR('',#11530,0.635);
#10360=CARTESIAN_POINT('',(2.4765,-24.0038000000002,-9.5885));
#10361=VECTOR('',#11531,0.439940905122526);
#10362=CARTESIAN_POINT('',(2.2225,-23.7498000000002,-9.8425));
#10363=VECTOR('',#11532,0.635);
#10364=CARTESIAN_POINT('',(2.8575,-14.224,-9.8425));
#10365=VECTOR('',#11533,9.5258000000002);
#10366=CARTESIAN_POINT('',(2.2225,-14.224,-9.8425));
#10367=VECTOR('',#11534,9.5258000000002);
#10368=CARTESIAN_POINT('',(2.2225,-15.367,-9.2075));
#10369=VECTOR('',#11535,8.3828000000002);
#10370=CARTESIAN_POINT('',(2.81160403163464,-15.367,-9.2075));
#10371=VECTOR('',#11536,1.143);
#10372=CARTESIAN_POINT('',(2.26839596836561,-15.367,-9.2075));
#10373=VECTOR('',#11537,1.143);
#10374=CARTESIAN_POINT('',(2.8575,-15.367,-9.24820078576108));
#10375=VECTOR('',#11538,1.143);
#10376=CARTESIAN_POINT('',(2.8575,-15.367,-9.2075));
#10377=VECTOR('',#11539,8.3828000000002);
#10378=CARTESIAN_POINT('',(5.3975,-23.7498000000002,-9.8425));
#10379=CARTESIAN_POINT('',(5.1435,-24.0038000000002,-9.5885));
#10380=VECTOR('',#11540,0.439940905122526);
#10381=CARTESIAN_POINT('',(5.3975,-23.7498000000002,-9.2075));
#10382=CARTESIAN_POINT('',(5.3975,-23.7498000000002,-9.8425));
#10383=VECTOR('',#11541,0.635);
#10384=CARTESIAN_POINT('',(5.1435,-24.0038000000002,-9.4615));
#10385=VECTOR('',#11542,0.439940905122526);
#10386=CARTESIAN_POINT('',(4.7625,-23.7498000000002,-9.2075));
#10387=CARTESIAN_POINT('',(5.3975,-23.7498000000002,-9.2075));
#10388=VECTOR('',#11543,0.635);
#10389=CARTESIAN_POINT('',(5.0165,-24.0038000000002,-9.4615));
#10390=VECTOR('',#11544,0.439940905122526);
#10391=CARTESIAN_POINT('',(4.7625,-23.7498000000002,-9.8425));
#10392=CARTESIAN_POINT('',(4.7625,-23.7498000000002,-9.2075));
#10393=VECTOR('',#11545,0.635);
#10394=CARTESIAN_POINT('',(5.0165,-24.0038000000002,-9.5885));
#10395=VECTOR('',#11546,0.439940905122526);
#10396=CARTESIAN_POINT('',(4.7625,-23.7498000000002,-9.8425));
#10397=VECTOR('',#11547,0.635);
#10398=CARTESIAN_POINT('',(5.3975,-14.224,-9.8425));
#10399=VECTOR('',#11548,9.5258000000002);
#10400=CARTESIAN_POINT('',(4.7625,-14.224,-9.8425));
#10401=VECTOR('',#11549,9.5258000000002);
#10402=CARTESIAN_POINT('',(4.7625,-15.367,-9.2075));
#10403=VECTOR('',#11550,8.3828000000002);
#10404=CARTESIAN_POINT('',(5.35160403163464,-15.367,-9.2075));
#10405=VECTOR('',#11551,1.143);
#10406=CARTESIAN_POINT('',(4.80839596836536,-15.367,-9.2075));
#10407=VECTOR('',#11552,1.143);
#10408=CARTESIAN_POINT('',(5.3975,-15.367,-9.24820078576108));
#10409=VECTOR('',#11553,1.143);
#10410=CARTESIAN_POINT('',(5.3975,-15.367,-9.2075));
#10411=VECTOR('',#11554,8.3828000000002);
#10412=VERTEX_POINT('',#11555);
#10413=VERTEX_POINT('',#11556);
#10414=CIRCLE('',#11557,0.7112);
#10415=VERTEX_POINT('',#11558);
#10416=LINE('',#11559,#11560);
#10417=VERTEX_POINT('',#11561);
#10418=CIRCLE('',#11562,0.7112);
#10419=LINE('',#11563,#11564);
#10420=CIRCLE('',#11565,0.7112);
#10421=VERTEX_POINT('',#11566);
#10422=VERTEX_POINT('',#11567);
#10423=CIRCLE('',#11568,0.350349258067672);
#10424=CIRCLE('',#11569,0.350349258067672);
#10425=CIRCLE('',#11570,0.7112);
#10426=VERTEX_POINT('',#11571);
#10427=VERTEX_POINT('',#11572);
#10428=CIRCLE('',#11573,0.322059094877474);
#10429=CIRCLE('',#11574,0.322059094877474);
#10430=LINE('',#11575,#11576);
#10431=LINE('',#11577,#11578);
#10432=VERTEX_POINT('',#11579);
#10433=VERTEX_POINT('',#11580);
#10434=LINE('',#11581,#11582);
#10435=VERTEX_POINT('',#11583);
#10436=B_SPLINE_CURVE_WITH_KNOTS('',3,(#11584,#11585,#11586,#11587,#11588,#11589,#11590,#11591,#11592,#11593,#11594,#11595,#11596,#11597),.UNSPECIFIED.,.F.,.F.,(4,1,1,1,1,1,1,1,1,1,1,4),(0.0,0.09090909090909,0.1818181818182,0.2727272727273,0.3636363636364,0.4545454545455,0.5454545454545,0.6363636363636,0.7272727272727,0.8181818181818,0.9090909090909,1.0),.UNSPECIFIED.);
#10437=LINE('',#11598,#11599);
#10438=VERTEX_POINT('',#11600);
#10439=VERTEX_POINT('',#11601);
#10440=LINE('',#11602,#11603);
#10441=B_SPLINE_CURVE_WITH_KNOTS('',3,(#11604,#11605,#11606,#11607,#11608,#11609,#11610,#11611,#11612,#11613,#11614,#11615,#11616,#11617),.UNSPECIFIED.,.F.,.F.,(4,1,1,1,1,1,1,1,1,1,1,4),(0.0,0.09090909090909,0.1818181818182,0.2727272727273,0.3636363636364,0.4545454545455,0.5454545454545,0.6363636363636,0.7272727272727,0.8181818181818,0.9090909090909,1.0),.UNSPECIFIED.);
#10442=CIRCLE('',#11618,0.7112);
#10443=VERTEX_POINT('',#11619);
#10444=VERTEX_POINT('',#11620);
#10445=LINE('',#11621,#11622);
#10446=VERTEX_POINT('',#11623);
#10447=LINE('',#11624,#11625);
#10448=B_SPLINE_CURVE_WITH_KNOTS('',3,(#11626,#11627,#11628,#11629,#11630,#11631,#11632,#11633,#11634,#11635,#11636,#11637,#11638,#11639),.UNSPECIFIED.,.F.,.F.,(4,1,1,1,1,1,1,1,1,1,1,4),(0.0,0.09090909090909,0.1818181818182,0.2727272727273,0.3636363636364,0.4545454545455,0.5454545454545,0.6363636363636,0.7272727272727,0.8181818181818,0.9090909090909,1.0),.UNSPECIFIED.);
#10449=VERTEX_POINT('',#11640);
#10450=VERTEX_POINT('',#11641);
#10451=LINE('',#11642,#11643);
#10452=CIRCLE('',#11644,0.322059094877474);
#10453=B_SPLINE_CURVE_WITH_KNOTS('',3,(#11645,#11646,#11647,#11648,#11649,#11650,#11651,#11652,#11653,#11654,#11655,#11656,#11657,#11658),.UNSPECIFIED.,.F.,.F.,(4,1,1,1,1,1,1,1,1,1,1,4),(0.0,0.09090909090909,0.1818181818182,0.2727272727273,0.3636363636364,0.4545454545455,0.5454545454545,0.6363636363636,0.7272727272727,0.8181818181818,0.9090909090909,1.0),.UNSPECIFIED.);
#10454=CIRCLE('',#11659,0.7112);
#10455=B_SPLINE_CURVE_WITH_KNOTS('',3,(#11660,#11661,#11662,#11663,#11664,#11665,#11666,#11667,#11668,#11669,#11670,#11671,#11672,#11673),.UNSPECIFIED.,.F.,.F.,(4,1,1,1,1,1,1,1,1,1,1,4),(0.0,0.09090909090909,0.1818181818182,0.2727272727273,0.3636363636364,0.4545454545455,0.5454545454545,0.6363636363636,0.7272727272727,0.8181818181818,0.9090909090909,1.0),.UNSPECIFIED.);
#10456=LINE('',#11674,#11675);
#10457=CIRCLE('',#11676,0.322059094877474);
#10458=LINE('',#11677,#11678);
#10459=B_SPLINE_CURVE_WITH_KNOTS('',3,(#11679,#11680,#11681,#11682,#11683,#11684,#11685,#11686,#11687,#11688,#11689,#11690,#11691,#11692),.UNSPECIFIED.,.F.,.F.,(4,1,1,1,1,1,1,1,1,1,1,4),(0.0,0.09090909090909,0.1818181818182,0.2727272727273,0.3636363636364,0.4545454545455,0.5454545454545,0.6363636363636,0.7272727272727,0.8181818181818,0.9090909090909,1.0),.UNSPECIFIED.);
#10460=VERTEX_POINT('',#11693);
#10461=VERTEX_POINT('',#11694);
#10462=CIRCLE('',#11695,1.5748);
#10463=VERTEX_POINT('',#11696);
#10464=LINE('',#11697,#11698);
#10465=VERTEX_POINT('',#11699);
#10466=CIRCLE('',#11700,1.5748);
#10467=VERTEX_POINT('',#11701);
#10468=LINE('',#11702,#11703);
#10469=VERTEX_POINT('',#11704);
#10470=LINE('',#11705,#11706);
#10471=VERTEX_POINT('',#11707);
#10472=CIRCLE('',#11708,0.889);
#10473=VERTEX_POINT('',#11709);
#10474=LINE('',#11710,#11711);
#10475=VERTEX_POINT('',#11712);
#10476=CIRCLE('',#11713,0.889);
#10477=VERTEX_POINT('',#11714);
#10478=LINE('',#11715,#11716);
#10479=LINE('',#11717,#11718);
#10480=VERTEX_POINT('',#11719);
#10481=LINE('',#11720,#11721);
#10482=VERTEX_POINT('',#11722);
#10483=CIRCLE('',#11723,1.5748);
#10484=LINE('',#11724,#11725);
#10485=VERTEX_POINT('',#11726);
#10486=LINE('',#11727,#11728);
#10487=LINE('',#11729,#11730);
#10488=VERTEX_POINT('',#11731);
#10489=LINE('',#11732,#11733);
#10490=LINE('',#11734,#11735);
#10491=VERTEX_POINT('',#11736);
#10492=B_SPLINE_CURVE_WITH_KNOTS('',3,(#11737,#11738,#11739,#11740,#11741),.UNSPECIFIED.,.F.,.F.,(4,1,4),(0.0,0.5,1.0),.UNSPECIFIED.);
#10493=CIRCLE('',#11742,0.889);
#10494=VERTEX_POINT('',#11743);
#10495=B_SPLINE_CURVE_WITH_KNOTS('',3,(#11744,#11745,#11746,#11747,#11748),.UNSPECIFIED.,.F.,.F.,(4,1,4),(0.0,0.5,1.0),.UNSPECIFIED.);
#10496=LINE('',#11749,#11750);
#10497=VERTEX_POINT('',#11751);
#10498=LINE('',#11752,#11753);
#10499=CIRCLE('',#11754,0.889);
#10500=VERTEX_POINT('',#11755);
#10501=LINE('',#11756,#11757);
#10502=LINE('',#11758,#11759);
#10503=VERTEX_POINT('',#11760);
#10504=LINE('',#11761,#11762);
#10505=LINE('',#11763,#11764);
#10506=VERTEX_POINT('',#11765);
#10507=LINE('',#11766,#11767);
#10508=CIRCLE('',#11768,1.5748);
#10509=LINE('',#11769,#11770);
#10510=VERTEX_POINT('',#11771);
#10511=VERTEX_POINT('',#11772);
#10512=CIRCLE('',#11773,0.7112);
#10513=VERTEX_POINT('',#11774);
#10514=LINE('',#11775,#11776);
#10515=VERTEX_POINT('',#11777);
#10516=CIRCLE('',#11778,0.7112);
#10517=LINE('',#11779,#11780);
#10518=CIRCLE('',#11781,0.7112);
#10519=VERTEX_POINT('',#11782);
#10520=VERTEX_POINT('',#11783);
#10521=CIRCLE('',#11784,0.350349258067672);
#10522=CIRCLE('',#11785,0.350349258067672);
#10523=CIRCLE('',#11786,0.7112);
#10524=VERTEX_POINT('',#11787);
#10525=VERTEX_POINT('',#11788);
#10526=CIRCLE('',#11789,0.322059094877474);
#10527=CIRCLE('',#11790,0.322059094877474);
#10528=LINE('',#11791,#11792);
#10529=LINE('',#11793,#11794);
#10530=VERTEX_POINT('',#11795);
#10531=VERTEX_POINT('',#11796);
#10532=LINE('',#11797,#11798);
#10533=VERTEX_POINT('',#11799);
#10534=B_SPLINE_CURVE_WITH_KNOTS('',3,(#11800,#11801,#11802,#11803,#11804,#11805,#11806,#11807,#11808,#11809,#11810,#11811,#11812,#11813),.UNSPECIFIED.,.F.,.F.,(4,1,1,1,1,1,1,1,1,1,1,4),(0.0,0.09090909090909,0.1818181818182,0.2727272727273,0.3636363636364,0.4545454545455,0.5454545454545,0.6363636363636,0.7272727272727,0.8181818181818,0.9090909090909,1.0),.UNSPECIFIED.);
#10535=LINE('',#11814,#11815);
#10536=VERTEX_POINT('',#11816);
#10537=VERTEX_POINT('',#11817);
#10538=LINE('',#11818,#11819);
#10539=B_SPLINE_CURVE_WITH_KNOTS('',3,(#11820,#11821,#11822,#11823,#11824,#11825,#11826,#11827,#11828,#11829,#11830,#11831,#11832,#11833),.UNSPECIFIED.,.F.,.F.,(4,1,1,1,1,1,1,1,1,1,1,4),(0.0,0.09090909090909,0.1818181818182,0.2727272727273,0.3636363636364,0.4545454545455,0.5454545454545,0.6363636363636,0.7272727272727,0.8181818181818,0.9090909090909,1.0),.UNSPECIFIED.);
#10540=CIRCLE('',#11834,0.7112);
#10541=VERTEX_POINT('',#11835);
#10542=VERTEX_POINT('',#11836);
#10543=LINE('',#11837,#11838);
#10544=VERTEX_POINT('',#11839);
#10545=LINE('',#11840,#11841);
#10546=B_SPLINE_CURVE_WITH_KNOTS('',3,(#11842,#11843,#11844,#11845,#11846,#11847,#11848,#11849,#11850,#11851,#11852,#11853,#11854,#11855),.UNSPECIFIED.,.F.,.F.,(4,1,1,1,1,1,1,1,1,1,1,4),(0.0,0.09090909090909,0.1818181818182,0.2727272727273,0.3636363636364,0.4545454545455,0.5454545454545,0.6363636363636,0.7272727272727,0.8181818181818,0.9090909090909,1.0),.UNSPECIFIED.);
#10547=VERTEX_POINT('',#11856);
#10548=VERTEX_POINT('',#11857);
#10549=LINE('',#11858,#11859);
#10550=CIRCLE('',#11860,0.322059094877474);
#10551=B_SPLINE_CURVE_WITH_KNOTS('',3,(#11861,#11862,#11863,#11864,#11865,#11866,#11867,#11868,#11869,#11870,#11871,#11872,#11873,#11874),.UNSPECIFIED.,.F.,.F.,(4,1,1,1,1,1,1,1,1,1,1,4),(0.0,0.09090909090909,0.1818181818182,0.2727272727273,0.3636363636364,0.4545454545455,0.5454545454545,0.6363636363636,0.7272727272727,0.8181818181818,0.9090909090909,1.0),.UNSPECIFIED.);
#10552=CIRCLE('',#11875,0.7112);
#10553=B_SPLINE_CURVE_WITH_KNOTS('',3,(#11876,#11877,#11878,#11879,#11880,#11881,#11882,#11883,#11884,#11885,#11886,#11887,#11888,#11889),.UNSPECIFIED.,.F.,.F.,(4,1,1,1,1,1,1,1,1,1,1,4),(0.0,0.09090909090909,0.1818181818182,0.2727272727273,0.3636363636364,0.4545454545455,0.5454545454545,0.6363636363636,0.7272727272727,0.8181818181818,0.9090909090909,1.0),.UNSPECIFIED.);
#10554=LINE('',#11890,#11891);
#10555=CIRCLE('',#11892,0.322059094877474);
#10556=LINE('',#11893,#11894);
#10557=B_SPLINE_CURVE_WITH_KNOTS('',3,(#11895,#11896,#11897,#11898,#11899,#11900,#11901,#11902,#11903,#11904,#11905,#11906,#11907,#11908),.UNSPECIFIED.,.F.,.F.,(4,1,1,1,1,1,1,1,1,1,1,4),(0.0,0.09090909090909,0.1818181818182,0.2727272727273,0.3636363636364,0.4545454545455,0.5454545454545,0.6363636363636,0.7272727272727,0.8181818181818,0.9090909090909,1.0),.UNSPECIFIED.);
#10558=VERTEX_POINT('',#11909);
#10559=VERTEX_POINT('',#11910);
#10560=CIRCLE('',#11911,0.7112);
#10561=VERTEX_POINT('',#11912);
#10562=LINE('',#11913,#11914);
#10563=VERTEX_POINT('',#11915);
#10564=CIRCLE('',#11916,0.7112);
#10565=LINE('',#11917,#11918);
#10566=CIRCLE('',#11919,0.7112);
#10567=VERTEX_POINT('',#11920);
#10568=VERTEX_POINT('',#11921);
#10569=CIRCLE('',#11922,0.350349258067672);
#10570=CIRCLE('',#11923,0.350349258067672);
#10571=CIRCLE('',#11924,0.7112);
#10572=VERTEX_POINT('',#11925);
#10573=VERTEX_POINT('',#11926);
#10574=CIRCLE('',#11927,0.322059094877474);
#10575=CIRCLE('',#11928,0.322059094877474);
#10576=LINE('',#11929,#11930);
#10577=LINE('',#11931,#11932);
#10578=VERTEX_POINT('',#11933);
#10579=VERTEX_POINT('',#11934);
#10580=CIRCLE('',#11935,0.7112);
#10581=VERTEX_POINT('',#11936);
#10582=LINE('',#11937,#11938);
#10583=VERTEX_POINT('',#11939);
#10584=CIRCLE('',#11940,0.7112);
#10585=LINE('',#11941,#11942);
#10586=CIRCLE('',#11943,0.7112);
#10587=VERTEX_POINT('',#11944);
#10588=VERTEX_POINT('',#11945);
#10589=CIRCLE('',#11946,0.322059094877474);
#10590=CIRCLE('',#11947,0.322059094877474);
#10591=LINE('',#11948,#11949);
#10592=LINE('',#11950,#11951);
#10593=CIRCLE('',#11952,0.7112);
#10594=VERTEX_POINT('',#11953);
#10595=VERTEX_POINT('',#11954);
#10596=CIRCLE('',#11955,0.7112);
#10597=VERTEX_POINT('',#11956);
#10598=LINE('',#11957,#11958);
#10599=VERTEX_POINT('',#11959);
#10600=CIRCLE('',#11960,0.7112);
#10601=LINE('',#11961,#11962);
#10602=CIRCLE('',#11963,0.7112);
#10603=VERTEX_POINT('',#11964);
#10604=VERTEX_POINT('',#11965);
#10605=CIRCLE('',#11966,0.350349258067672);
#10606=CIRCLE('',#11967,0.350349258067672);
#10607=CIRCLE('',#11968,0.7112);
#10608=VERTEX_POINT('',#11969);
#10609=VERTEX_POINT('',#11970);
#10610=CIRCLE('',#11971,0.322059094877474);
#10611=CIRCLE('',#11972,0.322059094877474);
#10612=LINE('',#11973,#11974);
#10613=LINE('',#11975,#11976);
#10614=VERTEX_POINT('',#11977);
#10615=VERTEX_POINT('',#11978);
#10616=CIRCLE('',#11979,0.7112);
#10617=VERTEX_POINT('',#11980);
#10618=LINE('',#11981,#11982);
#10619=VERTEX_POINT('',#11983);
#10620=CIRCLE('',#11984,0.7112);
#10621=LINE('',#11985,#11986);
#10622=CIRCLE('',#11987,0.7112);
#10623=VERTEX_POINT('',#11988);
#10624=VERTEX_POINT('',#11989);
#10625=CIRCLE('',#11990,0.322059094877474);
#10626=CIRCLE('',#11991,0.322059094877474);
#10627=LINE('',#11992,#11993);
#10628=LINE('',#11994,#11995);
#10629=CIRCLE('',#11996,0.7112);
#10630=VERTEX_POINT('',#11997);
#10631=VERTEX_POINT('',#11998);
#10632=LINE('',#11999,#12000);
#10633=VERTEX_POINT('',#12001);
#10634=CIRCLE('',#12002,0.508);
#10635=VERTEX_POINT('',#12003);
#10636=LINE('',#12004,#12005);
#10637=CIRCLE('',#12006,0.508);
#10638=VERTEX_POINT('',#12007);
#10639=CIRCLE('',#12008,0.508);
#10640=VERTEX_POINT('',#12009);
#10641=LINE('',#12010,#12011);
#10642=CIRCLE('',#12012,0.508);
#10643=CIRCLE('',#12013,5.842);
#10644=CIRCLE('',#12014,5.842);
#10645=VERTEX_POINT('',#12015);
#10646=VERTEX_POINT('',#12016);
#10647=LINE('',#12017,#12018);
#10648=VERTEX_POINT('',#12019);
#10649=CIRCLE('',#12020,0.508);
#10650=VERTEX_POINT('',#12021);
#10651=LINE('',#12022,#12023);
#10652=CIRCLE('',#12024,0.508);
#10653=VERTEX_POINT('',#12025);
#10654=CIRCLE('',#12026,0.508);
#10655=CIRCLE('',#12027,5.842);
#10656=VERTEX_POINT('',#12028);
#10657=LINE('',#12029,#12030);
#10658=CIRCLE('',#12031,0.508);
#10659=CIRCLE('',#12032,5.842);
#10660=VERTEX_POINT('',#12033);
#10661=VERTEX_POINT('',#12034);
#10662=CIRCLE('',#12035,4.76758);
#10663=CIRCLE('',#12036,4.76758);
#10664=VERTEX_POINT('',#12037);
#10665=VERTEX_POINT('',#12038);
#10666=CIRCLE('',#12039,4.2799);
#10667=CIRCLE('',#12040,4.2799);
#10668=VERTEX_POINT('',#12041);
#10669=LINE('',#12042,#12043);
#10670=VERTEX_POINT('',#12044);
#10671=CIRCLE('',#12045,4.76758);
#10672=LINE('',#12046,#12047);
#10673=CIRCLE('',#12048,4.76758);
#10674=VERTEX_POINT('',#12049);
#10675=VERTEX_POINT('',#12050);
#10676=CIRCLE('',#12051,4.318);
#10677=CIRCLE('',#12052,4.318);
#10678=VERTEX_POINT('',#12053);
#10679=LINE('',#12054,#12055);
#10680=VERTEX_POINT('',#12056);
#10681=CIRCLE('',#12057,4.318);
#10682=LINE('',#12058,#12059);
#10683=CIRCLE('',#12060,4.318);
#10684=VERTEX_POINT('',#12061);
#10685=VERTEX_POINT('',#12062);
#10686=CIRCLE('',#12063,4.2799);
#10687=CIRCLE('',#12064,4.2799);
#10688=LINE('',#12065,#12066);
#10689=LINE('',#12067,#12068);
#10690=VERTEX_POINT('',#12069);
#10691=VERTEX_POINT('',#12070);
#10692=CIRCLE('',#12071,4.2545);
#10693=CIRCLE('',#12072,4.2545);
#10694=VERTEX_POINT('',#12073);
#10695=VERTEX_POINT('',#12074);
#10696=CIRCLE('',#12075,4.2545);
#10697=LINE('',#12076,#12077);
#10698=LINE('',#12078,#12079);
#10699=CIRCLE('',#12080,4.2545);
#10700=DIRECTION('',(-0.0,1.0,0.0));
#10701=CARTESIAN_POINT('',(5.08,-14.224,-9.55999999999986));
#10702=DIRECTION('',(-0.0,1.0,0.0));
#10703=DIRECTION('',(0.713483146067411,0.0,0.700672391548111));
#10704=DIRECTION('',(0.0,1.0,0.0));
#10705=CARTESIAN_POINT('',(5.08,-15.367,-9.55999999999986));
#10706=DIRECTION('',(-0.0,1.0,0.0));
#10707=DIRECTION('',(0.713483146067411,0.0,0.700672391548111));
#10708=DIRECTION('',(-0.0,-1.0,-0.0));
#10709=CARTESIAN_POINT('',(5.08,-14.224,-9.55999999999986));
#10710=DIRECTION('',(-0.0,1.0,0.0));
#10711=DIRECTION('',(0.713483146067411,0.0,0.700672391548111));
#10712=CARTESIAN_POINT('',(5.08,-15.367,-9.55999999999986));
#10713=DIRECTION('',(-0.0,1.0,0.0));
#10714=DIRECTION('',(0.713483146067411,0.0,0.700672391548111));
#10715=DIRECTION('',(-0.0,1.0,0.0));
#10716=CARTESIAN_POINT('',(2.54,-14.224,-9.55999999999986));
#10717=DIRECTION('',(-0.0,1.0,0.0));
#10718=DIRECTION('',(0.713483146067411,0.0,0.700672391548111));
#10719=DIRECTION('',(0.0,1.0,0.0));
#10720=CARTESIAN_POINT('',(2.54,-15.367,-9.55999999999986));
#10721=DIRECTION('',(-0.0,1.0,0.0));
#10722=DIRECTION('',(0.713483146067411,0.0,0.700672391548111));
#10723=DIRECTION('',(-0.0,-1.0,-0.0));
#10724=CARTESIAN_POINT('',(2.54,-14.224,-9.55999999999986));
#10725=DIRECTION('',(-0.0,1.0,0.0));
#10726=DIRECTION('',(0.713483146067411,0.0,0.700672391548111));
#10727=CARTESIAN_POINT('',(2.54,-15.367,-9.55999999999986));
#10728=DIRECTION('',(-0.0,1.0,0.0));
#10729=DIRECTION('',(0.713483146067411,0.0,0.700672391548111));
#10730=DIRECTION('',(-0.0,1.0,0.0));
#10731=CARTESIAN_POINT('',(-5.08,-14.224,-9.55999999999986));
#10732=DIRECTION('',(-0.0,1.0,0.0));
#10733=DIRECTION('',(0.713483146067411,0.0,0.700672391548111));
#10734=DIRECTION('',(0.0,1.0,0.0));
#10735=CARTESIAN_POINT('',(-5.08,-15.367,-9.55999999999986));
#10736=DIRECTION('',(-0.0,1.0,0.0));
#10737=DIRECTION('',(0.713483146067411,0.0,0.700672391548111));
#10738=DIRECTION('',(-0.0,-1.0,-0.0));
#10739=CARTESIAN_POINT('',(-5.08,-14.224,-9.55999999999986));
#10740=DIRECTION('',(-0.0,1.0,0.0));
#10741=DIRECTION('',(0.713483146067411,0.0,0.700672391548111));
#10742=CARTESIAN_POINT('',(-5.08,-15.367,-9.55999999999986));
#10743=DIRECTION('',(-0.0,1.0,0.0));
#10744=DIRECTION('',(0.713483146067411,0.0,0.700672391548111));
#10745=DIRECTION('',(-0.0,1.0,0.0));
#10746=CARTESIAN_POINT('',(-2.54,-14.224,-9.55999999999986));
#10747=DIRECTION('',(-0.0,1.0,0.0));
#10748=DIRECTION('',(0.713483146067411,0.0,0.700672391548111));
#10749=DIRECTION('',(0.0,1.0,0.0));
#10750=CARTESIAN_POINT('',(-2.54,-15.367,-9.55999999999986));
#10751=DIRECTION('',(-0.0,1.0,0.0));
#10752=DIRECTION('',(0.713483146067411,0.0,0.700672391548111));
#10753=DIRECTION('',(-0.0,-1.0,-0.0));
#10754=CARTESIAN_POINT('',(-2.54,-14.224,-9.55999999999986));
#10755=DIRECTION('',(-0.0,1.0,0.0));
#10756=DIRECTION('',(0.713483146067411,0.0,0.700672391548111));
#10757=CARTESIAN_POINT('',(-2.54,-15.367,-9.55999999999986));
#10758=DIRECTION('',(-0.0,1.0,0.0));
#10759=DIRECTION('',(0.713483146067411,0.0,0.700672391548111));
#10760=DIRECTION('',(-0.499999999999914,0.866025403784488,-0.0));
#10761=DIRECTION('',(-0.499992929189899,0.866025673448997,-0.00256976405833199));
#10762=DIRECTION('',(-0.499999999999914,-0.866025403784488,0.0));
#10763=CARTESIAN_POINT('',(6.35,2.97000000000082,7.869999999999));
#10764=DIRECTION('',(-0.0,1.0,0.0));
#10765=DIRECTION('',(1.0,0.0,0.0));
#10766=DIRECTION('',(-0.0,-1.0,0.0));
#10767=DIRECTION('',(8.02085534312086E-06,-0.999995932455382,-0.00285219360431295));
#10768=DIRECTION('',(-0.0,1.0,-0.0));
#10769=CARTESIAN_POINT('',(6.35,2.9972,7.874));
#10770=DIRECTION('',(0.0,-1.0,0.0));
#10771=DIRECTION('',(-0.983926950996857,0.0,0.178571428571392));
#10772=DIRECTION('',(-0.0,-1.0,0.0));
#10773=DIRECTION('',(1.01024566197502E-05,-0.999993547240718,-0.00359240516453907));
#10774=DIRECTION('',(-0.0,1.0,-0.0));
#10775=CARTESIAN_POINT('',(-6.35,2.9972,7.874));
#10776=DIRECTION('',(0.0,-1.0,0.0));
#10777=DIRECTION('',(1.0,0.0,0.0));
#10778=DIRECTION('',(-0.499999999999914,0.866025403784488,-0.0));
#10779=DIRECTION('',(-0.499992929189899,0.866025673448997,-0.00256976405833199));
#10780=DIRECTION('',(-0.499999999999914,-0.866025403784488,0.0));
#10781=CARTESIAN_POINT('',(-6.35,2.97000000000082,7.869999999999));
#10782=DIRECTION('',(-0.0,1.0,0.0));
#10783=DIRECTION('',(1.0,0.0,0.0));
#10784=DIRECTION('',(-8.65927457071807E-17,-0.707106781186652,0.707106781186443));
#10785=CARTESIAN_POINT('',(0.0,12.7,0.0));
#10786=DIRECTION('',(0.0,1.0,0.0));
#10787=DIRECTION('',(-0.986493120378763,0.0,0.163802696697494));
#10788=CARTESIAN_POINT('',(0.0,12.319,0.0));
#10789=DIRECTION('',(0.0,-1.0,0.0));
#10790=DIRECTION('',(-0.444538474316991,0.0,0.895759758446382));
#10791=CARTESIAN_POINT('',(0.0,12.319,0.0));
#10792=DIRECTION('',(0.0,-1.0,0.0));
#10793=DIRECTION('',(-0.444538474316991,0.0,0.895759758446382));
#10794=DIRECTION('',(8.65927457071806E-17,0.707106781186653,-0.707106781186442));
#10795=CARTESIAN_POINT('',(0.0,25.0952,0.0));
#10796=DIRECTION('',(0.0,1.0,0.0));
#10797=DIRECTION('',(-1.0,0.0,0.0));
#10798=DIRECTION('',(0.707106781186597,-0.707106781186498,-2.36857547133199E-10));
#10799=CARTESIAN_POINT('',(0.0,25.3492,0.0));
#10800=DIRECTION('',(0.0,1.0,0.0));
#10801=DIRECTION('',(-1.0,0.0,0.0));
#10802=DIRECTION('',(8.65927457071807E-17,-0.707106781186653,-0.707106781186442));
#10803=CARTESIAN_POINT('',(0.0,25.3492,0.0));
#10804=DIRECTION('',(-0.0,1.0,0.0));
#10805=DIRECTION('',(1.0,0.0,0.0));
#10806=CARTESIAN_POINT('',(0.0,25.0952,0.0));
#10807=DIRECTION('',(-0.0,1.0,0.0));
#10808=DIRECTION('',(1.0,0.0,0.0));
#10809=DIRECTION('',(0.0,-1.0,0.0));
#10810=DIRECTION('',(-0.0,1.0,-0.0));
#10811=DIRECTION('',(-0.0,1.0,-0.0));
#10812=DIRECTION('',(3.470606471647E-14,-1.0,0.0));
#10813=DIRECTION('',(-0.0,1.0,-0.0));
#10814=DIRECTION('',(0.0,-1.0,0.0));
#10815=DIRECTION('',(-0.0,1.0,-0.0));
#10816=DIRECTION('',(1.483053106252E-14,-1.0,0.0));
#10817=DIRECTION('',(-0.0,1.0,-0.0));
#10818=DIRECTION('',(-1.931074326792E-14,-1.0,0.0));
#10819=DIRECTION('',(-0.0,1.0,-0.0));
#10820=DIRECTION('',(0.0,-1.0,0.0));
#10821=DIRECTION('',(-0.0,1.0,-0.0));
#10822=DIRECTION('',(0.0,-1.0,0.0));
#10823=DIRECTION('',(0.0,-1.0,0.0));
#10824=CARTESIAN_POINT('',(0.0,6.2738,0.0));
#10825=DIRECTION('',(0.0,1.0,0.0));
#10826=DIRECTION('',(0.928186168212404,0.0,-0.372116160814302));
#10827=DIRECTION('',(0.0,1.0,0.0));
#10828=CARTESIAN_POINT('',(0.0,6.0198,0.0));
#10829=DIRECTION('',(-0.0,1.0,0.0));
#10830=DIRECTION('',(1.0,0.0,0.0));
#10831=DIRECTION('',(-0.0,-1.0,-0.0));
#10832=CARTESIAN_POINT('',(0.0,6.0198,0.0));
#10833=DIRECTION('',(0.0,-1.0,0.0));
#10834=DIRECTION('',(1.0,0.0,0.0));
#10835=DIRECTION('',(-0.0,1.0,-0.0));
#10836=CARTESIAN_POINT('',(7.9375,3.429,0.0));
#10837=DIRECTION('',(0.0,1.0,0.0));
#10838=DIRECTION('',(0.0,0.0,-1.0));
#10839=CARTESIAN_POINT('',(7.9375,3.429,0.0));
#10840=DIRECTION('',(0.0,1.0,0.0));
#10841=DIRECTION('',(0.0,0.0,-1.0));
#10842=DIRECTION('',(0.0,1.0,0.0));
#10843=CARTESIAN_POINT('',(7.9375,3.9624,0.0));
#10844=DIRECTION('',(0.0,1.0,0.0));
#10845=DIRECTION('',(0.0,0.0,-1.0));
#10846=CARTESIAN_POINT('',(7.89053055085125,3.429,1.43433116149886));
#10847=DIRECTION('',(-0.999464261374718,0.0,-0.0327290426790809));
#10848=DIRECTION('',(-0.0327290426790809,0.0,0.999464261374718));
#10849=CARTESIAN_POINT('',(7.9375,3.429,0.0));
#10850=DIRECTION('',(0.0,1.0,0.0));
#10851=DIRECTION('',(0.0,0.0,-1.0));
#10852=CARTESIAN_POINT('',(7.9375,3.429,-1.4351));
#10853=DIRECTION('',(-1.0,0.0,0.0));
#10854=DIRECTION('',(0.0,-1.0,0.0));
#10855=CARTESIAN_POINT('',(7.9375,3.175,0.0));
#10856=DIRECTION('',(0.0,1.0,0.0));
#10857=DIRECTION('',(0.0,0.0,-1.0));
#10858=CARTESIAN_POINT('',(7.9375,3.175,0.0));
#10859=DIRECTION('',(0.0,1.0,0.0));
#10860=DIRECTION('',(-0.791461946927762,0.0,-0.611218444228671));
#10861=CARTESIAN_POINT('',(7.9375,3.175,0.0));
#10862=DIRECTION('',(0.0,1.0,0.0));
#10863=DIRECTION('',(-0.791461946902663,0.0,0.611218444261171));
#10864=DIRECTION('',(-0.0,1.0,-0.0));
#10865=CARTESIAN_POINT('',(0.0,2.9972,0.0));
#10866=DIRECTION('',(0.0,1.0,0.0));
#10867=DIRECTION('',(-0.93518518518518,0.0,0.354159101831592));
#10868=DIRECTION('',(1.07792551367699E-07,0.999999999999988,1.15160739438899E-07));
#10869=CARTESIAN_POINT('',(0.0,3.175,0.0));
#10870=DIRECTION('',(0.0,1.0,0.0));
#10871=DIRECTION('',(0.991786666668354,0.0,-0.127903118878607));
#10872=DIRECTION('',(0.0,1.0,-0.0));
#10873=CARTESIAN_POINT('',(6.35,-15.367,-6.35));
#10874=DIRECTION('',(0.0,-1.0,0.0));
#10875=DIRECTION('',(0.0,0.0,1.0));
#10876=DIRECTION('',(0.0,1.0,0.0));
#10877=CARTESIAN_POINT('',(6.35,-14.224,-6.35));
#10878=DIRECTION('',(0.0,-1.0,0.0));
#10879=DIRECTION('',(0.0,0.0,1.0));
#10880=DIRECTION('',(0.0,-1.0,0.0));
#10881=CARTESIAN_POINT('',(-6.35,-14.224,-6.35));
#10882=DIRECTION('',(0.0,-1.0,0.0));
#10883=DIRECTION('',(0.0,0.0,-1.0));
#10884=DIRECTION('',(0.0,1.0,0.0));
#10885=CARTESIAN_POINT('',(-6.35,-15.367,-6.35));
#10886=DIRECTION('',(0.0,-1.0,0.0));
#10887=DIRECTION('',(0.0,0.0,-1.0));
#10888=DIRECTION('',(-0.0,1.0,0.0));
#10889=CARTESIAN_POINT('',(0.0,-14.224,-9.55999999999986));
#10890=DIRECTION('',(-0.0,1.0,0.0));
#10891=DIRECTION('',(0.713483146067411,0.0,0.700672391548111));
#10892=DIRECTION('',(0.0,1.0,0.0));
#10893=CARTESIAN_POINT('',(0.0,-15.367,-9.55999999999986));
#10894=DIRECTION('',(-0.0,1.0,0.0));
#10895=DIRECTION('',(0.713483146067411,0.0,0.700672391548111));
#10896=DIRECTION('',(-0.0,-1.0,-0.0));
#10897=CARTESIAN_POINT('',(0.0,-14.224,-9.55999999999986));
#10898=DIRECTION('',(-0.0,1.0,0.0));
#10899=DIRECTION('',(0.713483146067411,0.0,0.700672391548111));
#10900=CARTESIAN_POINT('',(0.0,-15.367,-9.55999999999986));
#10901=DIRECTION('',(-0.0,1.0,0.0));
#10902=DIRECTION('',(0.713483146067411,0.0,0.700672391548111));
#10903=DIRECTION('',(0.0,-1.0,0.0));
#10904=DIRECTION('',(1.0,0.0,0.0));
#10905=DIRECTION('',(0.0,-1.0,0.0));
#10906=DIRECTION('',(1.0,0.0,0.0));
#10907=DIRECTION('',(1.0,0.0,0.0));
#10908=DIRECTION('',(0.0,0.0,-1.0));
#10909=CARTESIAN_POINT('',(0.0,-14.224,-9.55999999999986));
#10910=DIRECTION('',(-0.0,1.0,0.0));
#10911=DIRECTION('',(0.713483146067411,0.0,0.700672391548111));
#10912=DIRECTION('',(0.0,0.0,1.0));
#10913=CARTESIAN_POINT('',(0.0,-14.224,-9.55999999999986));
#10914=DIRECTION('',(0.0,1.0,0.0));
#10915=DIRECTION('',(-0.610346138503995,0.0,0.792134831460694));
#10916=DIRECTION('',(-1.0,0.0,0.0));
#10917=DIRECTION('',(1.0,0.0,0.0));
#10918=DIRECTION('',(0.0,0.0,-1.0));
#10919=CARTESIAN_POINT('',(-2.54,-14.224,-9.55999999999986));
#10920=DIRECTION('',(-0.0,1.0,0.0));
#10921=DIRECTION('',(0.713483146067411,0.0,0.700672391548111));
#10922=DIRECTION('',(0.0,0.0,1.0));
#10923=CARTESIAN_POINT('',(-2.54,-14.224,-9.55999999999986));
#10924=DIRECTION('',(0.0,1.0,0.0));
#10925=DIRECTION('',(-0.610346138503995,0.0,0.792134831460694));
#10926=DIRECTION('',(-1.0,0.0,0.0));
#10927=DIRECTION('',(0.0,0.0,-1.0));
#10928=CARTESIAN_POINT('',(-5.08,-14.224,-9.55999999999986));
#10929=DIRECTION('',(-0.0,1.0,0.0));
#10930=DIRECTION('',(0.713483146067411,0.0,0.700672391548111));
#10931=DIRECTION('',(0.0,0.0,1.0));
#10932=CARTESIAN_POINT('',(-5.08,-14.224,-9.55999999999986));
#10933=DIRECTION('',(0.0,1.0,0.0));
#10934=DIRECTION('',(-0.610346138503995,0.0,0.792134831460694));
#10935=DIRECTION('',(-1.0,0.0,0.0));
#10936=DIRECTION('',(1.0,0.0,0.0));
#10937=DIRECTION('',(0.0,0.0,-1.0));
#10938=CARTESIAN_POINT('',(2.54,-14.224,-9.55999999999986));
#10939=DIRECTION('',(-0.0,1.0,0.0));
#10940=DIRECTION('',(0.713483146067411,0.0,0.700672391548111));
#10941=DIRECTION('',(0.0,0.0,1.0));
#10942=CARTESIAN_POINT('',(2.54,-14.224,-9.55999999999986));
#10943=DIRECTION('',(0.0,1.0,0.0));
#10944=DIRECTION('',(-0.610346138503995,0.0,0.792134831460694));
#10945=DIRECTION('',(-1.0,0.0,0.0));
#10946=DIRECTION('',(1.0,0.0,0.0));
#10947=DIRECTION('',(0.0,0.0,-1.0));
#10948=CARTESIAN_POINT('',(5.08,-14.224,-9.55999999999986));
#10949=DIRECTION('',(-0.0,1.0,0.0));
#10950=DIRECTION('',(0.713483146067411,0.0,0.700672391548111));
#10951=DIRECTION('',(0.0,0.0,1.0));
#10952=CARTESIAN_POINT('',(5.08,-14.224,-9.55999999999986));
#10953=DIRECTION('',(0.0,1.0,0.0));
#10954=DIRECTION('',(-0.610346138503995,0.0,0.792134831460694));
#10955=DIRECTION('',(-1.0,0.0,0.0));
#10956=DIRECTION('',(0.0,1.0,0.0));
#10957=DIRECTION('',(0.0,0.0,1.0));
#10958=DIRECTION('',(0.0,-1.0,0.0));
#10959=DIRECTION('',(0.0,0.0,1.0));
#10960=DIRECTION('',(0.0,-1.0,0.0));
#10961=DIRECTION('',(1.0,0.0,0.0));
#10962=DIRECTION('',(0.0,-1.0,0.0));
#10963=DIRECTION('',(0.0,0.0,-1.0));
#10964=DIRECTION('',(0.0,-1.0,0.0));
#10965=DIRECTION('',(0.0,0.0,-1.0));
#10966=DIRECTION('',(0.0,1.0,0.0));
#10967=CARTESIAN_POINT('',(0.0,-15.367,-9.55999999999986));
#10968=DIRECTION('',(0.0,1.0,0.0));
#10969=DIRECTION('',(-0.610346138503995,0.0,0.792134831460694));
#10970=DIRECTION('',(0.0,1.0,0.0));
#10971=CARTESIAN_POINT('',(0.0,-15.367,-9.55999999999986));
#10972=DIRECTION('',(-0.0,1.0,0.0));
#10973=DIRECTION('',(0.713483146067411,0.0,0.700672391548111));
#10974=DIRECTION('',(-1.0,0.0,0.0));
#10975=DIRECTION('',(-1.0,0.0,0.0));
#10976=DIRECTION('',(-1.0,0.0,0.0));
#10977=DIRECTION('',(-1.0,0.0,0.0));
#10978=CARTESIAN_POINT('',(-6.41999999999972,-15.367,8.01000000000098));
#10979=DIRECTION('',(0.0,-1.0,0.0));
#10980=DIRECTION('',(0.0,0.0,-1.0));
#10981=DIRECTION('',(0.0,0.0,-1.0));
#10982=DIRECTION('',(1.0,0.0,2.014261773248E-14));
#10983=CARTESIAN_POINT('',(-6.35,-15.367,-6.35));
#10984=DIRECTION('',(0.0,-1.0,0.0));
#10985=DIRECTION('',(0.0,0.0,-1.0));
#10986=DIRECTION('',(1.0,0.0,0.0));
#10987=DIRECTION('',(0.0,0.0,-1.0));
#10988=DIRECTION('',(1.0,0.0,0.0));
#10989=DIRECTION('',(0.0,0.0,1.0));
#10990=DIRECTION('',(-1.0,0.0,0.0));
#10991=CARTESIAN_POINT('',(6.35,-15.367,-6.35));
#10992=DIRECTION('',(0.0,-1.0,0.0));
#10993=DIRECTION('',(0.0,0.0,1.0));
#10994=DIRECTION('',(-1.0,0.0,0.0));
#10995=DIRECTION('',(0.0,0.0,1.0));
#10996=CARTESIAN_POINT('',(6.41999999999972,-15.367,8.01000000000098));
#10997=DIRECTION('',(0.0,-1.0,0.0));
#10998=DIRECTION('',(-1.0,0.0,0.0));
#10999=CARTESIAN_POINT('',(-2.54,-15.367,-9.55999999999986));
#11000=DIRECTION('',(-0.0,1.0,0.0));
#11001=DIRECTION('',(0.713483146067411,0.0,0.700672391548111));
#11002=DIRECTION('',(2.598199054836E-14,0.0,-1.0));
#11003=DIRECTION('',(-1.0,0.0,0.0));
#11004=CARTESIAN_POINT('',(-2.54,-15.367,-9.55999999999986));
#11005=DIRECTION('',(0.0,1.0,0.0));
#11006=DIRECTION('',(-0.610346138503995,0.0,0.792134831460694));
#11007=DIRECTION('',(-1.0,0.0,0.0));
#11008=DIRECTION('',(-2.598199054836E-14,0.0,1.0));
#11009=CARTESIAN_POINT('',(-5.08,-15.367,-9.55999999999986));
#11010=DIRECTION('',(-0.0,1.0,0.0));
#11011=DIRECTION('',(0.713483146067411,0.0,0.700672391548111));
#11012=DIRECTION('',(3.464265406448E-14,0.0,-1.0));
#11013=DIRECTION('',(-1.0,0.0,0.0));
#11014=CARTESIAN_POINT('',(-5.08,-15.367,-9.55999999999986));
#11015=DIRECTION('',(0.0,1.0,0.0));
#11016=DIRECTION('',(-0.610346138503995,0.0,0.792134831460694));
#11017=DIRECTION('',(-1.0,0.0,0.0));
#11018=DIRECTION('',(-3.464265406448E-14,0.0,1.0));
#11019=CARTESIAN_POINT('',(2.54,-15.367,-9.55999999999986));
#11020=DIRECTION('',(-0.0,1.0,0.0));
#11021=DIRECTION('',(0.713483146067411,0.0,0.700672391548111));
#11022=DIRECTION('',(0.0,0.0,-1.0));
#11023=DIRECTION('',(-1.0,0.0,0.0));
#11024=CARTESIAN_POINT('',(2.54,-15.367,-9.55999999999986));
#11025=DIRECTION('',(0.0,1.0,0.0));
#11026=DIRECTION('',(-0.610346138503995,0.0,0.792134831460694));
#11027=DIRECTION('',(-1.0,0.0,0.0));
#11028=DIRECTION('',(0.0,0.0,1.0));
#11029=CARTESIAN_POINT('',(5.08,-15.367,-9.55999999999986));
#11030=DIRECTION('',(-0.0,1.0,0.0));
#11031=DIRECTION('',(0.713483146067411,0.0,0.700672391548111));
#11032=DIRECTION('',(3.464265406448E-14,0.0,-1.0));
#11033=DIRECTION('',(-1.0,0.0,0.0));
#11034=CARTESIAN_POINT('',(5.08,-15.367,-9.55999999999986));
#11035=DIRECTION('',(0.0,1.0,0.0));
#11036=DIRECTION('',(-0.610346138503995,0.0,0.792134831460694));
#11037=DIRECTION('',(-1.0,0.0,0.0));
#11038=DIRECTION('',(-5.196398109671E-14,0.0,1.0));
#11039=DIRECTION('',(0.0,1.0,0.0));
#11040=CARTESIAN_POINT('',(6.41999999999972,-14.224,8.01000000000098));
#11041=DIRECTION('',(0.0,-1.0,0.0));
#11042=DIRECTION('',(-1.0,0.0,0.0));
#11043=DIRECTION('',(0.0,1.0,0.0));
#11044=DIRECTION('',(0.0,0.0,-1.0));
#11045=CARTESIAN_POINT('',(4.63999999999922,-13.847000000001,8.01000000000098));
#11046=DIRECTION('',(-1.0,0.0,0.0));
#11047=DIRECTION('',(0.0,-1.0,0.0));
#11048=CARTESIAN_POINT('',(6.41999999999972,-13.847000000001,8.01000000000098));
#11049=DIRECTION('',(-1.0,0.0,0.0));
#11050=DIRECTION('',(0.0,-0.248026315789504,0.968753295052918));
#11051=DIRECTION('',(-1.0,0.0,0.0));
#11052=CARTESIAN_POINT('',(-6.42000531389308,-13.847000000001,8.01000000000098));
#11053=DIRECTION('',(-1.0,0.0,0.0));
#11054=DIRECTION('',(0.0,-0.248026315789504,0.968753295052918));
#11055=DIRECTION('',(-0.999999999999997,7.26786180752498E-08,1.850867636603E-08));
#11056=CARTESIAN_POINT('',(-4.63999999999922,-13.847000000001,8.01000000000098));
#11057=DIRECTION('',(-1.0,0.0,0.0));
#11058=DIRECTION('',(0.0,-1.0,0.0));
#11059=DIRECTION('',(-1.0,0.0,0.0));
#11060=DIRECTION('',(1.0,0.0,0.0));
#11061=CARTESIAN_POINT('',(-6.41999999999972,-14.224,8.01000000000098));
#11062=DIRECTION('',(0.0,-1.0,0.0));
#11063=DIRECTION('',(0.0,0.0,-1.0));
#11064=DIRECTION('',(0.0,0.0,1.0));
#11065=CARTESIAN_POINT('',(-6.41999999999972,-14.224,8.01000000000098));
#11066=DIRECTION('',(0.0,-1.0,0.0));
#11067=DIRECTION('',(-5.13733226366495E-05,0.0,0.999999998680391));
#11068=DIRECTION('',(0.0,0.0,-1.0));
#11069=CARTESIAN_POINT('',(-6.35,-14.224,7.869999999999));
#11070=DIRECTION('',(0.0,-1.0,0.0));
#11071=DIRECTION('',(-1.0,0.0,0.0));
#11072=CARTESIAN_POINT('',(-6.35,-14.224,7.869999999999));
#11073=DIRECTION('',(0.0,-1.0,0.0));
#11074=DIRECTION('',(1.0,0.0,0.0));
#11075=DIRECTION('',(1.0,0.0,0.0));
#11076=CARTESIAN_POINT('',(-6.35,-14.224,-6.35));
#11077=DIRECTION('',(0.0,-1.0,0.0));
#11078=DIRECTION('',(0.0,0.0,-1.0));
#11079=DIRECTION('',(-1.0,0.0,0.0));
#11080=DIRECTION('',(0.0,0.0,-1.0));
#11081=CARTESIAN_POINT('',(-6.35,-14.224,-6.35));
#11082=DIRECTION('',(0.0,-1.0,0.0));
#11083=DIRECTION('',(-1.0,0.0,0.0));
#11084=CARTESIAN_POINT('',(-6.35,-14.224,-6.35));
#11085=DIRECTION('',(0.0,-1.0,0.0));
#11086=DIRECTION('',(1.0,0.0,0.0));
#11087=DIRECTION('',(1.0,0.0,0.0));
#11088=DIRECTION('',(9.33113337483099E-09,3.655739078826E-08,0.999999999999999));
#11089=CARTESIAN_POINT('',(6.41999999999972,-14.224,8.01000000000098));
#11090=DIRECTION('',(0.0,-1.0,0.0));
#11091=DIRECTION('',(0.999999999642148,0.0,2.67526481272513E-05));
#11092=CARTESIAN_POINT('',(6.35,-14.224,7.869999999999));
#11093=DIRECTION('',(0.0,-1.0,0.0));
#11094=DIRECTION('',(-1.0,0.0,0.0));
#11095=CARTESIAN_POINT('',(6.35,-14.224,7.869999999999));
#11096=DIRECTION('',(0.0,-1.0,0.0));
#11097=DIRECTION('',(1.0,0.0,0.0));
#11098=DIRECTION('',(-1.0,0.0,0.0));
#11099=CARTESIAN_POINT('',(6.35,-14.224,-6.35));
#11100=DIRECTION('',(0.0,-1.0,0.0));
#11101=DIRECTION('',(0.0,0.0,1.0));
#11102=DIRECTION('',(1.0,0.0,0.0));
#11103=DIRECTION('',(0.0,0.0,1.0));
#11104=CARTESIAN_POINT('',(6.35,-14.224,-6.35));
#11105=DIRECTION('',(0.0,-1.0,0.0));
#11106=DIRECTION('',(-1.0,0.0,0.0));
#11107=CARTESIAN_POINT('',(6.35,-14.224,-6.35));
#11108=DIRECTION('',(0.0,-1.0,0.0));
#11109=DIRECTION('',(1.0,0.0,0.0));
#11110=CARTESIAN_POINT('',(-6.41999999999972,-13.847000000001,8.01000000000098));
#11111=DIRECTION('',(-0.0,0.0,-1.0));
#11112=DIRECTION('',(-0.968753295052918,-0.248026315789504,0.0));
#11113=DIRECTION('',(0.0,0.0,-1.0));
#11114=CARTESIAN_POINT('',(-6.41999999999972,-13.847000000001,-10.16));
#11115=DIRECTION('',(0.0,0.0,-1.0));
#11116=DIRECTION('',(0.0,-1.0,0.0));
#11117=CARTESIAN_POINT('',(-6.41999999999972,-13.847000000001,-7.9199999999988));
#11118=DIRECTION('',(0.0,0.0,-1.0));
#11119=DIRECTION('',(0.0,-1.0,0.0));
#11120=CARTESIAN_POINT('',(-6.41999999999972,-13.847000000001,-4.7800000000012));
#11121=DIRECTION('',(0.0,0.0,-1.0));
#11122=DIRECTION('',(0.0,-1.0,0.0));
#11123=CARTESIAN_POINT('',(-6.41999999999972,-13.847000000001,6.23000000000048));
#11124=DIRECTION('',(0.0,0.0,-1.0));
#11125=DIRECTION('',(0.0,-1.0,0.0));
#11126=DIRECTION('',(0.0,1.0,0.0));
#11127=DIRECTION('',(0.0,1.0,0.0));
#11128=DIRECTION('',(0.0,1.0,0.0));
#11129=CARTESIAN_POINT('',(-6.41999863002278,-13.847000000001,-10.16));
#11130=DIRECTION('',(1.0,0.0,0.0));
#11131=DIRECTION('',(0.0,-1.0,0.0));
#11132=CARTESIAN_POINT('',(-6.41999999999972,-13.847000000001,-10.16));
#11133=DIRECTION('',(0.0,1.0,0.0));
#11134=DIRECTION('',(0.0,0.0,-1.0));
#11135=CARTESIAN_POINT('',(-6.41999999999972,-8.636,-10.16));
#11136=DIRECTION('',(0.0,1.0,0.0));
#11137=DIRECTION('',(0.0,0.0,-1.0));
#11138=DIRECTION('',(0.0,0.99999998158686,-0.000191901742772392));
#11139=DIRECTION('',(0.000119938590578396,0.999999992807367,0.0));
#11140=DIRECTION('',(-7.79390244527111E-05,0.999999996944514,6.03983848068909E-06));
#11141=DIRECTION('',(0.0,0.0,1.0));
#11142=DIRECTION('',(-0.000105013483838401,0.99999999444781,-8.74914696319209E-06));
#11143=DIRECTION('',(0.000119938590578696,0.999999992807367,0.0));
#11144=CARTESIAN_POINT('',(-6.41999999999972,-13.847000000001,8.01000000000098));
#11145=DIRECTION('',(0.0,1.0,0.0));
#11146=DIRECTION('',(-1.0,0.0,0.0));
#11147=DIRECTION('',(0.0,1.0,0.0));
#11148=CARTESIAN_POINT('',(-6.41999999999972,-8.636,8.01000000000098));
#11149=DIRECTION('',(0.0,1.0,0.0));
#11150=DIRECTION('',(-0.0810404330069784,0.0,0.996710814739181));
#11151=CARTESIAN_POINT('',(-6.41999999999972,-8.636,8.01000000000098));
#11152=DIRECTION('',(0.0,1.0,0.0));
#11153=DIRECTION('',(-0.996990359724348,0.0,0.0775256255486837));
#11154=CARTESIAN_POINT('',(-6.5405,-8.636,8.128));
#11155=DIRECTION('',(0.0,1.0,0.0));
#11156=DIRECTION('',(-0.999999998341929,0.0,-5.75859487488917E-05));
#11157=CARTESIAN_POINT('',(-6.5405,-8.636,-10.287));
#11158=DIRECTION('',(0.0,1.0,0.0));
#11159=DIRECTION('',(0.0,0.0,-1.0));
#11160=CARTESIAN_POINT('',(6.5405,-8.636,-10.287));
#11161=DIRECTION('',(-0.0,1.0,0.0));
#11162=DIRECTION('',(0.999999996518967,0.0,8.34389894742773E-05));
#11163=CARTESIAN_POINT('',(6.41999999999972,-8.636,-10.16));
#11164=DIRECTION('',(0.0,1.0,0.0));
#11165=DIRECTION('',(0.996516229437605,0.0,-0.0833990675455004));
#11166=CARTESIAN_POINT('',(6.5405,-8.636,8.128));
#11167=DIRECTION('',(-0.0,1.0,0.0));
#11168=DIRECTION('',(0.00194659760541797,0.0,0.999998105377087));
#11169=CARTESIAN_POINT('',(6.41999999999972,-8.636,8.01000000000098));
#11170=DIRECTION('',(-0.0,1.0,0.0));
#11171=DIRECTION('',(0.0810653926676068,0.0,0.996708785007761));
#11172=DIRECTION('',(0.000162530893109992,0.99999998679185,9.28014616413753E-08));
#11173=CARTESIAN_POINT('',(-6.5405,1.3462,8.128));
#11174=DIRECTION('',(0.0,-1.0,0.0));
#11175=DIRECTION('',(0.0,0.0,1.0));
#11176=DIRECTION('',(-0.000162530893106392,0.99999998679185,9.28014615001254E-08));
#11177=DIRECTION('',(1.0,0.0,0.0));
#11178=DIRECTION('',(1.0,0.0,0.0));
#11179=DIRECTION('',(-1.0,0.0,0.0));
#11180=CARTESIAN_POINT('',(6.41999999999972,-8.636,8.01000000000098));
#11181=DIRECTION('',(0.0,1.0,0.0));
#11182=DIRECTION('',(0.0,0.0,1.0));
#11183=DIRECTION('',(0.0,1.0,0.0));
#11184=CARTESIAN_POINT('',(6.41999999999972,-13.847000000001,8.01000000000098));
#11185=DIRECTION('',(0.0,1.0,0.0));
#11186=DIRECTION('',(0.0,0.0,1.0));
#11187=DIRECTION('',(-0.000119938590578696,0.999999992807367,0.0));
#11188=DIRECTION('',(0.000105013483838401,0.99999999444781,-8.74914696333309E-06));
#11189=DIRECTION('',(0.0,0.0,-1.0));
#11190=DIRECTION('',(0.0,1.0,0.0));
#11191=DIRECTION('',(0.0,1.0,0.0));
#11192=DIRECTION('',(0.0,0.0,-1.0));
#11193=CARTESIAN_POINT('',(7.9375,3.429,1.4351));
#11194=DIRECTION('',(-1.0,0.0,0.0));
#11195=DIRECTION('',(0.0,0.0,-1.0));
#11196=DIRECTION('',(0.0,1.0,0.0));
#11197=DIRECTION('',(0.0,0.0,-1.0));
#11198=DIRECTION('',(7.79390244524311E-05,0.999999996944514,6.03983848153709E-06));
#11199=DIRECTION('',(0.0,0.0,1.0));
#11200=DIRECTION('',(-0.000119938590578696,0.999999992807367,0.0));
#11201=CARTESIAN_POINT('',(6.41999999999972,-13.847000000001,-10.16));
#11202=DIRECTION('',(-0.0,1.0,0.0));
#11203=DIRECTION('',(1.0,0.0,0.0));
#11204=DIRECTION('',(0.0,0.99999998158686,-0.000191901742772392));
#11205=DIRECTION('',(0.0,-1.0,0.0));
#11206=DIRECTION('',(-1.0,0.0,0.0));
#11207=DIRECTION('',(0.0,1.0,0.0));
#11208=DIRECTION('',(1.0,0.0,0.0));
#11209=DIRECTION('',(0.0,-1.0,0.0));
#11210=DIRECTION('',(1.0,0.0,0.0));
#11211=DIRECTION('',(0.0,-1.0,0.0));
#11212=DIRECTION('',(-1.0,0.0,0.0));
#11213=DIRECTION('',(0.0,0.0,1.0));
#11214=DIRECTION('',(1.0,0.0,0.0));
#11215=DIRECTION('',(0.0,0.0,1.0));
#11216=DIRECTION('',(0.0,1.0,0.0));
#11217=DIRECTION('',(0.0,0.0,1.0));
#11218=DIRECTION('',(1.0,0.0,0.0));
#11219=DIRECTION('',(0.0,0.0,-1.0));
#11220=DIRECTION('',(0.0,1.0,0.0));
#11221=CARTESIAN_POINT('',(6.41999863002278,-13.847000000001,-10.16));
#11222=DIRECTION('',(1.0,0.0,0.0));
#11223=DIRECTION('',(0.0,-1.0,0.0));
#11224=CARTESIAN_POINT('',(6.41999999999972,-13.847000000001,-10.16));
#11225=DIRECTION('',(0.0,0.0,1.0));
#11226=DIRECTION('',(0.0,-1.0,0.0));
#11227=CARTESIAN_POINT('',(6.41999999999972,-13.847000000001,-7.9199999999988));
#11228=DIRECTION('',(0.0,0.0,1.0));
#11229=DIRECTION('',(0.0,-1.0,0.0));
#11230=CARTESIAN_POINT('',(6.41999999999972,-13.847000000001,8.01000535350056));
#11231=DIRECTION('',(0.0,0.0,1.0));
#11232=DIRECTION('',(0.968753295052918,-0.248026315789504,0.0));
#11233=CARTESIAN_POINT('',(6.41999999999972,-13.847000000001,6.23000000000048));
#11234=DIRECTION('',(0.0,0.0,1.0));
#11235=DIRECTION('',(0.0,-1.0,0.0));
#11236=CARTESIAN_POINT('',(6.41999999999972,-13.847000000001,-4.7800000000012));
#11237=DIRECTION('',(0.0,0.0,1.0));
#11238=DIRECTION('',(0.0,-1.0,0.0));
#11239=DIRECTION('',(0.0,1.0,0.0));
#11240=CARTESIAN_POINT('',(6.5405,1.3462,-10.287));
#11241=DIRECTION('',(0.0,-1.0,0.0));
#11242=DIRECTION('',(0.0,0.0,-1.0));
#11243=CARTESIAN_POINT('',(6.4135,1.4732,-10.16));
#11244=DIRECTION('',(-1.0,0.0,0.0));
#11245=DIRECTION('',(0.0,1.0,0.0));
#11246=CARTESIAN_POINT('',(6.4135,1.4732,-10.16));
#11247=DIRECTION('',(0.0,0.0,-1.0));
#11248=DIRECTION('',(0.0,1.0,0.0));
#11249=CARTESIAN_POINT('',(6.4135,1.4732,8.001));
#11250=DIRECTION('',(0.0,0.0,-1.0));
#11251=DIRECTION('',(0.417499243798488,0.908677270227274,0.0));
#11252=DIRECTION('',(0.0,0.0,-1.0));
#11253=DIRECTION('',(0.0,0.0,-1.0));
#11254=DIRECTION('',(0.0,0.0,-1.0));
#11255=CARTESIAN_POINT('',(6.35,2.9972,-6.35));
#11256=DIRECTION('',(0.0,-1.0,0.0));
#11257=DIRECTION('',(0.0892857142857071,0.0,0.996006054813168));
#11258=CARTESIAN_POINT('',(6.35,2.9972,-6.35));
#11259=DIRECTION('',(0.0,-1.0,0.0));
#11260=DIRECTION('',(-1.0,0.0,0.0));
#11261=DIRECTION('',(-1.0,0.0,0.0));
#11262=DIRECTION('',(0.0,0.0,1.0));
#11263=CARTESIAN_POINT('',(-6.35,2.9972,-6.35));
#11264=DIRECTION('',(0.0,-1.0,-0.0));
#11265=DIRECTION('',(-0.0892857142857071,0.0,-0.996006054813168));
#11266=CARTESIAN_POINT('',(-6.35,2.9972,-6.35));
#11267=DIRECTION('',(0.0,-1.0,0.0));
#11268=DIRECTION('',(1.0,0.0,0.0));
#11269=DIRECTION('',(0.0,0.0,1.0));
#11270=CARTESIAN_POINT('',(0.0,2.9972,0.0));
#11271=DIRECTION('',(0.0,1.0,0.0));
#11272=DIRECTION('',(0.93518518518518,0.0,-0.354159101831592));
#11273=DIRECTION('',(0.0,0.0,1.0));
#11274=CARTESIAN_POINT('',(-6.35,2.9972,7.874));
#11275=DIRECTION('',(0.0,-1.0,-0.0));
#11276=DIRECTION('',(-0.0892857142857071,0.0,-0.996006054813168));
#11277=DIRECTION('',(1.0,0.0,0.0));
#11278=CARTESIAN_POINT('',(6.35,2.9972,7.874));
#11279=DIRECTION('',(0.0,-1.0,0.0));
#11280=DIRECTION('',(-1.0,0.0,0.0));
#11281=CARTESIAN_POINT('',(0.0,3.175,0.0));
#11282=DIRECTION('',(0.0,1.0,0.0));
#11283=DIRECTION('',(0.991786666668354,0.0,-0.127903118878607));
#11284=DIRECTION('',(4.511236333253E-10,1.0,-4.610286128514E-10));
#11285=CARTESIAN_POINT('',(7.9375,3.175,0.0));
#11286=DIRECTION('',(0.0,1.0,0.0));
#11287=DIRECTION('',(-0.791461946902663,0.0,0.611218444261171));
#11288=CARTESIAN_POINT('',(7.9375,3.9624,0.0));
#11289=DIRECTION('',(0.0,1.0,0.0));
#11290=DIRECTION('',(0.0,0.0,-1.0));
#11291=CARTESIAN_POINT('',(0.0,3.175,0.0));
#11292=DIRECTION('',(0.0,1.0,0.0));
#11293=DIRECTION('',(0.0,0.0,1.0));
#11294=CARTESIAN_POINT('',(0.0,3.175,0.0));
#11295=DIRECTION('',(0.0,-1.0,0.0));
#11296=DIRECTION('',(0.0,0.0,1.0));
#11297=CARTESIAN_POINT('',(0.0,4.7498,0.0));
#11298=DIRECTION('',(0.0,-1.0,0.0));
#11299=DIRECTION('',(0.0,0.0,1.0));
#11300=DIRECTION('',(0.0,-1.0,0.0));
#11301=DIRECTION('',(0.0,-1.0,0.0));
#11302=CARTESIAN_POINT('',(0.0,4.7498,0.0));
#11303=DIRECTION('',(0.0,1.0,0.0));
#11304=DIRECTION('',(0.0,0.0,1.0));
#11305=CARTESIAN_POINT('',(0.0,4.7498,0.0));
#11306=DIRECTION('',(0.0,1.0,0.0));
#11307=DIRECTION('',(0.0,0.0,1.0));
#11308=CARTESIAN_POINT('',(0.0,4.7498,0.0));
#11309=DIRECTION('',(0.0,-1.0,0.0));
#11310=DIRECTION('',(0.0,0.0,1.0));
#11311=CARTESIAN_POINT('',(0.0,6.0198,0.0));
#11312=DIRECTION('',(0.0,-1.0,0.0));
#11313=DIRECTION('',(0.0,0.0,1.0));
#11314=DIRECTION('',(0.0,-1.0,0.0));
#11315=DIRECTION('',(0.0,-1.0,0.0));
#11316=CARTESIAN_POINT('',(0.0,6.0198,0.0));
#11317=DIRECTION('',(0.0,1.0,0.0));
#11318=DIRECTION('',(0.0,0.0,1.0));
#11319=CARTESIAN_POINT('',(0.0,6.0198,0.0));
#11320=DIRECTION('',(0.0,-1.0,0.0));
#11321=DIRECTION('',(1.0,0.0,0.0));
#11322=DIRECTION('',(-1.845775054082E-14,-1.0,0.0));
#11323=CARTESIAN_POINT('',(0.0,6.2738,0.0));
#11324=DIRECTION('',(0.0,1.0,0.0));
#11325=DIRECTION('',(0.928186168212404,0.0,-0.372116160814302));
#11326=DIRECTION('',(3.033025069715E-14,-1.0,0.0));
#11327=DIRECTION('',(1.147924033065E-14,-1.0,0.0));
#11328=DIRECTION('',(2.153311252607E-14,-1.0,0.0));
#11329=DIRECTION('',(1.248451187514E-14,-1.0,0.0));
#11330=DIRECTION('',(0.0,-1.0,0.0));
#11331=DIRECTION('',(0.0,-1.0,0.0));
#11332=DIRECTION('',(0.0,-1.0,0.0));
#11333=DIRECTION('',(-0.838817623215213,0.500000000000008,0.215371759949103));
#11334=DIRECTION('',(0.838817623215231,0.500000000000018,-0.215371759949008));
#11335=DIRECTION('',(-0.758903846423985,0.49999999999999,0.417210920138592));
#11336=DIRECTION('',(0.758903846423985,0.49999999999999,-0.417210920138592));
#11337=CARTESIAN_POINT('',(0.0,12.7,0.0));
#11338=DIRECTION('',(0.0,1.0,0.0));
#11339=DIRECTION('',(-0.986493120378763,0.0,0.163802696697494));
#11340=CARTESIAN_POINT('',(0.0,12.7,0.0));
#11341=DIRECTION('',(0.0,-1.0,-0.0));
#11342=DIRECTION('',(-0.914764550808875,0.0,-0.403987396565089));
#11343=CARTESIAN_POINT('',(0.0,12.7,0.0));
#11344=DIRECTION('',(-0.0,1.0,0.0));
#11345=DIRECTION('',(1.0,0.0,0.0));
#11346=CARTESIAN_POINT('',(0.0,12.7,0.0));
#11347=DIRECTION('',(0.0,1.0,0.0));
#11348=DIRECTION('',(-1.0,0.0,0.0));
#11349=DIRECTION('',(0.707106781186547,-0.707106781186547,0.0));
#11350=DIRECTION('',(-0.707106781186547,-0.707106781186547,0.0));
#11351=CARTESIAN_POINT('',(0.0,12.446,0.0));
#11352=DIRECTION('',(0.0,1.0,0.0));
#11353=DIRECTION('',(-1.0,0.0,0.0));
#11354=CARTESIAN_POINT('',(0.0,12.446,0.0));
#11355=DIRECTION('',(-0.0,1.0,0.0));
#11356=DIRECTION('',(1.0,0.0,0.0));
#11357=CARTESIAN_POINT('',(0.0,12.446,0.0));
#11358=DIRECTION('',(0.0,-1.0,0.0));
#11359=DIRECTION('',(-1.0,0.0,0.0));
#11360=CARTESIAN_POINT('',(0.0,12.446,0.0));
#11361=DIRECTION('',(0.0,-1.0,0.0));
#11362=DIRECTION('',(1.0,0.0,0.0));
#11363=DIRECTION('',(5.858633524423E-11,-1.0,-2.969114963506E-11));
#11364=CARTESIAN_POINT('',(0.0,25.0952,0.0));
#11365=DIRECTION('',(0.0,1.0,0.0));
#11366=DIRECTION('',(-1.0,0.0,0.0));
#11367=DIRECTION('',(-5.858633524423E-11,-1.0,2.969110928531E-11));
#11368=CARTESIAN_POINT('',(0.0,25.0952,0.0));
#11369=DIRECTION('',(-0.0,1.0,0.0));
#11370=DIRECTION('',(1.0,0.0,0.0));
#11371=DIRECTION('',(-0.707106781186597,-0.707106781186498,2.36854894873299E-10));
#11372=CARTESIAN_POINT('',(0.0,25.3492,0.0));
#11373=DIRECTION('',(-0.0,1.0,0.0));
#11374=DIRECTION('',(1.0,0.0,0.0));
#11375=CARTESIAN_POINT('',(0.0,25.3492,0.0));
#11376=DIRECTION('',(0.0,1.0,0.0));
#11377=DIRECTION('',(-1.0,0.0,0.0));
#11378=DIRECTION('',(0.0,0.707106781186498,0.707106781186597));
#11379=CARTESIAN_POINT('',(-6.4135,1.4732,-10.16));
#11380=DIRECTION('',(0.0,-0.0,1.0));
#11381=DIRECTION('',(0.0,1.0,0.0));
#11382=CARTESIAN_POINT('',(-6.4135,1.4732,8.001));
#11383=DIRECTION('',(0.0,0.0,1.0));
#11384=DIRECTION('',(-0.417499243798488,0.908677270227274,0.0));
#11385=DIRECTION('',(-8.02085534613686E-06,-0.999995932455382,-0.00285219360431095));
#11386=DIRECTION('',(0.499992929189899,0.866025673448997,-0.00256976405833199));
#11387=CARTESIAN_POINT('',(-6.35,2.97000000000082,7.869999999999));
#11388=DIRECTION('',(0.0,-1.0,0.0));
#11389=DIRECTION('',(1.0,0.0,0.0));
#11390=CARTESIAN_POINT('',(-6.4135,1.4732,8.001));
#11391=DIRECTION('',(1.0,0.0,-0.0));
#11392=DIRECTION('',(0.0,0.924381429111111,0.381469492246104));
#11393=CARTESIAN_POINT('',(6.4135,1.4732,8.001));
#11394=DIRECTION('',(1.0,0.0,-0.0));
#11395=DIRECTION('',(0.0,0.924381429111111,0.381469492246104));
#11396=DIRECTION('',(-1.01024566222802E-05,-0.999993547240718,-0.00359240516454507));
#11397=CARTESIAN_POINT('',(6.35,2.97000000000082,7.869999999999));
#11398=DIRECTION('',(0.0,-1.0,0.0));
#11399=DIRECTION('',(1.0,0.0,0.0));
#11400=DIRECTION('',(0.499992929189899,0.866025673448997,-0.00256976405833199));
#11401=CARTESIAN_POINT('',(6.5405,1.3462,8.128));
#11402=DIRECTION('',(0.0,-1.0,0.0));
#11403=DIRECTION('',(1.0,0.0,0.0));
#11404=CARTESIAN_POINT('',(-6.4135,1.4732,-10.16));
#11405=DIRECTION('',(-1.0,0.0,0.0));
#11406=DIRECTION('',(0.0,1.0,0.0));
#11407=CARTESIAN_POINT('',(-6.5405,1.3462,-10.287));
#11408=DIRECTION('',(0.0,-1.0,0.0));
#11409=DIRECTION('',(-1.0,0.0,0.0));
#11410=DIRECTION('',(0.0,-1.0,0.0));
#11411=DIRECTION('',(0.0,-1.0,0.0));
#11412=CARTESIAN_POINT('',(-6.35,2.29598818102461,-6.35));
#11413=DIRECTION('',(0.0,-1.0,0.0));
#11414=DIRECTION('',(-1.0,0.0,0.0));
#11415=DIRECTION('',(0.500000000000017,0.866025403784429,0.0));
#11416=CARTESIAN_POINT('',(-6.35,2.97000000000082,-6.35));
#11417=DIRECTION('',(-0.0,1.0,0.0));
#11418=DIRECTION('',(1.0,0.0,0.0));
#11419=DIRECTION('',(-0.500000000000017,0.866025403784429,0.0));
#11420=CARTESIAN_POINT('',(-6.35,2.97000000000082,-6.35));
#11421=DIRECTION('',(0.0,-1.0,0.0));
#11422=DIRECTION('',(1.0,0.0,0.0));
#11423=CARTESIAN_POINT('',(-6.35,2.29598818102461,-6.35));
#11424=DIRECTION('',(0.0,-1.0,0.0));
#11425=DIRECTION('',(1.0,0.0,0.0));
#11426=DIRECTION('',(0.0,-1.0,0.0));
#11427=DIRECTION('',(0.0,-1.0,0.0));
#11428=CARTESIAN_POINT('',(6.35,2.29598818102461,-6.35));
#11429=DIRECTION('',(0.0,-1.0,0.0));
#11430=DIRECTION('',(-1.0,0.0,0.0));
#11431=DIRECTION('',(0.500000000000017,0.866025403784429,0.0));
#11432=CARTESIAN_POINT('',(6.35,2.97000000000082,-6.35));
#11433=DIRECTION('',(-0.0,1.0,0.0));
#11434=DIRECTION('',(1.0,0.0,0.0));
#11435=DIRECTION('',(-0.500000000000017,0.866025403784429,0.0));
#11436=CARTESIAN_POINT('',(6.35,2.97000000000082,-6.35));
#11437=DIRECTION('',(0.0,-1.0,0.0));
#11438=DIRECTION('',(1.0,0.0,0.0));
#11439=CARTESIAN_POINT('',(6.35,2.29598818102461,-6.35));
#11440=DIRECTION('',(0.0,-1.0,0.0));
#11441=DIRECTION('',(1.0,0.0,0.0));
#11442=DIRECTION('',(-0.654930538417827,0.755689082789831,0.0));
#11443=CARTESIAN_POINT('',(6.35,-14.986,7.869999999999));
#11444=DIRECTION('',(0.0,-1.0,0.0));
#11445=DIRECTION('',(1.0,0.0,0.0));
#11446=DIRECTION('',(0.654930538417827,0.755689082789831,0.0));
#11447=CARTESIAN_POINT('',(6.35,-14.986,7.869999999999));
#11448=DIRECTION('',(-0.0,1.0,0.0));
#11449=DIRECTION('',(1.0,0.0,0.0));
#11450=DIRECTION('',(-0.654930538417827,0.755689082789831,0.0));
#11451=CARTESIAN_POINT('',(-6.35,-14.986,7.869999999999));
#11452=DIRECTION('',(0.0,-1.0,0.0));
#11453=DIRECTION('',(1.0,0.0,0.0));
#11454=DIRECTION('',(0.654930538417827,0.755689082789831,0.0));
#11455=CARTESIAN_POINT('',(-6.35,-14.986,7.869999999999));
#11456=DIRECTION('',(-0.0,1.0,0.0));
#11457=DIRECTION('',(1.0,0.0,0.0));
#11458=DIRECTION('',(-0.654930538417827,0.755689082789831,0.0));
#11459=CARTESIAN_POINT('',(-6.35,-14.986,-6.35));
#11460=DIRECTION('',(0.0,-1.0,0.0));
#11461=DIRECTION('',(1.0,0.0,0.0));
#11462=DIRECTION('',(0.654930538417827,0.755689082789831,0.0));
#11463=CARTESIAN_POINT('',(-6.35,-14.986,-6.35));
#11464=DIRECTION('',(-0.0,1.0,0.0));
#11465=DIRECTION('',(1.0,0.0,0.0));
#11466=DIRECTION('',(-0.654930538417827,0.755689082789831,0.0));
#11467=CARTESIAN_POINT('',(6.35,-14.986,-6.35));
#11468=DIRECTION('',(0.0,-1.0,0.0));
#11469=DIRECTION('',(1.0,0.0,0.0));
#11470=DIRECTION('',(0.654930538417827,0.755689082789831,0.0));
#11471=CARTESIAN_POINT('',(6.35,-14.986,-6.35));
#11472=DIRECTION('',(-0.0,1.0,0.0));
#11473=DIRECTION('',(1.0,0.0,0.0));
#11474=DIRECTION('',(0.0,1.0,0.0));
#11475=DIRECTION('',(0.0,-1.0,0.0));
#11476=DIRECTION('',(0.0,0.0,1.0));
#11477=DIRECTION('',(0.0,-1.0,0.0));
#11478=DIRECTION('',(1.0,0.0,0.0));
#11479=DIRECTION('',(0.0,-1.0,0.0));
#11480=DIRECTION('',(0.0,0.0,-1.0));
#11481=DIRECTION('',(0.0,-1.0,0.0));
#11482=DIRECTION('',(0.0,1.0,0.0));
#11483=DIRECTION('',(0.0,1.0,0.0));
#11484=DIRECTION('',(-1.0,0.0,0.0));
#11485=DIRECTION('',(0.577350269189626,0.577350269189626,0.577350269189626));
#11486=DIRECTION('',(-0.577350269189626,0.577350269189626,0.577350269189626));
#11487=DIRECTION('',(-1.0,0.0,0.0));
#11488=DIRECTION('',(-1.0,0.0,0.0));
#11489=DIRECTION('',(0.0,0.0,-1.0));
#11490=DIRECTION('',(1.0,0.0,0.0));
#11491=DIRECTION('',(0.0,0.0,1.0));
#11492=DIRECTION('',(0.0,0.0,-1.0));
#11493=DIRECTION('',(1.0,0.0,0.0));
#11494=DIRECTION('',(0.0,0.0,1.0));
#11495=DIRECTION('',(-1.0,0.0,0.0));
#11496=DIRECTION('',(0.0,0.0,-1.0));
#11497=DIRECTION('',(1.0,0.0,0.0));
#11498=DIRECTION('',(1.110223024625E-14,0.0,1.0));
#11499=DIRECTION('',(-1.0,0.0,0.0));
#11500=DIRECTION('',(0.0,0.0,-1.0));
#11501=DIRECTION('',(1.0,0.0,0.0));
#11502=DIRECTION('',(0.0,0.0,1.0));
#11503=DIRECTION('',(-1.0,0.0,0.0));
#11504=DIRECTION('',(-1.110223024625E-14,0.0,-1.0));
#11505=DIRECTION('',(1.0,0.0,0.0));
#11506=DIRECTION('',(0.0,0.0,1.0));
#11507=DIRECTION('',(0.577350269189626,0.577350269189626,-0.577350269189626));
#11508=DIRECTION('',(0.577350269189626,0.577350269189626,0.577350269189626));
#11509=DIRECTION('',(-0.577350269189626,0.577350269189626,0.577350269189626));
#11510=DIRECTION('',(-0.577350269189626,0.577350269189626,-0.577350269189626));
#11511=DIRECTION('',(0.577350269189626,0.577350269189626,-0.577350269189626));
#11512=DIRECTION('',(-0.577350269189626,0.577350269189626,-0.577350269189626));
#11513=DIRECTION('',(0.577350269189626,0.577350269189626,-0.577350269189626));
#11514=DIRECTION('',(0.0,0.0,1.0));
#11515=DIRECTION('',(0.577350269189626,0.577350269189626,0.577350269189626));
#11516=DIRECTION('',(-1.0,0.0,0.0));
#11517=DIRECTION('',(-0.577350269189626,0.577350269189626,0.577350269189626));
#11518=DIRECTION('',(0.0,0.0,-1.0));
#11519=DIRECTION('',(-0.577350269189626,0.577350269189626,-0.577350269189626));
#11520=DIRECTION('',(0.0,-1.0,0.0));
#11521=DIRECTION('',(0.0,1.0,0.0));
#11522=DIRECTION('',(0.0,1.0,0.0));
#11523=DIRECTION('',(0.0,1.0,0.0));
#11524=DIRECTION('',(0.0,-1.0,0.0));
#11525=DIRECTION('',(0.577350269189626,0.577350269189626,-0.577350269189626));
#11526=DIRECTION('',(0.0,0.0,1.0));
#11527=DIRECTION('',(0.577350269189626,0.577350269189626,0.577350269189626));
#11528=DIRECTION('',(-1.0,0.0,0.0));
#11529=DIRECTION('',(-0.577350269189626,0.577350269189626,0.577350269189626));
#11530=DIRECTION('',(0.0,0.0,-1.0));
#11531=DIRECTION('',(-0.577350269189626,0.577350269189626,-0.577350269189626));
#11532=DIRECTION('',(1.0,0.0,0.0));
#11533=DIRECTION('',(0.0,-1.0,0.0));
#11534=DIRECTION('',(0.0,-1.0,0.0));
#11535=DIRECTION('',(0.0,-1.0,0.0));
#11536=DIRECTION('',(0.0,1.0,0.0));
#11537=DIRECTION('',(0.0,1.0,0.0));
#11538=DIRECTION('',(0.0,1.0,0.0));
#11539=DIRECTION('',(0.0,-1.0,0.0));
#11540=DIRECTION('',(0.577350269189626,0.577350269189626,-0.577350269189626));
#11541=DIRECTION('',(0.0,0.0,1.0));
#11542=DIRECTION('',(0.577350269189626,0.577350269189626,0.577350269189626));
#11543=DIRECTION('',(-1.0,0.0,0.0));
#11544=DIRECTION('',(-0.577350269189626,0.577350269189626,0.577350269189626));
#11545=DIRECTION('',(0.0,0.0,-1.0));
#11546=DIRECTION('',(-0.577350269189626,0.577350269189626,-0.577350269189626));
#11547=DIRECTION('',(1.0,0.0,0.0));
#11548=DIRECTION('',(0.0,-1.0,0.0));
#11549=DIRECTION('',(0.0,-1.0,0.0));
#11550=DIRECTION('',(0.0,-1.0,0.0));
#11551=DIRECTION('',(0.0,1.0,0.0));
#11552=DIRECTION('',(0.0,1.0,0.0));
#11553=DIRECTION('',(0.0,1.0,0.0));
#11554=DIRECTION('',(0.0,-1.0,0.0));
#11555=CARTESIAN_POINT('',(-7.0612,1.397,7.874));
#11556=CARTESIAN_POINT('',(-5.6388,1.397,7.874));
#11557=AXIS2_PLACEMENT_3D('',#12081,#12082,#12083);
#11558=CARTESIAN_POINT('',(-5.6388,1.44600000000006,7.874));
#11559=CARTESIAN_POINT('',(-5.6388,1.44600000000006,7.874));
#11560=VECTOR('',#12084,0.0490000000000072);
#11561=CARTESIAN_POINT('',(-7.0612,1.44600000000006,7.874));
#11562=AXIS2_PLACEMENT_3D('',#12085,#12086,#12087);
#11563=CARTESIAN_POINT('',(-7.0612,1.44600000000006,7.874));
#11564=VECTOR('',#12088,0.0490000000000072);
#11565=AXIS2_PLACEMENT_3D('',#12089,#12090,#12091);
#11566=CARTESIAN_POINT('',(-5.99965074193182,1.397,7.869999999999));
#11567=CARTESIAN_POINT('',(-6.70034925806818,1.397,7.869999999999));
#11568=AXIS2_PLACEMENT_3D('',#12092,#12093,#12094);
#11569=AXIS2_PLACEMENT_3D('',#12095,#12096,#12097);
#11570=AXIS2_PLACEMENT_3D('',#12098,#12099,#12100);
#11571=CARTESIAN_POINT('',(-6.02794090512278,1.44600000000006,7.869999999999));
#11572=CARTESIAN_POINT('',(-6.67205909487722,1.44600000000006,7.869999999999));
#11573=AXIS2_PLACEMENT_3D('',#12101,#12102,#12103);
#11574=AXIS2_PLACEMENT_3D('',#12104,#12105,#12106);
#11575=CARTESIAN_POINT('',(-6.70034925806818,1.397,7.869999999999));
#11576=VECTOR('',#12107,0.0565803263805738);
#11577=CARTESIAN_POINT('',(-5.99965074193182,1.397,7.869999999999));
#11578=VECTOR('',#12108,0.0565803263805738);
#11579=CARTESIAN_POINT('',(-7.0612,2.20800000000006,7.874));
#11580=CARTESIAN_POINT('',(-7.0612,1.53396869804235,7.874));
#11581=CARTESIAN_POINT('',(-7.0612,1.867019189348,7.874));
#11582=VECTOR('',#12109,1.0);
#11583=CARTESIAN_POINT('',(-7.06119437565768,1.53398818117854,7.8719999999995));
#11584=CARTESIAN_POINT('',(-5.63880562434232,1.53398818117854,7.8719999999995));
#11585=CARTESIAN_POINT('',(-5.63880562434232,1.53398818117854,7.93971141811716));
#11586=CARTESIAN_POINT('',(-5.65826706587656,1.53167601087833,8.0780416417889));
#11587=CARTESIAN_POINT('',(-5.74351769894366,1.53026161721715,8.2635279077727));
#11588=CARTESIAN_POINT('',(-5.8778983114773,1.52864960829436,8.41892095810866));
#11589=CARTESIAN_POINT('',(-6.05052443629548,1.52760271708157,8.52977232439634));
#11590=CARTESIAN_POINT('',(-6.2474086133366,1.52703556551966,8.58760044555724));
#11591=CARTESIAN_POINT('',(-6.4526025404638,1.52703558192578,8.58759875176332));
#11592=CARTESIAN_POINT('',(-6.64948409749238,1.52760275742617,8.52976816066578));
#11593=CARTESIAN_POINT('',(-6.82210636892228,1.52864965167706,8.41891648718034));
#11594=CARTESIAN_POINT('',(-6.95648377822128,1.53026164484194,8.26352505897982));
#11595=CARTESIAN_POINT('',(-7.04173293684886,1.53167601705535,8.0780410271851));
#11596=CARTESIAN_POINT('',(-7.06119437565768,1.53398818117854,7.93971137597856));
#11597=CARTESIAN_POINT('',(-7.06119437565768,1.53398818117854,7.8719999999995));
#11598=CARTESIAN_POINT('',(-7.0612,2.20800000000006,7.874));
#11599=VECTOR('',#12110,0.674014786145278);
#11600=CARTESIAN_POINT('',(-5.6388,1.53396869804235,7.874));
#11601=CARTESIAN_POINT('',(-5.6388,2.20800000000006,7.874));
#11602=CARTESIAN_POINT('',(-5.6388,1.867019189348,7.874));
#11603=VECTOR('',#12111,1.0);
#11604=CARTESIAN_POINT('',(-5.63880562434232,1.53398818117854,7.8719999999995));
#11605=CARTESIAN_POINT('',(-5.63880562434232,1.53398818117854,7.93971141811716));
#11606=CARTESIAN_POINT('',(-5.65826706587656,1.53167601087833,8.0780416417889));
#11607=CARTESIAN_POINT('',(-5.74351769894366,1.53026161721715,8.2635279077727));
#11608=CARTESIAN_POINT('',(-5.8778983114773,1.52864960829436,8.41892095810866));
#11609=CARTESIAN_POINT('',(-6.05052443629548,1.52760271708157,8.52977232439634));
#11610=CARTESIAN_POINT('',(-6.2474086133366,1.52703556551966,8.58760044555724));
#11611=CARTESIAN_POINT('',(-6.4526025404638,1.52703558192578,8.58759875176332));
#11612=CARTESIAN_POINT('',(-6.64948409749238,1.52760275742617,8.52976816066578));
#11613=CARTESIAN_POINT('',(-6.82210636892228,1.52864965167706,8.41891648718034));
#11614=CARTESIAN_POINT('',(-6.95648377822128,1.53026164484194,8.26352505897982));
#11615=CARTESIAN_POINT('',(-7.04173293684886,1.53167601705535,8.0780410271851));
#11616=CARTESIAN_POINT('',(-7.06119437565768,1.53398818117854,7.93971137597856));
#11617=CARTESIAN_POINT('',(-7.06119437565768,1.53398818117854,7.8719999999995));
#11618=AXIS2_PLACEMENT_3D('',#12112,#12113,#12114);
#11619=CARTESIAN_POINT('',(-5.63881124868289,1.53400766431463,7.869999999999));
#11620=CARTESIAN_POINT('',(-6.02794090512278,2.20800000000006,7.869999999999));
#11621=CARTESIAN_POINT('',(-5.83337607690269,1.87100383215732,7.869999999999));
#11622=VECTOR('',#12115,1.0);
#11623=CARTESIAN_POINT('',(-5.63880562434232,1.53398818117854,7.8719999999995));
#11624=CARTESIAN_POINT('',(-5.63880562434232,1.53398818117854,7.8719999999995));
#11625=VECTOR('',#12116,0.778281567724328);
#11626=CARTESIAN_POINT('',(-7.06119437565768,1.53398818117854,7.8719999999995));
#11627=CARTESIAN_POINT('',(-7.06119437565768,1.53398818117854,7.80253090527528));
#11628=CARTESIAN_POINT('',(-7.04054248218634,1.53629331872294,7.66772610126592));
#11629=CARTESIAN_POINT('',(-6.95507312172078,1.53770782832902,7.4820931165052));
#11630=CARTESIAN_POINT('',(-6.82064836190942,1.53932139605514,7.3279934625766));
#11631=CARTESIAN_POINT('',(-6.64844374308084,1.54037152232623,7.21781528055342));
#11632=CARTESIAN_POINT('',(-6.452215351068,1.54094088143237,7.16042004321052));
#11633=CARTESIAN_POINT('',(-6.24777351568528,1.54094086491475,7.16042172882056));
#11634=CARTESIAN_POINT('',(-6.0515477517317,1.54037148182568,7.21781941644812));
#11635=CARTESIAN_POINT('',(-5.87934698757664,1.53932135277278,7.3279978854659));
#11636=CARTESIAN_POINT('',(-5.74492541371522,1.53770780100573,7.48209591839698));
#11637=CARTESIAN_POINT('',(-5.65945751292162,1.53629331269806,7.66772670193528));
#11638=CARTESIAN_POINT('',(-5.63880562434232,1.53398818117854,7.80253094342608));
#11639=CARTESIAN_POINT('',(-5.63880562434232,1.53398818117854,7.8719999999995));
#11640=CARTESIAN_POINT('',(-6.67205909487722,2.20800000000006,7.869999999999));
#11641=CARTESIAN_POINT('',(-7.06118875131711,1.53400766431463,7.869999999999));
#11642=CARTESIAN_POINT('',(-6.86662392309731,1.87100383215732,7.869999999999));
#11643=VECTOR('',#12117,1.0);
#11644=AXIS2_PLACEMENT_3D('',#12118,#12119,#12120);
#11645=CARTESIAN_POINT('',(-7.06119437565768,1.53398818117854,7.8719999999995));
#11646=CARTESIAN_POINT('',(-7.06119437565768,1.53398818117854,7.80253090527528));
#11647=CARTESIAN_POINT('',(-7.04054248218634,1.53629331872294,7.66772610126592));
#11648=CARTESIAN_POINT('',(-6.95507312172078,1.53770782832902,7.4820931165052));
#11649=CARTESIAN_POINT('',(-6.82064836190942,1.53932139605514,7.3279934625766));
#11650=CARTESIAN_POINT('',(-6.64844374308084,1.54037152232623,7.21781528055342));
#11651=CARTESIAN_POINT('',(-6.452215351068,1.54094088143237,7.16042004321052));
#11652=CARTESIAN_POINT('',(-6.24777351568528,1.54094086491475,7.16042172882056));
#11653=CARTESIAN_POINT('',(-6.0515477517317,1.54037148182568,7.21781941644812));
#11654=CARTESIAN_POINT('',(-5.87934698757664,1.53932135277278,7.3279978854659));
#11655=CARTESIAN_POINT('',(-5.74492541371522,1.53770780100573,7.48209591839698));
#11656=CARTESIAN_POINT('',(-5.65945751292162,1.53629331269806,7.66772670193528));
#11657=CARTESIAN_POINT('',(-5.63880562434232,1.53398818117854,7.80253094342608));
#11658=CARTESIAN_POINT('',(-5.63880562434232,1.53398818117854,7.8719999999995));
#11659=AXIS2_PLACEMENT_3D('',#12121,#12122,#12123);
#11660=CARTESIAN_POINT('',(-7.06119437565768,1.53398818117854,7.8719999999995));
#11661=CARTESIAN_POINT('',(-7.06119437565768,1.53398818117854,7.80253090527528));
#11662=CARTESIAN_POINT('',(-7.04054248218634,1.53629331872294,7.66772610126592));
#11663=CARTESIAN_POINT('',(-6.95507312172078,1.53770782832902,7.4820931165052));
#11664=CARTESIAN_POINT('',(-6.82064836190942,1.53932139605514,7.3279934625766));
#11665=CARTESIAN_POINT('',(-6.64844374308084,1.54037152232623,7.21781528055342));
#11666=CARTESIAN_POINT('',(-6.452215351068,1.54094088143237,7.16042004321052));
#11667=CARTESIAN_POINT('',(-6.24777351568528,1.54094086491475,7.16042172882056));
#11668=CARTESIAN_POINT('',(-6.0515477517317,1.54037148182568,7.21781941644812));
#11669=CARTESIAN_POINT('',(-5.87934698757664,1.53932135277278,7.3279978854659));
#11670=CARTESIAN_POINT('',(-5.74492541371522,1.53770780100573,7.48209591839698));
#11671=CARTESIAN_POINT('',(-5.65945751292162,1.53629331269806,7.66772670193528));
#11672=CARTESIAN_POINT('',(-5.63880562434232,1.53398818117854,7.80253094342608));
#11673=CARTESIAN_POINT('',(-5.63880562434232,1.53398818117854,7.8719999999995));
#11674=CARTESIAN_POINT('',(-5.6388,2.20800000000006,7.874));
#11675=VECTOR('',#12124,0.674014786145278);
#11676=AXIS2_PLACEMENT_3D('',#12125,#12126,#12127);
#11677=CARTESIAN_POINT('',(-7.06119437565768,1.53398818117854,7.8719999999995));
#11678=VECTOR('',#12128,0.778281567724328);
#11679=CARTESIAN_POINT('',(-5.63880562434232,1.53398818117854,7.8719999999995));
#11680=CARTESIAN_POINT('',(-5.63880562434232,1.53398818117854,7.93971141811716));
#11681=CARTESIAN_POINT('',(-5.65826706587656,1.53167601087833,8.0780416417889));
#11682=CARTESIAN_POINT('',(-5.74351769894366,1.53026161721715,8.2635279077727));
#11683=CARTESIAN_POINT('',(-5.8778983114773,1.52864960829436,8.41892095810866));
#11684=CARTESIAN_POINT('',(-6.05052443629548,1.52760271708157,8.52977232439634));
#11685=CARTESIAN_POINT('',(-6.2474086133366,1.52703556551966,8.58760044555724));
#11686=CARTESIAN_POINT('',(-6.4526025404638,1.52703558192578,8.58759875176332));
#11687=CARTESIAN_POINT('',(-6.64948409749238,1.52760275742617,8.52976816066578));
#11688=CARTESIAN_POINT('',(-6.82210636892228,1.52864965167706,8.41891648718034));
#11689=CARTESIAN_POINT('',(-6.95648377822128,1.53026164484194,8.26352505897982));
#11690=CARTESIAN_POINT('',(-7.04173293684886,1.53167601705535,8.0780410271851));
#11691=CARTESIAN_POINT('',(-7.06119437565768,1.53398818117854,7.93971137597856));
#11692=CARTESIAN_POINT('',(-7.06119437565768,1.53398818117854,7.8719999999995));
#11693=CARTESIAN_POINT('',(-6.35,1.397,-7.9248));
#11694=CARTESIAN_POINT('',(-4.94494142470748,1.397,-7.0612));
#11695=AXIS2_PLACEMENT_3D('',#12129,#12130,#12131);
#11696=CARTESIAN_POINT('',(4.94494142470748,1.397,-7.0612));
#11697=CARTESIAN_POINT('',(4.94494142470748,1.397,-7.0612));
#11698=VECTOR('',#12132,9.8898828494175);
#11699=CARTESIAN_POINT('',(6.35,1.397,-7.9248));
#11700=AXIS2_PLACEMENT_3D('',#12133,#12134,#12135);
#11701=CARTESIAN_POINT('',(7.1755,1.397,-7.9248));
#11702=CARTESIAN_POINT('',(7.1755,1.397,-7.9248));
#11703=VECTOR('',#12136,0.8255);
#11704=CARTESIAN_POINT('',(7.1755,1.397,-10.287));
#11705=CARTESIAN_POINT('',(7.1755,1.397,-10.287));
#11706=VECTOR('',#12137,2.3622);
#11707=CARTESIAN_POINT('',(6.80791452593696,1.397,-11.0070332576649));
#11708=AXIS2_PLACEMENT_3D('',#12138,#12139,#12140);
#11709=CARTESIAN_POINT('',(-6.80791452593696,1.397,-11.0070332576649));
#11710=CARTESIAN_POINT('',(-6.80791452593696,1.397,-11.0070332576649));
#11711=VECTOR('',#12141,13.6158290518739);
#11712=CARTESIAN_POINT('',(-7.1755,1.397,-10.287));
#11713=AXIS2_PLACEMENT_3D('',#12142,#12143,#12144);
#11714=CARTESIAN_POINT('',(-7.1755,1.397,-7.9248));
#11715=CARTESIAN_POINT('',(-7.1755,1.397,-7.9248));
#11716=VECTOR('',#12145,2.3622);
#11717=CARTESIAN_POINT('',(-6.35,1.397,-7.9248));
#11718=VECTOR('',#12146,0.8255);
#11719=CARTESIAN_POINT('',(-6.35,2.1082,-7.9248));
#11720=CARTESIAN_POINT('',(-6.35,1.397,-7.9248));
#11721=VECTOR('',#12147,0.7112);
#11722=CARTESIAN_POINT('',(-4.94494142470748,2.1082,-7.0612));
#11723=AXIS2_PLACEMENT_3D('',#12148,#12149,#12150);
#11724=CARTESIAN_POINT('',(-4.94494142470748,1.397,-7.0612));
#11725=VECTOR('',#12151,0.7112);
#11726=CARTESIAN_POINT('',(-7.1755,2.1082,-7.9248));
#11727=CARTESIAN_POINT('',(-7.1755,1.397,-7.9248));
#11728=VECTOR('',#12152,0.7112);
#11729=CARTESIAN_POINT('',(-6.35,2.1082,-7.9248));
#11730=VECTOR('',#12153,0.8255);
#11731=CARTESIAN_POINT('',(-7.1755,2.1082,-10.287));
#11732=CARTESIAN_POINT('',(-7.1755,1.397,-10.287));
#11733=VECTOR('',#12154,0.7112);
#11734=CARTESIAN_POINT('',(-7.1755,2.1082,-7.9248));
#11735=VECTOR('',#12155,2.3622);
#11736=CARTESIAN_POINT('',(-7.17545611453024,2.1082,-10.2958332576649));
#11737=CARTESIAN_POINT('',(-7.17545611453024,2.1082,-10.2958332576649));
#11738=CARTESIAN_POINT('',(-7.17410514240364,1.97224167325654,-10.4317915844066));
#11739=CARTESIAN_POINT('',(-7.11115181177766,1.71785048839858,-10.6861827692656));
#11740=CARTESIAN_POINT('',(-6.94224734889892,1.49427756941425,-10.9097556882504));
#11741=CARTESIAN_POINT('',(-6.80791452593696,1.397,-11.0070332576649));
#11742=AXIS2_PLACEMENT_3D('',#12156,#12157,#12158);
#11743=CARTESIAN_POINT('',(7.17545611453024,2.1082,-10.2958332576649));
#11744=CARTESIAN_POINT('',(6.80791452593696,1.397,-11.0070332576649));
#11745=CARTESIAN_POINT('',(6.94224734889892,1.49427756941425,-10.9097556882504));
#11746=CARTESIAN_POINT('',(7.11115181177766,1.71785048839858,-10.6861827692656));
#11747=CARTESIAN_POINT('',(7.17410514240364,1.97224167325654,-10.4317915844066));
#11748=CARTESIAN_POINT('',(7.17545611453024,2.1082,-10.2958332576649));
#11749=CARTESIAN_POINT('',(7.17545611453024,2.1082,-10.2958332576649));
#11750=VECTOR('',#12159,14.3509122290579);
#11751=CARTESIAN_POINT('',(7.1755,2.1082,-10.287));
#11752=CARTESIAN_POINT('',(7.1755,1.397,-10.287));
#11753=VECTOR('',#12160,0.7112);
#11754=AXIS2_PLACEMENT_3D('',#12161,#12162,#12163);
#11755=CARTESIAN_POINT('',(7.1755,2.1082,-7.9248));
#11756=CARTESIAN_POINT('',(7.1755,1.397,-7.9248));
#11757=VECTOR('',#12164,0.7112);
#11758=CARTESIAN_POINT('',(7.1755,2.1082,-10.287));
#11759=VECTOR('',#12165,2.3622);
#11760=CARTESIAN_POINT('',(6.35,2.1082,-7.9248));
#11761=CARTESIAN_POINT('',(6.35,1.397,-7.9248));
#11762=VECTOR('',#12166,0.7112);
#11763=CARTESIAN_POINT('',(7.1755,2.1082,-7.9248));
#11764=VECTOR('',#12167,0.8255);
#11765=CARTESIAN_POINT('',(4.94494142470748,2.1082,-7.0612));
#11766=CARTESIAN_POINT('',(4.94494142470748,1.397,-7.0612));
#11767=VECTOR('',#12168,0.7112);
#11768=AXIS2_PLACEMENT_3D('',#12169,#12170,#12171);
#11769=CARTESIAN_POINT('',(4.94494142470748,2.1082,-7.0612));
#11770=VECTOR('',#12172,9.8898828494175);
#11771=CARTESIAN_POINT('',(5.6388,1.397,7.874));
#11772=CARTESIAN_POINT('',(7.0612,1.397,7.874));
#11773=AXIS2_PLACEMENT_3D('',#12173,#12174,#12175);
#11774=CARTESIAN_POINT('',(7.0612,1.44600000000006,7.874));
#11775=CARTESIAN_POINT('',(7.0612,1.44600000000006,7.874));
#11776=VECTOR('',#12176,0.0490000000000072);
#11777=CARTESIAN_POINT('',(5.6388,1.44600000000006,7.874));
#11778=AXIS2_PLACEMENT_3D('',#12177,#12178,#12179);
#11779=CARTESIAN_POINT('',(5.6388,1.44600000000006,7.874));
#11780=VECTOR('',#12180,0.0490000000000072);
#11781=AXIS2_PLACEMENT_3D('',#12181,#12182,#12183);
#11782=CARTESIAN_POINT('',(6.70034925806818,1.397,7.869999999999));
#11783=CARTESIAN_POINT('',(5.99965074193182,1.397,7.869999999999));
#11784=AXIS2_PLACEMENT_3D('',#12184,#12185,#12186);
#11785=AXIS2_PLACEMENT_3D('',#12187,#12188,#12189);
#11786=AXIS2_PLACEMENT_3D('',#12190,#12191,#12192);
#11787=CARTESIAN_POINT('',(6.67205909487722,1.44600000000006,7.869999999999));
#11788=CARTESIAN_POINT('',(6.02794090512278,1.44600000000006,7.869999999999));
#11789=AXIS2_PLACEMENT_3D('',#12193,#12194,#12195);
#11790=AXIS2_PLACEMENT_3D('',#12196,#12197,#12198);
#11791=CARTESIAN_POINT('',(5.99965074193182,1.397,7.869999999999));
#11792=VECTOR('',#12199,0.0565803263805738);
#11793=CARTESIAN_POINT('',(6.70034925806818,1.397,7.869999999999));
#11794=VECTOR('',#12200,0.0565803263805738);
#11795=CARTESIAN_POINT('',(5.6388,2.20800000000006,7.874));
#11796=CARTESIAN_POINT('',(5.6388,1.53396869804235,7.874));
#11797=CARTESIAN_POINT('',(5.6388,1.867019189348,7.874));
#11798=VECTOR('',#12201,1.0);
#11799=CARTESIAN_POINT('',(5.63880562434232,1.53398818117854,7.8719999999995));
#11800=CARTESIAN_POINT('',(7.06119437565768,1.53398818117854,7.8719999999995));
#11801=CARTESIAN_POINT('',(7.06119437565768,1.53398818117854,7.93971141811716));
#11802=CARTESIAN_POINT('',(7.04173293412344,1.53167601087833,8.0780416417889));
#11803=CARTESIAN_POINT('',(6.95648230105634,1.53026161721715,8.2635279077727));
#11804=CARTESIAN_POINT('',(6.8221016885227,1.52864960829436,8.41892095810866));
#11805=CARTESIAN_POINT('',(6.64947556370452,1.52760271708157,8.52977232439634));
#11806=CARTESIAN_POINT('',(6.4525913866634,1.52703556551966,8.58760044555724));
#11807=CARTESIAN_POINT('',(6.2473974595362,1.52703558192578,8.58759875176332));
#11808=CARTESIAN_POINT('',(6.05051590250762,1.52760275742617,8.52976816066578));
#11809=CARTESIAN_POINT('',(5.87789363107772,1.52864965167706,8.41891648718034));
#11810=CARTESIAN_POINT('',(5.74351622177872,1.53026164484194,8.26352505897982));
#11811=CARTESIAN_POINT('',(5.65826706315114,1.53167601705535,8.0780410271851));
#11812=CARTESIAN_POINT('',(5.63880562434232,1.53398818117854,7.93971137597856));
#11813=CARTESIAN_POINT('',(5.63880562434232,1.53398818117854,7.8719999999995));
#11814=CARTESIAN_POINT('',(5.6388,2.20800000000006,7.874));
#11815=VECTOR('',#12202,0.674014786145278);
#11816=CARTESIAN_POINT('',(7.0612,1.53396869804235,7.874));
#11817=CARTESIAN_POINT('',(7.0612,2.20800000000006,7.874));
#11818=CARTESIAN_POINT('',(7.0612,1.867019189348,7.874));
#11819=VECTOR('',#12203,1.0);
#11820=CARTESIAN_POINT('',(7.06119437565768,1.53398818117854,7.8719999999995));
#11821=CARTESIAN_POINT('',(7.06119437565768,1.53398818117854,7.93971141811716));
#11822=CARTESIAN_POINT('',(7.04173293412344,1.53167601087833,8.0780416417889));
#11823=CARTESIAN_POINT('',(6.95648230105634,1.53026161721715,8.2635279077727));
#11824=CARTESIAN_POINT('',(6.8221016885227,1.52864960829436,8.41892095810866));
#11825=CARTESIAN_POINT('',(6.64947556370452,1.52760271708157,8.52977232439634));
#11826=CARTESIAN_POINT('',(6.4525913866634,1.52703556551966,8.58760044555724));
#11827=CARTESIAN_POINT('',(6.2473974595362,1.52703558192578,8.58759875176332));
#11828=CARTESIAN_POINT('',(6.05051590250762,1.52760275742617,8.52976816066578));
#11829=CARTESIAN_POINT('',(5.87789363107772,1.52864965167706,8.41891648718034));
#11830=CARTESIAN_POINT('',(5.74351622177872,1.53026164484194,8.26352505897982));
#11831=CARTESIAN_POINT('',(5.65826706315114,1.53167601705535,8.0780410271851));
#11832=CARTESIAN_POINT('',(5.63880562434232,1.53398818117854,7.93971137597856));
#11833=CARTESIAN_POINT('',(5.63880562434232,1.53398818117854,7.8719999999995));
#11834=AXIS2_PLACEMENT_3D('',#12204,#12205,#12206);
#11835=CARTESIAN_POINT('',(7.06118875131711,1.53400766431463,7.869999999999));
#11836=CARTESIAN_POINT('',(6.67205909487722,2.20800000000006,7.869999999999));
#11837=CARTESIAN_POINT('',(6.86662392309731,1.87100383215732,7.869999999999));
#11838=VECTOR('',#12207,1.0);
#11839=CARTESIAN_POINT('',(7.06119437565768,1.53398818117854,7.8719999999995));
#11840=CARTESIAN_POINT('',(7.06119437565768,1.53398818117854,7.8719999999995));
#11841=VECTOR('',#12208,0.778281567724328);
#11842=CARTESIAN_POINT('',(5.63880562434232,1.53398818117854,7.8719999999995));
#11843=CARTESIAN_POINT('',(5.63880562434232,1.53398818117854,7.80253090527528));
#11844=CARTESIAN_POINT('',(5.65945751781366,1.53629331872294,7.66772610126592));
#11845=CARTESIAN_POINT('',(5.74492687827922,1.53770782832902,7.4820931165052));
#11846=CARTESIAN_POINT('',(5.87935163809058,1.53932139605514,7.3279934625766));
#11847=CARTESIAN_POINT('',(6.05155625691916,1.54037152232623,7.21781528055342));
#11848=CARTESIAN_POINT('',(6.247784648932,1.54094088143237,7.16042004321052));
#11849=CARTESIAN_POINT('',(6.45222648431472,1.54094086491475,7.16042172882056));
#11850=CARTESIAN_POINT('',(6.6484522482683,1.54037148182568,7.21781941644812));
#11851=CARTESIAN_POINT('',(6.82065301242336,1.53932135277278,7.3279978854659));
#11852=CARTESIAN_POINT('',(6.95507458628478,1.53770780100573,7.48209591839698));
#11853=CARTESIAN_POINT('',(7.04054248707838,1.53629331269806,7.66772670193528));
#11854=CARTESIAN_POINT('',(7.06119437565768,1.53398818117854,7.80253094342608));
#11855=CARTESIAN_POINT('',(7.06119437565768,1.53398818117854,7.8719999999995));
#11856=CARTESIAN_POINT('',(6.02794090512278,2.20800000000006,7.869999999999));
#11857=CARTESIAN_POINT('',(5.63881124868289,1.53400766431463,7.869999999999));
#11858=CARTESIAN_POINT('',(5.83337607690269,1.87100383215732,7.869999999999));
#11859=VECTOR('',#12209,1.0);
#11860=AXIS2_PLACEMENT_3D('',#12210,#12211,#12212);
#11861=CARTESIAN_POINT('',(5.63880562434232,1.53398818117854,7.8719999999995));
#11862=CARTESIAN_POINT('',(5.63880562434232,1.53398818117854,7.80253090527528));
#11863=CARTESIAN_POINT('',(5.65945751781366,1.53629331872294,7.66772610126592));
#11864=CARTESIAN_POINT('',(5.74492687827922,1.53770782832902,7.4820931165052));
#11865=CARTESIAN_POINT('',(5.87935163809058,1.53932139605514,7.3279934625766));
#11866=CARTESIAN_POINT('',(6.05155625691916,1.54037152232623,7.21781528055342));
#11867=CARTESIAN_POINT('',(6.247784648932,1.54094088143237,7.16042004321052));
#11868=CARTESIAN_POINT('',(6.45222648431472,1.54094086491475,7.16042172882056));
#11869=CARTESIAN_POINT('',(6.6484522482683,1.54037148182568,7.21781941644812));
#11870=CARTESIAN_POINT('',(6.82065301242336,1.53932135277278,7.3279978854659));
#11871=CARTESIAN_POINT('',(6.95507458628478,1.53770780100573,7.48209591839698));
#11872=CARTESIAN_POINT('',(7.04054248707838,1.53629331269806,7.66772670193528));
#11873=CARTESIAN_POINT('',(7.06119437565768,1.53398818117854,7.80253094342608));
#11874=CARTESIAN_POINT('',(7.06119437565768,1.53398818117854,7.8719999999995));
#11875=AXIS2_PLACEMENT_3D('',#12213,#12214,#12215);
#11876=CARTESIAN_POINT('',(5.63880562434232,1.53398818117854,7.8719999999995));
#11877=CARTESIAN_POINT('',(5.63880562434232,1.53398818117854,7.80253090527528));
#11878=CARTESIAN_POINT('',(5.65945751781366,1.53629331872294,7.66772610126592));
#11879=CARTESIAN_POINT('',(5.74492687827922,1.53770782832902,7.4820931165052));
#11880=CARTESIAN_POINT('',(5.87935163809058,1.53932139605514,7.3279934625766));
#11881=CARTESIAN_POINT('',(6.05155625691916,1.54037152232623,7.21781528055342));
#11882=CARTESIAN_POINT('',(6.247784648932,1.54094088143237,7.16042004321052));
#11883=CARTESIAN_POINT('',(6.45222648431472,1.54094086491475,7.16042172882056));
#11884=CARTESIAN_POINT('',(6.6484522482683,1.54037148182568,7.21781941644812));
#11885=CARTESIAN_POINT('',(6.82065301242336,1.53932135277278,7.3279978854659));
#11886=CARTESIAN_POINT('',(6.95507458628478,1.53770780100573,7.48209591839698));
#11887=CARTESIAN_POINT('',(7.04054248707838,1.53629331269806,7.66772670193528));
#11888=CARTESIAN_POINT('',(7.06119437565768,1.53398818117854,7.80253094342608));
#11889=CARTESIAN_POINT('',(7.06119437565768,1.53398818117854,7.8719999999995));
#11890=CARTESIAN_POINT('',(7.0612,2.20800000000006,7.874));
#11891=VECTOR('',#12216,0.674014786145278);
#11892=AXIS2_PLACEMENT_3D('',#12217,#12218,#12219);
#11893=CARTESIAN_POINT('',(5.63880562434232,1.53398818117854,7.8719999999995));
#11894=VECTOR('',#12220,0.778281567724328);
#11895=CARTESIAN_POINT('',(7.06119437565768,1.53398818117854,7.8719999999995));
#11896=CARTESIAN_POINT('',(7.06119437565768,1.53398818117854,7.93971141811716));
#11897=CARTESIAN_POINT('',(7.04173293412344,1.53167601087833,8.0780416417889));
#11898=CARTESIAN_POINT('',(6.95648230105634,1.53026161721715,8.2635279077727));
#11899=CARTESIAN_POINT('',(6.8221016885227,1.52864960829436,8.41892095810866));
#11900=CARTESIAN_POINT('',(6.64947556370452,1.52760271708157,8.52977232439634));
#11901=CARTESIAN_POINT('',(6.4525913866634,1.52703556551966,8.58760044555724));
#11902=CARTESIAN_POINT('',(6.2473974595362,1.52703558192578,8.58759875176332));
#11903=CARTESIAN_POINT('',(6.05051590250762,1.52760275742617,8.52976816066578));
#11904=CARTESIAN_POINT('',(5.87789363107772,1.52864965167706,8.41891648718034));
#11905=CARTESIAN_POINT('',(5.74351622177872,1.53026164484194,8.26352505897982));
#11906=CARTESIAN_POINT('',(5.65826706315114,1.53167601705535,8.0780410271851));
#11907=CARTESIAN_POINT('',(5.63880562434232,1.53398818117854,7.93971137597856));
#11908=CARTESIAN_POINT('',(5.63880562434232,1.53398818117854,7.8719999999995));
#11909=CARTESIAN_POINT('',(-7.0612,1.397,-6.35));
#11910=CARTESIAN_POINT('',(-5.6388,1.397,-6.35));
#11911=AXIS2_PLACEMENT_3D('',#12221,#12222,#12223);
#11912=CARTESIAN_POINT('',(-5.6388,1.44600000000006,-6.35));
#11913=CARTESIAN_POINT('',(-5.6388,1.44600000000006,-6.35));
#11914=VECTOR('',#12224,0.0490000000000072);
#11915=CARTESIAN_POINT('',(-7.0612,1.44600000000006,-6.35));
#11916=AXIS2_PLACEMENT_3D('',#12225,#12226,#12227);
#11917=CARTESIAN_POINT('',(-7.0612,1.44600000000006,-6.35));
#11918=VECTOR('',#12228,0.0490000000000072);
#11919=AXIS2_PLACEMENT_3D('',#12229,#12230,#12231);
#11920=CARTESIAN_POINT('',(-5.99965074193182,1.397,-6.35));
#11921=CARTESIAN_POINT('',(-6.70034925806818,1.397,-6.35));
#11922=AXIS2_PLACEMENT_3D('',#12232,#12233,#12234);
#11923=AXIS2_PLACEMENT_3D('',#12235,#12236,#12237);
#11924=AXIS2_PLACEMENT_3D('',#12238,#12239,#12240);
#11925=CARTESIAN_POINT('',(-6.02794090512278,1.44600000000006,-6.35));
#11926=CARTESIAN_POINT('',(-6.67205909487722,1.44600000000006,-6.35));
#11927=AXIS2_PLACEMENT_3D('',#12241,#12242,#12243);
#11928=AXIS2_PLACEMENT_3D('',#12244,#12245,#12246);
#11929=CARTESIAN_POINT('',(-6.70034925806818,1.397,-6.35));
#11930=VECTOR('',#12247,0.0565803263805738);
#11931=CARTESIAN_POINT('',(-5.99965074193182,1.397,-6.35));
#11932=VECTOR('',#12248,0.0565803263805738);
#11933=CARTESIAN_POINT('',(-7.0612,2.20800000000006,-6.35));
#11934=CARTESIAN_POINT('',(-5.6388,2.20800000000006,-6.35));
#11935=AXIS2_PLACEMENT_3D('',#12249,#12250,#12251);
#11936=CARTESIAN_POINT('',(-7.0612,1.53398818102461,-6.35));
#11937=CARTESIAN_POINT('',(-7.0612,2.20800000000006,-6.35));
#11938=VECTOR('',#12252,0.674011818975444);
#11939=CARTESIAN_POINT('',(-5.6388,1.53398818102461,-6.35));
#11940=AXIS2_PLACEMENT_3D('',#12253,#12254,#12255);
#11941=CARTESIAN_POINT('',(-5.6388,2.20800000000006,-6.35));
#11942=VECTOR('',#12256,0.674011818975444);
#11943=AXIS2_PLACEMENT_3D('',#12257,#12258,#12259);
#11944=CARTESIAN_POINT('',(-6.02794090512278,2.20800000000006,-6.35));
#11945=CARTESIAN_POINT('',(-6.67205909487722,2.20800000000006,-6.35));
#11946=AXIS2_PLACEMENT_3D('',#12260,#12261,#12262);
#11947=AXIS2_PLACEMENT_3D('',#12263,#12264,#12265);
#11948=CARTESIAN_POINT('',(-7.0612,1.53398818102461,-6.35));
#11949=VECTOR('',#12266,0.778281810245052);
#11950=CARTESIAN_POINT('',(-5.6388,1.53398818102461,-6.35));
#11951=VECTOR('',#12267,0.778281810245052);
#11952=AXIS2_PLACEMENT_3D('',#12268,#12269,#12270);
#11953=CARTESIAN_POINT('',(5.6388,1.397,-6.35));
#11954=CARTESIAN_POINT('',(7.0612,1.397,-6.35));
#11955=AXIS2_PLACEMENT_3D('',#12271,#12272,#12273);
#11956=CARTESIAN_POINT('',(7.0612,1.44600000000006,-6.35));
#11957=CARTESIAN_POINT('',(7.0612,1.44600000000006,-6.35));
#11958=VECTOR('',#12274,0.0490000000000072);
#11959=CARTESIAN_POINT('',(5.6388,1.44600000000006,-6.35));
#11960=AXIS2_PLACEMENT_3D('',#12275,#12276,#12277);
#11961=CARTESIAN_POINT('',(5.6388,1.44600000000006,-6.35));
#11962=VECTOR('',#12278,0.0490000000000072);
#11963=AXIS2_PLACEMENT_3D('',#12279,#12280,#12281);
#11964=CARTESIAN_POINT('',(6.70034925806818,1.397,-6.35));
#11965=CARTESIAN_POINT('',(5.99965074193182,1.397,-6.35));
#11966=AXIS2_PLACEMENT_3D('',#12282,#12283,#12284);
#11967=AXIS2_PLACEMENT_3D('',#12285,#12286,#12287);
#11968=AXIS2_PLACEMENT_3D('',#12288,#12289,#12290);
#11969=CARTESIAN_POINT('',(6.67205909487722,1.44600000000006,-6.35));
#11970=CARTESIAN_POINT('',(6.02794090512278,1.44600000000006,-6.35));
#11971=AXIS2_PLACEMENT_3D('',#12291,#12292,#12293);
#11972=AXIS2_PLACEMENT_3D('',#12294,#12295,#12296);
#11973=CARTESIAN_POINT('',(5.99965074193182,1.397,-6.35));
#11974=VECTOR('',#12297,0.0565803263805738);
#11975=CARTESIAN_POINT('',(6.70034925806818,1.397,-6.35));
#11976=VECTOR('',#12298,0.0565803263805738);
#11977=CARTESIAN_POINT('',(5.6388,2.20800000000006,-6.35));
#11978=CARTESIAN_POINT('',(7.0612,2.20800000000006,-6.35));
#11979=AXIS2_PLACEMENT_3D('',#12299,#12300,#12301);
#11980=CARTESIAN_POINT('',(5.6388,1.53398818102461,-6.35));
#11981=CARTESIAN_POINT('',(5.6388,2.20800000000006,-6.35));
#11982=VECTOR('',#12302,0.674011818975444);
#11983=CARTESIAN_POINT('',(7.0612,1.53398818102461,-6.35));
#11984=AXIS2_PLACEMENT_3D('',#12303,#12304,#12305);
#11985=CARTESIAN_POINT('',(7.0612,2.20800000000006,-6.35));
#11986=VECTOR('',#12306,0.674011818975444);
#11987=AXIS2_PLACEMENT_3D('',#12307,#12308,#12309);
#11988=CARTESIAN_POINT('',(6.67205909487722,2.20800000000006,-6.35));
#11989=CARTESIAN_POINT('',(6.02794090512278,2.20800000000006,-6.35));
#11990=AXIS2_PLACEMENT_3D('',#12310,#12311,#12312);
#11991=AXIS2_PLACEMENT_3D('',#12313,#12314,#12315);
#11992=CARTESIAN_POINT('',(5.6388,1.53398818102461,-6.35));
#11993=VECTOR('',#12316,0.778281810245052);
#11994=CARTESIAN_POINT('',(7.0612,1.53398818102461,-6.35));
#11995=VECTOR('',#12317,0.778281810245052);
#11996=AXIS2_PLACEMENT_3D('',#12318,#12319,#12320);
#11997=CARTESIAN_POINT('',(4.064,1.397,4.8006));
#11998=CARTESIAN_POINT('',(4.064,1.4732,4.8006));
#11999=CARTESIAN_POINT('',(4.064,1.4351,4.8006));
#12000=VECTOR('',#12321,1.0);
#12001=CARTESIAN_POINT('',(3.0759094327383,1.397,4.96666338315832));
#12002=AXIS2_PLACEMENT_3D('',#12322,#12323,#12324);
#12003=CARTESIAN_POINT('',(3.0759094327383,1.4732,4.96666338315832));
#12004=CARTESIAN_POINT('',(3.0759094327383,1.397,4.96666338315832));
#12005=VECTOR('',#12325,0.0762);
#12006=AXIS2_PLACEMENT_3D('',#12326,#12327,#12328);
#12007=CARTESIAN_POINT('',(3.8547584149153,1.4732,4.38973821117404));
#12008=AXIS2_PLACEMENT_3D('',#12329,#12330,#12331);
#12009=CARTESIAN_POINT('',(3.8547584149153,1.397,4.38973821117404));
#12010=CARTESIAN_POINT('',(3.8547584149153,1.397,4.38973821117404));
#12011=VECTOR('',#12332,0.0762);
#12012=AXIS2_PLACEMENT_3D('',#12333,#12334,#12335);
#12013=AXIS2_PLACEMENT_3D('',#12336,#12337,#12338);
#12014=AXIS2_PLACEMENT_3D('',#12339,#12340,#12341);
#12015=CARTESIAN_POINT('',(-4.064,1.4732,4.8006));
#12016=CARTESIAN_POINT('',(-4.064,1.397,4.8006));
#12017=CARTESIAN_POINT('',(-4.064,1.4351,4.8006));
#12018=VECTOR('',#12342,1.0);
#12019=CARTESIAN_POINT('',(-3.0759094327383,1.4732,4.96666338315832));
#12020=AXIS2_PLACEMENT_3D('',#12343,#12344,#12345);
#12021=CARTESIAN_POINT('',(-3.0759094327383,1.397,4.96666338315832));
#12022=CARTESIAN_POINT('',(-3.0759094327383,1.397,4.96666338315832));
#12023=VECTOR('',#12346,0.0762);
#12024=AXIS2_PLACEMENT_3D('',#12347,#12348,#12349);
#12025=CARTESIAN_POINT('',(-3.8547584149153,1.397,4.38973821117404));
#12026=AXIS2_PLACEMENT_3D('',#12350,#12351,#12352);
#12027=AXIS2_PLACEMENT_3D('',#12353,#12354,#12355);
#12028=CARTESIAN_POINT('',(-3.8547584149153,1.4732,4.38973821117404));
#12029=CARTESIAN_POINT('',(-3.8547584149153,1.397,4.38973821117404));
#12030=VECTOR('',#12356,0.0762);
#12031=AXIS2_PLACEMENT_3D('',#12357,#12358,#12359);
#12032=AXIS2_PLACEMENT_3D('',#12360,#12361,#12362);
#12033=CARTESIAN_POINT('',(-4.76758,1.397,0.0));
#12034=CARTESIAN_POINT('',(4.76758,1.397,0.0));
#12035=AXIS2_PLACEMENT_3D('',#12363,#12364,#12365);
#12036=AXIS2_PLACEMENT_3D('',#12366,#12367,#12368);
#12037=CARTESIAN_POINT('',(-4.2799,1.397,0.0));
#12038=CARTESIAN_POINT('',(4.2799,1.397,0.0));
#12039=AXIS2_PLACEMENT_3D('',#12369,#12370,#12371);
#12040=AXIS2_PLACEMENT_3D('',#12372,#12373,#12374);
#12041=CARTESIAN_POINT('',(-4.76758,3.2258,0.0));
#12042=CARTESIAN_POINT('',(-4.76758,1.397,0.0));
#12043=VECTOR('',#12375,1.8288);
#12044=CARTESIAN_POINT('',(4.76758,3.2258,0.0));
#12045=AXIS2_PLACEMENT_3D('',#12376,#12377,#12378);
#12046=CARTESIAN_POINT('',(4.76758,1.397,0.0));
#12047=VECTOR('',#12379,1.8288);
#12048=AXIS2_PLACEMENT_3D('',#12380,#12381,#12382);
#12049=CARTESIAN_POINT('',(-4.318,3.2258,0.0));
#12050=CARTESIAN_POINT('',(4.318,3.2258,0.0));
#12051=AXIS2_PLACEMENT_3D('',#12383,#12384,#12385);
#12052=AXIS2_PLACEMENT_3D('',#12386,#12387,#12388);
#12053=CARTESIAN_POINT('',(-4.318,3.4798,0.0));
#12054=CARTESIAN_POINT('',(-4.318,3.2258,0.0));
#12055=VECTOR('',#12389,0.254);
#12056=CARTESIAN_POINT('',(4.318,3.4798,0.0));
#12057=AXIS2_PLACEMENT_3D('',#12390,#12391,#12392);
#12058=CARTESIAN_POINT('',(4.318,3.2258,0.0));
#12059=VECTOR('',#12393,0.254);
#12060=AXIS2_PLACEMENT_3D('',#12394,#12395,#12396);
#12061=CARTESIAN_POINT('',(-4.2799,3.4798,0.0));
#12062=CARTESIAN_POINT('',(4.2799,3.4798,0.0));
#12063=AXIS2_PLACEMENT_3D('',#12397,#12398,#12399);
#12064=AXIS2_PLACEMENT_3D('',#12400,#12401,#12402);
#12065=CARTESIAN_POINT('',(-4.2799,1.397,0.0));
#12066=VECTOR('',#12403,2.0828);
#12067=CARTESIAN_POINT('',(4.2799,1.397,0.0));
#12068=VECTOR('',#12404,2.0828);
#12069=CARTESIAN_POINT('',(-4.2545,-14.605,0.0));
#12070=CARTESIAN_POINT('',(4.2545,-14.605,0.0));
#12071=AXIS2_PLACEMENT_3D('',#12405,#12406,#12407);
#12072=AXIS2_PLACEMENT_3D('',#12408,#12409,#12410);
#12073=CARTESIAN_POINT('',(-4.2545,-14.224,0.0));
#12074=CARTESIAN_POINT('',(4.2545,-14.224,0.0));
#12075=AXIS2_PLACEMENT_3D('',#12411,#12412,#12413);
#12076=CARTESIAN_POINT('',(-4.2545,-14.224,0.0));
#12077=VECTOR('',#12414,0.381);
#12078=CARTESIAN_POINT('',(4.2545,-14.224,0.0));
#12079=VECTOR('',#12415,0.381);
#12080=AXIS2_PLACEMENT_3D('',#12416,#12417,#12418);
#12081=CARTESIAN_POINT('',(-6.35,1.397,7.874));
#12082=DIRECTION('',(0.0,-1.0,0.0));
#12083=DIRECTION('',(-1.0,0.0,0.0));
#12084=DIRECTION('',(1.438758409463E-14,-1.0,0.0));
#12085=CARTESIAN_POINT('',(-6.35,1.44600000000006,7.874));
#12086=DIRECTION('',(0.0,-1.0,0.0));
#12087=DIRECTION('',(-1.0,0.0,0.0));
#12088=DIRECTION('',(0.0,-1.0,0.0));
#12089=CARTESIAN_POINT('',(-6.35,1.397,7.874));
#12090=DIRECTION('',(0.0,-1.0,0.0));
#12091=DIRECTION('',(1.0,0.0,0.0));
#12092=CARTESIAN_POINT('',(-6.35,1.397,7.869999999999));
#12093=DIRECTION('',(0.0,-1.0,0.0));
#12094=DIRECTION('',(1.0,0.0,0.0));
#12095=CARTESIAN_POINT('',(-6.35,1.397,7.869999999999));
#12096=DIRECTION('',(0.0,-1.0,0.0));
#12097=DIRECTION('',(-1.0,0.0,0.0));
#12098=CARTESIAN_POINT('',(-6.35,1.44600000000006,7.874));
#12099=DIRECTION('',(0.0,-1.0,0.0));
#12100=DIRECTION('',(1.0,0.0,0.0));
#12101=CARTESIAN_POINT('',(-6.35,1.44600000000006,7.869999999999));
#12102=DIRECTION('',(-0.0,1.0,0.0));
#12103=DIRECTION('',(1.0,0.0,0.0));
#12104=CARTESIAN_POINT('',(-6.35,1.44600000000006,7.869999999999));
#12105=DIRECTION('',(0.0,-1.0,0.0));
#12106=DIRECTION('',(1.0,0.0,0.0));
#12107=DIRECTION('',(0.499999999999973,0.866025403784454,0.0));
#12108=DIRECTION('',(-0.500000000000017,0.866025403784429,0.0));
#12109=DIRECTION('',(-0.0,-1.0,0.0));
#12110=DIRECTION('',(8.3445371771109E-06,-0.999995597538788,-0.00296729395424196));
#12111=DIRECTION('',(-0.0,1.0,-0.0));
#12112=CARTESIAN_POINT('',(-6.35,2.20800000000006,7.874));
#12113=DIRECTION('',(0.0,-1.0,0.0));
#12114=DIRECTION('',(1.0,0.0,0.0));
#12115=DIRECTION('',(-0.499999999999914,0.866025403784488,-0.0));
#12116=DIRECTION('',(-0.499992929189899,0.866025673448997,-0.00256976405833199));
#12117=DIRECTION('',(-0.499999999999914,-0.866025403784488,0.0));
#12118=CARTESIAN_POINT('',(-6.35,2.20800000000006,7.869999999999));
#12119=DIRECTION('',(-0.0,1.0,0.0));
#12120=DIRECTION('',(1.0,0.0,0.0));
#12121=CARTESIAN_POINT('',(-6.35,2.20800000000006,7.874));
#12122=DIRECTION('',(0.0,-1.0,0.0));
#12123=DIRECTION('',(-1.0,0.0,0.0));
#12124=DIRECTION('',(-8.3445371792029E-06,-0.999995597538788,-0.00296729395424196));
#12125=CARTESIAN_POINT('',(-6.35,2.20800000000006,7.869999999999));
#12126=DIRECTION('',(0.0,-1.0,0.0));
#12127=DIRECTION('',(1.0,0.0,0.0));
#12128=DIRECTION('',(0.499992929189899,0.866025673448997,-0.00256976405833199));
#12129=CARTESIAN_POINT('',(-6.35,1.397,-6.35));
#12130=DIRECTION('',(0.0,-1.0,0.0));
#12131=DIRECTION('',(0.0,0.0,-1.0));
#12132=DIRECTION('',(-1.0,0.0,0.0));
#12133=CARTESIAN_POINT('',(6.35,1.397,-6.35));
#12134=DIRECTION('',(0.0,-1.0,-0.0));
#12135=DIRECTION('',(-0.89221397973802,0.0,-0.45161290322581));
#12136=DIRECTION('',(-1.0,0.0,0.0));
#12137=DIRECTION('',(0.0,0.0,1.0));
#12138=CARTESIAN_POINT('',(6.2865,1.397,-10.287));
#12139=DIRECTION('',(0.0,-1.0,0.0));
#12140=DIRECTION('',(0.5865180269258,0.0,-0.8099361728501));
#12141=DIRECTION('',(1.0,0.0,0.0));
#12142=CARTESIAN_POINT('',(-6.2865,1.397,-10.287));
#12143=DIRECTION('',(0.0,-1.0,0.0));
#12144=DIRECTION('',(-1.0,0.0,0.0));
#12145=DIRECTION('',(0.0,0.0,-1.0));
#12146=DIRECTION('',(-1.0,0.0,0.0));
#12147=DIRECTION('',(0.0,1.0,0.0));
#12148=CARTESIAN_POINT('',(-6.35,2.1082,-6.35));
#12149=DIRECTION('',(0.0,1.0,0.0));
#12150=DIRECTION('',(0.89221397973802,0.0,-0.45161290322581));
#12151=DIRECTION('',(0.0,1.0,0.0));
#12152=DIRECTION('',(0.0,1.0,0.0));
#12153=DIRECTION('',(-1.0,0.0,0.0));
#12154=DIRECTION('',(0.0,1.0,0.0));
#12155=DIRECTION('',(0.0,0.0,-1.0));
#12156=CARTESIAN_POINT('',(-6.2865,2.1082,-10.287));
#12157=DIRECTION('',(0.0,-1.0,0.0));
#12158=DIRECTION('',(-1.0,0.0,0.0));
#12159=DIRECTION('',(-1.0,0.0,0.0));
#12160=DIRECTION('',(0.0,1.0,0.0));
#12161=CARTESIAN_POINT('',(6.2865,2.1082,-10.287));
#12162=DIRECTION('',(0.0,-1.0,0.0));
#12163=DIRECTION('',(0.999950635016096,0.0,-0.00993617285009496));
#12164=DIRECTION('',(0.0,1.0,0.0));
#12165=DIRECTION('',(0.0,0.0,1.0));
#12166=DIRECTION('',(0.0,1.0,0.0));
#12167=DIRECTION('',(-1.0,0.0,0.0));
#12168=DIRECTION('',(0.0,1.0,0.0));
#12169=CARTESIAN_POINT('',(6.35,2.1082,-6.35));
#12170=DIRECTION('',(0.0,1.0,0.0));
#12171=DIRECTION('',(0.0,0.0,-1.0));
#12172=DIRECTION('',(-1.0,0.0,0.0));
#12173=CARTESIAN_POINT('',(6.35,1.397,7.874));
#12174=DIRECTION('',(0.0,-1.0,0.0));
#12175=DIRECTION('',(-1.0,0.0,0.0));
#12176=DIRECTION('',(0.0,-1.0,0.0));
#12177=CARTESIAN_POINT('',(6.35,1.44600000000006,7.874));
#12178=DIRECTION('',(0.0,-1.0,0.0));
#12179=DIRECTION('',(-1.0,0.0,0.0));
#12180=DIRECTION('',(0.0,-1.0,0.0));
#12181=CARTESIAN_POINT('',(6.35,1.397,7.874));
#12182=DIRECTION('',(0.0,-1.0,0.0));
#12183=DIRECTION('',(1.0,0.0,0.0));
#12184=CARTESIAN_POINT('',(6.35,1.397,7.869999999999));
#12185=DIRECTION('',(0.0,-1.0,0.0));
#12186=DIRECTION('',(1.0,0.0,0.0));
#12187=CARTESIAN_POINT('',(6.35,1.397,7.869999999999));
#12188=DIRECTION('',(0.0,-1.0,0.0));
#12189=DIRECTION('',(-1.0,0.0,0.0));
#12190=CARTESIAN_POINT('',(6.35,1.44600000000006,7.874));
#12191=DIRECTION('',(0.0,-1.0,0.0));
#12192=DIRECTION('',(1.0,0.0,0.0));
#12193=CARTESIAN_POINT('',(6.35,1.44600000000006,7.869999999999));
#12194=DIRECTION('',(-0.0,1.0,0.0));
#12195=DIRECTION('',(1.0,0.0,0.0));
#12196=CARTESIAN_POINT('',(6.35,1.44600000000006,7.869999999999));
#12197=DIRECTION('',(0.0,-1.0,0.0));
#12198=DIRECTION('',(1.0,0.0,0.0));
#12199=DIRECTION('',(0.500000000000017,0.866025403784429,2.49200266500708E-14));
#12200=DIRECTION('',(-0.500000000000017,0.866025403784429,0.0));
#12201=DIRECTION('',(-0.0,-1.0,0.0));
#12202=DIRECTION('',(8.3445371771109E-06,-0.999995597538788,-0.00296729395424396));
#12203=DIRECTION('',(-0.0,1.0,-0.0));
#12204=CARTESIAN_POINT('',(6.35,2.20800000000006,7.874));
#12205=DIRECTION('',(0.0,-1.0,0.0));
#12206=DIRECTION('',(1.0,0.0,0.0));
#12207=DIRECTION('',(-0.499999999999914,0.866025403784488,-0.0));
#12208=DIRECTION('',(-0.499992929189899,0.866025673448997,-0.00256976405833199));
#12209=DIRECTION('',(-0.499999999999914,-0.866025403784488,0.0));
#12210=CARTESIAN_POINT('',(6.35,2.20800000000006,7.869999999999));
#12211=DIRECTION('',(-0.0,1.0,0.0));
#12212=DIRECTION('',(1.0,0.0,0.0));
#12213=CARTESIAN_POINT('',(6.35,2.20800000000006,7.874));
#12214=DIRECTION('',(0.0,-1.0,0.0));
#12215=DIRECTION('',(-1.0,0.0,0.0));
#12216=DIRECTION('',(-8.3445371771109E-06,-0.999995597538788,-0.00296729395424396));
#12217=CARTESIAN_POINT('',(6.35,2.20800000000006,7.869999999999));
#12218=DIRECTION('',(0.0,-1.0,0.0));
#12219=DIRECTION('',(1.0,0.0,0.0));
#12220=DIRECTION('',(0.499992929189899,0.866025673448997,-0.00256976405833199));
#12221=CARTESIAN_POINT('',(-6.35,1.397,-6.35));
#12222=DIRECTION('',(0.0,-1.0,0.0));
#12223=DIRECTION('',(-1.0,0.0,0.0));
#12224=DIRECTION('',(0.0,-1.0,0.0));
#12225=CARTESIAN_POINT('',(-6.35,1.44600000000006,-6.35));
#12226=DIRECTION('',(0.0,-1.0,0.0));
#12227=DIRECTION('',(-1.0,0.0,0.0));
#12228=DIRECTION('',(0.0,-1.0,0.0));
#12229=CARTESIAN_POINT('',(-6.35,1.397,-6.35));
#12230=DIRECTION('',(0.0,-1.0,0.0));
#12231=DIRECTION('',(1.0,0.0,0.0));
#12232=CARTESIAN_POINT('',(-6.35,1.397,-6.35));
#12233=DIRECTION('',(0.0,-1.0,0.0));
#12234=DIRECTION('',(1.0,0.0,0.0));
#12235=CARTESIAN_POINT('',(-6.35,1.397,-6.35));
#12236=DIRECTION('',(0.0,-1.0,0.0));
#12237=DIRECTION('',(-1.0,0.0,0.0));
#12238=CARTESIAN_POINT('',(-6.35,1.44600000000006,-6.35));
#12239=DIRECTION('',(0.0,-1.0,0.0));
#12240=DIRECTION('',(1.0,0.0,0.0));
#12241=CARTESIAN_POINT('',(-6.35,1.44600000000006,-6.35));
#12242=DIRECTION('',(-0.0,1.0,0.0));
#12243=DIRECTION('',(1.0,0.0,0.0));
#12244=CARTESIAN_POINT('',(-6.35,1.44600000000006,-6.35));
#12245=DIRECTION('',(0.0,-1.0,0.0));
#12246=DIRECTION('',(1.0,0.0,0.0));
#12247=DIRECTION('',(0.499999999999973,0.866025403784454,0.0));
#12248=DIRECTION('',(-0.500000000000017,0.866025403784429,0.0));
#12249=CARTESIAN_POINT('',(-6.35,2.20800000000006,-6.35));
#12250=DIRECTION('',(0.0,-1.0,0.0));
#12251=DIRECTION('',(-1.0,0.0,0.0));
#12252=DIRECTION('',(0.0,-1.0,0.0));
#12253=CARTESIAN_POINT('',(-6.35,1.53398818102461,-6.35));
#12254=DIRECTION('',(0.0,-1.0,0.0));
#12255=DIRECTION('',(-1.0,0.0,0.0));
#12256=DIRECTION('',(0.0,-1.0,0.0));
#12257=CARTESIAN_POINT('',(-6.35,2.20800000000006,-6.35));
#12258=DIRECTION('',(0.0,-1.0,0.0));
#12259=DIRECTION('',(1.0,0.0,0.0));
#12260=CARTESIAN_POINT('',(-6.35,2.20800000000006,-6.35));
#12261=DIRECTION('',(-0.0,1.0,0.0));
#12262=DIRECTION('',(1.0,0.0,0.0));
#12263=CARTESIAN_POINT('',(-6.35,2.20800000000006,-6.35));
#12264=DIRECTION('',(0.0,-1.0,0.0));
#12265=DIRECTION('',(1.0,0.0,0.0));
#12266=DIRECTION('',(0.500000000000017,0.866025403784429,0.0));
#12267=DIRECTION('',(-0.500000000000017,0.866025403784429,0.0));
#12268=CARTESIAN_POINT('',(-6.35,1.53398818102461,-6.35));
#12269=DIRECTION('',(0.0,-1.0,0.0));
#12270=DIRECTION('',(1.0,0.0,0.0));
#12271=CARTESIAN_POINT('',(6.35,1.397,-6.35));
#12272=DIRECTION('',(0.0,-1.0,0.0));
#12273=DIRECTION('',(-1.0,0.0,0.0));
#12274=DIRECTION('',(0.0,-1.0,0.0));
#12275=CARTESIAN_POINT('',(6.35,1.44600000000006,-6.35));
#12276=DIRECTION('',(0.0,-1.0,0.0));
#12277=DIRECTION('',(-1.0,0.0,0.0));
#12278=DIRECTION('',(0.0,-1.0,0.0));
#12279=CARTESIAN_POINT('',(6.35,1.397,-6.35));
#12280=DIRECTION('',(0.0,-1.0,0.0));
#12281=DIRECTION('',(1.0,0.0,0.0));
#12282=CARTESIAN_POINT('',(6.35,1.397,-6.35));
#12283=DIRECTION('',(0.0,-1.0,0.0));
#12284=DIRECTION('',(1.0,0.0,0.0));
#12285=CARTESIAN_POINT('',(6.35,1.397,-6.35));
#12286=DIRECTION('',(0.0,-1.0,0.0));
#12287=DIRECTION('',(-1.0,0.0,0.0));
#12288=CARTESIAN_POINT('',(6.35,1.44600000000006,-6.35));
#12289=DIRECTION('',(0.0,-1.0,0.0));
#12290=DIRECTION('',(1.0,0.0,0.0));
#12291=CARTESIAN_POINT('',(6.35,1.44600000000006,-6.35));
#12292=DIRECTION('',(-0.0,1.0,0.0));
#12293=DIRECTION('',(1.0,0.0,0.0));
#12294=CARTESIAN_POINT('',(6.35,1.44600000000006,-6.35));
#12295=DIRECTION('',(0.0,-1.0,0.0));
#12296=DIRECTION('',(1.0,0.0,0.0));
#12297=DIRECTION('',(0.500000000000017,0.866025403784429,0.0));
#12298=DIRECTION('',(-0.500000000000017,0.866025403784429,0.0));
#12299=CARTESIAN_POINT('',(6.35,2.20800000000006,-6.35));
#12300=DIRECTION('',(0.0,-1.0,0.0));
#12301=DIRECTION('',(-1.0,0.0,0.0));
#12302=DIRECTION('',(0.0,-1.0,0.0));
#12303=CARTESIAN_POINT('',(6.35,1.53398818102461,-6.35));
#12304=DIRECTION('',(0.0,-1.0,0.0));
#12305=DIRECTION('',(-1.0,0.0,0.0));
#12306=DIRECTION('',(0.0,-1.0,0.0));
#12307=CARTESIAN_POINT('',(6.35,2.20800000000006,-6.35));
#12308=DIRECTION('',(0.0,-1.0,0.0));
#12309=DIRECTION('',(1.0,0.0,0.0));
#12310=CARTESIAN_POINT('',(6.35,2.20800000000006,-6.35));
#12311=DIRECTION('',(-0.0,1.0,0.0));
#12312=DIRECTION('',(1.0,0.0,0.0));
#12313=CARTESIAN_POINT('',(6.35,2.20800000000006,-6.35));
#12314=DIRECTION('',(0.0,-1.0,0.0));
#12315=DIRECTION('',(1.0,0.0,0.0));
#12316=DIRECTION('',(0.500000000000017,0.866025403784429,0.0));
#12317=DIRECTION('',(-0.500000000000017,0.866025403784429,0.0));
#12318=CARTESIAN_POINT('',(6.35,1.53398818102461,-6.35));
#12319=DIRECTION('',(0.0,-1.0,0.0));
#12320=DIRECTION('',(1.0,0.0,0.0));
#12321=DIRECTION('',(0.0,1.0,0.0));
#12322=CARTESIAN_POINT('',(3.556,1.397,4.8006));
#12323=DIRECTION('',(0.0,1.0,0.0));
#12324=DIRECTION('',(-0.945060171776381,0.0,0.326896423538094));
#12325=DIRECTION('',(0.0,1.0,0.0));
#12326=CARTESIAN_POINT('',(3.556,1.4732,4.8006));
#12327=DIRECTION('',(0.0,1.0,0.0));
#12328=DIRECTION('',(-0.945060171776381,0.0,0.326896423538094));
#12329=CARTESIAN_POINT('',(3.556,1.4732,4.8006));
#12330=DIRECTION('',(0.0,1.0,0.0));
#12331=DIRECTION('',(-0.945060171776381,0.0,0.326896423538094));
#12332=DIRECTION('',(0.0,1.0,0.0));
#12333=CARTESIAN_POINT('',(3.556,1.397,4.8006));
#12334=DIRECTION('',(0.0,1.0,0.0));
#12335=DIRECTION('',(-0.945060171776381,0.0,0.326896423538094));
#12336=CARTESIAN_POINT('',(0.0,1.397,0.0));
#12337=DIRECTION('',(-0.0,1.0,0.0));
#12338=DIRECTION('',(0.526516506802093,0.0,0.850164906394589));
#12339=CARTESIAN_POINT('',(0.0,1.4732,0.0));
#12340=DIRECTION('',(-0.0,1.0,0.0));
#12341=DIRECTION('',(0.526516506802093,0.0,0.850164906394589));
#12342=DIRECTION('',(-0.0,-1.0,-0.0));
#12343=CARTESIAN_POINT('',(-3.556,1.4732,4.8006));
#12344=DIRECTION('',(0.0,1.0,0.0));
#12345=DIRECTION('',(-0.588107115974808,0.0,-0.808783048870211));
#12346=DIRECTION('',(-1.387778780781E-14,1.0,0.0));
#12347=CARTESIAN_POINT('',(-3.556,1.397,4.8006));
#12348=DIRECTION('',(0.0,1.0,0.0));
#12349=DIRECTION('',(-0.588107115974808,0.0,-0.808783048870211));
#12350=CARTESIAN_POINT('',(-3.556,1.397,4.8006));
#12351=DIRECTION('',(0.0,1.0,0.0));
#12352=DIRECTION('',(-0.588107115974808,0.0,-0.808783048870211));
#12353=CARTESIAN_POINT('',(0.0,1.397,0.0));
#12354=DIRECTION('',(0.0,1.0,0.0));
#12355=DIRECTION('',(-0.659835401389085,0.0,0.751410169663483));
#12356=DIRECTION('',(0.0,1.0,0.0));
#12357=CARTESIAN_POINT('',(-3.556,1.4732,4.8006));
#12358=DIRECTION('',(0.0,1.0,0.0));
#12359=DIRECTION('',(-0.588107115974808,0.0,-0.808783048870211));
#12360=CARTESIAN_POINT('',(0.0,1.4732,0.0));
#12361=DIRECTION('',(0.0,1.0,0.0));
#12362=DIRECTION('',(-0.659835401389085,0.0,0.751410169663483));
#12363=CARTESIAN_POINT('',(0.0,1.397,0.0));
#12364=DIRECTION('',(0.0,1.0,0.0));
#12365=DIRECTION('',(-1.0,0.0,0.0));
#12366=CARTESIAN_POINT('',(0.0,1.397,0.0));
#12367=DIRECTION('',(-0.0,1.0,0.0));
#12368=DIRECTION('',(1.0,0.0,0.0));
#12369=CARTESIAN_POINT('',(0.0,1.397,0.0));
#12370=DIRECTION('',(0.0,1.0,0.0));
#12371=DIRECTION('',(-1.0,0.0,0.0));
#12372=CARTESIAN_POINT('',(0.0,1.397,0.0));
#12373=DIRECTION('',(-0.0,1.0,0.0));
#12374=DIRECTION('',(1.0,0.0,0.0));
#12375=DIRECTION('',(0.0,1.0,0.0));
#12376=CARTESIAN_POINT('',(0.0,3.2258,0.0));
#12377=DIRECTION('',(0.0,1.0,0.0));
#12378=DIRECTION('',(-1.0,0.0,0.0));
#12379=DIRECTION('',(0.0,1.0,0.0));
#12380=CARTESIAN_POINT('',(0.0,3.2258,0.0));
#12381=DIRECTION('',(-0.0,1.0,0.0));
#12382=DIRECTION('',(1.0,0.0,0.0));
#12383=CARTESIAN_POINT('',(0.0,3.2258,0.0));
#12384=DIRECTION('',(0.0,1.0,0.0));
#12385=DIRECTION('',(-1.0,0.0,0.0));
#12386=CARTESIAN_POINT('',(0.0,3.2258,0.0));
#12387=DIRECTION('',(-0.0,1.0,0.0));
#12388=DIRECTION('',(1.0,0.0,0.0));
#12389=DIRECTION('',(0.0,1.0,0.0));
#12390=CARTESIAN_POINT('',(0.0,3.4798,0.0));
#12391=DIRECTION('',(0.0,1.0,0.0));
#12392=DIRECTION('',(-1.0,0.0,0.0));
#12393=DIRECTION('',(0.0,1.0,0.0));
#12394=CARTESIAN_POINT('',(0.0,3.4798,0.0));
#12395=DIRECTION('',(-0.0,1.0,0.0));
#12396=DIRECTION('',(1.0,0.0,0.0));
#12397=CARTESIAN_POINT('',(0.0,3.4798,0.0));
#12398=DIRECTION('',(0.0,1.0,0.0));
#12399=DIRECTION('',(-1.0,0.0,0.0));
#12400=CARTESIAN_POINT('',(0.0,3.4798,0.0));
#12401=DIRECTION('',(-0.0,1.0,0.0));
#12402=DIRECTION('',(1.0,0.0,0.0));
#12403=DIRECTION('',(0.0,1.0,0.0));
#12404=DIRECTION('',(0.0,1.0,0.0));
#12405=CARTESIAN_POINT('',(0.0,-14.605,0.0));
#12406=DIRECTION('',(0.0,-1.0,0.0));
#12407=DIRECTION('',(-1.0,0.0,0.0));
#12408=CARTESIAN_POINT('',(0.0,-14.605,0.0));
#12409=DIRECTION('',(0.0,-1.0,0.0));
#12410=DIRECTION('',(1.0,0.0,0.0));
#12411=CARTESIAN_POINT('',(0.0,-14.224,0.0));
#12412=DIRECTION('',(0.0,-1.0,0.0));
#12413=DIRECTION('',(-1.0,0.0,0.0));
#12414=DIRECTION('',(0.0,-1.0,0.0));
#12415=DIRECTION('',(0.0,-1.0,0.0));
#12416=CARTESIAN_POINT('',(0.0,-14.224,0.0));
#12417=DIRECTION('',(0.0,-1.0,0.0));
#12418=DIRECTION('',(1.0,0.0,0.0));
ENDSEC;
END-ISO-10303-21;
